portfolio_position,top100,intervention_id,intervention_name,target_profiles,territory_or_scope,portfolio_lane,region,subregion,observation_id,observation_language_label,observation_edition_profile,observation_territory,modality,script_or_profile,learner_stratum,population_measure,count_unit,population_low,population_base,population_high,source_reported_low,source_reported_high,population_interval_status,reference_date_or_year,source_id,source_locator,source_observation_transcribed_exactly,source_title,source_authority,source_type,source_tier,source_confidence,marginal_access_low,marginal_access_base_sensitivity,marginal_access_high,source_limitations,local_witness_sha256,target_mapping_status,overlap_group_id,alternative_measure_role,existing_edition_overlap_status,access_factor_status,evidence_caveat,observation_caveats,aggregation_rule
1,true,NAT-121,Bahasa Indonesia,id-Latn-ID,Indonesia,high_reach_underserved,Asia,Southeast Asia,POP-ID-018,Bahasa Indonesia,BPS functional-language category Dapat Berbahasa Indonesia,Indonesia,written_text_candidate,Latin,population_age_5_plus,official_long_form_census_able_to_speak_indonesian_persons_age5plus,persons,0,248501794,248501794,,,source_point_without_interval_model_low_zero_high_point,2022,PM-S021,"TOTAL row; 248,501,794 able to speak Indonesian of 253,679,348 persons aged 5+",true,"Jumlah Penduduk Berumur 5 Tahun ke Atas Menurut Wilayah, Jenis Kelamin, dan Kemampuan Berbahasa Indonesia, di INDONESIA",BPS-Statistics Indonesia,official Long Form Population Census 2020 table released for 2022,1,high,0,119280861,248501794,"This is an official long-form census point estimate of oral functional ability, not written literacy, home language, mother tongue, academic reading comfort, or proof of demand for a particular curriculum. The model therefore treats it as a gross Bahasa Indonesia reach ceiling and applies written-access and academic-language non-overlap factors separately.",,exact_named_functional_language_population_ceiling_for_id_Latn_ID,,standalone_functional_language_observation_preferred_over_home_language_for_reach_ceiling,partial_local_editions_subtracted_by_curriculum_not_population,territory_adult_literacy_proxy_sensitivity;unmeasured_low0_neutral0.5_high1_sensitivity,"Population values retain the source universe and reported interval status. Missing population intervals use a zero-to-point ranking sensitivity; missing practical access or academic overlap uses low 0, neutral 0.5, high 1. Base access is therefore a labelled sensitivity, not a measured harmed-population count.","The BPS definition establishes oral functional Indonesian only. It does not establish literacy, academic reading comfort, educational deprivation, or unique readership. Low and high source bounds are unreported, so the model uses the published point as base/high and zero as the evidence-bounded low sensitivity.",Do not sum this row with heterogeneous or overlapping observations as unique people unless an explicit disjoint-universe rule exists.
2,true,NAT-001,Bangladesh Bangla,bn-Beng-BD,Bangladesh,high_reach_underserved,Asia,South Asia,ASSEC-BD-BN-001,Bangla,NAT-001 bn-Beng-BD Bangladesh Bangla,Bangladesh,written_text_candidate,bn-Beng-BD,functional_literate_language_users_L1_or_later_language,derived_cldr_territory_functional_language_users,persons,0,165323060,165323060,,,source_point_without_interval_model_low_zero_high_point,2026-03-17 CLDR release; component estimate year not stated,ASSEC-S006,cldr_target_derivations.md row bn-Beng-BD; supplementalData.xml XPath /supplementalData/territoryInfo/territory[@type='BD'] and languagePopulation[@type='bn'],false,Transparent CLDR 48.2 target person-count derivations and exclusion audit,Arithmetic derivation from ASSEC-S001 through ASSEC-S005,transparent secondary derivation witness,2,medium,0,65302609,165323060,"Derived point counts inherit CLDR's unspecified component vintages and uncertainty. Integer percentage rounding rules are not published, so observation low/high fields remain blank. Not direct census evidence.",c953259bcd31245ced999d553c6289e48bbb7bb727f9411dbb95af340466aae5,exact_language_and_territory_match_to_NAT-001; population source does not establish orthography,ASSEC-BD-BN-FUNCTIONAL,standalone_secondary_estimate_replaces_no_master_population_count,pending_central_coverage_join,territory_adult_literacy_proxy_sensitivity;unmeasured_low0_neutral0.5_high1_sensitivity,"Population values retain the source universe and reported interval status. Missing population intervals use a zero-to-point ranking sensitivity; missing practical access or academic overlap uses low 0, neutral 0.5, high 1. Base access is therefore a labelled sensitivity, not a measured harmed-population count.","Derived from territory population 168697000 times 98 percent. CLDR gives no percentage rounding rule or interval, so low/high are blank. CLDR may mix L1 and later functional users and warns inputs are heterogeneous. Master ALG-BD-L001 is sample cases only and does not supersede this population estimate.",Do not sum this row with heterogeneous or overlapping observations as unique people unless an explicit disjoint-universe rule exists.
3,true,NAT-003,Telugu,te-Telu-IN,India,high_reach_underserved,Asia,South Asia,POP-IN-COMP-021,Telugu,C-16 same-name mother-tongue component: Telugu; edition orthography separately evidenced,India,written_text_candidate,Telugu,same_name_mother_tongue_component_population,census_same_name_mother_tongue_component_persons,persons,80912459,80912459,80912459,80912459,80912459,source_interval_or_exact_bounds,2011,PM-S001,"Statement 1, printed p. 7; Statement 1 same-name mother-tongue component",true,"C-16 Population by Mother Tongue, Statement 1: Abstract of Speakers' Strength of Languages and Mother Tongues, Census of India 2011","Office of the Registrar General & Census Commissioner, India",official census table,1,high,0,57833869,78144198,"Census language categories can aggregate distinct mother tongues; Hindi parent total overlaps its listed child categories and must not be summed with them. Counts are 2011 observations, not current estimates.",2AAC967E452FC6AF7768A1266E8F88BBD031B61C62383EBDA6B16C8E633B40F3,same_name_mother_tongue_component_preferred_for_standard_edition,ALT-POP-IN-021-CATEGORY-COMPONENT,same_name_component_preferred_over_parent_aggregate,pending_central_coverage_join,territory_adult_literacy_proxy_sensitivity;India_C17_category_proxy_sensitivity,"Population values retain the source universe and reported interval status. Missing population intervals use a zero-to-point ranking sensitivity; missing practical access or academic overlap uses low 0, neutral 0.5, high 1. Base access is therefore a labelled sensitivity, not a measured harmed-population count.",Component of the broader Telugu census-language category; C-17 overlap remains a category-level proxy. Component is 99.734639% of the printed parent category. Never sum parent and component.,Do not sum this row with heterogeneous or overlapping observations as unique people unless an explicit disjoint-universe rule exists.
4,true,NAT-002,Indian Bengali,bn-Beng-IN,India,high_reach_underserved,Asia,South Asia,POP-IN-COMP-002,Bengali,C-16 same-name mother-tongue component: Bengali; edition orthography separately evidenced,India,written_text_candidate,Bengali,same_name_mother_tongue_component_population,census_same_name_mother_tongue_component_persons,persons,96177835,96177835,96177835,96177835,96177835,source_interval_or_exact_bounds,2011,PM-S001,"Statement 1, printed p. 5; Statement 1 same-name mother-tongue component",true,"C-16 Population by Mother Tongue, Statement 1: Abstract of Speakers' Strength of Languages and Mother Tongues, Census of India 2011","Office of the Registrar General & Census Commissioner, India",official census table,1,high,0,69699712,93375817,"Census language categories can aggregate distinct mother tongues; Hindi parent total overlaps its listed child categories and must not be summed with them. Counts are 2011 observations, not current estimates.",2AAC967E452FC6AF7768A1266E8F88BBD031B61C62383EBDA6B16C8E633B40F3,same_name_mother_tongue_component_preferred_for_standard_edition,ALT-POP-IN-002-CATEGORY-COMPONENT,same_name_component_preferred_over_parent_aggregate,pending_central_coverage_join,territory_adult_literacy_proxy_sensitivity;India_C17_category_proxy_sensitivity,"Population values retain the source universe and reported interval status. Missing population intervals use a zero-to-point ranking sensitivity; missing practical access or academic overlap uses low 0, neutral 0.5, high 1. Base access is therefore a labelled sensitivity, not a measured harmed-population count.",Component of the broader Bengali census-language category; C-17 overlap remains a category-level proxy. Component is 98.910058% of the printed parent category. Never sum parent and component.,Do not sum this row with heterogeneous or overlapping observations as unique people unless an explicit disjoint-universe rule exists.
5,true,NAT-028,Vietnamese,vi-Latn-VN,Vietnam,high_reach_underserved,Asia,Southeast Asia,ASSEC-VN-VI-001,Vietnamese,NAT-028 vi-Latn-VN Vietnamese,Vietnam,written_text_candidate,vi-Latn-VN,Vietnam_total_Vietnamese_speakers_L1_L2_unspecified,peer_reviewed_published_lower_bound_speakers,persons,89000000,89000000,89000000,89000000,,source_lower_bound_only_model_high_uses_reported_threshold,2016 publication; population estimate vintage not stated,ASSEC-S007,PubMed XML PMID 27172848; Abstract/AbstractText[@Label='PURPOSE']; first sentence; DOI 10.3109/17549507.2015.1101162,true,Consonants vowels and tones across Vietnamese dialects,International Journal of Speech-Language Pathology; PubMed record by U.S. National Library of Medicine,peer-reviewed scholarly secondary estimate,2,medium,0,42777849,89000000,Rounded lower bound rather than a point estimate; L1 versus L2 and source year of the population estimate are not stated. The article is about dialect phonetics rather than population estimation.,3ea83aeb6ea38206248f82d6f5ee2418c704c686afc8535cf4c2780c00900acd,exact_named_language_and_country_match_to_NAT-028; source does not establish orthography,ASSEC-VN-VI-SPEAKERS,published_lower_bound_not_a_point_estimate,pending_central_coverage_join,territory_adult_literacy_proxy_sensitivity;unmeasured_low0_neutral0.5_high1_sensitivity,"Population values retain the source universe and reported interval status. Missing population intervals use a zero-to-point ranking sensitivity; missing practical access or academic overlap uses low 0, neutral 0.5, high 1. Base access is therefore a labelled sensitivity, not a measured harmed-population count.","The peer-reviewed abstract says over 89 million people in Vietnam. 89000000 is encoded as the reported rounded threshold, not an exact point count; the true high bound and L1/L2 split are unstated.",Do not sum this row with heterogeneous or overlapping observations as unique people unless an explicit disjoint-universe rule exists.
6,true,NAT-006,Marathi,mr-Deva-IN,India,high_reach_underserved,Asia,South Asia,POP-IN-COMP-013,Marathi,C-16 same-name mother-tongue component: Marathi; edition orthography separately evidenced,India,written_text_candidate,Devanagari,same_name_mother_tongue_component_population,census_same_name_mother_tongue_component_persons,persons,82801140,82801140,82801140,82801140,82801140,source_interval_or_exact_bounds,2011,PM-S001,"Statement 1, printed p. 7; Statement 1 same-name mother-tongue component",true,"C-16 Population by Mother Tongue, Statement 1: Abstract of Speakers' Strength of Languages and Mother Tongues, Census of India 2011","Office of the Registrar General & Census Commissioner, India",official census table,1,high,0,50316309,75430264,"Census language categories can aggregate distinct mother tongues; Hindi parent total overlaps its listed child categories and must not be summed with them. Counts are 2011 observations, not current estimates.",2AAC967E452FC6AF7768A1266E8F88BBD031B61C62383EBDA6B16C8E633B40F3,same_name_mother_tongue_component_preferred_for_standard_edition,ALT-POP-IN-013-CATEGORY-COMPONENT,same_name_component_preferred_over_parent_aggregate,pending_central_coverage_join,territory_adult_literacy_proxy_sensitivity;India_C17_category_proxy_sensitivity,"Population values retain the source universe and reported interval status. Missing population intervals use a zero-to-point ranking sensitivity; missing practical access or academic overlap uses low 0, neutral 0.5, high 1. Base access is therefore a labelled sensitivity, not a measured harmed-population count.",Component of the broader Marathi census-language category; C-17 overlap remains a category-level proxy. Component is 99.728352% of the printed parent category. Never sum parent and component.,Do not sum this row with heterogeneous or overlapping observations as unique people unless an explicit disjoint-universe rule exists.
7,true,NAT-004,Indian Tamil,ta-Taml-IN,India,high_reach_underserved,Asia,South Asia,POP-IN-COMP-020,Tamil,C-16 same-name mother-tongue component: Tamil; edition orthography separately evidenced,India,written_text_candidate,Tamil,same_name_mother_tongue_component_population,census_same_name_mother_tongue_component_persons,persons,68888839,68888839,68888839,68888839,68888839,source_interval_or_exact_bounds,2011,PM-S001,"Statement 1, printed p. 7; Statement 1 same-name mother-tongue component",true,"C-16 Population by Mother Tongue, Statement 1: Abstract of Speakers' Strength of Languages and Mother Tongues, Census of India 2011","Office of the Registrar General & Census Commissioner, India",official census table,1,high,0,48387709,66095914,"Census language categories can aggregate distinct mother tongues; Hindi parent total overlaps its listed child categories and must not be summed with them. Counts are 2011 observations, not current estimates.",2AAC967E452FC6AF7768A1266E8F88BBD031B61C62383EBDA6B16C8E633B40F3,same_name_mother_tongue_component_preferred_for_standard_edition,ALT-POP-IN-020-CATEGORY-COMPONENT,same_name_component_preferred_over_parent_aggregate,pending_central_coverage_join,territory_adult_literacy_proxy_sensitivity;India_C17_category_proxy_sensitivity,"Population values retain the source universe and reported interval status. Missing population intervals use a zero-to-point ranking sensitivity; missing practical access or academic overlap uses low 0, neutral 0.5, high 1. Base access is therefore a labelled sensitivity, not a measured harmed-population count.",Component of the broader Tamil census-language category; territory-specific terminology remains separate from Sri Lankan Tamil. Component is 99.800017% of the printed parent category. Never sum parent and component.,Do not sum this row with heterogeneous or overlapping observations as unique people unless an explicit disjoint-universe rule exists.
8,true,NAT-015,Western Punjabi,pnb-Arab-PK,Pakistan,high_reach_underserved,Asia,South Asia,POP-PK-002,Punjabi,Pakistan 2023 Punjabi category,Pakistan,written_text_candidate,Perso-Arabic,regional_language_population,census_mother_tongue_persons,persons,88915544,88915544,88915544,88915544,88915544,source_interval_or_exact_bounds,2023,PM-S003,"Table 11, national row",true,"Table 11: Population by Mother Tongue, Sex and Rural/Urban, Census 2023",Pakistan Bureau of Statistics,official census table,1,high,0,26167845,88915544,"Several labels are census aggregates (for example Pushto, Balochi, Kohistani); they are not automatically single edition targets.",B74C5E37D943B28F625467FF3AF2AFD73F1EF79573169C9DDD026A2994D5C6F4,source_named_language_observation,,standalone_observation,pending_central_coverage_join,territory_adult_literacy_proxy_sensitivity;unmeasured_low0_neutral0.5_high1_sensitivity,"Population values retain the source universe and reported interval status. Missing population intervals use a zero-to-point ranking sensitivity; missing practical access or academic overlap uses low 0, neutral 0.5, high 1. Base access is therefore a labelled sensitivity, not a measured harmed-population count.",Census category may contain dialect variation.,Do not sum this row with heterogeneous or overlapping observations as unique people unless an explicit disjoint-universe rule exists.
9,true,NAT-038,Javanese,jv-Latn-ID,Indonesia,high_reach_underserved,Asia,Southeast Asia,POP-ID-001,Javanese,BPS source label Jawa,Indonesia,written_text_candidate,Latin,large_regional_home_language,daily_language_at_home_age5plus_persons,persons,68044660,68044660,68044660,68044660,68044660,source_interval_or_exact_bounds,2010,PM-S005,"Table L4.1, printed p. 47",true,"Kewarganegaraan, Suku Bangsa, Agama, dan Bahasa Sehari-hari Penduduk Indonesia: Hasil Sensus Penduduk 2010",BPS-Statistics Indonesia,official census publication,1,high,0,32661437,68044660,"Home-use counts are not L1 totals. Several rows are broad language groups, including Batak and regional clusters; only individually named cells are retained here.",,source_named_language_observation,,standalone_observation,pending_central_coverage_join,territory_adult_literacy_proxy_sensitivity;unmeasured_low0_neutral0.5_high1_sensitivity,"Population values retain the source universe and reported interval status. Missing population intervals use a zero-to-point ranking sensitivity; missing practical access or academic overlap uses low 0, neutral 0.5, high 1. Base access is therefore a labelled sensitivity, not a measured harmed-population count.",Register and dialect choice remain relevant.,Do not sum this row with heterogeneous or overlapping observations as unique people unless an explicit disjoint-universe rule exists.
10,true,NAT-007,Gujarati,gu-Gujr-IN,India,high_reach_underserved,Asia,South Asia,POP-IN-COMP-005,Gujarati,C-16 same-name mother-tongue component: Gujarati; edition orthography separately evidenced,India,written_text_candidate,Gujarati,same_name_mother_tongue_component_population,census_same_name_mother_tongue_component_persons,persons,55036204,55036204,55036204,55036204,55036204,source_interval_or_exact_bounds,2011,PM-S001,"Statement 1, printed p. 5; Statement 1 same-name mother-tongue component",true,"C-16 Population by Mother Tongue, Statement 1: Abstract of Speakers' Strength of Languages and Mother Tongues, Census of India 2011","Office of the Registrar General & Census Commissioner, India",official census table,1,high,0,34089878,50467358,"Census language categories can aggregate distinct mother tongues; Hindi parent total overlaps its listed child categories and must not be summed with them. Counts are 2011 observations, not current estimates.",2AAC967E452FC6AF7768A1266E8F88BBD031B61C62383EBDA6B16C8E633B40F3,same_name_mother_tongue_component_preferred_for_standard_edition,ALT-POP-IN-005-CATEGORY-COMPONENT,same_name_component_preferred_over_parent_aggregate,pending_central_coverage_join,territory_adult_literacy_proxy_sensitivity;India_C17_category_proxy_sensitivity,"Population values retain the source universe and reported interval status. Missing population intervals use a zero-to-point ranking sensitivity; missing practical access or academic overlap uses low 0, neutral 0.5, high 1. Base access is therefore a labelled sensitivity, not a measured harmed-population count.",Component of the broader Gujarati census-language category; C-17 overlap remains a category-level proxy. Component is 99.177637% of the printed parent category. Never sum parent and component.,Do not sum this row with heterogeneous or overlapping observations as unique people unless an explicit disjoint-universe rule exists.
11,true,NAT-029,Thai,th-Thai-TH,Thailand,high_reach_underserved,Asia,Southeast Asia,TH-2010-003,Thai usable home-language union,Thai-language edition readership ceiling,Thailand,written_text_candidate,Thai,usual_home_language_population,derived_union_of_mutually_exclusive_census_strata_persons,persons,64080191,64080191,64080191,64080191,64080191,source_interval_or_exact_bounds,2010-09-01,TH-S001,"Derived from Table 7, PDF p. 98: 59,866,190 only Thai + 4,214,001 Thai and other languages",true,The 2010 Population and Housing Census (Whole Kingdom),National Statistical Office Thailand,official national census report,1,high,0,29188527,64080191,"The table mixes mutually exclusive Thai-only/Thai-plus-other/other-only strata with named other-language categories that can overlap the Thai-plus-other stratum. English labels contain several typographic or country-name substitutions. Counts are 2010 observations, not current projections; the report warns that independently rounded totals may differ slightly.",9A3A58232A25398D0FAAA8812A075D3019C34F99237227FD1BFE2D316F7BAAD8,derived_exact_thai_usable_union,THAI-UNION,source_or_derived_set_observation,pending_central_coverage_join,territory_adult_literacy_proxy_sensitivity;unmeasured_low0_neutral0.5_high1_sensitivity,"Population values retain the source universe and reported interval status. Missing population intervals use a zero-to-point ranking sensitivity; missing practical access or academic overlap uses low 0, neutral 0.5, high 1. Base access is therefore a labelled sensitivity, not a measured harmed-population count.","Use this union for a Thai edition; never add TH-2010-001 or TH-2010-002. Exact arithmetic union of two published mutually exclusive categories, not a mother-tongue count or present-day projection.",Do not sum this row with heterogeneous or overlapping observations as unique people unless an explicit disjoint-universe rule exists.
12,true,NAT-010,Odia,or-Orya-IN,India,high_reach_underserved,Asia,South Asia,POP-IN-COMP-015,Odia,C-16 same-name mother-tongue component: Odia; edition orthography separately evidenced,India,written_text_candidate,Odia,same_name_mother_tongue_component_population,census_same_name_mother_tongue_component_persons,persons,34059266,34059266,34059266,34059266,34059266,source_interval_or_exact_bounds,2011,PM-S001,"Statement 1, printed p. 7; Statement 1 same-name mother-tongue component",true,"C-16 Population by Mother Tongue, Statement 1: Abstract of Speakers' Strength of Languages and Mother Tongues, Census of India 2011","Office of the Registrar General & Census Commissioner, India",official census table,1,high,0,23106806,32260563,"Census language categories can aggregate distinct mother tongues; Hindi parent total overlaps its listed child categories and must not be summed with them. Counts are 2011 observations, not current estimates.",2AAC967E452FC6AF7768A1266E8F88BBD031B61C62383EBDA6B16C8E633B40F3,same_name_mother_tongue_component_preferred_for_standard_edition,ALT-POP-IN-015-CATEGORY-COMPONENT,same_name_component_preferred_over_parent_aggregate,pending_central_coverage_join,territory_adult_literacy_proxy_sensitivity;India_C17_category_proxy_sensitivity,"Population values retain the source universe and reported interval status. Missing population intervals use a zero-to-point ranking sensitivity; missing practical access or academic overlap uses low 0, neutral 0.5, high 1. Base access is therefore a labelled sensitivity, not a measured harmed-population count.",Component of the broader Odia census-language category; C-17 overlap remains a category-level proxy. Component is 90.773092% of the printed parent category. Never sum parent and component.,Do not sum this row with heterogeneous or overlapping observations as unique people unless an explicit disjoint-universe rule exists.
13,true,NAT-008,Kannada,kn-Knda-IN,India,high_reach_underserved,Asia,South Asia,POP-IN-COMP-007,Kannada,C-16 same-name mother-tongue component: Kannada; edition orthography separately evidenced,India,written_text_candidate,Kannada,same_name_mother_tongue_component_population,census_same_name_mother_tongue_component_persons,persons,43506272,43506272,43506272,43506272,43506272,source_interval_or_exact_bounds,2011,PM-S001,"Statement 1, printed p. 6; Statement 1 same-name mother-tongue component",true,"C-16 Population by Mother Tongue, Statement 1: Abstract of Speakers' Strength of Languages and Mother Tongues, Census of India 2011","Office of the Registrar General & Census Commissioner, India",official census table,1,high,0,31535081,42241972,"Census language categories can aggregate distinct mother tongues; Hindi parent total overlaps its listed child categories and must not be summed with them. Counts are 2011 observations, not current estimates.",2AAC967E452FC6AF7768A1266E8F88BBD031B61C62383EBDA6B16C8E633B40F3,same_name_mother_tongue_component_preferred_for_standard_edition,ALT-POP-IN-007-CATEGORY-COMPONENT,same_name_component_preferred_over_parent_aggregate,pending_central_coverage_join,territory_adult_literacy_proxy_sensitivity;India_C17_category_proxy_sensitivity,"Population values retain the source universe and reported interval status. Missing population intervals use a zero-to-point ranking sensitivity; missing practical access or academic overlap uses low 0, neutral 0.5, high 1. Base access is therefore a labelled sensitivity, not a measured harmed-population count.",Component of the broader Kannada census-language category; C-17 overlap remains a category-level proxy. Component is 99.541853% of the printed parent category. Never sum parent and component.,Do not sum this row with heterogeneous or overlapping observations as unique people unless an explicit disjoint-universe rule exists.
14,true,NAT-013,Indian Urdu,ur-Arab-IN,India,high_reach_underserved,Asia,South Asia,POP-IN-COMP-022,Urdu,C-16 same-name mother-tongue component: Urdu; edition orthography separately evidenced,India,written_text_candidate,Perso-Arabic,same_name_mother_tongue_component_population,census_same_name_mother_tongue_component_persons,persons,50725762,50725762,50725762,50725762,50725762,source_interval_or_exact_bounds,2011,PM-S001,"Statement 1, printed p. 7; Statement 1 same-name mother-tongue component",true,"C-16 Population by Mother Tongue, Statement 1: Abstract of Speakers' Strength of Languages and Mother Tongues, Census of India 2011","Office of the Registrar General & Census Commissioner, India",official census table,1,high,0,30600888,46095589,"Census language categories can aggregate distinct mother tongues; Hindi parent total overlaps its listed child categories and must not be summed with them. Counts are 2011 observations, not current estimates.",2AAC967E452FC6AF7768A1266E8F88BBD031B61C62383EBDA6B16C8E633B40F3,same_name_mother_tongue_component_preferred_for_standard_edition,ALT-POP-IN-022-CATEGORY-COMPONENT,same_name_component_preferred_over_parent_aggregate,pending_central_coverage_join,territory_adult_literacy_proxy_sensitivity;India_C17_category_proxy_sensitivity,"Population values retain the source universe and reported interval status. Missing population intervals use a zero-to-point ranking sensitivity; missing practical access or academic overlap uses low 0, neutral 0.5, high 1. Base access is therefore a labelled sensitivity, not a measured harmed-population count.",Component of the broader Urdu census-language category; India and Pakistan populations remain territory-distinct. Component is 99.907688% of the printed parent category. Never sum parent and component.,Do not sum this row with heterogeneous or overlapping observations as unique people unless an explicit disjoint-universe rule exists.
15,true,NAT-030,Burmese,my-Mymr-MM,Myanmar,high_reach_underserved,Asia,Southeast Asia,ASSEC-MM-MY-001,Burmese,NAT-030 my-Mymr-MM Burmese,Myanmar,written_text_candidate,my-Mymr-MM,functional_literate_language_users_L1_or_later_language,derived_cldr_territory_functional_language_users,persons,0,36817344,36817344,,,source_point_without_interval_model_low_zero_high_point,2026-03-17 CLDR release; component estimate year not stated,ASSEC-S006,cldr_target_derivations.md row my-Mymr-MM; supplementalData.xml XPath /supplementalData/territoryInfo/territory[@type='MM'] and languagePopulation[@type='my'],false,Transparent CLDR 48.2 target person-count derivations and exclusion audit,Arithmetic derivation from ASSEC-S001 through ASSEC-S005,transparent secondary derivation witness,2,medium,0,17217151,36817344,"Derived point counts inherit CLDR's unspecified component vintages and uncertainty. Integer percentage rounding rules are not published, so observation low/high fields remain blank. Not direct census evidence.",c953259bcd31245ced999d553c6289e48bbb7bb727f9411dbb95af340466aae5,exact_national_language_and_territory_core_of_NAT-030; displaced cohorts excluded,ASSEC-MM-MY-FUNCTIONAL,standalone_secondary_estimate_replaces_no_master_population_count,pending_central_coverage_join,territory_adult_literacy_proxy_sensitivity;unmeasured_low0_neutral0.5_high1_sensitivity,"Population values retain the source universe and reported interval status. Missing population intervals use a zero-to-point ranking sensitivity; missing practical access or academic overlap uses low 0, neutral 0.5, high 1. Base access is therefore a labelled sensitivity, not a measured harmed-population count.","Derived from territory population 57527100 times 64 percent. No percentage rounding rule or interval is published. Master ALG-MM-L006 is a sample-case category labelled Myanmar, not a population estimate. This row excludes displaced cohorts in NAT-030.",Do not sum this row with heterogeneous or overlapping observations as unique people unless an explicit disjoint-universe rule exists.
16,true,NAT-009,Malayalam,ml-Mlym-IN,India,high_reach_underserved,Asia,South Asia,POP-IN-COMP-011,Malayalam,C-16 same-name mother-tongue component: Malayalam; edition orthography separately evidenced,India,written_text_candidate,Malayalam,same_name_mother_tongue_component_population,census_same_name_mother_tongue_component_persons,persons,34776533,34776533,34776533,34776533,34776533,source_interval_or_exact_bounds,2011,PM-S001,"Statement 1, printed p. 7; Statement 1 same-name mother-tongue component",true,"C-16 Population by Mother Tongue, Statement 1: Abstract of Speakers' Strength of Languages and Mother Tongues, Census of India 2011","Office of the Registrar General & Census Commissioner, India",official census table,1,high,0,23946869,33120829,"Census language categories can aggregate distinct mother tongues; Hindi parent total overlaps its listed child categories and must not be summed with them. Counts are 2011 observations, not current estimates.",2AAC967E452FC6AF7768A1266E8F88BBD031B61C62383EBDA6B16C8E633B40F3,same_name_mother_tongue_component_preferred_for_standard_edition,ALT-POP-IN-011-CATEGORY-COMPONENT,same_name_component_preferred_over_parent_aggregate,pending_central_coverage_join,territory_adult_literacy_proxy_sensitivity;India_C17_category_proxy_sensitivity,"Population values retain the source universe and reported interval status. Missing population intervals use a zero-to-point ranking sensitivity; missing practical access or academic overlap uses low 0, neutral 0.5, high 1. Base access is therefore a labelled sensitivity, not a measured harmed-population count.",Component of the broader Malayalam census-language category; C-17 overlap remains a category-level proxy. Component is 99.821217% of the printed parent category. Never sum parent and component.,Do not sum this row with heterogeneous or overlapping observations as unique people unless an explicit disjoint-universe rule exists.
17,true,EXP-003,Uzbekistan Uzbek Latin-script edition,uz-Latn-UZ,Uzbekistan,high_reach_underserved,Asia,Central Asia,ALG-UZ-L001,Uzbek,preliminary national mother-tongue category; published rounded,Uzbekistan,written_text_candidate,,direct_language_population,preliminary_census_mother_tongue_persons_rounded,persons,35650000,35700000,35749999,35650000,35749999,source_interval_or_exact_bounds,2026,ALG-S018,Preliminary-results paragraph published 2026-06-30,true,Проведена конференция посвящённая предварительным результатам переписи населения и сельского хозяйства,National Statistics Committee of the Republic of Uzbekistan,official preliminary national census release,1,high,0,17850000,35749999,"Preliminary release. The mother-tongue count is rounded to 0.1 million; its separately published 91.3 percent does not arithmetically reproduce 35.7 million against the exact preliminary population total, so the percentage is not used to narrow the count range. Post-enumeration coverage was reported as 97.3 percent.",407366E390DE51D15021FD8C2CF5437A003566B6D90023999D485554D8FE62AF,source_named_label_pending_edition_profile_evidence,UZ-MT-2026,direct_language_population_pending_exact_target_mapping,pending_central_coverage_join,territory_adult_literacy_proxy_sensitivity;unmeasured_low0_neutral0.5_high1_sensitivity,"Population values retain the source universe and reported interval status. Missing population intervals use a zero-to-point ranking sensitivity; missing practical access or academic overlap uses low 0, neutral 0.5, high 1. Base access is therefore a labelled sensitivity, not a measured harmed-population count.","Published 35.7 million converted to persons; low/high are the conventional nearest-0.1-million rounding interval Only the Uzbek mother-tongue category was published in this preliminary release Preliminary census result; post-enumeration coverage was 97.3 percent. The separately stated 91.3 percent does not reconcile exactly with 35.7 million against the exact preliminary census total, so it is not used to narrow the interval.",Do not sum this row with heterogeneous or overlapping observations as unique people unless an explicit disjoint-universe rule exists.
18,true,NAT-014,Eastern Punjabi,pa-Guru-IN,India,high_reach_underserved,Asia,South Asia,POP-IN-COMP-016,Punjabi,C-16 same-name mother-tongue component: Punjabi; edition orthography separately evidenced,India,written_text_candidate,Gurmukhi,same_name_mother_tongue_component_population,census_same_name_mother_tongue_component_persons,persons,31144095,31144095,31144095,31144095,31144095,source_interval_or_exact_bounds,2011,PM-S001,"Statement 1, printed p. 7; Statement 1 same-name mother-tongue component",true,"C-16 Population by Mother Tongue, Statement 1: Abstract of Speakers' Strength of Languages and Mother Tongues, Census of India 2011","Office of the Registrar General & Census Commissioner, India",official census table,1,high,0,17886376,27839884,"Census language categories can aggregate distinct mother tongues; Hindi parent total overlaps its listed child categories and must not be summed with them. Counts are 2011 observations, not current estimates.",2AAC967E452FC6AF7768A1266E8F88BBD031B61C62383EBDA6B16C8E633B40F3,same_name_mother_tongue_component_preferred_for_standard_edition,ALT-POP-IN-016-CATEGORY-COMPONENT,same_name_component_preferred_over_parent_aggregate,pending_central_coverage_join,territory_adult_literacy_proxy_sensitivity;India_C17_category_proxy_sensitivity,"Population values retain the source universe and reported interval status. Missing population intervals use a zero-to-point ranking sensitivity; missing practical access or academic overlap uses low 0, neutral 0.5, high 1. Base access is therefore a labelled sensitivity, not a measured harmed-population count.",India-specific component; Gurmukhi edition fit requires separate orthography evidence. Component is 94.020687% of the printed parent category. Never sum parent and component.,Do not sum this row with heterogeneous or overlapping observations as unique people unless an explicit disjoint-universe rule exists.
19,true,NAT-039,Sundanese,su-Latn-ID,Indonesia,high_reach_underserved,Asia,Southeast Asia,POP-ID-003,Sundanese,BPS source label Sunda,Indonesia,written_text_candidate,Latin,large_regional_home_language,daily_language_at_home_age5plus_persons,persons,32412752,32412752,32412752,32412752,32412752,source_interval_or_exact_bounds,2010,PM-S005,"Table L4.1, printed p. 47",true,"Kewarganegaraan, Suku Bangsa, Agama, dan Bahasa Sehari-hari Penduduk Indonesia: Hasil Sensus Penduduk 2010",BPS-Statistics Indonesia,official census publication,1,high,0,15558121,32412752,"Home-use counts are not L1 totals. Several rows are broad language groups, including Batak and regional clusters; only individually named cells are retained here.",,source_named_language_observation,,standalone_observation,pending_central_coverage_join,territory_adult_literacy_proxy_sensitivity;unmeasured_low0_neutral0.5_high1_sensitivity,"Population values retain the source universe and reported interval status. Missing population intervals use a zero-to-point ranking sensitivity; missing practical access or academic overlap uses low 0, neutral 0.5, high 1. Base access is therefore a labelled sensitivity, not a measured harmed-population count.",Variety/register choice remains.,Do not sum this row with heterogeneous or overlapping observations as unique people unless an explicit disjoint-universe rule exists.
20,true,NAT-018,Sindhi,sd-Arab-PK,Pakistan,high_reach_underserved,Asia,South Asia,POP-PK-003,Sindhi,Pakistan 2023 Sindhi category,Pakistan,written_text_candidate,Perso-Arabic,regional_language_population,census_mother_tongue_persons,persons,34401564,34401564,34401564,34401564,34401564,source_interval_or_exact_bounds,2023,PM-S003,"Table 11, national row",true,"Table 11: Population by Mother Tongue, Sex and Rural/Urban, Census 2023",Pakistan Bureau of Statistics,official census table,1,high,0,10124380,34401564,"Several labels are census aggregates (for example Pushto, Balochi, Kohistani); they are not automatically single edition targets.",B74C5E37D943B28F625467FF3AF2AFD73F1EF79573169C9DDD026A2994D5C6F4,source_named_language_observation,,standalone_observation,pending_central_coverage_join,territory_adult_literacy_proxy_sensitivity;unmeasured_low0_neutral0.5_high1_sensitivity,"Population values retain the source universe and reported interval status. Missing population intervals use a zero-to-point ranking sensitivity; missing practical access or academic overlap uses low 0, neutral 0.5, high 1. Base access is therefore a labelled sensitivity, not a measured harmed-population count.",Census category does not encode script proficiency.,Do not sum this row with heterogeneous or overlapping observations as unique people unless an explicit disjoint-universe rule exists.
21,true,NAT-065,Amharic,am-Ethi-ET,Ethiopia,high_reach_underserved,Africa,Horn of Africa,POP-ET-002,Amharic,Ethiopia 2007 source label Amarigna,Ethiopia,written_text_candidate,Ethiopic,large_national_mother_tongue,census_mother_tongue_persons,persons,21634396,21634396,21634396,21634396,21634396,source_interval_or_exact_bounds,2007,PM-S020,"Table 3.2, printed pp. 91-93",true,Population and Housing Census 2007: National Statistical Report,Central Statistical Agency of Ethiopia (now Ethiopian Statistical Service),official census statistical report,1,high,0,6540078,21634396,"The observation is old but remains the latest Ethiopian national census. Several census labels, especially Guragiegna, aggregate distinct languages; counts are not current projections.",E21590781EC9843018369A590EAADE3B9407AE87E492B2A52451675E69FF396F,source_named_language_observation,,standalone_observation,pending_central_coverage_join,territory_adult_literacy_proxy_sensitivity;unmeasured_low0_neutral0.5_high1_sensitivity,"Population values retain the source universe and reported interval status. Missing population intervals use a zero-to-point ranking sensitivity; missing practical access or academic overlap uses low 0, neutral 0.5, high 1. Base access is therefore a labelled sensitivity, not a measured harmed-population count.",Old census observation; not projected to the present.,Do not sum this row with heterogeneous or overlapping observations as unique people unless an explicit disjoint-universe rule exists.
22,true,NAT-034,Cebuano,ceb-Latn-PH,Philippines,high_reach_underserved,Asia,Southeast Asia,ASSEC-PH-CEB-001,Cebuano,NAT-034 ceb-Latn-PH Cebuano,Philippines,written_text_candidate,ceb-Latn-PH,national_main_language_population,CLEAR_normalized_main_language_weighted_persons_from_IPUMS_2010_census_extract,persons,0,20697364,20697364,,,source_point_without_interval_model_low_zero_high_point,2010-12-31,ASSEC-S008,clear_ludp_phl_national_2010.json JSON $.data[?(@.language_name=='Cebuano')].individuals_value_weighted; dataset Philippines Census 2010 (IPUMS extract),true,CLEAR Global Language Use Data Platform Philippines national API snapshot,CLEAR Global; underlying source IPUMS International Philippines Census 2010 extract,curated authoritative secondary API from weighted census microdata,2,high,0,10190347,20697364,"Exact API point values are weighted estimates, not exact headcounts; no variance or confidence interval is exposed. The platform normalizes the metric as main language. API content is mutable, so the local byte witness is controlling.",b51008415bc8f36f8fd664c5d00a64f2dd0365f3e963fd3930aaa2540452cfb8,exact_Cebuano_and_Philippines_match_to_NAT-034; API Glottocode cebu1242 crosschecked to hid ceb,ASSEC-PH-CEB-MAINLANG-2010,person_estimate_alternative_to_POP-PH-005_household_count_never_convert_or_sum,pending_central_coverage_join,territory_adult_literacy_proxy_sensitivity;unmeasured_low0_neutral0.5_high1_sensitivity,"Population values retain the source universe and reported interval status. Missing population intervals use a zero-to-point ranking sensitivity; missing practical access or academic overlap uses low 0, neutral 0.5, high 1. Base access is therefore a labelled sensitivity, not a measured harmed-population count.","The API exposes an exact weighted point value and reliability score 0.883 but no sampling or weighting interval, so low/high are blank. CLEAR defines its current metric as main language. Master POP-PH-005 is a 2020 household count, a different unit and measure; never convert or sum them.",Do not sum this row with heterogeneous or overlapping observations as unique people unless an explicit disjoint-universe rule exists.
23,true,NAT-058,Dari,prs-Arab-AF,Afghanistan,high_reach_underserved,Asia,South Asia,ASSEC-AF-PRS-001,Dari,NAT-058 prs-Arab-AF Dari,Afghanistan,written_text_candidate,prs-Arab-AF,total_language_speakers_L1_plus_L2_nonexclusive,derived_2020_total_speakers_from_official_secondary_share_and_world_bank_denominator,persons,0,30083114,30083114,,,source_point_without_interval_model_low_zero_high_point,2020 estimate; republished in official report 2023,ASSEC-S018,afghanistan_language_derivation.md; CIA page captured 2023-01-02 language field; Netherlands COI report printed p.72 section 3.1.1.2 and footnotes 502-504; World Bank JSON indicator SP.POP.TOTL AFG 2020,false,Transparent Afghanistan Dari and Pashto person-count derivation,Arithmetic derivation from ASSEC-S015 through ASSEC-S017,transparent secondary derivation witness,2,medium,0,5605988,30083114,Derived point counts inherit the source shares' unknown rounding and uncertainty. No numerical low/high interval is invented. Dari and Pashto totals overlap and must never be summed; displaced cohorts outside Afghanistan are excluded.,c36f9f1edf1f5be55bec4552f7960e3f7c99a639037c2816045245ac50f14d53,exact_Dari_national_core_match_to_NAT-058; displaced cohorts excluded; source does not establish orthography,ASSEC-AF-MULTILINGUAL-SPEAKERS-2020,overlapping_language_total_never_sum_with_other_Afghanistan_language_rows,pending_central_coverage_join,territory_adult_literacy_proxy_sensitivity;unmeasured_low0_neutral0.5_high1_sensitivity,"Population values retain the source universe and reported interval status. Missing population intervals use a zero-to-point ranking sensitivity; missing practical access or academic overlap uses low 0, neutral 0.5, high 1. Base access is therefore a labelled sensitivity, not a measured harmed-population count.","39068979 times 77 percent = 30083113.83, rounded half up. The source defines speakers rather than native speakers and says multilingual totals exceed 100 percent. Integer-share rounding and confidence intervals are unstated, so low/high are blank. National Afghanistan only; displaced cohorts excluded.",Do not sum this row with heterogeneous or overlapping observations as unique people unless an explicit disjoint-universe rule exists.
24,true,NAT-012,Pakistani Urdu,ur-Arab-PK,Pakistan,high_reach_underserved,Asia,South Asia,POP-PK-001,Urdu,Pakistan 2023 mother-tongue category,Pakistan,written_text_candidate,Perso-Arabic,national_language_population,census_mother_tongue_persons,persons,22249307,22249307,22249307,22249307,22249307,source_interval_or_exact_bounds,2023,PM-S003,"Table 11, national all-localities all-sexes row",true,"Table 11: Population by Mother Tongue, Sex and Rural/Urban, Census 2023",Pakistan Bureau of Statistics,official census table,1,high,0,6547971,22249307,"Several labels are census aggregates (for example Pushto, Balochi, Kohistani); they are not automatically single edition targets.",B74C5E37D943B28F625467FF3AF2AFD73F1EF79573169C9DDD026A2994D5C6F4,source_named_language_observation,,standalone_observation,pending_central_coverage_join,territory_adult_literacy_proxy_sensitivity;unmeasured_low0_neutral0.5_high1_sensitivity,"Population values retain the source universe and reported interval status. Missing population intervals use a zero-to-point ranking sensitivity; missing practical access or academic overlap uses low 0, neutral 0.5, high 1. Base access is therefore a labelled sensitivity, not a measured harmed-population count.",Mother tongue is not total Urdu knowledge.,Do not sum this row with heterogeneous or overlapping observations as unique people unless an explicit disjoint-universe rule exists.
25,true,NAT-011,Assamese,as-Beng-IN,India,high_reach_underserved,Asia,South Asia,POP-IN-COMP-001,Assamese,C-16 same-name mother-tongue component: Assamese; edition orthography separately evidenced,India,written_text_candidate,Bengali-Assamese,same_name_mother_tongue_component_population,census_same_name_mother_tongue_component_persons,persons,14816414,14816414,14816414,14816414,14816414,source_interval_or_exact_bounds,2011,PM-S001,"Statement 1, printed p. 5; Statement 1 same-name mother-tongue component",true,"C-16 Population by Mother Tongue, Statement 1: Abstract of Speakers' Strength of Languages and Mother Tongues, Census of India 2011","Office of the Registrar General & Census Commissioner, India",official census table,1,high,0,10118381,14067972,"Census language categories can aggregate distinct mother tongues; Hindi parent total overlaps its listed child categories and must not be summed with them. Counts are 2011 observations, not current estimates.",2AAC967E452FC6AF7768A1266E8F88BBD031B61C62383EBDA6B16C8E633B40F3,same_name_mother_tongue_component_preferred_for_standard_edition,ALT-POP-IN-001-CATEGORY-COMPONENT,same_name_component_preferred_over_parent_aggregate,pending_central_coverage_join,territory_adult_literacy_proxy_sensitivity;India_C17_category_proxy_sensitivity,"Population values retain the source universe and reported interval status. Missing population intervals use a zero-to-point ranking sensitivity; missing practical access or academic overlap uses low 0, neutral 0.5, high 1. Base access is therefore a labelled sensitivity, not a measured harmed-population count.",Component of the broader Assamese census-language category; C-17 overlap remains a category-level proxy. Component is 96.767516% of the printed parent category. Never sum parent and component.,Do not sum this row with heterogeneous or overlapping observations as unique people unless an explicit disjoint-universe rule exists.
26,true,NAT-019,Saraiki,skr-Arab-PK,Pakistan,high_reach_underserved,Asia,South Asia,POP-PK-007,Saraiki,Pakistan 2023 Saraiki category,Pakistan,written_text_candidate,Perso-Arabic,regional_language_population,census_mother_tongue_persons,persons,28849579,28849579,28849579,28849579,28849579,source_interval_or_exact_bounds,2023,PM-S003,"Table 11, national row",true,"Table 11: Population by Mother Tongue, Sex and Rural/Urban, Census 2023",Pakistan Bureau of Statistics,official census table,1,high,0,8490431,28849579,"Several labels are census aggregates (for example Pushto, Balochi, Kohistani); they are not automatically single edition targets.",B74C5E37D943B28F625467FF3AF2AFD73F1EF79573169C9DDD026A2994D5C6F4,source_named_language_observation,,standalone_observation,pending_central_coverage_join,territory_adult_literacy_proxy_sensitivity;unmeasured_low0_neutral0.5_high1_sensitivity,"Population values retain the source universe and reported interval status. Missing population intervals use a zero-to-point ranking sensitivity; missing practical access or academic overlap uses low 0, neutral 0.5, high 1. Base access is therefore a labelled sensitivity, not a measured harmed-population count.",Use the source category as observed; do not infer mutual intelligibility.,Do not sum this row with heterogeneous or overlapping observations as unique people unless an explicit disjoint-universe rule exists.
27,true,NAT-027,Sinhala,si-Sinh-LK,Sri Lanka,high_reach_underserved,Asia,South Asia,ASSEC-LK-SI-001,Sinhala,NAT-027 si-Sinh-LK Sinhala,Sri Lanka,written_text_candidate,si-Sinh-LK,functional_literate_language_users_L1_or_later_language,derived_cldr_territory_functional_language_users,persons,0,14948168,14948168,,,source_point_without_interval_model_low_zero_high_point,2026-03-17 CLDR release; component estimate year not stated,ASSEC-S006,cldr_target_derivations.md row si-Sinh-LK; supplementalData.xml XPath /supplementalData/territoryInfo/territory[@type='LK'] and languagePopulation[@type='si'],false,Transparent CLDR 48.2 target person-count derivations and exclusion audit,Arithmetic derivation from ASSEC-S001 through ASSEC-S005,transparent secondary derivation witness,2,medium,0,6931465,14948168,"Derived point counts inherit CLDR's unspecified component vintages and uncertainty. Integer percentage rounding rules are not published, so observation low/high fields remain blank. Not direct census evidence.",c953259bcd31245ced999d553c6289e48bbb7bb727f9411dbb95af340466aae5,exact_named_language_and_territory_match_to_NAT-027; population source does not establish orthography,ASSEC-LK-SI-FUNCTIONAL,standalone_secondary_estimate_replaces_no_master_population_count,pending_central_coverage_join,territory_adult_literacy_proxy_sensitivity;unmeasured_low0_neutral0.5_high1_sensitivity,"Population values retain the source universe and reported interval status. Missing population intervals use a zero-to-point ranking sensitivity; missing practical access or academic overlap uses low 0, neutral 0.5, high 1. Base access is therefore a labelled sensitivity, not a measured harmed-population count.",Derived from territory population 21982600 times 68 percent. No percentage rounding rule or confidence interval is published. CLDR totals can include L1 and later-language users and Sri Lanka language rows may overlap.,Do not sum this row with heterogeneous or overlapping observations as unique people unless an explicit disjoint-universe rule exists.
28,true,EXP-004,India Maithili Devanagari edition,mai-Deva-IN,India,high_reach_underserved,Asia,South Asia,POP-IN-COMP-010,Maithili,C-16 same-name mother-tongue component: Maithili; edition orthography separately evidenced,India,written_text_candidate,Devanagari,same_name_mother_tongue_component_population,census_same_name_mother_tongue_component_persons,persons,13353347,13353347,13353347,13353347,13353347,source_interval_or_exact_bounds,2011,PM-S001,"Statement 1, printed p. 7; Statement 1 same-name mother-tongue component",true,"C-16 Population by Mother Tongue, Statement 1: Abstract of Speakers' Strength of Languages and Mother Tongues, Census of India 2011","Office of the Registrar General & Census Commissioner, India",official census table,1,high,0,7644770,11924251,"Census language categories can aggregate distinct mother tongues; Hindi parent total overlaps its listed child categories and must not be summed with them. Counts are 2011 observations, not current estimates.",2AAC967E452FC6AF7768A1266E8F88BBD031B61C62383EBDA6B16C8E633B40F3,same_name_mother_tongue_component_preferred_for_standard_edition,ALT-POP-IN-010-CATEGORY-COMPONENT,same_name_component_preferred_over_parent_aggregate,pending_central_coverage_join,territory_adult_literacy_proxy_sensitivity;India_C17_category_proxy_sensitivity,"Population values retain the source universe and reported interval status. Missing population intervals use a zero-to-point ranking sensitivity; missing practical access or academic overlap uses low 0, neutral 0.5, high 1. Base access is therefore a labelled sensitivity, not a measured harmed-population count.",Component of the broader Maithili census-language category; C-17 overlap remains a category-level proxy. Component is 98.305903% of the printed parent category. Never sum parent and component.,Do not sum this row with heterogeneous or overlapping observations as unique people unless an explicit disjoint-universe rule exists.
29,true,EXP-001,Afghanistan Pashto Arabic-script edition,ps-Arab-AF,Afghanistan,high_reach_underserved,Asia,South Asia,ASSEC-AF-PS-001,Pashto,NAT-016 ps-Arab-AF Afghan Pashto,Afghanistan,written_text_candidate,ps-Arab-AF,total_language_speakers_L1_plus_L2_nonexclusive,derived_2020_total_speakers_from_official_secondary_share_and_world_bank_denominator,persons,0,18753110,18753110,,,source_point_without_interval_model_low_zero_high_point,2020 estimate; republished in official report 2023,ASSEC-S018,afghanistan_language_derivation.md; CIA page captured 2023-01-02 language field; Netherlands COI report printed p.72 section 3.1.1.2 and footnotes 502-504; World Bank JSON indicator SP.POP.TOTL AFG 2020,false,Transparent Afghanistan Dari and Pashto person-count derivation,Arithmetic derivation from ASSEC-S015 through ASSEC-S017,transparent secondary derivation witness,2,medium,0,3494642,18753110,Derived point counts inherit the source shares' unknown rounding and uncertainty. No numerical low/high interval is invented. Dari and Pashto totals overlap and must never be summed; displaced cohorts outside Afghanistan are excluded.,c36f9f1edf1f5be55bec4552f7960e3f7c99a639037c2816045245ac50f14d53,exact_Pashto_national_core_match_to_NAT-016; displaced cohorts excluded; source does not establish orthography,ASSEC-AF-MULTILINGUAL-SPEAKERS-2020,overlapping_language_total_never_sum_with_other_Afghanistan_language_rows,pending_central_coverage_join,territory_adult_literacy_proxy_sensitivity;unmeasured_low0_neutral0.5_high1_sensitivity,"Population values retain the source universe and reported interval status. Missing population intervals use a zero-to-point ranking sensitivity; missing practical access or academic overlap uses low 0, neutral 0.5, high 1. Base access is therefore a labelled sensitivity, not a measured harmed-population count.","39068979 times 48 percent = 18753109.92, rounded half up. The source defines speakers rather than native speakers and says multilingual totals exceed 100 percent. Integer-share rounding and confidence intervals are unstated, so low/high are blank. National Afghanistan only; displaced cohorts excluded.",Do not sum this row with heterogeneous or overlapping observations as unique people unless an explicit disjoint-universe rule exists.
30,true,NAT-022,Nepali,ne-Deva-NP,Nepal,high_reach_underserved,Asia,South Asia,POP-NP-001,Nepali,Nepal 2021 mother tongue,Nepal,written_text_candidate,Devanagari,national_language_population,census_mother_tongue_persons,persons,13084457,13084457,13084457,13084457,13084457,source_interval_or_exact_bounds,2021,PM-S004,"Annex 1, printed p. 123",true,Languages in Nepal: National Population and Housing Census 2021 Thematic Report,"National Statistics Office, Nepal",official census thematic report,1,high,0,5502014,11004028,Some census labels aggregate varieties; the Sign Language entry is a census mother-tongue response category rather than a full sign-language-use census.,1E41F6C52A47B93A88907007C13D2C38FDCA4303EAC203F8A5C5CF09C64086AF,source_named_language_observation,,standalone_observation,pending_central_coverage_join,direct_language_specific_literacy_rate;unmeasured_low0_neutral0.5_high1_sensitivity,"Population values retain the source universe and reported interval status. Missing population intervals use a zero-to-point ranking sensitivity; missing practical access or academic overlap uses low 0, neutral 0.5, high 1. Base access is therefore a labelled sensitivity, not a measured harmed-population count.","Mother tongue only, not total Nepali knowledge.",Do not sum this row with heterogeneous or overlapping observations as unique people unless an explicit disjoint-universe rule exists.
31,true,NAT-073,isiZulu,zu-Latn-ZA,South Africa,high_reach_underserved,Africa,Southern Africa,ZA-ZUL-2022,isiZulu,Census category: IsiZulu; edition variety/standard unresolved,South Africa,written_text_candidate,Latin,resident population aged 1 year and older,census_language_most_often_spoken_in_household_persons_age_1_plus,persons,14613202,14613202,14613202,14613202,14613202,source_interval_or_exact_bounds,2022,ZA-S001,"Table 3.8 (2), printed p. 27; PDF p. 35; South Africa total column",true,Census 2022 in Brief,Statistics South Africa,official national census report,1,high,0,6659967,14613202,"The measure is language most often spoken with other household members, not mother tongue, proficiency, literacy, or academic-language comfort. The table excludes Not applicable (638,736) and Unspecified (258,967). Census label 'Sign language' does not identify a signed-language variety.",78FE83B5CDEC6DF3DBD491B456F1A5612064DB3125E516419E8C86FAA1CF612B,gross_named_spoken_language_observation,ZA-CENSUS-2022-HOUSEHOLD-LANGUAGE,mutually_exclusive_census_response_category,known_english_control_else_pending,territory_adult_literacy_proxy_sensitivity;unmeasured_low0_neutral0.5_high1_sensitivity,"Population values retain the source universe and reported interval status. Missing population intervals use a zero-to-point ranking sensitivity; missing practical access or academic overlap uses low 0, neutral 0.5, high 1. Base access is therefore a labelled sensitivity, not a measured harmed-population count.","No Nguni, Sotho-Tswana, or other family-level intelligibility coverage is inferred from this count. Exact 2022 census count for the printed language category. It measures language most often spoken in the household, not mother tongue, total speakers, literacy, or academic-language comfort. The common denominator is 59,876,448 coded persons; the table excludes 638,736 Not applicable and 258,967 Unspecified.",Do not sum this row with heterogeneous or overlapping observations as unique people unless an explicit disjoint-universe rule exists.
32,true,NAT-031,Khmer,km-Khmr-KH,Cambodia,high_reach_underserved,Asia,Southeast Asia,ALG-KH-L001,Khmer,national mother-tongue category,Cambodia,written_text_candidate,,direct_language_population,census_mother_tongue_persons,persons,14893134,14893134,14893134,14893134,14893134,source_interval_or_exact_bounds,2019,ALG-S011,"Table 2.7.1, PDF p. 53 / printed p. 25",true,General Population Census of the Kingdom of Cambodia 2019: National Report on Final Census Results,National Institute of Statistics Cambodia,official national census report,1,high,0,5356316,14893134,"The table covers all persons in census households and excludes migrants working abroad. Published total-category counts sum to the stated universe, but multiple male/female subtotals do not sum to their published category totals; only the total-category column is staged.",8A10064A917F4492136ABC770901DDFC868490E0558BD12AC1E4DED86D9D36B5,source_named_language_observation,KH-MT-2019,direct_language_population_observation,pending_central_coverage_join,territory_adult_literacy_proxy_sensitivity;unmeasured_low0_neutral0.5_high1_sensitivity,"Population values retain the source universe and reported interval status. Missing population intervals use a zero-to-point ranking sensitivity; missing practical access or academic overlap uses low 0, neutral 0.5, high 1. Base access is therefore a labelled sensitivity, not a measured harmed-population count.",Mutually exclusive top-level mother-tongue category Excludes migrants working abroad. The published total-category column is used because the sex subtotals are internally inconsistent.,Do not sum this row with heterogeneous or overlapping observations as unique people unless an explicit disjoint-universe rule exists.
33,true,NAT-055,Turkmen,tk-Latn-TM,Turkmenistan,regional_depth,Asia,Central Asia,ALG-TM-L001,Turkmen,national mother-tongue category,Turkmenistan,written_text_candidate,,direct_language_population,census_mother_tongue_persons,persons,6297965,6297965,6297965,6297965,6297965,source_interval_or_exact_bounds,2022,ALG-S009,Table 4.9,true,Results of the Complete Population and Housing Census of Turkmenistan - 2022: National Composition and Language Proficiency,State Committee of Turkmenistan on Statistics,official national census tables,1,high,0,3145834,6297965,Direct mother-tongue totals. Published category labels such as Baloch are retained as-is and do not establish a narrower variety.,2AE148462D99088ACBBE5BEE055E50E7B3017BD6B3D655959B6144DA6780F1A1,source_named_language_observation,TM-MT-2022,direct_language_population_observation,pending_central_coverage_join,territory_adult_literacy_proxy_sensitivity;unmeasured_low0_neutral0.5_high1_sensitivity,"Population values retain the source universe and reported interval status. Missing population intervals use a zero-to-point ranking sensitivity; missing practical access or academic overlap uses low 0, neutral 0.5, high 1. Base access is therefore a labelled sensitivity, not a measured harmed-population count.",Mutually exclusive mother-tongue categories Direct national census mother-tongue count.,Do not sum this row with heterogeneous or overlapping observations as unique people unless an explicit disjoint-universe rule exists.
34,true,NAT-075,Shona,sn-Latn-ZW,Zimbabwe,high_reach_underserved,Africa,Southern Africa,POP-ZW-001,Shona,ZIMSTAT mother-tongue category,Zimbabwe,written_text_candidate,Latin,national_language_population,census_mother_tongue_persons,persons,11251734,11251734,11251734,11251734,11251734,source_interval_or_exact_bounds,2022,PM-S011,"Table 2.17, printed p. 123",true,"Zimbabwe 2022 Population and Housing Census Report, Volume 1",Zimbabwe National Statistics Agency (ZIMSTAT),official census report,1,high,0,5244996,11251734,"Census labels do not resolve every dialect or orthographic choice. Sign Language is a census mother-tongue category, not a complete sign-language-use measure.",BDEBD23BE87E1AA5C1EC73874EFF733A524A93BAD6FCCF7DA7E9C854666BB1ED,source_named_language_observation,,standalone_observation,pending_central_coverage_join,territory_adult_literacy_proxy_sensitivity;unmeasured_low0_neutral0.5_high1_sensitivity,"Population values retain the source universe and reported interval status. Missing population intervals use a zero-to-point ranking sensitivity; missing practical access or academic overlap uses low 0, neutral 0.5, high 1. Base access is therefore a labelled sensitivity, not a measured harmed-population count.",Mother tongue count covers census-report population universe of Table 2.17.,Do not sum this row with heterogeneous or overlapping observations as unique people unless an explicit disjoint-universe rule exists.
35,true,NAT-047,Kazakh,kk-Cyrl-KZ,Kazakhstan,high_reach_underserved,Asia,Central Asia,ALG-KZ-L001,Kazakh,nationality-scoped native-language lower bound,Kazakhstan,written_text_candidate,,direct_language_population,census_native_language_of_own_nationality_persons,persons,13380107,13380107,13380107,13380107,13380107,source_interval_or_exact_bounds,2021,ALG-S007,"Table 6, printed p. 243",true,"National composition, religion and language proficiency in the Republic of Kazakhstan",Bureau of National Statistics of the Agency for Strategic Planning and Reforms of the Republic of Kazakhstan,official national census statistical collection,1,high,0,3345027,13380107,"Table 6 counts language-of-own-nationality only within each nationality and omits cross-nationality native speakers. Table 8 proficiency is not mother tongue or academic comfort; its 17,194,712-person universe appears to be age 5+ from the age table, so the age interpretation is retained as a caveat.",7526D0EC8C1C23DCB37760A5CE5F6A2D43BEE9255DAF6D6C2CDB0C4D08496204,source_named_language_lower_bound,KZ-KAZAKH-NATIVE-2021,direct_language_population_lower_bound,pending_central_coverage_join,unmeasured_low0_neutral0.5_high1_sensitivity;unmeasured_low0_neutral0.5_high1_sensitivity,"Population values retain the source universe and reported interval status. Missing population intervals use a zero-to-point ranking sensitivity; missing practical access or academic overlap uses low 0, neutral 0.5, high 1. Base access is therefore a labelled sensitivity, not a measured harmed-population count.",Subset of all Kazakh native-language speakers Counts only Kazakhs reporting the language of their nationality as native; cross-nationality Kazakh native speakers are excluded.,Do not sum this row with heterogeneous or overlapping observations as unique people unless an explicit disjoint-universe rule exists.
36,true,NAT-032,Lao,lo-Laoo-LA,Laos,regional_depth,Asia,Southeast Asia,ASSEC-LA-LO-001,Lao,NAT-032 lo-Laoo-LA Lao,Laos,written_text_candidate,lo-Laoo-LA,functional_literate_language_users_L1_or_later_language,derived_cldr_territory_functional_language_users,persons,0,5487956,5487956,,,source_point_without_interval_model_low_zero_high_point,2026-03-17 CLDR release; component estimate year not stated,ASSEC-S006,cldr_target_derivations.md row lo-Laoo-LA; supplementalData.xml XPath /supplementalData/territoryInfo/territory[@type='LA'] and languagePopulation[@type='lo'],false,Transparent CLDR 48.2 target person-count derivations and exclusion audit,Arithmetic derivation from ASSEC-S001 through ASSEC-S005,transparent secondary derivation witness,2,medium,0,2075545,5487956,"Derived point counts inherit CLDR's unspecified component vintages and uncertainty. Integer percentage rounding rules are not published, so observation low/high fields remain blank. Not direct census evidence.",c953259bcd31245ced999d553c6289e48bbb7bb727f9411dbb95af340466aae5,exact_named_language_and_territory_match_to_NAT-032; Thai overlap unresolved,ASSEC-LA-LO-FUNCTIONAL,standalone_secondary_estimate_replaces_ethnicity_proxy_only,pending_central_coverage_join,territory_adult_literacy_proxy_sensitivity;unmeasured_low0_neutral0.5_high1_sensitivity,"Population values retain the source universe and reported interval status. Missing population intervals use a zero-to-point ranking sensitivity; missing practical access or academic overlap uses low 0, neutral 0.5, high 1. Base access is therefore a labelled sensitivity, not a measured harmed-population count.","Derived from 7953560 times 69 percent = 5487956.4, rounded half up to a person. No input rounding rule or interval is published. Master ALG-LA-E001 is ethnicity only and is not used as language evidence.",Do not sum this row with heterogeneous or overlapping observations as unique people unless an explicit disjoint-universe rule exists.
37,true,NAT-074,isiXhosa,xh-Latn-ZA,South Africa,regional_depth,Africa,Southern Africa,ZA-XHO-2022,isiXhosa,Census category: IsiXhosa; edition variety/standard unresolved,South Africa,written_text_candidate,Latin,resident population aged 1 year and older,census_language_most_often_spoken_in_household_persons_age_1_plus,persons,9786928,9786928,9786928,9786928,9786928,source_interval_or_exact_bounds,2022,ZA-S001,"Table 3.8 (2), printed p. 27; PDF p. 35; South Africa total column",true,Census 2022 in Brief,Statistics South Africa,official national census report,1,high,0,4460393,9786928,"The measure is language most often spoken with other household members, not mother tongue, proficiency, literacy, or academic-language comfort. The table excludes Not applicable (638,736) and Unspecified (258,967). Census label 'Sign language' does not identify a signed-language variety.",78FE83B5CDEC6DF3DBD491B456F1A5612064DB3125E516419E8C86FAA1CF612B,gross_named_spoken_language_observation,ZA-CENSUS-2022-HOUSEHOLD-LANGUAGE,mutually_exclusive_census_response_category,known_english_control_else_pending,territory_adult_literacy_proxy_sensitivity;unmeasured_low0_neutral0.5_high1_sensitivity,"Population values retain the source universe and reported interval status. Missing population intervals use a zero-to-point ranking sensitivity; missing practical access or academic overlap uses low 0, neutral 0.5, high 1. Base access is therefore a labelled sensitivity, not a measured harmed-population count.","No Nguni, Sotho-Tswana, or other family-level intelligibility coverage is inferred from this count. Exact 2022 census count for the printed language category. It measures language most often spoken in the household, not mother tongue, total speakers, literacy, or academic-language comfort. The common denominator is 59,876,448 coded persons; the table excludes 638,736 Not applicable and 258,967 Unspecified.",Do not sum this row with heterogeneous or overlapping observations as unique people unless an explicit disjoint-universe rule exists.
38,true,NAT-049,Tajik,tg-Cyrl-TJ,Tajikistan,high_reach_underserved,Asia,Central Asia,ASSEC-TJ-TG-001,Tajik,NAT-049 tg-Cyrl-TJ Tajik,Tajikistan,written_text_candidate,tg-Cyrl-TJ,functional_literate_language_users_L1_or_later_language,derived_cldr_territory_functional_language_users,persons,0,10394100,10394100,,,source_point_without_interval_model_low_zero_high_point,2026-03-17 CLDR release; component estimate year not stated,ASSEC-S006,cldr_target_derivations.md row tg-Cyrl-TJ; supplementalData.xml XPath /supplementalData/territoryInfo/territory[@type='TJ'] and languagePopulation[@type='tg'],false,Transparent CLDR 48.2 target person-count derivations and exclusion audit,Arithmetic derivation from ASSEC-S001 through ASSEC-S005,transparent secondary derivation witness,2,medium,0,2598525,10394100,"Derived point counts inherit CLDR's unspecified component vintages and uncertainty. Integer percentage rounding rules are not published, so observation low/high fields remain blank. Not direct census evidence.",c953259bcd31245ced999d553c6289e48bbb7bb727f9411dbb95af340466aae5,exact_named_language_and_territory_match_to_NAT-049; source does not establish orthography,ASSEC-TJ-TG-FUNCTIONAL,standalone_secondary_estimate_replaces_ethnicity_or_undownloadable_table_only,pending_central_coverage_join,unmeasured_low0_neutral0.5_high1_sensitivity;unmeasured_low0_neutral0.5_high1_sensitivity,"Population values retain the source universe and reported interval status. Missing population intervals use a zero-to-point ranking sensitivity; missing practical access or academic overlap uses low 0, neutral 0.5, high 1. Base access is therefore a labelled sensitivity, not a measured harmed-population count.","CLDR records Tajik at 100 percent of its 10394100 territory population. Treat as a broad functional-user ceiling, not an exact census count; no component year, percentage rounding rule, or confidence interval is published.",Do not sum this row with heterogeneous or overlapping observations as unique people unless an explicit disjoint-universe rule exists.
39,true,EXP-013,Ethiopia Somali Latin-script edition,so-Latn-ET,Ethiopia,regional_depth,Africa,Horn of Africa,POP-ET-003,Somali,Ethiopia 2007 source label Somaligna,Ethiopia,written_text_candidate,Latin,cross_border_mother_tongue,census_mother_tongue_persons,persons,4609274,4609274,4609274,4609274,4609274,source_interval_or_exact_bounds,2007,PM-S020,"Table 3.2, printed pp. 91-93",true,Population and Housing Census 2007: National Statistical Report,Central Statistical Agency of Ethiopia (now Ethiopian Statistical Service),official census statistical report,1,high,0,1393384,4609274,"The observation is old but remains the latest Ethiopian national census. Several census labels, especially Guragiegna, aggregate distinct languages; counts are not current projections.",E21590781EC9843018369A590EAADE3B9407AE87E492B2A52451675E69FF396F,source_named_language_observation,,standalone_observation,pending_central_coverage_join,territory_adult_literacy_proxy_sensitivity;unmeasured_low0_neutral0.5_high1_sensitivity,"Population values retain the source universe and reported interval status. Missing population intervals use a zero-to-point ranking sensitivity; missing practical access or academic overlap uses low 0, neutral 0.5, high 1. Base access is therefore a labelled sensitivity, not a measured harmed-population count.",Old census observation; not projected.,Do not sum this row with heterogeneous or overlapping observations as unique people unless an explicit disjoint-universe rule exists.
40,true,EXP-005,Indonesia Madurese Latin-script edition,mad-Latn-ID,Indonesia,regional_depth,Asia,Southeast Asia,POP-ID-005,Madurese,BPS source label Madura,Indonesia,written_text_candidate,Latin,regional_home_language,daily_language_at_home_age5plus_persons,persons,7743533,7743533,7743533,7743533,7743533,source_interval_or_exact_bounds,2010,PM-S005,"Table L4.1, printed p. 47",true,"Kewarganegaraan, Suku Bangsa, Agama, dan Bahasa Sehari-hari Penduduk Indonesia: Hasil Sensus Penduduk 2010",BPS-Statistics Indonesia,official census publication,1,high,0,3716896,7743533,"Home-use counts are not L1 totals. Several rows are broad language groups, including Batak and regional clusters; only individually named cells are retained here.",,source_named_language_observation,,standalone_observation,pending_central_coverage_join,territory_adult_literacy_proxy_sensitivity;unmeasured_low0_neutral0.5_high1_sensitivity,"Population values retain the source universe and reported interval status. Missing population intervals use a zero-to-point ranking sensitivity; missing practical access or academic overlap uses low 0, neutral 0.5, high 1. Base access is therefore a labelled sensitivity, not a measured harmed-population count.",Count is 2010 and not projected.,Do not sum this row with heterogeneous or overlapping observations as unique people unless an explicit disjoint-universe rule exists.
41,true,EXP-018,Mali Bamanankan Latin-script edition,bm-Latn-ML,Mali,regional_depth,Africa,Western Africa,POP-ML-AFG-001,Bambara/Bamanankan,Bambara/Bamanankan mother-tongue census category,Mali,written_text_candidate,not asserted by population source,resident_population_age_3_plus,census_mother_tongue_persons_age_3_plus,persons,9551561,9551561,9551561,9551561,9551561,source_interval_or_exact_bounds,2022,AFG-S008,"Tableau 3.01, printed p.25, Ensemble cell for Bambara/Bamanankan",true,RGPH5 2022: Caractéristiques culturelles de la population,"Institut National de la Statistique (INSTAT) and Bureau Central du Recensement (BCR), Mali",official census thematic report,1,medium,0,1701611,9551561,"Table 3.01 and Annex A03 publish materially different counts, and some printed sex subtotals do not exactly add to the printed ensemble cells. These observations preserve the Table 3.01 ensemble cells verbatim and do not repair or combine them. Peulh/Fulfulde and Malinké/Maninkakan remain source aggregates unless separately resolved.",3FB30D8041A0F90171B7A5C1ACC7D234EA02C13736131D2F4FA90A4144B2C915,exact_source_language_label_editorial_iso_mapping_pending_central_review,MLI_RGPH5_MOTHER_TONGUE_EXCLUSIVE,mutually_exclusive_mother_tongue_category,pending_central_coverage_join,territory_adult_literacy_proxy_sensitivity;unmeasured_low0_neutral0.5_high1_sensitivity,"Population values retain the source universe and reported interval status. Missing population intervals use a zero-to-point ranking sensitivity; missing practical access or academic overlap uses low 0, neutral 0.5, high 1. Base access is therefore a labelled sensitivity, not a measured harmed-population count.","Exact published Table 3.01 Ensemble cell for the language category; not inferred from ethnicity. Table 3.01 conflicts with Annex A03 and has small internal addition discrepancies, so this value is preserved verbatim and not repaired. ISO mapping is editorial; the census table does not establish script or orthography.",Do not sum this row with heterogeneous or overlapping observations as unique people unless an explicit disjoint-universe rule exists.
42,true,NAT-048,Kyrgyz,ky-Cyrl-KG,Kyrgyzstan,regional_depth,Asia,Central Asia,ALG-KG-L001,Kyrgyz,national native-language total,Kyrgyzstan,written_text_candidate,,direct_language_population,census_native_language_persons,persons,5527168,5527168,5527168,5527168,5527168,source_interval_or_exact_bounds,2022,ALG-S008,"Table 3.8, printed p. 118",false,"Population and Housing Census of the Kyrgyz Republic 2022: Book II (Part One), Population of Kyrgyzstan",National Statistical Committee of the Kyrgyz Republic,official national census statistical collection,1,high,0,1381792,5527168,"National Kyrgyz, Uzbek, and Russian native-language totals in the observation file are exact sums of mutually exclusive own-ethnicity and cross-ethnicity cells. Other named groups are nationality-scoped own-language counts and therefore lower bounds on total speakers.",C9390DD29B4415572139E4A249057B0A35F130BA9F17E548727C0F35E71BF46D,source_named_language_observation,KG-NATIVE-2022,direct_language_population_observation,pending_central_coverage_join,unmeasured_low0_neutral0.5_high1_sensitivity;unmeasured_low0_neutral0.5_high1_sensitivity,"Population values retain the source universe and reported interval status. Missing population intervals use a zero-to-point ranking sensitivity; missing practical access or academic overlap uses low 0, neutral 0.5, high 1. Base access is therefore a labelled sensitivity, not a measured harmed-population count.",5360056+167112 Mutually exclusive native-language categories Exact sum of Kyrgyz-ethnicity persons reporting their own-group language and all other ethnicities reporting Kyrgyz as native.,Do not sum this row with heterogeneous or overlapping observations as unique people unless an explicit disjoint-universe rule exists.
43,true,NAT-035,Ilocano,ilo-Latn-PH,Philippines,regional_depth,Asia,Southeast Asia,ASSEC-PH-ILO-001,Iloko,NAT-035 ilo-Latn-PH Ilocano,Philippines,written_text_candidate,ilo-Latn-PH,national_main_language_population,CLEAR_normalized_main_language_weighted_persons_from_IPUMS_2010_census_extract,persons,0,7098503,7098503,,,source_point_without_interval_model_low_zero_high_point,2010-12-31,ASSEC-S008,clear_ludp_phl_national_2010.json JSON $.data[?(@.language_name=='Iloko')].individuals_value_weighted; dataset Philippines Census 2010 (IPUMS extract),true,CLEAR Global Language Use Data Platform Philippines national API snapshot,CLEAR Global; underlying source IPUMS International Philippines Census 2010 extract,curated authoritative secondary API from weighted census microdata,2,high,0,3494948,7098503,"Exact API point values are weighted estimates, not exact headcounts; no variance or confidence interval is exposed. The platform normalizes the metric as main language. API content is mutable, so the local byte witness is controlling.",b51008415bc8f36f8fd664c5d00a64f2dd0365f3e963fd3930aaa2540452cfb8,exact_Iloko_alias_and_Philippines_match_to_NAT-035_Ilocano; API Glottocode ilok1237 crosschecked to hid ilo,ASSEC-PH-ILO-MAINLANG-2010,person_estimate_alternative_to_POP-PH-004_household_count_never_convert_or_sum,pending_central_coverage_join,territory_adult_literacy_proxy_sensitivity;unmeasured_low0_neutral0.5_high1_sensitivity,"Population values retain the source universe and reported interval status. Missing population intervals use a zero-to-point ranking sensitivity; missing practical access or academic overlap uses low 0, neutral 0.5, high 1. Base access is therefore a labelled sensitivity, not a measured harmed-population count.","The API exposes an exact weighted point value and reliability score 0.883 but no interval, so low/high are blank. CLEAR/Glottolog labels the language Iloko; the candidate and master use Ilocano. Master POP-PH-004 is a 2020 household count, not persons.",Do not sum this row with heterogeneous or overlapping observations as unique people unless an explicit disjoint-universe rule exists.
44,true,NAT-081,Wolof,wo-Latn-SN,Senegal,regional_depth,Africa,Western Africa,POP-SN-AFG-001,Wolof,Wolof principal-language census category,Senegal,written_text_candidate,not asserted by population source,resident_population_age_3_plus,census_principal_language_commonly_spoken_persons_age_3_plus,persons,8786892,8786892,8786892,8786892,8786892,source_interval_or_exact_bounds,2023,AFG-S009,"Tableau I-32, printed p.57, Ensemble effectif for Wolof",true,"RGPH-5 2023 definitive report, Theme I: Etat et structure, urbanisation et caractéristiques socioculturelles de la population","Agence Nationale de la Statistique et de la Démographie (ANSD), Senegal",official census report,1,high,0,2212539,8786892,"Principal-language categories are mutually exclusive and do not measure all languages spoken, literacy, or academic reading ability. Joola is not a single exact variety. ISO mappings are editorial and not supplied by the census table.",5DCA370935549249A1883522A7E6CDDBD6282140571A7F1B874AC9EAB2BF16B2,exact_source_language_label_editorial_iso_mapping_pending_central_review,SEN_RGPH5_PRINCIPAL_LANGUAGE_EXCLUSIVE,mutually_exclusive_principal_language_category,pending_central_coverage_join,territory_adult_literacy_proxy_sensitivity;unmeasured_low0_neutral0.5_high1_sensitivity,"Population values retain the source universe and reported interval status. Missing population intervals use a zero-to-point ranking sensitivity; missing practical access or academic overlap uses low 0, neutral 0.5, high 1. Base access is therefore a labelled sensitivity, not a measured harmed-population count.","Exact principal-language category for residents age 3+, not all speakers, literacy, or academic reading comfort. The categories in Tableau I-32 are mutually exclusive and must not be combined with another measure as if independent. ISO mapping is editorial; script and orthography are not established by this table.",Do not sum this row with heterogeneous or overlapping observations as unique people unless an explicit disjoint-universe rule exists.
45,true,NAT-005,Sri Lankan Tamil,ta-Taml-LK,Sri Lanka,regional_depth,Asia,South Asia,ASSEC-LK-TA-001,Tamil,NAT-005 ta-Taml-LK Sri Lankan Tamil,Sri Lanka,written_text_candidate,ta-Taml-LK,functional_literate_language_users_L1_or_later_language,derived_cldr_territory_functional_language_users,persons,0,3297390,3297390,,,source_point_without_interval_model_low_zero_high_point,2026-03-17 CLDR release; component estimate year not stated,ASSEC-S006,cldr_target_derivations.md row ta-Taml-LK; supplementalData.xml XPath /supplementalData/territoryInfo/territory[@type='LK'] and languagePopulation[@type='ta'],false,Transparent CLDR 48.2 target person-count derivations and exclusion audit,Arithmetic derivation from ASSEC-S001 through ASSEC-S005,transparent secondary derivation witness,2,medium,0,1529000,3297390,"Derived point counts inherit CLDR's unspecified component vintages and uncertainty. Integer percentage rounding rules are not published, so observation low/high fields remain blank. Not direct census evidence.",c953259bcd31245ced999d553c6289e48bbb7bb727f9411dbb95af340466aae5,language_and_country_match_to_NAT-005; source does not separate Sri Lankan Tamil subvarieties and likelySubtag is generic ta-Taml-IN,ASSEC-LK-TA-FUNCTIONAL,standalone_secondary_estimate_replaces_no_master_population_count,pending_central_coverage_join,territory_adult_literacy_proxy_sensitivity;unmeasured_low0_neutral0.5_high1_sensitivity,"Population values retain the source universe and reported interval status. Missing population intervals use a zero-to-point ranking sensitivity; missing practical access or academic overlap uses low 0, neutral 0.5, high 1. Base access is therefore a labelled sensitivity, not a measured harmed-population count.","Derived from territory population 21982600 times 15 percent. No percentage rounding rule or interval is published. The territory row is Sri Lanka-specific, but the language label is Tamil rather than a separately enumerated Sri Lankan Tamil variety.",Do not sum this row with heterogeneous or overlapping observations as unique people unless an explicit disjoint-universe rule exists.
46,true,NAT-036,Hiligaynon,hil-Latn-PH,Philippines,regional_depth,Asia,Southeast Asia,ASSEC-PH-HIL-001,Hiligaynon,NAT-036 hil-Latn-PH Hiligaynon,Philippines,written_text_candidate,hil-Latn-PH,national_main_language_population,CLEAR_normalized_main_language_weighted_persons_from_IPUMS_2010_census_extract,persons,0,6073883,6073883,,,source_point_without_interval_model_low_zero_high_point,2010-12-31,ASSEC-S008,clear_ludp_phl_national_2010.json JSON $.data[?(@.language_name=='Hiligaynon')].individuals_value_weighted; dataset Philippines Census 2010 (IPUMS extract),true,CLEAR Global Language Use Data Platform Philippines national API snapshot,CLEAR Global; underlying source IPUMS International Philippines Census 2010 extract,curated authoritative secondary API from weighted census microdata,2,high,0,2990476,6073883,"Exact API point values are weighted estimates, not exact headcounts; no variance or confidence interval is exposed. The platform normalizes the metric as main language. API content is mutable, so the local byte witness is controlling.",b51008415bc8f36f8fd664c5d00a64f2dd0365f3e963fd3930aaa2540452cfb8,exact_Hiligaynon_and_Philippines_match_to_NAT-036; API Glottocode hili1240 crosschecked to hid hil,ASSEC-PH-HIL-MAINLANG-2010,person_estimate_alternative_to_POP-PH-003_household_count_never_convert_or_sum,pending_central_coverage_join,territory_adult_literacy_proxy_sensitivity;unmeasured_low0_neutral0.5_high1_sensitivity,"Population values retain the source universe and reported interval status. Missing population intervals use a zero-to-point ranking sensitivity; missing practical access or academic overlap uses low 0, neutral 0.5, high 1. Base access is therefore a labelled sensitivity, not a measured harmed-population count.","The API exposes an exact weighted point value and reliability score 0.883 but no interval, so low/high are blank. Master POP-PH-003 is a 2020 household count, a different unit and measure; never convert or sum them.",Do not sum this row with heterogeneous or overlapping observations as unique people unless an explicit disjoint-universe rule exists.
47,true,EXP-019,South Africa Sepedi Latin-script edition,nso-Latn-ZA,South Africa,regional_depth,Africa,Southern Africa,ZA-NSO-2022,Sepedi,Census category: Sepedi; edition variety/standard unresolved,South Africa,written_text_candidate,Latin,resident population aged 1 year and older,census_language_most_often_spoken_in_household_persons_age_1_plus,persons,5972255,5972255,5972255,5972255,5972255,source_interval_or_exact_bounds,2022,ZA-S001,"Table 3.8 (2), printed p. 27; PDF p. 35; South Africa total column",true,Census 2022 in Brief,Statistics South Africa,official national census report,1,high,0,2721855,5972255,"The measure is language most often spoken with other household members, not mother tongue, proficiency, literacy, or academic-language comfort. The table excludes Not applicable (638,736) and Unspecified (258,967). Census label 'Sign language' does not identify a signed-language variety.",78FE83B5CDEC6DF3DBD491B456F1A5612064DB3125E516419E8C86FAA1CF612B,gross_named_spoken_language_observation,ZA-CENSUS-2022-HOUSEHOLD-LANGUAGE,mutually_exclusive_census_response_category,known_english_control_else_pending,territory_adult_literacy_proxy_sensitivity;unmeasured_low0_neutral0.5_high1_sensitivity,"Population values retain the source universe and reported interval status. Missing population intervals use a zero-to-point ranking sensitivity; missing practical access or academic overlap uses low 0, neutral 0.5, high 1. Base access is therefore a labelled sensitivity, not a measured harmed-population count.","No Nguni, Sotho-Tswana, or other family-level intelligibility coverage is inferred from this count. Exact 2022 census count for the printed language category. It measures language most often spoken in the household, not mother tongue, total speakers, literacy, or academic-language comfort. The common denominator is 59,876,448 coded persons; the table excludes 638,736 Not applicable and 258,967 Unspecified.",Do not sum this row with heterogeneous or overlapping observations as unique people unless an explicit disjoint-universe rule exists.
48,true,NAT-050,Mongolian,mn-Cyrl-MN,Mongolia,regional_depth,Asia,East Asia,ASSEC-MN-MN-001,Mongolian,NAT-050 mn-Cyrl-MN Mongolian,Mongolia,written_text_candidate,mn-Cyrl-MN,functional_literate_language_users_L1_or_later_language,derived_cldr_territory_functional_language_users,persons,0,3051962,3051962,,,source_point_without_interval_model_low_zero_high_point,2026-03-17 CLDR release; component estimate year not stated,ASSEC-S006,cldr_target_derivations.md row mn-Cyrl-MN; supplementalData.xml XPath /supplementalData/territoryInfo/territory[@type='MN'] and languagePopulation[@type='mn'],false,Transparent CLDR 48.2 target person-count derivations and exclusion audit,Arithmetic derivation from ASSEC-S001 through ASSEC-S005,transparent secondary derivation witness,2,medium,0,1505228,3051962,"Derived point counts inherit CLDR's unspecified component vintages and uncertainty. Integer percentage rounding rules are not published, so observation low/high fields remain blank. Not direct census evidence.",c953259bcd31245ced999d553c6289e48bbb7bb727f9411dbb95af340466aae5,language_code_and_territory_match_to_NAT-050; source does not separate Mongolian varieties,ASSEC-MN-MN-FUNCTIONAL,standalone_secondary_estimate_replaces_ethnicity_proxies_only,pending_central_coverage_join,territory_adult_literacy_proxy_sensitivity;unmeasured_low0_neutral0.5_high1_sensitivity,"Population values retain the source universe and reported interval status. Missing population intervals use a zero-to-point ranking sensitivity; missing practical access or academic overlap uses low 0, neutral 0.5, high 1. Base access is therefore a labelled sensitivity, not a measured harmed-population count.","Derived from 3281680 times 93 percent = 3051962.4, rounded half up. No input rounding rule or interval is published. The master Mongolia rows are ethnicity proxies and are not language counts.",Do not sum this row with heterogeneous or overlapping observations as unique people unless an explicit disjoint-universe rule exists.
49,true,EXP-020,South Africa Setswana Latin-script edition,tn-Latn-ZA,South Africa,regional_depth,Africa,Southern Africa,ZA-TSN-2022,Setswana,Census category: Setswana; edition variety/standard unresolved,South Africa,written_text_candidate,Latin,resident population aged 1 year and older,census_language_most_often_spoken_in_household_persons_age_1_plus,persons,4972787,4972787,4972787,4972787,4972787,source_interval_or_exact_bounds,2022,ZA-S001,"Table 3.8 (2), printed p. 27; PDF p. 35; South Africa total column",true,Census 2022 in Brief,Statistics South Africa,official national census report,1,high,0,2266348,4972787,"The measure is language most often spoken with other household members, not mother tongue, proficiency, literacy, or academic-language comfort. The table excludes Not applicable (638,736) and Unspecified (258,967). Census label 'Sign language' does not identify a signed-language variety.",78FE83B5CDEC6DF3DBD491B456F1A5612064DB3125E516419E8C86FAA1CF612B,gross_named_spoken_language_observation,ZA-CENSUS-2022-HOUSEHOLD-LANGUAGE,mutually_exclusive_census_response_category,known_english_control_else_pending,territory_adult_literacy_proxy_sensitivity;unmeasured_low0_neutral0.5_high1_sensitivity,"Population values retain the source universe and reported interval status. Missing population intervals use a zero-to-point ranking sensitivity; missing practical access or academic overlap uses low 0, neutral 0.5, high 1. Base access is therefore a labelled sensitivity, not a measured harmed-population count.","No Nguni, Sotho-Tswana, or other family-level intelligibility coverage is inferred from this count. Exact 2022 census count for the printed language category. It measures language most often spoken in the household, not mother tongue, total speakers, literacy, or academic-language comfort. The common denominator is 59,876,448 coded persons; the table excludes 638,736 Not applicable and 258,967 Unspecified.",Do not sum this row with heterogeneous or overlapping observations as unique people unless an explicit disjoint-universe rule exists.
50,true,EXP-021,South Africa Sesotho Latin-script edition,st-Latn-ZA,South Africa,regional_depth,Africa,Southern Africa,ZA-SOT-2022,Sesotho,Census category: Sesotho; edition variety/standard unresolved,South Africa,written_text_candidate,Latin,resident population aged 1 year and older,census_language_most_often_spoken_in_household_persons_age_1_plus,persons,4678964,4678964,4678964,4678964,4678964,source_interval_or_exact_bounds,2022,ZA-S001,"Table 3.8 (2), printed p. 27; PDF p. 35; South Africa total column",true,Census 2022 in Brief,Statistics South Africa,official national census report,1,high,0,2132438,4678964,"The measure is language most often spoken with other household members, not mother tongue, proficiency, literacy, or academic-language comfort. The table excludes Not applicable (638,736) and Unspecified (258,967). Census label 'Sign language' does not identify a signed-language variety.",78FE83B5CDEC6DF3DBD491B456F1A5612064DB3125E516419E8C86FAA1CF612B,gross_named_spoken_language_observation,ZA-CENSUS-2022-HOUSEHOLD-LANGUAGE,mutually_exclusive_census_response_category,known_english_control_else_pending,territory_adult_literacy_proxy_sensitivity;unmeasured_low0_neutral0.5_high1_sensitivity,"Population values retain the source universe and reported interval status. Missing population intervals use a zero-to-point ranking sensitivity; missing practical access or academic overlap uses low 0, neutral 0.5, high 1. Base access is therefore a labelled sensitivity, not a measured harmed-population count.","No Nguni, Sotho-Tswana, or other family-level intelligibility coverage is inferred from this count. Exact 2022 census count for the printed language category. It measures language most often spoken in the household, not mother tongue, total speakers, literacy, or academic-language comfort. The common denominator is 59,876,448 coded persons; the table excludes 638,736 Not applicable and 258,967 Unspecified.",Do not sum this row with heterogeneous or overlapping observations as unique people unless an explicit disjoint-universe rule exists.
51,true,NAT-105,Maori,mi-Latn-NZ,New Zealand,regional_depth,Oceania,Polynesia,POP-NZ-002,Maori,Stats NZ source label Māori,New Zealand,written_text_candidate,Latin,Indigenous_language_population,census_languages_spoken_multiple_response_persons,persons,213847,213849,213851,213847,213851,source_interval_or_exact_bounds,2023,PM-S014,"Total New Zealand population, 2023 column",true,Place and ethnic group summaries: Total New Zealand population language comparator,Stats NZ,official census summary table,1,high,0,53462,213851,"Multiple responses are permitted and figures use fixed random rounding; rows are not L1 counts and must not be summed. Northern Chinese is a census category, not a single unqualified language target.",,source_named_language_observation,,standalone_observation,pending_central_coverage_join,unmeasured_low0_neutral0.5_high1_sensitivity;unmeasured_low0_neutral0.5_high1_sensitivity,"Population values retain the source universe and reported interval status. Missing population intervals use a zero-to-point ranking sensitivity; missing practical access or academic overlap uses low 0, neutral 0.5, high 1. Base access is therefore a labelled sensitivity, not a measured harmed-population count.",Range allows fixed random rounding; not L1 or home-use count.,Do not sum this row with heterogeneous or overlapping observations as unique people unless an explicit disjoint-universe rule exists.
52,true,EXP-006,Indonesia Minangkabau Latin-script edition,min-Latn-ID,Indonesia,regional_depth,Asia,Southeast Asia,POP-ID-006,Minangkabau,BPS source label Minangkabau,Indonesia,written_text_candidate,Latin,regional_home_language,daily_language_at_home_age5plus_persons,persons,4232226,4232226,4232226,4232226,4232226,source_interval_or_exact_bounds,2010,PM-S005,"Table L4.1, printed p. 47",true,"Kewarganegaraan, Suku Bangsa, Agama, dan Bahasa Sehari-hari Penduduk Indonesia: Hasil Sensus Penduduk 2010",BPS-Statistics Indonesia,official census publication,1,high,0,2031468,4232226,"Home-use counts are not L1 totals. Several rows are broad language groups, including Batak and regional clusters; only individually named cells are retained here.",,source_named_language_observation,,standalone_observation,pending_central_coverage_join,territory_adult_literacy_proxy_sensitivity;unmeasured_low0_neutral0.5_high1_sensitivity,"Population values retain the source universe and reported interval status. Missing population intervals use a zero-to-point ranking sensitivity; missing practical access or academic overlap uses low 0, neutral 0.5, high 1. Base access is therefore a labelled sensitivity, not a measured harmed-population count.",Malay overlap requires direct comprehension evidence.,Do not sum this row with heterogeneous or overlapping observations as unique people unless an explicit disjoint-universe rule exists.
53,true,EXP-014,Ethiopia Tigrinya Ethiopic-script edition,ti-Ethi-ET,Ethiopia,regional_depth,Africa,Horn of Africa,POP-ET-004,Tigrinya,Ethiopia 2007 source label Tigrigna,Ethiopia,written_text_candidate,Ethiopic,cross_border_mother_tongue,census_mother_tongue_persons,persons,4324933,4324933,4324933,4324933,4324933,source_interval_or_exact_bounds,2007,PM-S020,"Table 3.2, printed pp. 91-93",true,Population and Housing Census 2007: National Statistical Report,Central Statistical Agency of Ethiopia (now Ethiopian Statistical Service),official census statistical report,1,high,0,1307427,4324933,"The observation is old but remains the latest Ethiopian national census. Several census labels, especially Guragiegna, aggregate distinct languages; counts are not current projections.",E21590781EC9843018369A590EAADE3B9407AE87E492B2A52451675E69FF396F,source_named_language_observation,,standalone_observation,pending_central_coverage_join,territory_adult_literacy_proxy_sensitivity;unmeasured_low0_neutral0.5_high1_sensitivity,"Population values retain the source universe and reported interval status. Missing population intervals use a zero-to-point ranking sensitivity; missing practical access or academic overlap uses low 0, neutral 0.5, high 1. Base access is therefore a labelled sensitivity, not a measured harmed-population count.",Old census observation; not projected.,Do not sum this row with heterogeneous or overlapping observations as unique people unless an explicit disjoint-universe rule exists.
54,true,EXP-037,Ireland Irish Latin-script daily-use edition,ga-Latn-IE,Ireland,small_population_prestige_domain_screen,Europe,Northern Europe,POP-EU-003,Irish,Daily Irish outside education,Ireland,written_text_candidate,Latin,minoritized_language_daily_use,self_reported_daily_use_outside_education_persons,persons,71968,71968,71968,71968,71968,source_interval_or_exact_bounds,2022,PM-S016,Figure 6.4 and release text,true,Census of Population 2022 Summary Results: Education and Irish Language,Central Statistics Office Ireland,official census release,1,high,0,17992,71968,Ability and daily-use measures are not interchangeable; cells are separated and must not be summed.,,source_named_language_observation,ALT-IE-IRISH-2022,daily_use_outside_education_subset,pending_central_coverage_join,unmeasured_low0_neutral0.5_high1_sensitivity;unmeasured_low0_neutral0.5_high1_sensitivity,"Population values retain the source universe and reported interval status. Missing population intervals use a zero-to-point ranking sensitivity; missing practical access or academic overlap uses low 0, neutral 0.5, high 1. Base access is therefore a labelled sensitivity, not a measured harmed-population count.","Daily outside-education use is a stricter functional-use measure than ability. Subset of 623,961 official daily users in or outside education; never sum with ability.",Do not sum this row with heterogeneous or overlapping observations as unique people unless an explicit disjoint-universe rule exists.
55,true,EXP-007,Indonesia Banjar Latin-script edition,bjn-Latn-ID,Indonesia,regional_depth,Asia,Southeast Asia,POP-ID-007,Banjar,BPS source label Banjar,Indonesia,written_text_candidate,Latin,regional_home_language,daily_language_at_home_age5plus_persons,persons,3651626,3651626,3651626,3651626,3651626,source_interval_or_exact_bounds,2010,PM-S005,"Table L4.1, printed p. 47",true,"Kewarganegaraan, Suku Bangsa, Agama, dan Bahasa Sehari-hari Penduduk Indonesia: Hasil Sensus Penduduk 2010",BPS-Statistics Indonesia,official census publication,1,high,0,1752780,3651626,"Home-use counts are not L1 totals. Several rows are broad language groups, including Batak and regional clusters; only individually named cells are retained here.",,source_named_language_observation,,standalone_observation,pending_central_coverage_join,territory_adult_literacy_proxy_sensitivity;unmeasured_low0_neutral0.5_high1_sensitivity,"Population values retain the source universe and reported interval status. Missing population intervals use a zero-to-point ranking sensitivity; missing practical access or academic overlap uses low 0, neutral 0.5, high 1. Base access is therefore a labelled sensitivity, not a measured harmed-population count.",Malay overlap not assumed.,Do not sum this row with heterogeneous or overlapping observations as unique people unless an explicit disjoint-universe rule exists.
56,true,OBS-POP-SN-AFG-002,"Senegal Pulaar, official Latin orthography",fuc-Latn-SN,Senegal,regional_depth,Africa,Western Africa,POP-SN-AFG-002,Pulaar,Pulaar principal-language census category,Senegal,written_text_candidate,not asserted by population source,resident_population_age_3_plus,census_principal_language_commonly_spoken_persons_age_3_plus,persons,4314509,4314509,4314509,4314509,4314509,source_interval_or_exact_bounds,2023,AFG-S009,"Tableau I-32, printed p.57, Ensemble effectif for Pulaar",true,"RGPH-5 2023 definitive report, Theme I: Etat et structure, urbanisation et caractéristiques socioculturelles de la population","Agence Nationale de la Statistique et de la Démographie (ANSD), Senegal",official census report,1,high,0,1086393,4314509,"Principal-language categories are mutually exclusive and do not measure all languages spoken, literacy, or academic reading ability. Joola is not a single exact variety. ISO mappings are editorial and not supplied by the census table.",5DCA370935549249A1883522A7E6CDDBD6282140571A7F1B874AC9EAB2BF16B2,exact_source_fula_variety_label_editorial_iso_mapping_pending_central_review,SEN_RGPH5_PRINCIPAL_LANGUAGE_EXCLUSIVE,mutually_exclusive_principal_language_category,pending_central_coverage_join,territory_adult_literacy_proxy_sensitivity;unmeasured_low0_neutral0.5_high1_sensitivity,"Population values retain the source universe and reported interval status. Missing population intervals use a zero-to-point ranking sensitivity; missing practical access or academic overlap uses low 0, neutral 0.5, high 1. Base access is therefore a labelled sensitivity, not a measured harmed-population count.","Exact principal-language category for residents age 3+, not all speakers, literacy, or academic reading comfort. The categories in Tableau I-32 are mutually exclusive and must not be combined with another measure as if independent. ISO mapping is editorial; script and orthography are not established by this table.",Do not sum this row with heterogeneous or overlapping observations as unique people unless an explicit disjoint-universe rule exists.
57,true,OBS-GRG-PL-007,Official-standard Belarusian,be-Cyrl-BY,Poland,small_population_prestige_domain_screen,Europe,Central Europe,GRG-PL-007,Byelorussian,exact bilingual census language row; script not reported by source,Poland,written_text_candidate,not asserted by population source,direct_language_census_count,census_languages_used_at_home_multiple_response_persons,persons,17325,17325,17325,17325,17325,source_interval_or_exact_bounds,2021-03-31,GRG-S006,Table 7.5 printed page 120 PDF page 122; białoruski Byelorussian row,true,Size and demographic-social structure in the light of the 2021 Census results,Statistics Poland,official national census publication,1,high,0,4331,17325,"Multiple language responses were allowed, so rows overlap and must not be summed. The table measures language used at home, not L1 or academic-language comfort. Official bilingual labels are retained exactly. The population source does not report scripts or orthographies.",F410C5BDB49B71C3F4A0785F750D4944537F822B3CC679C4B38A181CE2713CBC,source_named_language_observation,PL-CENSUS-2021-HOME-LANG-MR,direct_language_population_observation,pending_central_coverage_join,unmeasured_low0_neutral0.5_high1_sensitivity;unmeasured_low0_neutral0.5_high1_sensitivity,"Population values retain the source universe and reported interval status. Missing population intervals use a zero-to-point ranking sensitivity; missing practical access or academic overlap uses low 0, neutral 0.5, high 1. Base access is therefore a labelled sensitivity, not a measured harmed-population count.",published total persons using the language at home; no interval supplied; low equals base equals high Multiple responses were allowed; language rows overlap and must not be summed The official English label Byelorussian is retained without modernization; census language used at home is not an L1 count; source reports no script or orthography.,Do not sum this row with heterogeneous or overlapping observations as unique people unless an explicit disjoint-universe rule exists.
58,true,NAT-037,Waray,war-Latn-PH,Philippines,regional_depth,Asia,Southeast Asia,ASSEC-PH-WAR-001,Waray,NAT-037 war-Latn-PH Waray,Philippines,written_text_candidate,war-Latn-PH,national_main_language_population,CLEAR_normalized_main_language_weighted_persons_from_IPUMS_2010_census_extract,persons,0,2694135,2694135,,,source_point_without_interval_model_low_zero_high_point,2010-12-31,ASSEC-S008,clear_ludp_phl_national_2010.json JSON $.data[?(@.language_name=='Waray (Philippines)')].individuals_value_weighted; dataset Philippines Census 2010 (IPUMS extract),true,CLEAR Global Language Use Data Platform Philippines national API snapshot,CLEAR Global; underlying source IPUMS International Philippines Census 2010 extract,curated authoritative secondary API from weighted census microdata,2,high,0,1326457,2694135,"Exact API point values are weighted estimates, not exact headcounts; no variance or confidence interval is exposed. The platform normalizes the metric as main language. API content is mutable, so the local byte witness is controlling.",b51008415bc8f36f8fd664c5d00a64f2dd0365f3e963fd3930aaa2540452cfb8,exact_Waray_and_Philippines_match_to_NAT-037; API Glottocode wara1300 crosschecked to hid war; Waray_Sorsogon row excluded,ASSEC-PH-WAR-MAINLANG-2010,person_estimate_alternative_to_POP-PH-007_household_count_never_convert_or_sum,pending_central_coverage_join,territory_adult_literacy_proxy_sensitivity;unmeasured_low0_neutral0.5_high1_sensitivity,"Population values retain the source universe and reported interval status. Missing population intervals use a zero-to-point ranking sensitivity; missing practical access or academic overlap uses low 0, neutral 0.5, high 1. Base access is therefore a labelled sensitivity, not a measured harmed-population count.","The API exposes an exact weighted point value and reliability score 0.883 but no interval, so low/high are blank. The separate Waray Sorsogon row is not included. Master POP-PH-007 is a 2020 household count, not persons.",Do not sum this row with heterogeneous or overlapping observations as unique people unless an explicit disjoint-universe rule exists.
59,true,EXP-015,Ethiopia Sidama Latin-script edition,sid-Latn-ET,Ethiopia,regional_depth,Africa,Horn of Africa,POP-ET-005,Sidama,Ethiopia 2007 source label Sidamigna,Ethiopia,written_text_candidate,Latin,regional_mother_tongue,census_mother_tongue_persons,persons,2981471,2981471,2981471,2981471,2981471,source_interval_or_exact_bounds,2007,PM-S020,"Table 3.2, printed pp. 91-93",true,Population and Housing Census 2007: National Statistical Report,Central Statistical Agency of Ethiopia (now Ethiopian Statistical Service),official census statistical report,1,high,0,901299,2981471,"The observation is old but remains the latest Ethiopian national census. Several census labels, especially Guragiegna, aggregate distinct languages; counts are not current projections.",E21590781EC9843018369A590EAADE3B9407AE87E492B2A52451675E69FF396F,source_named_language_observation,,standalone_observation,pending_central_coverage_join,territory_adult_literacy_proxy_sensitivity;unmeasured_low0_neutral0.5_high1_sensitivity,"Population values retain the source universe and reported interval status. Missing population intervals use a zero-to-point ranking sensitivity; missing practical access or academic overlap uses low 0, neutral 0.5, high 1. Base access is therefore a labelled sensitivity, not a measured harmed-population count.",Old census observation; not projected.,Do not sum this row with heterogeneous or overlapping observations as unique people unless an explicit disjoint-universe rule exists.
60,true,OBS-GRG-PL-010,Standard Lithuanian,lt-Latn-LT,Poland,small_population_prestige_domain_screen,Europe,Central Europe,GRG-PL-010,Lithuanian,exact bilingual census language row; script not reported by source,Poland,written_text_candidate,not asserted by population source,direct_language_census_count,census_languages_used_at_home_multiple_response_persons,persons,5422,5422,5422,5422,5422,source_interval_or_exact_bounds,2021-03-31,GRG-S006,Table 7.5 printed page 120 PDF page 122; litewski Lithuanian row,true,Size and demographic-social structure in the light of the 2021 Census results,Statistics Poland,official national census publication,1,high,0,1356,5422,"Multiple language responses were allowed, so rows overlap and must not be summed. The table measures language used at home, not L1 or academic-language comfort. Official bilingual labels are retained exactly. The population source does not report scripts or orthographies.",F410C5BDB49B71C3F4A0785F750D4944537F822B3CC679C4B38A181CE2713CBC,source_named_language_observation,PL-CENSUS-2021-HOME-LANG-MR,direct_language_population_observation,pending_central_coverage_join,unmeasured_low0_neutral0.5_high1_sensitivity;unmeasured_low0_neutral0.5_high1_sensitivity,"Population values retain the source universe and reported interval status. Missing population intervals use a zero-to-point ranking sensitivity; missing practical access or academic overlap uses low 0, neutral 0.5, high 1. Base access is therefore a labelled sensitivity, not a measured harmed-population count.",published total persons using the language at home; no interval supplied; low equals base equals high Multiple responses were allowed; language rows overlap and must not be summed Census language used at home is not an L1 count or educational-access measure; source reports no script or orthography.,Do not sum this row with heterogeneous or overlapping observations as unique people unless an explicit disjoint-universe rule exists.
61,true,EXP-008,Indonesia Sasak Latin-script edition,sas-Latn-ID,Indonesia,regional_depth,Asia,Southeast Asia,POP-ID-012,Sasak,BPS source label Lombok/Sasak,Indonesia,written_text_candidate,Latin,regional_home_language,daily_language_at_home_age5plus_persons,persons,2691127,2691127,2691127,2691127,2691127,source_interval_or_exact_bounds,2010,PM-S005,"Table L4.1, printed p. 47",true,"Kewarganegaraan, Suku Bangsa, Agama, dan Bahasa Sehari-hari Penduduk Indonesia: Hasil Sensus Penduduk 2010",BPS-Statistics Indonesia,official census publication,1,high,0,1291741,2691127,"Home-use counts are not L1 totals. Several rows are broad language groups, including Batak and regional clusters; only individually named cells are retained here.",,source_named_language_observation,,standalone_observation,pending_central_coverage_join,territory_adult_literacy_proxy_sensitivity;unmeasured_low0_neutral0.5_high1_sensitivity,"Population values retain the source universe and reported interval status. Missing population intervals use a zero-to-point ranking sensitivity; missing practical access or academic overlap uses low 0, neutral 0.5, high 1. Base access is therefore a labelled sensitivity, not a measured harmed-population count.",Dialect structure requires production-level review.,Do not sum this row with heterogeneous or overlapping observations as unique people unless an explicit disjoint-universe rule exists.
62,true,EXP-022,South Africa Xitsonga Latin-script edition,ts-Latn-ZA,South Africa,regional_depth,Africa,Southern Africa,ZA-TSO-2022,Xitsonga,Census category: Tsonga; edition variety/standard unresolved,South Africa,written_text_candidate,Latin,resident population aged 1 year and older,census_language_most_often_spoken_in_household_persons_age_1_plus,persons,2784279,2784279,2784279,2784279,2784279,source_interval_or_exact_bounds,2022,ZA-S001,"Table 3.8 (2), printed p. 27; PDF p. 35; South Africa total column",true,Census 2022 in Brief,Statistics South Africa,official national census report,1,high,0,1268935,2784279,"The measure is language most often spoken with other household members, not mother tongue, proficiency, literacy, or academic-language comfort. The table excludes Not applicable (638,736) and Unspecified (258,967). Census label 'Sign language' does not identify a signed-language variety.",78FE83B5CDEC6DF3DBD491B456F1A5612064DB3125E516419E8C86FAA1CF612B,gross_named_spoken_language_observation,ZA-CENSUS-2022-HOUSEHOLD-LANGUAGE,mutually_exclusive_census_response_category,known_english_control_else_pending,territory_adult_literacy_proxy_sensitivity;unmeasured_low0_neutral0.5_high1_sensitivity,"Population values retain the source universe and reported interval status. Missing population intervals use a zero-to-point ranking sensitivity; missing practical access or academic overlap uses low 0, neutral 0.5, high 1. Base access is therefore a labelled sensitivity, not a measured harmed-population count.","No Nguni, Sotho-Tswana, or other family-level intelligibility coverage is inferred from this count. Exact 2022 census count for the printed language category. It measures language most often spoken in the household, not mother tongue, total speakers, literacy, or academic-language comfort. The common denominator is 59,876,448 coded persons; the table excludes 638,736 Not applicable and 258,967 Unspecified.",Do not sum this row with heterogeneous or overlapping observations as unique people unless an explicit disjoint-universe rule exists.
63,true,EXP-009,Indonesia Acehnese Latin-script edition,ace-Latn-ID,Indonesia,regional_depth,Asia,Southeast Asia,POP-ID-013,Acehnese,BPS source label Aceh,Indonesia,written_text_candidate,Latin,regional_home_language,daily_language_at_home_age5plus_persons,persons,2550055,2550055,2550055,2550055,2550055,source_interval_or_exact_bounds,2010,PM-S005,"Table L4.1, printed p. 47",true,"Kewarganegaraan, Suku Bangsa, Agama, dan Bahasa Sehari-hari Penduduk Indonesia: Hasil Sensus Penduduk 2010",BPS-Statistics Indonesia,official census publication,1,high,0,1224026,2550055,"Home-use counts are not L1 totals. Several rows are broad language groups, including Batak and regional clusters; only individually named cells are retained here.",,source_named_language_observation,,standalone_observation,pending_central_coverage_join,territory_adult_literacy_proxy_sensitivity;unmeasured_low0_neutral0.5_high1_sensitivity,"Population values retain the source universe and reported interval status. Missing population intervals use a zero-to-point ranking sensitivity; missing practical access or academic overlap uses low 0, neutral 0.5, high 1. Base access is therefore a labelled sensitivity, not a measured harmed-population count.",No cross-Malay comprehension assumption.,Do not sum this row with heterogeneous or overlapping observations as unique people unless an explicit disjoint-universe rule exists.
64,true,NAT-021,Brahui,brh-Arab-PK,Pakistan,regional_depth,Asia,South Asia,POP-PK-009,Brahui,Pakistan 2023 Brahvi category,Pakistan,written_text_candidate,Perso-Arabic,regional_language_population,census_mother_tongue_persons,persons,2778670,2778670,2778670,2778670,2778670,source_interval_or_exact_bounds,2023,PM-S003,"Table 11, national row",true,"Table 11: Population by Mother Tongue, Sex and Rural/Urban, Census 2023",Pakistan Bureau of Statistics,official census table,1,high,0,817763,2778670,"Several labels are census aggregates (for example Pushto, Balochi, Kohistani); they are not automatically single edition targets.",B74C5E37D943B28F625467FF3AF2AFD73F1EF79573169C9DDD026A2994D5C6F4,source_named_language_observation,,standalone_observation,pending_central_coverage_join,territory_adult_literacy_proxy_sensitivity;unmeasured_low0_neutral0.5_high1_sensitivity,"Population values retain the source universe and reported interval status. Missing population intervals use a zero-to-point ranking sensitivity; missing practical access or academic overlap uses low 0, neutral 0.5, high 1. Base access is therefore a labelled sensitivity, not a measured harmed-population count.",PBS spells category BRAHVI.,Do not sum this row with heterogeneous or overlapping observations as unique people unless an explicit disjoint-universe rule exists.
65,true,NAT-079,Kirundi,rn-Latn-BI,Burundi,regional_depth,Africa,Eastern Africa,POP-BI-AFG-002,Kirundi,Derived union of all 16 Kirundi-containing literacy combinations,Burundi,written_text_candidate,not asserted by population source,population_age_10_plus,derived_census_any_kirundi_read_and_written_persons_age_10_plus,persons,2261931,2261931,2261931,2261931,2261931,source_interval_or_exact_bounds,2008,AFG-S011,"Tableau 3.2, PDF p.62; sum of the 16 Ensemble Total rows containing Kirundi",false,Répartition de la population issue du RGPH 2008,Institut de Statistiques et d’Études Économiques du Burundi (ISTEEBU/INSBU),official census tables,1,high,0,1130966,2261931,"The any-Kirundi count is a derived sum of 16 mutually exclusive total-column rows containing Kirundi. It is nested over the exact Kirundi-only cell; never add the two observations. Counts concern reading and writing among persons aged 10+, not total speakers.",5B4FB61FFD849743E5CE3B54F2A36E1775ACAD2D219ACD900C3486A80D2437FC,derived_exact_named_language_union_editorial_iso_mapping_pending_central_review,BDI_RGPH2008_KIRUNDI_LITERACY_NESTED,derived_inclusive_union_parent,pending_central_coverage_join,source_population_already_restricted_to_direct_literacy_access_stratum;unmeasured_low0_neutral0.5_high1_sensitivity,"Population values retain the source universe and reported interval status. Missing population intervals use a zero-to-point ranking sensitivity; missing practical access or academic overlap uses low 0, neutral 0.5, high 1. Base access is therefore a labelled sensitivity, not a measured harmed-population count.","Exact arithmetic sum of 16 mutually exclusive total-column rows containing Kirundi: 1,582,074 + 450,080 + 27,196 + 36,051 + 1,720 + 125,920 + 1,092 + 27,838 + 3,493 + 1,669 + 482 + 1,042 + 663 + 939 + 70 + 1,602 = 2,261,931. Nested over POP-BI-AFG-001; never add them. Measures reading and writing among age 10+, not all speakers.",Do not sum this row with heterogeneous or overlapping observations as unique people unless an explicit disjoint-universe rule exists.
66,true,EXP-010,Indonesia Betawi Latin-script edition,bew-Latn-ID,Indonesia,regional_depth,Asia,Southeast Asia,POP-ID-014,Betawi,BPS source label Betawi,Indonesia,written_text_candidate,Latin,regional_home_language,daily_language_at_home_age5plus_persons,persons,2244648,2244648,2244648,2244648,2244648,source_interval_or_exact_bounds,2010,PM-S005,"Table L4.1, printed p. 47",true,"Kewarganegaraan, Suku Bangsa, Agama, dan Bahasa Sehari-hari Penduduk Indonesia: Hasil Sensus Penduduk 2010",BPS-Statistics Indonesia,official census publication,1,high,0,1077431,2244648,"Home-use counts are not L1 totals. Several rows are broad language groups, including Batak and regional clusters; only individually named cells are retained here.",,source_named_language_observation,,standalone_observation,pending_central_coverage_join,territory_adult_literacy_proxy_sensitivity;unmeasured_low0_neutral0.5_high1_sensitivity,"Population values retain the source universe and reported interval status. Missing population intervals use a zero-to-point ranking sensitivity; missing practical access or academic overlap uses low 0, neutral 0.5, high 1. Base access is therefore a labelled sensitivity, not a measured harmed-population count.",Relation to Indonesian does not prove full educational substitutability.,Do not sum this row with heterogeneous or overlapping observations as unique people unless an explicit disjoint-universe rule exists.
67,true,NAT-023,Maithili Nepal profile,mai-Deva-NP,Nepal,regional_depth,Asia,South Asia,POP-NP-002,Maithili,Nepal 2021 mother tongue,Nepal,written_text_candidate,Devanagari,regional_language_population,census_mother_tongue_persons,persons,3222389,3222389,3222389,3222389,3222389,source_interval_or_exact_bounds,2021,PM-S004,"Annex 1, printed p. 123",true,Languages in Nepal: National Population and Housing Census 2021 Thematic Report,"National Statistics Office, Nepal",official census thematic report,1,high,0,1105279,2210559,Some census labels aggregate varieties; the Sign Language entry is a census mother-tongue response category rather than a full sign-language-use census.,1E41F6C52A47B93A88907007C13D2C38FDCA4303EAC203F8A5C5CF09C64086AF,source_named_language_observation,,standalone_observation,pending_central_coverage_join,direct_language_specific_literacy_rate;unmeasured_low0_neutral0.5_high1_sensitivity,"Population values retain the source universe and reported interval status. Missing population intervals use a zero-to-point ranking sensitivity; missing practical access or academic overlap uses low 0, neutral 0.5, high 1. Base access is therefore a labelled sensitivity, not a measured harmed-population count.",Territorial standards and educational context differ.,Do not sum this row with heterogeneous or overlapping observations as unique people unless an explicit disjoint-universe rule exists.
68,true,EXP-023,South Africa siSwati Latin-script edition,ss-Latn-ZA,South Africa,regional_depth,Africa,Southern Africa,ZA-SSW-2022,siSwati,Census category: SiSwati; edition variety/standard unresolved,South Africa,written_text_candidate,Latin,resident population aged 1 year and older,census_language_most_often_spoken_in_household_persons_age_1_plus,persons,1692719,1692719,1692719,1692719,1692719,source_interval_or_exact_bounds,2022,ZA-S001,"Table 3.8 (2), printed p. 27; PDF p. 35; South Africa total column",true,Census 2022 in Brief,Statistics South Africa,official national census report,1,high,0,771457,1692719,"The measure is language most often spoken with other household members, not mother tongue, proficiency, literacy, or academic-language comfort. The table excludes Not applicable (638,736) and Unspecified (258,967). Census label 'Sign language' does not identify a signed-language variety.",78FE83B5CDEC6DF3DBD491B456F1A5612064DB3125E516419E8C86FAA1CF612B,gross_named_spoken_language_observation,ZA-CENSUS-2022-HOUSEHOLD-LANGUAGE,mutually_exclusive_census_response_category,known_english_control_else_pending,territory_adult_literacy_proxy_sensitivity;unmeasured_low0_neutral0.5_high1_sensitivity,"Population values retain the source universe and reported interval status. Missing population intervals use a zero-to-point ranking sensitivity; missing practical access or academic overlap uses low 0, neutral 0.5, high 1. Base access is therefore a labelled sensitivity, not a measured harmed-population count.","No Nguni, Sotho-Tswana, or other family-level intelligibility coverage is inferred from this count. Exact 2022 census count for the printed language category. It measures language most often spoken in the household, not mother tongue, total speakers, literacy, or academic-language comfort. The common denominator is 59,876,448 coded persons; the table excludes 638,736 Not applicable and 258,967 Unspecified.",Do not sum this row with heterogeneous or overlapping observations as unique people unless an explicit disjoint-universe rule exists.
69,true,NAT-076,Zimbabwean Ndebele,nd-Latn-ZW,Zimbabwe,regional_depth,Africa,Southern Africa,POP-ZW-002,Northern Ndebele,ZIMSTAT source label Ndebele,Zimbabwe,written_text_candidate,Latin,regional_language_population,census_mother_tongue_persons,persons,1599324,1599324,1599324,1599324,1599324,source_interval_or_exact_bounds,2022,PM-S011,"Table 2.17, printed p. 123",true,"Zimbabwe 2022 Population and Housing Census Report, Volume 1",Zimbabwe National Statistics Agency (ZIMSTAT),official census report,1,high,0,745525,1599324,"Census labels do not resolve every dialect or orthographic choice. Sign Language is a census mother-tongue category, not a complete sign-language-use measure.",BDEBD23BE87E1AA5C1EC73874EFF733A524A93BAD6FCCF7DA7E9C854666BB1ED,source_named_language_observation,,standalone_observation,pending_central_coverage_join,territory_adult_literacy_proxy_sensitivity;unmeasured_low0_neutral0.5_high1_sensitivity,"Population values retain the source universe and reported interval status. Missing population intervals use a zero-to-point ranking sensitivity; missing practical access or academic overlap uses low 0, neutral 0.5, high 1. Base access is therefore a labelled sensitivity, not a measured harmed-population count.",Territory-specific census cell.,Do not sum this row with heterogeneous or overlapping observations as unique people unless an explicit disjoint-universe rule exists.
70,true,EXP-016,Ethiopia Wolaytta Latin-script edition,wal-Latn-ET,Ethiopia,regional_depth,Africa,Horn of Africa,POP-ET-006,Wolaytta,Ethiopia 2007 source label Welaitigna,Ethiopia,written_text_candidate,Latin,regional_mother_tongue,census_mother_tongue_persons,persons,1627955,1627955,1627955,1627955,1627955,source_interval_or_exact_bounds,2007,PM-S020,"Table 3.2, printed pp. 91-93",true,Population and Housing Census 2007: National Statistical Report,Central Statistical Agency of Ethiopia (now Ethiopian Statistical Service),official census statistical report,1,high,0,492131,1627955,"The observation is old but remains the latest Ethiopian national census. Several census labels, especially Guragiegna, aggregate distinct languages; counts are not current projections.",E21590781EC9843018369A590EAADE3B9407AE87E492B2A52451675E69FF396F,source_named_language_observation,,standalone_observation,pending_central_coverage_join,territory_adult_literacy_proxy_sensitivity;unmeasured_low0_neutral0.5_high1_sensitivity,"Population values retain the source universe and reported interval status. Missing population intervals use a zero-to-point ranking sensitivity; missing practical access or academic overlap uses low 0, neutral 0.5, high 1. Base access is therefore a labelled sensitivity, not a measured harmed-population count.",Old census observation; not projected.,Do not sum this row with heterogeneous or overlapping observations as unique people unless an explicit disjoint-universe rule exists.
71,true,EXP-024,South Africa Tshivenda Latin-script edition,ve-Latn-ZA,South Africa,regional_depth,Africa,Southern Africa,ZA-VEN-2022,Tshivenda,Census category: Tshivenda; edition variety/standard unresolved,South Africa,written_text_candidate,Latin,resident population aged 1 year and older,census_language_most_often_spoken_in_household_persons_age_1_plus,persons,1480565,1480565,1480565,1480565,1480565,source_interval_or_exact_bounds,2022,ZA-S001,"Table 3.8 (2), printed p. 27; PDF p. 35; South Africa total column",true,Census 2022 in Brief,Statistics South Africa,official national census report,1,high,0,674768,1480565,"The measure is language most often spoken with other household members, not mother tongue, proficiency, literacy, or academic-language comfort. The table excludes Not applicable (638,736) and Unspecified (258,967). Census label 'Sign language' does not identify a signed-language variety.",78FE83B5CDEC6DF3DBD491B456F1A5612064DB3125E516419E8C86FAA1CF612B,gross_named_spoken_language_observation,ZA-CENSUS-2022-HOUSEHOLD-LANGUAGE,mutually_exclusive_census_response_category,known_english_control_else_pending,territory_adult_literacy_proxy_sensitivity;unmeasured_low0_neutral0.5_high1_sensitivity,"Population values retain the source universe and reported interval status. Missing population intervals use a zero-to-point ranking sensitivity; missing practical access or academic overlap uses low 0, neutral 0.5, high 1. Base access is therefore a labelled sensitivity, not a measured harmed-population count.","No Nguni, Sotho-Tswana, or other family-level intelligibility coverage is inferred from this count. Exact 2022 census count for the printed language category. It measures language most often spoken in the household, not mother tongue, total speakers, literacy, or academic-language comfort. The common denominator is 59,876,448 coded persons; the table excludes 638,736 Not applicable and 258,967 Unspecified.",Do not sum this row with heterogeneous or overlapping observations as unique people unless an explicit disjoint-universe rule exists.
72,true,NAT-024,Bhojpuri Nepal profile,bho-Deva-NP,Nepal,regional_depth,Asia,South Asia,POP-NP-003,Bhojpuri,Nepal 2021 mother tongue,Nepal,written_text_candidate,Devanagari,regional_language_population,census_mother_tongue_persons,persons,1820795,1820795,1820795,1820795,1820795,source_interval_or_exact_bounds,2021,PM-S004,"Annex 1, printed p. 123",true,Languages in Nepal: National Population and Housing Census 2021 Thematic Report,"National Statistics Office, Nepal",official census thematic report,1,high,0,627264,1254528,Some census labels aggregate varieties; the Sign Language entry is a census mother-tongue response category rather than a full sign-language-use census.,1E41F6C52A47B93A88907007C13D2C38FDCA4303EAC203F8A5C5CF09C64086AF,source_named_language_observation,,standalone_observation,pending_central_coverage_join,direct_language_specific_literacy_rate;unmeasured_low0_neutral0.5_high1_sensitivity,"Population values retain the source universe and reported interval status. Missing population intervals use a zero-to-point ranking sensitivity; missing practical access or academic overlap uses low 0, neutral 0.5, high 1. Base access is therefore a labelled sensitivity, not a measured harmed-population count.",Cross-border overlap needs evidence.,Do not sum this row with heterogeneous or overlapping observations as unique people unless an explicit disjoint-universe rule exists.
73,true,EXP-029,Mauritius Mauritian Creole Latin-script edition,mfe-Latn-MU,Mauritius,regional_depth,Africa,Indian Ocean,POP-MU-004,Mauritian Creole,Statistics Mauritius source label Creole,Mauritius,written_text_candidate,Latin,creole_home_language,language_usually_spoken_at_home_persons,persons,1045558,1045558,1045558,1045558,1045558,source_interval_or_exact_bounds,2022,PM-S013,"Table D9, printed p. 165",true,"2022 Housing and Population Census, Volume II: Demographic and Fertility Characteristics",Statistics Mauritius,official census report,1,high,0,492917,1045558,Chinese languages is an aggregate. Home language is not necessarily L1. The published table excludes Agalega and St Brandon as documented in the report.,F21D1DC6543694352C92ACC1E41D632C1AF7822C4A44D0D19122F6046BABE1D5,source_named_language_observation,,standalone_observation,pending_central_coverage_join,territory_adult_literacy_proxy_sensitivity;unmeasured_low0_neutral0.5_high1_sensitivity,"Population values retain the source universe and reported interval status. Missing population intervals use a zero-to-point ranking sensitivity; missing practical access or academic overlap uses low 0, neutral 0.5, high 1. Base access is therefore a labelled sensitivity, not a measured harmed-population count.",Home-language count.,Do not sum this row with heterogeneous or overlapping observations as unique people unless an explicit disjoint-universe rule exists.
74,true,EXP-017,Ethiopia Hadiyya Latin-script edition,hdy-Latn-ET,Ethiopia,regional_depth,Africa,Horn of Africa,POP-ET-009,Hadiyya,Ethiopia 2007 source label Hadiyigna,Ethiopia,written_text_candidate,Latin,regional_mother_tongue,census_mother_tongue_persons,persons,1253894,1253894,1253894,1253894,1253894,source_interval_or_exact_bounds,2007,PM-S020,"Table 3.2, printed pp. 91-93",true,Population and Housing Census 2007: National Statistical Report,Central Statistical Agency of Ethiopia (now Ethiopian Statistical Service),official census statistical report,1,high,0,379052,1253894,"The observation is old but remains the latest Ethiopian national census. Several census labels, especially Guragiegna, aggregate distinct languages; counts are not current projections.",E21590781EC9843018369A590EAADE3B9407AE87E492B2A52451675E69FF396F,source_named_language_observation,,standalone_observation,pending_central_coverage_join,territory_adult_literacy_proxy_sensitivity;unmeasured_low0_neutral0.5_high1_sensitivity,"Population values retain the source universe and reported interval status. Missing population intervals use a zero-to-point ranking sensitivity; missing practical access or academic overlap uses low 0, neutral 0.5, high 1. Base access is therefore a labelled sensitivity, not a measured harmed-population count.",Old census observation; not projected.,Do not sum this row with heterogeneous or overlapping observations as unique people unless an explicit disjoint-universe rule exists.
75,true,EXP-025,South Africa isiNdebele Latin-script edition,nr-Latn-ZA,South Africa,regional_depth,Africa,Southern Africa,ZA-NBL-2022,isiNdebele,Census category: IsiNdebele; edition variety/standard unresolved,South Africa,written_text_candidate,Latin,resident population aged 1 year and older,census_language_most_often_spoken_in_household_persons_age_1_plus,persons,1044377,1044377,1044377,1044377,1044377,source_interval_or_exact_bounds,2022,ZA-S001,"Table 3.8 (2), printed p. 27; PDF p. 35; South Africa total column",true,Census 2022 in Brief,Statistics South Africa,official national census report,1,high,0,475975,1044377,"The measure is language most often spoken with other household members, not mother tongue, proficiency, literacy, or academic-language comfort. The table excludes Not applicable (638,736) and Unspecified (258,967). Census label 'Sign language' does not identify a signed-language variety.",78FE83B5CDEC6DF3DBD491B456F1A5612064DB3125E516419E8C86FAA1CF612B,gross_named_spoken_language_observation,ZA-CENSUS-2022-HOUSEHOLD-LANGUAGE,mutually_exclusive_census_response_category,known_english_control_else_pending,territory_adult_literacy_proxy_sensitivity;unmeasured_low0_neutral0.5_high1_sensitivity,"Population values retain the source universe and reported interval status. Missing population intervals use a zero-to-point ranking sensitivity; missing practical access or academic overlap uses low 0, neutral 0.5, high 1. Base access is therefore a labelled sensitivity, not a measured harmed-population count.","No Nguni, Sotho-Tswana, or other family-level intelligibility coverage is inferred from this count. Exact 2022 census count for the printed language category. It measures language most often spoken in the household, not mother tongue, total speakers, literacy, or academic-language comfort. The common denominator is 59,876,448 coded persons; the table excludes 638,736 Not applicable and 258,967 Unspecified.",Do not sum this row with heterogeneous or overlapping observations as unique people unless an explicit disjoint-universe rule exists.
76,true,OBS-GRG-US-025,Standard Haitian Creole,ht-Latn-HT,United States,regional_depth,Americas,North America (Caribbean diaspora),GRG-US-025,Haitian,exact ACS child language row; script not reported by source,United States,written_text_candidate,not asserted by population source,direct_language_sample_estimate,acs_2017_2021_estimated_persons_age5plus_language_spoken_at_home,estimated_persons,852440,867500,882560,852440,882560,source_interval_or_exact_bounds,2017-2021,GRG-S001,Nation worksheet row 11,true,Detailed Languages Spoken at Home and Ability to Speak English for the Population 5 Years and Over in the United States: 2017-2021,U.S. Census Bureau,official ACS five-year detailed-language tabulation,1,high,0,216875,882560,"Sample estimates, not enumerated counts. Universe is age 5 and over and the measure is language spoken at home, not mother tongue or educational access. Parent language-family rows overlap child rows and were excluded. Published margins of error are 90 percent intervals; nonsampling error is not included. Detailed estimates may not sum to aggregates because of rounding.",724E415C533B268820367A85739F76F4EC4CCC881A19C9C52C908E447D1C2533,source_named_language_observation,US-ACS-2017-2021-HOME-LANGUAGE,direct_language_population_observation,pending_central_coverage_join,unmeasured_low0_neutral0.5_high1_sensitivity;unmeasured_low0_neutral0.5_high1_sensitivity,"Population values retain the source universe and reported interval status. Missing population intervals use a zero-to-point ranking sensitivity; missing practical access or academic overlap uses low 0, neutral 0.5, high 1. Base access is therefore a labelled sensitivity, not a measured harmed-population count.",published point estimate; low and high are estimate minus and plus published 90 percent margin of error This is the indented child Haitian row and must not be summed with the bold Haitian parent aggregate at row 9 United States diaspora observation; sample estimate for persons age 5 plus and language spoken at home; source reports no script or orthography.,Do not sum this row with heterogeneous or overlapping observations as unique people unless an explicit disjoint-universe rule exists.
77,true,EXP-011,Indonesia Nias Latin-script edition,nia-Latn-ID,Indonesia,regional_depth,Asia,Southeast Asia,POP-ID-017,Nias,BPS source label Nias,Indonesia,written_text_candidate,Latin,regional_home_language,daily_language_at_home_age5plus_persons,persons,747168,747168,747168,747168,747168,source_interval_or_exact_bounds,2010,PM-S005,"Table L4.1, printed p. 47",true,"Kewarganegaraan, Suku Bangsa, Agama, dan Bahasa Sehari-hari Penduduk Indonesia: Hasil Sensus Penduduk 2010",BPS-Statistics Indonesia,official census publication,1,high,0,358641,747168,"Home-use counts are not L1 totals. Several rows are broad language groups, including Batak and regional clusters; only individually named cells are retained here.",,source_named_language_observation,,standalone_observation,pending_central_coverage_join,territory_adult_literacy_proxy_sensitivity;unmeasured_low0_neutral0.5_high1_sensitivity,"Population values retain the source universe and reported interval status. Missing population intervals use a zero-to-point ranking sensitivity; missing practical access or academic overlap uses low 0, neutral 0.5, high 1. Base access is therefore a labelled sensitivity, not a measured harmed-population count.",Count is 2010 and not a current estimate.,Do not sum this row with heterogeneous or overlapping observations as unique people unless an explicit disjoint-universe rule exists.
78,true,NAT-026,Avadhi Nepal profile,awa-Deva-NP,Nepal,regional_depth,Asia,South Asia,POP-NP-007,Avadhi,Nepal 2021 source label Avadhi,Nepal,written_text_candidate,Devanagari,regional_language_population,census_mother_tongue_persons,persons,864276,864276,864276,864276,864276,source_interval_or_exact_bounds,2021,PM-S004,"Annex 1, printed p. 123",true,Languages in Nepal: National Population and Housing Census 2021 Thematic Report,"National Statistics Office, Nepal",official census thematic report,1,high,0,276568,553137,Some census labels aggregate varieties; the Sign Language entry is a census mother-tongue response category rather than a full sign-language-use census.,1E41F6C52A47B93A88907007C13D2C38FDCA4303EAC203F8A5C5CF09C64086AF,source_named_language_observation,,standalone_observation,pending_central_coverage_join,direct_language_specific_literacy_rate;unmeasured_low0_neutral0.5_high1_sensitivity,"Population values retain the source universe and reported interval status. Missing population intervals use a zero-to-point ranking sensitivity; missing practical access or academic overlap uses low 0, neutral 0.5, high 1. Base access is therefore a labelled sensitivity, not a measured harmed-population count.",Cross-border educational standard needs evidence.,Do not sum this row with heterogeneous or overlapping observations as unique people unless an explicit disjoint-universe rule exists.
79,true,EXP-030,Zimbabwe Ndau Latin-script edition,ndc-Latn-ZW,Zimbabwe,regional_depth,Africa,Southern Africa,POP-ZW-006,Ndau,ZIMSTAT source label Ndau,Zimbabwe,written_text_candidate,Latin,regional_language_population,census_mother_tongue_persons,persons,372607,372607,372607,372607,372607,source_interval_or_exact_bounds,2022,PM-S011,"Table 2.17, printed p. 123",true,"Zimbabwe 2022 Population and Housing Census Report, Volume 1",Zimbabwe National Statistics Agency (ZIMSTAT),official census report,1,high,0,173691,372607,"Census labels do not resolve every dialect or orthographic choice. Sign Language is a census mother-tongue category, not a complete sign-language-use measure.",BDEBD23BE87E1AA5C1EC73874EFF733A524A93BAD6FCCF7DA7E9C854666BB1ED,source_named_language_observation,,standalone_observation,pending_central_coverage_join,territory_adult_literacy_proxy_sensitivity;unmeasured_low0_neutral0.5_high1_sensitivity,"Population values retain the source universe and reported interval status. Missing population intervals use a zero-to-point ranking sensitivity; missing practical access or academic overlap uses low 0, neutral 0.5, high 1. Base access is therefore a labelled sensitivity, not a measured harmed-population count.",Exact census category.,Do not sum this row with heterogeneous or overlapping observations as unique people unless an explicit disjoint-universe rule exists.
80,true,OBS-GRG-PL-002,Silesian in ślabikŏrzowy szrajbōnek,szl-Latn-PL,Poland,regional_depth,Europe,Central Europe,GRG-PL-002,Silesian,exact bilingual census language row; script not reported by source,Poland,written_text_candidate,not asserted by population source,direct_language_census_count,census_languages_used_at_home_multiple_response_persons,persons,467145,467145,467145,467145,467145,source_interval_or_exact_bounds,2021-03-31,GRG-S006,Table 7.5 printed page 120 PDF page 122; śląski Silesian row,true,Size and demographic-social structure in the light of the 2021 Census results,Statistics Poland,official national census publication,1,high,0,116786,467145,"Multiple language responses were allowed, so rows overlap and must not be summed. The table measures language used at home, not L1 or academic-language comfort. Official bilingual labels are retained exactly. The population source does not report scripts or orthographies.",F410C5BDB49B71C3F4A0785F750D4944537F822B3CC679C4B38A181CE2713CBC,source_named_language_observation,PL-CENSUS-2021-HOME-LANG-MR,direct_language_population_observation,pending_central_coverage_join,unmeasured_low0_neutral0.5_high1_sensitivity;unmeasured_low0_neutral0.5_high1_sensitivity,"Population values retain the source universe and reported interval status. Missing population intervals use a zero-to-point ranking sensitivity; missing practical access or academic overlap uses low 0, neutral 0.5, high 1. Base access is therefore a labelled sensitivity, not a measured harmed-population count.",published total persons using the language at home; no interval supplied; low equals base equals high Multiple responses were allowed; language rows overlap and must not be summed Census language used at home is not an L1 count or educational-access measure; source reports no script or orthography.,Do not sum this row with heterogeneous or overlapping observations as unique people unless an explicit disjoint-universe rule exists.
81,true,NAT-041,Tetum Prasa,tet-Latn-TL,Timor-Leste,regional_depth,Asia,Southeast Asia,ALG-TL-L001,Tetun Prasa,national mother-tongue variety,Timor-Leste,written_text_candidate,,direct_language_population,census_mother_tongue_persons,persons,361027,361027,361027,361027,361027,source_interval_or_exact_bounds,2015,ALG-S014,"Sheet 2.12, Table 12",true,Timor-Leste Population and Housing Census 2015 Volume 2 Language Tables,General Directorate of Statistics Timor-Leste,official national census workbook,1,high,0,125276,361027,The official DGS workbook is preserved from a longstanding external mirror archive. Counts are direct mother-tongue totals; distinct source varieties such as Tetun Prasa and Tetun Terik remain separate.,6330C19CCFF1204763546E205BE4D86BF5687461BA4AC4EF9F09D13E79D28FF2,source_named_language_observation,TL-MT-2015,direct_language_population_observation,pending_central_coverage_join,territory_adult_literacy_proxy_sensitivity;unmeasured_low0_neutral0.5_high1_sensitivity,"Population values retain the source universe and reported interval status. Missing population intervals use a zero-to-point ranking sensitivity; missing practical access or academic overlap uses low 0, neutral 0.5, high 1. Base access is therefore a labelled sensitivity, not a measured harmed-population count.",Mutually exclusive mother-tongue category Tetun Prasa remains separate from Tetun Terik despite sharing ISO 639-3 tet.,Do not sum this row with heterogeneous or overlapping observations as unique people unless an explicit disjoint-universe rule exists.
82,true,OBS-POP-SN-AFG-005,"Senegal Mandinka (Màndienka), official Latin profile",mnk-Latn-SN,Senegal,regional_depth,Africa,Western Africa,POP-SN-AFG-005,Màndienka,Màndienka principal-language census category,Senegal,written_text_candidate,not asserted by population source,resident_population_age_3_plus,census_principal_language_commonly_spoken_persons_age_3_plus,persons,465052,465052,465052,465052,465052,source_interval_or_exact_bounds,2023,AFG-S009,"Tableau I-32, printed p.57, Ensemble effectif for Màndienka",true,"RGPH-5 2023 definitive report, Theme I: Etat et structure, urbanisation et caractéristiques socioculturelles de la population","Agence Nationale de la Statistique et de la Démographie (ANSD), Senegal",official census report,1,high,0,117100,465052,"Principal-language categories are mutually exclusive and do not measure all languages spoken, literacy, or academic reading ability. Joola is not a single exact variety. ISO mappings are editorial and not supplied by the census table.",5DCA370935549249A1883522A7E6CDDBD6282140571A7F1B874AC9EAB2BF16B2,exact_source_language_label_editorial_iso_mapping_pending_central_review,SEN_RGPH5_PRINCIPAL_LANGUAGE_EXCLUSIVE,mutually_exclusive_principal_language_category,pending_central_coverage_join,territory_adult_literacy_proxy_sensitivity;unmeasured_low0_neutral0.5_high1_sensitivity,"Population values retain the source universe and reported interval status. Missing population intervals use a zero-to-point ranking sensitivity; missing practical access or academic overlap uses low 0, neutral 0.5, high 1. Base access is therefore a labelled sensitivity, not a measured harmed-population count.","Exact principal-language category for residents age 3+, not all speakers, literacy, or academic reading comfort. The categories in Tableau I-32 are mutually exclusive and must not be combined with another measure as if independent. ISO mapping is editorial; script and orthography are not established by this table.",Do not sum this row with heterogeneous or overlapping observations as unique people unless an explicit disjoint-universe rule exists.
83,true,OBS-GRG-US-030,YIVO Standard Yiddish edition for the explicitly named YIVO-reading audience,ydd-Hebr-US,United States,regional_depth,Americas,North America (European nonterritorial diaspora),GRG-US-030,Eastern Yiddish,exact ACS language row; script not reported by source,United States,written_text_candidate,not asserted by population source,direct_language_sample_estimate,acs_2017_2021_estimated_persons_age5plus_language_spoken_at_home,estimated_persons,189401,194800,200199,189401,200199,source_interval_or_exact_bounds,2017-2021,GRG-S001,Nation worksheet row 24,true,Detailed Languages Spoken at Home and Ability to Speak English for the Population 5 Years and Over in the United States: 2017-2021,U.S. Census Bureau,official ACS five-year detailed-language tabulation,1,high,0,48700,200199,"Sample estimates, not enumerated counts. Universe is age 5 and over and the measure is language spoken at home, not mother tongue or educational access. Parent language-family rows overlap child rows and were excluded. Published margins of error are 90 percent intervals; nonsampling error is not included. Detailed estimates may not sum to aggregates because of rounding.",724E415C533B268820367A85739F76F4EC4CCC881A19C9C52C908E447D1C2533,source_named_language_observation,US-ACS-2017-2021-HOME-LANGUAGE,direct_language_population_observation,pending_central_coverage_join,unmeasured_low0_neutral0.5_high1_sensitivity;unmeasured_low0_neutral0.5_high1_sensitivity,"Population values retain the source universe and reported interval status. Missing population intervals use a zero-to-point ranking sensitivity; missing practical access or academic overlap uses low 0, neutral 0.5, high 1. Base access is therefore a labelled sensitivity, not a measured harmed-population count. Profile recovery: ACS Yiddish does not identify YIVO versus Hasidic orthographic audience; the interval is an upper ceiling for this edition Caveat: Exact edition is reproducible but its audience share inside the pooled ACS observation is unknown.",published point estimate; low and high are estimate minus and plus published 90 percent margin of error Selected child language categories are mutually exclusive in the source hierarchy; do not combine with parent West Germanic totals United States diaspora observation; sample estimate for persons age 5 plus and language spoken at home; source reports no script or orthography.,Do not sum this row with heterogeneous or overlapping observations as unique people unless an explicit disjoint-universe rule exists.
84,true,OBS-GRG-US-029,English-oriented Pennsylvania German spelling used by Vitt Du Deitsh Shvetza / Di Heilich Shrift / Ich Kann PA Deitsh Shreiva,pdc-Latn-US,United States,regional_depth,Americas,North America (European nonterritorial diaspora),GRG-US-029,Pennsylvania German,exact ACS language row; script not reported by source,United States,written_text_candidate,not asserted by population source,direct_language_sample_estimate,acs_2017_2021_estimated_persons_age5plus_language_spoken_at_home,estimated_persons,179920,185200,190480,179920,190480,source_interval_or_exact_bounds,2017-2021,GRG-S001,Nation worksheet row 22,true,Detailed Languages Spoken at Home and Ability to Speak English for the Population 5 Years and Over in the United States: 2017-2021,U.S. Census Bureau,official ACS five-year detailed-language tabulation,1,high,0,46300,190480,"Sample estimates, not enumerated counts. Universe is age 5 and over and the measure is language spoken at home, not mother tongue or educational access. Parent language-family rows overlap child rows and were excluded. Published margins of error are 90 percent intervals; nonsampling error is not included. Detailed estimates may not sum to aggregates because of rounding.",724E415C533B268820367A85739F76F4EC4CCC881A19C9C52C908E447D1C2533,source_named_language_observation,US-ACS-2017-2021-HOME-LANGUAGE,direct_language_population_observation,pending_central_coverage_join,unmeasured_low0_neutral0.5_high1_sensitivity;unmeasured_low0_neutral0.5_high1_sensitivity,"Population values retain the source universe and reported interval status. Missing population intervals use a zero-to-point ranking sensitivity; missing practical access or academic overlap uses low 0, neutral 0.5, high 1. Base access is therefore a labelled sensitivity, not a measured harmed-population count. Profile recovery: ACS Pennsylvania German does not identify spelling-system competence; interval is an edition ceiling Caveat: The alternative German-oriented system is not claimed covered.",published point estimate; low and high are estimate minus and plus published 90 percent margin of error Selected child language categories are mutually exclusive in the source hierarchy; do not combine with parent West Germanic totals United States diaspora observation; sample estimate for persons age 5 plus and language spoken at home; source reports no script or orthography.,Do not sum this row with heterogeneous or overlapping observations as unique people unless an explicit disjoint-universe rule exists.
85,true,EXP-031,Timor-Leste Makasai Latin-script edition,mkz-Latn-TL,Timor-Leste,regional_depth,Asia,Southeast Asia,ALG-TL-L003,Makasai,national mother-tongue variety,Timor-Leste,written_text_candidate,,direct_language_population,census_mother_tongue_persons,persons,123840,123840,123840,123840,123840,source_interval_or_exact_bounds,2015,ALG-S014,"Sheet 2.12, Table 12",true,Timor-Leste Population and Housing Census 2015 Volume 2 Language Tables,General Directorate of Statistics Timor-Leste,official national census workbook,1,high,0,42972,123840,The official DGS workbook is preserved from a longstanding external mirror archive. Counts are direct mother-tongue totals; distinct source varieties such as Tetun Prasa and Tetun Terik remain separate.,6330C19CCFF1204763546E205BE4D86BF5687461BA4AC4EF9F09D13E79D28FF2,source_named_language_observation,TL-MT-2015,direct_language_population_observation,pending_central_coverage_join,territory_adult_literacy_proxy_sensitivity;unmeasured_low0_neutral0.5_high1_sensitivity,"Population values retain the source universe and reported interval status. Missing population intervals use a zero-to-point ranking sensitivity; missing practical access or academic overlap uses low 0, neutral 0.5, high 1. Base access is therefore a labelled sensitivity, not a measured harmed-population count.",Mutually exclusive mother-tongue category Direct national census mother-tongue count.,Do not sum this row with heterogeneous or overlapping observations as unique people unless an explicit disjoint-universe rule exists.
86,true,OBS-GRG-US-003,Diné Bizaad in Navajo Nation school orthography,nv-Latn-US,United States,regional_depth,Americas,North America,GRG-US-003,Navajo,exact ACS language row; script not reported by source,United States,written_text_candidate,not asserted by population source,direct_language_sample_estimate,acs_2017_2021_estimated_persons_age5plus_language_spoken_at_home,estimated_persons,158202,161200,164198,158202,164198,source_interval_or_exact_bounds,2017-2021,GRG-S001,Nation worksheet row 488,true,Detailed Languages Spoken at Home and Ability to Speak English for the Population 5 Years and Over in the United States: 2017-2021,U.S. Census Bureau,official ACS five-year detailed-language tabulation,1,high,0,40300,164198,"Sample estimates, not enumerated counts. Universe is age 5 and over and the measure is language spoken at home, not mother tongue or educational access. Parent language-family rows overlap child rows and were excluded. Published margins of error are 90 percent intervals; nonsampling error is not included. Detailed estimates may not sum to aggregates because of rounding.",724E415C533B268820367A85739F76F4EC4CCC881A19C9C52C908E447D1C2533,source_named_language_observation,US-ACS-2017-2021-HOME-LANGUAGE,direct_language_population_observation,pending_central_coverage_join,unmeasured_low0_neutral0.5_high1_sensitivity;unmeasured_low0_neutral0.5_high1_sensitivity,"Population values retain the source universe and reported interval status. Missing population intervals use a zero-to-point ranking sensitivity; missing practical access or academic overlap uses low 0, neutral 0.5, high 1. Base access is therefore a labelled sensitivity, not a measured harmed-population count.",published point estimate; low and high are estimate minus and plus published 90 percent margin of error Selected child language categories are mutually exclusive in the source hierarchy; do not combine with parent family totals Sample estimate for persons age 5 plus and language spoken at home; not an L1 count; source reports no script or orthography.,Do not sum this row with heterogeneous or overlapping observations as unique people unless an explicit disjoint-universe rule exists.
87,true,EXP-026,Peru Ashaninka Latin-script edition,cni-Latn-PE,Peru,small_population_prestige_domain_screen,Americas,South America,POP-PE-003,Ashaninka,INEI source label Ashaninka,Peru,written_text_candidate,Latin,Indigenous_language_population,census_language_learned_in_childhood_age3plus_persons,persons,73567,73567,73567,73567,73567,source_interval_or_exact_bounds,2017,PM-S007,"Cuadro 4, printed p. 618",true,"Peru: Perfil Sociodemográfico, Censos Nacionales 2017",Instituto Nacional de Estadística e Informática (INEI),official census report,1,high,0,34451,73567,Quechua and Aimara are aggregate census labels spanning varieties. The total column is used from a health-insurance cross-tabulation; it remains the national count for the stated age and language universe.,899D64794B9CE1596F4CBB779B293C2D4D094E0368FABC6D9A14CC53CDCFBF53,source_named_language_observation,,standalone_observation,pending_central_coverage_join,territory_adult_literacy_proxy_sensitivity;unmeasured_low0_neutral0.5_high1_sensitivity,"Population values retain the source universe and reported interval status. Missing population intervals use a zero-to-point ranking sensitivity; missing practical access or academic overlap uses low 0, neutral 0.5, high 1. Base access is therefore a labelled sensitivity, not a measured harmed-population count.","Language learned in childhood, not current proficiency.",Do not sum this row with heterogeneous or overlapping observations as unique people unless an explicit disjoint-universe rule exists.
88,true,EXP-036,New Zealand Samoan Latin-script edition,sm-Latn-NZ,New Zealand,regional_depth,Oceania,Polynesia,POP-NZ-003,Samoan,Stats NZ source label Samoan,New Zealand,written_text_candidate,Latin,Pacific_diaspora_language_population,census_languages_spoken_multiple_response_persons,persons,110539,110541,110543,110539,110543,source_interval_or_exact_bounds,2023,PM-S014,"Total New Zealand population, 2023 column",true,Place and ethnic group summaries: Total New Zealand population language comparator,Stats NZ,official census summary table,1,high,0,27635,110543,"Multiple responses are permitted and figures use fixed random rounding; rows are not L1 counts and must not be summed. Northern Chinese is a census category, not a single unqualified language target.",,source_named_language_observation,,standalone_observation,pending_central_coverage_join,unmeasured_low0_neutral0.5_high1_sensitivity;unmeasured_low0_neutral0.5_high1_sensitivity,"Population values retain the source universe and reported interval status. Missing population intervals use a zero-to-point ranking sensitivity; missing practical access or academic overlap uses low 0, neutral 0.5, high 1. Base access is therefore a labelled sensitivity, not a measured harmed-population count.",Range allows fixed random rounding; multiple responses.,Do not sum this row with heterogeneous or overlapping observations as unique people unless an explicit disjoint-universe rule exists.
89,true,EXP-027,Peru Awajun Latin-script edition,agr-Latn-PE,Peru,small_population_prestige_domain_screen,Americas,South America,POP-PE-004,Awajun,INEI source label Awajún / Aguaruna,Peru,written_text_candidate,Latin,Indigenous_language_population,census_language_learned_in_childhood_age3plus_persons,persons,56584,56584,56584,56584,56584,source_interval_or_exact_bounds,2017,PM-S007,"Cuadro 4, printed p. 618",true,"Peru: Perfil Sociodemográfico, Censos Nacionales 2017",Instituto Nacional de Estadística e Informática (INEI),official census report,1,high,0,26498,56584,Quechua and Aimara are aggregate census labels spanning varieties. The total column is used from a health-insurance cross-tabulation; it remains the national count for the stated age and language universe.,899D64794B9CE1596F4CBB779B293C2D4D094E0368FABC6D9A14CC53CDCFBF53,source_named_language_observation,,standalone_observation,pending_central_coverage_join,territory_adult_literacy_proxy_sensitivity;unmeasured_low0_neutral0.5_high1_sensitivity,"Population values retain the source universe and reported interval status. Missing population intervals use a zero-to-point ranking sensitivity; missing practical access or academic overlap uses low 0, neutral 0.5, high 1. Base access is therefore a labelled sensitivity, not a measured harmed-population count.","Language learned in childhood, not current proficiency.",Do not sum this row with heterogeneous or overlapping observations as unique people unless an explicit disjoint-universe rule exists.
90,true,OBS-GRG-PL-004,School-standard Kashubian,csb-Latn-PL,Poland,small_population_prestige_domain_screen,Europe,Central Europe,GRG-PL-004,Kashubian,exact bilingual census language row; script not reported by source,Poland,written_text_candidate,not asserted by population source,direct_language_census_count,census_languages_used_at_home_multiple_response_persons,persons,89198,89198,89198,89198,89198,source_interval_or_exact_bounds,2021-03-31,GRG-S006,Table 7.5 printed page 120 PDF page 122; kaszubski Kashubian row,true,Size and demographic-social structure in the light of the 2021 Census results,Statistics Poland,official national census publication,1,high,0,22300,89198,"Multiple language responses were allowed, so rows overlap and must not be summed. The table measures language used at home, not L1 or academic-language comfort. Official bilingual labels are retained exactly. The population source does not report scripts or orthographies.",F410C5BDB49B71C3F4A0785F750D4944537F822B3CC679C4B38A181CE2713CBC,source_named_language_observation,PL-CENSUS-2021-HOME-LANG-MR,direct_language_population_observation,pending_central_coverage_join,unmeasured_low0_neutral0.5_high1_sensitivity;unmeasured_low0_neutral0.5_high1_sensitivity,"Population values retain the source universe and reported interval status. Missing population intervals use a zero-to-point ranking sensitivity; missing practical access or academic overlap uses low 0, neutral 0.5, high 1. Base access is therefore a labelled sensitivity, not a measured harmed-population count.",published total persons using the language at home; no interval supplied; low equals base equals high Multiple responses were allowed; language rows overlap and must not be summed Census language used at home is not an L1 count or educational-access measure; source reports no script or orthography.,Do not sum this row with heterogeneous or overlapping observations as unique people unless an explicit disjoint-universe rule exists.
91,true,EXP-032,Timor-Leste Kemak Latin-script edition,kem-Latn-TL,Timor-Leste,small_population_prestige_domain_screen,Asia,Southeast Asia,ALG-TL-L006,Kemak,national mother-tongue variety,Timor-Leste,written_text_candidate,,direct_language_population,census_mother_tongue_persons,persons,68995,68995,68995,68995,68995,source_interval_or_exact_bounds,2015,ALG-S014,"Sheet 2.12, Table 12",true,Timor-Leste Population and Housing Census 2015 Volume 2 Language Tables,General Directorate of Statistics Timor-Leste,official national census workbook,1,high,0,23941,68995,The official DGS workbook is preserved from a longstanding external mirror archive. Counts are direct mother-tongue totals; distinct source varieties such as Tetun Prasa and Tetun Terik remain separate.,6330C19CCFF1204763546E205BE4D86BF5687461BA4AC4EF9F09D13E79D28FF2,source_named_language_observation,TL-MT-2015,direct_language_population_observation,pending_central_coverage_join,territory_adult_literacy_proxy_sensitivity;unmeasured_low0_neutral0.5_high1_sensitivity,"Population values retain the source universe and reported interval status. Missing population intervals use a zero-to-point ranking sensitivity; missing practical access or academic overlap uses low 0, neutral 0.5, high 1. Base access is therefore a labelled sensitivity, not a measured harmed-population count.",Mutually exclusive mother-tongue category Direct national census mother-tongue count.,Do not sum this row with heterogeneous or overlapping observations as unique people unless an explicit disjoint-universe rule exists.
92,true,OBS-GRG-US-026,Jamaican Creole in Cassidy/JLU orthography,jam-Latn-JM,United States,small_population_prestige_domain_screen,Americas,North America (Caribbean diaspora),GRG-US-026,Jamaican Creole English,exact ACS language row; script not reported by source,United States,written_text_candidate,not asserted by population source,direct_language_sample_estimate,acs_2017_2021_estimated_persons_age5plus_language_spoken_at_home,estimated_persons,68605,72000,75395,68605,75395,source_interval_or_exact_bounds,2017-2021,GRG-S001,Nation worksheet row 255,true,Detailed Languages Spoken at Home and Ability to Speak English for the Population 5 Years and Over in the United States: 2017-2021,U.S. Census Bureau,official ACS five-year detailed-language tabulation,1,high,0,18000,75395,"Sample estimates, not enumerated counts. Universe is age 5 and over and the measure is language spoken at home, not mother tongue or educational access. Parent language-family rows overlap child rows and were excluded. Published margins of error are 90 percent intervals; nonsampling error is not included. Detailed estimates may not sum to aggregates because of rounding.",724E415C533B268820367A85739F76F4EC4CCC881A19C9C52C908E447D1C2533,source_named_language_observation,US-ACS-2017-2021-HOME-LANGUAGE,direct_language_population_observation,pending_central_coverage_join,unmeasured_low0_neutral0.5_high1_sensitivity;unmeasured_low0_neutral0.5_high1_sensitivity,"Population values retain the source universe and reported interval status. Missing population intervals use a zero-to-point ranking sensitivity; missing practical access or academic overlap uses low 0, neutral 0.5, high 1. Base access is therefore a labelled sensitivity, not a measured harmed-population count.",published point estimate; low and high are estimate minus and plus published 90 percent margin of error Selected child language categories are mutually exclusive in the source hierarchy; do not combine with parent Creole totals United States diaspora observation; sample estimate for persons age 5 plus and language spoken at home; source reports no script or orthography.,Do not sum this row with heterogeneous or overlapping observations as unique people unless an explicit disjoint-universe rule exists.
93,true,EXP-033,Timor-Leste Bunak Latin-script edition,bfn-Latn-TL,Timor-Leste,small_population_prestige_domain_screen,Asia,Southeast Asia,ALG-TL-L007,Bunak,national mother-tongue variety,Timor-Leste,written_text_candidate,,direct_language_population,census_mother_tongue_persons,persons,64686,64686,64686,64686,64686,source_interval_or_exact_bounds,2015,ALG-S014,"Sheet 2.12, Table 12",true,Timor-Leste Population and Housing Census 2015 Volume 2 Language Tables,General Directorate of Statistics Timor-Leste,official national census workbook,1,high,0,22446,64686,The official DGS workbook is preserved from a longstanding external mirror archive. Counts are direct mother-tongue totals; distinct source varieties such as Tetun Prasa and Tetun Terik remain separate.,6330C19CCFF1204763546E205BE4D86BF5687461BA4AC4EF9F09D13E79D28FF2,source_named_language_observation,TL-MT-2015,direct_language_population_observation,pending_central_coverage_join,territory_adult_literacy_proxy_sensitivity;unmeasured_low0_neutral0.5_high1_sensitivity,"Population values retain the source universe and reported interval status. Missing population intervals use a zero-to-point ranking sensitivity; missing practical access or academic overlap uses low 0, neutral 0.5, high 1. Base access is therefore a labelled sensitivity, not a measured harmed-population count.",Mutually exclusive mother-tongue category Direct national census mother-tongue count.,Do not sum this row with heterogeneous or overlapping observations as unique people unless an explicit disjoint-universe rule exists.
94,true,EXP-034,Timor-Leste Tokodede Latin-script edition,tkd-Latn-TL,Timor-Leste,small_population_prestige_domain_screen,Asia,Southeast Asia,ALG-TL-L008,Tokodede,national mother-tongue variety,Timor-Leste,written_text_candidate,,direct_language_population,census_mother_tongue_persons,persons,46784,46784,46784,46784,46784,source_interval_or_exact_bounds,2015,ALG-S014,"Sheet 2.12, Table 12",true,Timor-Leste Population and Housing Census 2015 Volume 2 Language Tables,General Directorate of Statistics Timor-Leste,official national census workbook,1,high,0,16234,46784,The official DGS workbook is preserved from a longstanding external mirror archive. Counts are direct mother-tongue totals; distinct source varieties such as Tetun Prasa and Tetun Terik remain separate.,6330C19CCFF1204763546E205BE4D86BF5687461BA4AC4EF9F09D13E79D28FF2,source_named_language_observation,TL-MT-2015,direct_language_population_observation,pending_central_coverage_join,territory_adult_literacy_proxy_sensitivity;unmeasured_low0_neutral0.5_high1_sensitivity,"Population values retain the source universe and reported interval status. Missing population intervals use a zero-to-point ranking sensitivity; missing practical access or academic overlap uses low 0, neutral 0.5, high 1. Base access is therefore a labelled sensitivity, not a measured harmed-population count.",Mutually exclusive mother-tongue category Direct national census mother-tongue count.,Do not sum this row with heterogeneous or overlapping observations as unique people unless an explicit disjoint-universe rule exists.
95,true,EXP-028,Peru Shipibo-Konibo Latin-script edition,shp-Latn-PE,Peru,small_population_prestige_domain_screen,Americas,South America,POP-PE-005,Shipibo-Konibo,INEI source label Shipibo-Konibo,Peru,written_text_candidate,Latin,Indigenous_language_population,census_language_learned_in_childhood_age3plus_persons,persons,34152,34152,34152,34152,34152,source_interval_or_exact_bounds,2017,PM-S007,"Cuadro 4, printed p. 618",true,"Peru: Perfil Sociodemográfico, Censos Nacionales 2017",Instituto Nacional de Estadística e Informática (INEI),official census report,1,high,0,15993,34152,Quechua and Aimara are aggregate census labels spanning varieties. The total column is used from a health-insurance cross-tabulation; it remains the national count for the stated age and language universe.,899D64794B9CE1596F4CBB779B293C2D4D094E0368FABC6D9A14CC53CDCFBF53,source_named_language_observation,,standalone_observation,pending_central_coverage_join,territory_adult_literacy_proxy_sensitivity;unmeasured_low0_neutral0.5_high1_sensitivity,"Population values retain the source universe and reported interval status. Missing population intervals use a zero-to-point ranking sensitivity; missing practical access or academic overlap uses low 0, neutral 0.5, high 1. Base access is therefore a labelled sensitivity, not a measured harmed-population count.",Language learned in childhood.,Do not sum this row with heterogeneous or overlapping observations as unique people unless an explicit disjoint-universe rule exists.
96,true,NAT-044,Fataluku,ddg-Latn-TL,Timor-Leste,small_population_prestige_domain_screen,Asia,Southeast Asia,ALG-TL-L009,Fataluku,national mother-tongue variety,Timor-Leste,written_text_candidate,,direct_language_population,census_mother_tongue_persons,persons,41500,41500,41500,41500,41500,source_interval_or_exact_bounds,2015,ALG-S014,"Sheet 2.12, Table 12",true,Timor-Leste Population and Housing Census 2015 Volume 2 Language Tables,General Directorate of Statistics Timor-Leste,official national census workbook,1,high,0,14401,41500,The official DGS workbook is preserved from a longstanding external mirror archive. Counts are direct mother-tongue totals; distinct source varieties such as Tetun Prasa and Tetun Terik remain separate.,6330C19CCFF1204763546E205BE4D86BF5687461BA4AC4EF9F09D13E79D28FF2,source_named_language_observation,TL-MT-2015,direct_language_population_observation,pending_central_coverage_join,territory_adult_literacy_proxy_sensitivity;unmeasured_low0_neutral0.5_high1_sensitivity,"Population values retain the source universe and reported interval status. Missing population intervals use a zero-to-point ranking sensitivity; missing practical access or academic overlap uses low 0, neutral 0.5, high 1. Base access is therefore a labelled sensitivity, not a measured harmed-population count.",Mutually exclusive mother-tongue category Direct national census mother-tongue count.,Do not sum this row with heterogeneous or overlapping observations as unique people unless an explicit disjoint-universe rule exists.
97,true,OBS-GRG-US-023,Standard ʻŌlelo Hawaiʻi with ʻokina and kahakō,haw-Latn-US,United States,small_population_prestige_domain_screen,Americas,North America (Pacific diaspora),GRG-US-023,Hawaiian,exact ACS language row; script not reported by source,United States,written_text_candidate,not asserted by population source,direct_language_sample_estimate,acs_2017_2021_estimated_persons_age5plus_language_spoken_at_home,estimated_persons,30623,32730,34837,30623,34837,source_interval_or_exact_bounds,2017-2021,GRG-S001,Nation worksheet row 246,true,Detailed Languages Spoken at Home and Ability to Speak English for the Population 5 Years and Over in the United States: 2017-2021,U.S. Census Bureau,official ACS five-year detailed-language tabulation,1,high,0,8182,34837,"Sample estimates, not enumerated counts. Universe is age 5 and over and the measure is language spoken at home, not mother tongue or educational access. Parent language-family rows overlap child rows and were excluded. Published margins of error are 90 percent intervals; nonsampling error is not included. Detailed estimates may not sum to aggregates because of rounding.",724E415C533B268820367A85739F76F4EC4CCC881A19C9C52C908E447D1C2533,source_named_language_observation,US-ACS-2017-2021-HOME-LANGUAGE,direct_language_population_observation,pending_central_coverage_join,unmeasured_low0_neutral0.5_high1_sensitivity;unmeasured_low0_neutral0.5_high1_sensitivity,"Population values retain the source universe and reported interval status. Missing population intervals use a zero-to-point ranking sensitivity; missing practical access or academic overlap uses low 0, neutral 0.5, high 1. Base access is therefore a labelled sensitivity, not a measured harmed-population count.",published point estimate; low and high are estimate minus and plus published 90 percent margin of error Selected child language categories are mutually exclusive in the source hierarchy; do not combine with parent family totals United States diaspora observation; sample estimate for persons age 5 plus and language spoken at home; source reports no script or orthography.,Do not sum this row with heterogeneous or overlapping observations as unique people unless an explicit disjoint-universe rule exists.
98,true,OBS-GRG-US-017,Standard Marshallese under the 2010 Orthography Act,mh-Latn-MH,United States,small_population_prestige_domain_screen,Americas,North America (Pacific diaspora),GRG-US-017,Marshallese,exact ACS language row; script not reported by source,United States,written_text_candidate,not asserted by population source,direct_language_sample_estimate,acs_2017_2021_estimated_persons_age5plus_language_spoken_at_home,estimated_persons,25198,27160,29122,25198,29122,source_interval_or_exact_bounds,2017-2021,GRG-S001,Nation worksheet row 234,true,Detailed Languages Spoken at Home and Ability to Speak English for the Population 5 Years and Over in the United States: 2017-2021,U.S. Census Bureau,official ACS five-year detailed-language tabulation,1,high,0,6790,29122,"Sample estimates, not enumerated counts. Universe is age 5 and over and the measure is language spoken at home, not mother tongue or educational access. Parent language-family rows overlap child rows and were excluded. Published margins of error are 90 percent intervals; nonsampling error is not included. Detailed estimates may not sum to aggregates because of rounding.",724E415C533B268820367A85739F76F4EC4CCC881A19C9C52C908E447D1C2533,source_named_language_observation,US-ACS-2017-2021-HOME-LANGUAGE,direct_language_population_observation,pending_central_coverage_join,unmeasured_low0_neutral0.5_high1_sensitivity;unmeasured_low0_neutral0.5_high1_sensitivity,"Population values retain the source universe and reported interval status. Missing population intervals use a zero-to-point ranking sensitivity; missing practical access or academic overlap uses low 0, neutral 0.5, high 1. Base access is therefore a labelled sensitivity, not a measured harmed-population count.",published point estimate; low and high are estimate minus and plus published 90 percent margin of error Selected child language categories are mutually exclusive in the source hierarchy; do not combine with parent family totals United States diaspora observation; sample estimate for persons age 5 plus and language spoken at home; source reports no script or orthography.,Do not sum this row with heterogeneous or overlapping observations as unique people unless an explicit disjoint-universe rule exists.
99,true,EXP-035,Timor-Leste Waima'a Latin-script edition,wmh-Latn-TL,Timor-Leste,small_population_prestige_domain_screen,Asia,Southeast Asia,ALG-TL-L010,Waima’a,national mother-tongue variety,Timor-Leste,written_text_candidate,,direct_language_population,census_mother_tongue_persons,persons,21227,21227,21227,21227,21227,source_interval_or_exact_bounds,2015,ALG-S014,"Sheet 2.12, Table 12",true,Timor-Leste Population and Housing Census 2015 Volume 2 Language Tables,General Directorate of Statistics Timor-Leste,official national census workbook,1,high,0,7366,21227,The official DGS workbook is preserved from a longstanding external mirror archive. Counts are direct mother-tongue totals; distinct source varieties such as Tetun Prasa and Tetun Terik remain separate.,6330C19CCFF1204763546E205BE4D86BF5687461BA4AC4EF9F09D13E79D28FF2,source_named_language_observation,TL-MT-2015,direct_language_population_observation,pending_central_coverage_join,territory_adult_literacy_proxy_sensitivity;unmeasured_low0_neutral0.5_high1_sensitivity,"Population values retain the source universe and reported interval status. Missing population intervals use a zero-to-point ranking sensitivity; missing practical access or academic overlap uses low 0, neutral 0.5, high 1. Base access is therefore a labelled sensitivity, not a measured harmed-population count.",Mutually exclusive mother-tongue category Direct national census mother-tongue count; source apostrophe preserved.,Do not sum this row with heterogeneous or overlapping observations as unique people unless an explicit disjoint-universe rule exists.
100,true,OBS-GRG-US-001,Standard Central Alaskan Yup'ik,esu-Latn-US,United States,small_population_prestige_domain_screen,Americas,North America,GRG-US-001,Central Yupik,exact ACS language row; script not reported by source,United States,written_text_candidate,not asserted by population source,direct_language_sample_estimate,acs_2017_2021_estimated_persons_age5plus_language_spoken_at_home,estimated_persons,15337,16120,16903,15337,16903,source_interval_or_exact_bounds,2017-2021,GRG-S001,Nation worksheet row 462,true,Detailed Languages Spoken at Home and Ability to Speak English for the Population 5 Years and Over in the United States: 2017-2021,U.S. Census Bureau,official ACS five-year detailed-language tabulation,1,high,0,4030,16903,"Sample estimates, not enumerated counts. Universe is age 5 and over and the measure is language spoken at home, not mother tongue or educational access. Parent language-family rows overlap child rows and were excluded. Published margins of error are 90 percent intervals; nonsampling error is not included. Detailed estimates may not sum to aggregates because of rounding.",724E415C533B268820367A85739F76F4EC4CCC881A19C9C52C908E447D1C2533,source_named_language_observation,US-ACS-2017-2021-HOME-LANGUAGE,direct_language_population_observation,pending_central_coverage_join,unmeasured_low0_neutral0.5_high1_sensitivity;unmeasured_low0_neutral0.5_high1_sensitivity,"Population values retain the source universe and reported interval status. Missing population intervals use a zero-to-point ranking sensitivity; missing practical access or academic overlap uses low 0, neutral 0.5, high 1. Base access is therefore a labelled sensitivity, not a measured harmed-population count.",published point estimate; low and high are estimate minus and plus published 90 percent margin of error Selected child language categories are mutually exclusive in the source hierarchy; do not combine with parent family totals Sample estimate for persons age 5 plus and language spoken at home; not an L1 count; source reports no script or orthography.,Do not sum this row with heterogeneous or overlapping observations as unique people unless an explicit disjoint-universe rule exists.
101,false,OBS-GRG-US-018,Chuuk State standard Chuukese,chk-Latn-FM,United States,small_population_prestige_domain_screen,Americas,North America (Pacific diaspora),GRG-US-018,Chuukese,exact ACS language row; script not reported by source,United States,written_text_candidate,not asserted by population source,direct_language_sample_estimate,acs_2017_2021_estimated_persons_age5plus_language_spoken_at_home,estimated_persons,12612,14700,16788,12612,16788,source_interval_or_exact_bounds,2017-2021,GRG-S001,Nation worksheet row 239,true,Detailed Languages Spoken at Home and Ability to Speak English for the Population 5 Years and Over in the United States: 2017-2021,U.S. Census Bureau,official ACS five-year detailed-language tabulation,1,high,0,3675,16788,"Sample estimates, not enumerated counts. Universe is age 5 and over and the measure is language spoken at home, not mother tongue or educational access. Parent language-family rows overlap child rows and were excluded. Published margins of error are 90 percent intervals; nonsampling error is not included. Detailed estimates may not sum to aggregates because of rounding.",724E415C533B268820367A85739F76F4EC4CCC881A19C9C52C908E447D1C2533,source_named_language_observation,US-ACS-2017-2021-HOME-LANGUAGE,direct_language_population_observation,pending_central_coverage_join,unmeasured_low0_neutral0.5_high1_sensitivity;unmeasured_low0_neutral0.5_high1_sensitivity,"Population values retain the source universe and reported interval status. Missing population intervals use a zero-to-point ranking sensitivity; missing practical access or academic overlap uses low 0, neutral 0.5, high 1. Base access is therefore a labelled sensitivity, not a measured harmed-population count.",published point estimate; low and high are estimate minus and plus published 90 percent margin of error Selected child language categories are mutually exclusive in the source hierarchy; do not combine with parent family totals United States diaspora observation; sample estimate for persons age 5 plus and language spoken at home; source reports no script or orthography.,Do not sum this row with heterogeneous or overlapping observations as unique people unless an explicit disjoint-universe rule exists.
102,false,OBS-GRG-US-002,Dilzhe'e Apache dictionary spelling profile with its documented tone and consonant adaptations,apw-Latn-US,United States,small_population_prestige_domain_screen,Americas,North America,GRG-US-002,Western Apache,exact ACS language row; script not reported by source,United States,written_text_candidate,not asserted by population source,direct_language_sample_estimate,acs_2017_2021_estimated_persons_age5plus_language_spoken_at_home,estimated_persons,11767,12730,13693,11767,13693,source_interval_or_exact_bounds,2017-2021,GRG-S001,Nation worksheet row 487,true,Detailed Languages Spoken at Home and Ability to Speak English for the Population 5 Years and Over in the United States: 2017-2021,U.S. Census Bureau,official ACS five-year detailed-language tabulation,1,high,0,3182,13693,"Sample estimates, not enumerated counts. Universe is age 5 and over and the measure is language spoken at home, not mother tongue or educational access. Parent language-family rows overlap child rows and were excluded. Published margins of error are 90 percent intervals; nonsampling error is not included. Detailed estimates may not sum to aggregates because of rounding.",724E415C533B268820367A85739F76F4EC4CCC881A19C9C52C908E447D1C2533,source_named_language_observation,US-ACS-2017-2021-HOME-LANGUAGE,direct_language_population_observation,pending_central_coverage_join,unmeasured_low0_neutral0.5_high1_sensitivity;unmeasured_low0_neutral0.5_high1_sensitivity,"Population values retain the source universe and reported interval status. Missing population intervals use a zero-to-point ranking sensitivity; missing practical access or academic overlap uses low 0, neutral 0.5, high 1. Base access is therefore a labelled sensitivity, not a measured harmed-population count. Profile recovery: ACS Western Apache pools Dilzhe'e / San Carlos / White Mountain audiences; interval is a ceiling for the Dilzhe'e edition Caveat: No coverage of other Western Apache varieties is claimed.",published point estimate; low and high are estimate minus and plus published 90 percent margin of error Selected child language categories are mutually exclusive in the source hierarchy; do not combine with parent family totals Sample estimate for persons age 5 plus and language spoken at home; not an L1 count; source reports no script or orthography.,Do not sum this row with heterogeneous or overlapping observations as unique people unless an explicit disjoint-universe rule exists.
103,false,OBS-GRG-US-016,Central Southwestern Ojibwe/Chippewa edition in the Ojibwe People's Dictionary Double-Vowel system,ciw-Latn-US,United States,small_population_prestige_domain_screen,Americas,North America,GRG-US-016,Chippewa,exact ACS language row; script not reported by source,United States,written_text_candidate,not asserted by population source,direct_language_sample_estimate,acs_2017_2021_estimated_persons_age5plus_language_spoken_at_home,estimated_persons,9867,10750,11633,9867,11633,source_interval_or_exact_bounds,2017-2021,GRG-S001,Nation worksheet row 473,true,Detailed Languages Spoken at Home and Ability to Speak English for the Population 5 Years and Over in the United States: 2017-2021,U.S. Census Bureau,official ACS five-year detailed-language tabulation,1,high,0,2688,11633,"Sample estimates, not enumerated counts. Universe is age 5 and over and the measure is language spoken at home, not mother tongue or educational access. Parent language-family rows overlap child rows and were excluded. Published margins of error are 90 percent intervals; nonsampling error is not included. Detailed estimates may not sum to aggregates because of rounding.",724E415C533B268820367A85739F76F4EC4CCC881A19C9C52C908E447D1C2533,source_named_language_observation,US-ACS-2017-2021-HOME-LANGUAGE,direct_language_population_observation,pending_central_coverage_join,unmeasured_low0_neutral0.5_high1_sensitivity;unmeasured_low0_neutral0.5_high1_sensitivity,"Population values retain the source universe and reported interval status. Missing population intervals use a zero-to-point ranking sensitivity; missing practical access or academic overlap uses low 0, neutral 0.5, high 1. Base access is therefore a labelled sensitivity, not a measured harmed-population count. Profile recovery: ACS Chippewa is broader than the Central Southwestern dictionary variety; interval is a ceiling Caveat: Other Chippewa varieties and orthographies are not claimed covered.",published point estimate; low and high are estimate minus and plus published 90 percent margin of error Selected child language categories are mutually exclusive in the source hierarchy; do not combine with parent family totals Sample estimate for persons age 5 plus and language spoken at home; not an L1 count; source reports no script or orthography.,Do not sum this row with heterogeneous or overlapping observations as unique people unless an explicit disjoint-universe rule exists.
104,false,OBS-GRG-US-005,Lakota Language Consortium consistent phonemic teaching orthography edition,lkt-Latn-US,United States,small_population_prestige_domain_screen,Americas,North America,GRG-US-005,Lakota,exact ACS language row; script not reported by source,United States,written_text_candidate,not asserted by population source,direct_language_sample_estimate,acs_2017_2021_estimated_persons_age5plus_language_spoken_at_home,estimated_persons,9835,10590,11345,9835,11345,source_interval_or_exact_bounds,2017-2021,GRG-S001,Nation worksheet row 511,true,Detailed Languages Spoken at Home and Ability to Speak English for the Population 5 Years and Over in the United States: 2017-2021,U.S. Census Bureau,official ACS five-year detailed-language tabulation,1,high,0,2648,11345,"Sample estimates, not enumerated counts. Universe is age 5 and over and the measure is language spoken at home, not mother tongue or educational access. Parent language-family rows overlap child rows and were excluded. Published margins of error are 90 percent intervals; nonsampling error is not included. Detailed estimates may not sum to aggregates because of rounding.",724E415C533B268820367A85739F76F4EC4CCC881A19C9C52C908E447D1C2533,source_named_language_observation,US-ACS-2017-2021-HOME-LANGUAGE,direct_language_population_observation,pending_central_coverage_join,unmeasured_low0_neutral0.5_high1_sensitivity;unmeasured_low0_neutral0.5_high1_sensitivity,"Population values retain the source universe and reported interval status. Missing population intervals use a zero-to-point ranking sensitivity; missing practical access or academic overlap uses low 0, neutral 0.5, high 1. Base access is therefore a labelled sensitivity, not a measured harmed-population count. Profile recovery: ACS Lakota does not report orthographic affiliation; interval is a ceiling for this exact edition Caveat: Selection defines one production edition and does not assert community-wide orthographic consensus.",published point estimate; low and high are estimate minus and plus published 90 percent margin of error Selected child language categories are mutually exclusive in the source hierarchy; do not combine with parent family totals Sample estimate for persons age 5 plus and language spoken at home; not an L1 count; source reports no script or orthography.,Do not sum this row with heterogeneous or overlapping observations as unique people unless an explicit disjoint-universe rule exists.
105,false,OBS-GRG-US-007,Cherokee syllabary edition,chr-Cher-US,United States,small_population_prestige_domain_screen,Americas,North America,GRG-US-007,Cherokee,exact ACS language row; script not reported by source,United States,written_text_candidate,not asserted by population source,direct_language_sample_estimate,acs_2017_2021_estimated_persons_age5plus_language_spoken_at_home,estimated_persons,9552,10440,11328,9552,11328,source_interval_or_exact_bounds,2017-2021,GRG-S001,Nation worksheet row 527,true,Detailed Languages Spoken at Home and Ability to Speak English for the Population 5 Years and Over in the United States: 2017-2021,U.S. Census Bureau,official ACS five-year detailed-language tabulation,1,high,0,2610,11328,"Sample estimates, not enumerated counts. Universe is age 5 and over and the measure is language spoken at home, not mother tongue or educational access. Parent language-family rows overlap child rows and were excluded. Published margins of error are 90 percent intervals; nonsampling error is not included. Detailed estimates may not sum to aggregates because of rounding.",724E415C533B268820367A85739F76F4EC4CCC881A19C9C52C908E447D1C2533,source_named_language_observation,US-ACS-2017-2021-HOME-LANGUAGE,direct_language_population_observation,pending_central_coverage_join,unmeasured_low0_neutral0.5_high1_sensitivity;unmeasured_low0_neutral0.5_high1_sensitivity,"Population values retain the source universe and reported interval status. Missing population intervals use a zero-to-point ranking sensitivity; missing practical access or academic overlap uses low 0, neutral 0.5, high 1. Base access is therefore a labelled sensitivity, not a measured harmed-population count.",published point estimate; low and high are estimate minus and plus published 90 percent margin of error Selected child language categories are mutually exclusive in the source hierarchy; do not combine with parent family totals Sample estimate for persons age 5 plus and language spoken at home; not an L1 count; source reports no script or orthography.,Do not sum this row with heterogeneous or overlapping observations as unique people unless an explicit disjoint-universe rule exists.
106,false,OBS-GRG-US-021,Two-output CHamoru/Chamorro bundle: Guam 2024 official orthography plus CNMI 2010 official orthography,ch-Latn-GU|ch-Latn-MP,United States,small_population_prestige_domain_screen,Americas,North America (Pacific diaspora),GRG-US-021,Chamorro,exact ACS language row; script not reported by source,United States,written_text_candidate,not asserted by population source,direct_language_sample_estimate,acs_2017_2021_estimated_persons_age5plus_language_spoken_at_home,estimated_persons,18173,19690,21207,18173,21207,source_interval_or_exact_bounds,2017-2021,GRG-S001,Nation worksheet row 231,true,Detailed Languages Spoken at Home and Ability to Speak English for the Population 5 Years and Over in the United States: 2017-2021,U.S. Census Bureau,official ACS five-year detailed-language tabulation,1,high,0,4922,21207,"Sample estimates, not enumerated counts. Universe is age 5 and over and the measure is language spoken at home, not mother tongue or educational access. Parent language-family rows overlap child rows and were excluded. Published margins of error are 90 percent intervals; nonsampling error is not included. Detailed estimates may not sum to aggregates because of rounding.",724E415C533B268820367A85739F76F4EC4CCC881A19C9C52C908E447D1C2533,source_named_language_observation,US-ACS-2017-2021-HOME-LANGUAGE,direct_language_population_observation,pending_central_coverage_join,unmeasured_low0_neutral0.5_high1_sensitivity;unmeasured_low0_neutral0.5_high1_sensitivity,"Population values retain the source universe and reported interval status. Missing population intervals use a zero-to-point ranking sensitivity; missing practical access or academic overlap uses low 0, neutral 0.5, high 1. Base access is therefore a labelled sensitivity, not a measured harmed-population count. Profile recovery: One US ACS Chamorro observation cannot be assigned between Guam and CNMI outputs and must never be multiplied by two Caveat: Two standards are exact; localized audience shares are unknown.",published point estimate; low and high are estimate minus and plus published 90 percent margin of error Selected child language categories are mutually exclusive in the source hierarchy; do not combine with parent family totals United States diaspora observation; sample estimate for persons age 5 plus and language spoken at home; source reports no script or orthography.,Do not sum this row with heterogeneous or overlapping observations as unique people unless an explicit disjoint-universe rule exists.
107,false,OBS-GRG-US-008,Zuni/Shiwi school-literacy profile,zun-Latn-US,United States,small_population_prestige_domain_screen,Americas,North America,GRG-US-008,Zuni,exact ACS language row; script not reported by source,United States,written_text_candidate,not asserted by population source,direct_language_sample_estimate,acs_2017_2021_estimated_persons_age5plus_language_spoken_at_home,estimated_persons,7229,8109,8989,7229,8989,source_interval_or_exact_bounds,2017-2021,GRG-S001,Nation worksheet row 529,true,Detailed Languages Spoken at Home and Ability to Speak English for the Population 5 Years and Over in the United States: 2017-2021,U.S. Census Bureau,official ACS five-year detailed-language tabulation,1,high,0,2027,8989,"Sample estimates, not enumerated counts. Universe is age 5 and over and the measure is language spoken at home, not mother tongue or educational access. Parent language-family rows overlap child rows and were excluded. Published margins of error are 90 percent intervals; nonsampling error is not included. Detailed estimates may not sum to aggregates because of rounding.",724E415C533B268820367A85739F76F4EC4CCC881A19C9C52C908E447D1C2533,source_named_language_observation,US-ACS-2017-2021-HOME-LANGUAGE,direct_language_population_observation,pending_central_coverage_join,unmeasured_low0_neutral0.5_high1_sensitivity;unmeasured_low0_neutral0.5_high1_sensitivity,"Population values retain the source universe and reported interval status. Missing population intervals use a zero-to-point ranking sensitivity; missing practical access or academic overlap uses low 0, neutral 0.5, high 1. Base access is therefore a labelled sensitivity, not a measured harmed-population count.",published point estimate; low and high are estimate minus and plus published 90 percent margin of error Selected child language categories are mutually exclusive in the source hierarchy; do not combine with parent family totals Sample estimate for persons age 5 plus and language spoken at home; not an L1 count; source reports no script or orthography.,Do not sum this row with heterogeneous or overlapping observations as unique people unless an explicit disjoint-universe rule exists.
108,false,OBS-GRG-US-019,Pohnpei State standard Pohnpeian,pon-Latn-FM,United States,small_population_prestige_domain_screen,Americas,North America (Pacific diaspora),GRG-US-019,Pohnpeian,exact ACS language row; script not reported by source,United States,written_text_candidate,not asserted by population source,direct_language_sample_estimate,acs_2017_2021_estimated_persons_age5plus_language_spoken_at_home,estimated_persons,6198,7412,8626,6198,8626,source_interval_or_exact_bounds,2017-2021,GRG-S001,Nation worksheet row 238,true,Detailed Languages Spoken at Home and Ability to Speak English for the Population 5 Years and Over in the United States: 2017-2021,U.S. Census Bureau,official ACS five-year detailed-language tabulation,1,high,0,1853,8626,"Sample estimates, not enumerated counts. Universe is age 5 and over and the measure is language spoken at home, not mother tongue or educational access. Parent language-family rows overlap child rows and were excluded. Published margins of error are 90 percent intervals; nonsampling error is not included. Detailed estimates may not sum to aggregates because of rounding.",724E415C533B268820367A85739F76F4EC4CCC881A19C9C52C908E447D1C2533,source_named_language_observation,US-ACS-2017-2021-HOME-LANGUAGE,direct_language_population_observation,pending_central_coverage_join,unmeasured_low0_neutral0.5_high1_sensitivity;unmeasured_low0_neutral0.5_high1_sensitivity,"Population values retain the source universe and reported interval status. Missing population intervals use a zero-to-point ranking sensitivity; missing practical access or academic overlap uses low 0, neutral 0.5, high 1. Base access is therefore a labelled sensitivity, not a measured harmed-population count.",published point estimate; low and high are estimate minus and plus published 90 percent margin of error Selected child language categories are mutually exclusive in the source hierarchy; do not combine with parent family totals United States diaspora observation; sample estimate for persons age 5 plus and language spoken at home; source reports no script or orthography.,Do not sum this row with heterogeneous or overlapping observations as unique people unless an explicit disjoint-universe rule exists.
109,false,OBS-GRG-AU-001,Australian Kriol practical written standard,rop-Latn-AU,Australia,small_population_prestige_domain_screen,Oceania,Australia,GRG-AU-001,Kriol,exact census language row; script not reported by source,Australia,written_text_candidate,not asserted by population source,direct_language_census_count,census_language_used_at_home_persons,persons,7478,7478,7478,7478,7478,source_interval_or_exact_bounds,2021,GRG-S002,"Language used at home, top responses other than English; Australia column; Kriol row",true,"2021 Lingiari, Census All persons QuickStats",Australian Bureau of Statistics,official national census QuickStats,1,high,0,1870,7478,"National values are the Australia comparison column, not the Lingiari local counts. ABS applied small random changes to cells for privacy. Language used at home permits one main-language response and is not an L1 or educational-access measure.",F105D980714B0929937CDD5EBAE524D382070088AA17148487FC1A07824D28C6,source_named_language_observation,AU-CENSUS-2021-LANP,direct_language_population_observation,pending_central_coverage_join,unmeasured_low0_neutral0.5_high1_sensitivity;unmeasured_low0_neutral0.5_high1_sensitivity,"Population values retain the source universe and reported interval status. Missing population intervals use a zero-to-point ranking sensitivity; missing practical access or academic overlap uses low 0, neutral 0.5, high 1. Base access is therefore a labelled sensitivity, not a measured harmed-population count.",published perturbed national count; no interval supplied; low equals base equals high Single-response main-language categories; selected rows are not summed with broad categories ABS applied small random changes for privacy; count is main language used at home and not an L1 count; source reports no script or orthography.,Do not sum this row with heterogeneous or overlapping observations as unique people unless an explicit disjoint-universe rule exists.
110,false,OBS-GRG-US-009,Third Mesa Hopi edition using the Hopi Dictionary Project / Learn Hopi orthography,hop-Latn-US,United States,small_population_prestige_domain_screen,Americas,North America,GRG-US-009,Hopi,exact ACS language row; script not reported by source,United States,written_text_candidate,not asserted by population source,direct_language_sample_estimate,acs_2017_2021_estimated_persons_age5plus_language_spoken_at_home,estimated_persons,6344,7105,7866,6344,7866,source_interval_or_exact_bounds,2017-2021,GRG-S001,Nation worksheet row 535,true,Detailed Languages Spoken at Home and Ability to Speak English for the Population 5 Years and Over in the United States: 2017-2021,U.S. Census Bureau,official ACS five-year detailed-language tabulation,1,high,0,1776,7866,"Sample estimates, not enumerated counts. Universe is age 5 and over and the measure is language spoken at home, not mother tongue or educational access. Parent language-family rows overlap child rows and were excluded. Published margins of error are 90 percent intervals; nonsampling error is not included. Detailed estimates may not sum to aggregates because of rounding.",724E415C533B268820367A85739F76F4EC4CCC881A19C9C52C908E447D1C2533,source_named_language_observation,US-ACS-2017-2021-HOME-LANGUAGE,direct_language_population_observation,pending_central_coverage_join,unmeasured_low0_neutral0.5_high1_sensitivity;unmeasured_low0_neutral0.5_high1_sensitivity,"Population values retain the source universe and reported interval status. Missing population intervals use a zero-to-point ranking sensitivity; missing practical access or academic overlap uses low 0, neutral 0.5, high 1. Base access is therefore a labelled sensitivity, not a measured harmed-population count. Profile recovery: ACS Hopi pools mesa/community varieties; interval is a ceiling for the Third Mesa edition Caveat: First Mesa and Second Mesa localization is not claimed.",published point estimate; low and high are estimate minus and plus published 90 percent margin of error Selected child language categories are mutually exclusive in the source hierarchy; do not combine with parent family totals Sample estimate for persons age 5 plus and language spoken at home; not an L1 count; source reports no script or orthography.,Do not sum this row with heterogeneous or overlapping observations as unique people unless an explicit disjoint-universe rule exists.
111,false,OBS-GRG-US-010,Tohono O'odham in official Alvarez-Hale orthography,ood-Latn-US,United States,small_population_prestige_domain_screen,Americas,North America,GRG-US-010,Tohono O'odham,exact ACS language row; script not reported by source,United States,written_text_candidate,not asserted by population source,direct_language_sample_estimate,acs_2017_2021_estimated_persons_age5plus_language_spoken_at_home,estimated_persons,5672,6343,7014,5672,7014,source_interval_or_exact_bounds,2017-2021,GRG-S001,Nation worksheet row 538,true,Detailed Languages Spoken at Home and Ability to Speak English for the Population 5 Years and Over in the United States: 2017-2021,U.S. Census Bureau,official ACS five-year detailed-language tabulation,1,high,0,1586,7014,"Sample estimates, not enumerated counts. Universe is age 5 and over and the measure is language spoken at home, not mother tongue or educational access. Parent language-family rows overlap child rows and were excluded. Published margins of error are 90 percent intervals; nonsampling error is not included. Detailed estimates may not sum to aggregates because of rounding.",724E415C533B268820367A85739F76F4EC4CCC881A19C9C52C908E447D1C2533,source_named_language_observation,US-ACS-2017-2021-HOME-LANGUAGE,direct_language_population_observation,pending_central_coverage_join,unmeasured_low0_neutral0.5_high1_sensitivity;unmeasured_low0_neutral0.5_high1_sensitivity,"Population values retain the source universe and reported interval status. Missing population intervals use a zero-to-point ranking sensitivity; missing practical access or academic overlap uses low 0, neutral 0.5, high 1. Base access is therefore a labelled sensitivity, not a measured harmed-population count.",published point estimate; low and high are estimate minus and plus published 90 percent margin of error Selected child language categories are mutually exclusive in the source hierarchy; do not combine with parent family totals Sample estimate for persons age 5 plus and language spoken at home; not an L1 count; source reports no script or orthography.,Do not sum this row with heterogeneous or overlapping observations as unique people unless an explicit disjoint-universe rule exists.
112,false,OBS-GRG-US-024,Standard Fijian / Vosa Vakaviti school register,fj-Latn-FJ,United States,small_population_prestige_domain_screen,Americas,North America (Pacific diaspora),GRG-US-024,Fijian,exact ACS language row; script not reported by source,United States,written_text_candidate,not asserted by population source,direct_language_sample_estimate,acs_2017_2021_estimated_persons_age5plus_language_spoken_at_home,estimated_persons,5194,6229,7264,5194,7264,source_interval_or_exact_bounds,2017-2021,GRG-S001,Nation worksheet row 247,true,Detailed Languages Spoken at Home and Ability to Speak English for the Population 5 Years and Over in the United States: 2017-2021,U.S. Census Bureau,official ACS five-year detailed-language tabulation,1,high,0,1557,7264,"Sample estimates, not enumerated counts. Universe is age 5 and over and the measure is language spoken at home, not mother tongue or educational access. Parent language-family rows overlap child rows and were excluded. Published margins of error are 90 percent intervals; nonsampling error is not included. Detailed estimates may not sum to aggregates because of rounding.",724E415C533B268820367A85739F76F4EC4CCC881A19C9C52C908E447D1C2533,source_named_language_observation,US-ACS-2017-2021-HOME-LANGUAGE,direct_language_population_observation,pending_central_coverage_join,unmeasured_low0_neutral0.5_high1_sensitivity;unmeasured_low0_neutral0.5_high1_sensitivity,"Population values retain the source universe and reported interval status. Missing population intervals use a zero-to-point ranking sensitivity; missing practical access or academic overlap uses low 0, neutral 0.5, high 1. Base access is therefore a labelled sensitivity, not a measured harmed-population count.",published point estimate; low and high are estimate minus and plus published 90 percent margin of error Selected child language categories are mutually exclusive in the source hierarchy; do not combine with parent family totals United States diaspora observation; sample estimate for persons age 5 plus and language spoken at home; source reports no script or orthography.,Do not sum this row with heterogeneous or overlapping observations as unique people unless an explicit disjoint-universe rule exists.
113,false,OBS-GRG-US-011,North Slope / North Alaskan Inupiatun edition using the accepted UAF/ANLA orthography and definitive North Slope lexicon,esi-Latn-US,United States,small_population_prestige_domain_screen,Americas,Arctic,GRG-US-011,Inupiaq,exact ACS language row; script not reported by source,United States,written_text_candidate,not asserted by population source,direct_language_sample_estimate,acs_2017_2021_estimated_persons_age5plus_language_spoken_at_home,estimated_persons,5302,5819,6336,5302,6336,source_interval_or_exact_bounds,2017-2021,GRG-S001,Nation worksheet row 458,true,Detailed Languages Spoken at Home and Ability to Speak English for the Population 5 Years and Over in the United States: 2017-2021,U.S. Census Bureau,official ACS five-year detailed-language tabulation,1,high,0,1455,6336,"Sample estimates, not enumerated counts. Universe is age 5 and over and the measure is language spoken at home, not mother tongue or educational access. Parent language-family rows overlap child rows and were excluded. Published margins of error are 90 percent intervals; nonsampling error is not included. Detailed estimates may not sum to aggregates because of rounding.",724E415C533B268820367A85739F76F4EC4CCC881A19C9C52C908E447D1C2533,source_named_language_observation,US-ACS-2017-2021-HOME-LANGUAGE,direct_language_population_observation,pending_central_coverage_join,unmeasured_low0_neutral0.5_high1_sensitivity;unmeasured_low0_neutral0.5_high1_sensitivity,"Population values retain the source universe and reported interval status. Missing population intervals use a zero-to-point ranking sensitivity; missing practical access or academic overlap uses low 0, neutral 0.5, high 1. Base access is therefore a labelled sensitivity, not a measured harmed-population count. Profile recovery: ACS Inupiaq pools North Alaskan and Seward Peninsula varieties; interval is a ceiling for the esi edition Caveat: Using esi replaces the non-exact ik macrolanguage tag; no Seward Peninsula coverage is claimed.",published point estimate; low and high are estimate minus and plus published 90 percent margin of error Selected child language categories are mutually exclusive in the source hierarchy; do not combine with parent family totals Sample estimate for persons age 5 plus and language spoken at home; not an L1 count; source reports no script or orthography.,Do not sum this row with heterogeneous or overlapping observations as unique people unless an explicit disjoint-universe rule exists.
114,false,OBS-GRG-US-031,Mam in ALMG normative orthography,mam-Latn-GT,United States,small_population_prestige_domain_screen,Americas,North America (Central American Indigenous diaspora),GRG-US-031,Mam,exact ACS language row; script not reported by source,United States,written_text_candidate,not asserted by population source,direct_language_sample_estimate,acs_2017_2021_estimated_persons_age5plus_language_spoken_at_home,estimated_persons,3947,5062,6177,3947,6177,source_interval_or_exact_bounds,2017-2021,GRG-S001,Nation worksheet row 547,true,Detailed Languages Spoken at Home and Ability to Speak English for the Population 5 Years and Over in the United States: 2017-2021,U.S. Census Bureau,official ACS five-year detailed-language tabulation,1,high,0,1266,6177,"Sample estimates, not enumerated counts. Universe is age 5 and over and the measure is language spoken at home, not mother tongue or educational access. Parent language-family rows overlap child rows and were excluded. Published margins of error are 90 percent intervals; nonsampling error is not included. Detailed estimates may not sum to aggregates because of rounding.",724E415C533B268820367A85739F76F4EC4CCC881A19C9C52C908E447D1C2533,source_named_language_observation,US-ACS-2017-2021-HOME-LANGUAGE,direct_language_population_observation,pending_central_coverage_join,unmeasured_low0_neutral0.5_high1_sensitivity;unmeasured_low0_neutral0.5_high1_sensitivity,"Population values retain the source universe and reported interval status. Missing population intervals use a zero-to-point ranking sensitivity; missing practical access or academic overlap uses low 0, neutral 0.5, high 1. Base access is therefore a labelled sensitivity, not a measured harmed-population count.",published point estimate; low and high are estimate minus and plus published 90 percent margin of error Selected child language categories are mutually exclusive in the source hierarchy; do not combine with parent Mayan totals United States diaspora observation; sample estimate for persons age 5 plus and language spoken at home; source reports no script or orthography.,Do not sum this row with heterogeneous or overlapping observations as unique people unless an explicit disjoint-universe rule exists.
115,false,OBS-GRG-US-013,Odawa edition using the Nishnaabemwin Odawa and Eastern Ojibwe dictionary's documented Double-Vowel profile,otw-Latn-US,United States,small_population_prestige_domain_screen,Americas,North America,GRG-US-013,Ottawa,exact ACS language row; script not reported by source,United States,written_text_candidate,not asserted by population source,direct_language_sample_estimate,acs_2017_2021_estimated_persons_age5plus_language_spoken_at_home,estimated_persons,4099,4888,5677,4099,5677,source_interval_or_exact_bounds,2017-2021,GRG-S001,Nation worksheet row 474,true,Detailed Languages Spoken at Home and Ability to Speak English for the Population 5 Years and Over in the United States: 2017-2021,U.S. Census Bureau,official ACS five-year detailed-language tabulation,1,high,0,1222,5677,"Sample estimates, not enumerated counts. Universe is age 5 and over and the measure is language spoken at home, not mother tongue or educational access. Parent language-family rows overlap child rows and were excluded. Published margins of error are 90 percent intervals; nonsampling error is not included. Detailed estimates may not sum to aggregates because of rounding.",724E415C533B268820367A85739F76F4EC4CCC881A19C9C52C908E447D1C2533,source_named_language_observation,US-ACS-2017-2021-HOME-LANGUAGE,direct_language_population_observation,pending_central_coverage_join,unmeasured_low0_neutral0.5_high1_sensitivity;unmeasured_low0_neutral0.5_high1_sensitivity,"Population values retain the source universe and reported interval status. Missing population intervals use a zero-to-point ranking sensitivity; missing practical access or academic overlap uses low 0, neutral 0.5, high 1. Base access is therefore a labelled sensitivity, not a measured harmed-population count. Profile recovery: ACS Ottawa does not identify community or dictionary-standard competence; interval is a ceiling Caveat: Exact dictionary profile is reproducible; no universal Odawa standard is asserted.",published point estimate; low and high are estimate minus and plus published 90 percent margin of error Selected child language categories are mutually exclusive in the source hierarchy; do not combine with parent family totals Sample estimate for persons age 5 plus and language spoken at home; not an L1 count; source reports no script or orthography.,Do not sum this row with heterogeneous or overlapping observations as unique people unless an explicit disjoint-universe rule exists.
116,false,OBS-GRG-US-020,Palauan national school-literacy register,pau-Latn-PW,United States,small_population_prestige_domain_screen,Americas,North America (Pacific diaspora),GRG-US-020,Palauan,exact ACS language row; script not reported by source,United States,written_text_candidate,not asserted by population source,direct_language_sample_estimate,acs_2017_2021_estimated_persons_age5plus_language_spoken_at_home,estimated_persons,4023,4670,5317,4023,5317,source_interval_or_exact_bounds,2017-2021,GRG-S001,Nation worksheet row 237,true,Detailed Languages Spoken at Home and Ability to Speak English for the Population 5 Years and Over in the United States: 2017-2021,U.S. Census Bureau,official ACS five-year detailed-language tabulation,1,high,0,1168,5317,"Sample estimates, not enumerated counts. Universe is age 5 and over and the measure is language spoken at home, not mother tongue or educational access. Parent language-family rows overlap child rows and were excluded. Published margins of error are 90 percent intervals; nonsampling error is not included. Detailed estimates may not sum to aggregates because of rounding.",724E415C533B268820367A85739F76F4EC4CCC881A19C9C52C908E447D1C2533,source_named_language_observation,US-ACS-2017-2021-HOME-LANGUAGE,direct_language_population_observation,pending_central_coverage_join,unmeasured_low0_neutral0.5_high1_sensitivity;unmeasured_low0_neutral0.5_high1_sensitivity,"Population values retain the source universe and reported interval status. Missing population intervals use a zero-to-point ranking sensitivity; missing practical access or academic overlap uses low 0, neutral 0.5, high 1. Base access is therefore a labelled sensitivity, not a measured harmed-population count.",published point estimate; low and high are estimate minus and plus published 90 percent margin of error Selected child language categories are mutually exclusive in the source hierarchy; do not combine with parent family totals United States diaspora observation; sample estimate for persons age 5 plus and language spoken at home; source reports no script or orthography.,Do not sum this row with heterogeneous or overlapping observations as unique people unless an explicit disjoint-universe rule exists.
117,false,OBS-GRG-AU-002,Djambarrpuyŋu written educational profile,djr-Latn-AU,Australia,small_population_prestige_domain_screen,Oceania,Australia,GRG-AU-002,Djambarrpuyngu,exact census language row; script not reported by source,Australia,written_text_candidate,not asserted by population source,direct_language_census_count,census_language_used_at_home_persons,persons,3870,3870,3870,3870,3870,source_interval_or_exact_bounds,2021,GRG-S002,"Language used at home, top responses other than English; Australia column; Djambarrpuyngu row",true,"2021 Lingiari, Census All persons QuickStats",Australian Bureau of Statistics,official national census QuickStats,1,high,0,968,3870,"National values are the Australia comparison column, not the Lingiari local counts. ABS applied small random changes to cells for privacy. Language used at home permits one main-language response and is not an L1 or educational-access measure.",F105D980714B0929937CDD5EBAE524D382070088AA17148487FC1A07824D28C6,source_named_language_observation,AU-CENSUS-2021-LANP,direct_language_population_observation,pending_central_coverage_join,unmeasured_low0_neutral0.5_high1_sensitivity;unmeasured_low0_neutral0.5_high1_sensitivity,"Population values retain the source universe and reported interval status. Missing population intervals use a zero-to-point ranking sensitivity; missing practical access or academic overlap uses low 0, neutral 0.5, high 1. Base access is therefore a labelled sensitivity, not a measured harmed-population count.",published perturbed national count; no interval supplied; low equals base equals high Single-response main-language categories; selected rows are not summed with broad categories ABS applied small random changes for privacy; count is main language used at home and not an L1 count; source reports no script or orthography.,Do not sum this row with heterogeneous or overlapping observations as unique people unless an explicit disjoint-universe rule exists.
118,false,OBS-GRG-US-032,K'iche' in ALMG normative orthography,quc-Latn-GT,United States,small_population_prestige_domain_screen,Americas,North America (Central American Indigenous diaspora),GRG-US-032,Kiche,exact ACS language row; script not reported by source,United States,written_text_candidate,not asserted by population source,direct_language_sample_estimate,acs_2017_2021_estimated_persons_age5plus_language_spoken_at_home,estimated_persons,2944,3787,4630,2944,4630,source_interval_or_exact_bounds,2017-2021,GRG-S001,Nation worksheet row 548,true,Detailed Languages Spoken at Home and Ability to Speak English for the Population 5 Years and Over in the United States: 2017-2021,U.S. Census Bureau,official ACS five-year detailed-language tabulation,1,high,0,947,4630,"Sample estimates, not enumerated counts. Universe is age 5 and over and the measure is language spoken at home, not mother tongue or educational access. Parent language-family rows overlap child rows and were excluded. Published margins of error are 90 percent intervals; nonsampling error is not included. Detailed estimates may not sum to aggregates because of rounding.",724E415C533B268820367A85739F76F4EC4CCC881A19C9C52C908E447D1C2533,source_named_language_observation,US-ACS-2017-2021-HOME-LANGUAGE,direct_language_population_observation,pending_central_coverage_join,unmeasured_low0_neutral0.5_high1_sensitivity;unmeasured_low0_neutral0.5_high1_sensitivity,"Population values retain the source universe and reported interval status. Missing population intervals use a zero-to-point ranking sensitivity; missing practical access or academic overlap uses low 0, neutral 0.5, high 1. Base access is therefore a labelled sensitivity, not a measured harmed-population count.",published point estimate; low and high are estimate minus and plus published 90 percent margin of error Selected child language categories are mutually exclusive in the source hierarchy; do not combine with parent Mayan totals United States diaspora observation; the exact source label Kiche plus its terminal cell space is retained without inserting an apostrophe; source reports no script or orthography.,Do not sum this row with heterogeneous or overlapping observations as unique people unless an explicit disjoint-universe rule exists.
119,false,OBS-GRG-US-014,Apsáalooke community curriculum profile,cro-Latn-US,United States,small_population_prestige_domain_screen,Americas,North America,GRG-US-014,Crow,exact ACS language row; script not reported by source,United States,written_text_candidate,not asserted by population source,direct_language_sample_estimate,acs_2017_2021_estimated_persons_age5plus_language_spoken_at_home,estimated_persons,3194,3650,4106,3194,4106,source_interval_or_exact_bounds,2017-2021,GRG-S001,Nation worksheet row 508,true,Detailed Languages Spoken at Home and Ability to Speak English for the Population 5 Years and Over in the United States: 2017-2021,U.S. Census Bureau,official ACS five-year detailed-language tabulation,1,high,0,912,4106,"Sample estimates, not enumerated counts. Universe is age 5 and over and the measure is language spoken at home, not mother tongue or educational access. Parent language-family rows overlap child rows and were excluded. Published margins of error are 90 percent intervals; nonsampling error is not included. Detailed estimates may not sum to aggregates because of rounding.",724E415C533B268820367A85739F76F4EC4CCC881A19C9C52C908E447D1C2533,source_named_language_observation,US-ACS-2017-2021-HOME-LANGUAGE,direct_language_population_observation,pending_central_coverage_join,unmeasured_low0_neutral0.5_high1_sensitivity;unmeasured_low0_neutral0.5_high1_sensitivity,"Population values retain the source universe and reported interval status. Missing population intervals use a zero-to-point ranking sensitivity; missing practical access or academic overlap uses low 0, neutral 0.5, high 1. Base access is therefore a labelled sensitivity, not a measured harmed-population count.",published point estimate; low and high are estimate minus and plus published 90 percent margin of error Selected child language categories are mutually exclusive in the source hierarchy; do not combine with parent family totals Sample estimate for persons age 5 plus and language spoken at home; not an L1 count; source reports no script or orthography.,Do not sum this row with heterogeneous or overlapping observations as unique people unless an explicit disjoint-universe rule exists.
120,false,OBS-GRG-US-006,Two-output Choctaw bundle: Choctaw Nation of Oklahoma instructional alphabet plus Mississippi Band modern Byington-variant alphabet,cho-Latn-US|cho-Latn-US,United States,small_population_prestige_domain_screen,Americas,North America,GRG-US-006,Choctaw,exact ACS language row; script not reported by source,United States,written_text_candidate,not asserted by population source,direct_language_sample_estimate,acs_2017_2021_estimated_persons_age5plus_language_spoken_at_home,estimated_persons,6523,7260,7997,6523,7997,source_interval_or_exact_bounds,2017-2021,GRG-S001,Nation worksheet row 520,true,Detailed Languages Spoken at Home and Ability to Speak English for the Population 5 Years and Over in the United States: 2017-2021,U.S. Census Bureau,official ACS five-year detailed-language tabulation,1,high,0,1815,7997,"Sample estimates, not enumerated counts. Universe is age 5 and over and the measure is language spoken at home, not mother tongue or educational access. Parent language-family rows overlap child rows and were excluded. Published margins of error are 90 percent intervals; nonsampling error is not included. Detailed estimates may not sum to aggregates because of rounding.",724E415C533B268820367A85739F76F4EC4CCC881A19C9C52C908E447D1C2533,source_named_language_observation,US-ACS-2017-2021-HOME-LANGUAGE,direct_language_population_observation,pending_central_coverage_join,unmeasured_low0_neutral0.5_high1_sensitivity;unmeasured_low0_neutral0.5_high1_sensitivity,"Population values retain the source universe and reported interval status. Missing population intervals use a zero-to-point ranking sensitivity; missing practical access or academic overlap uses low 0, neutral 0.5, high 1. Base access is therefore a labelled sensitivity, not a measured harmed-population count. Profile recovery: One ACS Choctaw observation cannot be split between tribal standards and must never be multiplied by two Caveat: BCP 47 cannot distinguish the two tribal editions; edition identity is carried by the named authority.",published point estimate; low and high are estimate minus and plus published 90 percent margin of error Selected child language categories are mutually exclusive in the source hierarchy; do not combine with parent family totals Sample estimate for persons age 5 plus and language spoken at home; not an L1 count; source reports no script or orthography.,Do not sum this row with heterogeneous or overlapping observations as unique people unless an explicit disjoint-universe rule exists.
121,false,OBS-GRG-AU-006,Pitjantjatjara Aṉangu school profile,pjt-Latn-AU,Australia,small_population_prestige_domain_screen,Oceania,Australia,GRG-AU-006,Pitjantjatjara,exact census language row; script not reported by source,Australia,written_text_candidate,not asserted by population source,direct_language_census_count,census_language_used_at_home_persons,persons,3458,3458,3458,3458,3458,source_interval_or_exact_bounds,2021,GRG-S003,"Language used at home, top responses other than English; Australia column; Pitjantjatjara row",true,"2021 Alice Springs, Census All persons QuickStats",Australian Bureau of Statistics,official national census QuickStats,1,high,0,864,3458,"National value is the Australia comparison column, not the Alice Springs local count. ABS applied small random changes to cells for privacy. Language used at home permits one main-language response and is not an L1 or educational-access measure.",F10C4303A4074CB3340B87F84CBE7840302E01439D64C17FBA0D333FDC8DBA98,source_named_language_observation,AU-CENSUS-2021-LANP,direct_language_population_observation,pending_central_coverage_join,unmeasured_low0_neutral0.5_high1_sensitivity;unmeasured_low0_neutral0.5_high1_sensitivity,"Population values retain the source universe and reported interval status. Missing population intervals use a zero-to-point ranking sensitivity; missing practical access or academic overlap uses low 0, neutral 0.5, high 1. Base access is therefore a labelled sensitivity, not a measured harmed-population count.",published perturbed national count; no interval supplied; low equals base equals high Single-response main-language categories; selected rows are not summed with broad categories ABS applied small random changes for privacy; count is main language used at home and not an L1 count; source reports no script or orthography.,Do not sum this row with heterogeneous or overlapping observations as unique people unless an explicit disjoint-universe rule exists.
122,false,OBS-GRG-US-035,Honduras SECAPPH Garifuna educational edition using its published Garifuna alphabet,cab-Latn-HN,United States,small_population_prestige_domain_screen,Americas,North America (Caribbean and Central American diaspora),GRG-US-035,Garifuna,exact ACS language row; script not reported by source,United States,written_text_candidate,not asserted by population source,direct_language_sample_estimate,acs_2017_2021_estimated_persons_age5plus_language_spoken_at_home,estimated_persons,2422,3080,3738,2422,3738,source_interval_or_exact_bounds,2017-2021,GRG-S001,Nation worksheet row 564,true,Detailed Languages Spoken at Home and Ability to Speak English for the Population 5 Years and Over in the United States: 2017-2021,U.S. Census Bureau,official ACS five-year detailed-language tabulation,1,high,0,770,3738,"Sample estimates, not enumerated counts. Universe is age 5 and over and the measure is language spoken at home, not mother tongue or educational access. Parent language-family rows overlap child rows and were excluded. Published margins of error are 90 percent intervals; nonsampling error is not included. Detailed estimates may not sum to aggregates because of rounding.",724E415C533B268820367A85739F76F4EC4CCC881A19C9C52C908E447D1C2533,source_named_language_observation,US-ACS-2017-2021-HOME-LANGUAGE,direct_language_population_observation,pending_central_coverage_join,unmeasured_low0_neutral0.5_high1_sensitivity;unmeasured_low0_neutral0.5_high1_sensitivity,"Population values retain the source universe and reported interval status. Missing population intervals use a zero-to-point ranking sensitivity; missing practical access or academic overlap uses low 0, neutral 0.5, high 1. Base access is therefore a labelled sensitivity, not a measured harmed-population count. Profile recovery: US ACS Garifuna does not identify Honduras / Belize / Guatemala / Nicaragua origin; interval is only a ceiling for the Honduras edition Caveat: No coverage of the other national educational profiles is claimed.",published point estimate; low and high are estimate minus and plus published 90 percent margin of error Selected child language categories are mutually exclusive in the source hierarchy; do not combine with parent Middle and South American totals United States diaspora observation; sample estimate for persons age 5 plus and language spoken at home; source reports no script or orthography.,Do not sum this row with heterogeneous or overlapping observations as unique people unless an explicit disjoint-universe rule exists.
123,false,OBS-GRG-AU-003,Warlpiri practical school orthography,wbp-Latn-AU,Australia,small_population_prestige_domain_screen,Oceania,Australia,GRG-AU-003,Warlpiri,exact census language row; script not reported by source,Australia,written_text_candidate,not asserted by population source,direct_language_census_count,census_language_used_at_home_persons,persons,2624,2624,2624,2624,2624,source_interval_or_exact_bounds,2021,GRG-S002,"Language used at home, top responses other than English; Australia column; Warlpiri row",true,"2021 Lingiari, Census All persons QuickStats",Australian Bureau of Statistics,official national census QuickStats,1,high,0,656,2624,"National values are the Australia comparison column, not the Lingiari local counts. ABS applied small random changes to cells for privacy. Language used at home permits one main-language response and is not an L1 or educational-access measure.",F105D980714B0929937CDD5EBAE524D382070088AA17148487FC1A07824D28C6,source_named_language_observation,AU-CENSUS-2021-LANP,direct_language_population_observation,pending_central_coverage_join,unmeasured_low0_neutral0.5_high1_sensitivity;unmeasured_low0_neutral0.5_high1_sensitivity,"Population values retain the source universe and reported interval status. Missing population intervals use a zero-to-point ranking sensitivity; missing practical access or academic overlap uses low 0, neutral 0.5, high 1. Base access is therefore a labelled sensitivity, not a measured harmed-population count.",published perturbed national count; no interval supplied; low equals base equals high Single-response main-language categories; selected rows are not summed with broad categories ABS applied small random changes for privacy; count is main language used at home and not an L1 count; source reports no script or orthography.,Do not sum this row with heterogeneous or overlapping observations as unique people unless an explicit disjoint-universe rule exists.
124,false,OBS-GRG-US-015,Sisseton-Wahpeton / Eastern Dakota edition in the tribal-college documented University of Minnesota orthography,dak-Latn-US,United States,small_population_prestige_domain_screen,Americas,North America,GRG-US-015,Dakota,exact ACS language row; script not reported by source,United States,written_text_candidate,not asserted by population source,direct_language_sample_estimate,acs_2017_2021_estimated_persons_age5plus_language_spoken_at_home,estimated_persons,2222,2611,3000,2222,3000,source_interval_or_exact_bounds,2017-2021,GRG-S001,Nation worksheet row 510,true,Detailed Languages Spoken at Home and Ability to Speak English for the Population 5 Years and Over in the United States: 2017-2021,U.S. Census Bureau,official ACS five-year detailed-language tabulation,1,high,0,653,3000,"Sample estimates, not enumerated counts. Universe is age 5 and over and the measure is language spoken at home, not mother tongue or educational access. Parent language-family rows overlap child rows and were excluded. Published margins of error are 90 percent intervals; nonsampling error is not included. Detailed estimates may not sum to aggregates because of rounding.",724E415C533B268820367A85739F76F4EC4CCC881A19C9C52C908E447D1C2533,source_named_language_observation,US-ACS-2017-2021-HOME-LANGUAGE,direct_language_population_observation,pending_central_coverage_join,unmeasured_low0_neutral0.5_high1_sensitivity;unmeasured_low0_neutral0.5_high1_sensitivity,"Population values retain the source universe and reported interval status. Missing population intervals use a zero-to-point ranking sensitivity; missing practical access or academic overlap uses low 0, neutral 0.5, high 1. Base access is therefore a labelled sensitivity, not a measured harmed-population count. Profile recovery: ACS Dakota pools Eastern and Western varieties; interval is a ceiling for the Sisseton-Wahpeton edition Caveat: Western Yankton/Yanktonai coverage is not claimed.",published point estimate; low and high are estimate minus and plus published 90 percent margin of error Selected child language categories are mutually exclusive in the source hierarchy; do not combine with parent family totals Sample estimate for persons age 5 plus and language spoken at home; not an L1 count; source reports no script or orthography.,Do not sum this row with heterogeneous or overlapping observations as unique people unless an explicit disjoint-universe rule exists.
125,false,OBS-GRG-US-033,Q'anjob'al in ALMG normative orthography,kjb-Latn-GT,United States,small_population_prestige_domain_screen,Americas,North America (Central American Indigenous diaspora),GRG-US-033,Qanjobal,exact ACS language row; script not reported by source,United States,written_text_candidate,not asserted by population source,direct_language_sample_estimate,acs_2017_2021_estimated_persons_age5plus_language_spoken_at_home,estimated_persons,1532,2253,2974,1532,2974,source_interval_or_exact_bounds,2017-2021,GRG-S001,Nation worksheet row 552,true,Detailed Languages Spoken at Home and Ability to Speak English for the Population 5 Years and Over in the United States: 2017-2021,U.S. Census Bureau,official ACS five-year detailed-language tabulation,1,high,0,563,2974,"Sample estimates, not enumerated counts. Universe is age 5 and over and the measure is language spoken at home, not mother tongue or educational access. Parent language-family rows overlap child rows and were excluded. Published margins of error are 90 percent intervals; nonsampling error is not included. Detailed estimates may not sum to aggregates because of rounding.",724E415C533B268820367A85739F76F4EC4CCC881A19C9C52C908E447D1C2533,source_named_language_observation,US-ACS-2017-2021-HOME-LANGUAGE,direct_language_population_observation,pending_central_coverage_join,unmeasured_low0_neutral0.5_high1_sensitivity;unmeasured_low0_neutral0.5_high1_sensitivity,"Population values retain the source universe and reported interval status. Missing population intervals use a zero-to-point ranking sensitivity; missing practical access or academic overlap uses low 0, neutral 0.5, high 1. Base access is therefore a labelled sensitivity, not a measured harmed-population count.",published point estimate; low and high are estimate minus and plus published 90 percent margin of error Selected child language categories are mutually exclusive in the source hierarchy; do not combine with parent Mayan totals United States diaspora observation; exact printed label retained; source reports no script or orthography.,Do not sum this row with heterogeneous or overlapping observations as unique people unless an explicit disjoint-universe rule exists.
126,false,OBS-GRG-US-022,Kosrae State standard Kosraean,kos-Latn-FM,United States,small_population_prestige_domain_screen,Americas,North America (Pacific diaspora),GRG-US-022,Kosraean,exact ACS language row; script not reported by source,United States,written_text_candidate,not asserted by population source,direct_language_sample_estimate,acs_2017_2021_estimated_persons_age5plus_language_spoken_at_home,estimated_persons,1390,2051,2712,1390,2712,source_interval_or_exact_bounds,2017-2021,GRG-S001,Nation worksheet row 233,true,Detailed Languages Spoken at Home and Ability to Speak English for the Population 5 Years and Over in the United States: 2017-2021,U.S. Census Bureau,official ACS five-year detailed-language tabulation,1,high,0,513,2712,"Sample estimates, not enumerated counts. Universe is age 5 and over and the measure is language spoken at home, not mother tongue or educational access. Parent language-family rows overlap child rows and were excluded. Published margins of error are 90 percent intervals; nonsampling error is not included. Detailed estimates may not sum to aggregates because of rounding.",724E415C533B268820367A85739F76F4EC4CCC881A19C9C52C908E447D1C2533,source_named_language_observation,US-ACS-2017-2021-HOME-LANGUAGE,direct_language_population_observation,pending_central_coverage_join,unmeasured_low0_neutral0.5_high1_sensitivity;unmeasured_low0_neutral0.5_high1_sensitivity,"Population values retain the source universe and reported interval status. Missing population intervals use a zero-to-point ranking sensitivity; missing practical access or academic overlap uses low 0, neutral 0.5, high 1. Base access is therefore a labelled sensitivity, not a measured harmed-population count.",published point estimate; low and high are estimate minus and plus published 90 percent margin of error Selected child language categories are mutually exclusive in the source hierarchy; do not combine with parent family totals United States diaspora observation; sample estimate for persons age 5 plus and language spoken at home; source reports no script or orthography.,Do not sum this row with heterogeneous or overlapping observations as unique people unless an explicit disjoint-universe rule exists.
127,false,OBS-GRG-AU-004,Murrinh-Patha community dictionary/school profile,mwf-Latn-AU,Australia,small_population_prestige_domain_screen,Oceania,Australia,GRG-AU-004,Murrinh Patha,exact census language row; script not reported by source,Australia,written_text_candidate,not asserted by population source,direct_language_census_count,census_language_used_at_home_persons,persons,2081,2081,2081,2081,2081,source_interval_or_exact_bounds,2021,GRG-S002,"Language used at home, top responses other than English; Australia column; Murrinh Patha row",true,"2021 Lingiari, Census All persons QuickStats",Australian Bureau of Statistics,official national census QuickStats,1,high,0,520,2081,"National values are the Australia comparison column, not the Lingiari local counts. ABS applied small random changes to cells for privacy. Language used at home permits one main-language response and is not an L1 or educational-access measure.",F105D980714B0929937CDD5EBAE524D382070088AA17148487FC1A07824D28C6,source_named_language_observation,AU-CENSUS-2021-LANP,direct_language_population_observation,pending_central_coverage_join,unmeasured_low0_neutral0.5_high1_sensitivity;unmeasured_low0_neutral0.5_high1_sensitivity,"Population values retain the source universe and reported interval status. Missing population intervals use a zero-to-point ranking sensitivity; missing practical access or academic overlap uses low 0, neutral 0.5, high 1. Base access is therefore a labelled sensitivity, not a measured harmed-population count.",published perturbed national count; no interval supplied; low equals base equals high Single-response main-language categories; selected rows are not summed with broad categories ABS applied small random changes for privacy; count is main language used at home and not an L1 count; source reports no script or orthography.,Do not sum this row with heterogeneous or overlapping observations as unique people unless an explicit disjoint-universe rule exists.
128,false,OBS-GRG-US-034,Maayat'aan (Yucatec Maya) in INALI writing standard,yua-Latn-MX,United States,small_population_prestige_domain_screen,Americas,North America (Central American Indigenous diaspora),GRG-US-034,Yucateco,exact ACS language row; script not reported by source,United States,written_text_candidate,not asserted by population source,direct_language_sample_estimate,acs_2017_2021_estimated_persons_age5plus_language_spoken_at_home,estimated_persons,1155,1708,2261,1155,2261,source_interval_or_exact_bounds,2017-2021,GRG-S001,Nation worksheet row 554,true,Detailed Languages Spoken at Home and Ability to Speak English for the Population 5 Years and Over in the United States: 2017-2021,U.S. Census Bureau,official ACS five-year detailed-language tabulation,1,high,0,427,2261,"Sample estimates, not enumerated counts. Universe is age 5 and over and the measure is language spoken at home, not mother tongue or educational access. Parent language-family rows overlap child rows and were excluded. Published margins of error are 90 percent intervals; nonsampling error is not included. Detailed estimates may not sum to aggregates because of rounding.",724E415C533B268820367A85739F76F4EC4CCC881A19C9C52C908E447D1C2533,source_named_language_observation,US-ACS-2017-2021-HOME-LANGUAGE,direct_language_population_observation,pending_central_coverage_join,unmeasured_low0_neutral0.5_high1_sensitivity;unmeasured_low0_neutral0.5_high1_sensitivity,"Population values retain the source universe and reported interval status. Missing population intervals use a zero-to-point ranking sensitivity; missing practical access or academic overlap uses low 0, neutral 0.5, high 1. Base access is therefore a labelled sensitivity, not a measured harmed-population count.",published point estimate; low and high are estimate minus and plus published 90 percent margin of error Selected child language categories are mutually exclusive in the source hierarchy; do not combine with parent Mayan totals United States diaspora observation; exact printed label retained and not collapsed into a broader Maya label; source reports no script or orthography.,Do not sum this row with heterogeneous or overlapping observations as unique people unless an explicit disjoint-universe rule exists.
129,false,OBS-GRG-AU-005,Alyawarr community educational profile,aly-Latn-AU,Australia,small_population_prestige_domain_screen,Oceania,Australia,GRG-AU-005,Alyawarr,exact census language row; script not reported by source,Australia,written_text_candidate,not asserted by population source,direct_language_census_count,census_language_used_at_home_persons,persons,1951,1951,1951,1951,1951,source_interval_or_exact_bounds,2021,GRG-S002,"Language used at home, top responses other than English; Australia column; Alyawarr row",true,"2021 Lingiari, Census All persons QuickStats",Australian Bureau of Statistics,official national census QuickStats,1,high,0,488,1951,"National values are the Australia comparison column, not the Lingiari local counts. ABS applied small random changes to cells for privacy. Language used at home permits one main-language response and is not an L1 or educational-access measure.",F105D980714B0929937CDD5EBAE524D382070088AA17148487FC1A07824D28C6,source_named_language_observation,AU-CENSUS-2021-LANP,direct_language_population_observation,pending_central_coverage_join,unmeasured_low0_neutral0.5_high1_sensitivity;unmeasured_low0_neutral0.5_high1_sensitivity,"Population values retain the source universe and reported interval status. Missing population intervals use a zero-to-point ranking sensitivity; missing practical access or academic overlap uses low 0, neutral 0.5, high 1. Base access is therefore a labelled sensitivity, not a measured harmed-population count.",published perturbed national count; no interval supplied; low equals base equals high Single-response main-language categories; selected rows are not summed with broad categories ABS applied small random changes for privacy; count is main language used at home and not an L1 count; source reports no script or orthography.,Do not sum this row with heterogeneous or overlapping observations as unique people unless an explicit disjoint-universe rule exists.
130,false,OBS-GRG-US-028,Two-output bundle: Aruba official Papiamento spelling plus Curaçao/Bonaire official Papiamentu phonological spelling,pap-Latn-AW|pap-Latn-CW|pap-Latn-BQ,United States,small_population_prestige_domain_screen,Americas,North America (Caribbean diaspora),GRG-US-028,Papiamento,exact ACS language row; script not reported by source,United States,written_text_candidate,not asserted by population source,direct_language_sample_estimate,acs_2017_2021_estimated_persons_age5plus_language_spoken_at_home,estimated_persons,950,1422,1894,950,1894,source_interval_or_exact_bounds,2017-2021,GRG-S001,Nation worksheet row 272,true,Detailed Languages Spoken at Home and Ability to Speak English for the Population 5 Years and Over in the United States: 2017-2021,U.S. Census Bureau,official ACS five-year detailed-language tabulation,1,high,0,356,1894,"Sample estimates, not enumerated counts. Universe is age 5 and over and the measure is language spoken at home, not mother tongue or educational access. Parent language-family rows overlap child rows and were excluded. Published margins of error are 90 percent intervals; nonsampling error is not included. Detailed estimates may not sum to aggregates because of rounding.",724E415C533B268820367A85739F76F4EC4CCC881A19C9C52C908E447D1C2533,source_named_language_observation,US-ACS-2017-2021-HOME-LANGUAGE,direct_language_population_observation,pending_central_coverage_join,unmeasured_low0_neutral0.5_high1_sensitivity;unmeasured_low0_neutral0.5_high1_sensitivity,"Population values retain the source universe and reported interval status. Missing population intervals use a zero-to-point ranking sensitivity; missing practical access or academic overlap uses low 0, neutral 0.5, high 1. Base access is therefore a labelled sensitivity, not a measured harmed-population count. Profile recovery: US ACS Papiamento does not identify island origin; the one interval is a pooled ceiling and must never be multiplied across outputs Caveat: Three deployment tags are preserved while two localized byte editions are costed.",published point estimate; low and high are estimate minus and plus published 90 percent margin of error Selected child language categories are mutually exclusive in the source hierarchy; do not combine with parent Creole totals United States diaspora observation; sample estimate for persons age 5 plus and language spoken at home; source reports no script or orthography.,Do not sum this row with heterogeneous or overlapping observations as unique people unless an explicit disjoint-universe rule exists.
131,false,OBS-GRG-AU-007,Gurindji community dictionary profile,gue-Latn-AU,Australia,small_population_prestige_domain_screen,Oceania,Australia,GRG-AU-007,Gurindji,exact census language row; script not reported by source,Australia,written_text_candidate,not asserted by population source,direct_language_census_count,census_language_used_at_home_persons,persons,623,623,623,623,623,source_interval_or_exact_bounds,2021,GRG-S004,"Language used at home, top responses other than English; Australia column; Gurindji row",true,"2021 Katherine, Census All persons QuickStats",Australian Bureau of Statistics,official national census QuickStats,1,high,0,156,623,"National values are the Australia comparison column, not the Katherine local counts. ABS applied small random changes to cells for privacy. Language used at home permits one main-language response and is not an L1 or educational-access measure.",C94A5B835AE62F151DE8C91595158BA72C36888EEC7889977B813251C614DCED,source_named_language_observation,AU-CENSUS-2021-LANP,direct_language_population_observation,pending_central_coverage_join,unmeasured_low0_neutral0.5_high1_sensitivity;unmeasured_low0_neutral0.5_high1_sensitivity,"Population values retain the source universe and reported interval status. Missing population intervals use a zero-to-point ranking sensitivity; missing practical access or academic overlap uses low 0, neutral 0.5, high 1. Base access is therefore a labelled sensitivity, not a measured harmed-population count.",published perturbed national count; no interval supplied; low equals base equals high Single-response main-language categories; selected rows are not summed with broad categories ABS applied small random changes for privacy; count is main language used at home and not an L1 count; source reports no script or orthography.,Do not sum this row with heterogeneous or overlapping observations as unique people unless an explicit disjoint-universe rule exists.
132,false,OBS-GRG-AU-010,Warumungu community educational profile,wrm-Latn-AU,Australia,small_population_prestige_domain_screen,Oceania,Australia,GRG-AU-010,Warumungu,exact census language row; script not reported by source,Australia,written_text_candidate,not asserted by population source,direct_language_census_count,census_language_used_at_home_persons,persons,424,424,424,424,424,source_interval_or_exact_bounds,2021,GRG-S005,"Language used at home, top responses other than English; Australia column; Warumungu row",true,"2021 Barkly, Census All persons QuickStats",Australian Bureau of Statistics,official national census QuickStats,1,high,0,106,424,"National value is the Australia comparison column, not the Barkly local count. ABS applied small random changes to cells for privacy. Language used at home permits one main-language response and is not an L1 or educational-access measure.",8ED4EC8A7442BFBE2BB9D44A5779C0E40F44B9E18A59F17E857E90CEC7F97F89,source_named_language_observation,AU-CENSUS-2021-LANP,direct_language_population_observation,pending_central_coverage_join,unmeasured_low0_neutral0.5_high1_sensitivity;unmeasured_low0_neutral0.5_high1_sensitivity,"Population values retain the source universe and reported interval status. Missing population intervals use a zero-to-point ranking sensitivity; missing practical access or academic overlap uses low 0, neutral 0.5, high 1. Base access is therefore a labelled sensitivity, not a measured harmed-population count.",published perturbed national count; no interval supplied; low equals base equals high Single-response main-language categories; selected rows are not summed with broad categories ABS applied small random changes for privacy; count is main language used at home and not an L1 count; source reports no script or orthography.,Do not sum this row with heterogeneous or overlapping observations as unique people unless an explicit disjoint-universe rule exists.
133,false,OBS-GRG-AU-008,Ngarinyman community educational profile,nbj-Latn-AU,Australia,small_population_prestige_domain_screen,Oceania,Australia,GRG-AU-008,Ngarinyman,exact census language row; script not reported by source,Australia,written_text_candidate,not asserted by population source,direct_language_census_count,census_language_used_at_home_persons,persons,313,313,313,313,313,source_interval_or_exact_bounds,2021,GRG-S004,"Language used at home, top responses other than English; Australia column; Ngarinyman row",true,"2021 Katherine, Census All persons QuickStats",Australian Bureau of Statistics,official national census QuickStats,1,high,0,78,313,"National values are the Australia comparison column, not the Katherine local counts. ABS applied small random changes to cells for privacy. Language used at home permits one main-language response and is not an L1 or educational-access measure.",C94A5B835AE62F151DE8C91595158BA72C36888EEC7889977B813251C614DCED,source_named_language_observation,AU-CENSUS-2021-LANP,direct_language_population_observation,pending_central_coverage_join,unmeasured_low0_neutral0.5_high1_sensitivity;unmeasured_low0_neutral0.5_high1_sensitivity,"Population values retain the source universe and reported interval status. Missing population intervals use a zero-to-point ranking sensitivity; missing practical access or academic overlap uses low 0, neutral 0.5, high 1. Base access is therefore a labelled sensitivity, not a measured harmed-population count.",published perturbed national count; no interval supplied; low equals base equals high Single-response main-language categories; selected rows are not summed with broad categories ABS applied small random changes for privacy; count is main language used at home and not an L1 count; source reports no script or orthography.,Do not sum this row with heterogeneous or overlapping observations as unique people unless an explicit disjoint-universe rule exists.
134,false,OBS-GRG-AU-009,Wubuy (source label Nunggubuyu) community profile,nuy-Latn-AU,Australia,small_population_prestige_domain_screen,Oceania,Australia,GRG-AU-009,Nunggubuyu,exact census language row; script not reported by source,Australia,written_text_candidate,not asserted by population source,direct_language_census_count,census_language_used_at_home_persons,persons,283,283,283,283,283,source_interval_or_exact_bounds,2021,GRG-S004,"Language used at home, top responses other than English; Australia column; Nunggubuyu row",true,"2021 Katherine, Census All persons QuickStats",Australian Bureau of Statistics,official national census QuickStats,1,high,0,71,283,"National values are the Australia comparison column, not the Katherine local counts. ABS applied small random changes to cells for privacy. Language used at home permits one main-language response and is not an L1 or educational-access measure.",C94A5B835AE62F151DE8C91595158BA72C36888EEC7889977B813251C614DCED,source_named_language_observation,AU-CENSUS-2021-LANP,direct_language_population_observation,pending_central_coverage_join,unmeasured_low0_neutral0.5_high1_sensitivity;unmeasured_low0_neutral0.5_high1_sensitivity,"Population values retain the source universe and reported interval status. Missing population intervals use a zero-to-point ranking sensitivity; missing practical access or academic overlap uses low 0, neutral 0.5, high 1. Base access is therefore a labelled sensitivity, not a measured harmed-population count.",published perturbed national count; no interval supplied; low equals base equals high Single-response main-language categories; selected rows are not summed with broad categories ABS applied small random changes for privacy; count is main language used at home and not an L1 count; source reports no script or orthography.,Do not sum this row with heterogeneous or overlapping observations as unique people unless an explicit disjoint-universe rule exists.
