curation_id,intervention_id,target_name,target_profile,target_type,candidate_rankability_status,observation_id,population_language_label,population_profile,territory,reference_year,measure_type,count_unit,exact_source_population,source_id,source_locator,join_suggestion_status,target_mapping_status,observation_use,overlap_group_id,automatic_curation_status,automatic_curation_reason,manual_disposition,manual_notes
CUR-0001,NAT-001,Bangladesh Bangla,bn-Beng-BD,natural_language,requires_exact_population_join,POP-IN-002,Bengali,C-16 Bengali census language category,India,2011,census_mother_tongue_persons,persons,97237669,PM-S001,"Statement 1, printed p. 5",same_language_other_territory_review,c16_census_language_aggregate,context_category_parent_superseded_for_standard_edition_by_same_name_component,ALT-POP-IN-002-CATEGORY-COMPONENT,not_automatic_cross_territory_or_name_only,The target territory or exact code/profile does not match; explicit many-to-many curation is required.,pending,
CUR-0002,NAT-001,Bangladesh Bangla,bn-Beng-BD,natural_language,requires_exact_population_join,POP-MU-001,Bangla,Statistics Mauritius source label Bangla,Mauritius,2022,language_usually_spoken_at_home_persons,persons,14483,PM-S013,"Table D9, printed p. 165",same_language_other_territory_review,source_named_language_observation,gross_upper_bound_pending_intervention_edges,,not_automatic_cross_territory_or_name_only,The target territory or exact code/profile does not match; explicit many-to-many curation is required.,pending,
CUR-0003,NAT-001,Bangladesh Bangla,bn-Beng-BD,natural_language,requires_exact_population_join,POP-IN-COMP-002,Bengali,C-16 same-name mother-tongue component: Bengali; edition orthography separately evidenced,India,2011,census_same_name_mother_tongue_component_persons,persons,96177835,PM-S001,"Statement 1, printed p. 5; Statement 1 same-name mother-tongue component",same_language_other_territory_review,same_name_mother_tongue_component_preferred_for_standard_edition,gross_upper_bound_pending_intervention_edges,ALT-POP-IN-002-CATEGORY-COMPONENT,not_automatic_cross_territory_or_name_only,The target territory or exact code/profile does not match; explicit many-to-many curation is required.,pending,
CUR-0004,NAT-001,Bangladesh Bangla,bn-Beng-BD,natural_language,requires_exact_population_join,TH-2010-021,Bengali/Bangladesh,Bengali home-language profile,Thailand,2010-09-01,census_usual_language_at_home_persons,persons,3137,TH-S001,"Table 7, PDF p. 98 (printed statistical table p. 75)",same_language_other_territory_review,source_named_label_pending_edition_profile_evidence,gross_upper_bound_pending_intervention_edges,TH-OTHER-LABELS,not_automatic_cross_territory_or_name_only,The target territory or exact code/profile does not match; explicit many-to-many curation is required.,pending,
CUR-0005,NAT-001,Bangladesh Bangla,bn-Beng-BD,natural_language,requires_exact_population_join,ALG-BD-L001,Bangla,direct sample language category,Bangladesh,2019,survey_household_head_language_cases,sample_cases,60026,ALG-S002,Variable HC1B in hh.sav,strong_join_suggestion,sample_case_not_population,context_or_sensitivity_only,BD-MICS-HEAD-2019,exclude_nonperson_measure_from_population_rank,"Households, percentages, cases, or another nonperson unit cannot be ranked as people; published person estimates remain eligible with their intervals.",pending,
CUR-0006,NAT-001,Bangladesh Bangla,bn-Beng-BD,natural_language,requires_exact_population_join,ASSEC-BD-BN-001,Bangla,NAT-001 bn-Beng-BD Bangladesh Bangla,Bangladesh,2026-03-17 CLDR release; component estimate year not stated,derived_cldr_territory_functional_language_users,persons,165323060,ASSEC-S006,cldr_target_derivations.md row bn-Beng-BD; supplementalData.xml XPath /supplementalData/territoryInfo/territory[@type='BD'] and languagePopulation[@type='bn'],strong_join_suggestion,exact_language_and_territory_match_to_NAT-001; population source does not establish orthography,gross_upper_bound_pending_intervention_edges,ASSEC-BD-BN-FUNCTIONAL,eligible_exact_gross_ceiling,Exact code/profile/territory and person-count measure match; the source measure role and factor/overlap assignment remain downstream.,pending,
CUR-0007,NAT-002,Indian Bengali,bn-Beng-IN,natural_language,requires_exact_population_join,POP-IN-002,Bengali,C-16 Bengali census language category,India,2011,census_mother_tongue_persons,persons,97237669,PM-S001,"Statement 1, printed p. 5",strong_join_suggestion,c16_census_language_aggregate,context_category_parent_superseded_for_standard_edition_by_same_name_component,ALT-POP-IN-002-CATEGORY-COMPONENT,exclude_superseded_parent_aggregate,A same-name C-16 mother-tongue component is available; the broader category remains context only.,pending,
CUR-0008,NAT-002,Indian Bengali,bn-Beng-IN,natural_language,requires_exact_population_join,POP-MU-001,Bangla,Statistics Mauritius source label Bangla,Mauritius,2022,language_usually_spoken_at_home_persons,persons,14483,PM-S013,"Table D9, printed p. 165",same_language_other_territory_review,source_named_language_observation,gross_upper_bound_pending_intervention_edges,,not_automatic_cross_territory_or_name_only,The target territory or exact code/profile does not match; explicit many-to-many curation is required.,pending,
CUR-0009,NAT-002,Indian Bengali,bn-Beng-IN,natural_language,requires_exact_population_join,POP-IN-COMP-002,Bengali,C-16 same-name mother-tongue component: Bengali; edition orthography separately evidenced,India,2011,census_same_name_mother_tongue_component_persons,persons,96177835,PM-S001,"Statement 1, printed p. 5; Statement 1 same-name mother-tongue component",strong_join_suggestion,same_name_mother_tongue_component_preferred_for_standard_edition,gross_upper_bound_pending_intervention_edges,ALT-POP-IN-002-CATEGORY-COMPONENT,eligible_exact_gross_ceiling,Exact code/profile/territory and person-count measure match; the source measure role and factor/overlap assignment remain downstream.,pending,
CUR-0010,NAT-002,Indian Bengali,bn-Beng-IN,natural_language,requires_exact_population_join,TH-2010-021,Bengali/Bangladesh,Bengali home-language profile,Thailand,2010-09-01,census_usual_language_at_home_persons,persons,3137,TH-S001,"Table 7, PDF p. 98 (printed statistical table p. 75)",same_language_other_territory_review,source_named_label_pending_edition_profile_evidence,gross_upper_bound_pending_intervention_edges,TH-OTHER-LABELS,not_automatic_cross_territory_or_name_only,The target territory or exact code/profile does not match; explicit many-to-many curation is required.,pending,
CUR-0011,NAT-002,Indian Bengali,bn-Beng-IN,natural_language,requires_exact_population_join,ALG-BD-L001,Bangla,direct sample language category,Bangladesh,2019,survey_household_head_language_cases,sample_cases,60026,ALG-S002,Variable HC1B in hh.sav,same_language_other_territory_review,sample_case_not_population,context_or_sensitivity_only,BD-MICS-HEAD-2019,not_automatic_cross_territory_or_name_only,The target territory or exact code/profile does not match; explicit many-to-many curation is required.,pending,
CUR-0012,NAT-002,Indian Bengali,bn-Beng-IN,natural_language,requires_exact_population_join,ASSEC-BD-BN-001,Bangla,NAT-001 bn-Beng-BD Bangladesh Bangla,Bangladesh,2026-03-17 CLDR release; component estimate year not stated,derived_cldr_territory_functional_language_users,persons,165323060,ASSEC-S006,cldr_target_derivations.md row bn-Beng-BD; supplementalData.xml XPath /supplementalData/territoryInfo/territory[@type='BD'] and languagePopulation[@type='bn'],same_language_other_territory_review,exact_language_and_territory_match_to_NAT-001; population source does not establish orthography,gross_upper_bound_pending_intervention_edges,ASSEC-BD-BN-FUNCTIONAL,not_automatic_cross_territory_or_name_only,The target territory or exact code/profile does not match; explicit many-to-many curation is required.,pending,
CUR-0013,NAT-003,Telugu,te-Telu-IN,natural_language,requires_exact_population_join,POP-IN-021,Telugu,C-16 Telugu census language category,India,2011,census_mother_tongue_persons,persons,81127740,PM-S001,"Statement 1, printed p. 7",strong_join_suggestion,c16_census_language_aggregate,context_category_parent_superseded_for_standard_edition_by_same_name_component,ALT-POP-IN-021-CATEGORY-COMPONENT,exclude_superseded_parent_aggregate,A same-name C-16 mother-tongue component is available; the broader category remains context only.,pending,
CUR-0014,NAT-003,Telugu,te-Telu-IN,natural_language,requires_exact_population_join,POP-MU-010,Telugu,Statistics Mauritius source label Telugu,Mauritius,2022,language_usually_spoken_at_home_persons,persons,362,PM-S013,"Table D9, printed p. 165",same_language_other_territory_review,source_named_language_observation,gross_upper_bound_pending_intervention_edges,,not_automatic_cross_territory_or_name_only,The target territory or exact code/profile does not match; explicit many-to-many curation is required.,pending,
CUR-0015,NAT-003,Telugu,te-Telu-IN,natural_language,requires_exact_population_join,POP-IN-COMP-021,Telugu,C-16 same-name mother-tongue component: Telugu; edition orthography separately evidenced,India,2011,census_same_name_mother_tongue_component_persons,persons,80912459,PM-S001,"Statement 1, printed p. 7; Statement 1 same-name mother-tongue component",strong_join_suggestion,same_name_mother_tongue_component_preferred_for_standard_edition,gross_upper_bound_pending_intervention_edges,ALT-POP-IN-021-CATEGORY-COMPONENT,eligible_exact_gross_ceiling,Exact code/profile/territory and person-count measure match; the source measure role and factor/overlap assignment remain downstream.,pending,
CUR-0016,NAT-004,Indian Tamil,ta-Taml-IN,natural_language,requires_exact_population_join,POP-IN-020,Tamil,C-16 Tamil census language category,India,2011,census_mother_tongue_persons,persons,69026881,PM-S001,"Statement 1, printed p. 7",strong_join_suggestion,c16_census_language_aggregate,context_category_parent_superseded_for_standard_edition_by_same_name_component,ALT-POP-IN-020-CATEGORY-COMPONENT,exclude_superseded_parent_aggregate,A same-name C-16 mother-tongue component is available; the broader category remains context only.,pending,
CUR-0017,NAT-004,Indian Tamil,ta-Taml-IN,natural_language,requires_exact_population_join,POP-MU-009,Tamil,Statistics Mauritius source label Tamil,Mauritius,2022,language_usually_spoken_at_home_persons,persons,1035,PM-S013,"Table D9, printed p. 165",same_language_other_territory_review,source_named_language_observation,gross_upper_bound_pending_intervention_edges,,not_automatic_cross_territory_or_name_only,The target territory or exact code/profile does not match; explicit many-to-many curation is required.,pending,
CUR-0018,NAT-004,Indian Tamil,ta-Taml-IN,natural_language,requires_exact_population_join,POP-IN-COMP-020,Tamil,C-16 same-name mother-tongue component: Tamil; edition orthography separately evidenced,India,2011,census_same_name_mother_tongue_component_persons,persons,68888839,PM-S001,"Statement 1, printed p. 7; Statement 1 same-name mother-tongue component",strong_join_suggestion,same_name_mother_tongue_component_preferred_for_standard_edition,gross_upper_bound_pending_intervention_edges,ALT-POP-IN-020-CATEGORY-COMPONENT,eligible_exact_gross_ceiling,Exact code/profile/territory and person-count measure match; the source measure role and factor/overlap assignment remain downstream.,pending,
CUR-0019,NAT-004,Indian Tamil,ta-Taml-IN,natural_language,requires_exact_population_join,ALG-SG-L008,Tamil,most-frequently-spoken-at-home category,Singapore,2020,census_home_language_most_frequent_persons,persons,89946,ALG-S013,Resource 17441 row 6.1 Total,same_language_other_territory_review,source_named_language_observation,gross_upper_bound_pending_intervention_edges,SG-HOME-MOST-2020,not_automatic_cross_territory_or_name_only,The target territory or exact code/profile does not match; explicit many-to-many curation is required.,pending,
CUR-0020,NAT-004,Indian Tamil,ta-Taml-IN,natural_language,requires_exact_population_join,ASSEC-LK-TA-001,Tamil,NAT-005 ta-Taml-LK Sri Lankan Tamil,Sri Lanka,2026-03-17 CLDR release; component estimate year not stated,derived_cldr_territory_functional_language_users,persons,3297390,ASSEC-S006,cldr_target_derivations.md row ta-Taml-LK; supplementalData.xml XPath /supplementalData/territoryInfo/territory[@type='LK'] and languagePopulation[@type='ta'],same_language_other_territory_review,language_and_country_match_to_NAT-005; source does not separate Sri Lankan Tamil subvarieties and likelySubtag is generic ta-Taml-IN,gross_upper_bound_pending_intervention_edges,ASSEC-LK-TA-FUNCTIONAL,not_automatic_cross_territory_or_name_only,The target territory or exact code/profile does not match; explicit many-to-many curation is required.,pending,
CUR-0021,NAT-005,Sri Lankan Tamil,ta-Taml-LK,natural_language,requires_exact_population_join,POP-IN-020,Tamil,C-16 Tamil census language category,India,2011,census_mother_tongue_persons,persons,69026881,PM-S001,"Statement 1, printed p. 7",same_language_other_territory_review,c16_census_language_aggregate,context_category_parent_superseded_for_standard_edition_by_same_name_component,ALT-POP-IN-020-CATEGORY-COMPONENT,not_automatic_cross_territory_or_name_only,The target territory or exact code/profile does not match; explicit many-to-many curation is required.,pending,
CUR-0022,NAT-005,Sri Lankan Tamil,ta-Taml-LK,natural_language,requires_exact_population_join,POP-MU-009,Tamil,Statistics Mauritius source label Tamil,Mauritius,2022,language_usually_spoken_at_home_persons,persons,1035,PM-S013,"Table D9, printed p. 165",same_language_other_territory_review,source_named_language_observation,gross_upper_bound_pending_intervention_edges,,not_automatic_cross_territory_or_name_only,The target territory or exact code/profile does not match; explicit many-to-many curation is required.,pending,
CUR-0023,NAT-005,Sri Lankan Tamil,ta-Taml-LK,natural_language,requires_exact_population_join,POP-IN-COMP-020,Tamil,C-16 same-name mother-tongue component: Tamil; edition orthography separately evidenced,India,2011,census_same_name_mother_tongue_component_persons,persons,68888839,PM-S001,"Statement 1, printed p. 7; Statement 1 same-name mother-tongue component",same_language_other_territory_review,same_name_mother_tongue_component_preferred_for_standard_edition,gross_upper_bound_pending_intervention_edges,ALT-POP-IN-020-CATEGORY-COMPONENT,not_automatic_cross_territory_or_name_only,The target territory or exact code/profile does not match; explicit many-to-many curation is required.,pending,
CUR-0024,NAT-005,Sri Lankan Tamil,ta-Taml-LK,natural_language,requires_exact_population_join,ALG-SG-L008,Tamil,most-frequently-spoken-at-home category,Singapore,2020,census_home_language_most_frequent_persons,persons,89946,ALG-S013,Resource 17441 row 6.1 Total,same_language_other_territory_review,source_named_language_observation,gross_upper_bound_pending_intervention_edges,SG-HOME-MOST-2020,not_automatic_cross_territory_or_name_only,The target territory or exact code/profile does not match; explicit many-to-many curation is required.,pending,
CUR-0025,NAT-005,Sri Lankan Tamil,ta-Taml-LK,natural_language,requires_exact_population_join,ASSEC-LK-TA-001,Tamil,NAT-005 ta-Taml-LK Sri Lankan Tamil,Sri Lanka,2026-03-17 CLDR release; component estimate year not stated,derived_cldr_territory_functional_language_users,persons,3297390,ASSEC-S006,cldr_target_derivations.md row ta-Taml-LK; supplementalData.xml XPath /supplementalData/territoryInfo/territory[@type='LK'] and languagePopulation[@type='ta'],code_only_profile_join_review,language_and_country_match_to_NAT-005; source does not separate Sri Lankan Tamil subvarieties and likelySubtag is generic ta-Taml-IN,gross_upper_bound_pending_intervention_edges,ASSEC-LK-TA-FUNCTIONAL,eligible_exact_gross_ceiling,Exact code/profile/territory and person-count measure match; the source measure role and factor/overlap assignment remain downstream.,pending,
CUR-0026,NAT-006,Marathi,mr-Deva-IN,natural_language,requires_exact_population_join,POP-IN-013,Marathi,C-16 Marathi census language category,India,2011,census_mother_tongue_persons,persons,83026680,PM-S001,"Statement 1, printed p. 7",strong_join_suggestion,c16_census_language_aggregate,context_category_parent_superseded_for_standard_edition_by_same_name_component,ALT-POP-IN-013-CATEGORY-COMPONENT,exclude_superseded_parent_aggregate,A same-name C-16 mother-tongue component is available; the broader category remains context only.,pending,
CUR-0027,NAT-006,Marathi,mr-Deva-IN,natural_language,requires_exact_population_join,POP-MU-008,Marathi,Statistics Mauritius source label Marathi,Mauritius,2022,language_usually_spoken_at_home_persons,persons,364,PM-S013,"Table D9, printed p. 165",same_language_other_territory_review,source_named_language_observation,gross_upper_bound_pending_intervention_edges,,not_automatic_cross_territory_or_name_only,The target territory or exact code/profile does not match; explicit many-to-many curation is required.,pending,
CUR-0028,NAT-006,Marathi,mr-Deva-IN,natural_language,requires_exact_population_join,POP-IN-COMP-013,Marathi,C-16 same-name mother-tongue component: Marathi; edition orthography separately evidenced,India,2011,census_same_name_mother_tongue_component_persons,persons,82801140,PM-S001,"Statement 1, printed p. 7; Statement 1 same-name mother-tongue component",strong_join_suggestion,same_name_mother_tongue_component_preferred_for_standard_edition,gross_upper_bound_pending_intervention_edges,ALT-POP-IN-013-CATEGORY-COMPONENT,eligible_exact_gross_ceiling,Exact code/profile/territory and person-count measure match; the source measure role and factor/overlap assignment remain downstream.,pending,
CUR-0029,NAT-007,Gujarati,gu-Gujr-IN,natural_language,requires_exact_population_join,POP-IN-005,Gujarati,C-16 Gujarati census language category,India,2011,census_mother_tongue_persons,persons,55492554,PM-S001,"Statement 1, printed p. 5",strong_join_suggestion,c16_census_language_aggregate,context_category_parent_superseded_for_standard_edition_by_same_name_component,ALT-POP-IN-005-CATEGORY-COMPONENT,exclude_superseded_parent_aggregate,A same-name C-16 mother-tongue component is available; the broader category remains context only.,pending,
CUR-0030,NAT-007,Gujarati,gu-Gujr-IN,natural_language,requires_exact_population_join,POP-IN-COMP-005,Gujarati,C-16 same-name mother-tongue component: Gujarati; edition orthography separately evidenced,India,2011,census_same_name_mother_tongue_component_persons,persons,55036204,PM-S001,"Statement 1, printed p. 5; Statement 1 same-name mother-tongue component",strong_join_suggestion,same_name_mother_tongue_component_preferred_for_standard_edition,gross_upper_bound_pending_intervention_edges,ALT-POP-IN-005-CATEGORY-COMPONENT,eligible_exact_gross_ceiling,Exact code/profile/territory and person-count measure match; the source measure role and factor/overlap assignment remain downstream.,pending,
CUR-0031,NAT-008,Kannada,kn-Knda-IN,natural_language,requires_exact_population_join,POP-IN-007,Kannada,C-16 Kannada census language category,India,2011,census_mother_tongue_persons,persons,43706512,PM-S001,"Statement 1, printed p. 6",strong_join_suggestion,c16_census_language_aggregate,context_category_parent_superseded_for_standard_edition_by_same_name_component,ALT-POP-IN-007-CATEGORY-COMPONENT,exclude_superseded_parent_aggregate,A same-name C-16 mother-tongue component is available; the broader category remains context only.,pending,
CUR-0032,NAT-008,Kannada,kn-Knda-IN,natural_language,requires_exact_population_join,POP-IN-COMP-007,Kannada,C-16 same-name mother-tongue component: Kannada; edition orthography separately evidenced,India,2011,census_same_name_mother_tongue_component_persons,persons,43506272,PM-S001,"Statement 1, printed p. 6; Statement 1 same-name mother-tongue component",strong_join_suggestion,same_name_mother_tongue_component_preferred_for_standard_edition,gross_upper_bound_pending_intervention_edges,ALT-POP-IN-007-CATEGORY-COMPONENT,eligible_exact_gross_ceiling,Exact code/profile/territory and person-count measure match; the source measure role and factor/overlap assignment remain downstream.,pending,
CUR-0033,NAT-009,Malayalam,ml-Mlym-IN,natural_language,requires_exact_population_join,POP-IN-011,Malayalam,C-16 Malayalam census language category,India,2011,census_mother_tongue_persons,persons,34838819,PM-S001,"Statement 1, printed p. 7",strong_join_suggestion,c16_census_language_aggregate,context_category_parent_superseded_for_standard_edition_by_same_name_component,ALT-POP-IN-011-CATEGORY-COMPONENT,exclude_superseded_parent_aggregate,A same-name C-16 mother-tongue component is available; the broader category remains context only.,pending,
CUR-0034,NAT-009,Malayalam,ml-Mlym-IN,natural_language,requires_exact_population_join,POP-IN-COMP-011,Malayalam,C-16 same-name mother-tongue component: Malayalam; edition orthography separately evidenced,India,2011,census_same_name_mother_tongue_component_persons,persons,34776533,PM-S001,"Statement 1, printed p. 7; Statement 1 same-name mother-tongue component",strong_join_suggestion,same_name_mother_tongue_component_preferred_for_standard_edition,gross_upper_bound_pending_intervention_edges,ALT-POP-IN-011-CATEGORY-COMPONENT,eligible_exact_gross_ceiling,Exact code/profile/territory and person-count measure match; the source measure role and factor/overlap assignment remain downstream.,pending,
CUR-0035,NAT-010,Odia,or-Orya-IN,natural_language,requires_exact_population_join,POP-IN-015,Odia,C-16 Odia census language category,India,2011,census_mother_tongue_persons,persons,37521324,PM-S001,"Statement 1, printed p. 7",strong_join_suggestion,c16_census_language_aggregate,context_category_parent_superseded_for_standard_edition_by_same_name_component,ALT-POP-IN-015-CATEGORY-COMPONENT,exclude_superseded_parent_aggregate,A same-name C-16 mother-tongue component is available; the broader category remains context only.,pending,
CUR-0036,NAT-010,Odia,or-Orya-IN,natural_language,requires_exact_population_join,POP-IN-COMP-015,Odia,C-16 same-name mother-tongue component: Odia; edition orthography separately evidenced,India,2011,census_same_name_mother_tongue_component_persons,persons,34059266,PM-S001,"Statement 1, printed p. 7; Statement 1 same-name mother-tongue component",strong_join_suggestion,same_name_mother_tongue_component_preferred_for_standard_edition,gross_upper_bound_pending_intervention_edges,ALT-POP-IN-015-CATEGORY-COMPONENT,eligible_exact_gross_ceiling,Exact code/profile/territory and person-count measure match; the source measure role and factor/overlap assignment remain downstream.,pending,
CUR-0037,NAT-011,Assamese,as-Beng-IN,natural_language,requires_exact_population_join,POP-IN-001,Assamese,C-16 Assamese census language category,India,2011,census_mother_tongue_persons,persons,15311351,PM-S001,"Statement 1, printed p. 5",strong_join_suggestion,c16_census_language_aggregate,context_category_parent_superseded_for_standard_edition_by_same_name_component,ALT-POP-IN-001-CATEGORY-COMPONENT,exclude_superseded_parent_aggregate,A same-name C-16 mother-tongue component is available; the broader category remains context only.,pending,
CUR-0038,NAT-011,Assamese,as-Beng-IN,natural_language,requires_exact_population_join,POP-IN-COMP-001,Assamese,C-16 same-name mother-tongue component: Assamese; edition orthography separately evidenced,India,2011,census_same_name_mother_tongue_component_persons,persons,14816414,PM-S001,"Statement 1, printed p. 5; Statement 1 same-name mother-tongue component",strong_join_suggestion,same_name_mother_tongue_component_preferred_for_standard_edition,gross_upper_bound_pending_intervention_edges,ALT-POP-IN-001-CATEGORY-COMPONENT,eligible_exact_gross_ceiling,Exact code/profile/territory and person-count measure match; the source measure role and factor/overlap assignment remain downstream.,pending,
CUR-0039,NAT-012,Pakistani Urdu,ur-Arab-PK,natural_language,requires_exact_population_join,POP-IN-022,Urdu,C-16 Urdu census language category,India,2011,census_mother_tongue_persons,persons,50772631,PM-S001,"Statement 1, printed p. 7",same_language_other_territory_review,c16_census_language_aggregate,context_category_parent_superseded_for_standard_edition_by_same_name_component,ALT-POP-IN-022-CATEGORY-COMPONENT,not_automatic_cross_territory_or_name_only,The target territory or exact code/profile does not match; explicit many-to-many curation is required.,pending,
CUR-0040,NAT-012,Pakistani Urdu,ur-Arab-PK,natural_language,requires_exact_population_join,POP-PK-001,Urdu,Pakistan 2023 mother-tongue category,Pakistan,2023,census_mother_tongue_persons,persons,22249307,PM-S003,"Table 11, national all-localities all-sexes row",strong_join_suggestion,source_named_language_observation,gross_upper_bound_pending_intervention_edges,,eligible_exact_gross_ceiling,Exact code/profile/territory and person-count measure match; the source measure role and factor/overlap assignment remain downstream.,pending,
CUR-0041,NAT-012,Pakistani Urdu,ur-Arab-PK,natural_language,requires_exact_population_join,POP-MU-011,Urdu,Statistics Mauritius source label Urdu,Mauritius,2022,language_usually_spoken_at_home_persons,persons,413,PM-S013,"Table D9, printed p. 165",same_language_other_territory_review,source_named_language_observation,gross_upper_bound_pending_intervention_edges,,not_automatic_cross_territory_or_name_only,The target territory or exact code/profile does not match; explicit many-to-many curation is required.,pending,
CUR-0042,NAT-012,Pakistani Urdu,ur-Arab-PK,natural_language,requires_exact_population_join,POP-IN-COMP-022,Urdu,C-16 same-name mother-tongue component: Urdu; edition orthography separately evidenced,India,2011,census_same_name_mother_tongue_component_persons,persons,50725762,PM-S001,"Statement 1, printed p. 7; Statement 1 same-name mother-tongue component",same_language_other_territory_review,same_name_mother_tongue_component_preferred_for_standard_edition,gross_upper_bound_pending_intervention_edges,ALT-POP-IN-022-CATEGORY-COMPONENT,not_automatic_cross_territory_or_name_only,The target territory or exact code/profile does not match; explicit many-to-many curation is required.,pending,
CUR-0043,NAT-013,Indian Urdu,ur-Arab-IN,natural_language,requires_exact_population_join,POP-IN-022,Urdu,C-16 Urdu census language category,India,2011,census_mother_tongue_persons,persons,50772631,PM-S001,"Statement 1, printed p. 7",strong_join_suggestion,c16_census_language_aggregate,context_category_parent_superseded_for_standard_edition_by_same_name_component,ALT-POP-IN-022-CATEGORY-COMPONENT,exclude_superseded_parent_aggregate,A same-name C-16 mother-tongue component is available; the broader category remains context only.,pending,
CUR-0044,NAT-013,Indian Urdu,ur-Arab-IN,natural_language,requires_exact_population_join,POP-PK-001,Urdu,Pakistan 2023 mother-tongue category,Pakistan,2023,census_mother_tongue_persons,persons,22249307,PM-S003,"Table 11, national all-localities all-sexes row",same_language_other_territory_review,source_named_language_observation,gross_upper_bound_pending_intervention_edges,,not_automatic_cross_territory_or_name_only,The target territory or exact code/profile does not match; explicit many-to-many curation is required.,pending,
CUR-0045,NAT-013,Indian Urdu,ur-Arab-IN,natural_language,requires_exact_population_join,POP-MU-011,Urdu,Statistics Mauritius source label Urdu,Mauritius,2022,language_usually_spoken_at_home_persons,persons,413,PM-S013,"Table D9, printed p. 165",same_language_other_territory_review,source_named_language_observation,gross_upper_bound_pending_intervention_edges,,not_automatic_cross_territory_or_name_only,The target territory or exact code/profile does not match; explicit many-to-many curation is required.,pending,
CUR-0046,NAT-013,Indian Urdu,ur-Arab-IN,natural_language,requires_exact_population_join,POP-IN-COMP-022,Urdu,C-16 same-name mother-tongue component: Urdu; edition orthography separately evidenced,India,2011,census_same_name_mother_tongue_component_persons,persons,50725762,PM-S001,"Statement 1, printed p. 7; Statement 1 same-name mother-tongue component",strong_join_suggestion,same_name_mother_tongue_component_preferred_for_standard_edition,gross_upper_bound_pending_intervention_edges,ALT-POP-IN-022-CATEGORY-COMPONENT,eligible_exact_gross_ceiling,Exact code/profile/territory and person-count measure match; the source measure role and factor/overlap assignment remain downstream.,pending,
CUR-0047,NAT-014,Eastern Punjabi,pa-Guru-IN,natural_language,requires_exact_population_join,POP-IN-016,Punjabi,C-16 Punjabi census language category,India,2011,census_mother_tongue_persons,persons,33124726,PM-S001,"Statement 1, printed p. 7",strong_join_suggestion,c16_census_language_aggregate,context_category_parent_superseded_for_standard_edition_by_same_name_component,ALT-POP-IN-016-CATEGORY-COMPONENT,exclude_superseded_parent_aggregate,A same-name C-16 mother-tongue component is available; the broader category remains context only.,pending,
CUR-0048,NAT-014,Eastern Punjabi,pa-Guru-IN,natural_language,requires_exact_population_join,POP-PK-002,Punjabi,Pakistan 2023 census Punjabi category; exact production variety unresolved,Pakistan,2023,census_mother_tongue_persons,persons,88915544,PM-S003,"Table 11, national row",name_only_join_review,source_observation_not_candidate_ready,context_or_sensitivity_only,,not_automatic_cross_territory_or_name_only,The target territory or exact code/profile does not match; explicit many-to-many curation is required.,pending,
CUR-0049,NAT-014,Eastern Punjabi,pa-Guru-IN,natural_language,requires_exact_population_join,POP-IN-COMP-016,Punjabi,C-16 same-name mother-tongue component: Punjabi; edition orthography separately evidenced,India,2011,census_same_name_mother_tongue_component_persons,persons,31144095,PM-S001,"Statement 1, printed p. 7; Statement 1 same-name mother-tongue component",strong_join_suggestion,same_name_mother_tongue_component_preferred_for_standard_edition,gross_upper_bound_pending_intervention_edges,ALT-POP-IN-016-CATEGORY-COMPONENT,eligible_exact_gross_ceiling,Exact code/profile/territory and person-count measure match; the source measure role and factor/overlap assignment remain downstream.,pending,
CUR-0050,NAT-015,Western Punjabi,pnb-Arab-PK,natural_language,requires_exact_population_join,POP-IN-016,Punjabi,C-16 Punjabi census language category,India,2011,census_mother_tongue_persons,persons,33124726,PM-S001,"Statement 1, printed p. 7",name_only_join_review,c16_census_language_aggregate,context_category_parent_superseded_for_standard_edition_by_same_name_component,ALT-POP-IN-016-CATEGORY-COMPONENT,not_automatic_cross_territory_or_name_only,The target territory or exact code/profile does not match; explicit many-to-many curation is required.,pending,
CUR-0051,NAT-015,Western Punjabi,pnb-Arab-PK,natural_language,requires_exact_population_join,POP-PK-002,Punjabi,Pakistan 2023 census Punjabi category; exact production variety unresolved,Pakistan,2023,census_mother_tongue_persons,persons,88915544,PM-S003,"Table 11, national row",name_only_join_review,source_observation_not_candidate_ready,context_or_sensitivity_only,,not_automatic_cross_territory_or_name_only,The target territory or exact code/profile does not match; explicit many-to-many curation is required.,pending,
CUR-0052,NAT-015,Western Punjabi,pnb-Arab-PK,natural_language,requires_exact_population_join,POP-IN-COMP-016,Punjabi,C-16 same-name mother-tongue component: Punjabi; edition orthography separately evidenced,India,2011,census_same_name_mother_tongue_component_persons,persons,31144095,PM-S001,"Statement 1, printed p. 7; Statement 1 same-name mother-tongue component",name_only_join_review,same_name_mother_tongue_component_preferred_for_standard_edition,gross_upper_bound_pending_intervention_edges,ALT-POP-IN-016-CATEGORY-COMPONENT,not_automatic_cross_territory_or_name_only,The target territory or exact code/profile does not match; explicit many-to-many curation is required.,pending,
CUR-0053,NAT-016,Afghan Pashto,ps-Arab-AF,natural_language,discovery_only_target_resolution_required,POP-PK-004,Pashto,PBS source label Pushto,Pakistan,2023,census_mother_tongue_persons,persons,43633946,PM-S003,"Table 11, national row",same_language_other_territory_review,source_observation_not_candidate_ready,context_or_sensitivity_only,,not_automatic_cross_territory_or_name_only,The target territory or exact code/profile does not match; explicit many-to-many curation is required.,pending,
CUR-0054,NAT-016,Afghan Pashto,ps-Arab-AF,natural_language,discovery_only_target_resolution_required,ASSEC-AF-PS-001,Pashto,NAT-016 ps-Arab-AF Afghan Pashto,Afghanistan,2020 estimate; republished in official report 2023,derived_2020_total_speakers_from_official_secondary_share_and_world_bank_denominator,persons,18753110,ASSEC-S018,afghanistan_language_derivation.md; CIA page captured 2023-01-02 language field; Netherlands COI report printed p.72 section 3.1.1.2 and footnotes 502-504; World Bank JSON indicator SP.POP.TOTL AFG 2020,strong_join_suggestion,exact_Pashto_national_core_match_to_NAT-016; displaced cohorts excluded; source does not establish orthography,gross_upper_bound_pending_intervention_edges,ASSEC-AF-MULTILINGUAL-SPEAKERS-2020,exclude_unresolved_target,"The candidate's exact variety, script, register, or standard is unresolved.",pending,
CUR-0055,NAT-017,Pakistani Pashto,ps-Arab-PK,natural_language,discovery_only_target_resolution_required,POP-PK-004,Pashto,PBS source label Pushto,Pakistan,2023,census_mother_tongue_persons,persons,43633946,PM-S003,"Table 11, national row",strong_join_suggestion,source_observation_not_candidate_ready,context_or_sensitivity_only,,exclude_unresolved_target,"The candidate's exact variety, script, register, or standard is unresolved.",pending,
CUR-0056,NAT-017,Pakistani Pashto,ps-Arab-PK,natural_language,discovery_only_target_resolution_required,ASSEC-AF-PS-001,Pashto,NAT-016 ps-Arab-AF Afghan Pashto,Afghanistan,2020 estimate; republished in official report 2023,derived_2020_total_speakers_from_official_secondary_share_and_world_bank_denominator,persons,18753110,ASSEC-S018,afghanistan_language_derivation.md; CIA page captured 2023-01-02 language field; Netherlands COI report printed p.72 section 3.1.1.2 and footnotes 502-504; World Bank JSON indicator SP.POP.TOTL AFG 2020,same_language_other_territory_review,exact_Pashto_national_core_match_to_NAT-016; displaced cohorts excluded; source does not establish orthography,gross_upper_bound_pending_intervention_edges,ASSEC-AF-MULTILINGUAL-SPEAKERS-2020,not_automatic_cross_territory_or_name_only,The target territory or exact code/profile does not match; explicit many-to-many curation is required.,pending,
CUR-0057,NAT-018,Sindhi,sd-Arab-PK,natural_language,requires_exact_population_join,POP-IN-019,Sindhi,C-16 Sindhi census language category,India,2011,census_mother_tongue_persons,persons,2772264,PM-S001,"Statement 1, printed p. 7",same_language_other_territory_review,c16_census_language_aggregate,context_category_parent_superseded_for_standard_edition_by_same_name_component,ALT-POP-IN-019-CATEGORY-COMPONENT,not_automatic_cross_territory_or_name_only,The target territory or exact code/profile does not match; explicit many-to-many curation is required.,pending,
CUR-0058,NAT-018,Sindhi,sd-Arab-PK,natural_language,requires_exact_population_join,POP-PK-003,Sindhi,Pakistan 2023 Sindhi category,Pakistan,2023,census_mother_tongue_persons,persons,34401564,PM-S003,"Table 11, national row",strong_join_suggestion,source_named_language_observation,gross_upper_bound_pending_intervention_edges,,eligible_exact_gross_ceiling,Exact code/profile/territory and person-count measure match; the source measure role and factor/overlap assignment remain downstream.,pending,
CUR-0059,NAT-018,Sindhi,sd-Arab-PK,natural_language,requires_exact_population_join,POP-IN-COMP-019,Sindhi,C-16 same-name mother-tongue component: Sindhi; edition orthography separately evidenced,India,2011,census_same_name_mother_tongue_component_persons,persons,1679246,PM-S001,"Statement 1, printed p. 7; Statement 1 same-name mother-tongue component",same_language_other_territory_review,same_name_mother_tongue_component_preferred_for_standard_edition,gross_upper_bound_pending_intervention_edges,ALT-POP-IN-019-CATEGORY-COMPONENT,not_automatic_cross_territory_or_name_only,The target territory or exact code/profile does not match; explicit many-to-many curation is required.,pending,
CUR-0060,NAT-019,Saraiki,skr-Arab-PK,natural_language,requires_exact_population_join,POP-PK-007,Saraiki,Pakistan 2023 Saraiki category,Pakistan,2023,census_mother_tongue_persons,persons,28849579,PM-S003,"Table 11, national row",strong_join_suggestion,source_named_language_observation,gross_upper_bound_pending_intervention_edges,,eligible_exact_gross_ceiling,Exact code/profile/territory and person-count measure match; the source measure role and factor/overlap assignment remain downstream.,pending,
CUR-0061,NAT-020,Balochi Pakistan profile,bal-Arab-PK,natural_language,discovery_only_target_resolution_required,POP-PK-005,Balochi,Pakistan 2023 Balochi category,Pakistan,2023,census_mother_tongue_persons,persons,8117795,PM-S003,"Table 11, national row",code_only_profile_join_review,source_observation_not_candidate_ready,context_or_sensitivity_only,,not_automatic_cross_territory_or_name_only,The target territory or exact code/profile does not match; explicit many-to-many curation is required.,pending,
CUR-0062,NAT-020,Balochi Pakistan profile,bal-Arab-PK,natural_language,discovery_only_target_resolution_required,ALG-TM-L004,Baloch [source category],national mother-tongue category,Turkmenistan,2022,census_mother_tongue_persons,persons,82767,ALG-S009,Table 4.9,same_language_other_territory_review,source_named_language_observation,gross_upper_bound_pending_intervention_edges,TM-MT-2022,not_automatic_cross_territory_or_name_only,The target territory or exact code/profile does not match; explicit many-to-many curation is required.,pending,
CUR-0063,NAT-021,Brahui,brh-Arab-PK,natural_language,requires_exact_population_join,POP-PK-009,Brahui,Pakistan 2023 Brahvi category,Pakistan,2023,census_mother_tongue_persons,persons,2778670,PM-S003,"Table 11, national row",strong_join_suggestion,source_named_language_observation,gross_upper_bound_pending_intervention_edges,,eligible_exact_gross_ceiling,Exact code/profile/territory and person-count measure match; the source measure role and factor/overlap assignment remain downstream.,pending,
CUR-0064,NAT-022,Nepali,ne-Deva-NP,natural_language,requires_exact_population_join,POP-IN-014,Nepali,C-16 Nepali census language category including Gorkhali,India,2011,census_mother_tongue_persons,persons,2926168,PM-S001,"Statement 1, printed p. 7",same_language_other_territory_review,c16_census_language_aggregate,context_category_parent_superseded_for_standard_edition_by_same_name_component,ALT-POP-IN-014-CATEGORY-COMPONENT,not_automatic_cross_territory_or_name_only,The target territory or exact code/profile does not match; explicit many-to-many curation is required.,pending,
CUR-0065,NAT-022,Nepali,ne-Deva-NP,natural_language,requires_exact_population_join,POP-NP-001,Nepali,Nepal 2021 mother tongue,Nepal,2021,census_mother_tongue_persons,persons,13084457,PM-S004,"Annex 1, printed p. 123",strong_join_suggestion,source_named_language_observation,gross_upper_bound_pending_intervention_edges,,eligible_exact_gross_ceiling,Exact code/profile/territory and person-count measure match; the source measure role and factor/overlap assignment remain downstream.,pending,
CUR-0066,NAT-022,Nepali,ne-Deva-NP,natural_language,requires_exact_population_join,POP-IN-COMP-014,Nepali,C-16 same-name mother-tongue component: Nepali; edition orthography separately evidenced,India,2011,census_same_name_mother_tongue_component_persons,persons,2925796,PM-S001,"Statement 1, printed p. 7; Statement 1 same-name mother-tongue component",same_language_other_territory_review,same_name_mother_tongue_component_preferred_for_standard_edition,gross_upper_bound_pending_intervention_edges,ALT-POP-IN-014-CATEGORY-COMPONENT,not_automatic_cross_territory_or_name_only,The target territory or exact code/profile does not match; explicit many-to-many curation is required.,pending,
CUR-0067,NAT-023,Maithili Nepal profile,mai-Deva-NP,natural_language,requires_exact_population_join,POP-IN-010,Maithili,C-16 Maithili census language category,India,2011,census_mother_tongue_persons,persons,13583464,PM-S001,"Statement 1, printed p. 7",same_language_other_territory_review,c16_census_language_aggregate,context_category_parent_superseded_for_standard_edition_by_same_name_component,ALT-POP-IN-010-CATEGORY-COMPONENT,not_automatic_cross_territory_or_name_only,The target territory or exact code/profile does not match; explicit many-to-many curation is required.,pending,
CUR-0068,NAT-023,Maithili Nepal profile,mai-Deva-NP,natural_language,requires_exact_population_join,POP-NP-002,Maithili,Nepal 2021 mother tongue,Nepal,2021,census_mother_tongue_persons,persons,3222389,PM-S004,"Annex 1, printed p. 123",strong_join_suggestion,source_named_language_observation,gross_upper_bound_pending_intervention_edges,,eligible_exact_gross_ceiling,Exact code/profile/territory and person-count measure match; the source measure role and factor/overlap assignment remain downstream.,pending,
CUR-0069,NAT-023,Maithili Nepal profile,mai-Deva-NP,natural_language,requires_exact_population_join,POP-IN-COMP-010,Maithili,C-16 same-name mother-tongue component: Maithili; edition orthography separately evidenced,India,2011,census_same_name_mother_tongue_component_persons,persons,13353347,PM-S001,"Statement 1, printed p. 7; Statement 1 same-name mother-tongue component",same_language_other_territory_review,same_name_mother_tongue_component_preferred_for_standard_edition,gross_upper_bound_pending_intervention_edges,ALT-POP-IN-010-CATEGORY-COMPONENT,not_automatic_cross_territory_or_name_only,The target territory or exact code/profile does not match; explicit many-to-many curation is required.,pending,
CUR-0070,NAT-024,Bhojpuri Nepal profile,bho-Deva-NP,natural_language,requires_exact_population_join,POP-IN-023,Bhojpuri,Bhojpuri mother-tongue row grouped under Hindi,India,2011,census_mother_tongue_persons,persons,50579447,PM-S001,"Statement 1, printed p. 6",same_language_other_territory_review,source_named_language_observation_nested_in_parent,gross_upper_bound_pending_intervention_edges,HIER-POP-IN-006,not_automatic_cross_territory_or_name_only,The target territory or exact code/profile does not match; explicit many-to-many curation is required.,pending,
CUR-0071,NAT-024,Bhojpuri Nepal profile,bho-Deva-NP,natural_language,requires_exact_population_join,POP-NP-003,Bhojpuri,Nepal 2021 mother tongue,Nepal,2021,census_mother_tongue_persons,persons,1820795,PM-S004,"Annex 1, printed p. 123",strong_join_suggestion,source_named_language_observation,gross_upper_bound_pending_intervention_edges,,eligible_exact_gross_ceiling,Exact code/profile/territory and person-count measure match; the source measure role and factor/overlap assignment remain downstream.,pending,
CUR-0072,NAT-024,Bhojpuri Nepal profile,bho-Deva-NP,natural_language,requires_exact_population_join,POP-MU-002,Bhojpuri,Mauritian Bhojpuri,Mauritius,2022,language_usually_spoken_at_home_persons,persons,106583,PM-S013,"Table D9, printed p. 165",same_language_other_territory_review,source_observation_not_candidate_ready,context_or_sensitivity_only,,not_automatic_cross_territory_or_name_only,The target territory or exact code/profile does not match; explicit many-to-many curation is required.,pending,
CUR-0073,NAT-025,Bajjika Nepal profile,Bajjika-Deva-NP unresolved ISO,natural_language,discovery_only_target_resolution_required,POP-NP-006,Bajjika,Nepal 2021 mother tongue,Nepal,2021,census_mother_tongue_persons,persons,1133764,PM-S004,"Annex 1, printed p. 123",name_only_join_review,source_named_language_observation,gross_upper_bound_pending_intervention_edges,,not_automatic_cross_territory_or_name_only,The target territory or exact code/profile does not match; explicit many-to-many curation is required.,pending,
CUR-0074,NAT-026,Avadhi Nepal profile,awa-Deva-NP,natural_language,requires_exact_population_join,POP-IN-029,Awadhi,Awadhi mother-tongue row grouped under Hindi,India,2011,census_mother_tongue_persons,persons,3850906,PM-S001,"Statement 1, printed p. 6",same_language_other_territory_review,c16_census_language_aggregate,aggregate_upper_bound_requires_same_name_component_or_target_fit,HIER-POP-IN-006,not_automatic_cross_territory_or_name_only,The target territory or exact code/profile does not match; explicit many-to-many curation is required.,pending,
CUR-0075,NAT-026,Avadhi Nepal profile,awa-Deva-NP,natural_language,requires_exact_population_join,POP-NP-007,Avadhi,Nepal 2021 source label Avadhi,Nepal,2021,census_mother_tongue_persons,persons,864276,PM-S004,"Annex 1, printed p. 123",strong_join_suggestion,source_named_language_observation,gross_upper_bound_pending_intervention_edges,,eligible_exact_gross_ceiling,Exact code/profile/territory and person-count measure match; the source measure role and factor/overlap assignment remain downstream.,pending,
CUR-0076,NAT-027,Sinhala,si-Sinh-LK,natural_language,requires_exact_population_join,ASSEC-LK-SI-001,Sinhala,NAT-027 si-Sinh-LK Sinhala,Sri Lanka,2026-03-17 CLDR release; component estimate year not stated,derived_cldr_territory_functional_language_users,persons,14948168,ASSEC-S006,cldr_target_derivations.md row si-Sinh-LK; supplementalData.xml XPath /supplementalData/territoryInfo/territory[@type='LK'] and languagePopulation[@type='si'],strong_join_suggestion,exact_named_language_and_territory_match_to_NAT-027; population source does not establish orthography,gross_upper_bound_pending_intervention_edges,ASSEC-LK-SI-FUNCTIONAL,eligible_exact_gross_ceiling,Exact code/profile/territory and person-count measure match; the source measure role and factor/overlap assignment remain downstream.,pending,
CUR-0077,NAT-028,Vietnamese,vi-Latn-VN,natural_language,requires_exact_population_join,TH-2010-015,Vietnamese,Vietnamese home-language profile,Thailand,2010-09-01,census_usual_language_at_home_persons,persons,8281,TH-S001,"Table 7, PDF p. 98 (printed statistical table p. 75; English label 'Viatnam')",same_language_other_territory_review,source_named_label_pending_edition_profile_evidence,gross_upper_bound_pending_intervention_edges,TH-OTHER-LABELS,not_automatic_cross_territory_or_name_only,The target territory or exact code/profile does not match; explicit many-to-many curation is required.,pending,
CUR-0078,NAT-028,Vietnamese,vi-Latn-VN,natural_language,requires_exact_population_join,ALG-KH-L002,Vietnamese,national mother-tongue category,Cambodia,2019,census_mother_tongue_persons,persons,78090,ALG-S011,"Table 2.7.1, PDF p. 53 / printed p. 25",same_language_other_territory_review,source_named_language_observation,gross_upper_bound_pending_intervention_edges,KH-MT-2019,not_automatic_cross_territory_or_name_only,The target territory or exact code/profile does not match; explicit many-to-many curation is required.,pending,
CUR-0079,NAT-028,Vietnamese,vi-Latn-VN,natural_language,requires_exact_population_join,ASSEC-VN-VI-001,Vietnamese,NAT-028 vi-Latn-VN Vietnamese,Vietnam,2016 publication; population estimate vintage not stated,peer_reviewed_published_lower_bound_speakers,persons,89000000,ASSEC-S007,PubMed XML PMID 27172848; Abstract/AbstractText[@Label='PURPOSE']; first sentence; DOI 10.3109/17549507.2015.1101162,strong_join_suggestion,exact_named_language_and_country_match_to_NAT-028; source does not establish orthography,gross_lower_bound_pending_intervention_edges,ASSEC-VN-VI-SPEAKERS,eligible_exact_gross_ceiling,Exact code/profile/territory and person-count measure match; the source measure role and factor/overlap assignment remain downstream.,pending,
CUR-0080,NAT-029,Thai,th-Thai-TH,natural_language,requires_exact_population_join,TH-2010-001,Only Thai Language,Thai-only home-language stratum,Thailand,2010-09-01,census_usual_language_at_home_persons,persons,59866190,TH-S001,"Table 7, PDF p. 98 (printed statistical table p. 75)",code_only_profile_join_review,source_aggregate_or_component_context,context_or_set_accounting_only,THAI-UNION,not_automatic_cross_territory_or_name_only,The target territory or exact code/profile does not match; explicit many-to-many curation is required.,pending,
CUR-0081,NAT-029,Thai,th-Thai-TH,natural_language,requires_exact_population_join,TH-2010-002,Thai and others languages,Thai-plus-other home-language stratum,Thailand,2010-09-01,census_usual_language_at_home_persons,persons,4214001,TH-S001,"Table 7, PDF p. 98 (printed statistical table p. 75)",code_only_profile_join_review,source_aggregate_or_component_context,context_or_set_accounting_only,THAI-UNION,not_automatic_cross_territory_or_name_only,The target territory or exact code/profile does not match; explicit many-to-many curation is required.,pending,
CUR-0082,NAT-029,Thai,th-Thai-TH,natural_language,requires_exact_population_join,TH-2010-003,Thai usable home-language union,Thai-language edition readership ceiling,Thailand,2010-09-01,derived_union_of_mutually_exclusive_census_strata_persons,persons,64080191,TH-S001,"Derived from Table 7, PDF p. 98: 59,866,190 only Thai + 4,214,001 Thai and other languages",strong_join_suggestion,derived_exact_thai_usable_union,gross_language_ceiling_pending_intervention_edges,THAI-UNION,eligible_exact_gross_ceiling,Exact code/profile/territory and person-count measure match; the source measure role and factor/overlap assignment remain downstream.,pending,
CUR-0083,NAT-029,Thai,th-Thai-TH,natural_language,requires_exact_population_join,ALG-VN-E003,Thái,ethnicity proxy only,Vietnam,2019-04-01,statistical_survey_ethnic_category_persons,persons,1820950,ALG-S003,Biểu 2.1 / 2.2,name_only_join_review,non_language_population_proxy,context_or_sensitivity_only,VN-ETHNIC-2019,not_automatic_cross_territory_or_name_only,The target territory or exact code/profile does not match; explicit many-to-many curation is required.,pending,
CUR-0084,NAT-029,Thai,th-Thai-TH,natural_language,requires_exact_population_join,ALG-KH-L005,Thai,national mother-tongue category,Cambodia,2019,census_mother_tongue_persons,persons,6650,ALG-S011,"Table 2.7.1, PDF p. 53 / printed p. 25",same_language_other_territory_review,source_named_language_observation,gross_upper_bound_pending_intervention_edges,KH-MT-2019,not_automatic_cross_territory_or_name_only,The target territory or exact code/profile does not match; explicit many-to-many curation is required.,pending,
CUR-0085,NAT-030,Burmese,my-Mymr-MM,natural_language,requires_exact_population_join,TH-2010-014,Burmese,Burmese home-language profile,Thailand,2010-09-01,census_usual_language_at_home_persons,persons,827713,TH-S001,"Table 7, PDF p. 98 (printed statistical table p. 75; English label 'Burmeae')",same_language_other_territory_review,source_named_label_pending_edition_profile_evidence,gross_upper_bound_pending_intervention_edges,TH-OTHER-LABELS,not_automatic_cross_territory_or_name_only,The target territory or exact code/profile does not match; explicit many-to-many curation is required.,pending,
CUR-0086,NAT-030,Burmese,my-Mymr-MM,natural_language,requires_exact_population_join,ASSEC-MM-MY-001,Burmese,NAT-030 my-Mymr-MM Burmese,Myanmar,2026-03-17 CLDR release; component estimate year not stated,derived_cldr_territory_functional_language_users,persons,36817344,ASSEC-S006,cldr_target_derivations.md row my-Mymr-MM; supplementalData.xml XPath /supplementalData/territoryInfo/territory[@type='MM'] and languagePopulation[@type='my'],strong_join_suggestion,exact_national_language_and_territory_core_of_NAT-030; displaced cohorts excluded,gross_upper_bound_pending_intervention_edges,ASSEC-MM-MY-FUNCTIONAL,eligible_exact_gross_ceiling,Exact code/profile/territory and person-count measure match; the source measure role and factor/overlap assignment remain downstream.,pending,
CUR-0087,NAT-031,Khmer,km-Khmr-KH,natural_language,requires_exact_population_join,TH-2010-017,Cambodia,Khmer home-language profile,Thailand,2010-09-01,census_usual_language_at_home_persons,persons,180533,TH-S001,"Table 7, PDF p. 98 (printed statistical table p. 75)",same_language_other_territory_review,source_named_label_pending_edition_profile_evidence,gross_upper_bound_pending_intervention_edges,TH-OTHER-LABELS,not_automatic_cross_territory_or_name_only,The target territory or exact code/profile does not match; explicit many-to-many curation is required.,pending,
CUR-0088,NAT-031,Khmer,km-Khmr-KH,natural_language,requires_exact_population_join,ALG-VN-E006,Khmer,ethnicity proxy only,Vietnam,2019-04-01,statistical_survey_ethnic_category_persons,persons,1319652,ALG-S003,Biểu 2.1 / 2.2,name_only_join_review,non_language_population_proxy,context_or_sensitivity_only,VN-ETHNIC-2019,not_automatic_cross_territory_or_name_only,The target territory or exact code/profile does not match; explicit many-to-many curation is required.,pending,
CUR-0089,NAT-031,Khmer,km-Khmr-KH,natural_language,requires_exact_population_join,ALG-KH-L001,Khmer,national mother-tongue category,Cambodia,2019,census_mother_tongue_persons,persons,14893134,ALG-S011,"Table 2.7.1, PDF p. 53 / printed p. 25",strong_join_suggestion,source_named_language_observation,gross_upper_bound_pending_intervention_edges,KH-MT-2019,eligible_exact_gross_ceiling,Exact code/profile/territory and person-count measure match; the source measure role and factor/overlap assignment remain downstream.,pending,
CUR-0090,NAT-032,Lao,lo-Laoo-LA,natural_language,requires_exact_population_join,TH-2010-016,Lao,Lao home-language profile,Thailand,2010-09-01,census_usual_language_at_home_persons,persons,60199,TH-S001,"Table 7, PDF p. 98 (printed statistical table p. 75)",same_language_other_territory_review,source_named_label_pending_edition_profile_evidence,gross_upper_bound_pending_intervention_edges,TH-OTHER-LABELS,not_automatic_cross_territory_or_name_only,The target territory or exact code/profile does not match; explicit many-to-many curation is required.,pending,
CUR-0091,NAT-032,Lao,lo-Laoo-LA,natural_language,requires_exact_population_join,ALG-KH-L004,Lao,national mother-tongue category,Cambodia,2019,census_mother_tongue_persons,persons,13636,ALG-S011,"Table 2.7.1, PDF p. 53 / printed p. 25",same_language_other_territory_review,source_named_language_observation,gross_upper_bound_pending_intervention_edges,KH-MT-2019,not_automatic_cross_territory_or_name_only,The target territory or exact code/profile does not match; explicit many-to-many curation is required.,pending,
CUR-0092,NAT-032,Lao,lo-Laoo-LA,natural_language,requires_exact_population_join,ALG-LA-E001,Lao,ethnicity proxy only,Lao PDR,2015,census_citizen_ethnic_category_persons,persons,3427665,ALG-S016,"Table P2.7, printed p. 120",name_only_join_review,non_language_population_proxy,context_or_sensitivity_only,LA-ETHNIC-2015,not_automatic_cross_territory_or_name_only,The target territory or exact code/profile does not match; explicit many-to-many curation is required.,pending,
CUR-0093,NAT-032,Lao,lo-Laoo-LA,natural_language,requires_exact_population_join,ASSEC-LA-LO-001,Lao,NAT-032 lo-Laoo-LA Lao,Laos,2026-03-17 CLDR release; component estimate year not stated,derived_cldr_territory_functional_language_users,persons,5487956,ASSEC-S006,cldr_target_derivations.md row lo-Laoo-LA; supplementalData.xml XPath /supplementalData/territoryInfo/territory[@type='LA'] and languagePopulation[@type='lo'],strong_join_suggestion,exact_named_language_and_territory_match_to_NAT-032; Thai overlap unresolved,gross_upper_bound_pending_intervention_edges,ASSEC-LA-LO-FUNCTIONAL,eligible_exact_gross_ceiling,Exact code/profile/territory and person-count measure match; the source measure role and factor/overlap assignment remain downstream.,pending,
CUR-0094,NAT-033,Filipino,fil-Latn-PH,natural_language,requires_exact_population_join,TH-2010-020,Tagalog/Filipino,Filipino home-language profile,Thailand,2010-09-01,census_usual_language_at_home_persons,persons,6041,TH-S001,"Table 7, PDF p. 98 (printed statistical table p. 75)",same_language_other_territory_review,source_named_label_pending_edition_profile_evidence,gross_upper_bound_pending_intervention_edges,TH-OTHER-LABELS,not_automatic_cross_territory_or_name_only,The target territory or exact code/profile does not match; explicit many-to-many curation is required.,pending,
CUR-0095,NAT-034,Cebuano,ceb-Latn-PH,natural_language,requires_exact_population_join,POP-PH-005,Cebuano,PSA source label Cebuano,Philippines,2020,households_language_generally_spoken_at_home,households,1716080,PM-S006,"Table 1, PDF p. 2",strong_join_suggestion,household_proxy,context_or_sensitivity_only,,exclude_nonperson_measure_from_population_rank,"Households, percentages, cases, or another nonperson unit cannot be ranked as people; published person estimates remain eligible with their intervals.",pending,
CUR-0096,NAT-034,Cebuano,ceb-Latn-PH,natural_language,requires_exact_population_join,ASSEC-PH-CEB-001,Cebuano,NAT-034 ceb-Latn-PH Cebuano,Philippines,2010-12-31,CLEAR_normalized_main_language_weighted_persons_from_IPUMS_2010_census_extract,persons,20697364,ASSEC-S008,clear_ludp_phl_national_2010.json JSON $.data[?(@.language_name=='Cebuano')].individuals_value_weighted; dataset Philippines Census 2010 (IPUMS extract),strong_join_suggestion,exact_Cebuano_and_Philippines_match_to_NAT-034; API Glottocode cebu1242 crosschecked to hid ceb,gross_upper_bound_pending_intervention_edges,ASSEC-PH-CEB-MAINLANG-2010,eligible_exact_gross_ceiling,Exact code/profile/territory and person-count measure match; the source measure role and factor/overlap assignment remain downstream.,pending,
CUR-0097,NAT-035,Ilocano,ilo-Latn-PH,natural_language,requires_exact_population_join,POP-PH-004,Ilocano,PSA source label Ilocano,Philippines,2020,households_language_generally_spoken_at_home,households,1863409,PM-S006,"Table 1, PDF p. 2",strong_join_suggestion,household_proxy,context_or_sensitivity_only,,exclude_nonperson_measure_from_population_rank,"Households, percentages, cases, or another nonperson unit cannot be ranked as people; published person estimates remain eligible with their intervals.",pending,
CUR-0098,NAT-035,Ilocano,ilo-Latn-PH,natural_language,requires_exact_population_join,ASSEC-PH-ILO-001,Iloko,NAT-035 ilo-Latn-PH Ilocano,Philippines,2010-12-31,CLEAR_normalized_main_language_weighted_persons_from_IPUMS_2010_census_extract,persons,7098503,ASSEC-S008,clear_ludp_phl_national_2010.json JSON $.data[?(@.language_name=='Iloko')].individuals_value_weighted; dataset Philippines Census 2010 (IPUMS extract),code_only_profile_join_review,exact_Iloko_alias_and_Philippines_match_to_NAT-035_Ilocano; API Glottocode ilok1237 crosschecked to hid ilo,gross_upper_bound_pending_intervention_edges,ASSEC-PH-ILO-MAINLANG-2010,eligible_exact_gross_ceiling,Exact code/profile/territory and person-count measure match; the source measure role and factor/overlap assignment remain downstream.,pending,
CUR-0099,NAT-036,Hiligaynon,hil-Latn-PH,natural_language,requires_exact_population_join,POP-PH-003,Hiligaynon,PSA source label Hiligaynon/Ilonggo,Philippines,2020,households_language_generally_spoken_at_home,households,1933512,PM-S006,"Table 1, PDF p. 2",strong_join_suggestion,household_proxy,context_or_sensitivity_only,,exclude_nonperson_measure_from_population_rank,"Households, percentages, cases, or another nonperson unit cannot be ranked as people; published person estimates remain eligible with their intervals.",pending,
CUR-0100,NAT-036,Hiligaynon,hil-Latn-PH,natural_language,requires_exact_population_join,ASSEC-PH-HIL-001,Hiligaynon,NAT-036 hil-Latn-PH Hiligaynon,Philippines,2010-12-31,CLEAR_normalized_main_language_weighted_persons_from_IPUMS_2010_census_extract,persons,6073883,ASSEC-S008,clear_ludp_phl_national_2010.json JSON $.data[?(@.language_name=='Hiligaynon')].individuals_value_weighted; dataset Philippines Census 2010 (IPUMS extract),strong_join_suggestion,exact_Hiligaynon_and_Philippines_match_to_NAT-036; API Glottocode hili1240 crosschecked to hid hil,gross_upper_bound_pending_intervention_edges,ASSEC-PH-HIL-MAINLANG-2010,eligible_exact_gross_ceiling,Exact code/profile/territory and person-count measure match; the source measure role and factor/overlap assignment remain downstream.,pending,
CUR-0101,NAT-037,Waray,war-Latn-PH,natural_language,requires_exact_population_join,POP-PH-007,Waray,PSA source label Waray,Philippines,2020,households_language_generally_spoken_at_home,households,698745,PM-S006,"Table 1, PDF p. 2",strong_join_suggestion,household_proxy,context_or_sensitivity_only,,exclude_nonperson_measure_from_population_rank,"Households, percentages, cases, or another nonperson unit cannot be ranked as people; published person estimates remain eligible with their intervals.",pending,
CUR-0102,NAT-037,Waray,war-Latn-PH,natural_language,requires_exact_population_join,ASSEC-PH-WAR-001,Waray,NAT-037 war-Latn-PH Waray,Philippines,2010-12-31,CLEAR_normalized_main_language_weighted_persons_from_IPUMS_2010_census_extract,persons,2694135,ASSEC-S008,clear_ludp_phl_national_2010.json JSON $.data[?(@.language_name=='Waray (Philippines)')].individuals_value_weighted; dataset Philippines Census 2010 (IPUMS extract),strong_join_suggestion,exact_Waray_and_Philippines_match_to_NAT-037; API Glottocode wara1300 crosschecked to hid war; Waray_Sorsogon row excluded,gross_upper_bound_pending_intervention_edges,ASSEC-PH-WAR-MAINLANG-2010,eligible_exact_gross_ceiling,Exact code/profile/territory and person-count measure match; the source measure role and factor/overlap assignment remain downstream.,pending,
CUR-0103,NAT-038,Javanese,jv-Latn-ID,natural_language,requires_exact_population_join,POP-ID-001,Javanese,BPS source label Jawa,Indonesia,2010,daily_language_at_home_age5plus_persons,persons,68044660,PM-S005,"Table L4.1, printed p. 47",strong_join_suggestion,source_named_language_observation,gross_upper_bound_pending_intervention_edges,,eligible_exact_gross_ceiling,Exact code/profile/territory and person-count measure match; the source measure role and factor/overlap assignment remain downstream.,pending,
CUR-0104,NAT-039,Sundanese,su-Latn-ID,natural_language,requires_exact_population_join,POP-ID-003,Sundanese,BPS source label Sunda,Indonesia,2010,daily_language_at_home_age5plus_persons,persons,32412752,PM-S005,"Table L4.1, printed p. 47",strong_join_suggestion,source_named_language_observation,gross_upper_bound_pending_intervention_edges,,eligible_exact_gross_ceiling,Exact code/profile/territory and person-count measure match; the source measure role and factor/overlap assignment remain downstream.,pending,
CUR-0105,NAT-040,Malaysian Malay,ms-Latn-MY,natural_language,requires_exact_population_join,POP-ID-004,Malay,BPS source label Melayu,Indonesia,2010,daily_language_at_home_age5plus_persons,persons,7901386,PM-S005,"Table L4.1, printed p. 47",same_language_other_territory_review,source_observation_not_candidate_ready,context_or_sensitivity_only,,not_automatic_cross_territory_or_name_only,The target territory or exact code/profile does not match; explicit many-to-many curation is required.,pending,
CUR-0106,NAT-040,Malaysian Malay,ms-Latn-MY,natural_language,requires_exact_population_join,ASSEC-MY-MS-001,Malay,NAT-040 ms-Latn-MY Malaysian Malay,Malaysia,2026-03-17 CLDR release; component estimate year not stated,derived_cldr_territory_functional_language_users,persons,25923600,ASSEC-S006,cldr_target_derivations.md row ms-Latn-MY; supplementalData.xml XPath /supplementalData/territoryInfo/territory[@type='MY'] and languagePopulation[@type='ms'],code_only_profile_join_review,provisional_ms_language_and_Malaysia_match_to_NAT-040; source does not distinguish standard Malaysian Malay from broader Malay,context_or_sensitivity_only_until_exact_standard_variety_fit,ASSEC-MY-MS-FUNCTIONAL,context_until_specific_mapping_or_written_access,"The observation is a proxy, aggregate, oral-only measure, or unresolved mapping rather than an exact written-edition audience.",pending,
CUR-0107,NAT-041,Tetum Prasa,tet-Latn-TL,natural_language,requires_exact_population_join,ALG-TL-L001,Tetun Prasa,national mother-tongue variety,Timor-Leste,2015,census_mother_tongue_persons,persons,361027,ALG-S014,"Sheet 2.12, Table 12",strong_join_suggestion,source_named_language_observation,gross_upper_bound_pending_intervention_edges,TL-MT-2015,eligible_exact_gross_ceiling,Exact code/profile/territory and person-count measure match; the source measure role and factor/overlap assignment remain downstream.,pending,
CUR-0108,NAT-041,Tetum Prasa,tet-Latn-TL,natural_language,requires_exact_population_join,ALG-TL-L004,Tetun Terik,national mother-tongue variety,Timor-Leste,2015,census_mother_tongue_persons,persons,71418,ALG-S014,"Sheet 2.12, Table 12",code_only_profile_join_review,source_named_language_observation,gross_upper_bound_pending_intervention_edges,TL-MT-2015,not_automatic_cross_territory_or_name_only,The target territory or exact code/profile does not match; explicit many-to-many curation is required.,pending,
CUR-0109,NAT-042,S'gaw Karen,ksw-Mymr-MM,natural_language,requires_exact_population_join,TH-2010-005,Karen,Karen census macro-label,Thailand,2010-09-01,census_usual_language_at_home_persons,persons,441114,TH-S001,"Table 7, PDF p. 98 (printed statistical table p. 75)",name_only_join_review,macro_or_unresolved_source_label,context_or_sensitivity_only,TH-OTHER-LABELS,not_automatic_cross_territory_or_name_only,The target territory or exact code/profile does not match; explicit many-to-many curation is required.,pending,
CUR-0110,NAT-043,Rohingya Hanifi profile,rhg-Rohg,natural_language,discovery_only_target_resolution_required,POP-RF-001,Rohingya,Rohingya refugees in Bangladesh planning proxy,Bangladesh,2026,operational_refugee_population_proxy_not_language,persons,1202034,PM-S019,"Dashboard headline, 31 July 2026",code_only_profile_join_review,non_language_population_proxy,context_or_sensitivity_only,,not_automatic_cross_territory_or_name_only,The target territory or exact code/profile does not match; explicit many-to-many curation is required.,pending,
CUR-0111,NAT-044,Fataluku,ddg-Latn-TL,natural_language,requires_exact_population_join,ALG-TL-L009,Fataluku,national mother-tongue variety,Timor-Leste,2015,census_mother_tongue_persons,persons,41500,ALG-S014,"Sheet 2.12, Table 12",strong_join_suggestion,source_named_language_observation,gross_upper_bound_pending_intervention_edges,TL-MT-2015,eligible_exact_gross_ceiling,Exact code/profile/territory and person-count measure match; the source measure role and factor/overlap assignment remain downstream.,pending,
CUR-0112,NAT-046,Uzbek,uz-Latn-UZ,natural_language,requires_exact_population_join,ALG-KZ-L003,Uzbek,nationality-scoped native-language lower bound,Kazakhstan,2021,census_native_language_of_own_nationality_persons,persons,583456,ALG-S007,"Table 6, printed p. 243",same_language_other_territory_review,source_named_language_lower_bound,gross_lower_bound_pending_intervention_edges,KZ-UZBEK-NATIVE-2021,not_automatic_cross_territory_or_name_only,The target territory or exact code/profile does not match; explicit many-to-many curation is required.,pending,
CUR-0113,NAT-046,Uzbek,uz-Latn-UZ,natural_language,requires_exact_population_join,ALG-KG-L002,Uzbek,national native-language total,Kyrgyzstan,2022,census_native_language_persons,persons,884830,ALG-S008,"Table 3.8, printed p. 118",same_language_other_territory_review,source_named_language_observation,gross_upper_bound_pending_intervention_edges,KG-NATIVE-2022,not_automatic_cross_territory_or_name_only,The target territory or exact code/profile does not match; explicit many-to-many curation is required.,pending,
CUR-0114,NAT-046,Uzbek,uz-Latn-UZ,natural_language,requires_exact_population_join,ALG-TM-L002,Uzbek,national mother-tongue category,Turkmenistan,2022,census_mother_tongue_persons,persons,478212,ALG-S009,Table 4.9,same_language_other_territory_review,source_named_language_observation,gross_upper_bound_pending_intervention_edges,TM-MT-2022,not_automatic_cross_territory_or_name_only,The target territory or exact code/profile does not match; explicit many-to-many curation is required.,pending,
CUR-0115,NAT-046,Uzbek,uz-Latn-UZ,natural_language,requires_exact_population_join,ALG-UZ-L001,Uzbek,preliminary national mother-tongue category; published rounded,Uzbekistan,2026,preliminary_census_mother_tongue_persons_rounded,persons,35700000,ALG-S018,Preliminary-results paragraph published 2026-06-30,strong_join_suggestion,source_named_label_pending_edition_profile_evidence,context_or_sensitivity_only,UZ-MT-2026,context_until_specific_mapping_or_written_access,"The observation is a proxy, aggregate, oral-only measure, or unresolved mapping rather than an exact written-edition audience.",pending,
CUR-0116,NAT-047,Kazakh,kk-Cyrl-KZ,natural_language,requires_exact_population_join,ALG-KZ-L001,Kazakh,nationality-scoped native-language lower bound,Kazakhstan,2021,census_native_language_of_own_nationality_persons,persons,13380107,ALG-S007,"Table 6, printed p. 243",strong_join_suggestion,source_named_language_lower_bound,gross_lower_bound_pending_intervention_edges,KZ-KAZAKH-NATIVE-2021,eligible_exact_gross_ceiling,Exact code/profile/territory and person-count measure match; the source measure role and factor/overlap assignment remain downstream.,pending,
CUR-0117,NAT-047,Kazakh,kk-Cyrl-KZ,natural_language,requires_exact_population_join,ALG-KZ-P001,Kazakh,population-wide fluency measure,Kazakhstan,2021,census_speaks_language_fluently_persons,persons,12670407,ALG-S007,"Table 8, printed p. 366",strong_join_suggestion,population_wide_language_proficiency_not_native_or_academic,context_or_written_ceiling_pending_literacy_evidence,KZ-KAZAKH-PROF-2021,manual_review,"Machine suggestion requires exact target, measure, and overlap review.",pending,
CUR-0118,NAT-047,Kazakh,kk-Cyrl-KZ,natural_language,requires_exact_population_join,ALG-KG-L007,Kazakh,ethnicity-scoped native-language lower bound,Kyrgyzstan,2022,census_native_language_of_own_ethnic_group_persons,persons,15314,ALG-S008,"Table 3.8, printed p. 118",same_language_other_territory_review,source_named_language_lower_bound,gross_lower_bound_pending_intervention_edges,KG-KAZAKH-NATIVE-2022,not_automatic_cross_territory_or_name_only,The target territory or exact code/profile does not match; explicit many-to-many curation is required.,pending,
CUR-0119,NAT-047,Kazakh,kk-Cyrl-KZ,natural_language,requires_exact_population_join,ALG-TM-L006,Kazakh,national mother-tongue category,Turkmenistan,2022,census_mother_tongue_persons,persons,10578,ALG-S009,Table 4.9,same_language_other_territory_review,source_named_language_observation,gross_upper_bound_pending_intervention_edges,TM-MT-2022,not_automatic_cross_territory_or_name_only,The target territory or exact code/profile does not match; explicit many-to-many curation is required.,pending,
CUR-0120,NAT-047,Kazakh,kk-Cyrl-KZ,natural_language,requires_exact_population_join,ALG-MN-E002,Казах / Kazakh,ethnicity proxy only,Mongolia,2020,census_citizen_ethnic_category_persons,persons,120999,ALG-S010,"Table 1.1.5, printed p. 20",name_only_join_review,non_language_population_proxy,context_or_sensitivity_only,MN-ETHNIC-2020,not_automatic_cross_territory_or_name_only,The target territory or exact code/profile does not match; explicit many-to-many curation is required.,pending,
CUR-0121,NAT-048,Kyrgyz,ky-Cyrl-KG,natural_language,requires_exact_population_join,ALG-KG-L001,Kyrgyz,national native-language total,Kyrgyzstan,2022,census_native_language_persons,persons,5527168,ALG-S008,"Table 3.8, printed p. 118",strong_join_suggestion,source_named_language_observation,gross_upper_bound_pending_intervention_edges,KG-NATIVE-2022,eligible_exact_gross_ceiling,Exact code/profile/territory and person-count measure match; the source measure role and factor/overlap assignment remain downstream.,pending,
CUR-0122,NAT-049,Tajik,tg-Cyrl-TJ,natural_language,requires_exact_population_join,ALG-KG-L005,Tajik,ethnicity-scoped native-language lower bound,Kyrgyzstan,2022,census_native_language_of_own_ethnic_group_persons,persons,53424,ALG-S008,"Table 3.8, printed p. 118",same_language_other_territory_review,source_named_language_lower_bound,gross_lower_bound_pending_intervention_edges,KG-TAJIK-NATIVE-2022,not_automatic_cross_territory_or_name_only,The target territory or exact code/profile does not match; explicit many-to-many curation is required.,pending,
CUR-0123,NAT-049,Tajik,tg-Cyrl-TJ,natural_language,requires_exact_population_join,ASSEC-TJ-TG-001,Tajik,NAT-049 tg-Cyrl-TJ Tajik,Tajikistan,2026-03-17 CLDR release; component estimate year not stated,derived_cldr_territory_functional_language_users,persons,10394100,ASSEC-S006,cldr_target_derivations.md row tg-Cyrl-TJ; supplementalData.xml XPath /supplementalData/territoryInfo/territory[@type='TJ'] and languagePopulation[@type='tg'],strong_join_suggestion,exact_named_language_and_territory_match_to_NAT-049; source does not establish orthography,gross_upper_bound_pending_intervention_edges,ASSEC-TJ-TG-FUNCTIONAL,eligible_exact_gross_ceiling,Exact code/profile/territory and person-count measure match; the source measure role and factor/overlap assignment remain downstream.,pending,
CUR-0124,NAT-050,Mongolian,mn-Cyrl-MN,natural_language,requires_exact_population_join,ASSEC-MN-MN-001,Mongolian,NAT-050 mn-Cyrl-MN Mongolian,Mongolia,2026-03-17 CLDR release; component estimate year not stated,derived_cldr_territory_functional_language_users,persons,3051962,ASSEC-S006,cldr_target_derivations.md row mn-Cyrl-MN; supplementalData.xml XPath /supplementalData/territoryInfo/territory[@type='MN'] and languagePopulation[@type='mn'],strong_join_suggestion,language_code_and_territory_match_to_NAT-050; source does not separate Mongolian varieties,gross_upper_bound_pending_intervention_edges,ASSEC-MN-MN-FUNCTIONAL,eligible_exact_gross_ceiling,Exact code/profile/territory and person-count measure match; the source measure role and factor/overlap assignment remain downstream.,pending,
CUR-0125,NAT-053,Azerbaijani,az-Latn-AZ,natural_language,requires_exact_population_join,ALG-TM-L005,Azerbaijani,national mother-tongue category,Turkmenistan,2022,census_mother_tongue_persons,persons,21274,ALG-S009,Table 4.9,same_language_other_territory_review,source_named_language_observation,gross_upper_bound_pending_intervention_edges,TM-MT-2022,not_automatic_cross_territory_or_name_only,The target territory or exact code/profile does not match; explicit many-to-many curation is required.,pending,
CUR-0126,NAT-054,Uyghur,ug-Arab-CN,natural_language,requires_exact_population_join,ALG-KZ-L004,Uyghur,nationality-scoped native-language lower bound,Kazakhstan,2021,census_native_language_of_own_nationality_persons,persons,247322,ALG-S007,"Table 6, printed p. 243",same_language_other_territory_review,source_named_language_lower_bound,gross_lower_bound_pending_intervention_edges,KZ-UYGHUR-NATIVE-2021,not_automatic_cross_territory_or_name_only,The target territory or exact code/profile does not match; explicit many-to-many curation is required.,pending,
CUR-0127,NAT-054,Uyghur,ug-Arab-CN,natural_language,requires_exact_population_join,ALG-KG-L006,Uyghur,ethnicity-scoped native-language lower bound,Kyrgyzstan,2022,census_native_language_of_own_ethnic_group_persons,persons,17220,ALG-S008,"Table 3.8, printed p. 118",same_language_other_territory_review,source_named_language_lower_bound,gross_lower_bound_pending_intervention_edges,KG-UYGHUR-NATIVE-2022,not_automatic_cross_territory_or_name_only,The target territory or exact code/profile does not match; explicit many-to-many curation is required.,pending,
CUR-0128,NAT-055,Turkmen,tk-Latn-TM,natural_language,requires_exact_population_join,ALG-TM-L001,Turkmen,national mother-tongue category,Turkmenistan,2022,census_mother_tongue_persons,persons,6297965,ALG-S009,Table 4.9,strong_join_suggestion,source_named_language_observation,gross_upper_bound_pending_intervention_edges,TM-MT-2022,eligible_exact_gross_ceiling,Exact code/profile/territory and person-count measure match; the source measure role and factor/overlap assignment remain downstream.,pending,
CUR-0129,NAT-058,Dari,prs-Arab-AF,natural_language,requires_exact_population_join,ASSEC-AF-PRS-001,Dari,NAT-058 prs-Arab-AF Dari,Afghanistan,2020 estimate; republished in official report 2023,derived_2020_total_speakers_from_official_secondary_share_and_world_bank_denominator,persons,30083114,ASSEC-S018,afghanistan_language_derivation.md; CIA page captured 2023-01-02 language field; Netherlands COI report printed p.72 section 3.1.1.2 and footnotes 502-504; World Bank JSON indicator SP.POP.TOTL AFG 2020,strong_join_suggestion,exact_Dari_national_core_match_to_NAT-058; displaced cohorts excluded; source does not establish orthography,gross_upper_bound_pending_intervention_edges,ASSEC-AF-MULTILINGUAL-SPEAKERS-2020,eligible_exact_gross_ceiling,Exact code/profile/territory and person-count measure match; the source measure role and factor/overlap assignment remain downstream.,pending,
CUR-0130,NAT-065,Amharic,am-Ethi-ET,natural_language,requires_exact_population_join,POP-ET-002,Amharic,Ethiopia 2007 source label Amarigna,Ethiopia,2007,census_mother_tongue_persons,persons,21634396,PM-S020,"Table 3.2, printed pp. 91-93",strong_join_suggestion,source_named_language_observation,gross_upper_bound_pending_intervention_edges,,eligible_exact_gross_ceiling,Exact code/profile/territory and person-count measure match; the source measure role and factor/overlap assignment remain downstream.,pending,
CUR-0131,NAT-066,Oromo,om-Latn-ET,natural_language,discovery_only_target_resolution_required,POP-ET-001,Oromo,Ethiopia 2007 source label Oromigna,Ethiopia,2007,census_mother_tongue_persons,persons,24930424,PM-S020,"Table 3.2, printed pp. 91-93",strong_join_suggestion,source_observation_not_candidate_ready,context_or_sensitivity_only,,exclude_unresolved_target,"The candidate's exact variety, script, register, or standard is unresolved.",pending,
CUR-0132,NAT-067,Somali,so-Latn-SO,natural_language,requires_exact_population_join,POP-ET-003,Somali,Ethiopia 2007 source label Somaligna,Ethiopia,2007,census_mother_tongue_persons,persons,4609274,PM-S020,"Table 3.2, printed pp. 91-93",same_language_other_territory_review,source_named_language_observation,gross_upper_bound_pending_intervention_edges,,not_automatic_cross_territory_or_name_only,The target territory or exact code/profile does not match; explicit many-to-many curation is required.,pending,
CUR-0133,NAT-067,Somali,so-Latn-SO,natural_language,requires_exact_population_join,POP-KE-AFG-010,Somali,Somali Q2 category,Kenya,2021,probability_survey_primary_home_language_weighted_share,percent_of_valid_weighted_adult_respondents,3.769090,AFG-S003,SAV Q2 code 310; DATEINTR 2021-11-12 to 2021-11-30; weight withinwt_hh; valid Q2 n=2400,same_language_other_territory_review,exact_source_language_label_editorial_iso_mapping_pending_central_review,context_or_sensitivity_only_until_population_scaling_and_intervention_edges,KEN_ABR9_Q2_MUTUALLY_EXCLUSIVE,not_automatic_cross_territory_or_name_only,The target territory or exact code/profile does not match; explicit many-to-many curation is required.,pending,
CUR-0134,NAT-068,Tigrinya,ti-Ethi-ET,natural_language,discovery_only_target_resolution_required,POP-ET-004,Tigrinya,Ethiopia 2007 source label Tigrigna,Ethiopia,2007,census_mother_tongue_persons,persons,4324933,PM-S020,"Table 3.2, printed pp. 91-93",strong_join_suggestion,source_named_language_observation,gross_upper_bound_pending_intervention_edges,,exclude_unresolved_target,"The candidate's exact variety, script, register, or standard is unresolved.",pending,
CUR-0135,NAT-069,Hausa,ha-Latn-NG,natural_language,requires_exact_population_join,POP-NG-AFG-001,Hausa,Hausa Q2 category,Nigeria,2022,probability_survey_primary_home_language_weighted_share,percent_of_valid_weighted_adult_respondents,31.548967,AFG-S001,SAV Q2 code 620; DATEINTR 2022-03-05 to 2022-04-01; weight withinwt_hh; valid Q2 n=1600,strong_join_suggestion,exact_source_language_label_editorial_iso_mapping_pending_central_review,context_or_sensitivity_only_until_population_scaling_and_intervention_edges,NGA_ABR9_Q2_MUTUALLY_EXCLUSIVE,exclude_nonperson_measure_from_population_rank,"Households, percentages, cases, or another nonperson unit cannot be ranked as people; published person estimates remain eligible with their intervals.",pending,
CUR-0136,NAT-070,Yoruba,yo-Latn-NG,natural_language,requires_exact_population_join,POP-NG-AFG-003,Yoruba,Yoruba Q2 category,Nigeria,2022,probability_survey_primary_home_language_weighted_share,percent_of_valid_weighted_adult_respondents,17.187803,AFG-S001,SAV Q2 code 622; DATEINTR 2022-03-05 to 2022-04-01; weight withinwt_hh; valid Q2 n=1600,strong_join_suggestion,exact_source_language_label_editorial_iso_mapping_pending_central_review,context_or_sensitivity_only_until_population_scaling_and_intervention_edges,NGA_ABR9_Q2_MUTUALLY_EXCLUSIVE,exclude_nonperson_measure_from_population_rank,"Households, percentages, cases, or another nonperson unit cannot be ranked as people; published person estimates remain eligible with their intervals.",pending,
CUR-0137,NAT-071,Igbo,ig-Latn-NG,natural_language,discovery_only_target_resolution_required,POP-NG-AFG-002,Igbo,Igbo Q2 category,Nigeria,2022,probability_survey_primary_home_language_weighted_share,percent_of_valid_weighted_adult_respondents,12.943308,AFG-S001,SAV Q2 code 621; DATEINTR 2022-03-05 to 2022-04-01; weight withinwt_hh; valid Q2 n=1600,strong_join_suggestion,exact_source_language_label_editorial_iso_mapping_pending_central_review,context_or_sensitivity_only_until_population_scaling_and_intervention_edges,NGA_ABR9_Q2_MUTUALLY_EXCLUSIVE,exclude_unresolved_target,"The candidate's exact variety, script, register, or standard is unresolved.",pending,
CUR-0138,NAT-072,Nigerian Pidgin,pcm-Latn-NG,natural_language,requires_exact_population_join,POP-NG-AFG-004,Pidgin English,Pidgin English Q2 category,Nigeria,2022,probability_survey_primary_home_language_weighted_share,percent_of_valid_weighted_adult_respondents,1.559453,AFG-S001,SAV Q2 code 623; DATEINTR 2022-03-05 to 2022-04-01; weight withinwt_hh; valid Q2 n=1600,code_only_profile_join_review,exact_source_language_label_editorial_iso_mapping_pending_central_review,context_or_sensitivity_only_until_population_scaling_and_intervention_edges,NGA_ABR9_Q2_MUTUALLY_EXCLUSIVE,not_automatic_cross_territory_or_name_only,The target territory or exact code/profile does not match; explicit many-to-many curation is required.,pending,
CUR-0139,NAT-073,isiZulu,zu-Latn-ZA,natural_language,requires_exact_population_join,ZA-ZUL-2022,isiZulu,Census category: IsiZulu; edition variety/standard unresolved,South Africa,2022,census_language_most_often_spoken_in_household_persons_age_1_plus,persons,14613202,ZA-S001,"Table 3.8 (2), printed p. 27; PDF p. 35; South Africa total column",strong_join_suggestion,gross_named_spoken_language_observation,gross_upper_bound_pending_intervention_edges,ZA-CENSUS-2022-HOUSEHOLD-LANGUAGE,eligible_exact_gross_ceiling,Exact code/profile/territory and person-count measure match; the source measure role and factor/overlap assignment remain downstream.,pending,
CUR-0140,NAT-074,isiXhosa,xh-Latn-ZA,natural_language,requires_exact_population_join,POP-ZW-015,Xhosa,ZIMSTAT source label Xhosa,Zimbabwe,2022,census_mother_tongue_persons,persons,11304,PM-S011,"Table 2.17, printed p. 123",same_language_other_territory_review,source_named_language_observation,gross_upper_bound_pending_intervention_edges,,not_automatic_cross_territory_or_name_only,The target territory or exact code/profile does not match; explicit many-to-many curation is required.,pending,
CUR-0141,NAT-074,isiXhosa,xh-Latn-ZA,natural_language,requires_exact_population_join,ZA-XHO-2022,isiXhosa,Census category: IsiXhosa; edition variety/standard unresolved,South Africa,2022,census_language_most_often_spoken_in_household_persons_age_1_plus,persons,9786928,ZA-S001,"Table 3.8 (2), printed p. 27; PDF p. 35; South Africa total column",strong_join_suggestion,gross_named_spoken_language_observation,gross_upper_bound_pending_intervention_edges,ZA-CENSUS-2022-HOUSEHOLD-LANGUAGE,eligible_exact_gross_ceiling,Exact code/profile/territory and person-count measure match; the source measure role and factor/overlap assignment remain downstream.,pending,
CUR-0142,NAT-075,Shona,sn-Latn-ZW,natural_language,requires_exact_population_join,POP-ZW-001,Shona,ZIMSTAT mother-tongue category,Zimbabwe,2022,census_mother_tongue_persons,persons,11251734,PM-S011,"Table 2.17, printed p. 123",strong_join_suggestion,source_named_language_observation,gross_upper_bound_pending_intervention_edges,,eligible_exact_gross_ceiling,Exact code/profile/territory and person-count measure match; the source measure role and factor/overlap assignment remain downstream.,pending,
CUR-0143,NAT-075,Shona,sn-Latn-ZW,natural_language,requires_exact_population_join,ZA-SNA-CTX-2022,Shona,Census category: Shona; exact South African edition profile unresolved,South Africa,2022,census_language_most_often_spoken_in_household_persons_age_1_plus,persons,716967,ZA-S001,"Table 3.8 (2), printed p. 27; PDF p. 35; South Africa total column",same_language_other_territory_review,context_or_unresolved_source_category,context_or_sensitivity_only,ZA-CENSUS-2022-HOUSEHOLD-LANGUAGE,not_automatic_cross_territory_or_name_only,The target territory or exact code/profile does not match; explicit many-to-many curation is required.,pending,
CUR-0144,NAT-076,Zimbabwean Ndebele,nd-Latn-ZW,natural_language,requires_exact_population_join,POP-ZW-002,Northern Ndebele,ZIMSTAT source label Ndebele,Zimbabwe,2022,census_mother_tongue_persons,persons,1599324,PM-S011,"Table 2.17, printed p. 123",strong_join_suggestion,source_named_language_observation,gross_upper_bound_pending_intervention_edges,,eligible_exact_gross_ceiling,Exact code/profile/territory and person-count measure match; the source measure role and factor/overlap assignment remain downstream.,pending,
CUR-0145,NAT-077,Chichewa Malawi profile,ny-Latn-MW,natural_language,requires_exact_population_join,POP-ZW-009,Chewa,ZIMSTAT source label Chewa,Zimbabwe,2022,census_mother_tongue_persons,persons,35817,PM-S011,"Table 2.17, printed p. 123",same_language_other_territory_review,source_named_language_observation,gross_upper_bound_pending_intervention_edges,,not_automatic_cross_territory_or_name_only,The target territory or exact code/profile does not match; explicit many-to-many curation is required.,pending,
CUR-0146,NAT-077,Chichewa Malawi profile,ny-Latn-MW,natural_language,requires_exact_population_join,POP-MW-001,Chewa,Malawi census tribe Chewa proxy,Malawi,2018,census_tribe_persons_proxy_not_language,persons,6020945,PM-S012,"Table 3.5, printed p. 20",name_only_join_review,non_language_population_proxy,context_or_sensitivity_only,,not_automatic_cross_territory_or_name_only,The target territory or exact code/profile does not match; explicit many-to-many curation is required.,pending,
CUR-0147,NAT-077,Chichewa Malawi profile,ny-Latn-MW,natural_language,requires_exact_population_join,ZA-NYA-CTX-2022,Chichewa/Chewa/Nyanja/Chinyanja,Census composite category; edition target unresolved,South Africa,2022,census_language_most_often_spoken_in_household_persons_age_1_plus,persons,161162,ZA-S001,"Table 3.8 (2), printed p. 27; PDF p. 35; South Africa total column",same_language_other_territory_review,context_or_unresolved_source_category,context_or_sensitivity_only,ZA-CENSUS-2022-HOUSEHOLD-LANGUAGE,not_automatic_cross_territory_or_name_only,The target territory or exact code/profile does not match; explicit many-to-many curation is required.,pending,
CUR-0148,NAT-078,Kinyarwanda,rw-Latn-RW,natural_language,requires_exact_population_join,POP-RW-AFG-001,Kinyarwanda,Kinyarwanda-only literacy combination,Rwanda,2022,census_language_literacy_share_age_15_plus,percent_of_resident_population_age_15_plus,54.0,AFG-S010,"Table 8, printed p.12, Rwanda column, Kinyarwanda only row",strong_join_suggestion,exact_named_language_profile_editorial_iso_mapping_pending_central_review,direct_literacy_observation_pending_intervention_edges,RWA_RPHC5_KINYARWANDA_LITERACY_NESTED,exclude_nested_direct_access_component,A derived exact union of mutually exclusive literacy cells is available; the nested component is retained only as context.,pending,
CUR-0149,NAT-078,Kinyarwanda,rw-Latn-RW,natural_language,requires_exact_population_join,POP-RW-AFG-002,Kinyarwanda,Derived union of all seven Kinyarwanda-containing literacy combinations,Rwanda,2022,derived_census_any_kinyarwanda_literacy_share_age_15_plus,percent_of_resident_population_age_15_plus,77.3,AFG-S010,"Table 8, printed p.12; 54.0 + 14.1 + 1.9 + 0.7 + 4.1 + 1.0 + 1.5",strong_join_suggestion,derived_exact_named_language_union_editorial_iso_mapping_pending_central_review,direct_literacy_observation_pending_intervention_edges,RWA_RPHC5_KINYARWANDA_LITERACY_NESTED,exclude_nonperson_measure_from_population_rank,"Households, percentages, cases, or another nonperson unit cannot be ranked as people; published person estimates remain eligible with their intervals.",pending,
CUR-0150,NAT-079,Kirundi,rn-Latn-BI,natural_language,requires_exact_population_join,POP-BI-AFG-001,Kirundi,Kirundi-only literacy combination,Burundi,2008,census_language_read_and_written_persons_age_10_plus,persons,1582074,AFG-S011,"Tableau 3.2, PDF p.62, Ensemble Total column, Kirundi row",strong_join_suggestion,exact_named_language_profile_editorial_iso_mapping_pending_central_review,direct_literacy_observation_pending_intervention_edges,BDI_RGPH2008_KIRUNDI_LITERACY_NESTED,exclude_nested_direct_access_component,A derived exact union of mutually exclusive literacy cells is available; the nested component is retained only as context.,pending,
CUR-0151,NAT-079,Kirundi,rn-Latn-BI,natural_language,requires_exact_population_join,POP-BI-AFG-002,Kirundi,Derived union of all 16 Kirundi-containing literacy combinations,Burundi,2008,derived_census_any_kirundi_read_and_written_persons_age_10_plus,persons,2261931,AFG-S011,"Tableau 3.2, PDF p.62; sum of the 16 Ensemble Total rows containing Kirundi",strong_join_suggestion,derived_exact_named_language_union_editorial_iso_mapping_pending_central_review,direct_literacy_observation_pending_intervention_edges,BDI_RGPH2008_KIRUNDI_LITERACY_NESTED,eligible_exact_direct_access_floor,The person count is already restricted to a directly observed literacy/access stratum; use it as a floor and do not multiply it by another literacy proxy.,pending,
CUR-0152,NAT-081,Wolof,wo-Latn-SN,natural_language,requires_exact_population_join,POP-SN-AFG-001,Wolof,Wolof principal-language census category,Senegal,2023,census_principal_language_commonly_spoken_persons_age_3_plus,persons,8786892,AFG-S009,"Tableau I-32, printed p.57, Ensemble effectif for Wolof",strong_join_suggestion,exact_source_language_label_editorial_iso_mapping_pending_central_review,gross_upper_bound_pending_intervention_edges,SEN_RGPH5_PRINCIPAL_LANGUAGE_EXCLUSIVE,eligible_exact_gross_ceiling,Exact code/profile/territory and person-count measure match; the source measure role and factor/overlap assignment remain downstream.,pending,
CUR-0153,NAT-082,Bambara,bm-Latn-ML,natural_language,requires_exact_population_join,POP-ML-AFG-001,Bambara/Bamanankan,Bambara/Bamanankan mother-tongue census category,Mali,2022,census_mother_tongue_persons_age_3_plus,persons,9551561,AFG-S008,"Tableau 3.01, printed p.25, Ensemble cell for Bambara/Bamanankan",code_only_profile_join_review,exact_source_language_label_editorial_iso_mapping_pending_central_review,gross_upper_bound_pending_intervention_edges,MLI_RGPH5_MOTHER_TONGUE_EXCLUSIVE,not_automatic_cross_territory_or_name_only,The target territory or exact code/profile does not match; explicit many-to-many curation is required.,pending,
CUR-0154,NAT-087,Haitian Creole,ht-Latn-HT,natural_language,requires_exact_population_join,GRG-US-025,Haitian,exact ACS child language row; script not reported by source,United States,2017-2021,acs_2017_2021_estimated_persons_age5plus_language_spoken_at_home,estimated_persons,867500,GRG-S001,Nation worksheet row 11,same_language_other_territory_review,source_named_language_observation,gross_upper_bound_pending_intervention_edges,US-ACS-2017-2021-HOME-LANGUAGE,not_automatic_cross_territory_or_name_only,The target territory or exact code/profile does not match; explicit many-to-many curation is required.,pending,
CUR-0155,NAT-089,Ayacucho Quechua,quy-Latn-PE,natural_language,requires_exact_population_join,POP-PE-001,Quechua,INEI Quechua aggregate,Peru,2017,census_language_learned_in_childhood_age3plus_persons,persons,3799780,PM-S007,"Cuadro 4, printed p. 618, total column",name_only_join_review,source_observation_not_candidate_ready,context_or_sensitivity_only,,not_automatic_cross_territory_or_name_only,The target territory or exact code/profile does not match; explicit many-to-many curation is required.,pending,
CUR-0156,NAT-090,Cusco Quechua,quz-Latn-PE,natural_language,requires_exact_population_join,POP-PE-001,Quechua,INEI Quechua aggregate,Peru,2017,census_language_learned_in_childhood_age3plus_persons,persons,3799780,PM-S007,"Cuadro 4, printed p. 618, total column",name_only_join_review,source_observation_not_candidate_ready,context_or_sensitivity_only,,not_automatic_cross_territory_or_name_only,The target territory or exact code/profile does not match; explicit many-to-many curation is required.,pending,
CUR-0157,NAT-091,South Bolivian Quechua,quh-Latn-BO,natural_language,requires_exact_population_join,POP-PE-001,Quechua,INEI Quechua aggregate,Peru,2017,census_language_learned_in_childhood_age3plus_persons,persons,3799780,PM-S007,"Cuadro 4, printed p. 618, total column",name_only_join_review,source_observation_not_candidate_ready,context_or_sensitivity_only,,not_automatic_cross_territory_or_name_only,The target territory or exact code/profile does not match; explicit many-to-many curation is required.,pending,
CUR-0158,NAT-092,Central Aymara,ayr-Latn-BO,natural_language,requires_exact_population_join,POP-PE-002,Aymara,INEI source label Aimara,Peru,2017,census_language_learned_in_childhood_age3plus_persons,persons,450010,PM-S007,"Cuadro 4, printed p. 618",name_only_join_review,source_observation_not_candidate_ready,context_or_sensitivity_only,,not_automatic_cross_territory_or_name_only,The target territory or exact code/profile does not match; explicit many-to-many curation is required.,pending,
CUR-0159,NAT-093,Yucatec Maya,yua-Latn-MX,natural_language,requires_exact_population_join,POP-MX-002,Yucatec Maya,INEGI source label Maya,Mexico,2020,speaks_indigenous_language_age3plus_persons,persons,774755,PM-S008,"Principal-language chart, PDF p. 46",strong_join_suggestion,source_observation_not_candidate_ready,context_or_sensitivity_only,,context_until_specific_mapping_or_written_access,"The observation is a proxy, aggregate, oral-only measure, or unresolved mapping rather than an exact written-edition audience.",pending,
CUR-0160,NAT-093,Yucatec Maya,yua-Latn-MX,natural_language,requires_exact_population_join,GRG-US-034,Yucateco,exact ACS language row; script not reported by source,United States,2017-2021,acs_2017_2021_estimated_persons_age5plus_language_spoken_at_home,estimated_persons,1708,GRG-S001,Nation worksheet row 554,same_language_other_territory_review,source_named_language_observation,gross_upper_bound_pending_intervention_edges,US-ACS-2017-2021-HOME-LANGUAGE,not_automatic_cross_territory_or_name_only,The target territory or exact code/profile does not match; explicit many-to-many curation is required.,pending,
CUR-0161,NAT-094,K'iche',quc-Latn-GT,natural_language,requires_exact_population_join,GRG-US-032,Kiche,exact ACS language row; script not reported by source,United States,2017-2021,acs_2017_2021_estimated_persons_age5plus_language_spoken_at_home,estimated_persons,3787,GRG-S001,Nation worksheet row 548,same_language_other_territory_review,source_named_language_observation,gross_upper_bound_pending_intervention_edges,US-ACS-2017-2021-HOME-LANGUAGE,not_automatic_cross_territory_or_name_only,The target territory or exact code/profile does not match; explicit many-to-many curation is required.,pending,
CUR-0162,NAT-096,Mam,mam-Latn-GT,natural_language,discovery_only_target_resolution_required,GRG-US-031,Mam,exact ACS language row; script not reported by source,United States,2017-2021,acs_2017_2021_estimated_persons_age5plus_language_spoken_at_home,estimated_persons,5062,GRG-S001,Nation worksheet row 547,same_language_other_territory_review,source_named_language_observation,gross_upper_bound_pending_intervention_edges,US-ACS-2017-2021-HOME-LANGUAGE,not_automatic_cross_territory_or_name_only,The target territory or exact code/profile does not match; explicit many-to-many curation is required.,pending,
CUR-0163,NAT-100,Eastern Huasteca Nahuatl,nhe-Latn-MX,natural_language,requires_exact_population_join,POP-MX-001,Nahuatl,INEGI agrupación lingüística Náhuatl,Mexico,2020,speaks_indigenous_language_age3plus_persons,persons,1651958,PM-S008,"Principal-language chart, PDF p. 46",name_only_join_review,source_observation_not_candidate_ready,context_or_sensitivity_only,,not_automatic_cross_territory_or_name_only,The target territory or exact code/profile does not match; explicit many-to-many curation is required.,pending,
CUR-0164,NAT-101,Eastern Canadian Inuktitut syllabics profile,iu-Cans-CA,natural_language,discovery_only_target_resolution_required,POP-CA-015,Inuktitut,Statistics Canada predominant-home-language category,Canada,2021,language_spoken_predominantly_at_home_persons,persons,27140,PM-S010,"Chart 2, Inuktitut row",code_only_profile_join_review,source_observation_not_candidate_ready,context_or_sensitivity_only,,not_automatic_cross_territory_or_name_only,The target territory or exact code/profile does not match; explicit many-to-many curation is required.,pending,
CUR-0165,NAT-104,Plains Cree,crk-Cans-CA,natural_language,discovery_only_target_resolution_required,POP-CA-009,Plains Cree,Source label Nehiyawewin (Plains Cree),Canada,2021,census_mother_tongue_persons_excluding_institutional_residents,persons,5025,PM-S009,"Mother tongue section, Nehiyawewin row",strong_join_suggestion,source_named_language_observation,gross_upper_bound_pending_intervention_edges,,exclude_unresolved_target,"The candidate's exact variety, script, register, or standard is unresolved.",pending,
CUR-0166,NAT-105,Maori,mi-Latn-NZ,natural_language,requires_exact_population_join,POP-NZ-002,Maori,Stats NZ source label Māori,New Zealand,2023,census_languages_spoken_multiple_response_persons,persons,213849,PM-S014,"Total New Zealand population, 2023 column",strong_join_suggestion,source_named_language_observation,gross_upper_bound_pending_intervention_edges,,eligible_exact_gross_ceiling,Exact code/profile/territory and person-count measure match; the source measure role and factor/overlap assignment remain downstream.,pending,
CUR-0167,NAT-106,Samoan,sm-Latn-WS,natural_language,requires_exact_population_join,POP-NZ-003,Samoan,Stats NZ source label Samoan,New Zealand,2023,census_languages_spoken_multiple_response_persons,persons,110541,PM-S014,"Total New Zealand population, 2023 column",same_language_other_territory_review,source_named_language_observation,gross_upper_bound_pending_intervention_edges,,not_automatic_cross_territory_or_name_only,The target territory or exact code/profile does not match; explicit many-to-many curation is required.,pending,
CUR-0168,NAT-109,Welsh,cy-Latn-GB,natural_language,requires_exact_population_join,POP-EU-001,Welsh,Census 2021 ability to speak Welsh,Wales,2021,self_reported_ability_to_speak_age3plus_persons,persons,538300,PM-S015,"Ability to speak Welsh, main points",strong_join_suggestion,oral_or_speaking_ability_observation,context_or_written_ceiling_pending_literacy_evidence,ALT-GB-WELSH-2021,context_until_specific_mapping_or_written_access,"The observation is a proxy, aggregate, oral-only measure, or unresolved mapping rather than an exact written-edition audience.",pending,
CUR-0169,NAT-110,Basque,eu-Latn-ES,natural_language,requires_exact_population_join,POP-EU-004,Basque,Eustat Basque speakers,"Basque Autonomous Community, Spain",2021,understands_and_speaks_well_age2plus_persons,persons,936812,PM-S017,"Basque Country total, Basque speakers",strong_join_suggestion,oral_or_speaking_ability_observation,context_or_written_ceiling_pending_literacy_evidence,ALT-ES-BASQUE-LITERACY-2021,context_until_specific_mapping_or_written_access,"The observation is a proxy, aggregate, oral-only measure, or unresolved mapping rather than an exact written-edition audience.",pending,
CUR-0170,NAT-121,Bahasa Indonesia,id-Latn-ID,natural_language,requires_exact_population_join,POP-ID-002,Indonesian,BPS source label Indonesia,Indonesia,2010,daily_language_at_home_age5plus_persons,persons,42682566,PM-S005,"Table L4.1, printed p. 47",code_only_profile_join_review,source_named_language_observation,gross_upper_bound_pending_intervention_edges,,not_automatic_cross_territory_or_name_only,The target territory or exact code/profile does not match; explicit many-to-many curation is required.,pending,
CUR-0171,NAT-121,Bahasa Indonesia,id-Latn-ID,natural_language,requires_exact_population_join,POP-ID-018,Bahasa Indonesia,BPS functional-language category Dapat Berbahasa Indonesia,Indonesia,2022,official_long_form_census_able_to_speak_indonesian_persons_age5plus,persons,248501794,PM-S021,"TOTAL row; 248,501,794 able to speak Indonesian of 253,679,348 persons aged 5+",strong_join_suggestion,exact_named_functional_language_population_ceiling_for_id_Latn_ID,gross_upper_bound_pending_intervention_edges,,eligible_exact_gross_ceiling,Exact code/profile/territory and person-count measure match; the source measure role and factor/overlap assignment remain downstream.,pending,
CUR-0172,NAT-122,Mainland Simplified Chinese,zh-Hans-CN,natural_language,requires_exact_population_join,POP-MU-003,Chinese languages,Statistics Mauritius aggregate,Mauritius,2022,language_usually_spoken_at_home_persons,persons,997,PM-S013,"Table D9, printed p. 165",same_language_other_territory_review,source_observation_not_candidate_ready,context_or_sensitivity_only,,not_automatic_cross_territory_or_name_only,The target territory or exact code/profile does not match; explicit many-to-many curation is required.,pending,
CUR-0173,NAT-122,Mainland Simplified Chinese,zh-Hans-CN,natural_language,requires_exact_population_join,POP-CN-001,Mainland China population,zh-Hans-CN standardized written Chinese gross territory ceiling,China,2020-11-01,official_census_mainland_population_gross_territory_ceiling,persons,1411778724,PM-S022,"Section I Total Population; mainland row 1,411,778,724; note 6",strong_join_suggestion,territory_ceiling_with_independent_zh_Hans_CN_written_standard_mapping,gross_upper_bound_pending_intervention_edges,CN-MAINLAND-2020-TOTAL,eligible_exact_gross_ceiling,Exact code/profile/territory and person-count measure match; the source measure role and factor/overlap assignment remain downstream.,pending,
CUR-0174,NAT-122,Mainland Simplified Chinese,zh-Hans-CN,natural_language,requires_exact_population_join,TH-2010-013,Chinese,Chinese-language aggregate,Thailand,2010-09-01,census_usual_language_at_home_persons,persons,111866,TH-S001,"Table 7, PDF p. 98 (printed statistical table p. 75)",same_language_other_territory_review,macro_or_unresolved_source_label,context_or_sensitivity_only,TH-OTHER-LABELS,not_automatic_cross_territory_or_name_only,The target territory or exact code/profile does not match; explicit many-to-many curation is required.,pending,
CUR-0175,NAT-122,Mainland Simplified Chinese,zh-Hans-CN,natural_language,requires_exact_population_join,ALG-KH-L003,Chinese [unspecified],national mother-tongue aggregate,Cambodia,2019,census_mother_tongue_persons,persons,94450,ALG-S011,"Table 2.7.1, PDF p. 53 / printed p. 25",same_language_other_territory_review,source_named_label_pending_edition_profile_evidence,context_or_sensitivity_only,KH-MT-2019,not_automatic_cross_territory_or_name_only,The target territory or exact code/profile does not match; explicit many-to-many curation is required.,pending,
CUR-0176,NAT-122,Mainland Simplified Chinese,zh-Hans-CN,natural_language,requires_exact_population_join,ALG-SG-L003,Chinese dialects [unspecified],most-frequently-spoken-at-home aggregate,Singapore,2020,census_home_language_most_frequent_persons,persons,313258,ALG-S013,Resource 17441 row 4 Total,same_language_other_territory_review,source_named_label_pending_edition_profile_evidence,context_or_sensitivity_only,SG-CHINESE-DIALECT-2020,not_automatic_cross_territory_or_name_only,The target territory or exact code/profile does not match; explicit many-to-many curation is required.,pending,
CUR-0177,NAT-123,Japanese,ja-Jpan-JP,natural_language,requires_exact_population_join,POP-JP-001,Japan population,ja-Jpan-JP Japanese gross territory ceiling,Japan,2020-10-01,official_census_territory_population_gross_ceiling,persons,126146099,PM-S023,"Basic Complete Tabulation, Table 1, 2020 exact population 126,146,099",strong_join_suggestion,territory_ceiling_with_ja_Jpan_JP_profile_mapping,gross_upper_bound_pending_intervention_edges,JP-2020-TOTAL,eligible_exact_gross_ceiling,Exact code/profile/territory and person-count measure match; the source measure role and factor/overlap assignment remain downstream.,pending,
CUR-0178,NAT-123,Japanese,ja-Jpan-JP,natural_language,requires_exact_population_join,TH-2010-019,Japanese,Japanese home-language profile,Thailand,2010-09-01,census_usual_language_at_home_persons,persons,70668,TH-S001,"Table 7, PDF p. 98 (printed statistical table p. 75)",same_language_other_territory_review,source_named_label_pending_edition_profile_evidence,gross_upper_bound_pending_intervention_edges,TH-OTHER-LABELS,not_automatic_cross_territory_or_name_only,The target territory or exact code/profile does not match; explicit many-to-many curation is required.,pending,
CUR-0179,NAT-124,Standard Hindi,hi-Deva-IN,natural_language,requires_exact_population_join,POP-IN-006,Hindi,C-16 Hindi census language umbrella,India,2011,census_mother_tongue_persons,persons,528347193,PM-S001,"Statement 1, printed pp. 5-6",code_only_profile_join_review,c16_census_language_aggregate,context_category_parent_superseded_for_standard_edition_by_same_name_component,ALT-POP-IN-006-CATEGORY-COMPONENT,not_automatic_cross_territory_or_name_only,The target territory or exact code/profile does not match; explicit many-to-many curation is required.,pending,
CUR-0180,NAT-124,Standard Hindi,hi-Deva-IN,natural_language,requires_exact_population_join,POP-MU-007,Hindi,Statistics Mauritius source label Hindi,Mauritius,2022,language_usually_spoken_at_home_persons,persons,16730,PM-S013,"Table D9, printed p. 165",same_language_other_territory_review,source_named_language_observation,gross_upper_bound_pending_intervention_edges,,not_automatic_cross_territory_or_name_only,The target territory or exact code/profile does not match; explicit many-to-many curation is required.,pending,
CUR-0181,NAT-124,Standard Hindi,hi-Deva-IN,natural_language,requires_exact_population_join,POP-NZ-005,Hindi,Stats NZ source label Hindi,New Zealand,2023,census_languages_spoken_multiple_response_persons,persons,77985,PM-S014,"Total New Zealand population, 2023 column",same_language_other_territory_review,source_named_language_observation,gross_upper_bound_pending_intervention_edges,,not_automatic_cross_territory_or_name_only,The target territory or exact code/profile does not match; explicit many-to-many curation is required.,pending,
CUR-0182,NAT-124,Standard Hindi,hi-Deva-IN,natural_language,requires_exact_population_join,POP-IN-COMP-006,Hindi,C-16 same-name mother-tongue component: Hindi; hi-Deva-IN edition profile independently resolved,India,2011,census_same_name_mother_tongue_component_persons,persons,322230097,PM-S001,"Statement 1, printed pp. 5-6; same-name mother-tongue component Hindi = 322,230,097",strong_join_suggestion,same_name_mother_tongue_component_preferred_for_standard_edition,gross_upper_bound_pending_intervention_edges,ALT-POP-IN-006-CATEGORY-COMPONENT,eligible_exact_gross_ceiling,Exact code/profile/territory and person-count measure match; the source measure role and factor/overlap assignment remain downstream.,pending,
CUR-0183,NAT-124,Standard Hindi,hi-Deva-IN,natural_language,requires_exact_population_join,TH-2010-022,Indai/Hindi,Hindi home-language profile,Thailand,2010-09-01,census_usual_language_at_home_persons,persons,22938,TH-S001,"Table 7 continued, PDF p. 99 (printed statistical table p. 76)",same_language_other_territory_review,source_named_label_pending_edition_profile_evidence,gross_upper_bound_pending_intervention_edges,TH-OTHER-LABELS,not_automatic_cross_territory_or_name_only,The target territory or exact code/profile does not match; explicit many-to-many curation is required.,pending,
CUR-0184,NAT-125,Bhojpuri,bho-Deva-IN,natural_language,requires_exact_population_join,POP-IN-023,Bhojpuri,Bhojpuri mother-tongue row grouped under Hindi,India,2011,census_mother_tongue_persons,persons,50579447,PM-S001,"Statement 1, printed p. 6",strong_join_suggestion,source_named_language_observation_nested_in_parent,gross_upper_bound_pending_intervention_edges,HIER-POP-IN-006,eligible_exact_gross_ceiling,Exact code/profile/territory and person-count measure match; the source measure role and factor/overlap assignment remain downstream.,pending,
CUR-0185,NAT-125,Bhojpuri,bho-Deva-IN,natural_language,requires_exact_population_join,POP-NP-003,Bhojpuri,Nepal 2021 mother tongue,Nepal,2021,census_mother_tongue_persons,persons,1820795,PM-S004,"Annex 1, printed p. 123",same_language_other_territory_review,source_named_language_observation,gross_upper_bound_pending_intervention_edges,,not_automatic_cross_territory_or_name_only,The target territory or exact code/profile does not match; explicit many-to-many curation is required.,pending,
CUR-0186,NAT-125,Bhojpuri,bho-Deva-IN,natural_language,requires_exact_population_join,POP-MU-002,Bhojpuri,Mauritian Bhojpuri,Mauritius,2022,language_usually_spoken_at_home_persons,persons,106583,PM-S013,"Table D9, printed p. 165",same_language_other_territory_review,source_observation_not_candidate_ready,context_or_sensitivity_only,,not_automatic_cross_territory_or_name_only,The target territory or exact code/profile does not match; explicit many-to-many curation is required.,pending,
CUR-0187,OBS-POP-SN-AFG-002,Pulaar,fuc-Latn-SN,natural_language,exact_population_join_target_profile_evidence_pending,POP-SN-AFG-002,Pulaar,Pulaar principal-language census category,Senegal,2023,census_principal_language_commonly_spoken_persons_age_3_plus,persons,4314509,AFG-S009,"Tableau I-32, printed p.57, Ensemble effectif for Pulaar",strong_join_suggestion,exact_source_fula_variety_label_editorial_iso_mapping_pending_central_review,gross_upper_bound_pending_intervention_edges,SEN_RGPH5_PRINCIPAL_LANGUAGE_EXCLUSIVE,eligible_exact_gross_ceiling,Exact code/profile/territory and person-count measure match; the source measure role and factor/overlap assignment remain downstream.,pending,
CUR-0188,OBS-POP-SN-AFG-005,Màndienka,mnk-Latn-SN,natural_language,exact_population_join_target_profile_evidence_pending,POP-SN-AFG-005,Màndienka,Màndienka principal-language census category,Senegal,2023,census_principal_language_commonly_spoken_persons_age_3_plus,persons,465052,AFG-S009,"Tableau I-32, printed p.57, Ensemble effectif for Màndienka",strong_join_suggestion,exact_source_language_label_editorial_iso_mapping_pending_central_review,gross_upper_bound_pending_intervention_edges,SEN_RGPH5_PRINCIPAL_LANGUAGE_EXCLUSIVE,eligible_exact_gross_ceiling,Exact code/profile/territory and person-count measure match; the source measure role and factor/overlap assignment remain downstream.,pending,
CUR-0189,OBS-GRG-US-001,Central Yupik,esu-Latn-US,natural_language,exact_population_join_target_profile_evidence_pending,GRG-US-001,Central Yupik,exact ACS language row; script not reported by source,United States,2017-2021,acs_2017_2021_estimated_persons_age5plus_language_spoken_at_home,estimated_persons,16120,GRG-S001,Nation worksheet row 462,strong_join_suggestion,source_named_language_observation,gross_upper_bound_pending_intervention_edges,US-ACS-2017-2021-HOME-LANGUAGE,eligible_exact_gross_ceiling,Exact code/profile/territory and person-count measure match; the source measure role and factor/overlap assignment remain downstream.,pending,
CUR-0190,OBS-GRG-US-002,Western Apache,apw-Latn-US,natural_language,exact_population_join_target_profile_evidence_pending,GRG-US-002,Western Apache,exact ACS language row; script not reported by source,United States,2017-2021,acs_2017_2021_estimated_persons_age5plus_language_spoken_at_home,estimated_persons,12730,GRG-S001,Nation worksheet row 487,strong_join_suggestion,source_named_language_observation,gross_upper_bound_pending_intervention_edges,US-ACS-2017-2021-HOME-LANGUAGE,eligible_exact_gross_ceiling,Exact code/profile/territory and person-count measure match; the source measure role and factor/overlap assignment remain downstream.,pending,
CUR-0191,OBS-GRG-US-003,Navajo,nv-Latn-US,natural_language,exact_population_join_target_profile_evidence_pending,GRG-US-003,Navajo,exact ACS language row; script not reported by source,United States,2017-2021,acs_2017_2021_estimated_persons_age5plus_language_spoken_at_home,estimated_persons,161200,GRG-S001,Nation worksheet row 488,strong_join_suggestion,source_named_language_observation,gross_upper_bound_pending_intervention_edges,US-ACS-2017-2021-HOME-LANGUAGE,eligible_exact_gross_ceiling,Exact code/profile/territory and person-count measure match; the source measure role and factor/overlap assignment remain downstream.,pending,
CUR-0192,OBS-GRG-US-004,Eastern Keres,kee-Zzzz-US target profile; script unresolved by population source,natural_language,exact_population_join_target_profile_evidence_pending,GRG-US-004,Eastern Keres,exact ACS language row; script not reported by source,United States,2017-2021,acs_2017_2021_estimated_persons_age5plus_language_spoken_at_home,estimated_persons,12540,GRG-S001,Nation worksheet row 522,strong_join_suggestion,source_named_language_observation,gross_upper_bound_pending_intervention_edges,US-ACS-2017-2021-HOME-LANGUAGE,eligible_exact_gross_ceiling,Exact code/profile/territory and person-count measure match; the source measure role and factor/overlap assignment remain downstream.,pending,
CUR-0193,OBS-GRG-US-005,Lakota,lkt-Latn-US,natural_language,exact_population_join_target_profile_evidence_pending,GRG-US-005,Lakota,exact ACS language row; script not reported by source,United States,2017-2021,acs_2017_2021_estimated_persons_age5plus_language_spoken_at_home,estimated_persons,10590,GRG-S001,Nation worksheet row 511,strong_join_suggestion,source_named_language_observation,gross_upper_bound_pending_intervention_edges,US-ACS-2017-2021-HOME-LANGUAGE,eligible_exact_gross_ceiling,Exact code/profile/territory and person-count measure match; the source measure role and factor/overlap assignment remain downstream.,pending,
CUR-0194,OBS-GRG-US-006,Choctaw,cho-Latn-US,natural_language,exact_population_join_target_profile_evidence_pending,GRG-US-006,Choctaw,exact ACS language row; script not reported by source,United States,2017-2021,acs_2017_2021_estimated_persons_age5plus_language_spoken_at_home,estimated_persons,7260,GRG-S001,Nation worksheet row 520,strong_join_suggestion,source_named_language_observation,gross_upper_bound_pending_intervention_edges,US-ACS-2017-2021-HOME-LANGUAGE,eligible_exact_gross_ceiling,Exact code/profile/territory and person-count measure match; the source measure role and factor/overlap assignment remain downstream.,pending,
CUR-0195,OBS-GRG-US-007,Cherokee,chr-Cher-US,natural_language,exact_population_join_target_profile_evidence_pending,GRG-US-007,Cherokee,exact ACS language row; script not reported by source,United States,2017-2021,acs_2017_2021_estimated_persons_age5plus_language_spoken_at_home,estimated_persons,10440,GRG-S001,Nation worksheet row 527,strong_join_suggestion,source_named_language_observation,gross_upper_bound_pending_intervention_edges,US-ACS-2017-2021-HOME-LANGUAGE,eligible_exact_gross_ceiling,Exact code/profile/territory and person-count measure match; the source measure role and factor/overlap assignment remain downstream.,pending,
CUR-0196,OBS-GRG-US-008,Zuni,zun-Latn-US,natural_language,exact_population_join_target_profile_evidence_pending,GRG-US-008,Zuni,exact ACS language row; script not reported by source,United States,2017-2021,acs_2017_2021_estimated_persons_age5plus_language_spoken_at_home,estimated_persons,8109,GRG-S001,Nation worksheet row 529,strong_join_suggestion,source_named_language_observation,gross_upper_bound_pending_intervention_edges,US-ACS-2017-2021-HOME-LANGUAGE,eligible_exact_gross_ceiling,Exact code/profile/territory and person-count measure match; the source measure role and factor/overlap assignment remain downstream.,pending,
CUR-0197,OBS-GRG-US-009,Hopi,hop-Latn-US,natural_language,exact_population_join_target_profile_evidence_pending,GRG-US-009,Hopi,exact ACS language row; script not reported by source,United States,2017-2021,acs_2017_2021_estimated_persons_age5plus_language_spoken_at_home,estimated_persons,7105,GRG-S001,Nation worksheet row 535,strong_join_suggestion,source_named_language_observation,gross_upper_bound_pending_intervention_edges,US-ACS-2017-2021-HOME-LANGUAGE,eligible_exact_gross_ceiling,Exact code/profile/territory and person-count measure match; the source measure role and factor/overlap assignment remain downstream.,pending,
CUR-0198,OBS-GRG-US-010,Tohono O'odham,ood-Latn-US,natural_language,exact_population_join_target_profile_evidence_pending,GRG-US-010,Tohono O'odham,exact ACS language row; script not reported by source,United States,2017-2021,acs_2017_2021_estimated_persons_age5plus_language_spoken_at_home,estimated_persons,6343,GRG-S001,Nation worksheet row 538,strong_join_suggestion,source_named_language_observation,gross_upper_bound_pending_intervention_edges,US-ACS-2017-2021-HOME-LANGUAGE,eligible_exact_gross_ceiling,Exact code/profile/territory and person-count measure match; the source measure role and factor/overlap assignment remain downstream.,pending,
CUR-0199,OBS-GRG-US-011,Inupiaq,ik-Latn-US,natural_language,exact_population_join_target_profile_evidence_pending,GRG-US-011,Inupiaq,exact ACS language row; script not reported by source,United States,2017-2021,acs_2017_2021_estimated_persons_age5plus_language_spoken_at_home,estimated_persons,5819,GRG-S001,Nation worksheet row 458,strong_join_suggestion,source_named_language_observation,gross_upper_bound_pending_intervention_edges,US-ACS-2017-2021-HOME-LANGUAGE,eligible_exact_gross_ceiling,Exact code/profile/territory and person-count measure match; the source measure role and factor/overlap assignment remain downstream.,pending,
CUR-0200,OBS-GRG-US-012,Tewa,tew-Zzzz-US target profile; script unresolved by population source,natural_language,exact_population_join_target_profile_evidence_pending,GRG-US-012,Tewa,exact ACS language row; script not reported by source,United States,2017-2021,acs_2017_2021_estimated_persons_age5plus_language_spoken_at_home,estimated_persons,5105,GRG-S001,Nation worksheet row 492,strong_join_suggestion,source_named_language_observation,gross_upper_bound_pending_intervention_edges,US-ACS-2017-2021-HOME-LANGUAGE,eligible_exact_gross_ceiling,Exact code/profile/territory and person-count measure match; the source measure role and factor/overlap assignment remain downstream.,pending,
CUR-0201,OBS-GRG-US-013,Ottawa,otw-Latn-US,natural_language,exact_population_join_target_profile_evidence_pending,GRG-US-013,Ottawa,exact ACS language row; script not reported by source,United States,2017-2021,acs_2017_2021_estimated_persons_age5plus_language_spoken_at_home,estimated_persons,4888,GRG-S001,Nation worksheet row 474,strong_join_suggestion,source_named_language_observation,gross_upper_bound_pending_intervention_edges,US-ACS-2017-2021-HOME-LANGUAGE,eligible_exact_gross_ceiling,Exact code/profile/territory and person-count measure match; the source measure role and factor/overlap assignment remain downstream.,pending,
CUR-0202,OBS-GRG-US-014,Crow,cro-Latn-US,natural_language,exact_population_join_target_profile_evidence_pending,GRG-US-014,Crow,exact ACS language row; script not reported by source,United States,2017-2021,acs_2017_2021_estimated_persons_age5plus_language_spoken_at_home,estimated_persons,3650,GRG-S001,Nation worksheet row 508,strong_join_suggestion,source_named_language_observation,gross_upper_bound_pending_intervention_edges,US-ACS-2017-2021-HOME-LANGUAGE,eligible_exact_gross_ceiling,Exact code/profile/territory and person-count measure match; the source measure role and factor/overlap assignment remain downstream.,pending,
CUR-0203,OBS-GRG-US-015,Dakota,dak-Latn-US,natural_language,exact_population_join_target_profile_evidence_pending,GRG-US-015,Dakota,exact ACS language row; script not reported by source,United States,2017-2021,acs_2017_2021_estimated_persons_age5plus_language_spoken_at_home,estimated_persons,2611,GRG-S001,Nation worksheet row 510,strong_join_suggestion,source_named_language_observation,gross_upper_bound_pending_intervention_edges,US-ACS-2017-2021-HOME-LANGUAGE,eligible_exact_gross_ceiling,Exact code/profile/territory and person-count measure match; the source measure role and factor/overlap assignment remain downstream.,pending,
CUR-0204,OBS-GRG-US-016,Chippewa,ciw-Latn-US,natural_language,exact_population_join_target_profile_evidence_pending,GRG-US-016,Chippewa,exact ACS language row; script not reported by source,United States,2017-2021,acs_2017_2021_estimated_persons_age5plus_language_spoken_at_home,estimated_persons,10750,GRG-S001,Nation worksheet row 473,strong_join_suggestion,source_named_language_observation,gross_upper_bound_pending_intervention_edges,US-ACS-2017-2021-HOME-LANGUAGE,eligible_exact_gross_ceiling,Exact code/profile/territory and person-count measure match; the source measure role and factor/overlap assignment remain downstream.,pending,
CUR-0205,OBS-GRG-US-017,Marshallese,mh-Latn-MH,natural_language,exact_population_join_target_profile_evidence_pending,GRG-US-017,Marshallese,exact ACS language row; script not reported by source,United States,2017-2021,acs_2017_2021_estimated_persons_age5plus_language_spoken_at_home,estimated_persons,27160,GRG-S001,Nation worksheet row 234,strong_join_suggestion,source_named_language_observation,gross_upper_bound_pending_intervention_edges,US-ACS-2017-2021-HOME-LANGUAGE,eligible_exact_gross_ceiling,Exact code/profile/territory and person-count measure match; the source measure role and factor/overlap assignment remain downstream.,pending,
CUR-0206,OBS-GRG-US-018,Chuukese,chk-Latn-FM,natural_language,exact_population_join_target_profile_evidence_pending,GRG-US-018,Chuukese,exact ACS language row; script not reported by source,United States,2017-2021,acs_2017_2021_estimated_persons_age5plus_language_spoken_at_home,estimated_persons,14700,GRG-S001,Nation worksheet row 239,strong_join_suggestion,source_named_language_observation,gross_upper_bound_pending_intervention_edges,US-ACS-2017-2021-HOME-LANGUAGE,eligible_exact_gross_ceiling,Exact code/profile/territory and person-count measure match; the source measure role and factor/overlap assignment remain downstream.,pending,
CUR-0207,OBS-GRG-US-019,Pohnpeian,pon-Latn-FM,natural_language,exact_population_join_target_profile_evidence_pending,GRG-US-019,Pohnpeian,exact ACS language row; script not reported by source,United States,2017-2021,acs_2017_2021_estimated_persons_age5plus_language_spoken_at_home,estimated_persons,7412,GRG-S001,Nation worksheet row 238,strong_join_suggestion,source_named_language_observation,gross_upper_bound_pending_intervention_edges,US-ACS-2017-2021-HOME-LANGUAGE,eligible_exact_gross_ceiling,Exact code/profile/territory and person-count measure match; the source measure role and factor/overlap assignment remain downstream.,pending,
CUR-0208,OBS-GRG-US-020,Palauan,pau-Latn-PW,natural_language,exact_population_join_target_profile_evidence_pending,GRG-US-020,Palauan,exact ACS language row; script not reported by source,United States,2017-2021,acs_2017_2021_estimated_persons_age5plus_language_spoken_at_home,estimated_persons,4670,GRG-S001,Nation worksheet row 237,strong_join_suggestion,source_named_language_observation,gross_upper_bound_pending_intervention_edges,US-ACS-2017-2021-HOME-LANGUAGE,eligible_exact_gross_ceiling,Exact code/profile/territory and person-count measure match; the source measure role and factor/overlap assignment remain downstream.,pending,
CUR-0209,OBS-GRG-US-021,Chamorro,ch-Latn-GU|ch-Latn-MP,natural_language,exact_population_join_target_profile_evidence_pending,GRG-US-021,Chamorro,exact ACS language row; script not reported by source,United States,2017-2021,acs_2017_2021_estimated_persons_age5plus_language_spoken_at_home,estimated_persons,19690,GRG-S001,Nation worksheet row 231,strong_join_suggestion,source_named_language_observation,gross_upper_bound_pending_intervention_edges,US-ACS-2017-2021-HOME-LANGUAGE,eligible_exact_gross_ceiling,Exact code/profile/territory and person-count measure match; the source measure role and factor/overlap assignment remain downstream.,pending,
CUR-0210,OBS-GRG-US-022,Kosraean,kos-Latn-FM,natural_language,exact_population_join_target_profile_evidence_pending,GRG-US-022,Kosraean,exact ACS language row; script not reported by source,United States,2017-2021,acs_2017_2021_estimated_persons_age5plus_language_spoken_at_home,estimated_persons,2051,GRG-S001,Nation worksheet row 233,strong_join_suggestion,source_named_language_observation,gross_upper_bound_pending_intervention_edges,US-ACS-2017-2021-HOME-LANGUAGE,eligible_exact_gross_ceiling,Exact code/profile/territory and person-count measure match; the source measure role and factor/overlap assignment remain downstream.,pending,
CUR-0211,OBS-GRG-US-023,Hawaiian,haw-Latn-US,natural_language,exact_population_join_target_profile_evidence_pending,GRG-US-023,Hawaiian,exact ACS language row; script not reported by source,United States,2017-2021,acs_2017_2021_estimated_persons_age5plus_language_spoken_at_home,estimated_persons,32730,GRG-S001,Nation worksheet row 246,strong_join_suggestion,source_named_language_observation,gross_upper_bound_pending_intervention_edges,US-ACS-2017-2021-HOME-LANGUAGE,eligible_exact_gross_ceiling,Exact code/profile/territory and person-count measure match; the source measure role and factor/overlap assignment remain downstream.,pending,
CUR-0212,OBS-GRG-US-024,Fijian,fj-Latn-FJ,natural_language,exact_population_join_target_profile_evidence_pending,GRG-US-024,Fijian,exact ACS language row; script not reported by source,United States,2017-2021,acs_2017_2021_estimated_persons_age5plus_language_spoken_at_home,estimated_persons,6229,GRG-S001,Nation worksheet row 247,strong_join_suggestion,source_named_language_observation,gross_upper_bound_pending_intervention_edges,US-ACS-2017-2021-HOME-LANGUAGE,eligible_exact_gross_ceiling,Exact code/profile/territory and person-count measure match; the source measure role and factor/overlap assignment remain downstream.,pending,
CUR-0213,OBS-GRG-US-025,Haitian,ht-Latn-HT,natural_language,exact_population_join_target_profile_evidence_pending,GRG-US-025,Haitian,exact ACS child language row; script not reported by source,United States,2017-2021,acs_2017_2021_estimated_persons_age5plus_language_spoken_at_home,estimated_persons,867500,GRG-S001,Nation worksheet row 11,strong_join_suggestion,source_named_language_observation,gross_upper_bound_pending_intervention_edges,US-ACS-2017-2021-HOME-LANGUAGE,eligible_exact_gross_ceiling,Exact code/profile/territory and person-count measure match; the source measure role and factor/overlap assignment remain downstream.,pending,
CUR-0214,OBS-GRG-US-026,Jamaican Creole English,jam-Latn-JM,natural_language,exact_population_join_target_profile_evidence_pending,GRG-US-026,Jamaican Creole English,exact ACS language row; script not reported by source,United States,2017-2021,acs_2017_2021_estimated_persons_age5plus_language_spoken_at_home,estimated_persons,72000,GRG-S001,Nation worksheet row 255,strong_join_suggestion,source_named_language_observation,gross_upper_bound_pending_intervention_edges,US-ACS-2017-2021-HOME-LANGUAGE,eligible_exact_gross_ceiling,Exact code/profile/territory and person-count measure match; the source measure role and factor/overlap assignment remain downstream.,pending,
CUR-0215,OBS-GRG-US-027,Guyanese Creole English,gyn-Latn-GY,natural_language,exact_population_join_target_profile_evidence_pending,GRG-US-027,Guyanese Creole English,exact ACS language row; script not reported by source,United States,2017-2021,acs_2017_2021_estimated_persons_age5plus_language_spoken_at_home,estimated_persons,4603,GRG-S001,Nation worksheet row 260,strong_join_suggestion,source_named_language_observation,gross_upper_bound_pending_intervention_edges,US-ACS-2017-2021-HOME-LANGUAGE,eligible_exact_gross_ceiling,Exact code/profile/territory and person-count measure match; the source measure role and factor/overlap assignment remain downstream.,pending,
CUR-0216,OBS-GRG-US-028,Papiamento,pap-Latn-AW|pap-Latn-CW|pap-Latn-BQ,natural_language,exact_population_join_target_profile_evidence_pending,GRG-US-028,Papiamento,exact ACS language row; script not reported by source,United States,2017-2021,acs_2017_2021_estimated_persons_age5plus_language_spoken_at_home,estimated_persons,1422,GRG-S001,Nation worksheet row 272,strong_join_suggestion,source_named_language_observation,gross_upper_bound_pending_intervention_edges,US-ACS-2017-2021-HOME-LANGUAGE,eligible_exact_gross_ceiling,Exact code/profile/territory and person-count measure match; the source measure role and factor/overlap assignment remain downstream.,pending,
CUR-0217,OBS-GRG-US-029,Pennsylvania German,pdc-Latn-US,natural_language,exact_population_join_target_profile_evidence_pending,GRG-US-029,Pennsylvania German,exact ACS language row; script not reported by source,United States,2017-2021,acs_2017_2021_estimated_persons_age5plus_language_spoken_at_home,estimated_persons,185200,GRG-S001,Nation worksheet row 22,strong_join_suggestion,source_named_language_observation,gross_upper_bound_pending_intervention_edges,US-ACS-2017-2021-HOME-LANGUAGE,eligible_exact_gross_ceiling,Exact code/profile/territory and person-count measure match; the source measure role and factor/overlap assignment remain downstream.,pending,
CUR-0218,OBS-GRG-US-030,Eastern Yiddish,ydd-Hebr-US,natural_language,exact_population_join_target_profile_evidence_pending,GRG-US-030,Eastern Yiddish,exact ACS language row; script not reported by source,United States,2017-2021,acs_2017_2021_estimated_persons_age5plus_language_spoken_at_home,estimated_persons,194800,GRG-S001,Nation worksheet row 24,strong_join_suggestion,source_named_language_observation,gross_upper_bound_pending_intervention_edges,US-ACS-2017-2021-HOME-LANGUAGE,eligible_exact_gross_ceiling,Exact code/profile/territory and person-count measure match; the source measure role and factor/overlap assignment remain downstream.,pending,
CUR-0219,OBS-GRG-US-031,Mam,mam-Latn-GT,natural_language,exact_population_join_target_profile_evidence_pending,GRG-US-031,Mam,exact ACS language row; script not reported by source,United States,2017-2021,acs_2017_2021_estimated_persons_age5plus_language_spoken_at_home,estimated_persons,5062,GRG-S001,Nation worksheet row 547,strong_join_suggestion,source_named_language_observation,gross_upper_bound_pending_intervention_edges,US-ACS-2017-2021-HOME-LANGUAGE,eligible_exact_gross_ceiling,Exact code/profile/territory and person-count measure match; the source measure role and factor/overlap assignment remain downstream.,pending,
CUR-0220,OBS-GRG-US-032,Kiche,quc-Latn-GT,natural_language,exact_population_join_target_profile_evidence_pending,GRG-US-032,Kiche,exact ACS language row; script not reported by source,United States,2017-2021,acs_2017_2021_estimated_persons_age5plus_language_spoken_at_home,estimated_persons,3787,GRG-S001,Nation worksheet row 548,strong_join_suggestion,source_named_language_observation,gross_upper_bound_pending_intervention_edges,US-ACS-2017-2021-HOME-LANGUAGE,eligible_exact_gross_ceiling,Exact code/profile/territory and person-count measure match; the source measure role and factor/overlap assignment remain downstream.,pending,
CUR-0221,OBS-GRG-US-033,Qanjobal,kjb-Latn-GT,natural_language,exact_population_join_target_profile_evidence_pending,GRG-US-033,Qanjobal,exact ACS language row; script not reported by source,United States,2017-2021,acs_2017_2021_estimated_persons_age5plus_language_spoken_at_home,estimated_persons,2253,GRG-S001,Nation worksheet row 552,strong_join_suggestion,source_named_language_observation,gross_upper_bound_pending_intervention_edges,US-ACS-2017-2021-HOME-LANGUAGE,eligible_exact_gross_ceiling,Exact code/profile/territory and person-count measure match; the source measure role and factor/overlap assignment remain downstream.,pending,
CUR-0222,OBS-GRG-US-034,Yucateco,yua-Latn-MX,natural_language,exact_population_join_target_profile_evidence_pending,POP-MX-002,Yucatec Maya,INEGI source label Maya,Mexico,2020,speaks_indigenous_language_age3plus_persons,persons,774755,PM-S008,"Principal-language chart, PDF p. 46",code_only_profile_join_review,source_observation_not_candidate_ready,context_or_sensitivity_only,,not_automatic_cross_territory_or_name_only,The target territory or exact code/profile does not match; explicit many-to-many curation is required.,pending,
CUR-0223,OBS-GRG-US-034,Yucateco,yua-Latn-MX,natural_language,exact_population_join_target_profile_evidence_pending,GRG-US-034,Yucateco,exact ACS language row; script not reported by source,United States,2017-2021,acs_2017_2021_estimated_persons_age5plus_language_spoken_at_home,estimated_persons,1708,GRG-S001,Nation worksheet row 554,strong_join_suggestion,source_named_language_observation,gross_upper_bound_pending_intervention_edges,US-ACS-2017-2021-HOME-LANGUAGE,eligible_exact_gross_ceiling,Exact code/profile/territory and person-count measure match; the source measure role and factor/overlap assignment remain downstream.,pending,
CUR-0224,OBS-GRG-US-035,Garifuna,cab-Latn-HN|cab-Latn-BZ|cab-Latn-GT|cab-Latn-NI,natural_language,exact_population_join_target_profile_evidence_pending,GRG-US-035,Garifuna,exact ACS language row; script not reported by source,United States,2017-2021,acs_2017_2021_estimated_persons_age5plus_language_spoken_at_home,estimated_persons,3080,GRG-S001,Nation worksheet row 564,strong_join_suggestion,source_named_language_observation,gross_upper_bound_pending_intervention_edges,US-ACS-2017-2021-HOME-LANGUAGE,eligible_exact_gross_ceiling,Exact code/profile/territory and person-count measure match; the source measure role and factor/overlap assignment remain downstream.,pending,
CUR-0225,OBS-GRG-AU-001,Kriol,rop-Latn-AU,natural_language,exact_population_join_target_profile_evidence_pending,GRG-AU-001,Kriol,exact census language row; script not reported by source,Australia,2021,census_language_used_at_home_persons,persons,7478,GRG-S002,"Language used at home, top responses other than English; Australia column; Kriol row",strong_join_suggestion,source_named_language_observation,gross_upper_bound_pending_intervention_edges,AU-CENSUS-2021-LANP,eligible_exact_gross_ceiling,Exact code/profile/territory and person-count measure match; the source measure role and factor/overlap assignment remain downstream.,pending,
CUR-0226,OBS-GRG-AU-002,Djambarrpuyngu,djr-Latn-AU,natural_language,exact_population_join_target_profile_evidence_pending,GRG-AU-002,Djambarrpuyngu,exact census language row; script not reported by source,Australia,2021,census_language_used_at_home_persons,persons,3870,GRG-S002,"Language used at home, top responses other than English; Australia column; Djambarrpuyngu row",strong_join_suggestion,source_named_language_observation,gross_upper_bound_pending_intervention_edges,AU-CENSUS-2021-LANP,eligible_exact_gross_ceiling,Exact code/profile/territory and person-count measure match; the source measure role and factor/overlap assignment remain downstream.,pending,
CUR-0227,OBS-GRG-AU-003,Warlpiri,wbp-Latn-AU,natural_language,exact_population_join_target_profile_evidence_pending,GRG-AU-003,Warlpiri,exact census language row; script not reported by source,Australia,2021,census_language_used_at_home_persons,persons,2624,GRG-S002,"Language used at home, top responses other than English; Australia column; Warlpiri row",strong_join_suggestion,source_named_language_observation,gross_upper_bound_pending_intervention_edges,AU-CENSUS-2021-LANP,eligible_exact_gross_ceiling,Exact code/profile/territory and person-count measure match; the source measure role and factor/overlap assignment remain downstream.,pending,
CUR-0228,OBS-GRG-AU-004,Murrinh Patha,mwf-Latn-AU,natural_language,exact_population_join_target_profile_evidence_pending,GRG-AU-004,Murrinh Patha,exact census language row; script not reported by source,Australia,2021,census_language_used_at_home_persons,persons,2081,GRG-S002,"Language used at home, top responses other than English; Australia column; Murrinh Patha row",strong_join_suggestion,source_named_language_observation,gross_upper_bound_pending_intervention_edges,AU-CENSUS-2021-LANP,eligible_exact_gross_ceiling,Exact code/profile/territory and person-count measure match; the source measure role and factor/overlap assignment remain downstream.,pending,
CUR-0229,OBS-GRG-AU-005,Alyawarr,aly-Latn-AU,natural_language,exact_population_join_target_profile_evidence_pending,GRG-AU-005,Alyawarr,exact census language row; script not reported by source,Australia,2021,census_language_used_at_home_persons,persons,1951,GRG-S002,"Language used at home, top responses other than English; Australia column; Alyawarr row",strong_join_suggestion,source_named_language_observation,gross_upper_bound_pending_intervention_edges,AU-CENSUS-2021-LANP,eligible_exact_gross_ceiling,Exact code/profile/territory and person-count measure match; the source measure role and factor/overlap assignment remain downstream.,pending,
CUR-0230,OBS-GRG-AU-006,Pitjantjatjara,pjt-Latn-AU,natural_language,exact_population_join_target_profile_evidence_pending,GRG-AU-006,Pitjantjatjara,exact census language row; script not reported by source,Australia,2021,census_language_used_at_home_persons,persons,3458,GRG-S003,"Language used at home, top responses other than English; Australia column; Pitjantjatjara row",strong_join_suggestion,source_named_language_observation,gross_upper_bound_pending_intervention_edges,AU-CENSUS-2021-LANP,eligible_exact_gross_ceiling,Exact code/profile/territory and person-count measure match; the source measure role and factor/overlap assignment remain downstream.,pending,
CUR-0231,OBS-GRG-AU-007,Gurindji,gue-Latn-AU,natural_language,exact_population_join_target_profile_evidence_pending,GRG-AU-007,Gurindji,exact census language row; script not reported by source,Australia,2021,census_language_used_at_home_persons,persons,623,GRG-S004,"Language used at home, top responses other than English; Australia column; Gurindji row",strong_join_suggestion,source_named_language_observation,gross_upper_bound_pending_intervention_edges,AU-CENSUS-2021-LANP,eligible_exact_gross_ceiling,Exact code/profile/territory and person-count measure match; the source measure role and factor/overlap assignment remain downstream.,pending,
CUR-0232,OBS-GRG-AU-008,Ngarinyman,nbj-Latn-AU,natural_language,exact_population_join_target_profile_evidence_pending,GRG-AU-008,Ngarinyman,exact census language row; script not reported by source,Australia,2021,census_language_used_at_home_persons,persons,313,GRG-S004,"Language used at home, top responses other than English; Australia column; Ngarinyman row",strong_join_suggestion,source_named_language_observation,gross_upper_bound_pending_intervention_edges,AU-CENSUS-2021-LANP,eligible_exact_gross_ceiling,Exact code/profile/territory and person-count measure match; the source measure role and factor/overlap assignment remain downstream.,pending,
CUR-0233,OBS-GRG-AU-009,Nunggubuyu,nuy-Latn-AU,natural_language,exact_population_join_target_profile_evidence_pending,GRG-AU-009,Nunggubuyu,exact census language row; script not reported by source,Australia,2021,census_language_used_at_home_persons,persons,283,GRG-S004,"Language used at home, top responses other than English; Australia column; Nunggubuyu row",strong_join_suggestion,source_named_language_observation,gross_upper_bound_pending_intervention_edges,AU-CENSUS-2021-LANP,eligible_exact_gross_ceiling,Exact code/profile/territory and person-count measure match; the source measure role and factor/overlap assignment remain downstream.,pending,
CUR-0234,OBS-GRG-AU-010,Warumungu,wrm-Latn-AU,natural_language,exact_population_join_target_profile_evidence_pending,GRG-AU-010,Warumungu,exact census language row; script not reported by source,Australia,2021,census_language_used_at_home_persons,persons,424,GRG-S005,"Language used at home, top responses other than English; Australia column; Warumungu row",strong_join_suggestion,source_named_language_observation,gross_upper_bound_pending_intervention_edges,AU-CENSUS-2021-LANP,eligible_exact_gross_ceiling,Exact code/profile/territory and person-count measure match; the source measure role and factor/overlap assignment remain downstream.,pending,
CUR-0235,OBS-GRG-PL-001,Polish,pl-Latn-PL,natural_language,exact_population_join_target_profile_evidence_pending,GRG-PL-001,Polish,exact bilingual census language row; script not reported by source,Poland,2021-03-31,census_languages_used_at_home_multiple_response_persons,persons,37868618,GRG-S006,Table 7.5 printed page 120 PDF page 122; Polski Polish row,strong_join_suggestion,source_named_language_observation,gross_upper_bound_pending_intervention_edges,PL-CENSUS-2021-HOME-LANG-MR,eligible_exact_gross_ceiling,Exact code/profile/territory and person-count measure match; the source measure role and factor/overlap assignment remain downstream.,pending,
CUR-0236,OBS-GRG-PL-002,Silesian,szl-Latn-PL,natural_language,exact_population_join_target_profile_evidence_pending,GRG-PL-002,Silesian,exact bilingual census language row; script not reported by source,Poland,2021-03-31,census_languages_used_at_home_multiple_response_persons,persons,467145,GRG-S006,Table 7.5 printed page 120 PDF page 122; śląski Silesian row,strong_join_suggestion,source_named_language_observation,gross_upper_bound_pending_intervention_edges,PL-CENSUS-2021-HOME-LANG-MR,eligible_exact_gross_ceiling,Exact code/profile/territory and person-count measure match; the source measure role and factor/overlap assignment remain downstream.,pending,
CUR-0237,OBS-GRG-PL-003,German,de-Latn,natural_language,exact_population_join_target_profile_evidence_pending,GRG-PL-003,German,exact bilingual census language row; script not reported by source,Poland,2021-03-31,census_languages_used_at_home_multiple_response_persons,persons,216342,GRG-S006,Table 7.5 printed page 120 PDF page 122; niemiecki German row,strong_join_suggestion,source_named_language_observation,gross_upper_bound_pending_intervention_edges,PL-CENSUS-2021-HOME-LANG-MR,eligible_exact_gross_ceiling,Exact code/profile/territory and person-count measure match; the source measure role and factor/overlap assignment remain downstream.,pending,
CUR-0238,OBS-GRG-PL-004,Kashubian,csb-Latn-PL,natural_language,exact_population_join_target_profile_evidence_pending,GRG-PL-004,Kashubian,exact bilingual census language row; script not reported by source,Poland,2021-03-31,census_languages_used_at_home_multiple_response_persons,persons,89198,GRG-S006,Table 7.5 printed page 120 PDF page 122; kaszubski Kashubian row,strong_join_suggestion,source_named_language_observation,gross_upper_bound_pending_intervention_edges,PL-CENSUS-2021-HOME-LANG-MR,eligible_exact_gross_ceiling,Exact code/profile/territory and person-count measure match; the source measure role and factor/overlap assignment remain downstream.,pending,
CUR-0239,OBS-GRG-PL-005,Czech,cs-Latn-CZ,natural_language,exact_population_join_target_profile_evidence_pending,GRG-PL-005,Czech,exact bilingual census language row; script not reported by source,Poland,2021-03-31,census_languages_used_at_home_multiple_response_persons,persons,5328,GRG-S006,Table 7.5 printed page 120 PDF page 122; czeski Czech row,strong_join_suggestion,source_named_language_observation,gross_upper_bound_pending_intervention_edges,PL-CENSUS-2021-HOME-LANG-MR,eligible_exact_gross_ceiling,Exact code/profile/territory and person-count measure match; the source measure role and factor/overlap assignment remain downstream.,pending,
CUR-0240,OBS-GRG-PL-006,Ukrainian,uk-Cyrl-UA,natural_language,exact_population_join_target_profile_evidence_pending,GRG-PL-006,Ukrainian,exact bilingual census language row; script not reported by source,Poland,2021-03-31,census_languages_used_at_home_multiple_response_persons,persons,55104,GRG-S006,Table 7.5 printed page 120 PDF page 122; ukraiński Ukrainian row,strong_join_suggestion,source_named_language_observation,gross_upper_bound_pending_intervention_edges,PL-CENSUS-2021-HOME-LANG-MR,eligible_exact_gross_ceiling,Exact code/profile/territory and person-count measure match; the source measure role and factor/overlap assignment remain downstream.,pending,
CUR-0241,OBS-GRG-PL-007,Byelorussian,be-Cyrl-BY,natural_language,exact_population_join_target_profile_evidence_pending,GRG-PL-007,Byelorussian,exact bilingual census language row; script not reported by source,Poland,2021-03-31,census_languages_used_at_home_multiple_response_persons,persons,17325,GRG-S006,Table 7.5 printed page 120 PDF page 122; białoruski Byelorussian row,strong_join_suggestion,source_named_language_observation,gross_upper_bound_pending_intervention_edges,PL-CENSUS-2021-HOME-LANG-MR,eligible_exact_gross_ceiling,Exact code/profile/territory and person-count measure match; the source measure role and factor/overlap assignment remain downstream.,pending,
CUR-0242,OBS-GRG-PL-008,Polish Sign Language,pso-Zzzz-PL target profile; script unresolved by population source,signed_language_access,exact_population_join_target_profile_evidence_pending,GRG-PL-008,Polish Sign Language,exact bilingual census sign-language row,Poland,2021-03-31,census_languages_used_at_home_multiple_response_persons,persons,9267,GRG-S006,Table 7.5 printed page 120 PDF page 122; polski język migowy Polish Sign Language row,strong_join_suggestion,source_named_language_observation,gross_upper_bound_pending_intervention_edges,PL-CENSUS-2021-HOME-LANG-MR,route_to_interlanguage_or_accessibility_edges,This queue only auto-classifies named written-language and completion interventions.,pending,
CUR-0243,OBS-GRG-PL-009,Lemko,und-Zzzz-PL target profile; script unresolved by population source,natural_language,exact_population_join_target_profile_evidence_pending,POP-PK-002,Punjabi,Pakistan 2023 census Punjabi category; exact production variety unresolved,Pakistan,2023,census_mother_tongue_persons,persons,88915544,PM-S003,"Table 11, national row",same_language_other_territory_review,source_observation_not_candidate_ready,context_or_sensitivity_only,,not_automatic_cross_territory_or_name_only,The target territory or exact code/profile does not match; explicit many-to-many curation is required.,pending,
CUR-0244,OBS-GRG-PL-009,Lemko,und-Zzzz-PL target profile; script unresolved by population source,natural_language,exact_population_join_target_profile_evidence_pending,POP-PK-014,Kohistani,Pakistan 2023 Kohiostani source category,Pakistan,2023,census_mother_tongue_persons,persons,1039007,PM-S003,"Table 11, national row",same_language_other_territory_review,source_observation_not_candidate_ready,context_or_sensitivity_only,,not_automatic_cross_territory_or_name_only,The target territory or exact code/profile does not match; explicit many-to-many curation is required.,pending,
CUR-0245,OBS-GRG-PL-009,Lemko,und-Zzzz-PL target profile; script unresolved by population source,natural_language,exact_population_join_target_profile_evidence_pending,POP-NP-004,Tharu,Nepal 2021 Tharu census category,Nepal,2021,census_mother_tongue_persons,persons,1714091,PM-S004,"Annex 1, printed p. 123",same_language_other_territory_review,source_observation_not_candidate_ready,context_or_sensitivity_only,,not_automatic_cross_territory_or_name_only,The target territory or exact code/profile does not match; explicit many-to-many curation is required.,pending,
CUR-0246,OBS-GRG-PL-009,Lemko,und-Zzzz-PL target profile; script unresolved by population source,natural_language,exact_population_join_target_profile_evidence_pending,POP-NP-006,Bajjika,Nepal 2021 mother tongue,Nepal,2021,census_mother_tongue_persons,persons,1133764,PM-S004,"Annex 1, printed p. 123",same_language_other_territory_review,source_named_language_observation,gross_upper_bound_pending_intervention_edges,,not_automatic_cross_territory_or_name_only,The target territory or exact code/profile does not match; explicit many-to-many curation is required.,pending,
CUR-0247,OBS-GRG-PL-009,Lemko,und-Zzzz-PL target profile; script unresolved by population source,natural_language,exact_population_join_target_profile_evidence_pending,POP-ID-016,Indonesian Sign Language,BPS source label Bahasa Isyarat,Indonesia,2010,daily_language_at_home_age5plus_persons,persons,40373,PM-S005,"Table L4.1, printed p. 47",same_language_other_territory_review,generic_signed_source_label_unresolved,context_only_until_exact_signed_variety_is_proven,,not_automatic_cross_territory_or_name_only,The target territory or exact code/profile does not match; explicit many-to-many curation is required.,pending,
CUR-0248,OBS-GRG-PL-009,Lemko,und-Zzzz-PL target profile; script unresolved by population source,natural_language,exact_population_join_target_profile_evidence_pending,POP-PH-002,Bisaya/Binisaya,PSA grouped source label,Philippines,2020,households_language_generally_spoken_at_home,households,4214122,PM-S006,"Table 1, PDF p. 2",same_language_other_territory_review,household_proxy,context_or_sensitivity_only,,not_automatic_cross_territory_or_name_only,The target territory or exact code/profile does not match; explicit many-to-many curation is required.,pending,
CUR-0249,OBS-GRG-PL-009,Lemko,und-Zzzz-PL target profile; script unresolved by population source,natural_language,exact_population_join_target_profile_evidence_pending,POP-ZW-007,Chibarwe,ZIMSTAT source label Chibarwe,Zimbabwe,2022,census_mother_tongue_persons,persons,3298,PM-S011,"Table 2.17, printed p. 123",same_language_other_territory_review,source_observation_not_candidate_ready,context_or_sensitivity_only,,not_automatic_cross_territory_or_name_only,The target territory or exact code/profile does not match; explicit many-to-many curation is required.,pending,
CUR-0250,OBS-GRG-PL-009,Lemko,und-Zzzz-PL target profile; script unresolved by population source,natural_language,exact_population_join_target_profile_evidence_pending,TH-2010-004,Only others languages,Non-Thai-only home-language stratum,Thailand,2010-09-01,census_usual_language_at_home_persons,persons,1901468,TH-S001,"Table 7, PDF p. 98 (printed statistical table p. 75)",same_language_other_territory_review,macro_or_unresolved_source_label,context_or_sensitivity_only,TH-OTHER-UNION,not_automatic_cross_territory_or_name_only,The target territory or exact code/profile does not match; explicit many-to-many curation is required.,pending,
CUR-0251,OBS-GRG-PL-009,Lemko,und-Zzzz-PL target profile; script unresolved by population source,natural_language,exact_population_join_target_profile_evidence_pending,TH-2010-006,Thaikueng,Thaikueng/Thai Loei/Lao Loei aggregate,Thailand,2010-09-01,census_usual_language_at_home_persons,persons,787696,TH-S001,"Table 7, PDF p. 98 (printed statistical table p. 75)",same_language_other_territory_review,macro_or_unresolved_source_label,context_or_sensitivity_only,TH-OTHER-LABELS,not_automatic_cross_territory_or_name_only,The target territory or exact code/profile does not match; explicit many-to-many curation is required.,pending,
CUR-0252,OBS-GRG-PL-009,Lemko,und-Zzzz-PL target profile; script unresolved by population source,natural_language,exact_population_join_target_profile_evidence_pending,TH-2010-008,Lao-krung,Lao Khrang/Lao Khrung source profile,Thailand,2010-09-01,census_usual_language_at_home_persons,persons,177453,TH-S001,"Table 7, PDF p. 98 (printed statistical table p. 75)",same_language_other_territory_review,macro_or_unresolved_source_label,context_or_sensitivity_only,TH-OTHER-LABELS,not_automatic_cross_territory_or_name_only,The target territory or exact code/profile does not match; explicit many-to-many curation is required.,pending,
CUR-0253,OBS-GRG-PL-009,Lemko,und-Zzzz-PL target profile; script unresolved by population source,natural_language,exact_population_join_target_profile_evidence_pending,TH-2010-010,Local languages,Unresolved local-language aggregate,Thailand,2010-09-01,census_usual_language_at_home_persons,persons,958251,TH-S001,"Table 7, PDF p. 98 (printed statistical table p. 75)",same_language_other_territory_review,macro_or_unresolved_source_label,context_or_sensitivity_only,TH-OTHER-LABELS,not_automatic_cross_territory_or_name_only,The target territory or exact code/profile does not match; explicit many-to-many curation is required.,pending,
CUR-0254,OBS-GRG-PL-009,Lemko,und-Zzzz-PL target profile; script unresolved by population source,natural_language,exact_population_join_target_profile_evidence_pending,TH-2010-012,Dialect and others in Thailand,Indigenous and hill-language aggregate,Thailand,2010-09-01,census_usual_language_at_home_persons,persons,318012,TH-S001,"Table 7, PDF p. 98 (printed statistical table p. 75)",same_language_other_territory_review,macro_or_unresolved_source_label,context_or_sensitivity_only,TH-OTHER-LABELS,not_automatic_cross_territory_or_name_only,The target territory or exact code/profile does not match; explicit many-to-many curation is required.,pending,
CUR-0255,OBS-GRG-PL-009,Lemko,und-Zzzz-PL target profile; script unresolved by population source,natural_language,exact_population_join_target_profile_evidence_pending,ZA-SIGN-UNSPEC-2022,Sign language (source label),Census category: Sign language; signed-language variety unresolved,South Africa,2022,census_language_most_often_spoken_in_household_persons_age_1_plus,persons,9308,ZA-S001,"Table 3.8 (2), printed p. 27; PDF p. 35; South Africa total column",same_language_other_territory_review,context_or_unresolved_source_category,context_or_sensitivity_only,ZA-CENSUS-2022-HOUSEHOLD-LANGUAGE,not_automatic_cross_territory_or_name_only,The target territory or exact code/profile does not match; explicit many-to-many curation is required.,pending,
CUR-0256,OBS-GRG-PL-009,Lemko,und-Zzzz-PL target profile; script unresolved by population source,natural_language,exact_population_join_target_profile_evidence_pending,ZA-KNS-CTX-2022,Khoi/Nama/San,Census composite category: Khoi/Nama/San; edition target unresolved,South Africa,2022,census_language_most_often_spoken_in_household_persons_age_1_plus,persons,5917,ZA-S001,"Table 3.8 (2), printed p. 27; PDF p. 35; South Africa total column",same_language_other_territory_review,context_or_unresolved_source_category,context_or_sensitivity_only,ZA-CENSUS-2022-HOUSEHOLD-LANGUAGE,not_automatic_cross_territory_or_name_only,The target territory or exact code/profile does not match; explicit many-to-many curation is required.,pending,
CUR-0257,OBS-GRG-PL-009,Lemko,und-Zzzz-PL target profile; script unresolved by population source,natural_language,exact_population_join_target_profile_evidence_pending,ZA-OTHER-CTX-2022,Other (source label),Residual census category; no edition target,South Africa,2022,census_language_most_often_spoken_in_household_persons_age_1_plus,persons,268068,ZA-S001,"Table 3.8 (2), printed p. 27; PDF p. 35; South Africa total column",same_language_other_territory_review,context_or_unresolved_source_category,context_or_sensitivity_only,ZA-CENSUS-2022-HOUSEHOLD-LANGUAGE,not_automatic_cross_territory_or_name_only,The target territory or exact code/profile does not match; explicit many-to-many curation is required.,pending,
CUR-0258,OBS-GRG-PL-009,Lemko,und-Zzzz-PL target profile; script unresolved by population source,natural_language,exact_population_join_target_profile_evidence_pending,GRG-PL-009,Lemko,exact bilingual census variety row; no ISO normalization asserted,Poland,2021-03-31,census_languages_used_at_home_multiple_response_persons,persons,6147,GRG-S006,Table 7.5 printed page 120 PDF page 122; łemkowski Lemko row,name_only_join_review,source_named_language_observation,gross_upper_bound_pending_intervention_edges,PL-CENSUS-2021-HOME-LANG-MR,not_automatic_cross_territory_or_name_only,The target territory or exact code/profile does not match; explicit many-to-many curation is required.,pending,
CUR-0259,OBS-GRG-PL-010,Lithuanian,lt-Latn-LT,natural_language,exact_population_join_target_profile_evidence_pending,GRG-PL-010,Lithuanian,exact bilingual census language row; script not reported by source,Poland,2021-03-31,census_languages_used_at_home_multiple_response_persons,persons,5422,GRG-S006,Table 7.5 printed page 120 PDF page 122; litewski Lithuanian row,strong_join_suggestion,source_named_language_observation,gross_upper_bound_pending_intervention_edges,PL-CENSUS-2021-HOME-LANG-MR,eligible_exact_gross_ceiling,Exact code/profile/territory and person-count measure match; the source measure role and factor/overlap assignment remain downstream.,pending,
