iso3,iso2,country,region,income_level,is_aggregate,population,population_year,internet_percent,internet_percent_year,electricity_percent,electricity_percent_year,adult_literacy_percent,adult_literacy_percent_year,secondary_gross_enrollment_percent,secondary_gross_enrollment_percent_year,tertiary_gross_enrollment_percent,tertiary_gross_enrollment_percent_year,source_id,source_raw_sha256,limitations
ABW,AW,Aruba,Latin America & Caribbean ,High income,no,108785,2025,,,100,2024,,,124.379366731084,2024,14.0655418559377,2024,ACE-E021,53439DCC54BBBBD43148D1CF1E677BDD2A9676F7714DDE786068A8C7FC8DA8B1,"National average and latest non-null year within 2018-2025; not a language-specific, within-country, rural, disability, affordability, or quality measure. Gross enrollment can exceed 100 percent."
AFE,ZH,Africa Eastern and Southern,Aggregates,Aggregates,yes,788844284,2025,30.4,2025,52.5981705163589,2024,73.6999969482422,2024,45.6060791015625,2024,8.66186046600342,2021,ACE-E021,53439DCC54BBBBD43148D1CF1E677BDD2A9676F7714DDE786068A8C7FC8DA8B1,"National average and latest non-null year within 2018-2025; not a language-specific, within-country, rural, disability, affordability, or quality measure. Gross enrollment can exceed 100 percent."
AFG,AF,Afghanistan,"Middle East, North Africa, Afghanistan & Pakistan",Low income,no,43844111,2025,16.09499931,2024,87.8,2024,37.2700004577637,2021,59.6136016845703,2023,10.85435962677,2020,ACE-E021,53439DCC54BBBBD43148D1CF1E677BDD2A9676F7714DDE786068A8C7FC8DA8B1,"National average and latest non-null year within 2018-2025; not a language-specific, within-country, rural, disability, affordability, or quality measure. Gross enrollment can exceed 100 percent."
AFW,ZI,Africa Western and Central,Aggregates,Aggregates,yes,532809933,2025,42.4,2025,58.8221662248088,2024,61.1699981689453,2024,46.3004913330078,2024,10.1902599334717,2021,ACE-E021,53439DCC54BBBBD43148D1CF1E677BDD2A9676F7714DDE786068A8C7FC8DA8B1,"National average and latest non-null year within 2018-2025; not a language-specific, within-country, rural, disability, affordability, or quality measure. Gross enrollment can exceed 100 percent."
AGO,AO,Angola,Sub-Saharan Africa ,Lower middle income,no,39040039,2025,40.70479965,2024,55.5,2024,68.1800003051758,2023,51.4839046246776,2023,9.9549065722902,2024,ACE-E021,53439DCC54BBBBD43148D1CF1E677BDD2A9676F7714DDE786068A8C7FC8DA8B1,"National average and latest non-null year within 2018-2025; not a language-specific, within-country, rural, disability, affordability, or quality measure. Gross enrollment can exceed 100 percent."
ALB,AL,Albania,Europe & Central Asia,Upper middle income,no,2349580,2025,85.86389923,2024,100,2024,97.6800003051758,2023,108.355392456055,2024,84.1496200561523,2024,ACE-E021,53439DCC54BBBBD43148D1CF1E677BDD2A9676F7714DDE786068A8C7FC8DA8B1,"National average and latest non-null year within 2018-2025; not a language-specific, within-country, rural, disability, affordability, or quality measure. Gross enrollment can exceed 100 percent."
AND,AD,Andorra,Europe & Central Asia,High income,no,82904,2025,94.39759827,2024,100,2024,,,101.923820495605,2024,67.6767676767677,2024,ACE-E021,53439DCC54BBBBD43148D1CF1E677BDD2A9676F7714DDE786068A8C7FC8DA8B1,"National average and latest non-null year within 2018-2025; not a language-specific, within-country, rural, disability, affordability, or quality measure. Gross enrollment can exceed 100 percent."
ARB,1A,Arab World,Aggregates,Aggregates,yes,503356133,2025,,,92.1659179921314,2024,78.9899978637695,2024,68.8945465087891,2024,35.0803985595703,2024,ACE-E021,53439DCC54BBBBD43148D1CF1E677BDD2A9676F7714DDE786068A8C7FC8DA8B1,"National average and latest non-null year within 2018-2025; not a language-specific, within-country, rural, disability, affordability, or quality measure. Gross enrollment can exceed 100 percent."
ARE,AE,United Arab Emirates,"Middle East, North Africa, Afghanistan & Pakistan",High income,no,11513149,2025,100,2024,100,2024,98.8099975585938,2024,102.129724902444,2024,63.7384451086316,2024,ACE-E021,53439DCC54BBBBD43148D1CF1E677BDD2A9676F7714DDE786068A8C7FC8DA8B1,"National average and latest non-null year within 2018-2025; not a language-specific, within-country, rural, disability, affordability, or quality measure. Gross enrollment can exceed 100 percent."
ARG,AR,Argentina,Latin America & Caribbean ,Upper middle income,no,45851378,2025,89.66715228,2024,98.4,2024,99.1399993896484,2020,105.574584297051,2023,107.822574129434,2023,ACE-E021,53439DCC54BBBBD43148D1CF1E677BDD2A9676F7714DDE786068A8C7FC8DA8B1,"National average and latest non-null year within 2018-2025; not a language-specific, within-country, rural, disability, affordability, or quality measure. Gross enrollment can exceed 100 percent."
ARM,AM,Armenia,Europe & Central Asia,Upper middle income,no,3086700,2025,81.33930206,2024,100,2024,99.8399963378906,2023,90.9458714101262,2024,52.7748065090859,2024,ACE-E021,53439DCC54BBBBD43148D1CF1E677BDD2A9676F7714DDE786068A8C7FC8DA8B1,"National average and latest non-null year within 2018-2025; not a language-specific, within-country, rural, disability, affordability, or quality measure. Gross enrollment can exceed 100 percent."
ASM,AS,American Samoa,East Asia & Pacific,High income,no,46029,2025,,,,,,,,,,,ACE-E021,53439DCC54BBBBD43148D1CF1E677BDD2A9676F7714DDE786068A8C7FC8DA8B1,"National average and latest non-null year within 2018-2025; not a language-specific, within-country, rural, disability, affordability, or quality measure. Gross enrollment can exceed 100 percent."
ATG,AG,Antigua and Barbuda,Latin America & Caribbean ,High income,no,94209,2025,72.73040009,2024,100,2024,,,108.880778588808,2023,,,ACE-E021,53439DCC54BBBBD43148D1CF1E677BDD2A9676F7714DDE786068A8C7FC8DA8B1,"National average and latest non-null year within 2018-2025; not a language-specific, within-country, rural, disability, affordability, or quality measure. Gross enrollment can exceed 100 percent."
AUS,AU,Australia,East Asia & Pacific,High income,no,27614411,2025,96.13140106,2024,100,2024,,,131.931564331055,2024,108.421989440918,2024,ACE-E021,53439DCC54BBBBD43148D1CF1E677BDD2A9676F7714DDE786068A8C7FC8DA8B1,"National average and latest non-null year within 2018-2025; not a language-specific, within-country, rural, disability, affordability, or quality measure. Gross enrollment can exceed 100 percent."
AUT,AT,Austria,Europe & Central Asia,High income,no,9208163,2025,91.92573373,2025,100,2024,,,100.622657775879,2024,92.6126708984375,2024,ACE-E021,53439DCC54BBBBD43148D1CF1E677BDD2A9676F7714DDE786068A8C7FC8DA8B1,"National average and latest non-null year within 2018-2025; not a language-specific, within-country, rural, disability, affordability, or quality measure. Gross enrollment can exceed 100 percent."
AZE,AZ,Azerbaijan,Europe & Central Asia,Upper middle income,no,10246996,2025,90.80000181,2025,100,2024,99.7799987792969,2023,91.1228035886648,2024,41.3413783372226,2024,ACE-E021,53439DCC54BBBBD43148D1CF1E677BDD2A9676F7714DDE786068A8C7FC8DA8B1,"National average and latest non-null year within 2018-2025; not a language-specific, within-country, rural, disability, affordability, or quality measure. Gross enrollment can exceed 100 percent."
BDI,BI,Burundi,Sub-Saharan Africa ,Low income,no,14390003,2025,8.595999718,2024,20.1,2024,71.3374789737041,2020,23.1256008148193,2025,6.38454008102417,2025,ACE-E021,53439DCC54BBBBD43148D1CF1E677BDD2A9676F7714DDE786068A8C7FC8DA8B1,"National average and latest non-null year within 2018-2025; not a language-specific, within-country, rural, disability, affordability, or quality measure. Gross enrollment can exceed 100 percent."
BEL,BE,Belgium,Europe & Central Asia,High income,no,11941781,2025,95.77579144,2024,100,2024,,,142.960266113281,2023,82.1475601196289,2023,ACE-E021,53439DCC54BBBBD43148D1CF1E677BDD2A9676F7714DDE786068A8C7FC8DA8B1,"National average and latest non-null year within 2018-2025; not a language-specific, within-country, rural, disability, affordability, or quality measure. Gross enrollment can exceed 100 percent."
BEN,BJ,Benin,Sub-Saharan Africa ,Lower middle income,no,14814460,2025,33.98379898,2024,59,2024,51.3800010681152,2022,43.5606498718262,2022,10.2350101470947,2022,ACE-E021,53439DCC54BBBBD43148D1CF1E677BDD2A9676F7714DDE786068A8C7FC8DA8B1,"National average and latest non-null year within 2018-2025; not a language-specific, within-country, rural, disability, affordability, or quality measure. Gross enrollment can exceed 100 percent."
BFA,BF,Burkina Faso,Sub-Saharan Africa ,Low income,no,24074580,2025,28.25270081,2024,34,2024,41.5670909952631,2023,29.9905774531085,2024,10.0419678526515,2024,ACE-E021,53439DCC54BBBBD43148D1CF1E677BDD2A9676F7714DDE786068A8C7FC8DA8B1,"National average and latest non-null year within 2018-2025; not a language-specific, within-country, rural, disability, affordability, or quality measure. Gross enrollment can exceed 100 percent."
BGD,BD,Bangladesh,South Asia,Lower middle income,no,175686899,2025,53.42171316,2024,99.5,2024,79,2022,64.2997191043961,2024,23.7295608009814,2024,ACE-E021,53439DCC54BBBBD43148D1CF1E677BDD2A9676F7714DDE786068A8C7FC8DA8B1,"National average and latest non-null year within 2018-2025; not a language-specific, within-country, rural, disability, affordability, or quality measure. Gross enrollment can exceed 100 percent."
BGR,BG,Bulgaria,Europe & Central Asia,High income,no,6433302,2025,82.438955,2024,100,2024,,,94.7816314697266,2024,69.5460433959961,2024,ACE-E021,53439DCC54BBBBD43148D1CF1E677BDD2A9676F7714DDE786068A8C7FC8DA8B1,"National average and latest non-null year within 2018-2025; not a language-specific, within-country, rural, disability, affordability, or quality measure. Gross enrollment can exceed 100 percent."
BHR,BH,Bahrain,"Middle East, North Africa, Afghanistan & Pakistan",High income,no,1600366,2025,100,2024,100,2024,97.8199996948242,2024,98.8139181413527,2024,58.3677241853667,2024,ACE-E021,53439DCC54BBBBD43148D1CF1E677BDD2A9676F7714DDE786068A8C7FC8DA8B1,"National average and latest non-null year within 2018-2025; not a language-specific, within-country, rural, disability, affordability, or quality measure. Gross enrollment can exceed 100 percent."
BHS,BS,"Bahamas, The",Latin America & Caribbean ,High income,no,403033,2025,92.47270203,2024,100,2024,,,79.4858750299258,2024,,,ACE-E021,53439DCC54BBBBD43148D1CF1E677BDD2A9676F7714DDE786068A8C7FC8DA8B1,"National average and latest non-null year within 2018-2025; not a language-specific, within-country, rural, disability, affordability, or quality measure. Gross enrollment can exceed 100 percent."
BIH,BA,Bosnia and Herzegovina,Europe & Central Asia,Upper middle income,no,3140095,2025,86.10091103,2024,100,2024,,,87.8663787841797,2023,45.5027618408203,2023,ACE-E021,53439DCC54BBBBD43148D1CF1E677BDD2A9676F7714DDE786068A8C7FC8DA8B1,"National average and latest non-null year within 2018-2025; not a language-specific, within-country, rural, disability, affordability, or quality measure. Gross enrollment can exceed 100 percent."
BLR,BY,Belarus,Europe & Central Asia,Upper middle income,no,9085991,2025,94.26182128,2024,100,2024,99.870002746582,2019,94.7902702871216,2024,70.1107509145358,2024,ACE-E021,53439DCC54BBBBD43148D1CF1E677BDD2A9676F7714DDE786068A8C7FC8DA8B1,"National average and latest non-null year within 2018-2025; not a language-specific, within-country, rural, disability, affordability, or quality measure. Gross enrollment can exceed 100 percent."
BLZ,BZ,Belize,Latin America & Caribbean ,Upper middle income,no,422924,2025,80.00582262,2024,99.6,2024,87.879997253418,2022,86.4571583269413,2024,24.8098643151325,2024,ACE-E021,53439DCC54BBBBD43148D1CF1E677BDD2A9676F7714DDE786068A8C7FC8DA8B1,"National average and latest non-null year within 2018-2025; not a language-specific, within-country, rural, disability, affordability, or quality measure. Gross enrollment can exceed 100 percent."
BMU,BM,Bermuda,North America,High income,no,64555,2025,,,100,2024,,,74.3967514038086,2023,17.3357105255127,2023,ACE-E021,53439DCC54BBBBD43148D1CF1E677BDD2A9676F7714DDE786068A8C7FC8DA8B1,"National average and latest non-null year within 2018-2025; not a language-specific, within-country, rural, disability, affordability, or quality measure. Gross enrollment can exceed 100 percent."
BOL,BO,Bolivia,Latin America & Caribbean ,Lower middle income,no,12581843,2025,79.70469666,2024,96.6,2024,96.7300033569336,2024,90.5272216796875,2024,,,ACE-E021,53439DCC54BBBBD43148D1CF1E677BDD2A9676F7714DDE786068A8C7FC8DA8B1,"National average and latest non-null year within 2018-2025; not a language-specific, within-country, rural, disability, affordability, or quality measure. Gross enrollment can exceed 100 percent."
BRA,BR,Brazil,Latin America & Caribbean ,Upper middle income,no,212812405,2025,84.46347227,2024,99.8,2024,94.7399978637695,2024,104.144660949707,2024,69.7317733764648,2024,ACE-E021,53439DCC54BBBBD43148D1CF1E677BDD2A9676F7714DDE786068A8C7FC8DA8B1,"National average and latest non-null year within 2018-2025; not a language-specific, within-country, rural, disability, affordability, or quality measure. Gross enrollment can exceed 100 percent."
BRB,BB,Barbados,Latin America & Caribbean ,High income,no,282623,2025,70.36470032,2024,100,2024,,,104.371182990274,2024,50.801079116886,2025,ACE-E021,53439DCC54BBBBD43148D1CF1E677BDD2A9676F7714DDE786068A8C7FC8DA8B1,"National average and latest non-null year within 2018-2025; not a language-specific, within-country, rural, disability, affordability, or quality measure. Gross enrollment can exceed 100 percent."
BRN,BN,Brunei Darussalam,East Asia & Pacific,High income,no,466330,2025,96.29828801,2024,100,2024,,,91.8381544399811,2023,36.4182725443167,2023,ACE-E021,53439DCC54BBBBD43148D1CF1E677BDD2A9676F7714DDE786068A8C7FC8DA8B1,"National average and latest non-null year within 2018-2025; not a language-specific, within-country, rural, disability, affordability, or quality measure. Gross enrollment can exceed 100 percent."
BTN,BT,Bhutan,South Asia,Lower middle income,no,796682,2025,91.27739716,2024,100,2024,64.9100036621094,2022,86.1810001963554,2024,13.011259392916,2024,ACE-E021,53439DCC54BBBBD43148D1CF1E677BDD2A9676F7714DDE786068A8C7FC8DA8B1,"National average and latest non-null year within 2018-2025; not a language-specific, within-country, rural, disability, affordability, or quality measure. Gross enrollment can exceed 100 percent."
BWA,BW,Botswana,Sub-Saharan Africa ,Upper middle income,no,2562122,2025,57.45950036,2024,80.2,2024,,,70.6292572021484,2021,21.4087908549348,2024,ACE-E021,53439DCC54BBBBD43148D1CF1E677BDD2A9676F7714DDE786068A8C7FC8DA8B1,"National average and latest non-null year within 2018-2025; not a language-specific, within-country, rural, disability, affordability, or quality measure. Gross enrollment can exceed 100 percent."
CAF,CF,Central African Republic,Sub-Saharan Africa ,Low income,no,5513282,2025,13.78250027,2024,18.2,2024,42.439998626709,2019,,,,,ACE-E021,53439DCC54BBBBD43148D1CF1E677BDD2A9676F7714DDE786068A8C7FC8DA8B1,"National average and latest non-null year within 2018-2025; not a language-specific, within-country, rural, disability, affordability, or quality measure. Gross enrollment can exceed 100 percent."
CAN,CA,Canada,North America,High income,no,41651653,2025,94.353302,2024,100,2024,,,104.320877075195,2023,76.2666931152344,2023,ACE-E021,53439DCC54BBBBD43148D1CF1E677BDD2A9676F7714DDE786068A8C7FC8DA8B1,"National average and latest non-null year within 2018-2025; not a language-specific, within-country, rural, disability, affordability, or quality measure. Gross enrollment can exceed 100 percent."
CEB,B8,Central Europe and the Baltics,Aggregates,Aggregates,yes,99814596,2025,,,100,2024,99.5,2024,99.31640625,2024,68.5388870239258,2024,ACE-E021,53439DCC54BBBBD43148D1CF1E677BDD2A9676F7714DDE786068A8C7FC8DA8B1,"National average and latest non-null year within 2018-2025; not a language-specific, within-country, rural, disability, affordability, or quality measure. Gross enrollment can exceed 100 percent."
CHE,CH,Switzerland,Europe & Central Asia,High income,no,9092436,2025,97.32103855,2025,100,2024,,,101.4287109375,2024,73.5430526733398,2024,ACE-E021,53439DCC54BBBBD43148D1CF1E677BDD2A9676F7714DDE786068A8C7FC8DA8B1,"National average and latest non-null year within 2018-2025; not a language-specific, within-country, rural, disability, affordability, or quality measure. Gross enrollment can exceed 100 percent."
CHI,JG,Channel Islands,Europe & Central Asia,High income,no,168466,2025,,,100,2024,,,,,,,ACE-E021,53439DCC54BBBBD43148D1CF1E677BDD2A9676F7714DDE786068A8C7FC8DA8B1,"National average and latest non-null year within 2018-2025; not a language-specific, within-country, rural, disability, affordability, or quality measure. Gross enrollment can exceed 100 percent."
CHL,CL,Chile,Latin America & Caribbean ,High income,no,19859921,2025,95.590243,2024,99,2024,,,105.608551025391,2024,110.176902770996,2024,ACE-E021,53439DCC54BBBBD43148D1CF1E677BDD2A9676F7714DDE786068A8C7FC8DA8B1,"National average and latest non-null year within 2018-2025; not a language-specific, within-country, rural, disability, affordability, or quality measure. Gross enrollment can exceed 100 percent."
CHN,CN,China,East Asia & Pacific,Upper middle income,no,1406585000,2025,91.6,2025,100,2024,96.7399978637695,2020,,,76.8757843123403,2024,ACE-E021,53439DCC54BBBBD43148D1CF1E677BDD2A9676F7714DDE786068A8C7FC8DA8B1,"National average and latest non-null year within 2018-2025; not a language-specific, within-country, rural, disability, affordability, or quality measure. Gross enrollment can exceed 100 percent."
CIV,CI,Cote d'Ivoire,Sub-Saharan Africa ,Lower middle income,no,32711547,2025,41.43219902,2024,72.9,2024,50,2021,65.3065056618336,2024,12.3354902267456,2024,ACE-E021,53439DCC54BBBBD43148D1CF1E677BDD2A9676F7714DDE786068A8C7FC8DA8B1,"National average and latest non-null year within 2018-2025; not a language-specific, within-country, rural, disability, affordability, or quality measure. Gross enrollment can exceed 100 percent."
CMR,CM,Cameroon,Sub-Saharan Africa ,Lower middle income,no,29879337,2025,46.25880051,2024,72,2024,72.5500030517578,2018,44.840795775403,2023,16.6614294830602,2024,ACE-E021,53439DCC54BBBBD43148D1CF1E677BDD2A9676F7714DDE786068A8C7FC8DA8B1,"National average and latest non-null year within 2018-2025; not a language-specific, within-country, rural, disability, affordability, or quality measure. Gross enrollment can exceed 100 percent."
COD,CD,"Congo, Dem. Rep.",Sub-Saharan Africa ,Low income,no,112832473,2025,19.67350006,2024,22.5,2024,68.5,2023,55.4860992431641,2023,6.37987995147705,2020,ACE-E021,53439DCC54BBBBD43148D1CF1E677BDD2A9676F7714DDE786068A8C7FC8DA8B1,"National average and latest non-null year within 2018-2025; not a language-specific, within-country, rural, disability, affordability, or quality measure. Gross enrollment can exceed 100 percent."
COG,CG,"Congo, Rep.",Sub-Saharan Africa ,Lower middle income,no,6484437,2025,47.25159836,2024,53,2024,,,,,10.3812103271484,2023,ACE-E021,53439DCC54BBBBD43148D1CF1E677BDD2A9676F7714DDE786068A8C7FC8DA8B1,"National average and latest non-null year within 2018-2025; not a language-specific, within-country, rural, disability, affordability, or quality measure. Gross enrollment can exceed 100 percent."
COL,CO,Colombia,Latin America & Caribbean ,Upper middle income,no,53425635,2025,79.34543299,2024,98.9,2024,95.3399963378906,2024,101.573776245117,2022,59.2901382446289,2022,ACE-E021,53439DCC54BBBBD43148D1CF1E677BDD2A9676F7714DDE786068A8C7FC8DA8B1,"National average and latest non-null year within 2018-2025; not a language-specific, within-country, rural, disability, affordability, or quality measure. Gross enrollment can exceed 100 percent."
COM,KM,Comoros,Sub-Saharan Africa ,Lower middle income,no,882847,2025,32.51750183,2024,91.7,2024,75.6201980162165,2021,54.8057289123535,2022,,,ACE-E021,53439DCC54BBBBD43148D1CF1E677BDD2A9676F7714DDE786068A8C7FC8DA8B1,"National average and latest non-null year within 2018-2025; not a language-specific, within-country, rural, disability, affordability, or quality measure. Gross enrollment can exceed 100 percent."
CPV,CV,Cabo Verde,Sub-Saharan Africa ,Upper middle income,no,527326,2025,74.73519897,2024,98.4,2024,88.4700012207031,2024,96.4315940376876,2022,24.2905954414767,2018,ACE-E021,53439DCC54BBBBD43148D1CF1E677BDD2A9676F7714DDE786068A8C7FC8DA8B1,"National average and latest non-null year within 2018-2025; not a language-specific, within-country, rural, disability, affordability, or quality measure. Gross enrollment can exceed 100 percent."
CRI,CR,Costa Rica,Latin America & Caribbean ,High income,no,5152950,2025,87.17019653,2024,99.8,2024,,,121.810760498047,2024,55.0202903747559,2019,ACE-E021,53439DCC54BBBBD43148D1CF1E677BDD2A9676F7714DDE786068A8C7FC8DA8B1,"National average and latest non-null year within 2018-2025; not a language-specific, within-country, rural, disability, affordability, or quality measure. Gross enrollment can exceed 100 percent."
CSS,S3,Caribbean small states,Aggregates,Aggregates,yes,4556558,2025,,,98.4281812533873,2024,,,85.9280090332031,2024,,,ACE-E021,53439DCC54BBBBD43148D1CF1E677BDD2A9676F7714DDE786068A8C7FC8DA8B1,"National average and latest non-null year within 2018-2025; not a language-specific, within-country, rural, disability, affordability, or quality measure. Gross enrollment can exceed 100 percent."
CUB,CU,Cuba,Latin America & Caribbean ,Upper middle income,no,10937203,2025,70.47699738,2024,100,2024,97.6500015258789,2019,91.7456844321038,2024,43.1040700506779,2024,ACE-E021,53439DCC54BBBBD43148D1CF1E677BDD2A9676F7714DDE786068A8C7FC8DA8B1,"National average and latest non-null year within 2018-2025; not a language-specific, within-country, rural, disability, affordability, or quality measure. Gross enrollment can exceed 100 percent."
CUW,CW,Curacao,Latin America & Caribbean ,High income,no,156263,2025,,,100,2024,,,89.9053421020508,2024,,,ACE-E021,53439DCC54BBBBD43148D1CF1E677BDD2A9676F7714DDE786068A8C7FC8DA8B1,"National average and latest non-null year within 2018-2025; not a language-specific, within-country, rural, disability, affordability, or quality measure. Gross enrollment can exceed 100 percent."
CYM,KY,Cayman Islands,Latin America & Caribbean ,High income,no,75844,2025,,,100,2024,,,84.7603098178773,2024,,,ACE-E021,53439DCC54BBBBD43148D1CF1E677BDD2A9676F7714DDE786068A8C7FC8DA8B1,"National average and latest non-null year within 2018-2025; not a language-specific, within-country, rural, disability, affordability, or quality measure. Gross enrollment can exceed 100 percent."
CYP,CY,Cyprus,Europe & Central Asia,High income,no,1370754,2025,89.60099246,2024,100,2024,,,106.741279602051,2024,120.87727355957,2024,ACE-E021,53439DCC54BBBBD43148D1CF1E677BDD2A9676F7714DDE786068A8C7FC8DA8B1,"National average and latest non-null year within 2018-2025; not a language-specific, within-country, rural, disability, affordability, or quality measure. Gross enrollment can exceed 100 percent."
CZE,CZ,Czechia,Europe & Central Asia,High income,no,10886878,2025,87.68776014,2024,100,2024,,,97.6154174804688,2023,66.7282867431641,2023,ACE-E021,53439DCC54BBBBD43148D1CF1E677BDD2A9676F7714DDE786068A8C7FC8DA8B1,"National average and latest non-null year within 2018-2025; not a language-specific, within-country, rural, disability, affordability, or quality measure. Gross enrollment can exceed 100 percent."
DEU,DE,Germany,Europe & Central Asia,High income,no,83491249,2025,93.49999579,2024,100,2024,,,100.243698120117,2024,76.7096862792969,2024,ACE-E021,53439DCC54BBBBD43148D1CF1E677BDD2A9676F7714DDE786068A8C7FC8DA8B1,"National average and latest non-null year within 2018-2025; not a language-specific, within-country, rural, disability, affordability, or quality measure. Gross enrollment can exceed 100 percent."
DJI,DJ,Djibouti,"Middle East, North Africa, Afghanistan & Pakistan",Lower middle income,no,1184076,2025,65.29889679,2024,69.2,2024,,,,,,,ACE-E021,53439DCC54BBBBD43148D1CF1E677BDD2A9676F7714DDE786068A8C7FC8DA8B1,"National average and latest non-null year within 2018-2025; not a language-specific, within-country, rural, disability, affordability, or quality measure. Gross enrollment can exceed 100 percent."
DMA,DM,Dominica,Latin America & Caribbean ,Upper middle income,no,65871,2025,82.04689789,2024,100,2024,,,102.585807800293,2023,,,ACE-E021,53439DCC54BBBBD43148D1CF1E677BDD2A9676F7714DDE786068A8C7FC8DA8B1,"National average and latest non-null year within 2018-2025; not a language-specific, within-country, rural, disability, affordability, or quality measure. Gross enrollment can exceed 100 percent."
DNK,DK,Denmark,Europe & Central Asia,High income,no,6009169,2025,99.76915157,2024,100,2024,,,125.628089904785,2024,78.9604110717773,2024,ACE-E021,53439DCC54BBBBD43148D1CF1E677BDD2A9676F7714DDE786068A8C7FC8DA8B1,"National average and latest non-null year within 2018-2025; not a language-specific, within-country, rural, disability, affordability, or quality measure. Gross enrollment can exceed 100 percent."
DOM,DO,Dominican Republic,Latin America & Caribbean ,Upper middle income,no,11520487,2025,91.0022446,2024,99.5,2024,94.0299987792969,2024,76.3648403372637,2024,57.6509476207267,2024,ACE-E021,53439DCC54BBBBD43148D1CF1E677BDD2A9676F7714DDE786068A8C7FC8DA8B1,"National average and latest non-null year within 2018-2025; not a language-specific, within-country, rural, disability, affordability, or quality measure. Gross enrollment can exceed 100 percent."
DZA,DZ,Algeria,"Middle East, North Africa, Afghanistan & Pakistan",Upper middle income,no,47435312,2025,77.4178009,2024,100,2024,,,105.164131811213,2024,54.4283410150344,2024,ACE-E021,53439DCC54BBBBD43148D1CF1E677BDD2A9676F7714DDE786068A8C7FC8DA8B1,"National average and latest non-null year within 2018-2025; not a language-specific, within-country, rural, disability, affordability, or quality measure. Gross enrollment can exceed 100 percent."
EAP,4E,East Asia & Pacific (excluding high income),Aggregates,Aggregates,yes,2143908411,2025,88.1,2025,98.409299927655,2024,96.8499984741211,2024,91.0118637084961,2024,61.7415199279785,2024,ACE-E021,53439DCC54BBBBD43148D1CF1E677BDD2A9676F7714DDE786068A8C7FC8DA8B1,"National average and latest non-null year within 2018-2025; not a language-specific, within-country, rural, disability, affordability, or quality measure. Gross enrollment can exceed 100 percent."
EAR,V2,Early-demographic dividend,Aggregates,Aggregates,yes,3592750579,2025,,,96.0905949050278,2024,82.0999984741211,2024,76.7462997436523,2024,36.2870903015137,2024,ACE-E021,53439DCC54BBBBD43148D1CF1E677BDD2A9676F7714DDE786068A8C7FC8DA8B1,"National average and latest non-null year within 2018-2025; not a language-specific, within-country, rural, disability, affordability, or quality measure. Gross enrollment can exceed 100 percent."
EAS,Z4,East Asia & Pacific,Aggregates,Aggregates,yes,2390873921,2025,88.4,2025,98.5597948238034,2024,96.6100006103516,2024,92.0157470703125,2024,63.3318481445312,2024,ACE-E021,53439DCC54BBBBD43148D1CF1E677BDD2A9676F7714DDE786068A8C7FC8DA8B1,"National average and latest non-null year within 2018-2025; not a language-specific, within-country, rural, disability, affordability, or quality measure. Gross enrollment can exceed 100 percent."
ECA,7E,Europe & Central Asia (excluding high income),Aggregates,Aggregates,yes,253280471,2025,87.5,2025,99.9957431987505,2024,99.0199966430664,2024,101.207878112793,2024,85.1110763549805,2024,ACE-E021,53439DCC54BBBBD43148D1CF1E677BDD2A9676F7714DDE786068A8C7FC8DA8B1,"National average and latest non-null year within 2018-2025; not a language-specific, within-country, rural, disability, affordability, or quality measure. Gross enrollment can exceed 100 percent."
ECS,Z7,Europe & Central Asia,Aggregates,Aggregates,yes,932525035,2025,92.4,2025,99.998857471373,2024,98.7699966430664,2023,103.311096191406,2024,84.8905563354492,2024,ACE-E021,53439DCC54BBBBD43148D1CF1E677BDD2A9676F7714DDE786068A8C7FC8DA8B1,"National average and latest non-null year within 2018-2025; not a language-specific, within-country, rural, disability, affordability, or quality measure. Gross enrollment can exceed 100 percent."
ECU,EC,Ecuador,Latin America & Caribbean ,Upper middle income,no,18289896,2025,77.17273115,2024,98.5,2024,93.4899978637695,2024,92.8118025876465,2023,67.8851161961618,2023,ACE-E021,53439DCC54BBBBD43148D1CF1E677BDD2A9676F7714DDE786068A8C7FC8DA8B1,"National average and latest non-null year within 2018-2025; not a language-specific, within-country, rural, disability, affordability, or quality measure. Gross enrollment can exceed 100 percent."
EGY,EG,"Egypt, Arab Rep.","Middle East, North Africa, Afghanistan & Pakistan",Lower middle income,no,118365995,2025,74.64839935,2024,100,2024,79.4531619498685,2022,84.8286031306453,2024,38.0398346509947,2025,ACE-E021,53439DCC54BBBBD43148D1CF1E677BDD2A9676F7714DDE786068A8C7FC8DA8B1,"National average and latest non-null year within 2018-2025; not a language-specific, within-country, rural, disability, affordability, or quality measure. Gross enrollment can exceed 100 percent."
EMU,XC,Euro area,Aggregates,Aggregates,yes,358664361,2025,,,100,2024,,,107.966987609863,2024,81.8938369750977,2024,ACE-E021,53439DCC54BBBBD43148D1CF1E677BDD2A9676F7714DDE786068A8C7FC8DA8B1,"National average and latest non-null year within 2018-2025; not a language-specific, within-country, rural, disability, affordability, or quality measure. Gross enrollment can exceed 100 percent."
ERI,ER,Eritrea,Sub-Saharan Africa ,Low income,no,3607003,2025,14.34939957,2020,55.3,2024,,,44.0441284179688,2022,,,ACE-E021,53439DCC54BBBBD43148D1CF1E677BDD2A9676F7714DDE786068A8C7FC8DA8B1,"National average and latest non-null year within 2018-2025; not a language-specific, within-country, rural, disability, affordability, or quality measure. Gross enrollment can exceed 100 percent."
ESP,ES,Spain,Europe & Central Asia,High income,no,49355143,2025,95.7574516,2024,100,2024,99.6999969482422,2021,118.537803649902,2024,93.7689666748047,2024,ACE-E021,53439DCC54BBBBD43148D1CF1E677BDD2A9676F7714DDE786068A8C7FC8DA8B1,"National average and latest non-null year within 2018-2025; not a language-specific, within-country, rural, disability, affordability, or quality measure. Gross enrollment can exceed 100 percent."
EST,EE,Estonia,Europe & Central Asia,High income,no,1366475,2025,92.23796204,2024,100,2024,,,108.538726806641,2024,65.6692276000977,2024,ACE-E021,53439DCC54BBBBD43148D1CF1E677BDD2A9676F7714DDE786068A8C7FC8DA8B1,"National average and latest non-null year within 2018-2025; not a language-specific, within-country, rural, disability, affordability, or quality measure. Gross enrollment can exceed 100 percent."
ETH,ET,Ethiopia,Sub-Saharan Africa ,Low income,no,135472051,2025,21.94129944,2024,56.6,2024,60.4599990844727,2022,,,,,ACE-E021,53439DCC54BBBBD43148D1CF1E677BDD2A9676F7714DDE786068A8C7FC8DA8B1,"National average and latest non-null year within 2018-2025; not a language-specific, within-country, rural, disability, affordability, or quality measure. Gross enrollment can exceed 100 percent."
EUU,EU,European Union,Aggregates,Aggregates,yes,451127411,2025,,,100,2024,,,106.954109191895,2024,79.4997329711914,2024,ACE-E021,53439DCC54BBBBD43148D1CF1E677BDD2A9676F7714DDE786068A8C7FC8DA8B1,"National average and latest non-null year within 2018-2025; not a language-specific, within-country, rural, disability, affordability, or quality measure. Gross enrollment can exceed 100 percent."
FIN,FI,Finland,Europe & Central Asia,High income,no,5646436,2025,93.72405196,2024,100,2024,,,142.395156860352,2024,110.304496765137,2024,ACE-E021,53439DCC54BBBBD43148D1CF1E677BDD2A9676F7714DDE786068A8C7FC8DA8B1,"National average and latest non-null year within 2018-2025; not a language-specific, within-country, rural, disability, affordability, or quality measure. Gross enrollment can exceed 100 percent."
FJI,FJ,Fiji,East Asia & Pacific,Upper middle income,no,933154,2025,74.7052002,2024,95.9,2024,,,98.0927630329298,2024,75.0089752283697,2024,ACE-E021,53439DCC54BBBBD43148D1CF1E677BDD2A9676F7714DDE786068A8C7FC8DA8B1,"National average and latest non-null year within 2018-2025; not a language-specific, within-country, rural, disability, affordability, or quality measure. Gross enrollment can exceed 100 percent."
FRA,FR,France,Europe & Central Asia,High income,no,68720337,2025,88.65381638,2024,100,2024,,,103.78540802002,2024,71.5346908569336,2024,ACE-E021,53439DCC54BBBBD43148D1CF1E677BDD2A9676F7714DDE786068A8C7FC8DA8B1,"National average and latest non-null year within 2018-2025; not a language-specific, within-country, rural, disability, affordability, or quality measure. Gross enrollment can exceed 100 percent."
FRO,FO,Faroe Islands,Europe & Central Asia,High income,no,54900,2025,,,100,2024,,,,,,,ACE-E021,53439DCC54BBBBD43148D1CF1E677BDD2A9676F7714DDE786068A8C7FC8DA8B1,"National average and latest non-null year within 2018-2025; not a language-specific, within-country, rural, disability, affordability, or quality measure. Gross enrollment can exceed 100 percent."
FSM,FM,"Micronesia, Fed. Sts.",East Asia & Pacific,Upper middle income,no,113683,2025,39.52360153,2024,88.9,2024,,,,,,,ACE-E021,53439DCC54BBBBD43148D1CF1E677BDD2A9676F7714DDE786068A8C7FC8DA8B1,"National average and latest non-null year within 2018-2025; not a language-specific, within-country, rural, disability, affordability, or quality measure. Gross enrollment can exceed 100 percent."
GAB,GA,Gabon,Sub-Saharan Africa ,Upper middle income,no,2593130,2025,68.72090149,2024,95.1,2024,88.8600006103516,2021,70.2639966402203,2019,,,ACE-E021,53439DCC54BBBBD43148D1CF1E677BDD2A9676F7714DDE786068A8C7FC8DA8B1,"National average and latest non-null year within 2018-2025; not a language-specific, within-country, rural, disability, affordability, or quality measure. Gross enrollment can exceed 100 percent."
GBR,GB,United Kingdom,Europe & Central Asia,High income,no,69487000,2025,95.4720993,2024,100,2024,,,112.120048522949,2023,80.4146499633789,2023,ACE-E021,53439DCC54BBBBD43148D1CF1E677BDD2A9676F7714DDE786068A8C7FC8DA8B1,"National average and latest non-null year within 2018-2025; not a language-specific, within-country, rural, disability, affordability, or quality measure. Gross enrollment can exceed 100 percent."
GEO,GE,Georgia,Europe & Central Asia,Upper middle income,no,3935766,2025,83.79855689,2024,100,2024,99.6800003051758,2024,100.959315536762,2024,89.4861221313477,2025,ACE-E021,53439DCC54BBBBD43148D1CF1E677BDD2A9676F7714DDE786068A8C7FC8DA8B1,"National average and latest non-null year within 2018-2025; not a language-specific, within-country, rural, disability, affordability, or quality measure. Gross enrollment can exceed 100 percent."
GHA,GH,Ghana,Sub-Saharan Africa ,Lower middle income,no,35064272,2025,72.17569733,2024,91.9,2024,76.4899978637695,2021,75.7174682617188,2024,21.330810546875,2024,ACE-E021,53439DCC54BBBBD43148D1CF1E677BDD2A9676F7714DDE786068A8C7FC8DA8B1,"National average and latest non-null year within 2018-2025; not a language-specific, within-country, rural, disability, affordability, or quality measure. Gross enrollment can exceed 100 percent."
GIB,GI,Gibraltar,Europe & Central Asia,High income,no,40126,2025,,,100,2024,,,78.5279769897461,2024,,,ACE-E021,53439DCC54BBBBD43148D1CF1E677BDD2A9676F7714DDE786068A8C7FC8DA8B1,"National average and latest non-null year within 2018-2025; not a language-specific, within-country, rural, disability, affordability, or quality measure. Gross enrollment can exceed 100 percent."
GIN,GN,Guinea,Sub-Saharan Africa ,Lower middle income,no,15099727,2025,33.30469894,2024,53.8,2024,39.6199989318848,2018,,,,,ACE-E021,53439DCC54BBBBD43148D1CF1E677BDD2A9676F7714DDE786068A8C7FC8DA8B1,"National average and latest non-null year within 2018-2025; not a language-specific, within-country, rural, disability, affordability, or quality measure. Gross enrollment can exceed 100 percent."
GMB,GM,"Gambia, The",Sub-Saharan Africa ,Low income,no,2822093,2025,49.49430084,2024,69,2024,51.6399993896484,2021,107.027125590442,2021,13.4765901565552,2024,ACE-E021,53439DCC54BBBBD43148D1CF1E677BDD2A9676F7714DDE786068A8C7FC8DA8B1,"National average and latest non-null year within 2018-2025; not a language-specific, within-country, rural, disability, affordability, or quality measure. Gross enrollment can exceed 100 percent."
GNB,GW,Guinea-Bissau,Sub-Saharan Africa ,Low income,no,2249515,2025,29.77739906,2024,43.7,2024,63.9300003051758,2022,,,,,ACE-E021,53439DCC54BBBBD43148D1CF1E677BDD2A9676F7714DDE786068A8C7FC8DA8B1,"National average and latest non-null year within 2018-2025; not a language-specific, within-country, rural, disability, affordability, or quality measure. Gross enrollment can exceed 100 percent."
GNQ,GQ,Equatorial Guinea,Sub-Saharan Africa ,Upper middle income,no,1938431,2025,63.29930115,2024,65.1,2024,,,,,,,ACE-E021,53439DCC54BBBBD43148D1CF1E677BDD2A9676F7714DDE786068A8C7FC8DA8B1,"National average and latest non-null year within 2018-2025; not a language-specific, within-country, rural, disability, affordability, or quality measure. Gross enrollment can exceed 100 percent."
GRC,GR,Greece,Europe & Central Asia,High income,no,10413962,2025,86.26968886,2024,100,2024,,,105.191741943359,2023,165.113418579102,2023,ACE-E021,53439DCC54BBBBD43148D1CF1E677BDD2A9676F7714DDE786068A8C7FC8DA8B1,"National average and latest non-null year within 2018-2025; not a language-specific, within-country, rural, disability, affordability, or quality measure. Gross enrollment can exceed 100 percent."
GRD,GD,Grenada,Latin America & Caribbean ,Upper middle income,no,117303,2025,70.16159821,2024,95.6,2024,,,100.731679432948,2024,99.9891967773438,2018,ACE-E021,53439DCC54BBBBD43148D1CF1E677BDD2A9676F7714DDE786068A8C7FC8DA8B1,"National average and latest non-null year within 2018-2025; not a language-specific, within-country, rural, disability, affordability, or quality measure. Gross enrollment can exceed 100 percent."
GRL,GL,Greenland,Europe & Central Asia,High income,no,56831,2025,,,100,2024,,,,,,,ACE-E021,53439DCC54BBBBD43148D1CF1E677BDD2A9676F7714DDE786068A8C7FC8DA8B1,"National average and latest non-null year within 2018-2025; not a language-specific, within-country, rural, disability, affordability, or quality measure. Gross enrollment can exceed 100 percent."
GTM,GT,Guatemala,Latin America & Caribbean ,Upper middle income,no,18687881,2025,60.22140121,2024,90.9,2024,82.1100006103516,2024,49.5765804970836,2024,27.2948879201171,2023,ACE-E021,53439DCC54BBBBD43148D1CF1E677BDD2A9676F7714DDE786068A8C7FC8DA8B1,"National average and latest non-null year within 2018-2025; not a language-specific, within-country, rural, disability, affordability, or quality measure. Gross enrollment can exceed 100 percent."
GUM,GU,Guam,East Asia & Pacific,High income,no,168999,2025,,,100,2024,,,,,,,ACE-E021,53439DCC54BBBBD43148D1CF1E677BDD2A9676F7714DDE786068A8C7FC8DA8B1,"National average and latest non-null year within 2018-2025; not a language-specific, within-country, rural, disability, affordability, or quality measure. Gross enrollment can exceed 100 percent."
GUY,GY,Guyana,Latin America & Caribbean ,High income,no,835986,2025,83.00080109,2024,93,2024,85.6399993896484,2020,91.4304496450171,2024,26.4315792489043,2024,ACE-E021,53439DCC54BBBBD43148D1CF1E677BDD2A9676F7714DDE786068A8C7FC8DA8B1,"National average and latest non-null year within 2018-2025; not a language-specific, within-country, rural, disability, affordability, or quality measure. Gross enrollment can exceed 100 percent."
HKG,HK,"Hong Kong SAR, China",East Asia & Pacific,High income,no,7498900,2025,95.75536971,2024,100,2024,,,107.160326941213,2024,120.08978583196,2024,ACE-E021,53439DCC54BBBBD43148D1CF1E677BDD2A9676F7714DDE786068A8C7FC8DA8B1,"National average and latest non-null year within 2018-2025; not a language-specific, within-country, rural, disability, affordability, or quality measure. Gross enrollment can exceed 100 percent."
HND,HN,Honduras,Latin America & Caribbean ,Lower middle income,no,11005850,2025,58.62269974,2024,95.5,2024,88.25,2024,51.7639813154374,2024,23.3177890777588,2024,ACE-E021,53439DCC54BBBBD43148D1CF1E677BDD2A9676F7714DDE786068A8C7FC8DA8B1,"National average and latest non-null year within 2018-2025; not a language-specific, within-country, rural, disability, affordability, or quality measure. Gross enrollment can exceed 100 percent."
HPC,XE,Heavily indebted poor countries (HIPC),Aggregates,Aggregates,yes,965148593,2025,,,52.4769402918894,2024,66.629997253418,2024,42.031810760498,2024,9.09300994873047,2021,ACE-E021,53439DCC54BBBBD43148D1CF1E677BDD2A9676F7714DDE786068A8C7FC8DA8B1,"National average and latest non-null year within 2018-2025; not a language-specific, within-country, rural, disability, affordability, or quality measure. Gross enrollment can exceed 100 percent."
HRV,HR,Croatia,Europe & Central Asia,High income,no,3876200,2025,83.63240029,2024,100,2024,,,105.025161743164,2023,81.1775207519531,2023,ACE-E021,53439DCC54BBBBD43148D1CF1E677BDD2A9676F7714DDE786068A8C7FC8DA8B1,"National average and latest non-null year within 2018-2025; not a language-specific, within-country, rural, disability, affordability, or quality measure. Gross enrollment can exceed 100 percent."
HTI,HT,Haiti,Latin America & Caribbean ,Lower middle income,no,11906095,2025,47.8614006,2024,53.9,2024,,,,,,,ACE-E021,53439DCC54BBBBD43148D1CF1E677BDD2A9676F7714DDE786068A8C7FC8DA8B1,"National average and latest non-null year within 2018-2025; not a language-specific, within-country, rural, disability, affordability, or quality measure. Gross enrollment can exceed 100 percent."
HUN,HU,Hungary,Europe & Central Asia,High income,no,9514251,2025,93.77898628,2024,100,2024,,,107.350929260254,2024,60.5168685913086,2024,ACE-E021,53439DCC54BBBBD43148D1CF1E677BDD2A9676F7714DDE786068A8C7FC8DA8B1,"National average and latest non-null year within 2018-2025; not a language-specific, within-country, rural, disability, affordability, or quality measure. Gross enrollment can exceed 100 percent."
IBD,XF,IBRD only,Aggregates,Aggregates,yes,5006926951,2025,82.7,2025,99.1710314335576,2024,90.6900024414062,2024,87.8844375610352,2024,52.829891204834,2024,ACE-E021,53439DCC54BBBBD43148D1CF1E677BDD2A9676F7714DDE786068A8C7FC8DA8B1,"National average and latest non-null year within 2018-2025; not a language-specific, within-country, rural, disability, affordability, or quality measure. Gross enrollment can exceed 100 percent."
IBT,ZT,IDA & IBRD total,Aggregates,Aggregates,yes,6993790788,2025,70.3,2025,90.6841858083156,2024,85.8199996948242,2024,74.2192764282227,2024,39.3488082885742,2024,ACE-E021,53439DCC54BBBBD43148D1CF1E677BDD2A9676F7714DDE786068A8C7FC8DA8B1,"National average and latest non-null year within 2018-2025; not a language-specific, within-country, rural, disability, affordability, or quality measure. Gross enrollment can exceed 100 percent."
IDA,XG,IDA total,Aggregates,Aggregates,yes,1986863837,2025,38.9,2025,68.9457220651021,2024,70.0500030517578,2024,49.8824882507324,2024,12.7190599441528,2024,ACE-E021,53439DCC54BBBBD43148D1CF1E677BDD2A9676F7714DDE786068A8C7FC8DA8B1,"National average and latest non-null year within 2018-2025; not a language-specific, within-country, rural, disability, affordability, or quality measure. Gross enrollment can exceed 100 percent."
IDB,XH,IDA blend,Aggregates,Aggregates,yes,689783382,2025,44.2,2025,78.8148230386128,2024,69.1900024414062,2024,51.6991004943848,2024,12.5017795562744,2024,ACE-E021,53439DCC54BBBBD43148D1CF1E677BDD2A9676F7714DDE786068A8C7FC8DA8B1,"National average and latest non-null year within 2018-2025; not a language-specific, within-country, rural, disability, affordability, or quality measure. Gross enrollment can exceed 100 percent."
IDN,ID,Indonesia,East Asia & Pacific,Upper middle income,no,285721236,2025,72.78075544,2024,99.9,2024,96,2020,97.1701841816,2025,44.8813034886441,2023,ACE-E021,53439DCC54BBBBD43148D1CF1E677BDD2A9676F7714DDE786068A8C7FC8DA8B1,"National average and latest non-null year within 2018-2025; not a language-specific, within-country, rural, disability, affordability, or quality measure. Gross enrollment can exceed 100 percent."
IDX,XI,IDA only,Aggregates,Aggregates,yes,1297080455,2025,36.1,2025,63.6732469361987,2024,70.9199981689453,2024,49.2888603210449,2024,12.8071804046631,2024,ACE-E021,53439DCC54BBBBD43148D1CF1E677BDD2A9676F7714DDE786068A8C7FC8DA8B1,"National average and latest non-null year within 2018-2025; not a language-specific, within-country, rural, disability, affordability, or quality measure. Gross enrollment can exceed 100 percent."
IMN,IM,Isle of Man,Europe & Central Asia,High income,no,84118,2025,,,100,2024,,,,,,,ACE-E021,53439DCC54BBBBD43148D1CF1E677BDD2A9676F7714DDE786068A8C7FC8DA8B1,"National average and latest non-null year within 2018-2025; not a language-specific, within-country, rural, disability, affordability, or quality measure. Gross enrollment can exceed 100 percent."
IND,IN,India,South Asia,Lower middle income,no,1463865525,2025,70,2025,99.9,2024,78.1625330351403,2024,79.594985086469,2025,34.4465039692543,2025,ACE-E021,53439DCC54BBBBD43148D1CF1E677BDD2A9676F7714DDE786068A8C7FC8DA8B1,"National average and latest non-null year within 2018-2025; not a language-specific, within-country, rural, disability, affordability, or quality measure. Gross enrollment can exceed 100 percent."
IRL,IE,Ireland,Europe & Central Asia,High income,no,5484367,2025,97.18769836,2024,100,2024,,,130.604965209961,2022,77.5933380126953,2022,ACE-E021,53439DCC54BBBBD43148D1CF1E677BDD2A9676F7714DDE786068A8C7FC8DA8B1,"National average and latest non-null year within 2018-2025; not a language-specific, within-country, rural, disability, affordability, or quality measure. Gross enrollment can exceed 100 percent."
IRN,IR,"Iran, Islamic Rep.","Middle East, North Africa, Afghanistan & Pakistan",Upper middle income,no,92417681,2025,85.3404007,2024,100,2024,88.9168161136597,2023,85.1469802856445,2023,58.6838607788086,2022,ACE-E021,53439DCC54BBBBD43148D1CF1E677BDD2A9676F7714DDE786068A8C7FC8DA8B1,"National average and latest non-null year within 2018-2025; not a language-specific, within-country, rural, disability, affordability, or quality measure. Gross enrollment can exceed 100 percent."
IRQ,IQ,Iraq,"Middle East, North Africa, Afghanistan & Pakistan",Upper middle income,no,47020774,2025,81.47450256,2024,100,2024,84.0648941705243,2021,,,,,ACE-E021,53439DCC54BBBBD43148D1CF1E677BDD2A9676F7714DDE786068A8C7FC8DA8B1,"National average and latest non-null year within 2018-2025; not a language-specific, within-country, rural, disability, affordability, or quality measure. Gross enrollment can exceed 100 percent."
ISL,IS,Iceland,Europe & Central Asia,High income,no,392404,2025,98.209198,2024,100,2024,,,108.911361694336,2023,76.5200729370117,2023,ACE-E021,53439DCC54BBBBD43148D1CF1E677BDD2A9676F7714DDE786068A8C7FC8DA8B1,"National average and latest non-null year within 2018-2025; not a language-specific, within-country, rural, disability, affordability, or quality measure. Gross enrollment can exceed 100 percent."
ISR,IL,Israel,"Middle East, North Africa, Afghanistan & Pakistan",High income,no,10122800,2025,88.18242225,2024,100,2024,,,98.5473403930664,2024,56.2561111450195,2024,ACE-E021,53439DCC54BBBBD43148D1CF1E677BDD2A9676F7714DDE786068A8C7FC8DA8B1,"National average and latest non-null year within 2018-2025; not a language-specific, within-country, rural, disability, affordability, or quality measure. Gross enrollment can exceed 100 percent."
ITA,IT,Italy,Europe & Central Asia,High income,no,58915656,2025,89.2207202,2024,100,2024,99.3499984741211,2019,100.678756713867,2023,75.9496536254883,2023,ACE-E021,53439DCC54BBBBD43148D1CF1E677BDD2A9676F7714DDE786068A8C7FC8DA8B1,"National average and latest non-null year within 2018-2025; not a language-specific, within-country, rural, disability, affordability, or quality measure. Gross enrollment can exceed 100 percent."
JAM,JM,Jamaica,Latin America & Caribbean ,Upper middle income,no,2837077,2025,90.10870361,2024,97.7,2024,,,84.4572372436523,2024,,,ACE-E021,53439DCC54BBBBD43148D1CF1E677BDD2A9676F7714DDE786068A8C7FC8DA8B1,"National average and latest non-null year within 2018-2025; not a language-specific, within-country, rural, disability, affordability, or quality measure. Gross enrollment can exceed 100 percent."
JOR,JO,Jordan,"Middle East, North Africa, Afghanistan & Pakistan",Upper middle income,no,11520684,2025,95.62244985,2024,100,2024,94.4400024414062,2024,91.7518621587381,2024,35.9184001120427,2024,ACE-E021,53439DCC54BBBBD43148D1CF1E677BDD2A9676F7714DDE786068A8C7FC8DA8B1,"National average and latest non-null year within 2018-2025; not a language-specific, within-country, rural, disability, affordability, or quality measure. Gross enrollment can exceed 100 percent."
JPN,JP,Japan,East Asia & Pacific,High income,no,123366734,2025,85.54153081,2024,100,2024,,,101.537071228027,2023,64.4907608032227,2023,ACE-E021,53439DCC54BBBBD43148D1CF1E677BDD2A9676F7714DDE786068A8C7FC8DA8B1,"National average and latest non-null year within 2018-2025; not a language-specific, within-country, rural, disability, affordability, or quality measure. Gross enrollment can exceed 100 percent."
KAZ,KZ,Kazakhstan,Europe & Central Asia,Upper middle income,no,20843754,2025,93.39167254,2024,100,2024,,,97.6167311117902,2025,52.8612860406142,2025,ACE-E021,53439DCC54BBBBD43148D1CF1E677BDD2A9676F7714DDE786068A8C7FC8DA8B1,"National average and latest non-null year within 2018-2025; not a language-specific, within-country, rural, disability, affordability, or quality measure. Gross enrollment can exceed 100 percent."
KEN,KE,Kenya,Sub-Saharan Africa ,Lower middle income,no,57532493,2025,34.97622513,2024,77,2024,,,84.3083880306996,2023,10.4185962462804,2024,ACE-E021,53439DCC54BBBBD43148D1CF1E677BDD2A9676F7714DDE786068A8C7FC8DA8B1,"National average and latest non-null year within 2018-2025; not a language-specific, within-country, rural, disability, affordability, or quality measure. Gross enrollment can exceed 100 percent."
KGZ,KG,Kyrgyz Republic,Europe & Central Asia,Lower middle income,no,7343064,2025,92.0286026,2024,100,2024,,,91.7258848952929,2025,53.8761747562613,2025,ACE-E021,53439DCC54BBBBD43148D1CF1E677BDD2A9676F7714DDE786068A8C7FC8DA8B1,"National average and latest non-null year within 2018-2025; not a language-specific, within-country, rural, disability, affordability, or quality measure. Gross enrollment can exceed 100 percent."
KHM,KH,Cambodia,East Asia & Pacific,Lower middle income,no,17847982,2025,68.47530365,2024,99.2,2024,71.9300003051758,2021,58.7893230437643,2024,21.4437426836662,2024,ACE-E021,53439DCC54BBBBD43148D1CF1E677BDD2A9676F7714DDE786068A8C7FC8DA8B1,"National average and latest non-null year within 2018-2025; not a language-specific, within-country, rural, disability, affordability, or quality measure. Gross enrollment can exceed 100 percent."
KIR,KI,Kiribati,East Asia & Pacific,Lower middle income,no,136488,2025,89.44029999,2024,97.7,2024,98.6079816424987,2020,90.2786712646484,2024,4.96087980270386,2024,ACE-E021,53439DCC54BBBBD43148D1CF1E677BDD2A9676F7714DDE786068A8C7FC8DA8B1,"National average and latest non-null year within 2018-2025; not a language-specific, within-country, rural, disability, affordability, or quality measure. Gross enrollment can exceed 100 percent."
KNA,KN,St. Kitts and Nevis,Latin America & Caribbean ,High income,no,46922,2025,76.88400269,2024,100,2024,,,137.513208876365,2023,,,ACE-E021,53439DCC54BBBBD43148D1CF1E677BDD2A9676F7714DDE786068A8C7FC8DA8B1,"National average and latest non-null year within 2018-2025; not a language-specific, within-country, rural, disability, affordability, or quality measure. Gross enrollment can exceed 100 percent."
KOR,KR,"Korea, Rep.",East Asia & Pacific,High income,no,51684564,2025,97.89563777,2024,100,2024,,,96.2539901733398,2024,111.853302001953,2024,ACE-E021,53439DCC54BBBBD43148D1CF1E677BDD2A9676F7714DDE786068A8C7FC8DA8B1,"National average and latest non-null year within 2018-2025; not a language-specific, within-country, rural, disability, affordability, or quality measure. Gross enrollment can exceed 100 percent."
KWT,KW,Kuwait,"Middle East, North Africa, Afghanistan & Pakistan",High income,no,4865298,2025,100,2025,100,2024,96.4599990844727,2020,,,51.8967176944636,2021,ACE-E021,53439DCC54BBBBD43148D1CF1E677BDD2A9676F7714DDE786068A8C7FC8DA8B1,"National average and latest non-null year within 2018-2025; not a language-specific, within-country, rural, disability, affordability, or quality measure. Gross enrollment can exceed 100 percent."
LAC,XJ,Latin America & Caribbean (excluding high income),Aggregates,Aggregates,yes,626808315,2025,83.6,2025,97.9933011133193,2024,94.7099990844727,2024,97.849609375,2024,56.6634292602539,2024,ACE-E021,53439DCC54BBBBD43148D1CF1E677BDD2A9676F7714DDE786068A8C7FC8DA8B1,"National average and latest non-null year within 2018-2025; not a language-specific, within-country, rural, disability, affordability, or quality measure. Gross enrollment can exceed 100 percent."
LAO,LA,Lao PDR,East Asia & Pacific,Lower middle income,no,7873046,2025,65.59269714,2024,96.5,2024,75.6399993896484,2023,50.5430058959811,2025,14.8841695785522,2023,ACE-E021,53439DCC54BBBBD43148D1CF1E677BDD2A9676F7714DDE786068A8C7FC8DA8B1,"National average and latest non-null year within 2018-2025; not a language-specific, within-country, rural, disability, affordability, or quality measure. Gross enrollment can exceed 100 percent."
LBN,LB,Lebanon,"Middle East, North Africa, Afghanistan & Pakistan",Lower middle income,no,5849421,2025,80.63400269,2024,100,2024,92.0099744752418,2019,63.7923011779785,2024,54.4012561547071,2023,ACE-E021,53439DCC54BBBBD43148D1CF1E677BDD2A9676F7714DDE786068A8C7FC8DA8B1,"National average and latest non-null year within 2018-2025; not a language-specific, within-country, rural, disability, affordability, or quality measure. Gross enrollment can exceed 100 percent."
LBR,LR,Liberia,Sub-Saharan Africa ,Low income,no,5731206,2025,32.23360062,2024,34.9,2024,,,37.7416801452637,2020,,,ACE-E021,53439DCC54BBBBD43148D1CF1E677BDD2A9676F7714DDE786068A8C7FC8DA8B1,"National average and latest non-null year within 2018-2025; not a language-specific, within-country, rural, disability, affordability, or quality measure. Gross enrollment can exceed 100 percent."
LBY,LY,Libya,"Middle East, North Africa, Afghanistan & Pakistan",Upper middle income,no,7458555,2025,81.95449829,2024,77.4,2024,,,,,,,ACE-E021,53439DCC54BBBBD43148D1CF1E677BDD2A9676F7714DDE786068A8C7FC8DA8B1,"National average and latest non-null year within 2018-2025; not a language-specific, within-country, rural, disability, affordability, or quality measure. Gross enrollment can exceed 100 percent."
LCA,LC,St. Lucia,Latin America & Caribbean ,Upper middle income,no,180149,2025,68.20500183,2024,100,2024,,,87.8672424011515,2024,15.0396404266357,2023,ACE-E021,53439DCC54BBBBD43148D1CF1E677BDD2A9676F7714DDE786068A8C7FC8DA8B1,"National average and latest non-null year within 2018-2025; not a language-specific, within-country, rural, disability, affordability, or quality measure. Gross enrollment can exceed 100 percent."
LCN,ZJ,Latin America & Caribbean,Aggregates,Aggregates,yes,666592570,2025,83.7,2025,98.0459111591331,2024,94.9499969482422,2024,98.0161209106445,2024,58.9027099609375,2024,ACE-E021,53439DCC54BBBBD43148D1CF1E677BDD2A9676F7714DDE786068A8C7FC8DA8B1,"National average and latest non-null year within 2018-2025; not a language-specific, within-country, rural, disability, affordability, or quality measure. Gross enrollment can exceed 100 percent."
LDC,XL,Least developed countries: UN classification,Aggregates,Aggregates,yes,1214167506,2025,33.7,2025,60.3676703753846,2024,68.3199996948242,2024,46.8867797851562,2024,11.0492496490478,2024,ACE-E021,53439DCC54BBBBD43148D1CF1E677BDD2A9676F7714DDE786068A8C7FC8DA8B1,"National average and latest non-null year within 2018-2025; not a language-specific, within-country, rural, disability, affordability, or quality measure. Gross enrollment can exceed 100 percent."
LIE,LI,Liechtenstein,Europe & Central Asia,High income,no,41024,2025,98.2641983,2024,100,2024,,,118.726867675781,2021,46.0189590454102,2021,ACE-E021,53439DCC54BBBBD43148D1CF1E677BDD2A9676F7714DDE786068A8C7FC8DA8B1,"National average and latest non-null year within 2018-2025; not a language-specific, within-country, rural, disability, affordability, or quality measure. Gross enrollment can exceed 100 percent."
LKA,LK,Sri Lanka,South Asia,Upper middle income,no,21756000,2025,54.59,2024,100,2024,92.7399978637695,2024,87.9534065332114,2023,20.7412633848006,2023,ACE-E021,53439DCC54BBBBD43148D1CF1E677BDD2A9676F7714DDE786068A8C7FC8DA8B1,"National average and latest non-null year within 2018-2025; not a language-specific, within-country, rural, disability, affordability, or quality measure. Gross enrollment can exceed 100 percent."
LMY,XO,Low & middle income,Aggregates,Aggregates,yes,6791684991,2025,,,90.2581392015093,2024,85.6699981689453,2024,73.9114227294922,2024,38.7901611328125,2024,ACE-E021,53439DCC54BBBBD43148D1CF1E677BDD2A9676F7714DDE786068A8C7FC8DA8B1,"National average and latest non-null year within 2018-2025; not a language-specific, within-country, rural, disability, affordability, or quality measure. Gross enrollment can exceed 100 percent."
LSO,LS,Lesotho,Sub-Saharan Africa ,Lower middle income,no,2363325,2025,51.79660034,2024,60.6,2024,90.4499969482422,2024,,,9.93844298033582,2018,ACE-E021,53439DCC54BBBBD43148D1CF1E677BDD2A9676F7714DDE786068A8C7FC8DA8B1,"National average and latest non-null year within 2018-2025; not a language-specific, within-country, rural, disability, affordability, or quality measure. Gross enrollment can exceed 100 percent."
LTE,V3,Late-demographic dividend,Aggregates,Aggregates,yes,2330425681,2025,,,99.5003821979258,2024,96.8499984741211,2024,94.1665420532227,2024,69.3638916015625,2024,ACE-E021,53439DCC54BBBBD43148D1CF1E677BDD2A9676F7714DDE786068A8C7FC8DA8B1,"National average and latest non-null year within 2018-2025; not a language-specific, within-country, rural, disability, affordability, or quality measure. Gross enrollment can exceed 100 percent."
LTU,LT,Lithuania,Europe & Central Asia,High income,no,2888774,2025,89.16116293,2024,100,2024,,,104.860809326172,2024,75.6177368164062,2024,ACE-E021,53439DCC54BBBBD43148D1CF1E677BDD2A9676F7714DDE786068A8C7FC8DA8B1,"National average and latest non-null year within 2018-2025; not a language-specific, within-country, rural, disability, affordability, or quality measure. Gross enrollment can exceed 100 percent."
LUX,LU,Luxembourg,Europe & Central Asia,High income,no,686970,2025,99.12902211,2025,100,2024,,,108.577438354492,2024,22.4103698730469,2024,ACE-E021,53439DCC54BBBBD43148D1CF1E677BDD2A9676F7714DDE786068A8C7FC8DA8B1,"National average and latest non-null year within 2018-2025; not a language-specific, within-country, rural, disability, affordability, or quality measure. Gross enrollment can exceed 100 percent."
LVA,LV,Latvia,Europe & Central Asia,High income,no,1847785,2025,92.70757011,2024,100,2024,,,101.252647399902,2024,82.917350769043,2024,ACE-E021,53439DCC54BBBBD43148D1CF1E677BDD2A9676F7714DDE786068A8C7FC8DA8B1,"National average and latest non-null year within 2018-2025; not a language-specific, within-country, rural, disability, affordability, or quality measure. Gross enrollment can exceed 100 percent."
MAC,MO,"Macao SAR, China",East Asia & Pacific,High income,no,685900,2025,89.82640076,2024,100,2024,,,94.6616766467066,2024,141.864795918367,2024,ACE-E021,53439DCC54BBBBD43148D1CF1E677BDD2A9676F7714DDE786068A8C7FC8DA8B1,"National average and latest non-null year within 2018-2025; not a language-specific, within-country, rural, disability, affordability, or quality measure. Gross enrollment can exceed 100 percent."
MAF,MF,St. Martin (French part),Latin America & Caribbean ,High income,no,24941,2025,,,100,2024,,,,,,,ACE-E021,53439DCC54BBBBD43148D1CF1E677BDD2A9676F7714DDE786068A8C7FC8DA8B1,"National average and latest non-null year within 2018-2025; not a language-specific, within-country, rural, disability, affordability, or quality measure. Gross enrollment can exceed 100 percent."
MAR,MA,Morocco,"Middle East, North Africa, Afghanistan & Pakistan",Lower middle income,no,38430770,2025,91.2,2024,100,2024,,,89.9834863018408,2024,48.1839617510572,2024,ACE-E021,53439DCC54BBBBD43148D1CF1E677BDD2A9676F7714DDE786068A8C7FC8DA8B1,"National average and latest non-null year within 2018-2025; not a language-specific, within-country, rural, disability, affordability, or quality measure. Gross enrollment can exceed 100 percent."
MCO,MC,Monaco,Europe & Central Asia,High income,no,38341,2025,99.04489899,2024,100,2024,,,158.546615600586,2024,77.4806900024414,2024,ACE-E021,53439DCC54BBBBD43148D1CF1E677BDD2A9676F7714DDE786068A8C7FC8DA8B1,"National average and latest non-null year within 2018-2025; not a language-specific, within-country, rural, disability, affordability, or quality measure. Gross enrollment can exceed 100 percent."
MDA,MD,Moldova,Europe & Central Asia,Upper middle income,no,2360527,2025,77.3687973,2024,100,2024,,,99.3439166347193,2024,74.7109378669046,2024,ACE-E021,53439DCC54BBBBD43148D1CF1E677BDD2A9676F7714DDE786068A8C7FC8DA8B1,"National average and latest non-null year within 2018-2025; not a language-specific, within-country, rural, disability, affordability, or quality measure. Gross enrollment can exceed 100 percent."
MDG,MG,Madagascar,Sub-Saharan Africa ,Low income,no,32740678,2025,18.67790031,2024,42.5,2024,74.6900024414062,2021,34.1320359801924,2021,6.1466638463036,2023,ACE-E021,53439DCC54BBBBD43148D1CF1E677BDD2A9676F7714DDE786068A8C7FC8DA8B1,"National average and latest non-null year within 2018-2025; not a language-specific, within-country, rural, disability, affordability, or quality measure. Gross enrollment can exceed 100 percent."
MDV,MV,Maldives,South Asia,Upper middle income,no,529676,2025,85.23999786,2024,100,2024,98.2099990844727,2019,79.3565296847573,2023,48.4968654322788,2022,ACE-E021,53439DCC54BBBBD43148D1CF1E677BDD2A9676F7714DDE786068A8C7FC8DA8B1,"National average and latest non-null year within 2018-2025; not a language-specific, within-country, rural, disability, affordability, or quality measure. Gross enrollment can exceed 100 percent."
MEA,ZQ,"Middle East, North Africa, Afghanistan & Pakistan",Aggregates,Aggregates,yes,828025185,2025,63.7,2025,96.7736884722286,2024,75.5899963378906,2024,65.7879486083984,2024,29.6833095550537,2024,ACE-E021,53439DCC54BBBBD43148D1CF1E677BDD2A9676F7714DDE786068A8C7FC8DA8B1,"National average and latest non-null year within 2018-2025; not a language-specific, within-country, rural, disability, affordability, or quality measure. Gross enrollment can exceed 100 percent."
MEX,MX,Mexico,Latin America & Caribbean ,Upper middle income,no,131946900,2025,83.12233799,2024,99.8,2024,95.5500030517578,2024,103.093322753906,2024,48.203441619873,2024,ACE-E021,53439DCC54BBBBD43148D1CF1E677BDD2A9676F7714DDE786068A8C7FC8DA8B1,"National average and latest non-null year within 2018-2025; not a language-specific, within-country, rural, disability, affordability, or quality measure. Gross enrollment can exceed 100 percent."
MHL,MH,Marshall Islands,East Asia & Pacific,Upper middle income,no,36282,2025,65.915802,2024,97.2,2024,95.7629302411191,2021,85.7558637219654,2024,37.6853055916775,2024,ACE-E021,53439DCC54BBBBD43148D1CF1E677BDD2A9676F7714DDE786068A8C7FC8DA8B1,"National average and latest non-null year within 2018-2025; not a language-specific, within-country, rural, disability, affordability, or quality measure. Gross enrollment can exceed 100 percent."
MIC,XP,Middle income,Aggregates,Aggregates,yes,6024194822,2025,,,95.4429311855908,2024,87.8000030517578,2024,79.1449584960938,2024,43.2768402099609,2024,ACE-E021,53439DCC54BBBBD43148D1CF1E677BDD2A9676F7714DDE786068A8C7FC8DA8B1,"National average and latest non-null year within 2018-2025; not a language-specific, within-country, rural, disability, affordability, or quality measure. Gross enrollment can exceed 100 percent."
MKD,MK,North Macedonia,Europe & Central Asia,Upper middle income,no,1820909,2025,93.1,2025,100,2024,,,90.0724868774414,2023,55.0082015991211,2023,ACE-E021,53439DCC54BBBBD43148D1CF1E677BDD2A9676F7714DDE786068A8C7FC8DA8B1,"National average and latest non-null year within 2018-2025; not a language-specific, within-country, rural, disability, affordability, or quality measure. Gross enrollment can exceed 100 percent."
MLI,ML,Mali,Sub-Saharan Africa ,Low income,no,25198821,2025,36.80149841,2024,49.5,2024,35.6300010681152,2024,38.9389470920545,2023,,,ACE-E021,53439DCC54BBBBD43148D1CF1E677BDD2A9676F7714DDE786068A8C7FC8DA8B1,"National average and latest non-null year within 2018-2025; not a language-specific, within-country, rural, disability, affordability, or quality measure. Gross enrollment can exceed 100 percent."
MLT,MT,Malta,"Middle East, North Africa, Afghanistan & Pakistan",High income,no,579704,2025,93.86029816,2024,100,2024,,,103.027229309082,2023,80.5250091552734,2023,ACE-E021,53439DCC54BBBBD43148D1CF1E677BDD2A9676F7714DDE786068A8C7FC8DA8B1,"National average and latest non-null year within 2018-2025; not a language-specific, within-country, rural, disability, affordability, or quality measure. Gross enrollment can exceed 100 percent."
MMR,MM,Myanmar,East Asia & Pacific,Lower middle income,no,54850648,2025,45.4477005,2020,80.4,2024,93.527395549521,2020,77.0191497802734,2018,20.3723297119141,2018,ACE-E021,53439DCC54BBBBD43148D1CF1E677BDD2A9676F7714DDE786068A8C7FC8DA8B1,"National average and latest non-null year within 2018-2025; not a language-specific, within-country, rural, disability, affordability, or quality measure. Gross enrollment can exceed 100 percent."
MNA,XQ,"Middle East, North Africa, Afghanistan & Pakistan (excluding high income)",Aggregates,Aggregates,yes,753903407,2025,0,2025,96.4627415717196,2024,,,,,,,ACE-E021,53439DCC54BBBBD43148D1CF1E677BDD2A9676F7714DDE786068A8C7FC8DA8B1,"National average and latest non-null year within 2018-2025; not a language-specific, within-country, rural, disability, affordability, or quality measure. Gross enrollment can exceed 100 percent."
MNE,ME,Montenegro,Europe & Central Asia,Upper middle income,no,623129,2025,88.88258428,2024,100,2024,98.5299987792969,2018,93.8724975585938,2023,55.1743011474609,2023,ACE-E021,53439DCC54BBBBD43148D1CF1E677BDD2A9676F7714DDE786068A8C7FC8DA8B1,"National average and latest non-null year within 2018-2025; not a language-specific, within-country, rural, disability, affordability, or quality measure. Gross enrollment can exceed 100 percent."
MNG,MN,Mongolia,East Asia & Pacific,Upper middle income,no,3568978,2025,85.12349701,2024,99.1,2024,98.6399993896484,2024,96.8181201904352,2023,69.044059753418,2024,ACE-E021,53439DCC54BBBBD43148D1CF1E677BDD2A9676F7714DDE786068A8C7FC8DA8B1,"National average and latest non-null year within 2018-2025; not a language-specific, within-country, rural, disability, affordability, or quality measure. Gross enrollment can exceed 100 percent."
MNP,MP,Northern Mariana Islands,East Asia & Pacific,High income,no,43541,2025,,,100,2024,,,,,,,ACE-E021,53439DCC54BBBBD43148D1CF1E677BDD2A9676F7714DDE786068A8C7FC8DA8B1,"National average and latest non-null year within 2018-2025; not a language-specific, within-country, rural, disability, affordability, or quality measure. Gross enrollment can exceed 100 percent."
MOZ,MZ,Mozambique,Sub-Saharan Africa ,Low income,no,35631653,2025,20.52729988,2024,36.9,2024,61.6653441678133,2022,,,7.4630510423433,2018,ACE-E021,53439DCC54BBBBD43148D1CF1E677BDD2A9676F7714DDE786068A8C7FC8DA8B1,"National average and latest non-null year within 2018-2025; not a language-specific, within-country, rural, disability, affordability, or quality measure. Gross enrollment can exceed 100 percent."
MRT,MR,Mauritania,Sub-Saharan Africa ,Lower middle income,no,5315065,2025,45.77939987,2024,52.2,2024,59.5299987792969,2020,36.0277030077074,2020,5.97194330025359,2020,ACE-E021,53439DCC54BBBBD43148D1CF1E677BDD2A9676F7714DDE786068A8C7FC8DA8B1,"National average and latest non-null year within 2018-2025; not a language-specific, within-country, rural, disability, affordability, or quality measure. Gross enrollment can exceed 100 percent."
MUS,MU,Mauritius,Sub-Saharan Africa ,Upper middle income,no,1243741,2025,73.30793533,2024,100,2024,94.2877776512134,2023,90.7246586359898,2024,45.7771156388358,2024,ACE-E021,53439DCC54BBBBD43148D1CF1E677BDD2A9676F7714DDE786068A8C7FC8DA8B1,"National average and latest non-null year within 2018-2025; not a language-specific, within-country, rural, disability, affordability, or quality measure. Gross enrollment can exceed 100 percent."
MWI,MW,Malawi,Sub-Saharan Africa ,Low income,no,22216120,2025,18.96159935,2024,15.6,2024,70.1500015258789,2020,36.644092994481,2023,2.70813684546823,2022,ACE-E021,53439DCC54BBBBD43148D1CF1E677BDD2A9676F7714DDE786068A8C7FC8DA8B1,"National average and latest non-null year within 2018-2025; not a language-specific, within-country, rural, disability, affordability, or quality measure. Gross enrollment can exceed 100 percent."
MYS,MY,Malaysia,East Asia & Pacific,Upper middle income,no,35977838,2025,98.0206059,2024,100,2024,95.7699966430664,2022,80.2757406864183,2024,38.5013945445142,2024,ACE-E021,53439DCC54BBBBD43148D1CF1E677BDD2A9676F7714DDE786068A8C7FC8DA8B1,"National average and latest non-null year within 2018-2025; not a language-specific, within-country, rural, disability, affordability, or quality measure. Gross enrollment can exceed 100 percent."
NAC,XU,North America,Aggregates,Aggregates,yes,383501065,2025,95.6,2025,100,2024,98.7900009155273,2022,98.0855178833008,2024,79.0441970825195,2024,ACE-E021,53439DCC54BBBBD43148D1CF1E677BDD2A9676F7714DDE786068A8C7FC8DA8B1,"National average and latest non-null year within 2018-2025; not a language-specific, within-country, rural, disability, affordability, or quality measure. Gross enrollment can exceed 100 percent."
NAM,NA,Namibia,Sub-Saharan Africa ,Lower middle income,no,3092816,2025,64.87460327,2024,59.3,2024,87.6399993896484,2023,81.9566828199727,2024,26.1092654658031,2022,ACE-E021,53439DCC54BBBBD43148D1CF1E677BDD2A9676F7714DDE786068A8C7FC8DA8B1,"National average and latest non-null year within 2018-2025; not a language-specific, within-country, rural, disability, affordability, or quality measure. Gross enrollment can exceed 100 percent."
NCL,NC,New Caledonia,East Asia & Pacific,High income,no,295333,2025,,,100,2024,,,,,,,ACE-E021,53439DCC54BBBBD43148D1CF1E677BDD2A9676F7714DDE786068A8C7FC8DA8B1,"National average and latest non-null year within 2018-2025; not a language-specific, within-country, rural, disability, affordability, or quality measure. Gross enrollment can exceed 100 percent."
NER,NE,Niger,Sub-Saharan Africa ,Low income,no,27917831,2025,15.55760002,2024,21.3,2024,35.6100006103516,2022,19.8664761204349,2024,4.15170730347346,2019,ACE-E021,53439DCC54BBBBD43148D1CF1E677BDD2A9676F7714DDE786068A8C7FC8DA8B1,"National average and latest non-null year within 2018-2025; not a language-specific, within-country, rural, disability, affordability, or quality measure. Gross enrollment can exceed 100 percent."
NGA,NG,Nigeria,Sub-Saharan Africa ,Lower middle income,no,237527782,2025,41.21139908,2024,62.5,2024,70.4100036621094,2024,46.8931503295898,2023,,,ACE-E021,53439DCC54BBBBD43148D1CF1E677BDD2A9676F7714DDE786068A8C7FC8DA8B1,"National average and latest non-null year within 2018-2025; not a language-specific, within-country, rural, disability, affordability, or quality measure. Gross enrollment can exceed 100 percent."
NIC,NI,Nicaragua,Latin America & Caribbean ,Lower middle income,no,7007502,2025,61.39550018,2024,88.7,2024,,,70.1749572753906,2023,30.3635101318359,2023,ACE-E021,53439DCC54BBBBD43148D1CF1E677BDD2A9676F7714DDE786068A8C7FC8DA8B1,"National average and latest non-null year within 2018-2025; not a language-specific, within-country, rural, disability, affordability, or quality measure. Gross enrollment can exceed 100 percent."
NLD,NL,Netherlands,Europe & Central Asia,High income,no,18087633,2025,97.00679779,2024,100,2024,,,137.514724731445,2023,86.5938262939453,2023,ACE-E021,53439DCC54BBBBD43148D1CF1E677BDD2A9676F7714DDE786068A8C7FC8DA8B1,"National average and latest non-null year within 2018-2025; not a language-specific, within-country, rural, disability, affordability, or quality measure. Gross enrollment can exceed 100 percent."
NOR,NO,Norway,Europe & Central Asia,High income,no,5610870,2025,99,2024,100,2024,,,116.254272460938,2024,95.4987564086914,2024,ACE-E021,53439DCC54BBBBD43148D1CF1E677BDD2A9676F7714DDE786068A8C7FC8DA8B1,"National average and latest non-null year within 2018-2025; not a language-specific, within-country, rural, disability, affordability, or quality measure. Gross enrollment can exceed 100 percent."
NPL,NP,Nepal,South Asia,Lower middle income,no,29618118,2025,46.32189941,2024,97.9,2024,68.7099990844727,2019,90.3878462155916,2024,21.2915596292014,2024,ACE-E021,53439DCC54BBBBD43148D1CF1E677BDD2A9676F7714DDE786068A8C7FC8DA8B1,"National average and latest non-null year within 2018-2025; not a language-specific, within-country, rural, disability, affordability, or quality measure. Gross enrollment can exceed 100 percent."
NRU,NR,Naoero,East Asia & Pacific,High income,no,12025,2025,83.01170349,2024,100,2024,96.5899963378906,2023,94.5299147867543,2025,,,ACE-E021,53439DCC54BBBBD43148D1CF1E677BDD2A9676F7714DDE786068A8C7FC8DA8B1,"National average and latest non-null year within 2018-2025; not a language-specific, within-country, rural, disability, affordability, or quality measure. Gross enrollment can exceed 100 percent."
NZL,NZ,New Zealand,East Asia & Pacific,High income,no,5324700,2025,93.51930237,2024,100,2024,,,114.231056213379,2024,77.2406463623047,2024,ACE-E021,53439DCC54BBBBD43148D1CF1E677BDD2A9676F7714DDE786068A8C7FC8DA8B1,"National average and latest non-null year within 2018-2025; not a language-specific, within-country, rural, disability, affordability, or quality measure. Gross enrollment can exceed 100 percent."
OED,OE,OECD members,Aggregates,Aggregates,yes,1402243571,2025,,,99.9247308566563,2024,97.2099990844727,2020,105.364547729492,2024,78.6357879638672,2024,ACE-E021,53439DCC54BBBBD43148D1CF1E677BDD2A9676F7714DDE786068A8C7FC8DA8B1,"National average and latest non-null year within 2018-2025; not a language-specific, within-country, rural, disability, affordability, or quality measure. Gross enrollment can exceed 100 percent."
OMN,OM,Oman,"Middle East, North Africa, Afghanistan & Pakistan",High income,no,5494691,2025,95.25174678,2024,100,2024,97.3399963378906,2022,95.1220397949219,2024,42.226921081543,2024,ACE-E021,53439DCC54BBBBD43148D1CF1E677BDD2A9676F7714DDE786068A8C7FC8DA8B1,"National average and latest non-null year within 2018-2025; not a language-specific, within-country, rural, disability, affordability, or quality measure. Gross enrollment can exceed 100 percent."
OSS,S4,Other small states,Aggregates,Aggregates,yes,13034928,2025,,,94.5434268711783,2024,87.120002746582,2024,73.5171127319336,2022,22.5716896057129,2024,ACE-E021,53439DCC54BBBBD43148D1CF1E677BDD2A9676F7714DDE786068A8C7FC8DA8B1,"National average and latest non-null year within 2018-2025; not a language-specific, within-country, rural, disability, affordability, or quality measure. Gross enrollment can exceed 100 percent."
PAK,PK,Pakistan,"Middle East, North Africa, Afghanistan & Pakistan",Lower middle income,no,255219554,2025,57.253,2024,95.7,2024,58.8600006103516,2021,48.2805022055997,2024,10.8564126844434,2024,ACE-E021,53439DCC54BBBBD43148D1CF1E677BDD2A9676F7714DDE786068A8C7FC8DA8B1,"National average and latest non-null year within 2018-2025; not a language-specific, within-country, rural, disability, affordability, or quality measure. Gross enrollment can exceed 100 percent."
PAN,PA,Panama,Latin America & Caribbean ,High income,no,4571189,2025,72.77149963,2024,96,2024,96.2276533152296,2024,,,53.6949637061742,2023,ACE-E021,53439DCC54BBBBD43148D1CF1E677BDD2A9676F7714DDE786068A8C7FC8DA8B1,"National average and latest non-null year within 2018-2025; not a language-specific, within-country, rural, disability, affordability, or quality measure. Gross enrollment can exceed 100 percent."
PER,PE,Peru,Latin America & Caribbean ,Upper middle income,no,34576665,2025,81.95705992,2024,96.5,2024,93.6600036621094,2024,108.289047241211,2024,,,ACE-E021,53439DCC54BBBBD43148D1CF1E677BDD2A9676F7714DDE786068A8C7FC8DA8B1,"National average and latest non-null year within 2018-2025; not a language-specific, within-country, rural, disability, affordability, or quality measure. Gross enrollment can exceed 100 percent."
PHL,PH,Philippines,East Asia & Pacific,Upper middle income,no,116786962,2025,67.26300914,2024,94.8,2024,98.4700012207031,2020,85.2945085684493,2024,47.4134996154186,2024,ACE-E021,53439DCC54BBBBD43148D1CF1E677BDD2A9676F7714DDE786068A8C7FC8DA8B1,"National average and latest non-null year within 2018-2025; not a language-specific, within-country, rural, disability, affordability, or quality measure. Gross enrollment can exceed 100 percent."
PLW,PW,Palau,East Asia & Pacific,High income,no,17663,2025,83.92549896,2024,100,2024,99.8448081264108,2020,95.7270847691247,2024,71.8428437792329,2024,ACE-E021,53439DCC54BBBBD43148D1CF1E677BDD2A9676F7714DDE786068A8C7FC8DA8B1,"National average and latest non-null year within 2018-2025; not a language-specific, within-country, rural, disability, affordability, or quality measure. Gross enrollment can exceed 100 percent."
PNG,PG,Papua New Guinea,East Asia & Pacific,Lower middle income,no,10762817,2025,18.81159973,2024,43.3,2024,87.0046890533686,2022,52.0929750873194,2023,,,ACE-E021,53439DCC54BBBBD43148D1CF1E677BDD2A9676F7714DDE786068A8C7FC8DA8B1,"National average and latest non-null year within 2018-2025; not a language-specific, within-country, rural, disability, affordability, or quality measure. Gross enrollment can exceed 100 percent."
POL,PL,Poland,Europe & Central Asia,High income,no,36435861,2025,88.58496367,2024,100,2024,,,107.881309509277,2024,80.9149627685547,2024,ACE-E021,53439DCC54BBBBD43148D1CF1E677BDD2A9676F7714DDE786068A8C7FC8DA8B1,"National average and latest non-null year within 2018-2025; not a language-specific, within-country, rural, disability, affordability, or quality measure. Gross enrollment can exceed 100 percent."
PRE,V1,Pre-demographic dividend,Aggregates,Aggregates,yes,1133132223,2025,,,54.321949964552,2024,67.7200012207031,2024,44.7690887451172,2024,8.72068023681641,2021,ACE-E021,53439DCC54BBBBD43148D1CF1E677BDD2A9676F7714DDE786068A8C7FC8DA8B1,"National average and latest non-null year within 2018-2025; not a language-specific, within-country, rural, disability, affordability, or quality measure. Gross enrollment can exceed 100 percent."
PRI,PR,Puerto Rico (US),Latin America & Caribbean ,High income,no,3184835,2025,87.29178106,2022,100,2024,,,81.4824139700154,2024,77.9263575380698,2023,ACE-E021,53439DCC54BBBBD43148D1CF1E677BDD2A9676F7714DDE786068A8C7FC8DA8B1,"National average and latest non-null year within 2018-2025; not a language-specific, within-country, rural, disability, affordability, or quality measure. Gross enrollment can exceed 100 percent."
PRK,KP,"Korea, Dem. People's Rep.",East Asia & Pacific,Low income,no,26571036,2025,,,61.4,2024,,,,,26.7206192016602,2018,ACE-E021,53439DCC54BBBBD43148D1CF1E677BDD2A9676F7714DDE786068A8C7FC8DA8B1,"National average and latest non-null year within 2018-2025; not a language-specific, within-country, rural, disability, affordability, or quality measure. Gross enrollment can exceed 100 percent."
PRT,PT,Portugal,Europe & Central Asia,High income,no,10804871,2025,88.48704454,2024,100,2024,,,120.347076416016,2023,77.6778182983398,2023,ACE-E021,53439DCC54BBBBD43148D1CF1E677BDD2A9676F7714DDE786068A8C7FC8DA8B1,"National average and latest non-null year within 2018-2025; not a language-specific, within-country, rural, disability, affordability, or quality measure. Gross enrollment can exceed 100 percent."
PRY,PY,Paraguay,Latin America & Caribbean ,Upper middle income,no,7013078,2025,81.57806793,2024,99.8,2024,94.8600006103516,2024,79.1305613911018,2024,,,ACE-E021,53439DCC54BBBBD43148D1CF1E677BDD2A9676F7714DDE786068A8C7FC8DA8B1,"National average and latest non-null year within 2018-2025; not a language-specific, within-country, rural, disability, affordability, or quality measure. Gross enrollment can exceed 100 percent."
PSE,PS,West Bank and Gaza,"Middle East, North Africa, Afghanistan & Pakistan",Lower middle income,no,5413596,2025,86.63765334,2023,100,2024,97.9389541214558,2024,89.1210984011759,2023,44.4904623709098,2023,ACE-E021,53439DCC54BBBBD43148D1CF1E677BDD2A9676F7714DDE786068A8C7FC8DA8B1,"National average and latest non-null year within 2018-2025; not a language-specific, within-country, rural, disability, affordability, or quality measure. Gross enrollment can exceed 100 percent."
PSS,S2,Pacific island small states,Aggregates,Aggregates,yes,2755649,2025,,,88.2672275917394,2024,,,83.7621612548828,2024,29.3007507324219,2024,ACE-E021,53439DCC54BBBBD43148D1CF1E677BDD2A9676F7714DDE786068A8C7FC8DA8B1,"National average and latest non-null year within 2018-2025; not a language-specific, within-country, rural, disability, affordability, or quality measure. Gross enrollment can exceed 100 percent."
PST,V4,Post-demographic dividend,Aggregates,Aggregates,yes,1132621782,2025,,,100,2024,,,103.438346862793,2024,80.2341079711914,2024,ACE-E021,53439DCC54BBBBD43148D1CF1E677BDD2A9676F7714DDE786068A8C7FC8DA8B1,"National average and latest non-null year within 2018-2025; not a language-specific, within-country, rural, disability, affordability, or quality measure. Gross enrollment can exceed 100 percent."
PYF,PF,French Polynesia,East Asia & Pacific,High income,no,282465,2025,,,100,2024,,,,,,,ACE-E021,53439DCC54BBBBD43148D1CF1E677BDD2A9676F7714DDE786068A8C7FC8DA8B1,"National average and latest non-null year within 2018-2025; not a language-specific, within-country, rural, disability, affordability, or quality measure. Gross enrollment can exceed 100 percent."
QAT,QA,Qatar,"Middle East, North Africa, Afghanistan & Pakistan",High income,no,2972215,2025,98.08540344,2024,100,2024,,,99.578857421875,2024,43.0178909301758,2024,ACE-E021,53439DCC54BBBBD43148D1CF1E677BDD2A9676F7714DDE786068A8C7FC8DA8B1,"National average and latest non-null year within 2018-2025; not a language-specific, within-country, rural, disability, affordability, or quality measure. Gross enrollment can exceed 100 percent."
ROU,RO,Romania,Europe & Central Asia,High income,no,19020271,2025,91.29048551,2024,100,2024,99.1600036621094,2021,81.6316070556641,2023,55.1682891845703,2023,ACE-E021,53439DCC54BBBBD43148D1CF1E677BDD2A9676F7714DDE786068A8C7FC8DA8B1,"National average and latest non-null year within 2018-2025; not a language-specific, within-country, rural, disability, affordability, or quality measure. Gross enrollment can exceed 100 percent."
RUS,RU,Russian Federation,Europe & Central Asia,High income,no,143513328,2025,94.36495368,2024,100,2024,99.9300003051758,2021,92.4840470838527,2023,60.3891235376867,2024,ACE-E021,53439DCC54BBBBD43148D1CF1E677BDD2A9676F7714DDE786068A8C7FC8DA8B1,"National average and latest non-null year within 2018-2025; not a language-specific, within-country, rural, disability, affordability, or quality measure. Gross enrollment can exceed 100 percent."
RWA,RW,Rwanda,Sub-Saharan Africa ,Low income,no,14569341,2025,31.70330048,2024,72,2024,78.7600021362305,2022,48.790277194547,2024,9.41173924647801,2024,ACE-E021,53439DCC54BBBBD43148D1CF1E677BDD2A9676F7714DDE786068A8C7FC8DA8B1,"National average and latest non-null year within 2018-2025; not a language-specific, within-country, rural, disability, affordability, or quality measure. Gross enrollment can exceed 100 percent."
SAS,8S,South Asia,Aggregates,Aggregates,yes,1692252900,2025,67.8,2025,99.8246424902051,2024,78.2300033569336,2024,76.874153137207,2024,32.7833213806152,2024,ACE-E021,53439DCC54BBBBD43148D1CF1E677BDD2A9676F7714DDE786068A8C7FC8DA8B1,"National average and latest non-null year within 2018-2025; not a language-specific, within-country, rural, disability, affordability, or quality measure. Gross enrollment can exceed 100 percent."
SAU,SA,Saudi Arabia,"Middle East, North Africa, Afghanistan & Pakistan",High income,no,36973555,2025,100,2024,100,2024,97.9300003051758,2024,110.66346516974,2024,83.884129573915,2024,ACE-E021,53439DCC54BBBBD43148D1CF1E677BDD2A9676F7714DDE786068A8C7FC8DA8B1,"National average and latest non-null year within 2018-2025; not a language-specific, within-country, rural, disability, affordability, or quality measure. Gross enrollment can exceed 100 percent."
SDN,SD,Sudan,Sub-Saharan Africa ,Low income,no,51662147,2025,,,66,2024,,,43.5378608703613,2019,,,ACE-E021,53439DCC54BBBBD43148D1CF1E677BDD2A9676F7714DDE786068A8C7FC8DA8B1,"National average and latest non-null year within 2018-2025; not a language-specific, within-country, rural, disability, affordability, or quality measure. Gross enrollment can exceed 100 percent."
SEN,SN,Senegal,Sub-Saharan Africa ,Lower middle income,no,18931966,2025,60.11780167,2024,82.9,2024,50.3600006103516,2023,44.0673682244069,2023,15.3302400879779,2024,ACE-E021,53439DCC54BBBBD43148D1CF1E677BDD2A9676F7714DDE786068A8C7FC8DA8B1,"National average and latest non-null year within 2018-2025; not a language-specific, within-country, rural, disability, affordability, or quality measure. Gross enrollment can exceed 100 percent."
SGP,SG,Singapore,East Asia & Pacific,High income,no,6111175,2025,94.37757178,2024,100,2024,97.6500015258789,2021,103.082801906213,2023,97.2886546863037,2023,ACE-E021,53439DCC54BBBBD43148D1CF1E677BDD2A9676F7714DDE786068A8C7FC8DA8B1,"National average and latest non-null year within 2018-2025; not a language-specific, within-country, rural, disability, affordability, or quality measure. Gross enrollment can exceed 100 percent."
SLB,SB,Solomon Islands,East Asia & Pacific,Lower middle income,no,838645,2025,29.04070091,2024,81.5,2024,,,,,,,ACE-E021,53439DCC54BBBBD43148D1CF1E677BDD2A9676F7714DDE786068A8C7FC8DA8B1,"National average and latest non-null year within 2018-2025; not a language-specific, within-country, rural, disability, affordability, or quality measure. Gross enrollment can exceed 100 percent."
SLE,SL,Sierra Leone,Sub-Saharan Africa ,Low income,no,8819794,2025,25.10499954,2024,39.2,2024,43.5800018310547,2019,86.9079513549805,2023,,,ACE-E021,53439DCC54BBBBD43148D1CF1E677BDD2A9676F7714DDE786068A8C7FC8DA8B1,"National average and latest non-null year within 2018-2025; not a language-specific, within-country, rural, disability, affordability, or quality measure. Gross enrollment can exceed 100 percent."
SLV,SV,El Salvador,Latin America & Caribbean ,Upper middle income,no,6365503,2025,66.47769928,2024,98.7,2024,89.7699966430664,2024,62.1425847697468,2024,32.8347079463918,2024,ACE-E021,53439DCC54BBBBD43148D1CF1E677BDD2A9676F7714DDE786068A8C7FC8DA8B1,"National average and latest non-null year within 2018-2025; not a language-specific, within-country, rural, disability, affordability, or quality measure. Gross enrollment can exceed 100 percent."
SMR,SM,San Marino,Europe & Central Asia,High income,no,34109,2025,97.35220337,2024,100,2024,99.9100036621094,2022,60.3746397694525,2024,57.5487465181059,2024,ACE-E021,53439DCC54BBBBD43148D1CF1E677BDD2A9676F7714DDE786068A8C7FC8DA8B1,"National average and latest non-null year within 2018-2025; not a language-specific, within-country, rural, disability, affordability, or quality measure. Gross enrollment can exceed 100 percent."
SOM,SO,"Somalia, Fed. Rep.",Sub-Saharan Africa ,Low income,no,19654739,2025,27.94020081,2024,54.4,2024,54.1199989318848,2022,3.34785008430481,2023,,,ACE-E021,53439DCC54BBBBD43148D1CF1E677BDD2A9676F7714DDE786068A8C7FC8DA8B1,"National average and latest non-null year within 2018-2025; not a language-specific, within-country, rural, disability, affordability, or quality measure. Gross enrollment can exceed 100 percent."
SRB,RS,Serbia,Europe & Central Asia,Upper middle income,no,6549143,2025,87.69071294,2024,100,2024,99.3399963378906,2022,89.8402786254883,2024,70.582649230957,2024,ACE-E021,53439DCC54BBBBD43148D1CF1E677BDD2A9676F7714DDE786068A8C7FC8DA8B1,"National average and latest non-null year within 2018-2025; not a language-specific, within-country, rural, disability, affordability, or quality measure. Gross enrollment can exceed 100 percent."
SSA,ZF,Sub-Saharan Africa (excluding high income),Aggregates,Aggregates,yes,1321531487,2025,36.5,2025,55.1061307522528,2024,68.6800003051758,2024,45.9034194946289,2024,9.27089023590088,2021,ACE-E021,53439DCC54BBBBD43148D1CF1E677BDD2A9676F7714DDE786068A8C7FC8DA8B1,"National average and latest non-null year within 2018-2025; not a language-specific, within-country, rural, disability, affordability, or quality measure. Gross enrollment can exceed 100 percent."
SSD,SS,South Sudan,Sub-Saharan Africa ,Low income,no,12188788,2025,6.671000004,2019,5.4,2024,,,122.120628356934,2024,,,ACE-E021,53439DCC54BBBBD43148D1CF1E677BDD2A9676F7714DDE786068A8C7FC8DA8B1,"National average and latest non-null year within 2018-2025; not a language-specific, within-country, rural, disability, affordability, or quality measure. Gross enrollment can exceed 100 percent."
SSF,ZG,Sub-Saharan Africa,Aggregates,Aggregates,yes,1321654217,2025,35.7,2025,55.1103542559,2024,68.6900024414062,2024,45.9050216674805,2024,9.27116012573242,2021,ACE-E021,53439DCC54BBBBD43148D1CF1E677BDD2A9676F7714DDE786068A8C7FC8DA8B1,"National average and latest non-null year within 2018-2025; not a language-specific, within-country, rural, disability, affordability, or quality measure. Gross enrollment can exceed 100 percent."
SST,S1,Small states,Aggregates,Aggregates,yes,20347135,2025,0,2025,94.5704846062365,2024,88.0199966430664,2024,77.5084533691406,2024,22.8753509521484,2024,ACE-E021,53439DCC54BBBBD43148D1CF1E677BDD2A9676F7714DDE786068A8C7FC8DA8B1,"National average and latest non-null year within 2018-2025; not a language-specific, within-country, rural, disability, affordability, or quality measure. Gross enrollment can exceed 100 percent."
STP,ST,Sao Tome and Principe,Sub-Saharan Africa ,Lower middle income,no,240254,2025,59.11759949,2024,77.7,2024,87.4400024414062,2019,,,,,ACE-E021,53439DCC54BBBBD43148D1CF1E677BDD2A9676F7714DDE786068A8C7FC8DA8B1,"National average and latest non-null year within 2018-2025; not a language-specific, within-country, rural, disability, affordability, or quality measure. Gross enrollment can exceed 100 percent."
SUR,SR,Suriname,Latin America & Caribbean ,Upper middle income,no,639850,2025,87.4,2023,99,2024,,,76.1109237670898,2023,2.56642457392281,2024,ACE-E021,53439DCC54BBBBD43148D1CF1E677BDD2A9676F7714DDE786068A8C7FC8DA8B1,"National average and latest non-null year within 2018-2025; not a language-specific, within-country, rural, disability, affordability, or quality measure. Gross enrollment can exceed 100 percent."
SVK,SK,Slovak Republic,Europe & Central Asia,High income,no,5413813,2025,89.82507032,2024,100,2024,,,93.1929931640625,2024,54.4743194580078,2024,ACE-E021,53439DCC54BBBBD43148D1CF1E677BDD2A9676F7714DDE786068A8C7FC8DA8B1,"National average and latest non-null year within 2018-2025; not a language-specific, within-country, rural, disability, affordability, or quality measure. Gross enrollment can exceed 100 percent."
SVN,SI,Slovenia,Europe & Central Asia,High income,no,2130986,2025,90.76355487,2024,100,2024,,,107.626876831055,2023,80.0806884765625,2023,ACE-E021,53439DCC54BBBBD43148D1CF1E677BDD2A9676F7714DDE786068A8C7FC8DA8B1,"National average and latest non-null year within 2018-2025; not a language-specific, within-country, rural, disability, affordability, or quality measure. Gross enrollment can exceed 100 percent."
SWE,SE,Sweden,Europe & Central Asia,High income,no,10596620,2025,95.76629783,2025,100,2024,,,131.96354675293,2024,83.9988098144531,2024,ACE-E021,53439DCC54BBBBD43148D1CF1E677BDD2A9676F7714DDE786068A8C7FC8DA8B1,"National average and latest non-null year within 2018-2025; not a language-specific, within-country, rural, disability, affordability, or quality measure. Gross enrollment can exceed 100 percent."
SWZ,SZ,Eswatini,Sub-Saharan Africa ,Lower middle income,no,1256174,2025,63.40309906,2024,89.3,2024,90.75,2022,,,,,ACE-E021,53439DCC54BBBBD43148D1CF1E677BDD2A9676F7714DDE786068A8C7FC8DA8B1,"National average and latest non-null year within 2018-2025; not a language-specific, within-country, rural, disability, affordability, or quality measure. Gross enrollment can exceed 100 percent."
SXM,SX,Sint Maarten (Dutch part),Latin America & Caribbean ,High income,no,43923,2025,,,100,2024,,,,,7.65284309533989,2023,ACE-E021,53439DCC54BBBBD43148D1CF1E677BDD2A9676F7714DDE786068A8C7FC8DA8B1,"National average and latest non-null year within 2018-2025; not a language-specific, within-country, rural, disability, affordability, or quality measure. Gross enrollment can exceed 100 percent."
SYC,SC,Seychelles,Sub-Saharan Africa ,High income,no,122730,2025,87.81800079,2024,100,2024,,,70.824577331543,2024,14.5342502593994,2024,ACE-E021,53439DCC54BBBBD43148D1CF1E677BDD2A9676F7714DDE786068A8C7FC8DA8B1,"National average and latest non-null year within 2018-2025; not a language-specific, within-country, rural, disability, affordability, or quality measure. Gross enrollment can exceed 100 percent."
SYR,SY,Syrian Arab Republic,"Middle East, North Africa, Afghanistan & Pakistan",Low income,no,25620427,2025,33.77000046,2018,89.3,2024,94.4199981689453,2021,38.736930847168,2024,,,ACE-E021,53439DCC54BBBBD43148D1CF1E677BDD2A9676F7714DDE786068A8C7FC8DA8B1,"National average and latest non-null year within 2018-2025; not a language-specific, within-country, rural, disability, affordability, or quality measure. Gross enrollment can exceed 100 percent."
TCA,TC,Turks and Caicos Islands,Latin America & Caribbean ,High income,no,46855,2025,,,100,2024,,,119.728975687525,2024,25.2537080405933,2023,ACE-E021,53439DCC54BBBBD43148D1CF1E677BDD2A9676F7714DDE786068A8C7FC8DA8B1,"National average and latest non-null year within 2018-2025; not a language-specific, within-country, rural, disability, affordability, or quality measure. Gross enrollment can exceed 100 percent."
TCD,TD,Chad,Sub-Saharan Africa ,Low income,no,21003705,2025,12.62689972,2024,13.4,2024,30.6299991607666,2019,23.49298947746,2024,4.39665967267065,2020,ACE-E021,53439DCC54BBBBD43148D1CF1E677BDD2A9676F7714DDE786068A8C7FC8DA8B1,"National average and latest non-null year within 2018-2025; not a language-specific, within-country, rural, disability, affordability, or quality measure. Gross enrollment can exceed 100 percent."
TEA,T4,East Asia & Pacific (IDA & IBRD countries),Aggregates,Aggregates,yes,2117367063,2025,88.9,2025,98.8730876053292,2024,96.8099975585938,2024,90.9757614135742,2024,62.1942710876465,2024,ACE-E021,53439DCC54BBBBD43148D1CF1E677BDD2A9676F7714DDE786068A8C7FC8DA8B1,"National average and latest non-null year within 2018-2025; not a language-specific, within-country, rural, disability, affordability, or quality measure. Gross enrollment can exceed 100 percent."
TEC,T7,Europe & Central Asia (IDA & IBRD countries),Aggregates,Aggregates,yes,462559433,2025,90.8,2025,99.9976895300598,2024,99.3899993896484,2024,98.6327209472656,2024,88.6189193725586,2024,ACE-E021,53439DCC54BBBBD43148D1CF1E677BDD2A9676F7714DDE786068A8C7FC8DA8B1,"National average and latest non-null year within 2018-2025; not a language-specific, within-country, rural, disability, affordability, or quality measure. Gross enrollment can exceed 100 percent."
TGO,TG,Togo,Sub-Saharan Africa ,Lower middle income,no,8591626,2025,39.48320007,2024,61.1,2024,72.5999984741211,2022,63.4192515229188,2023,14.9029897765252,2020,ACE-E021,53439DCC54BBBBD43148D1CF1E677BDD2A9676F7714DDE786068A8C7FC8DA8B1,"National average and latest non-null year within 2018-2025; not a language-specific, within-country, rural, disability, affordability, or quality measure. Gross enrollment can exceed 100 percent."
THA,TH,Thailand,East Asia & Pacific,Upper middle income,no,71619863,2025,90.86718789,2024,100,2024,91.0999984741211,2022,92.0872315506486,2025,49.0776442074561,2025,ACE-E021,53439DCC54BBBBD43148D1CF1E677BDD2A9676F7714DDE786068A8C7FC8DA8B1,"National average and latest non-null year within 2018-2025; not a language-specific, within-country, rural, disability, affordability, or quality measure. Gross enrollment can exceed 100 percent."
TJK,TJ,Tajikistan,Europe & Central Asia,Lower middle income,no,10786734,2025,55.79339981,2024,99.9,2024,,,86.9035257819264,2024,35.6398418742497,2024,ACE-E021,53439DCC54BBBBD43148D1CF1E677BDD2A9676F7714DDE786068A8C7FC8DA8B1,"National average and latest non-null year within 2018-2025; not a language-specific, within-country, rural, disability, affordability, or quality measure. Gross enrollment can exceed 100 percent."
TKM,TM,Turkmenistan,Europe & Central Asia,Upper middle income,no,7618847,2025,,,100,2024,99.9000015258789,2022,94.6464126735365,2024,20.4250351701637,2024,ACE-E021,53439DCC54BBBBD43148D1CF1E677BDD2A9676F7714DDE786068A8C7FC8DA8B1,"National average and latest non-null year within 2018-2025; not a language-specific, within-country, rural, disability, affordability, or quality measure. Gross enrollment can exceed 100 percent."
TLA,T2,Latin America & the Caribbean (IDA & IBRD countries),Aggregates,Aggregates,yes,651467364,2025,83.9,2025,98.0000586906957,2024,94.879997253418,2024,98.0442428588867,2024,59.0615386962891,2024,ACE-E021,53439DCC54BBBBD43148D1CF1E677BDD2A9676F7714DDE786068A8C7FC8DA8B1,"National average and latest non-null year within 2018-2025; not a language-specific, within-country, rural, disability, affordability, or quality measure. Gross enrollment can exceed 100 percent."
TLS,TL,Timor-Leste,East Asia & Pacific,Lower middle income,no,1418517,2025,35.04199982,2021,94.3,2024,69.4000015258789,2022,84.7410404382553,2020,30.9611108169641,2023,ACE-E021,53439DCC54BBBBD43148D1CF1E677BDD2A9676F7714DDE786068A8C7FC8DA8B1,"National average and latest non-null year within 2018-2025; not a language-specific, within-country, rural, disability, affordability, or quality measure. Gross enrollment can exceed 100 percent."
TMN,T3,"Middle East, North Africa, Afghanistan & Pakistan (IDA & IBRD)",Aggregates,Aggregates,yes,748489811,2025,60.2,2025,96.4373354708585,2024,,,,,,,ACE-E021,53439DCC54BBBBD43148D1CF1E677BDD2A9676F7714DDE786068A8C7FC8DA8B1,"National average and latest non-null year within 2018-2025; not a language-specific, within-country, rural, disability, affordability, or quality measure. Gross enrollment can exceed 100 percent."
TON,TO,Tonga,East Asia & Pacific,Upper middle income,no,103742,2025,67.4417038,2024,100,2024,99.4800033569336,2023,92.4258049730721,2024,42.8611738148984,2023,ACE-E021,53439DCC54BBBBD43148D1CF1E677BDD2A9676F7714DDE786068A8C7FC8DA8B1,"National average and latest non-null year within 2018-2025; not a language-specific, within-country, rural, disability, affordability, or quality measure. Gross enrollment can exceed 100 percent."
TSA,T5,South Asia (IDA & IBRD),Aggregates,Aggregates,yes,1692252900,2025,67.8,2025,99.8246424902051,2024,78.2300033569336,2024,76.874153137207,2024,32.7833213806152,2024,ACE-E021,53439DCC54BBBBD43148D1CF1E677BDD2A9676F7714DDE786068A8C7FC8DA8B1,"National average and latest non-null year within 2018-2025; not a language-specific, within-country, rural, disability, affordability, or quality measure. Gross enrollment can exceed 100 percent."
TSS,T6,Sub-Saharan Africa (IDA & IBRD countries),Aggregates,Aggregates,yes,1321654217,2025,35.2,2025,55.1103542559,2024,68.6900024414062,2024,45.9050216674805,2024,9.27116012573242,2021,ACE-E021,53439DCC54BBBBD43148D1CF1E677BDD2A9676F7714DDE786068A8C7FC8DA8B1,"National average and latest non-null year within 2018-2025; not a language-specific, within-country, rural, disability, affordability, or quality measure. Gross enrollment can exceed 100 percent."
TTO,TT,Trinidad and Tobago,Latin America & Caribbean ,High income,no,1367764,2025,82.15989685,2024,100,2024,,,95.6815649255588,2024,23.8493010569383,2024,ACE-E021,53439DCC54BBBBD43148D1CF1E677BDD2A9676F7714DDE786068A8C7FC8DA8B1,"National average and latest non-null year within 2018-2025; not a language-specific, within-country, rural, disability, affordability, or quality measure. Gross enrollment can exceed 100 percent."
TUN,TN,Tunisia,"Middle East, North Africa, Afghanistan & Pakistan",Lower middle income,no,12348573,2025,76.5,2024,100,2024,86.25,2023,,,38.1219482421875,2023,ACE-E021,53439DCC54BBBBD43148D1CF1E677BDD2A9676F7714DDE786068A8C7FC8DA8B1,"National average and latest non-null year within 2018-2025; not a language-specific, within-country, rural, disability, affordability, or quality measure. Gross enrollment can exceed 100 percent."
TUR,TR,Turkiye,Europe & Central Asia,Upper middle income,no,85878556,2025,89.77024003,2025,100,2024,97.2600021362305,2021,118.411979675293,2023,105.88606262207,2023,ACE-E021,53439DCC54BBBBD43148D1CF1E677BDD2A9676F7714DDE786068A8C7FC8DA8B1,"National average and latest non-null year within 2018-2025; not a language-specific, within-country, rural, disability, affordability, or quality measure. Gross enrollment can exceed 100 percent."
TUV,TV,Tuvalu,East Asia & Pacific,Upper middle income,no,9492,2025,,,100,2024,100,2022,90.6571654790182,2024,19.3509615384615,2023,ACE-E021,53439DCC54BBBBD43148D1CF1E677BDD2A9676F7714DDE786068A8C7FC8DA8B1,"National average and latest non-null year within 2018-2025; not a language-specific, within-country, rural, disability, affordability, or quality measure. Gross enrollment can exceed 100 percent."
TZA,TZ,Tanzania,Sub-Saharan Africa ,Lower middle income,no,70545865,2025,31.16209984,2024,52.4,2024,78.2099990844727,2022,28.231330871582,2021,4.01880979537964,2024,ACE-E021,53439DCC54BBBBD43148D1CF1E677BDD2A9676F7714DDE786068A8C7FC8DA8B1,"National average and latest non-null year within 2018-2025; not a language-specific, within-country, rural, disability, affordability, or quality measure. Gross enrollment can exceed 100 percent."
UGA,UG,Uganda,Sub-Saharan Africa ,Low income,no,51384894,2025,8.949831061,2024,55.3,2024,77.0400009155273,2024,,,,,ACE-E021,53439DCC54BBBBD43148D1CF1E677BDD2A9676F7714DDE786068A8C7FC8DA8B1,"National average and latest non-null year within 2018-2025; not a language-specific, within-country, rural, disability, affordability, or quality measure. Gross enrollment can exceed 100 percent."
UKR,UA,Ukraine,Europe & Central Asia,Upper middle income,no,38980376,2025,82.47489929,2024,100,2024,,,86.1695022583008,2024,87.1920013427734,2024,ACE-E021,53439DCC54BBBBD43148D1CF1E677BDD2A9676F7714DDE786068A8C7FC8DA8B1,"National average and latest non-null year within 2018-2025; not a language-specific, within-country, rural, disability, affordability, or quality measure. Gross enrollment can exceed 100 percent."
URY,UY,Uruguay,Latin America & Caribbean ,High income,no,3384688,2025,91.99109007,2024,100,2024,98.9100036621094,2024,119.105005958635,2023,79.9536903496537,2023,ACE-E021,53439DCC54BBBBD43148D1CF1E677BDD2A9676F7714DDE786068A8C7FC8DA8B1,"National average and latest non-null year within 2018-2025; not a language-specific, within-country, rural, disability, affordability, or quality measure. Gross enrollment can exceed 100 percent."
USA,US,United States,North America,High income,no,341784857,2025,94.69380188,2024,100,2024,,,97.4734878540039,2022,79.361930847168,2022,ACE-E021,53439DCC54BBBBD43148D1CF1E677BDD2A9676F7714DDE786068A8C7FC8DA8B1,"National average and latest non-null year within 2018-2025; not a language-specific, within-country, rural, disability, affordability, or quality measure. Gross enrollment can exceed 100 percent."
UZB,UZ,Uzbekistan,Europe & Central Asia,Lower middle income,no,37053428,2025,89.50550079,2024,100,2024,100,2022,98.1198414913864,2025,59.8086982926392,2025,ACE-E021,53439DCC54BBBBD43148D1CF1E677BDD2A9676F7714DDE786068A8C7FC8DA8B1,"National average and latest non-null year within 2018-2025; not a language-specific, within-country, rural, disability, affordability, or quality measure. Gross enrollment can exceed 100 percent."
VCT,VC,St. Vincent and the Grenadines,Latin America & Caribbean ,Upper middle income,no,99924,2025,76.19010162,2024,100,2024,,,124.871794871795,2024,41.4983277591973,2022,ACE-E021,53439DCC54BBBBD43148D1CF1E677BDD2A9676F7714DDE786068A8C7FC8DA8B1,"National average and latest non-null year within 2018-2025; not a language-specific, within-country, rural, disability, affordability, or quality measure. Gross enrollment can exceed 100 percent."
VEN,VE,"Venezuela, RB",Latin America & Caribbean ,Lower middle income,no,28516896,2025,76.67890167,2024,100,2024,,,97.7908172607422,2024,,,ACE-E021,53439DCC54BBBBD43148D1CF1E677BDD2A9676F7714DDE786068A8C7FC8DA8B1,"National average and latest non-null year within 2018-2025; not a language-specific, within-country, rural, disability, affordability, or quality measure. Gross enrollment can exceed 100 percent."
VGB,VG,British Virgin Islands,Latin America & Caribbean ,High income,no,39732,2025,,,100,2024,,,75.5833129882812,2024,29.5605306799337,2024,ACE-E021,53439DCC54BBBBD43148D1CF1E677BDD2A9676F7714DDE786068A8C7FC8DA8B1,"National average and latest non-null year within 2018-2025; not a language-specific, within-country, rural, disability, affordability, or quality measure. Gross enrollment can exceed 100 percent."
VIR,VI,Virgin Islands (U.S.),Latin America & Caribbean ,High income,no,103792,2025,,,100,2024,,,,,,,ACE-E021,53439DCC54BBBBD43148D1CF1E677BDD2A9676F7714DDE786068A8C7FC8DA8B1,"National average and latest non-null year within 2018-2025; not a language-specific, within-country, rural, disability, affordability, or quality measure. Gross enrollment can exceed 100 percent."
VNM,VN,Viet Nam,East Asia & Pacific,Upper middle income,no,101598527,2025,84.15,2024,100,2024,96.129997253418,2022,93.4123434096522,2022,37.5923642016718,2024,ACE-E021,53439DCC54BBBBD43148D1CF1E677BDD2A9676F7714DDE786068A8C7FC8DA8B1,"National average and latest non-null year within 2018-2025; not a language-specific, within-country, rural, disability, affordability, or quality measure. Gross enrollment can exceed 100 percent."
VUT,VU,Vanuatu,East Asia & Pacific,Lower middle income,no,335169,2025,,,65.5,2024,87.9599990844727,2023,134.670675170038,2023,,,ACE-E021,53439DCC54BBBBD43148D1CF1E677BDD2A9676F7714DDE786068A8C7FC8DA8B1,"National average and latest non-null year within 2018-2025; not a language-specific, within-country, rural, disability, affordability, or quality measure. Gross enrollment can exceed 100 percent."
WLD,1W,World,Aggregates,Aggregates,yes,8215424893,2025,73.6,2025,91.9264843853681,2024,87.7399978637695,2024,77.2785720825195,2024,43.6151390075684,2024,ACE-E021,53439DCC54BBBBD43148D1CF1E677BDD2A9676F7714DDE786068A8C7FC8DA8B1,"National average and latest non-null year within 2018-2025; not a language-specific, within-country, rural, disability, affordability, or quality measure. Gross enrollment can exceed 100 percent."
WSM,WS,Samoa,East Asia & Pacific,Upper middle income,no,219306,2025,,,100,2024,97.9899978637695,2019,,,16.0263900756836,2024,ACE-E021,53439DCC54BBBBD43148D1CF1E677BDD2A9676F7714DDE786068A8C7FC8DA8B1,"National average and latest non-null year within 2018-2025; not a language-specific, within-country, rural, disability, affordability, or quality measure. Gross enrollment can exceed 100 percent."
XKX,XK,Kosovo,Europe & Central Asia,Upper middle income,no,1576876,2025,89.4430319734879,2018,,,,,,,,,ACE-E021,53439DCC54BBBBD43148D1CF1E677BDD2A9676F7714DDE786068A8C7FC8DA8B1,"National average and latest non-null year within 2018-2025; not a language-specific, within-country, rural, disability, affordability, or quality measure. Gross enrollment can exceed 100 percent."
YEM,YE,"Yemen, Rep.","Middle East, North Africa, Afghanistan & Pakistan",Low income,no,41773878,2025,17.49099922,2019,86.3,2024,,,,,,,ACE-E021,53439DCC54BBBBD43148D1CF1E677BDD2A9676F7714DDE786068A8C7FC8DA8B1,"National average and latest non-null year within 2018-2025; not a language-specific, within-country, rural, disability, affordability, or quality measure. Gross enrollment can exceed 100 percent."
ZAF,ZA,South Africa,Sub-Saharan Africa ,Upper middle income,no,64747319,2025,78.35759735,2024,90.2,2024,91.1500015258789,2024,104.133480684239,2023,23.493768799339,2023,ACE-E021,53439DCC54BBBBD43148D1CF1E677BDD2A9676F7714DDE786068A8C7FC8DA8B1,"National average and latest non-null year within 2018-2025; not a language-specific, within-country, rural, disability, affordability, or quality measure. Gross enrollment can exceed 100 percent."
ZMB,ZM,Zambia,Sub-Saharan Africa ,Lower middle income,no,21913874,2025,17.10099983,2024,53.6,2024,71.7699966430664,2024,56.7889289855957,2024,,,ACE-E021,53439DCC54BBBBD43148D1CF1E677BDD2A9676F7714DDE786068A8C7FC8DA8B1,"National average and latest non-null year within 2018-2025; not a language-specific, within-country, rural, disability, affordability, or quality measure. Gross enrollment can exceed 100 percent."
ZWE,ZW,Zimbabwe,Sub-Saharan Africa ,Lower middle income,no,16950795,2025,41.64279938,2024,62,2024,93.2300033569336,2019,,,7.74912957845971,2024,ACE-E021,53439DCC54BBBBD43148D1CF1E677BDD2A9676F7714DDE786068A8C7FC8DA8B1,"National average and latest non-null year within 2018-2025; not a language-specific, within-country, rural, disability, affordability, or quality measure. Gross enrollment can exceed 100 percent."
