intervention_id,intervention_type,intervention_name,target_profiles,output_count,territory_or_scope,portfolio_lane,lane_basis,population_low,population_base,population_high,source_population_low_reported,source_population_high_reported,population_interval_status,population_measure,population_years,population_observation_ids,population_source_ids,profile_authority_source_ids,profile_population_attribution,source_confidence,source_tier,marginal_access_low,marginal_access_base_sensitivity,marginal_access_high,access_factor_status,gross_tokens_low,gross_tokens_base,gross_tokens_high,api_equivalent_usd_base,gross_people_per_million_base_tokens,base_marginal_access_per_million_tokens,conservative_access_per_million_tokens,optimistic_access_per_million_tokens,scarcity_adjusted_access_per_million_tokens,recommended_first_product,recommended_openstax_next_product,recommended_openstax_depth,openstax_next_gross_tokens_low,openstax_next_gross_tokens_base,openstax_next_gross_tokens_high,profile_resolution_status,profile_ranking_treatment,deduplication_rule,evidence_caveat,base_efficiency_rank_low,base_efficiency_rank_high,gross_efficiency_rank_low,gross_efficiency_rank_high,conservative_efficiency_rank_low,conservative_efficiency_rank_high,optimistic_efficiency_rank_low,optimistic_efficiency_rank_high,scarcity_efficiency_rank_low,scarcity_efficiency_rank_high,informative_rank_best,informative_rank_worst,informative_rank_views_available,conservative_view_treatment,admission_lane,admission_lane_rank_low,admission_lane_rank_high,portfolio_position
NAT-122,natural_language_edition,Standard Simplified Chinese (Mainland China),zh-Hans-CN,1,China,high_reach_underserved,R5_50m_plus; vitality is not inferred from population band,1411778724,1411778724,1411778724,1411778724,1411778724,source_interval_or_exact_bounds,official_census_mainland_population_gross_territory_ceiling,2020-11-01,POP-CN-001,PM-S022,,,high,1,0,682877354,1411778724,territory_adult_literacy_proxy_sensitivity;unmeasured_low0_neutral0.5_high1_sensitivity,912737,4073049,18664571,16.77,346614716.396,167657534.687,0.000,1546753034.007,16177443.237,FR-2 Formal Reasoning Core,SB-1,D3,2997367,11374125,47112357,resolved_single_profile,ex_ante_equal_basis_rank_forward_residual_separate,one exact population observation; excluded if consumed by a selected shared-core package,"Population values retain the source universe and reported interval status. Missing population intervals use a zero-to-point ranking sensitivity; missing practical access or academic overlap uses low 0, neutral 0.5, high 1. Base access is therefore a labelled sensitivity, not a measured harmed-population count.",1,1,1,1,1,137,1,1,1,1,1,1,3,reported_tie_interval_but_not_used_for_admission_when_globally_degenerate,base,1,1,1
NAT-124,natural_language_edition,Standard Hindi (India),hi-Deva-IN,1,India,high_reach_underserved,R5_50m_plus; vitality is not inferred from population band,322230097,322230097,322230097,322230097,322230097,source_interval_or_exact_bounds,census_same_name_mother_tongue_component_persons,2011,POP-IN-COMP-006,PM-S001,,,high,1,0,243459662,317929549,territory_adult_literacy_proxy_sensitivity;India_C17_category_proxy_sensitivity,912737,4073049,18664571,16.77,79112747.477,59773320.183,0.000,348325474.918,12059506.527,FR-2 Formal Reasoning Core,SB-1,D3,2997367,11374125,47112357,resolved_single_profile,ex_ante_equal_basis_rank_forward_residual_separate,one exact population observation; excluded if consumed by a selected shared-core package,"Population values retain the source universe and reported interval status. Missing population intervals use a zero-to-point ranking sensitivity; missing practical access or academic overlap uses low 0, neutral 0.5, high 1. Base access is therefore a labelled sensitivity, not a measured harmed-population count.",2,2,2,2,1,137,2,2,2,2,2,2,3,reported_tie_interval_but_not_used_for_admission_when_globally_degenerate,optimistic,2,2,2
NAT-003,natural_language_edition,Telugu,te-Telu-IN,1,India,high_reach_underserved,R5_50m_plus; vitality is not inferred from population band,80912459,80912459,80912459,80912459,80912459,source_interval_or_exact_bounds,census_same_name_mother_tongue_component_persons,2011,POP-IN-COMP-021,PM-S001,,,high,1,0,57833869,78144198,territory_adult_literacy_proxy_sensitivity;India_C17_category_proxy_sensitivity,912737,4073049,18664571,16.77,19865329.143,14199158.665,0.000,85615240.754,8220560.322,FR-2 Formal Reasoning Core,SB-1,D3,2997367,11374125,47112357,,,one exact population observation; excluded if consumed by a selected shared-core package,"Population values retain the source universe and reported interval status. Missing population intervals use a zero-to-point ranking sensitivity; missing practical access or academic overlap uses low 0, neutral 0.5, high 1. Base access is therefore a labelled sensitivity, not a measured harmed-population count.",6,6,9,9,1,137,8,8,3,3,3,8,3,reported_tie_interval_but_not_used_for_admission_when_globally_degenerate,scarcity,3,3,3
NAT-121,natural_language_edition,Bahasa Indonesia,id-Latn-ID,1,Indonesia,high_reach_underserved,R5_50m_plus; vitality is not inferred from population band,0,248501794,248501794,,,source_point_without_interval_model_low_zero_high_point,official_long_form_census_able_to_speak_indonesian_persons_age5plus,2022,POP-ID-018,PM-S021,,,high,1,0,119280861,248501794,territory_adult_literacy_proxy_sensitivity;unmeasured_low0_neutral0.5_high1_sensitivity,912737,4073049,18664571,16.77,61011245.875,29285397.991,0.000,272260020.137,256891.582,FR-2 Formal Reasoning Core,SB-1,D3,2997367,11374125,47112357,resolved_single_profile,ex_ante_equal_basis_rank_forward_residual_separate,one exact population observation; excluded if consumed by a selected shared-core package,"Population values retain the source universe and reported interval status. Missing population intervals use a zero-to-point ranking sensitivity; missing practical access or academic overlap uses low 0, neutral 0.5, high 1. Base access is therefore a labelled sensitivity, not a measured harmed-population count.",3,3,3,3,1,137,3,3,29,29,3,29,3,reported_tie_interval_but_not_used_for_admission_when_globally_degenerate,base,3,3,4
NAT-001,natural_language_edition,Bangladesh Bangla,bn-Beng-BD,1,Bangladesh,high_reach_underserved,R5_50m_plus; vitality is not inferred from population band,0,165323060,165323060,,,source_point_without_interval_model_low_zero_high_point,derived_cldr_territory_functional_language_users,2026-03-17 CLDR release; component estimate year not stated,ASSEC-BD-BN-001,ASSEC-S006,,,medium,2,0,65302609,165323060,territory_adult_literacy_proxy_sensitivity;unmeasured_low0_neutral0.5_high1_sensitivity,912737,4073049,18664571,16.77,40589509.235,16032856.221,0.000,181128912.272,3937893.946,FR-2 Formal Reasoning Core,MV-1,D3,1612429,5474018,21073801,,,one exact population observation; excluded if consumed by a selected shared-core package,"Population values retain the source universe and reported interval status. Missing population intervals use a zero-to-point ranking sensitivity; missing practical access or academic overlap uses low 0, neutral 0.5, high 1. Base access is therefore a labelled sensitivity, not a measured harmed-population count.",5,5,4,4,1,137,4,4,11,11,4,11,3,reported_tie_interval_but_not_used_for_admission_when_globally_degenerate,optimistic,4,4,5
NAT-006,natural_language_edition,Marathi,mr-Deva-IN,1,India,high_reach_underserved,R5_50m_plus; vitality is not inferred from population band,82801140,82801140,82801140,82801140,82801140,source_interval_or_exact_bounds,census_same_name_mother_tongue_component_persons,2011,POP-IN-COMP-013,PM-S001,,,high,1,0,50316309,75430264,territory_adult_literacy_proxy_sensitivity;India_C17_category_proxy_sensitivity,912737,4073049,18664571,16.77,20329031.151,12353475.001,0.000,82641838.777,7693830.838,FR-2 Formal Reasoning Core,SB-1,D3,2997367,11374125,47112357,,,one exact population observation; excluded if consumed by a selected shared-core package,"Population values retain the source universe and reported interval status. Missing population intervals use a zero-to-point ranking sensitivity; missing practical access or academic overlap uses low 0, neutral 0.5, high 1. Base access is therefore a labelled sensitivity, not a measured harmed-population count.",7,7,8,8,1,137,9,9,4,4,4,9,3,reported_tie_interval_but_not_used_for_admission_when_globally_degenerate,scarcity,4,4,6
NAT-002,natural_language_edition,Indian Bengali,bn-Beng-IN,1,India,high_reach_underserved,R5_50m_plus; vitality is not inferred from population band,96177835,96177835,96177835,96177835,96177835,source_interval_or_exact_bounds,census_same_name_mother_tongue_component_persons,2011,POP-IN-COMP-002,PM-S001,,,high,1,0,69699712,93375817,territory_adult_literacy_proxy_sensitivity;India_C17_category_proxy_sensitivity,912737,4073049,18664571,16.77,23613228.076,17112416.767,0.000,102303091.690,4203049.116,FR-2 Formal Reasoning Core,SB-1,D3,2997367,11374125,47112357,,,one exact population observation; excluded if consumed by a selected shared-core package,"Population values retain the source universe and reported interval status. Missing population intervals use a zero-to-point ranking sensitivity; missing practical access or academic overlap uses low 0, neutral 0.5, high 1. Base access is therefore a labelled sensitivity, not a measured harmed-population count.",4,4,6,6,1,137,6,6,10,10,4,10,3,reported_tie_interval_but_not_used_for_admission_when_globally_degenerate,base,4,4,7
NAT-123,natural_language_edition,Japanese (Japan),ja-Jpan-JP,1,Japan,high_reach_underserved,R5_50m_plus; vitality is not inferred from population band,126146099,126146099,126146099,126146099,126146099,source_interval_or_exact_bounds,official_census_territory_population_gross_ceiling,2020-10-01,POP-JP-001,PM-S023,,,high,1,0,31536525,126146099,unmeasured_low0_neutral0.5_high1_sensitivity;unmeasured_low0_neutral0.5_high1_sensitivity,912737,4073049,18664571,16.77,30970925.957,7742731.551,0.000,138206404.474,339596.209,FR-2 Formal Reasoning Core,SB-1,D3,2997367,11374125,47112357,resolved_single_profile,ex_ante_equal_basis_rank_forward_stage_specific,one exact population observation; excluded if consumed by a selected shared-core package,"Population values retain the source universe and reported interval status. Missing population intervals use a zero-to-point ranking sensitivity; missing practical access or academic overlap uses low 0, neutral 0.5, high 1. Base access is therefore a labelled sensitivity, not a measured harmed-population count.",12,12,5,5,1,137,5,5,27,27,5,27,3,reported_tie_interval_but_not_used_for_admission_when_globally_degenerate,optimistic,5,5,8
NAT-038,natural_language_edition,Javanese,jv-Latn-ID,1,Indonesia,high_reach_underserved,R5_50m_plus; vitality is not inferred from population band,68044660,68044660,68044660,68044660,68044660,source_interval_or_exact_bounds,daily_language_at_home_age5plus_persons,2010,POP-ID-001,PM-S005,,,high,1,0,32661437,68044660,territory_adult_literacy_proxy_sensitivity;unmeasured_low0_neutral0.5_high1_sensitivity,912737,4073049,18664571,16.77,16706074.491,8018915.805,0.000,74550127.802,7385846.328,FR-2 Formal Reasoning Core,SB-1,D3,2997367,11374125,47112357,,,one exact population observation; excluded if consumed by a selected shared-core package,"Population values retain the source universe and reported interval status. Missing population intervals use a zero-to-point ranking sensitivity; missing practical access or academic overlap uses low 0, neutral 0.5, high 1. Base access is therefore a labelled sensitivity, not a measured harmed-population count.",11,11,11,11,1,137,10,10,5,5,5,11,3,reported_tie_interval_but_not_used_for_admission_when_globally_degenerate,scarcity,5,5,9
NAT-004,natural_language_edition,Indian Tamil,ta-Taml-IN,1,India,high_reach_underserved,R5_50m_plus; vitality is not inferred from population band,68888839,68888839,68888839,68888839,68888839,source_interval_or_exact_bounds,census_same_name_mother_tongue_component_persons,2011,POP-IN-COMP-020,PM-S001,,,high,1,0,48387709,66095914,territory_adult_literacy_proxy_sensitivity;India_C17_category_proxy_sensitivity,912737,4073049,18664571,16.77,16913334.212,11879972.227,0.000,72415070.278,5835774.870,FR-2 Formal Reasoning Core,SB-1,D3,2997367,11374125,47112357,,,one exact population observation; excluded if consumed by a selected shared-core package,"Population values retain the source universe and reported interval status. Missing population intervals use a zero-to-point ranking sensitivity; missing practical access or academic overlap uses low 0, neutral 0.5, high 1. Base access is therefore a labelled sensitivity, not a measured harmed-population count.",8,8,10,10,1,137,11,11,7,7,7,11,3,reported_tie_interval_but_not_used_for_admission_when_globally_degenerate,base,8,8,10
NAT-028,natural_language_edition,Vietnamese,vi-Latn-VN,1,Vietnam,high_reach_underserved,R5_50m_plus; vitality is not inferred from population band,89000000,89000000,89000000,89000000,,source_lower_bound_only_model_high_uses_reported_threshold,peer_reviewed_published_lower_bound_speakers,2016 publication; population estimate vintage not stated,ASSEC-VN-VI-001,ASSEC-S007,,,medium,2,0,42777849,89000000,territory_adult_literacy_proxy_sensitivity;unmeasured_low0_neutral0.5_high1_sensitivity,912737,4073049,18664571,16.77,21850952.444,10502660.047,0.000,97508920.971,1750446.901,FR-2 Formal Reasoning Core,SB-1,D3,2997367,11374125,47112357,,,one exact population observation; excluded if consumed by a selected shared-core package,"Population values retain the source universe and reported interval status. Missing population intervals use a zero-to-point ranking sensitivity; missing practical access or academic overlap uses low 0, neutral 0.5, high 1. Base access is therefore a labelled sensitivity, not a measured harmed-population count.",9,9,7,7,1,137,7,7,18,18,7,18,3,reported_tie_interval_but_not_used_for_admission_when_globally_degenerate,optimistic,7,7,11
NAT-007,natural_language_edition,Gujarati,gu-Gujr-IN,1,India,high_reach_underserved,R5_50m_plus; vitality is not inferred from population band,55036204,55036204,55036204,55036204,55036204,source_interval_or_exact_bounds,census_same_name_mother_tongue_component_persons,2011,POP-IN-COMP-005,PM-S001,,,high,1,0,34089878,50467358,territory_adult_literacy_proxy_sensitivity;India_C17_category_proxy_sensitivity,912737,4073049,18664571,16.77,13512286.250,8369621.382,0.000,55292332.841,6534180.168,FR-2 Formal Reasoning Core,SB-1,D3,2997367,11374125,47112357,,,one exact population observation; excluded if consumed by a selected shared-core package,"Population values retain the source universe and reported interval status. Missing population intervals use a zero-to-point ranking sensitivity; missing practical access or academic overlap uses low 0, neutral 0.5, high 1. Base access is therefore a labelled sensitivity, not a measured harmed-population count.",10,10,13,13,1,137,14,14,6,6,6,14,3,reported_tie_interval_but_not_used_for_admission_when_globally_degenerate,scarcity,6,6,12
NAT-008,natural_language_edition,Kannada,kn-Knda-IN,1,India,high_reach_underserved,R4_10m_to_49m; vitality is not inferred from population band,43506272,43506272,43506272,43506272,43506272,source_interval_or_exact_bounds,census_same_name_mother_tongue_component_persons,2011,POP-IN-COMP-007,PM-S001,,,high,1,0,31535081,42241972,territory_adult_literacy_proxy_sensitivity;India_C17_category_proxy_sensitivity,912737,4073049,18664571,16.77,10681499.781,7742377.025,0.000,46280551.791,3056202.614,FR-2 Formal Reasoning Core,SB-1,D3,2997367,11374125,47112357,,,one exact population observation; excluded if consumed by a selected shared-core package,"Population values retain the source universe and reported interval status. Missing population intervals use a zero-to-point ranking sensitivity; missing practical access or academic overlap uses low 0, neutral 0.5, high 1. Base access is therefore a labelled sensitivity, not a measured harmed-population count.",13,13,16,16,1,137,16,16,15,15,13,16,3,reported_tie_interval_but_not_used_for_admission_when_globally_degenerate,base,13,13,13
NAT-029,natural_language_edition,Thai,th-Thai-TH,1,Thailand,high_reach_underserved,R5_50m_plus; vitality is not inferred from population band,64080191,64080191,64080191,64080191,64080191,source_interval_or_exact_bounds,derived_union_of_mutually_exclusive_census_strata_persons,2010-09-01,TH-2010-003,TH-S001,,,high,1,0,29188527,64080191,territory_adult_literacy_proxy_sensitivity;unmeasured_low0_neutral0.5_high1_sensitivity,912737,4073049,18664571,16.77,15732732.653,7166259.723,0.000,70206632.360,1068654.219,FR-2 Formal Reasoning Core,SB-1,D3,2997367,11374125,47112357,,,one exact population observation; excluded if consumed by a selected shared-core package,"Population values retain the source universe and reported interval status. Missing population intervals use a zero-to-point ranking sensitivity; missing practical access or academic overlap uses low 0, neutral 0.5, high 1. Base access is therefore a labelled sensitivity, not a measured harmed-population count.",15,15,12,12,1,137,12,12,21,21,12,21,3,reported_tie_interval_but_not_used_for_admission_when_globally_degenerate,optimistic,12,12,14
NAT-010,natural_language_edition,Odia,or-Orya-IN,1,India,high_reach_underserved,R4_10m_to_49m; vitality is not inferred from population band,34059266,34059266,34059266,34059266,34059266,source_interval_or_exact_bounds,census_same_name_mother_tongue_component_persons,2011,POP-IN-COMP-015,PM-S001,,,high,1,0,23106806,32260563,territory_adult_literacy_proxy_sensitivity;India_C17_category_proxy_sensitivity,912737,4073049,18664571,16.77,8362105.636,5673097.967,0.000,35344861.663,5225223.905,FR-2 Formal Reasoning Core,SB-1,D3,2997367,11374125,47112357,,,one exact population observation; excluded if consumed by a selected shared-core package,"Population values retain the source universe and reported interval status. Missing population intervals use a zero-to-point ranking sensitivity; missing practical access or academic overlap uses low 0, neutral 0.5, high 1. Base access is therefore a labelled sensitivity, not a measured harmed-population count.",17,17,21,21,1,137,22,22,8,8,8,22,3,reported_tie_interval_but_not_used_for_admission_when_globally_degenerate,scarcity,8,8,15
NAT-013,natural_language_edition,Indian Urdu,ur-Arab-IN,1,India,high_reach_underserved,R5_50m_plus; vitality is not inferred from population band,50725762,50725762,50725762,50725762,50725762,source_interval_or_exact_bounds,census_same_name_mother_tongue_component_persons,2011,POP-IN-COMP-022,PM-S001,,,high,1,0,30600888,46095589,territory_adult_literacy_proxy_sensitivity;India_C17_category_proxy_sensitivity,912737,4073049,18664571,16.77,12454002.395,7513017.398,0.000,50502597.134,5140489.103,FR-2 Formal Reasoning Core,SB-1,D3,2997367,11374125,47112357,,,one exact population observation; excluded if consumed by a selected shared-core package,"Population values retain the source universe and reported interval status. Missing population intervals use a zero-to-point ranking sensitivity; missing practical access or academic overlap uses low 0, neutral 0.5, high 1. Base access is therefore a labelled sensitivity, not a measured harmed-population count.",14,14,14,14,1,137,15,15,9,9,9,15,3,reported_tie_interval_but_not_used_for_admission_when_globally_degenerate,base,14,14,16
NAT-125,natural_language_edition,Bhojpuri (India),bho-Deva-IN,1,India,high_reach_underserved,R5_50m_plus; vitality is not inferred from population band,50579447,50579447,50579447,50579447,50579447,source_interval_or_exact_bounds,census_mother_tongue_persons,2011,POP-IN-023,PM-S001,,,high,1,0,19767088,50579447,territory_adult_literacy_proxy_sensitivity;unmeasured_low0_neutral0.5_high1_sensitivity,912737,4073049,18664571,16.77,12418079.674,4853142.695,0.000,55415138.205,,FR-2 Formal Reasoning Core,SB-1,D3,2997367,11374125,47112357,resolved_single_profile,rank_exact_india_profile_cross_border_reuse_separate,one exact population observation; excluded if consumed by a selected shared-core package,"Population values retain the source universe and reported interval status. Missing population intervals use a zero-to-point ranking sensitivity; missing practical access or academic overlap uses low 0, neutral 0.5, high 1. Base access is therefore a labelled sensitivity, not a measured harmed-population count.",18,18,15,15,1,137,13,13,38,137,13,18,2,reported_tie_interval_but_not_used_for_admission_when_globally_degenerate,optimistic,13,13,17
NAT-030,natural_language_edition,Burmese,my-Mymr-MM,1,Myanmar,high_reach_underserved,R4_10m_to_49m; vitality is not inferred from population band,0,36817344,36817344,,,source_point_without_interval_model_low_zero_high_point,derived_cldr_territory_functional_language_users,2026-03-17 CLDR release; component estimate year not stated,ASSEC-MM-MY-001,ASSEC-S006,,,medium,2,0,17217151,36817344,territory_adult_literacy_proxy_sensitivity;unmeasured_low0_neutral0.5_high1_sensitivity,912737,4073049,18664571,16.77,9039258.796,4227091.547,0.000,40337297.601,3893375.454,FR-2 Formal Reasoning Core,MV-1,D3,1612429,5474018,21073801,,,one exact population observation; excluded if consumed by a selected shared-core package,"Population values retain the source universe and reported interval status. Missing population intervals use a zero-to-point ranking sensitivity; missing practical access or academic overlap uses low 0, neutral 0.5, high 1. Base access is therefore a labelled sensitivity, not a measured harmed-population count.",21,21,17,17,1,137,17,17,12,12,12,21,3,reported_tie_interval_but_not_used_for_admission_when_globally_degenerate,scarcity,12,12,18
NAT-009,natural_language_edition,Malayalam,ml-Mlym-IN,1,India,high_reach_underserved,R4_10m_to_49m; vitality is not inferred from population band,34776533,34776533,34776533,34776533,34776533,source_interval_or_exact_bounds,census_same_name_mother_tongue_component_persons,2011,POP-IN-COMP-011,PM-S001,,,high,1,0,23946869,33120829,territory_adult_literacy_proxy_sensitivity;India_C17_category_proxy_sensitivity,912737,4073049,18664571,16.77,8538206.390,5879347.143,0.000,36287374.129,3197541.694,FR-2 Formal Reasoning Core,SB-1,D3,2997367,11374125,47112357,,,one exact population observation; excluded if consumed by a selected shared-core package,"Population values retain the source universe and reported interval status. Missing population intervals use a zero-to-point ranking sensitivity; missing practical access or academic overlap uses low 0, neutral 0.5, high 1. Base access is therefore a labelled sensitivity, not a measured harmed-population count.",16,16,19,19,1,137,20,20,14,14,14,20,3,reported_tie_interval_but_not_used_for_admission_when_globally_degenerate,base,16,16,19
EXP-003,natural_language_edition,Uzbekistan Uzbek Latin-script edition,uz-Latn-UZ,1,Uzbekistan,high_reach_underserved,R4_10m_to_49m; vitality is not inferred from population band,35650000,35700000,35749999,35650000,35749999,source_interval_or_exact_bounds,preliminary_census_mother_tongue_persons_rounded,2026,ALG-UZ-L001,ALG-S018,,,high,1,0,17850000,35749999,territory_adult_literacy_proxy_sensitivity;unmeasured_low0_neutral0.5_high1_sensitivity,912737,4073049,18664571,16.77,8764932.609,4382466.305,0.000,39167908.171,1014459.684,FR-2 Formal Reasoning Core,SB-1,D3,2997367,11374125,47112357,resolved_explicit_scoring_profile_population_scope_preserved,provisional_gross_ceiling_and_sensitivity_only,one exact population observation; excluded if consumed by a selected shared-core package,"Population values retain the source universe and reported interval status. Missing population intervals use a zero-to-point ranking sensitivity; missing practical access or academic overlap uses low 0, neutral 0.5, high 1. Base access is therefore a labelled sensitivity, not a measured harmed-population count.",20,20,18,18,1,137,18,18,22,22,18,22,3,reported_tie_interval_but_not_used_for_admission_when_globally_degenerate,optimistic,18,18,20
NAT-014,natural_language_edition,Eastern Punjabi,pa-Guru-IN,1,India,high_reach_underserved,R4_10m_to_49m; vitality is not inferred from population band,31144095,31144095,31144095,31144095,31144095,source_interval_or_exact_bounds,census_same_name_mother_tongue_component_persons,2011,POP-IN-COMP-016,PM-S001,,,high,1,0,17886376,27839884,territory_adult_literacy_proxy_sensitivity;India_C17_category_proxy_sensitivity,912737,4073049,18664571,16.77,7646383.581,4391397.206,0.000,30501539.874,3428372.701,FR-2 Formal Reasoning Core,SB-1,D3,2997367,11374125,47112357,,,one exact population observation; excluded if consumed by a selected shared-core package,"Population values retain the source universe and reported interval status. Missing population intervals use a zero-to-point ranking sensitivity; missing practical access or academic overlap uses low 0, neutral 0.5, high 1. Base access is therefore a labelled sensitivity, not a measured harmed-population count.",19,19,23,23,1,137,25,25,13,13,13,25,3,reported_tie_interval_but_not_used_for_admission_when_globally_degenerate,scarcity,13,13,21
NAT-039,natural_language_edition,Sundanese,su-Latn-ID,1,Indonesia,high_reach_underserved,R4_10m_to_49m; vitality is not inferred from population band,32412752,32412752,32412752,32412752,32412752,source_interval_or_exact_bounds,daily_language_at_home_age5plus_persons,2010,POP-ID-003,PM-S005,,,high,1,0,15558121,32412752,territory_adult_literacy_proxy_sensitivity;unmeasured_low0_neutral0.5_high1_sensitivity,912737,4073049,18664571,16.77,7957859.579,3819772.608,0.000,35511600.823,2613530.552,FR-2 Formal Reasoning Core,SB-1,D3,2997367,11374125,47112357,,,one exact population observation; excluded if consumed by a selected shared-core package,"Population values retain the source universe and reported interval status. Missing population intervals use a zero-to-point ranking sensitivity; missing practical access or academic overlap uses low 0, neutral 0.5, high 1. Base access is therefore a labelled sensitivity, not a measured harmed-population count.",22,22,22,22,1,137,21,21,16,16,16,22,3,reported_tie_interval_but_not_used_for_admission_when_globally_degenerate,base,22,22,22
NAT-018,natural_language_edition,Sindhi,sd-Arab-PK,1,Pakistan,high_reach_underserved,R4_10m_to_49m; vitality is not inferred from population band,34401564,34401564,34401564,34401564,34401564,source_interval_or_exact_bounds,census_mother_tongue_persons,2023,POP-PK-003,PM-S003,,,high,1,0,10124380,34401564,territory_adult_literacy_proxy_sensitivity;unmeasured_low0_neutral0.5_high1_sensitivity,912737,4073049,18664571,16.77,8446145.382,2485700.516,0.000,37690554.891,2289462.022,FR-2 Formal Reasoning Core,MV-1,D2,1087145,4356012,18630029,,,one exact population observation; excluded if consumed by a selected shared-core package,"Population values retain the source universe and reported interval status. Missing population intervals use a zero-to-point ranking sensitivity; missing practical access or academic overlap uses low 0, neutral 0.5, high 1. Base access is therefore a labelled sensitivity, not a measured harmed-population count.",24,24,20,20,1,137,19,19,17,17,17,24,3,reported_tie_interval_but_not_used_for_admission_when_globally_degenerate,optimistic,19,19,23
NAT-065,natural_language_edition,Amharic,am-Ethi-ET,1,Ethiopia,high_reach_underserved,R4_10m_to_49m; vitality is not inferred from population band,21634396,21634396,21634396,21634396,21634396,source_interval_or_exact_bounds,census_mother_tongue_persons,2007,POP-ET-002,PM-S020,,,high,1,0,6540078,21634396,territory_adult_literacy_proxy_sensitivity;unmeasured_low0_neutral0.5_high1_sensitivity,912737,4073049,18664571,16.77,5311597.283,1605695.880,0.000,23702770.897,1478930.894,FR-2 Formal Reasoning Core,MV-1,D2,1087145,4356012,18630029,,,one exact population observation; excluded if consumed by a selected shared-core package,"Population values retain the source universe and reported interval status. Missing population intervals use a zero-to-point ranking sensitivity; missing practical access or academic overlap uses low 0, neutral 0.5, high 1. Base access is therefore a labelled sensitivity, not a measured harmed-population count.",31,31,27,27,1,137,27,27,19,19,19,31,3,reported_tie_interval_but_not_used_for_admission_when_globally_degenerate,scarcity,19,19,24
NAT-034,natural_language_edition,Cebuano,ceb-Latn-PH,1,Philippines,high_reach_underserved,R4_10m_to_49m; vitality is not inferred from population band,0,20697364,20697364,,,source_point_without_interval_model_low_zero_high_point,CLEAR_normalized_main_language_weighted_persons_from_IPUMS_2010_census_extract,2010-12-31,ASSEC-PH-CEB-001,ASSEC-S008,,,high,2,0,10190347,20697364,territory_adult_literacy_proxy_sensitivity;unmeasured_low0_neutral0.5_high1_sensitivity,912737,4073049,18664571,16.77,5081540.635,2501896.491,0.000,22676153.153,,FR-2 Formal Reasoning Core,SB-1,D3,2997367,11374125,47112357,,,one exact population observation; excluded if consumed by a selected shared-core package,"Population values retain the source universe and reported interval status. Missing population intervals use a zero-to-point ranking sensitivity; missing practical access or academic overlap uses low 0, neutral 0.5, high 1. Base access is therefore a labelled sensitivity, not a measured harmed-population count.",23,23,28,28,1,137,28,28,38,137,23,28,2,reported_tie_interval_but_not_used_for_admission_when_globally_degenerate,base,23,23,25
NAT-058,natural_language_edition,Dari,prs-Arab-AF,1,Afghanistan,high_reach_underserved,R4_10m_to_49m; vitality is not inferred from population band,0,30083114,30083114,,,source_point_without_interval_model_low_zero_high_point,derived_2020_total_speakers_from_official_secondary_share_and_world_bank_denominator,2020 estimate; republished in official report 2023,ASSEC-AF-PRS-001,ASSEC-S018,,,medium,2,0,5605988,30083114,territory_adult_literacy_proxy_sensitivity;unmeasured_low0_neutral0.5_high1_sensitivity,912737,4073049,18664571,16.77,7385895.431,1376361.541,0.000,32959235.793,,FR-2 Formal Reasoning Core,MV-1,D2,1087145,4356012,18630029,,,one exact population observation; excluded if consumed by a selected shared-core package,"Population values retain the source universe and reported interval status. Missing population intervals use a zero-to-point ranking sensitivity; missing practical access or academic overlap uses low 0, neutral 0.5, high 1. Base access is therefore a labelled sensitivity, not a measured harmed-population count.",32,32,24,24,1,137,23,23,38,137,23,32,2,reported_tie_interval_but_not_used_for_admission_when_globally_degenerate,optimistic,23,23,26
NAT-012,natural_language_edition,Pakistani Urdu,ur-Arab-PK,1,Pakistan,high_reach_underserved,R4_10m_to_49m; vitality is not inferred from population band,22249307,22249307,22249307,22249307,22249307,source_interval_or_exact_bounds,census_mother_tongue_persons,2023,POP-PK-001,PM-S003,,,high,1,0,6547971,22249307,territory_adult_literacy_proxy_sensitivity;unmeasured_low0_neutral0.5_high1_sensitivity,912737,4073049,18664571,16.77,5462567.968,1607633.741,0.000,24376470.988,1099960.742,FR-2 Formal Reasoning Core,MV-1,D2,1087145,4356012,18630029,,,one exact population observation; excluded if consumed by a selected shared-core package,"Population values retain the source universe and reported interval status. Missing population intervals use a zero-to-point ranking sensitivity; missing practical access or academic overlap uses low 0, neutral 0.5, high 1. Base access is therefore a labelled sensitivity, not a measured harmed-population count.",30,30,26,26,1,137,26,26,20,20,20,30,3,reported_tie_interval_but_not_used_for_admission_when_globally_degenerate,scarcity,20,20,27
NAT-011,natural_language_edition,Assamese,as-Beng-IN,1,India,high_reach_underserved,R4_10m_to_49m; vitality is not inferred from population band,14816414,14816414,14816414,14816414,14816414,source_interval_or_exact_bounds,census_same_name_mother_tongue_component_persons,2011,POP-IN-COMP-001,PM-S001,,,high,1,0,10118381,14067972,territory_adult_literacy_proxy_sensitivity;India_C17_category_proxy_sensitivity,912737,4073049,18664571,16.77,3637671.435,2484227.663,0.000,15412952.472,,FR-2 Formal Reasoning Core,SB-1,D3,2997367,11374125,47112357,,,one exact population observation; excluded if consumed by a selected shared-core package,"Population values retain the source universe and reported interval status. Missing population intervals use a zero-to-point ranking sensitivity; missing practical access or academic overlap uses low 0, neutral 0.5, high 1. Base access is therefore a labelled sensitivity, not a measured harmed-population count.",25,25,32,32,1,137,33,33,38,137,25,33,2,reported_tie_interval_but_not_used_for_admission_when_globally_degenerate,base,25,25,28
NAT-019,natural_language_edition,Saraiki,skr-Arab-PK,1,Pakistan,high_reach_underserved,R4_10m_to_49m; vitality is not inferred from population band,28849579,28849579,28849579,28849579,28849579,source_interval_or_exact_bounds,census_mother_tongue_persons,2023,POP-PK-007,PM-S003,,,high,1,0,8490431,28849579,territory_adult_literacy_proxy_sensitivity;unmeasured_low0_neutral0.5_high1_sensitivity,912737,4073049,18664571,16.77,7083042.458,2084539.371,0.000,31607767.626,,FR-2 Formal Reasoning Core,MV-1,D2,1087145,4356012,18630029,,,one exact population observation; excluded if consumed by a selected shared-core package,"Population values retain the source universe and reported interval status. Missing population intervals use a zero-to-point ranking sensitivity; missing practical access or academic overlap uses low 0, neutral 0.5, high 1. Base access is therefore a labelled sensitivity, not a measured harmed-population count.",26,26,25,25,1,137,24,24,38,137,24,26,2,reported_tie_interval_but_not_used_for_admission_when_globally_degenerate,optimistic,24,24,29
NAT-027,natural_language_edition,Sinhala,si-Sinh-LK,1,Sri Lanka,high_reach_underserved,R4_10m_to_49m; vitality is not inferred from population band,0,14948168,14948168,,,source_point_without_interval_model_low_zero_high_point,derived_cldr_territory_functional_language_users,2026-03-17 CLDR release; component estimate year not stated,ASSEC-LK-SI-001,ASSEC-S006,,,medium,2,0,6931465,14948168,territory_adult_literacy_proxy_sensitivity;unmeasured_low0_neutral0.5_high1_sensitivity,912737,4073049,18664571,16.77,3670019.192,1701787.776,0.000,16377300.361,925534.409,FR-2 Formal Reasoning Core,MV-1,D3,1612429,5474018,21073801,,,one exact population observation; excluded if consumed by a selected shared-core package,"Population values retain the source universe and reported interval status. Missing population intervals use a zero-to-point ranking sensitivity; missing practical access or academic overlap uses low 0, neutral 0.5, high 1. Base access is therefore a labelled sensitivity, not a measured harmed-population count.",28,28,30,30,1,137,30,30,23,23,23,30,3,reported_tie_interval_but_not_used_for_admission_when_globally_degenerate,scarcity,23,23,30
EXP-004,natural_language_edition,India Maithili Devanagari edition,mai-Deva-IN,1,India,high_reach_underserved,R4_10m_to_49m; vitality is not inferred from population band,13353347,13353347,13353347,13353347,13353347,source_interval_or_exact_bounds,census_same_name_mother_tongue_component_persons,2011,POP-IN-COMP-010,PM-S001,,,high,1,0,7644770,11924251,territory_adult_literacy_proxy_sensitivity;India_C17_category_proxy_sensitivity,912737,4073049,18664571,16.77,3278464.610,1876915.795,0.000,13064279.195,,FR-2 Formal Reasoning Core,SB-1,D3,2997367,11374125,47112357,resolved_explicit_scoring_profile_population_scope_preserved,provisional_gross_ceiling_and_sensitivity_only,one exact population observation; excluded if consumed by a selected shared-core package,"Population values retain the source universe and reported interval status. Missing population intervals use a zero-to-point ranking sensitivity; missing practical access or academic overlap uses low 0, neutral 0.5, high 1. Base access is therefore a labelled sensitivity, not a measured harmed-population count.",27,27,35,35,1,137,35,35,38,137,27,35,2,reported_tie_interval_but_not_used_for_admission_when_globally_degenerate,base,27,27,31
EXP-001,natural_language_edition,Afghanistan Pashto Arabic-script edition,ps-Arab-AF,1,Afghanistan,high_reach_underserved,R4_10m_to_49m; vitality is not inferred from population band,0,18753110,18753110,,,source_point_without_interval_model_low_zero_high_point,derived_2020_total_speakers_from_official_secondary_share_and_world_bank_denominator,2020 estimate; republished in official report 2023,ASSEC-AF-PS-001,ASSEC-S018,,,medium,2,0,3494642,18753110,territory_adult_literacy_proxy_sensitivity;unmeasured_low0_neutral0.5_high1_sensitivity,912737,4073049,18664571,16.77,4604194.548,857991.642,0.000,20546017.089,,FR-2 Formal Reasoning Core,MV-1,D2,1087145,4356012,18630029,resolved_explicit_scoring_profile_population_scope_preserved,provisional_gross_ceiling_and_sensitivity_only,one exact population observation; excluded if consumed by a selected shared-core package,"Population values retain the source universe and reported interval status. Missing population intervals use a zero-to-point ranking sensitivity; missing practical access or academic overlap uses low 0, neutral 0.5, high 1. Base access is therefore a labelled sensitivity, not a measured harmed-population count.",39,39,29,29,1,137,29,29,38,137,29,39,2,reported_tie_interval_but_not_used_for_admission_when_globally_degenerate,optimistic,29,29,32
NAT-022,natural_language_edition,Nepali,ne-Deva-NP,1,Nepal,high_reach_underserved,R4_10m_to_49m; vitality is not inferred from population band,13084457,13084457,13084457,13084457,13084457,source_interval_or_exact_bounds,census_mother_tongue_persons,2021,POP-NP-001,PM-S004,,,high,1,0,5502014,11004028,direct_language_specific_literacy_rate;unmeasured_low0_neutral0.5_high1_sensitivity,912737,4073049,18664571,16.77,3212447.727,1350834.228,0.000,12056077.490,782061.547,FR-2 Formal Reasoning Core,MV-1,D2,1087145,4356012,18630029,,,one exact population observation; excluded if consumed by a selected shared-core package,"Population values retain the source universe and reported interval status. Missing population intervals use a zero-to-point ranking sensitivity; missing practical access or academic overlap uses low 0, neutral 0.5, high 1. Base access is therefore a labelled sensitivity, not a measured harmed-population count.",33,33,36,36,1,137,37,37,24,24,24,37,3,reported_tie_interval_but_not_used_for_admission_when_globally_degenerate,scarcity,24,24,33
NAT-073,natural_language_edition,isiZulu,zu-Latn-ZA,1,South Africa,high_reach_underserved,R4_10m_to_49m; vitality is not inferred from population band,14613202,14613202,14613202,14613202,14613202,source_interval_or_exact_bounds,census_language_most_often_spoken_in_household_persons_age_1_plus,2022,ZA-ZUL-2022,ZA-S001,,,high,1,0,6659967,14613202,territory_adult_literacy_proxy_sensitivity;unmeasured_low0_neutral0.5_high1_sensitivity,912737,4073049,18664571,16.77,3587779.573,1635130.586,0.000,16010309.651,,FR-2 Formal Reasoning Core,MV-1,D3,1612429,5474018,21073801,,,one exact population observation; excluded if consumed by a selected shared-core package,"Population values retain the source universe and reported interval status. Missing population intervals use a zero-to-point ranking sensitivity; missing practical access or academic overlap uses low 0, neutral 0.5, high 1. Base access is therefore a labelled sensitivity, not a measured harmed-population count.",29,29,33,33,1,137,32,32,38,137,29,32,2,reported_tie_interval_but_not_used_for_admission_when_globally_degenerate,base,29,29,34
NAT-031,natural_language_edition,Khmer,km-Khmr-KH,1,Cambodia,high_reach_underserved,R4_10m_to_49m; vitality is not inferred from population band,14893134,14893134,14893134,14893134,14893134,source_interval_or_exact_bounds,census_mother_tongue_persons,2019,ALG-KH-L001,ALG-S011,,,high,1,0,5356316,14893134,territory_adult_literacy_proxy_sensitivity;unmeasured_low0_neutral0.5_high1_sensitivity,912737,4073049,18664571,16.77,3656507.447,1315062.991,0.000,16317004.789,,FR-2 Formal Reasoning Core,MV-1,D3,1612429,5474018,21073801,,,one exact population observation; excluded if consumed by a selected shared-core package,"Population values retain the source universe and reported interval status. Missing population intervals use a zero-to-point ranking sensitivity; missing practical access or academic overlap uses low 0, neutral 0.5, high 1. Base access is therefore a labelled sensitivity, not a measured harmed-population count.",34,34,31,31,1,137,31,31,38,137,31,34,2,reported_tie_interval_but_not_used_for_admission_when_globally_degenerate,optimistic,31,31,35
NAT-055,natural_language_edition,Turkmen,tk-Latn-TM,1,Turkmenistan,regional_depth,R3_1m_to_9m; vitality is not inferred from population band,6297965,6297965,6297965,6297965,6297965,source_interval_or_exact_bounds,census_mother_tongue_persons,2022,ALG-TM-L001,ALG-S009,,,high,1,0,3145834,6297965,territory_adult_literacy_proxy_sensitivity;unmeasured_low0_neutral0.5_high1_sensitivity,912737,4073049,18664571,16.77,1546253.188,772353.586,0.000,6900087.320,602978.015,FR-2 Formal Reasoning Core,MV-1,D3,1612429,5474018,21073801,,,one exact population observation; excluded if consumed by a selected shared-core package,"Population values retain the source universe and reported interval status. Missing population intervals use a zero-to-point ranking sensitivity; missing practical access or academic overlap uses low 0, neutral 0.5, high 1. Base access is therefore a labelled sensitivity, not a measured harmed-population count.",41,41,44,44,1,137,44,44,25,25,25,44,3,reported_tie_interval_but_not_used_for_admission_when_globally_degenerate,scarcity,25,25,36
NAT-075,natural_language_edition,Shona,sn-Latn-ZW,1,Zimbabwe,high_reach_underserved,R4_10m_to_49m; vitality is not inferred from population band,11251734,11251734,11251734,11251734,11251734,source_interval_or_exact_bounds,census_mother_tongue_persons,2022,POP-ZW-001,PM-S011,,,high,1,0,5244996,11251734,territory_adult_literacy_proxy_sensitivity;unmeasured_low0_neutral0.5_high1_sensitivity,912737,4073049,18664571,16.77,2762484.321,1287732.114,0.000,12327465.634,,FR-2 Formal Reasoning Core,MV-1,D2,1087145,4356012,18630029,,,one exact population observation; excluded if consumed by a selected shared-core package,"Population values retain the source universe and reported interval status. Missing population intervals use a zero-to-point ranking sensitivity; missing practical access or academic overlap uses low 0, neutral 0.5, high 1. Base access is therefore a labelled sensitivity, not a measured harmed-population count.",35,35,37,37,1,137,36,36,38,137,35,36,2,reported_tie_interval_but_not_used_for_admission_when_globally_degenerate,base,35,35,37
NAT-047,natural_language_edition,Kazakh,kk-Cyrl-KZ,1,Kazakhstan,high_reach_underserved,R4_10m_to_49m; vitality is not inferred from population band,13380107,13380107,13380107,13380107,13380107,source_interval_or_exact_bounds,census_native_language_of_own_nationality_persons,2021,ALG-KZ-L001,ALG-S007,,,high,1,0,3345027,13380107,unmeasured_low0_neutral0.5_high1_sensitivity;unmeasured_low0_neutral0.5_high1_sensitivity,912737,4073049,18664571,16.77,3285034.626,821258.718,0.000,14659323.551,237732.961,FR-2 Formal Reasoning Core,SB-1,D3,2997367,11374125,47112357,,,one exact population observation; excluded if consumed by a selected shared-core package,"Population values retain the source universe and reported interval status. Missing population intervals use a zero-to-point ranking sensitivity; missing practical access or academic overlap uses low 0, neutral 0.5, high 1. Base access is therefore a labelled sensitivity, not a measured harmed-population count.",40,40,34,34,1,137,34,34,30,30,30,40,3,reported_tie_interval_but_not_used_for_admission_when_globally_degenerate,optimistic,34,34,38
NAT-032,natural_language_edition,Lao,lo-Laoo-LA,1,Laos,regional_depth,R3_1m_to_9m; vitality is not inferred from population band,0,5487956,5487956,,,source_point_without_interval_model_low_zero_high_point,derived_cldr_territory_functional_language_users,2026-03-17 CLDR release; component estimate year not stated,ASSEC-LA-LO-001,ASSEC-S006,,,medium,2,0,2075545,5487956,territory_adult_literacy_proxy_sensitivity;unmeasured_low0_neutral0.5_high1_sensitivity,912737,4073049,18664571,16.77,1347382.759,509580.170,0.000,6012636.718,397830.225,FR-2 Formal Reasoning Core,MV-1,D2,1087145,4356012,18630029,,,one exact population observation; excluded if consumed by a selected shared-core package,"Population values retain the source universe and reported interval status. Missing population intervals use a zero-to-point ranking sensitivity; missing practical access or academic overlap uses low 0, neutral 0.5, high 1. Base access is therefore a labelled sensitivity, not a measured harmed-population count.",48,48,48,48,1,137,48,48,26,26,26,48,3,reported_tie_interval_but_not_used_for_admission_when_globally_degenerate,scarcity,26,26,39
NAT-074,natural_language_edition,isiXhosa,xh-Latn-ZA,1,South Africa,regional_depth,R3_1m_to_9m; vitality is not inferred from population band,9786928,9786928,9786928,9786928,9786928,source_interval_or_exact_bounds,census_language_most_often_spoken_in_household_persons_age_1_plus,2022,ZA-XHO-2022,ZA-S001,,,high,1,0,4460393,9786928,territory_adult_literacy_proxy_sensitivity;unmeasured_low0_neutral0.5_high1_sensitivity,912737,4073049,18664571,16.77,2402850.543,1095099.273,0.000,10722615.606,,FR-2 Formal Reasoning Core,MV-1,D3,1612429,5474018,21073801,,,one exact population observation; excluded if consumed by a selected shared-core package,"Population values retain the source universe and reported interval status. Missing population intervals use a zero-to-point ranking sensitivity; missing practical access or academic overlap uses low 0, neutral 0.5, high 1. Base access is therefore a labelled sensitivity, not a measured harmed-population count.",36,36,39,39,1,137,39,39,38,137,36,39,2,reported_tie_interval_but_not_used_for_admission_when_globally_degenerate,base,36,36,40
NAT-049,natural_language_edition,Tajik,tg-Cyrl-TJ,1,Tajikistan,high_reach_underserved,R4_10m_to_49m; vitality is not inferred from population band,0,10394100,10394100,,,source_point_without_interval_model_low_zero_high_point,derived_cldr_territory_functional_language_users,2026-03-17 CLDR release; component estimate year not stated,ASSEC-TJ-TG-001,ASSEC-S006,,,medium,2,0,2598525,10394100,unmeasured_low0_neutral0.5_high1_sensitivity;unmeasured_low0_neutral0.5_high1_sensitivity,912737,4073049,18664571,16.77,2551921.177,637980.294,0.000,11387836.803,,FR-2 Formal Reasoning Core,SB-1,D3,2997367,11374125,47112357,,,one exact population observation; excluded if consumed by a selected shared-core package,"Population values retain the source universe and reported interval status. Missing population intervals use a zero-to-point ranking sensitivity; missing practical access or academic overlap uses low 0, neutral 0.5, high 1. Base access is therefore a labelled sensitivity, not a measured harmed-population count.",44,44,38,38,1,137,38,38,38,137,38,44,2,reported_tie_interval_but_not_used_for_admission_when_globally_degenerate,optimistic,38,38,41
EXP-013,natural_language_edition,Ethiopia Somali Latin-script edition,so-Latn-ET,1,Ethiopia,regional_depth,R3_1m_to_9m; vitality is not inferred from population band,4609274,4609274,4609274,4609274,4609274,source_interval_or_exact_bounds,census_mother_tongue_persons,2007,POP-ET-003,PM-S020,,,high,1,0,1393384,4609274,territory_adult_literacy_proxy_sensitivity;unmeasured_low0_neutral0.5_high1_sensitivity,912737,4073049,18664571,16.77,1131651.988,342098.511,0.000,5049947.575,262908.941,FR-2 Formal Reasoning Core,MV-1,D2,1087145,4356012,18630029,resolved_explicit_scoring_profile_population_scope_preserved,provisional_gross_ceiling_and_sensitivity_only,one exact population observation; excluded if consumed by a selected shared-core package,"Population values retain the source universe and reported interval status. Missing population intervals use a zero-to-point ranking sensitivity; missing practical access or academic overlap uses low 0, neutral 0.5, high 1. Base access is therefore a labelled sensitivity, not a measured harmed-population count.",54,54,51,51,1,137,51,51,28,28,28,54,3,reported_tie_interval_but_not_used_for_admission_when_globally_degenerate,scarcity,28,28,42
EXP-005,natural_language_edition,Indonesia Madurese Latin-script edition,mad-Latn-ID,1,Indonesia,regional_depth,R3_1m_to_9m; vitality is not inferred from population band,7743533,7743533,7743533,7743533,7743533,source_interval_or_exact_bounds,daily_language_at_home_age5plus_persons,2010,POP-ID-005,PM-S005,,,high,1,0,3716896,7743533,territory_adult_literacy_proxy_sensitivity;unmeasured_low0_neutral0.5_high1_sensitivity,912737,4073049,18664571,16.77,1901163.723,912558.626,0.000,8483860.082,,FR-2 Formal Reasoning Core,MV-1,D3,1612429,5474018,21073801,resolved_explicit_scoring_profile_population_scope_preserved,provisional_gross_ceiling_and_sensitivity_only,one exact population observation; excluded if consumed by a selected shared-core package,"Population values retain the source universe and reported interval status. Missing population intervals use a zero-to-point ranking sensitivity; missing practical access or academic overlap uses low 0, neutral 0.5, high 1. Base access is therefore a labelled sensitivity, not a measured harmed-population count.",37,37,42,42,1,137,42,42,38,137,37,42,2,reported_tie_interval_but_not_used_for_admission_when_globally_degenerate,base,37,37,43
EXP-018,natural_language_edition,Mali Bamanankan Latin-script edition,bm-Latn-ML,1,Mali,regional_depth,R3_1m_to_9m; vitality is not inferred from population band,9551561,9551561,9551561,9551561,9551561,source_interval_or_exact_bounds,census_mother_tongue_persons_age_3_plus,2022,POP-ML-AFG-001,AFG-S008,,,medium,1,0,1701611,9551561,territory_adult_literacy_proxy_sensitivity;unmeasured_low0_neutral0.5_high1_sensitivity,912737,4073049,18664571,16.77,2345064.103,417773.270,0.000,10464746.143,,FR-2 Formal Reasoning Core,MV-1,D2,1087145,4356012,18630029,resolved_explicit_scoring_profile_population_scope_preserved,provisional_gross_ceiling_and_sensitivity_only,one exact population observation; excluded if consumed by a selected shared-core package,"Population values retain the source universe and reported interval status. Missing population intervals use a zero-to-point ranking sensitivity; missing practical access or academic overlap uses low 0, neutral 0.5, high 1. Base access is therefore a labelled sensitivity, not a measured harmed-population count.",51,51,40,40,1,137,40,40,38,137,40,51,2,reported_tie_interval_but_not_used_for_admission_when_globally_degenerate,optimistic,40,40,44
NAT-048,natural_language_edition,Kyrgyz,ky-Cyrl-KG,1,Kyrgyzstan,regional_depth,R3_1m_to_9m; vitality is not inferred from population band,5527168,5527168,5527168,5527168,5527168,source_interval_or_exact_bounds,census_native_language_persons,2022,ALG-KG-L001,ALG-S008,,,high,1,0,1381792,5527168,unmeasured_low0_neutral0.5_high1_sensitivity;unmeasured_low0_neutral0.5_high1_sensitivity,912737,4073049,18664571,16.77,1357009.945,339252.486,0.000,6055597.615,211288.889,FR-2 Formal Reasoning Core,MV-1,D3,1612429,5474018,21073801,,,one exact population observation; excluded if consumed by a selected shared-core package,"Population values retain the source universe and reported interval status. Missing population intervals use a zero-to-point ranking sensitivity; missing practical access or academic overlap uses low 0, neutral 0.5, high 1. Base access is therefore a labelled sensitivity, not a measured harmed-population count.",55,55,47,47,1,137,47,47,31,31,31,55,3,reported_tie_interval_but_not_used_for_admission_when_globally_degenerate,scarcity,31,31,45
NAT-035,natural_language_edition,Ilocano,ilo-Latn-PH,1,Philippines,regional_depth,R3_1m_to_9m; vitality is not inferred from population band,0,7098503,7098503,,,source_point_without_interval_model_low_zero_high_point,CLEAR_normalized_main_language_weighted_persons_from_IPUMS_2010_census_extract,2010-12-31,ASSEC-PH-ILO-001,ASSEC-S008,,,high,2,0,3494948,7098503,territory_adult_literacy_proxy_sensitivity;unmeasured_low0_neutral0.5_high1_sensitivity,912737,4073049,18664571,16.77,1742798.331,858066.770,0.000,7777161.439,,FR-2 Formal Reasoning Core,MV-1,D3,1612429,5474018,21073801,,,one exact population observation; excluded if consumed by a selected shared-core package,"Population values retain the source universe and reported interval status. Missing population intervals use a zero-to-point ranking sensitivity; missing practical access or academic overlap uses low 0, neutral 0.5, high 1. Base access is therefore a labelled sensitivity, not a measured harmed-population count.",38,38,43,43,1,137,43,43,38,137,38,43,2,reported_tie_interval_but_not_used_for_admission_when_globally_degenerate,base,38,38,46
NAT-081,natural_language_edition,Wolof,wo-Latn-SN,1,Senegal,regional_depth,R3_1m_to_9m; vitality is not inferred from population band,8786892,8786892,8786892,8786892,8786892,source_interval_or_exact_bounds,census_principal_language_commonly_spoken_persons_age_3_plus,2023,POP-SN-AFG-001,AFG-S009,,,high,1,0,2212539,8786892,territory_adult_literacy_proxy_sensitivity;unmeasured_low0_neutral0.5_high1_sensitivity,912737,4073049,18664571,16.77,2157325.384,543214.432,0.000,9626970.310,,FR-2 Formal Reasoning Core,MV-1,D2,1087145,4356012,18630029,,,one exact population observation; excluded if consumed by a selected shared-core package,"Population values retain the source universe and reported interval status. Missing population intervals use a zero-to-point ranking sensitivity; missing practical access or academic overlap uses low 0, neutral 0.5, high 1. Base access is therefore a labelled sensitivity, not a measured harmed-population count.",46,46,41,41,1,137,41,41,38,137,41,46,2,reported_tie_interval_but_not_used_for_admission_when_globally_degenerate,optimistic,41,41,47
NAT-005,natural_language_edition,Sri Lankan Tamil,ta-Taml-LK,1,Sri Lanka,regional_depth,R3_1m_to_9m; vitality is not inferred from population band,0,3297390,3297390,,,source_point_without_interval_model_low_zero_high_point,derived_cldr_territory_functional_language_users,2026-03-17 CLDR release; component estimate year not stated,ASSEC-LK-TA-001,ASSEC-S006,,,medium,2,0,1529000,3297390,territory_adult_literacy_proxy_sensitivity;unmeasured_low0_neutral0.5_high1_sensitivity,912737,4073049,18664571,16.77,809563.057,375394.453,0.000,3612639.786,184404.116,FR-2 Formal Reasoning Core,MV-1,D3,1612429,5474018,21073801,,,one exact population observation; excluded if consumed by a selected shared-core package,"Population values retain the source universe and reported interval status. Missing population intervals use a zero-to-point ranking sensitivity; missing practical access or academic overlap uses low 0, neutral 0.5, high 1. Base access is therefore a labelled sensitivity, not a measured harmed-population count.",52,52,56,56,1,137,56,56,32,32,32,56,3,reported_tie_interval_but_not_used_for_admission_when_globally_degenerate,scarcity,32,32,48
NAT-036,natural_language_edition,Hiligaynon,hil-Latn-PH,1,Philippines,regional_depth,R3_1m_to_9m; vitality is not inferred from population band,0,6073883,6073883,,,source_point_without_interval_model_low_zero_high_point,CLEAR_normalized_main_language_weighted_persons_from_IPUMS_2010_census_extract,2010-12-31,ASSEC-PH-HIL-001,ASSEC-S008,,,high,2,0,2990476,6073883,territory_adult_literacy_proxy_sensitivity;unmeasured_low0_neutral0.5_high1_sensitivity,912737,4073049,18664571,16.77,1491237.400,734210.661,0.000,6654581.769,,FR-2 Formal Reasoning Core,MV-1,D3,1612429,5474018,21073801,,,one exact population observation; excluded if consumed by a selected shared-core package,"Population values retain the source universe and reported interval status. Missing population intervals use a zero-to-point ranking sensitivity; missing practical access or academic overlap uses low 0, neutral 0.5, high 1. Base access is therefore a labelled sensitivity, not a measured harmed-population count.",42,42,45,45,1,137,45,45,38,137,42,45,2,reported_tie_interval_but_not_used_for_admission_when_globally_degenerate,base,42,42,49
EXP-019,natural_language_edition,South Africa Sepedi Latin-script edition,nso-Latn-ZA,1,South Africa,regional_depth,R3_1m_to_9m; vitality is not inferred from population band,5972255,5972255,5972255,5972255,5972255,source_interval_or_exact_bounds,census_language_most_often_spoken_in_household_persons_age_1_plus,2022,ZA-NSO-2022,ZA-S001,,,high,1,0,2721855,5972255,territory_adult_literacy_proxy_sensitivity;unmeasured_low0_neutral0.5_high1_sensitivity,912737,4073049,18664571,16.77,1466286.067,668259.822,0.000,6543237.537,,FR-2 Formal Reasoning Core,MV-1,D3,1612429,5474018,21073801,resolved_explicit_scoring_profile_population_scope_preserved,provisional_gross_ceiling_and_sensitivity_only,one exact population observation; excluded if consumed by a selected shared-core package,"Population values retain the source universe and reported interval status. Missing population intervals use a zero-to-point ranking sensitivity; missing practical access or academic overlap uses low 0, neutral 0.5, high 1. Base access is therefore a labelled sensitivity, not a measured harmed-population count.",43,43,46,46,1,137,46,46,38,137,43,46,2,reported_tie_interval_but_not_used_for_admission_when_globally_degenerate,optimistic,46,46,50
NAT-050,natural_language_edition,Mongolian,mn-Cyrl-MN,1,Mongolia,regional_depth,R3_1m_to_9m; vitality is not inferred from population band,0,3051962,3051962,,,source_point_without_interval_model_low_zero_high_point,derived_cldr_territory_functional_language_users,2026-03-17 CLDR release; component estimate year not stated,ASSEC-MN-MN-001,ASSEC-S006,,,medium,2,0,1505228,3051962,territory_adult_literacy_proxy_sensitivity;unmeasured_low0_neutral0.5_high1_sensitivity,912737,4073049,18664571,16.77,749306.478,369558.039,0.000,3343747.432,162086.682,FR-2 Formal Reasoning Core,MV-1,D3,1612429,5474018,21073801,,,one exact population observation; excluded if consumed by a selected shared-core package,"Population values retain the source universe and reported interval status. Missing population intervals use a zero-to-point ranking sensitivity; missing practical access or academic overlap uses low 0, neutral 0.5, high 1. Base access is therefore a labelled sensitivity, not a measured harmed-population count.",53,53,58,58,1,137,57,57,33,33,33,57,3,reported_tie_interval_but_not_used_for_admission_when_globally_degenerate,scarcity,33,33,51
EXP-020,natural_language_edition,South Africa Setswana Latin-script edition,tn-Latn-ZA,1,South Africa,regional_depth,R3_1m_to_9m; vitality is not inferred from population band,4972787,4972787,4972787,4972787,4972787,source_interval_or_exact_bounds,census_language_most_often_spoken_in_household_persons_age_1_plus,2022,ZA-TSN-2022,ZA-S001,,,high,1,0,2266348,4972787,territory_adult_literacy_proxy_sensitivity;unmeasured_low0_neutral0.5_high1_sensitivity,912737,4073049,18664571,16.77,1220900.362,556425.420,0.000,5448214.546,,FR-2 Formal Reasoning Core,MV-1,D3,1612429,5474018,21073801,resolved_explicit_scoring_profile_population_scope_preserved,provisional_gross_ceiling_and_sensitivity_only,one exact population observation; excluded if consumed by a selected shared-core package,"Population values retain the source universe and reported interval status. Missing population intervals use a zero-to-point ranking sensitivity; missing practical access or academic overlap uses low 0, neutral 0.5, high 1. Base access is therefore a labelled sensitivity, not a measured harmed-population count.",45,45,49,49,1,137,49,49,38,137,45,49,2,reported_tie_interval_but_not_used_for_admission_when_globally_degenerate,base,45,45,52
EXP-021,natural_language_edition,South Africa Sesotho Latin-script edition,st-Latn-ZA,1,South Africa,regional_depth,R3_1m_to_9m; vitality is not inferred from population band,4678964,4678964,4678964,4678964,4678964,source_interval_or_exact_bounds,census_language_most_often_spoken_in_household_persons_age_1_plus,2022,ZA-SOT-2022,ZA-S001,,,high,1,0,2132438,4678964,territory_adult_literacy_proxy_sensitivity;unmeasured_low0_neutral0.5_high1_sensitivity,912737,4073049,18664571,16.77,1148762.021,523548.330,0.000,5126300.347,,FR-2 Formal Reasoning Core,MV-1,D3,1612429,5474018,21073801,resolved_explicit_scoring_profile_population_scope_preserved,provisional_gross_ceiling_and_sensitivity_only,one exact population observation; excluded if consumed by a selected shared-core package,"Population values retain the source universe and reported interval status. Missing population intervals use a zero-to-point ranking sensitivity; missing practical access or academic overlap uses low 0, neutral 0.5, high 1. Base access is therefore a labelled sensitivity, not a measured harmed-population count.",47,47,50,50,1,137,50,50,38,137,47,50,2,reported_tie_interval_but_not_used_for_admission_when_globally_degenerate,optimistic,50,50,53
NAT-105,natural_language_edition,Maori,mi-Latn-NZ,1,New Zealand,regional_depth,R2_100k_to_999k; vitality is not inferred from population band,213847,213849,213851,213847,213851,source_interval_or_exact_bounds,census_languages_spoken_multiple_response_persons,2023,POP-NZ-002,PM-S014,,,high,1,0,53462,213851,unmeasured_low0_neutral0.5_high1_sensitivity;unmeasured_low0_neutral0.5_high1_sensitivity,912737,4073049,18664571,16.77,52503.419,13125.793,0.000,234296.407,12089.715,FR-2 Formal Reasoning Core,MV-1,D3,1612429,5474018,21073801,,,one exact population observation; excluded if consumed by a selected shared-core package,"Population values retain the source universe and reported interval status. Missing population intervals use a zero-to-point ranking sensitivity; missing practical access or academic overlap uses low 0, neutral 0.5, high 1. Base access is therefore a labelled sensitivity, not a measured harmed-population count.",82,82,82,82,1,137,82,82,34,34,34,82,3,reported_tie_interval_but_not_used_for_admission_when_globally_degenerate,scarcity,34,34,54
EXP-006,natural_language_edition,Indonesia Minangkabau Latin-script edition,min-Latn-ID,1,Indonesia,regional_depth,R3_1m_to_9m; vitality is not inferred from population band,4232226,4232226,4232226,4232226,4232226,source_interval_or_exact_bounds,daily_language_at_home_age5plus_persons,2010,POP-ID-006,PM-S005,,,high,1,0,2031468,4232226,territory_adult_literacy_proxy_sensitivity;unmeasured_low0_neutral0.5_high1_sensitivity,912737,4073049,18664571,16.77,1039080.551,498758.547,0.000,4636851.579,,FR-2 Formal Reasoning Core,MV-1,D3,1612429,5474018,21073801,resolved_explicit_scoring_profile_population_scope_preserved,provisional_gross_ceiling_and_sensitivity_only,one exact population observation; excluded if consumed by a selected shared-core package,"Population values retain the source universe and reported interval status. Missing population intervals use a zero-to-point ranking sensitivity; missing practical access or academic overlap uses low 0, neutral 0.5, high 1. Base access is therefore a labelled sensitivity, not a measured harmed-population count.",49,49,54,54,1,137,54,54,38,137,49,54,2,reported_tie_interval_but_not_used_for_admission_when_globally_degenerate,base,49,49,55
EXP-014,natural_language_edition,Ethiopia Tigrinya Ethiopic-script edition,ti-Ethi-ET,1,Ethiopia,regional_depth,R3_1m_to_9m; vitality is not inferred from population band,4324933,4324933,4324933,4324933,4324933,source_interval_or_exact_bounds,census_mother_tongue_persons,2007,POP-ET-004,PM-S020,,,high,1,0,1307427,4324933,territory_adult_literacy_proxy_sensitivity;unmeasured_low0_neutral0.5_high1_sensitivity,912737,4073049,18664571,16.77,1061841.633,320994.665,0.000,4738421.911,,FR-2 Formal Reasoning Core,MV-1,D2,1087145,4356012,18630029,resolved_explicit_scoring_profile_population_scope_preserved,provisional_gross_ceiling_and_sensitivity_only,one exact population observation; excluded if consumed by a selected shared-core package,"Population values retain the source universe and reported interval status. Missing population intervals use a zero-to-point ranking sensitivity; missing practical access or academic overlap uses low 0, neutral 0.5, high 1. Base access is therefore a labelled sensitivity, not a measured harmed-population count.",57,57,52,52,1,137,52,52,38,137,52,57,2,reported_tie_interval_but_not_used_for_admission_when_globally_degenerate,optimistic,52,52,56
EXP-037,natural_language_edition,Ireland Irish Latin-script daily-use edition,ga-Latn-IE,1,Ireland,small_population_prestige_domain_screen,R1_below_100k; vitality is not inferred from population band,71968,71968,71968,71968,71968,source_interval_or_exact_bounds,self_reported_daily_use_outside_education_persons,2022,POP-EU-003,PM-S016,,,high,1,0,17992,71968,unmeasured_low0_neutral0.5_high1_sensitivity;unmeasured_low0_neutral0.5_high1_sensitivity,912737,4073049,18664571,16.77,17669.318,4417.330,0.000,78848.562,736.303,FR-2 Formal Reasoning Core,MV-1,D3,1612429,5474018,21073801,resolved_explicit_scoring_profile_population_scope_preserved,provisional_gross_ceiling_and_sensitivity_only,one exact population observation; excluded if consumed by a selected shared-core package,"Population values retain the source universe and reported interval status. Missing population intervals use a zero-to-point ranking sensitivity; missing practical access or academic overlap uses low 0, neutral 0.5, high 1. Base access is therefore a labelled sensitivity, not a measured harmed-population count.",94,94,91,91,1,137,91,91,35,35,35,94,3,reported_tie_interval_but_not_used_for_admission_when_globally_degenerate,scarcity,35,35,57
EXP-007,natural_language_edition,Indonesia Banjar Latin-script edition,bjn-Latn-ID,1,Indonesia,regional_depth,R3_1m_to_9m; vitality is not inferred from population band,3651626,3651626,3651626,3651626,3651626,source_interval_or_exact_bounds,daily_language_at_home_age5plus_persons,2010,POP-ID-007,PM-S005,,,high,1,0,1752780,3651626,territory_adult_literacy_proxy_sensitivity;unmeasured_low0_neutral0.5_high1_sensitivity,912737,4073049,18664571,16.77,896533.776,430336.095,0.000,4000742.821,,FR-2 Formal Reasoning Core,MV-1,D3,1612429,5474018,21073801,resolved_explicit_scoring_profile_population_scope_preserved,provisional_gross_ceiling_and_sensitivity_only,one exact population observation; excluded if consumed by a selected shared-core package,"Population values retain the source universe and reported interval status. Missing population intervals use a zero-to-point ranking sensitivity; missing practical access or academic overlap uses low 0, neutral 0.5, high 1. Base access is therefore a labelled sensitivity, not a measured harmed-population count.",50,50,55,55,1,137,55,55,38,137,50,55,2,reported_tie_interval_but_not_used_for_admission_when_globally_degenerate,base,50,50,58
OBS-POP-SN-AFG-002,natural_language_edition,"Senegal Pulaar, official Latin orthography",fuc-Latn-SN,1,Senegal,regional_depth,R3_1m_to_9m; vitality is not inferred from population band,4314509,4314509,4314509,4314509,4314509,source_interval_or_exact_bounds,census_principal_language_commonly_spoken_persons_age_3_plus,2023,POP-SN-AFG-002,AFG-S009,,,high,1,0,1086393,4314509,territory_adult_literacy_proxy_sensitivity;unmeasured_low0_neutral0.5_high1_sensitivity,912737,4073049,18664571,16.77,1059282.371,266727.211,0.000,4727001.316,,FR-2 Formal Reasoning Core,MV-1,D2,1087145,4356012,18630029,resolved_explicit_profile_with_script_caveat,rankable target profile; population remains only the cited observed audience,one exact population observation; excluded if consumed by a selected shared-core package,"Population values retain the source universe and reported interval status. Missing population intervals use a zero-to-point ranking sensitivity; missing practical access or academic overlap uses low 0, neutral 0.5, high 1. Base access is therefore a labelled sensitivity, not a measured harmed-population count.",63,63,53,53,1,137,53,53,38,137,53,63,2,reported_tie_interval_but_not_used_for_admission_when_globally_degenerate,optimistic,53,53,59
OBS-GRG-PL-007,natural_language_edition,Official-standard Belarusian,be-Cyrl-BY,1,Poland,small_population_prestige_domain_screen,R1_below_100k; vitality is not inferred from population band,17325,17325,17325,17325,17325,source_interval_or_exact_bounds,census_languages_used_at_home_multiple_response_persons,2021-03-31,GRG-PL-007,GRG-S006,,,high,1,0,4331,17325,unmeasured_low0_neutral0.5_high1_sensitivity;unmeasured_low0_neutral0.5_high1_sensitivity,912737,4073049,18664571,16.77,4253.570,1063.331,0.000,18981.371,727.465,FR-2 Formal Reasoning Core,MV-1,D3,1612429,5474018,21073801,resolved_explicit_profile_with_variant_caveat,rankable target profile; population remains only the cited observed audience,one exact population observation; excluded if consumed by a selected shared-core package,"Population values retain the source universe and reported interval status. Missing population intervals use a zero-to-point ranking sensitivity; missing practical access or academic overlap uses low 0, neutral 0.5, high 1. Base access is therefore a labelled sensitivity, not a measured harmed-population count.",101,101,101,101,1,137,101,101,36,36,36,101,3,reported_tie_interval_but_not_used_for_admission_when_globally_degenerate,scarcity,36,36,60
NAT-037,natural_language_edition,Waray,war-Latn-PH,1,Philippines,regional_depth,R3_1m_to_9m; vitality is not inferred from population band,0,2694135,2694135,,,source_point_without_interval_model_low_zero_high_point,CLEAR_normalized_main_language_weighted_persons_from_IPUMS_2010_census_extract,2010-12-31,ASSEC-PH-WAR-001,ASSEC-S008,,,high,2,0,1326457,2694135,territory_adult_literacy_proxy_sensitivity;unmeasured_low0_neutral0.5_high1_sensitivity,912737,4073049,18664571,16.77,661454.110,325666.841,0.000,2951710.076,,FR-2 Formal Reasoning Core,MV-1,D3,1612429,5474018,21073801,,,one exact population observation; excluded if consumed by a selected shared-core package,"Population values retain the source universe and reported interval status. Missing population intervals use a zero-to-point ranking sensitivity; missing practical access or academic overlap uses low 0, neutral 0.5, high 1. Base access is therefore a labelled sensitivity, not a measured harmed-population count.",56,56,62,62,1,137,61,61,38,137,56,61,2,reported_tie_interval_but_not_used_for_admission_when_globally_degenerate,base,56,56,61
EXP-015,natural_language_edition,Ethiopia Sidama Latin-script edition,sid-Latn-ET,1,Ethiopia,regional_depth,R3_1m_to_9m; vitality is not inferred from population band,2981471,2981471,2981471,2981471,2981471,source_interval_or_exact_bounds,census_mother_tongue_persons,2007,POP-ET-005,PM-S020,,,high,1,0,901299,2981471,territory_adult_literacy_proxy_sensitivity;unmeasured_low0_neutral0.5_high1_sensitivity,912737,4073049,18664571,16.77,731999.787,221283.613,0.000,3266517.080,,FR-2 Formal Reasoning Core,MV-1,D2,1087145,4356012,18630029,resolved_explicit_scoring_profile_population_scope_preserved,provisional_gross_ceiling_and_sensitivity_only,one exact population observation; excluded if consumed by a selected shared-core package,"Population values retain the source universe and reported interval status. Missing population intervals use a zero-to-point ranking sensitivity; missing practical access or academic overlap uses low 0, neutral 0.5, high 1. Base access is therefore a labelled sensitivity, not a measured harmed-population count.",65,65,59,59,1,137,58,58,38,137,58,65,2,reported_tie_interval_but_not_used_for_admission_when_globally_degenerate,optimistic,58,58,62
OBS-GRG-PL-010,natural_language_edition,Standard Lithuanian,lt-Latn-LT,1,Poland,small_population_prestige_domain_screen,R1_below_100k; vitality is not inferred from population band,5422,5422,5422,5422,5422,source_interval_or_exact_bounds,census_languages_used_at_home_multiple_response_persons,2021-03-31,GRG-PL-010,GRG-S006,,,high,1,0,1356,5422,unmeasured_low0_neutral0.5_high1_sensitivity;unmeasured_low0_neutral0.5_high1_sensitivity,912737,4073049,18664571,16.77,1331.189,332.920,0.000,5940.375,61.379,FR-2 Formal Reasoning Core,MV-1,D3,1612429,5474018,21073801,resolved_single_profile,rank only after scarcity/non-overlap evidence; do not infer a gap from the Poland subset count,one exact population observation; excluded if consumed by a selected shared-core package,"Population values retain the source universe and reported interval status. Missing population intervals use a zero-to-point ranking sensitivity; missing practical access or academic overlap uses low 0, neutral 0.5, high 1. Base access is therefore a labelled sensitivity, not a measured harmed-population count.",116,116,116,116,1,137,118,118,37,37,37,118,3,reported_tie_interval_but_not_used_for_admission_when_globally_degenerate,scarcity,37,37,63
EXP-008,natural_language_edition,Indonesia Sasak Latin-script edition,sas-Latn-ID,1,Indonesia,regional_depth,R3_1m_to_9m; vitality is not inferred from population band,2691127,2691127,2691127,2691127,2691127,source_interval_or_exact_bounds,daily_language_at_home_age5plus_persons,2010,POP-ID-012,PM-S005,,,high,1,0,1291741,2691127,territory_adult_literacy_proxy_sensitivity;unmeasured_low0_neutral0.5_high1_sensitivity,912737,4073049,18664571,16.77,660715.597,317143.496,0.000,2948414.494,,FR-2 Formal Reasoning Core,MV-1,D3,1612429,5474018,21073801,resolved_explicit_scoring_profile_population_scope_preserved,provisional_gross_ceiling_and_sensitivity_only,one exact population observation; excluded if consumed by a selected shared-core package,"Population values retain the source universe and reported interval status. Missing population intervals use a zero-to-point ranking sensitivity; missing practical access or academic overlap uses low 0, neutral 0.5, high 1. Base access is therefore a labelled sensitivity, not a measured harmed-population count.",58,58,63,63,1,137,62,62,38,137,58,62,2,reported_tie_interval_but_not_used_for_admission_when_globally_degenerate,base,58,58,64
EXP-022,natural_language_edition,South Africa Xitsonga Latin-script edition,ts-Latn-ZA,1,South Africa,regional_depth,R3_1m_to_9m; vitality is not inferred from population band,2784279,2784279,2784279,2784279,2784279,source_interval_or_exact_bounds,census_language_most_often_spoken_in_household_persons_age_1_plus,2022,ZA-TSO-2022,ZA-S001,,,high,1,0,1268935,2784279,territory_adult_literacy_proxy_sensitivity;unmeasured_low0_neutral0.5_high1_sensitivity,912737,4073049,18664571,16.77,683585.933,311544.251,0.000,3050472.370,,FR-2 Formal Reasoning Core,MV-1,D3,1612429,5474018,21073801,resolved_explicit_scoring_profile_population_scope_preserved,provisional_gross_ceiling_and_sensitivity_only,one exact population observation; excluded if consumed by a selected shared-core package,"Population values retain the source universe and reported interval status. Missing population intervals use a zero-to-point ranking sensitivity; missing practical access or academic overlap uses low 0, neutral 0.5, high 1. Base access is therefore a labelled sensitivity, not a measured harmed-population count.",59,59,60,60,1,137,59,59,38,137,59,59,2,reported_tie_interval_but_not_used_for_admission_when_globally_degenerate,optimistic,59,59,65
EXP-009,natural_language_edition,Indonesia Acehnese Latin-script edition,ace-Latn-ID,1,Indonesia,regional_depth,R3_1m_to_9m; vitality is not inferred from population band,2550055,2550055,2550055,2550055,2550055,source_interval_or_exact_bounds,daily_language_at_home_age5plus_persons,2010,POP-ID-013,PM-S005,,,high,1,0,1224026,2550055,territory_adult_literacy_proxy_sensitivity;unmeasured_low0_neutral0.5_high1_sensitivity,912737,4073049,18664571,16.77,626080.118,300518.359,0.000,2793855.185,,FR-2 Formal Reasoning Core,MV-1,D3,1612429,5474018,21073801,resolved_explicit_scoring_profile_population_scope_preserved,provisional_gross_ceiling_and_sensitivity_only,one exact population observation; excluded if consumed by a selected shared-core package,"Population values retain the source universe and reported interval status. Missing population intervals use a zero-to-point ranking sensitivity; missing practical access or academic overlap uses low 0, neutral 0.5, high 1. Base access is therefore a labelled sensitivity, not a measured harmed-population count.",60,60,64,64,1,137,63,63,38,137,60,63,2,reported_tie_interval_but_not_used_for_admission_when_globally_degenerate,base,60,60,66
NAT-021,natural_language_edition,Brahui,brh-Arab-PK,1,Pakistan,regional_depth,R3_1m_to_9m; vitality is not inferred from population band,2778670,2778670,2778670,2778670,2778670,source_interval_or_exact_bounds,census_mother_tongue_persons,2023,POP-PK-009,PM-S003,,,high,1,0,817763,2778670,territory_adult_literacy_proxy_sensitivity;unmeasured_low0_neutral0.5_high1_sensitivity,912737,4073049,18664571,16.77,682208.832,200774.162,0.000,3044327.117,,FR-2 Formal Reasoning Core,MV-1,D2,1087145,4356012,18630029,,,one exact population observation; excluded if consumed by a selected shared-core package,"Population values retain the source universe and reported interval status. Missing population intervals use a zero-to-point ranking sensitivity; missing practical access or academic overlap uses low 0, neutral 0.5, high 1. Base access is therefore a labelled sensitivity, not a measured harmed-population count.",66,66,61,61,1,137,60,60,38,137,60,66,2,reported_tie_interval_but_not_used_for_admission_when_globally_degenerate,optimistic,60,60,67
NAT-079,natural_language_edition,Kirundi,rn-Latn-BI,1,Burundi,regional_depth,R3_1m_to_9m; vitality is not inferred from population band,2261931,2261931,2261931,2261931,2261931,source_interval_or_exact_bounds,derived_census_any_kirundi_read_and_written_persons_age_10_plus,2008,POP-BI-AFG-002,AFG-S011,,,high,1,0,1130966,2261931,source_population_already_restricted_to_direct_literacy_access_stratum;unmeasured_low0_neutral0.5_high1_sensitivity,912737,4073049,18664571,16.77,555340.974,277670.610,0.000,2478184.844,,FR-2 Formal Reasoning Core,MV-1,D2,1087145,4356012,18630029,,,one exact population observation; excluded if consumed by a selected shared-core package,"Population values retain the source universe and reported interval status. Missing population intervals use a zero-to-point ranking sensitivity; missing practical access or academic overlap uses low 0, neutral 0.5, high 1. Base access is therefore a labelled sensitivity, not a measured harmed-population count.",61,61,65,65,1,137,64,64,38,137,61,64,2,reported_tie_interval_but_not_used_for_admission_when_globally_degenerate,base,61,61,68
EXP-010,natural_language_edition,Indonesia Betawi Latin-script edition,bew-Latn-ID,1,Indonesia,regional_depth,R3_1m_to_9m; vitality is not inferred from population band,2244648,2244648,2244648,2244648,2244648,source_interval_or_exact_bounds,daily_language_at_home_age5plus_persons,2010,POP-ID-014,PM-S005,,,high,1,0,1077431,2244648,territory_adult_literacy_proxy_sensitivity;unmeasured_low0_neutral0.5_high1_sensitivity,912737,4073049,18664571,16.77,551097.716,264526.894,0.000,2459249.488,,FR-2 Formal Reasoning Core,MV-1,D3,1612429,5474018,21073801,resolved_explicit_scoring_profile_population_scope_preserved,provisional_gross_ceiling_and_sensitivity_only,one exact population observation; excluded if consumed by a selected shared-core package,"Population values retain the source universe and reported interval status. Missing population intervals use a zero-to-point ranking sensitivity; missing practical access or academic overlap uses low 0, neutral 0.5, high 1. Base access is therefore a labelled sensitivity, not a measured harmed-population count.",64,64,66,66,1,137,65,65,38,137,64,65,2,reported_tie_interval_but_not_used_for_admission_when_globally_degenerate,optimistic,65,65,69
NAT-023,natural_language_edition,Maithili Nepal profile,mai-Deva-NP,1,Nepal,regional_depth,R3_1m_to_9m; vitality is not inferred from population band,3222389,3222389,3222389,3222389,3222389,source_interval_or_exact_bounds,census_mother_tongue_persons,2021,POP-NP-002,PM-S004,,,high,1,0,1105279,2210559,direct_language_specific_literacy_rate;unmeasured_low0_neutral0.5_high1_sensitivity,912737,4073049,18664571,16.77,791149.088,271364.032,0.000,2421901.380,,FR-2 Formal Reasoning Core,MV-1,D2,1087145,4356012,18630029,,,one exact population observation; excluded if consumed by a selected shared-core package,"Population values retain the source universe and reported interval status. Missing population intervals use a zero-to-point ranking sensitivity; missing practical access or academic overlap uses low 0, neutral 0.5, high 1. Base access is therefore a labelled sensitivity, not a measured harmed-population count.",62,62,57,57,1,137,66,66,38,137,62,66,2,reported_tie_interval_but_not_used_for_admission_when_globally_degenerate,base,62,62,70
EXP-023,natural_language_edition,South Africa siSwati Latin-script edition,ss-Latn-ZA,1,South Africa,regional_depth,R3_1m_to_9m; vitality is not inferred from population band,1692719,1692719,1692719,1692719,1692719,source_interval_or_exact_bounds,census_language_most_often_spoken_in_household_persons_age_1_plus,2022,ZA-SSW-2022,ZA-S001,,,high,1,0,771457,1692719,territory_adult_literacy_proxy_sensitivity;unmeasured_low0_neutral0.5_high1_sensitivity,912737,4073049,18664571,16.77,415590.139,189405.283,0.000,1854552.845,,FR-2 Formal Reasoning Core,MV-1,D3,1612429,5474018,21073801,resolved_explicit_scoring_profile_population_scope_preserved,provisional_gross_ceiling_and_sensitivity_only,one exact population observation; excluded if consumed by a selected shared-core package,"Population values retain the source universe and reported interval status. Missing population intervals use a zero-to-point ranking sensitivity; missing practical access or academic overlap uses low 0, neutral 0.5, high 1. Base access is therefore a labelled sensitivity, not a measured harmed-population count.",67,67,68,68,1,137,67,67,38,137,67,67,2,reported_tie_interval_but_not_used_for_admission_when_globally_degenerate,optimistic,67,67,71
NAT-076,natural_language_edition,Zimbabwean Ndebele,nd-Latn-ZW,1,Zimbabwe,regional_depth,R3_1m_to_9m; vitality is not inferred from population band,1599324,1599324,1599324,1599324,1599324,source_interval_or_exact_bounds,census_mother_tongue_persons,2022,POP-ZW-002,PM-S011,,,high,1,0,745525,1599324,territory_adult_literacy_proxy_sensitivity;unmeasured_low0_neutral0.5_high1_sensitivity,912737,4073049,18664571,16.77,392660.142,183038.554,0.000,1752228.736,,FR-2 Formal Reasoning Core,MV-1,D2,1087145,4356012,18630029,,,one exact population observation; excluded if consumed by a selected shared-core package,"Population values retain the source universe and reported interval status. Missing population intervals use a zero-to-point ranking sensitivity; missing practical access or academic overlap uses low 0, neutral 0.5, high 1. Base access is therefore a labelled sensitivity, not a measured harmed-population count.",68,68,70,70,1,137,69,69,38,137,68,69,2,reported_tie_interval_but_not_used_for_admission_when_globally_degenerate,base,68,68,72
EXP-016,natural_language_edition,Ethiopia Wolaytta Latin-script edition,wal-Latn-ET,1,Ethiopia,regional_depth,R3_1m_to_9m; vitality is not inferred from population band,1627955,1627955,1627955,1627955,1627955,source_interval_or_exact_bounds,census_mother_tongue_persons,2007,POP-ET-006,PM-S020,,,high,1,0,492131,1627955,territory_adult_literacy_proxy_sensitivity;unmeasured_low0_neutral0.5_high1_sensitivity,912737,4073049,18664571,16.77,399689.520,120826.192,0.000,1783597.027,,FR-2 Formal Reasoning Core,MV-1,D2,1087145,4356012,18630029,resolved_explicit_scoring_profile_population_scope_preserved,provisional_gross_ceiling_and_sensitivity_only,one exact population observation; excluded if consumed by a selected shared-core package,"Population values retain the source universe and reported interval status. Missing population intervals use a zero-to-point ranking sensitivity; missing practical access or academic overlap uses low 0, neutral 0.5, high 1. Base access is therefore a labelled sensitivity, not a measured harmed-population count.",72,72,69,69,1,137,68,68,38,137,68,72,2,reported_tie_interval_but_not_used_for_admission_when_globally_degenerate,optimistic,68,68,73
EXP-024,natural_language_edition,South Africa Tshivenda Latin-script edition,ve-Latn-ZA,1,South Africa,regional_depth,R3_1m_to_9m; vitality is not inferred from population band,1480565,1480565,1480565,1480565,1480565,source_interval_or_exact_bounds,census_language_most_often_spoken_in_household_persons_age_1_plus,2022,ZA-VEN-2022,ZA-S001,,,high,1,0,674768,1480565,territory_adult_literacy_proxy_sensitivity;unmeasured_low0_neutral0.5_high1_sensitivity,912737,4073049,18664571,16.77,363502.870,165666.556,0.000,1622115.681,,FR-2 Formal Reasoning Core,MV-1,D3,1612429,5474018,21073801,resolved_explicit_scoring_profile_population_scope_preserved,provisional_gross_ceiling_and_sensitivity_only,one exact population observation; excluded if consumed by a selected shared-core package,"Population values retain the source universe and reported interval status. Missing population intervals use a zero-to-point ranking sensitivity; missing practical access or academic overlap uses low 0, neutral 0.5, high 1. Base access is therefore a labelled sensitivity, not a measured harmed-population count.",69,69,71,71,1,137,70,70,38,137,69,70,2,reported_tie_interval_but_not_used_for_admission_when_globally_degenerate,base,69,69,74
NAT-024,natural_language_edition,Bhojpuri Nepal profile,bho-Deva-NP,1,Nepal,regional_depth,R3_1m_to_9m; vitality is not inferred from population band,1820795,1820795,1820795,1820795,1820795,source_interval_or_exact_bounds,census_mother_tongue_persons,2021,POP-NP-003,PM-S004,,,high,1,0,627264,1254528,direct_language_specific_literacy_rate;unmeasured_low0_neutral0.5_high1_sensitivity,912737,4073049,18664571,16.77,447034.887,154003.549,0.000,1374468.220,,FR-2 Formal Reasoning Core,MV-1,D2,1087145,4356012,18630029,,,one exact population observation; excluded if consumed by a selected shared-core package,"Population values retain the source universe and reported interval status. Missing population intervals use a zero-to-point ranking sensitivity; missing practical access or academic overlap uses low 0, neutral 0.5, high 1. Base access is therefore a labelled sensitivity, not a measured harmed-population count.",70,70,67,67,1,137,71,71,38,137,70,71,2,reported_tie_interval_but_not_used_for_admission_when_globally_degenerate,optimistic,71,71,75
EXP-029,natural_language_edition,Mauritius Mauritian Creole Latin-script edition,mfe-Latn-MU,1,Mauritius,regional_depth,R3_1m_to_9m; vitality is not inferred from population band,1045558,1045558,1045558,1045558,1045558,source_interval_or_exact_bounds,language_usually_spoken_at_home_persons,2022,POP-MU-004,PM-S013,,,high,1,0,492917,1045558,territory_adult_literacy_proxy_sensitivity;unmeasured_low0_neutral0.5_high1_sensitivity,912737,4073049,18664571,16.77,256701.552,121019.168,0.000,1145519.465,,FR-2 Formal Reasoning Core,MV-1,D3,1612429,5474018,21073801,resolved_explicit_scoring_profile_population_scope_preserved,provisional_gross_ceiling_and_sensitivity_only,one exact population observation; excluded if consumed by a selected shared-core package,"Population values retain the source universe and reported interval status. Missing population intervals use a zero-to-point ranking sensitivity; missing practical access or academic overlap uses low 0, neutral 0.5, high 1. Base access is therefore a labelled sensitivity, not a measured harmed-population count.",71,71,73,73,1,137,73,73,38,137,71,73,2,reported_tie_interval_but_not_used_for_admission_when_globally_degenerate,base,71,71,76
EXP-017,natural_language_edition,Ethiopia Hadiyya Latin-script edition,hdy-Latn-ET,1,Ethiopia,regional_depth,R3_1m_to_9m; vitality is not inferred from population band,1253894,1253894,1253894,1253894,1253894,source_interval_or_exact_bounds,census_mother_tongue_persons,2007,POP-ET-009,PM-S020,,,high,1,0,379052,1253894,territory_adult_literacy_proxy_sensitivity;unmeasured_low0_neutral0.5_high1_sensitivity,912737,4073049,18664571,16.77,307851.440,93063.452,0.000,1373773.606,,FR-2 Formal Reasoning Core,MV-1,D2,1087145,4356012,18630029,resolved_explicit_scoring_profile_population_scope_preserved,provisional_gross_ceiling_and_sensitivity_only,one exact population observation; excluded if consumed by a selected shared-core package,"Population values retain the source universe and reported interval status. Missing population intervals use a zero-to-point ranking sensitivity; missing practical access or academic overlap uses low 0, neutral 0.5, high 1. Base access is therefore a labelled sensitivity, not a measured harmed-population count.",74,74,72,72,1,137,72,72,38,137,72,74,2,reported_tie_interval_but_not_used_for_admission_when_globally_degenerate,optimistic,72,72,77
EXP-025,natural_language_edition,South Africa isiNdebele Latin-script edition,nr-Latn-ZA,1,South Africa,regional_depth,R3_1m_to_9m; vitality is not inferred from population band,1044377,1044377,1044377,1044377,1044377,source_interval_or_exact_bounds,census_language_most_often_spoken_in_household_persons_age_1_plus,2022,ZA-NBL-2022,ZA-S001,,,high,1,0,475975,1044377,territory_adult_literacy_proxy_sensitivity;unmeasured_low0_neutral0.5_high1_sensitivity,912737,4073049,18664571,16.77,256411.597,116859.630,0.000,1144225.555,,FR-2 Formal Reasoning Core,MV-1,D3,1612429,5474018,21073801,resolved_explicit_scoring_profile_population_scope_preserved,provisional_gross_ceiling_and_sensitivity_only,one exact population observation; excluded if consumed by a selected shared-core package,"Population values retain the source universe and reported interval status. Missing population intervals use a zero-to-point ranking sensitivity; missing practical access or academic overlap uses low 0, neutral 0.5, high 1. Base access is therefore a labelled sensitivity, not a measured harmed-population count.",73,73,74,74,1,137,74,74,38,137,73,74,2,reported_tie_interval_but_not_used_for_admission_when_globally_degenerate,base,73,73,78
OBS-GRG-US-025,natural_language_edition,Standard Haitian Creole,ht-Latn-HT,1,United States,regional_depth,R2_100k_to_999k; vitality is not inferred from population band,852440,867500,882560,852440,882560,source_interval_or_exact_bounds,acs_2017_2021_estimated_persons_age5plus_language_spoken_at_home,2017-2021,GRG-US-025,GRG-S001,,,high,1,0,216875,882560,unmeasured_low0_neutral0.5_high1_sensitivity;unmeasured_low0_neutral0.5_high1_sensitivity,912737,4073049,18664571,16.77,212985.407,53246.352,0.000,966937.902,,FR-2 Formal Reasoning Core,MV-1,D3,1612429,5474018,21073801,resolved_single_profile,rankable target profile; population remains only the cited observed audience,one exact population observation; excluded if consumed by a selected shared-core package,"Population values retain the source universe and reported interval status. Missing population intervals use a zero-to-point ranking sensitivity; missing practical access or academic overlap uses low 0, neutral 0.5, high 1. Base access is therefore a labelled sensitivity, not a measured harmed-population count.",77,77,75,75,1,137,75,75,38,137,75,77,2,reported_tie_interval_but_not_used_for_admission_when_globally_degenerate,optimistic,75,75,79
EXP-011,natural_language_edition,Indonesia Nias Latin-script edition,nia-Latn-ID,1,Indonesia,regional_depth,R2_100k_to_999k; vitality is not inferred from population band,747168,747168,747168,747168,747168,source_interval_or_exact_bounds,daily_language_at_home_age5plus_persons,2010,POP-ID-017,PM-S005,,,high,1,0,358641,747168,territory_adult_literacy_proxy_sensitivity;unmeasured_low0_neutral0.5_high1_sensitivity,912737,4073049,18664571,16.77,183441.937,88052.218,0.000,818601.634,,FR-2 Formal Reasoning Core,MV-1,D3,1612429,5474018,21073801,resolved_explicit_scoring_profile_population_scope_preserved,provisional_gross_ceiling_and_sensitivity_only,one exact population observation; excluded if consumed by a selected shared-core package,"Population values retain the source universe and reported interval status. Missing population intervals use a zero-to-point ranking sensitivity; missing practical access or academic overlap uses low 0, neutral 0.5, high 1. Base access is therefore a labelled sensitivity, not a measured harmed-population count.",75,75,77,77,1,137,76,76,38,137,75,76,2,reported_tie_interval_but_not_used_for_admission_when_globally_degenerate,base,75,75,80
NAT-026,natural_language_edition,Avadhi Nepal profile,awa-Deva-NP,1,Nepal,regional_depth,R2_100k_to_999k; vitality is not inferred from population band,864276,864276,864276,864276,864276,source_interval_or_exact_bounds,census_mother_tongue_persons,2021,POP-NP-007,PM-S004,,,high,1,0,276568,553137,direct_language_specific_literacy_rate;unmeasured_low0_neutral0.5_high1_sensitivity,912737,4073049,18664571,16.77,212193.863,67901.957,0.000,606020.135,,FR-2 Formal Reasoning Core,MV-1,D2,1087145,4356012,18630029,,,one exact population observation; excluded if consumed by a selected shared-core package,"Population values retain the source universe and reported interval status. Missing population intervals use a zero-to-point ranking sensitivity; missing practical access or academic overlap uses low 0, neutral 0.5, high 1. Base access is therefore a labelled sensitivity, not a measured harmed-population count.",76,76,76,76,1,137,77,77,38,137,76,77,2,reported_tie_interval_but_not_used_for_admission_when_globally_degenerate,optimistic,77,77,81
EXP-030,natural_language_edition,Zimbabwe Ndau Latin-script edition,ndc-Latn-ZW,1,Zimbabwe,regional_depth,R2_100k_to_999k; vitality is not inferred from population band,372607,372607,372607,372607,372607,source_interval_or_exact_bounds,census_mother_tongue_persons,2022,POP-ZW-006,PM-S011,,,high,1,0,173691,372607,territory_adult_literacy_proxy_sensitivity;unmeasured_low0_neutral0.5_high1_sensitivity,912737,4073049,18664571,16.77,91481.099,42643.975,0.000,408230.410,,FR-2 Formal Reasoning Core,MV-1,D2,1087145,4356012,18630029,resolved_explicit_scoring_profile_population_scope_preserved,provisional_gross_ceiling_and_sensitivity_only,one exact population observation; excluded if consumed by a selected shared-core package,"Population values retain the source universe and reported interval status. Missing population intervals use a zero-to-point ranking sensitivity; missing practical access or academic overlap uses low 0, neutral 0.5, high 1. Base access is therefore a labelled sensitivity, not a measured harmed-population count.",78,78,80,80,1,137,80,80,38,137,78,80,2,reported_tie_interval_but_not_used_for_admission_when_globally_degenerate,base,78,78,82
OBS-GRG-PL-002,natural_language_edition,Silesian in ślabikŏrzowy szrajbōnek,szl-Latn-PL,1,Poland,regional_depth,R2_100k_to_999k; vitality is not inferred from population band,467145,467145,467145,467145,467145,source_interval_or_exact_bounds,census_languages_used_at_home_multiple_response_persons,2021-03-31,GRG-PL-002,GRG-S006,,,high,1,0,116786,467145,unmeasured_low0_neutral0.5_high1_sensitivity;unmeasured_low0_neutral0.5_high1_sensitivity,912737,4073049,18664571,16.77,114691.721,28672.869,0.000,511806.796,,FR-2 Formal Reasoning Core,MV-1,D3,1612429,5474018,21073801,resolved_explicit_profile_with_variant_caveat,rankable target profile; population remains only the cited observed audience,one exact population observation; excluded if consumed by a selected shared-core package,"Population values retain the source universe and reported interval status. Missing population intervals use a zero-to-point ranking sensitivity; missing practical access or academic overlap uses low 0, neutral 0.5, high 1. Base access is therefore a labelled sensitivity, not a measured harmed-population count.",81,81,78,78,1,137,78,78,38,137,78,81,2,reported_tie_interval_but_not_used_for_admission_when_globally_degenerate,optimistic,78,78,83
NAT-041,natural_language_edition,Tetum Prasa,tet-Latn-TL,1,Timor-Leste,regional_depth,R2_100k_to_999k; vitality is not inferred from population band,361027,361027,361027,361027,361027,source_interval_or_exact_bounds,census_mother_tongue_persons,2015,ALG-TL-L001,ALG-S014,,,high,1,0,125276,361027,territory_adult_literacy_proxy_sensitivity;unmeasured_low0_neutral0.5_high1_sensitivity,912737,4073049,18664571,16.77,88638.020,30757.302,0.000,395543.295,,FR-2 Formal Reasoning Core,MV-1,D2,1087145,4356012,18630029,,,one exact population observation; excluded if consumed by a selected shared-core package,"Population values retain the source universe and reported interval status. Missing population intervals use a zero-to-point ranking sensitivity; missing practical access or academic overlap uses low 0, neutral 0.5, high 1. Base access is therefore a labelled sensitivity, not a measured harmed-population count.",79,79,81,81,1,137,81,81,38,137,79,81,2,reported_tie_interval_but_not_used_for_admission_when_globally_degenerate,base,79,79,84
OBS-POP-SN-AFG-005,natural_language_edition,"Senegal Mandinka (Màndienka), official Latin profile",mnk-Latn-SN,1,Senegal,regional_depth,R2_100k_to_999k; vitality is not inferred from population band,465052,465052,465052,465052,465052,source_interval_or_exact_bounds,census_principal_language_commonly_spoken_persons_age_3_plus,2023,POP-SN-AFG-005,AFG-S009,,,high,1,0,117100,465052,territory_adult_literacy_proxy_sensitivity;unmeasured_low0_neutral0.5_high1_sensitivity,912737,4073049,18664571,16.77,114177.855,28749.961,0.000,509513.693,,FR-2 Formal Reasoning Core,MV-1,D2,1087145,4356012,18630029,resolved_single_profile,rankable target profile; population remains only the cited observed audience,one exact population observation; excluded if consumed by a selected shared-core package,"Population values retain the source universe and reported interval status. Missing population intervals use a zero-to-point ranking sensitivity; missing practical access or academic overlap uses low 0, neutral 0.5, high 1. Base access is therefore a labelled sensitivity, not a measured harmed-population count.",80,80,79,79,1,137,79,79,38,137,79,80,2,reported_tie_interval_but_not_used_for_admission_when_globally_degenerate,optimistic,79,79,85
OBS-GRG-US-030,natural_language_edition,YIVO Standard Yiddish edition for the explicitly named YIVO-reading audience,ydd-Hebr-US,1,United States,regional_depth,R2_100k_to_999k; vitality is not inferred from population band,189401,194800,200199,189401,200199,source_interval_or_exact_bounds,acs_2017_2021_estimated_persons_age5plus_language_spoken_at_home,2017-2021,GRG-US-030,GRG-S001,S-ACS;S-IANA;S-YIVO,ACS Yiddish does not identify YIVO versus Hasidic orthographic audience; the interval is an upper ceiling for this edition,high,1,0,48700,200199,unmeasured_low0_neutral0.5_high1_sensitivity;unmeasured_low0_neutral0.5_high1_sensitivity,912737,4073049,18664571,16.77,47826.579,11956.645,0.000,219339.196,,FR-2 Formal Reasoning Core,MV-1,D3,1612429,5474018,21073801,resolved_exact_single_edition,resolved_single_exact_edition; pooled population counted once; 1 full output cost(s); no shared-core savings credited,one exact population observation; excluded if consumed by a selected shared-core package,"Population values retain the source universe and reported interval status. Missing population intervals use a zero-to-point ranking sensitivity; missing practical access or academic overlap uses low 0, neutral 0.5, high 1. Base access is therefore a labelled sensitivity, not a measured harmed-population count. Profile recovery: ACS Yiddish does not identify YIVO versus Hasidic orthographic audience; the interval is an upper ceiling for this edition Caveat: Exact edition is reproducible but its audience share inside the pooled ACS observation is unknown.",83,83,83,83,1,137,83,83,38,137,83,83,2,reported_tie_interval_but_not_used_for_admission_when_globally_degenerate,base,83,83,86
OBS-GRG-US-029,natural_language_edition,English-oriented Pennsylvania German spelling used by Vitt Du Deitsh Shvetza / Di Heilich Shrift / Ich Kann PA Deitsh Shreiva,pdc-Latn-US,1,United States,regional_depth,R2_100k_to_999k; vitality is not inferred from population band,179920,185200,190480,179920,190480,source_interval_or_exact_bounds,acs_2017_2021_estimated_persons_age5plus_language_spoken_at_home,2017-2021,GRG-US-029,GRG-S001,S-ACS;S-IANA;S-PDC,ACS Pennsylvania German does not identify spelling-system competence; interval is an edition ceiling,high,1,0,46300,190480,unmeasured_low0_neutral0.5_high1_sensitivity;unmeasured_low0_neutral0.5_high1_sensitivity,912737,4073049,18664571,16.77,45469.622,11367.406,0.000,208691.003,,FR-2 Formal Reasoning Core,MV-1,D3,1612429,5474018,21073801,resolved_exact_single_edition,resolved_single_exact_edition; pooled population counted once; 1 full output cost(s); no shared-core savings credited,one exact population observation; excluded if consumed by a selected shared-core package,"Population values retain the source universe and reported interval status. Missing population intervals use a zero-to-point ranking sensitivity; missing practical access or academic overlap uses low 0, neutral 0.5, high 1. Base access is therefore a labelled sensitivity, not a measured harmed-population count. Profile recovery: ACS Pennsylvania German does not identify spelling-system competence; interval is an edition ceiling Caveat: The alternative German-oriented system is not claimed covered.",84,84,84,84,1,137,84,84,38,137,84,84,2,reported_tie_interval_but_not_used_for_admission_when_globally_degenerate,optimistic,84,84,87
EXP-031,natural_language_edition,Timor-Leste Makasai Latin-script edition,mkz-Latn-TL,1,Timor-Leste,regional_depth,R2_100k_to_999k; vitality is not inferred from population band,123840,123840,123840,123840,123840,source_interval_or_exact_bounds,census_mother_tongue_persons,2015,ALG-TL-L003,ALG-S014,,,high,1,0,42972,123840,territory_adult_literacy_proxy_sensitivity;unmeasured_low0_neutral0.5_high1_sensitivity,912737,4073049,18664571,16.77,30404.741,10550.327,0.000,135679.829,,FR-2 Formal Reasoning Core,MV-1,D2,1087145,4356012,18630029,resolved_explicit_scoring_profile_population_scope_preserved,provisional_gross_ceiling_and_sensitivity_only,one exact population observation; excluded if consumed by a selected shared-core package,"Population values retain the source universe and reported interval status. Missing population intervals use a zero-to-point ranking sensitivity; missing practical access or academic overlap uses low 0, neutral 0.5, high 1. Base access is therefore a labelled sensitivity, not a measured harmed-population count.",85,85,86,86,1,137,86,86,38,137,85,86,2,reported_tie_interval_but_not_used_for_admission_when_globally_degenerate,base,85,85,88
OBS-GRG-US-003,natural_language_edition,Diné Bizaad in Navajo Nation school orthography,nv-Latn-US,1,United States,regional_depth,R2_100k_to_999k; vitality is not inferred from population band,158202,161200,164198,158202,164198,source_interval_or_exact_bounds,acs_2017_2021_estimated_persons_age5plus_language_spoken_at_home,2017-2021,GRG-US-003,GRG-S001,,,high,1,0,40300,164198,unmeasured_low0_neutral0.5_high1_sensitivity;unmeasured_low0_neutral0.5_high1_sensitivity,912737,4073049,18664571,16.77,39577.231,9894.308,0.000,179896.290,,FR-2 Formal Reasoning Core,MV-1,D3,1612429,5474018,21073801,resolved_single_profile,rankable target profile; population remains only the cited observed audience,one exact population observation; excluded if consumed by a selected shared-core package,"Population values retain the source universe and reported interval status. Missing population intervals use a zero-to-point ranking sensitivity; missing practical access or academic overlap uses low 0, neutral 0.5, high 1. Base access is therefore a labelled sensitivity, not a measured harmed-population count.",86,86,85,85,1,137,85,85,38,137,85,86,2,reported_tie_interval_but_not_used_for_admission_when_globally_degenerate,optimistic,85,85,89
EXP-026,natural_language_edition,Peru Ashaninka Latin-script edition,cni-Latn-PE,1,Peru,small_population_prestige_domain_screen,R1_below_100k; vitality is not inferred from population band,73567,73567,73567,73567,73567,source_interval_or_exact_bounds,census_language_learned_in_childhood_age3plus_persons,2017,POP-PE-003,PM-S007,,,high,1,0,34451,73567,territory_adult_literacy_proxy_sensitivity;unmeasured_low0_neutral0.5_high1_sensitivity,912737,4073049,18664571,16.77,18061.899,8458.283,0.000,80600.436,,FR-2 Formal Reasoning Core,MV-1,D2,1087145,4356012,18630029,resolved_explicit_scoring_profile_population_scope_preserved,provisional_gross_ceiling_and_sensitivity_only,one exact population observation; excluded if consumed by a selected shared-core package,"Population values retain the source universe and reported interval status. Missing population intervals use a zero-to-point ranking sensitivity; missing practical access or academic overlap uses low 0, neutral 0.5, high 1. Base access is therefore a labelled sensitivity, not a measured harmed-population count.",87,87,89,89,1,137,90,90,38,137,87,90,2,reported_tie_interval_but_not_used_for_admission_when_globally_degenerate,base,87,87,90
EXP-036,natural_language_edition,New Zealand Samoan Latin-script edition,sm-Latn-NZ,1,New Zealand,regional_depth,R2_100k_to_999k; vitality is not inferred from population band,110539,110541,110543,110539,110543,source_interval_or_exact_bounds,census_languages_spoken_multiple_response_persons,2023,POP-NZ-003,PM-S014,,,high,1,0,27635,110543,unmeasured_low0_neutral0.5_high1_sensitivity;unmeasured_low0_neutral0.5_high1_sensitivity,912737,4073049,18664571,16.77,27139.619,6784.843,0.000,121111.558,,FR-2 Formal Reasoning Core,MV-1,D3,1612429,5474018,21073801,resolved_explicit_scoring_profile_population_scope_preserved,provisional_gross_ceiling_and_sensitivity_only,one exact population observation; excluded if consumed by a selected shared-core package,"Population values retain the source universe and reported interval status. Missing population intervals use a zero-to-point ranking sensitivity; missing practical access or academic overlap uses low 0, neutral 0.5, high 1. Base access is therefore a labelled sensitivity, not a measured harmed-population count.",88,88,87,87,1,137,87,87,38,137,87,88,2,reported_tie_interval_but_not_used_for_admission_when_globally_degenerate,optimistic,87,87,91
EXP-027,natural_language_edition,Peru Awajun Latin-script edition,agr-Latn-PE,1,Peru,small_population_prestige_domain_screen,R1_below_100k; vitality is not inferred from population band,56584,56584,56584,56584,56584,source_interval_or_exact_bounds,census_language_learned_in_childhood_age3plus_persons,2017,POP-PE-004,PM-S007,,,high,1,0,26498,56584,territory_adult_literacy_proxy_sensitivity;unmeasured_low0_neutral0.5_high1_sensitivity,912737,4073049,18664571,16.77,13892.295,6505.691,0.000,61993.762,,FR-2 Formal Reasoning Core,MV-1,D2,1087145,4356012,18630029,resolved_explicit_scoring_profile_population_scope_preserved,provisional_gross_ceiling_and_sensitivity_only,one exact population observation; excluded if consumed by a selected shared-core package,"Population values retain the source universe and reported interval status. Missing population intervals use a zero-to-point ranking sensitivity; missing practical access or academic overlap uses low 0, neutral 0.5, high 1. Base access is therefore a labelled sensitivity, not a measured harmed-population count.",89,89,94,94,1,137,94,94,38,137,89,94,2,reported_tie_interval_but_not_used_for_admission_when_globally_degenerate,base,89,89,92
OBS-GRG-PL-004,natural_language_edition,School-standard Kashubian,csb-Latn-PL,1,Poland,small_population_prestige_domain_screen,R1_below_100k; vitality is not inferred from population band,89198,89198,89198,89198,89198,source_interval_or_exact_bounds,census_languages_used_at_home_multiple_response_persons,2021-03-31,GRG-PL-004,GRG-S006,,,high,1,0,22300,89198,unmeasured_low0_neutral0.5_high1_sensitivity;unmeasured_low0_neutral0.5_high1_sensitivity,912737,4073049,18664571,16.77,21899.565,5475.014,0.000,97725.851,,FR-2 Formal Reasoning Core,MV-1,D3,1612429,5474018,21073801,resolved_explicit_profile_with_variant_caveat,rankable target profile; population remains only the cited observed audience,one exact population observation; excluded if consumed by a selected shared-core package,"Population values retain the source universe and reported interval status. Missing population intervals use a zero-to-point ranking sensitivity; missing practical access or academic overlap uses low 0, neutral 0.5, high 1. Base access is therefore a labelled sensitivity, not a measured harmed-population count.",92,92,88,88,1,137,88,88,38,137,88,92,2,reported_tie_interval_but_not_used_for_admission_when_globally_degenerate,optimistic,88,88,93
EXP-032,natural_language_edition,Timor-Leste Kemak Latin-script edition,kem-Latn-TL,1,Timor-Leste,small_population_prestige_domain_screen,R1_below_100k; vitality is not inferred from population band,68995,68995,68995,68995,68995,source_interval_or_exact_bounds,census_mother_tongue_persons,2015,ALG-TL-L006,ALG-S014,,,high,1,0,23941,68995,territory_adult_literacy_proxy_sensitivity;unmeasured_low0_neutral0.5_high1_sensitivity,912737,4073049,18664571,16.77,16939.398,5877.906,0.000,75591.326,,FR-2 Formal Reasoning Core,MV-1,D2,1087145,4356012,18630029,resolved_explicit_scoring_profile_population_scope_preserved,provisional_gross_ceiling_and_sensitivity_only,one exact population observation; excluded if consumed by a selected shared-core package,"Population values retain the source universe and reported interval status. Missing population intervals use a zero-to-point ranking sensitivity; missing practical access or academic overlap uses low 0, neutral 0.5, high 1. Base access is therefore a labelled sensitivity, not a measured harmed-population count.",90,90,92,92,1,137,92,92,38,137,90,92,2,reported_tie_interval_but_not_used_for_admission_when_globally_degenerate,base,90,90,94
OBS-GRG-US-026,natural_language_edition,Jamaican Creole in Cassidy/JLU orthography,jam-Latn-JM,1,United States,small_population_prestige_domain_screen,R1_below_100k; vitality is not inferred from population band,68605,72000,75395,68605,75395,source_interval_or_exact_bounds,acs_2017_2021_estimated_persons_age5plus_language_spoken_at_home,2017-2021,GRG-US-026,GRG-S001,,,high,1,0,18000,75395,unmeasured_low0_neutral0.5_high1_sensitivity;unmeasured_low0_neutral0.5_high1_sensitivity,912737,4073049,18664571,16.77,17677.175,4419.294,0.000,82603.203,,FR-2 Formal Reasoning Core,MV-1,D3,1612429,5474018,21073801,resolved_explicit_profile_with_variant_caveat,rankable target profile; population remains only the cited observed audience,one exact population observation; excluded if consumed by a selected shared-core package,"Population values retain the source universe and reported interval status. Missing population intervals use a zero-to-point ranking sensitivity; missing practical access or academic overlap uses low 0, neutral 0.5, high 1. Base access is therefore a labelled sensitivity, not a measured harmed-population count.",93,93,90,90,1,137,89,89,38,137,89,93,2,reported_tie_interval_but_not_used_for_admission_when_globally_degenerate,optimistic,89,89,95
EXP-033,natural_language_edition,Timor-Leste Bunak Latin-script edition,bfn-Latn-TL,1,Timor-Leste,small_population_prestige_domain_screen,R1_below_100k; vitality is not inferred from population band,64686,64686,64686,64686,64686,source_interval_or_exact_bounds,census_mother_tongue_persons,2015,ALG-TL-L007,ALG-S014,,,high,1,0,22446,64686,territory_adult_literacy_proxy_sensitivity;unmeasured_low0_neutral0.5_high1_sensitivity,912737,4073049,18664571,16.77,15881.469,5510.859,0.000,70870.360,,FR-2 Formal Reasoning Core,MV-1,D2,1087145,4356012,18630029,resolved_explicit_scoring_profile_population_scope_preserved,provisional_gross_ceiling_and_sensitivity_only,one exact population observation; excluded if consumed by a selected shared-core package,"Population values retain the source universe and reported interval status. Missing population intervals use a zero-to-point ranking sensitivity; missing practical access or academic overlap uses low 0, neutral 0.5, high 1. Base access is therefore a labelled sensitivity, not a measured harmed-population count.",91,91,93,93,1,137,93,93,38,137,91,93,2,reported_tie_interval_but_not_used_for_admission_when_globally_degenerate,base,91,91,96
EXP-034,natural_language_edition,Timor-Leste Tokodede Latin-script edition,tkd-Latn-TL,1,Timor-Leste,small_population_prestige_domain_screen,R1_below_100k; vitality is not inferred from population band,46784,46784,46784,46784,46784,source_interval_or_exact_bounds,census_mother_tongue_persons,2015,ALG-TL-L008,ALG-S014,,,high,1,0,16234,46784,territory_adult_literacy_proxy_sensitivity;unmeasured_low0_neutral0.5_high1_sensitivity,912737,4073049,18664571,16.77,11486.235,3985.712,0.000,51256.824,,FR-2 Formal Reasoning Core,MV-1,D2,1087145,4356012,18630029,resolved_explicit_scoring_profile_population_scope_preserved,provisional_gross_ceiling_and_sensitivity_only,one exact population observation; excluded if consumed by a selected shared-core package,"Population values retain the source universe and reported interval status. Missing population intervals use a zero-to-point ranking sensitivity; missing practical access or academic overlap uses low 0, neutral 0.5, high 1. Base access is therefore a labelled sensitivity, not a measured harmed-population count.",95,95,95,95,1,137,95,95,38,137,95,95,2,reported_tie_interval_but_not_used_for_admission_when_globally_degenerate,optimistic,95,95,97
EXP-028,natural_language_edition,Peru Shipibo-Konibo Latin-script edition,shp-Latn-PE,1,Peru,small_population_prestige_domain_screen,R1_below_100k; vitality is not inferred from population band,34152,34152,34152,34152,34152,source_interval_or_exact_bounds,census_language_learned_in_childhood_age3plus_persons,2017,POP-PE-005,PM-S007,,,high,1,0,15993,34152,territory_adult_literacy_proxy_sensitivity;unmeasured_low0_neutral0.5_high1_sensitivity,912737,4073049,18664571,16.77,8384.873,3926.542,0.000,37417.131,,FR-2 Formal Reasoning Core,MV-1,D2,1087145,4356012,18630029,resolved_explicit_scoring_profile_population_scope_preserved,provisional_gross_ceiling_and_sensitivity_only,one exact population observation; excluded if consumed by a selected shared-core package,"Population values retain the source universe and reported interval status. Missing population intervals use a zero-to-point ranking sensitivity; missing practical access or academic overlap uses low 0, neutral 0.5, high 1. Base access is therefore a labelled sensitivity, not a measured harmed-population count.",96,96,97,97,1,137,98,98,38,137,96,98,2,reported_tie_interval_but_not_used_for_admission_when_globally_degenerate,base,96,96,98
NAT-044,natural_language_edition,Fataluku,ddg-Latn-TL,1,Timor-Leste,small_population_prestige_domain_screen,R1_below_100k; vitality is not inferred from population band,41500,41500,41500,41500,41500,source_interval_or_exact_bounds,census_mother_tongue_persons,2015,ALG-TL-L009,ALG-S014,,,high,1,0,14401,41500,territory_adult_literacy_proxy_sensitivity;unmeasured_low0_neutral0.5_high1_sensitivity,912737,4073049,18664571,16.77,10188.927,3535.681,0.000,45467.643,,FR-2 Formal Reasoning Core,MV-1,D2,1087145,4356012,18630029,,,one exact population observation; excluded if consumed by a selected shared-core package,"Population values retain the source universe and reported interval status. Missing population intervals use a zero-to-point ranking sensitivity; missing practical access or academic overlap uses low 0, neutral 0.5, high 1. Base access is therefore a labelled sensitivity, not a measured harmed-population count.",97,97,96,96,1,137,96,96,38,137,96,97,2,reported_tie_interval_but_not_used_for_admission_when_globally_degenerate,optimistic,96,96,99
OBS-GRG-US-023,natural_language_edition,Standard ʻŌlelo Hawaiʻi with ʻokina and kahakō,haw-Latn-US,1,United States,small_population_prestige_domain_screen,R1_below_100k; vitality is not inferred from population band,30623,32730,34837,30623,34837,source_interval_or_exact_bounds,acs_2017_2021_estimated_persons_age5plus_language_spoken_at_home,2017-2021,GRG-US-023,GRG-S001,,,high,1,0,8182,34837,unmeasured_low0_neutral0.5_high1_sensitivity;unmeasured_low0_neutral0.5_high1_sensitivity,912737,4073049,18664571,16.77,8035.749,2008.815,0.000,38167.621,,FR-2 Formal Reasoning Core,MV-1,D3,1612429,5474018,21073801,resolved_explicit_profile_with_variant_caveat,rankable target profile; population remains only the cited observed audience,one exact population observation; excluded if consumed by a selected shared-core package,"Population values retain the source universe and reported interval status. Missing population intervals use a zero-to-point ranking sensitivity; missing practical access or academic overlap uses low 0, neutral 0.5, high 1. Base access is therefore a labelled sensitivity, not a measured harmed-population count.",98,98,98,98,1,137,97,97,38,137,97,98,2,reported_tie_interval_but_not_used_for_admission_when_globally_degenerate,base,98,98,100
OBS-GRG-US-017,natural_language_edition,Standard Marshallese under the 2010 Orthography Act,mh-Latn-MH,1,United States,small_population_prestige_domain_screen,R1_below_100k; vitality is not inferred from population band,25198,27160,29122,25198,29122,source_interval_or_exact_bounds,acs_2017_2021_estimated_persons_age5plus_language_spoken_at_home,2017-2021,GRG-US-017,GRG-S001,,,high,1,0,6790,29122,unmeasured_low0_neutral0.5_high1_sensitivity;unmeasured_low0_neutral0.5_high1_sensitivity,912737,4073049,18664571,16.77,6668.223,1667.056,0.000,31906.234,,FR-2 Formal Reasoning Core,MV-1,D3,1612429,5474018,21073801,resolved_single_profile,rankable target profile; population remains only the cited observed audience,one exact population observation; excluded if consumed by a selected shared-core package,"Population values retain the source universe and reported interval status. Missing population intervals use a zero-to-point ranking sensitivity; missing practical access or academic overlap uses low 0, neutral 0.5, high 1. Base access is therefore a labelled sensitivity, not a measured harmed-population count.",100,100,99,99,1,137,99,99,38,137,99,100,2,reported_tie_interval_but_not_used_for_admission_when_globally_degenerate,optimistic,99,99,101
EXP-035,natural_language_edition,Timor-Leste Waima'a Latin-script edition,wmh-Latn-TL,1,Timor-Leste,small_population_prestige_domain_screen,R1_below_100k; vitality is not inferred from population band,21227,21227,21227,21227,21227,source_interval_or_exact_bounds,census_mother_tongue_persons,2015,ALG-TL-L010,ALG-S014,,,high,1,0,7366,21227,territory_adult_literacy_proxy_sensitivity;unmeasured_low0_neutral0.5_high1_sensitivity,912737,4073049,18664571,16.77,5211.575,1808.473,0.000,23256.425,,FR-2 Formal Reasoning Core,MV-1,D2,1087145,4356012,18630029,resolved_explicit_scoring_profile_population_scope_preserved,provisional_gross_ceiling_and_sensitivity_only,one exact population observation; excluded if consumed by a selected shared-core package,"Population values retain the source universe and reported interval status. Missing population intervals use a zero-to-point ranking sensitivity; missing practical access or academic overlap uses low 0, neutral 0.5, high 1. Base access is therefore a labelled sensitivity, not a measured harmed-population count.",99,99,100,100,1,137,100,100,38,137,99,100,2,reported_tie_interval_but_not_used_for_admission_when_globally_degenerate,base,99,99,102
OBS-GRG-US-001,natural_language_edition,Standard Central Alaskan Yup'ik,esu-Latn-US,1,United States,small_population_prestige_domain_screen,R1_below_100k; vitality is not inferred from population band,15337,16120,16903,15337,16903,source_interval_or_exact_bounds,acs_2017_2021_estimated_persons_age5plus_language_spoken_at_home,2017-2021,GRG-US-001,GRG-S001,,,high,1,0,4030,16903,unmeasured_low0_neutral0.5_high1_sensitivity;unmeasured_low0_neutral0.5_high1_sensitivity,912737,4073049,18664571,16.77,3957.723,989.431,0.000,18519.026,,FR-2 Formal Reasoning Core,MV-1,D3,1612429,5474018,21073801,resolved_explicit_profile_with_variant_caveat,rankable target profile; population remains only the cited observed audience,one exact population observation; excluded if consumed by a selected shared-core package,"Population values retain the source universe and reported interval status. Missing population intervals use a zero-to-point ranking sensitivity; missing practical access or academic overlap uses low 0, neutral 0.5, high 1. Base access is therefore a labelled sensitivity, not a measured harmed-population count.",102,102,102,102,1,137,102,102,38,137,102,102,2,reported_tie_interval_but_not_used_for_admission_when_globally_degenerate,optimistic,102,102,103
OBS-GRG-US-018,natural_language_edition,Chuuk State standard Chuukese,chk-Latn-FM,1,United States,small_population_prestige_domain_screen,R1_below_100k; vitality is not inferred from population band,12612,14700,16788,12612,16788,source_interval_or_exact_bounds,acs_2017_2021_estimated_persons_age5plus_language_spoken_at_home,2017-2021,GRG-US-018,GRG-S001,,,high,1,0,3675,16788,unmeasured_low0_neutral0.5_high1_sensitivity;unmeasured_low0_neutral0.5_high1_sensitivity,912737,4073049,18664571,16.77,3609.090,902.272,0.000,18393.031,,FR-2 Formal Reasoning Core,MV-1,D3,1612429,5474018,21073801,resolved_explicit_profile_with_variant_caveat,rankable target profile; population remains only the cited observed audience,one exact population observation; excluded if consumed by a selected shared-core package,"Population values retain the source universe and reported interval status. Missing population intervals use a zero-to-point ranking sensitivity; missing practical access or academic overlap uses low 0, neutral 0.5, high 1. Base access is therefore a labelled sensitivity, not a measured harmed-population count.",103,103,103,103,1,137,103,103,38,137,103,103,2,reported_tie_interval_but_not_used_for_admission_when_globally_degenerate,base,103,103,104
OBS-GRG-US-002,natural_language_edition,Dilzhe'e Apache dictionary spelling profile with its documented tone and consonant adaptations,apw-Latn-US,1,United States,small_population_prestige_domain_screen,R1_below_100k; vitality is not inferred from population band,11767,12730,13693,11767,13693,source_interval_or_exact_bounds,acs_2017_2021_estimated_persons_age5plus_language_spoken_at_home,2017-2021,GRG-US-002,GRG-S001,S-ACS;S-IANA;S-APW,ACS Western Apache pools Dilzhe'e / San Carlos / White Mountain audiences; interval is a ceiling for the Dilzhe'e edition,high,1,0,3182,13693,unmeasured_low0_neutral0.5_high1_sensitivity;unmeasured_low0_neutral0.5_high1_sensitivity,912737,4073049,18664571,16.77,3125.423,781.233,0.000,15002.131,,FR-2 Formal Reasoning Core,MV-1,D3,1612429,5474018,21073801,resolved_exact_single_edition,resolved_single_exact_edition; pooled population counted once; 1 full output cost(s); no shared-core savings credited,one exact population observation; excluded if consumed by a selected shared-core package,"Population values retain the source universe and reported interval status. Missing population intervals use a zero-to-point ranking sensitivity; missing practical access or academic overlap uses low 0, neutral 0.5, high 1. Base access is therefore a labelled sensitivity, not a measured harmed-population count. Profile recovery: ACS Western Apache pools Dilzhe'e / San Carlos / White Mountain audiences; interval is a ceiling for the Dilzhe'e edition Caveat: No coverage of other Western Apache varieties is claimed.",104,104,104,104,1,137,104,104,38,137,104,104,2,reported_tie_interval_but_not_used_for_admission_when_globally_degenerate,optimistic,104,104,105
OBS-GRG-US-016,natural_language_edition,Central Southwestern Ojibwe/Chippewa edition in the Ojibwe People's Dictionary Double-Vowel system,ciw-Latn-US,1,United States,small_population_prestige_domain_screen,R1_below_100k; vitality is not inferred from population band,9867,10750,11633,9867,11633,source_interval_or_exact_bounds,acs_2017_2021_estimated_persons_age5plus_language_spoken_at_home,2017-2021,GRG-US-016,GRG-S001,S-ACS;S-IANA;S-OJ,ACS Chippewa is broader than the Central Southwestern dictionary variety; interval is a ceiling,high,1,0,2688,11633,unmeasured_low0_neutral0.5_high1_sensitivity;unmeasured_low0_neutral0.5_high1_sensitivity,912737,4073049,18664571,16.77,2639.300,659.948,0.000,12745.183,,FR-2 Formal Reasoning Core,MV-1,D3,1612429,5474018,21073801,resolved_exact_single_edition,resolved_single_exact_edition; pooled population counted once; 1 full output cost(s); no shared-core savings credited,one exact population observation; excluded if consumed by a selected shared-core package,"Population values retain the source universe and reported interval status. Missing population intervals use a zero-to-point ranking sensitivity; missing practical access or academic overlap uses low 0, neutral 0.5, high 1. Base access is therefore a labelled sensitivity, not a measured harmed-population count. Profile recovery: ACS Chippewa is broader than the Central Southwestern dictionary variety; interval is a ceiling Caveat: Other Chippewa varieties and orthographies are not claimed covered.",105,105,105,105,1,137,105,105,38,137,105,105,2,reported_tie_interval_but_not_used_for_admission_when_globally_degenerate,base,105,105,106
OBS-GRG-US-005,natural_language_edition,Lakota Language Consortium consistent phonemic teaching orthography edition,lkt-Latn-US,1,United States,small_population_prestige_domain_screen,R1_below_100k; vitality is not inferred from population band,9835,10590,11345,9835,11345,source_interval_or_exact_bounds,acs_2017_2021_estimated_persons_age5plus_language_spoken_at_home,2017-2021,GRG-US-005,GRG-S001,S-ACS;S-IANA;S-LKT,ACS Lakota does not report orthographic affiliation; interval is a ceiling for this exact edition,high,1,0,2648,11345,unmeasured_low0_neutral0.5_high1_sensitivity;unmeasured_low0_neutral0.5_high1_sensitivity,912737,4073049,18664571,16.77,2600.018,650.127,0.000,12429.648,,FR-2 Formal Reasoning Core,MV-1,D3,1612429,5474018,21073801,resolved_exact_single_edition,resolved_single_exact_edition; pooled population counted once; 1 full output cost(s); no shared-core savings credited,one exact population observation; excluded if consumed by a selected shared-core package,"Population values retain the source universe and reported interval status. Missing population intervals use a zero-to-point ranking sensitivity; missing practical access or academic overlap uses low 0, neutral 0.5, high 1. Base access is therefore a labelled sensitivity, not a measured harmed-population count. Profile recovery: ACS Lakota does not report orthographic affiliation; interval is a ceiling for this exact edition Caveat: Selection defines one production edition and does not assert community-wide orthographic consensus.",106,106,106,106,1,137,106,106,38,137,106,106,2,reported_tie_interval_but_not_used_for_admission_when_globally_degenerate,optimistic,106,106,107
OBS-GRG-US-007,natural_language_edition,Cherokee syllabary edition,chr-Cher-US,1,United States,small_population_prestige_domain_screen,R1_below_100k; vitality is not inferred from population band,9552,10440,11328,9552,11328,source_interval_or_exact_bounds,acs_2017_2021_estimated_persons_age5plus_language_spoken_at_home,2017-2021,GRG-US-007,GRG-S001,,,high,1,0,2610,11328,unmeasured_low0_neutral0.5_high1_sensitivity;unmeasured_low0_neutral0.5_high1_sensitivity,912737,4073049,18664571,16.77,2563.190,640.798,0.000,12411.023,,FR-2 Formal Reasoning Core,MV-1,D3,1612429,5474018,21073801,resolved_explicit_profile_with_variant_caveat,rankable target profile; population remains only the cited observed audience,one exact population observation; excluded if consumed by a selected shared-core package,"Population values retain the source universe and reported interval status. Missing population intervals use a zero-to-point ranking sensitivity; missing practical access or academic overlap uses low 0, neutral 0.5, high 1. Base access is therefore a labelled sensitivity, not a measured harmed-population count.",107,107,107,107,1,137,107,107,38,137,107,107,2,reported_tie_interval_but_not_used_for_admission_when_globally_degenerate,base,107,107,108
OBS-GRG-US-021,natural_language_edition,Two-output CHamoru/Chamorro bundle: Guam 2024 official orthography plus CNMI 2010 official orthography,ch-Latn-GU|ch-Latn-MP,2,United States,small_population_prestige_domain_screen,R1_below_100k; vitality is not inferred from population band,18173,19690,21207,18173,21207,source_interval_or_exact_bounds,acs_2017_2021_estimated_persons_age5plus_language_spoken_at_home,2017-2021,GRG-US-021,GRG-S001,S-ACS;S-IANA;S-CH-GU;S-CH-MP,One US ACS Chamorro observation cannot be assigned between Guam and CNMI outputs and must never be multiplied by two,high,1,0,4922,21207,unmeasured_low0_neutral0.5_high1_sensitivity;unmeasured_low0_neutral0.5_high1_sensitivity,1825474,8146098,37329142,33.54,2417.108,604.216,0.000,11617.257,,FR-2 Formal Reasoning Core,MV-1,D3,3224858,10948036,42147602,resolved_exact_multi_output_bundle,resolved_enumerated_shared_core_bundle; pooled population counted once; 2 full output cost(s); no shared-core savings credited,one exact population observation; excluded if consumed by a selected shared-core package,"Population values retain the source universe and reported interval status. Missing population intervals use a zero-to-point ranking sensitivity; missing practical access or academic overlap uses low 0, neutral 0.5, high 1. Base access is therefore a labelled sensitivity, not a measured harmed-population count. Profile recovery: One US ACS Chamorro observation cannot be assigned between Guam and CNMI outputs and must never be multiplied by two Caveat: Two standards are exact; localized audience shares are unknown.",108,108,108,108,1,137,108,108,38,137,108,108,2,reported_tie_interval_but_not_used_for_admission_when_globally_degenerate,optimistic,108,108,109
OBS-GRG-US-008,natural_language_edition,Zuni/Shiwi school-literacy profile,zun-Latn-US,1,United States,small_population_prestige_domain_screen,R1_below_100k; vitality is not inferred from population band,7229,8109,8989,7229,8989,source_interval_or_exact_bounds,acs_2017_2021_estimated_persons_age5plus_language_spoken_at_home,2017-2021,GRG-US-008,GRG-S001,,,high,1,0,2027,8989,unmeasured_low0_neutral0.5_high1_sensitivity;unmeasured_low0_neutral0.5_high1_sensitivity,912737,4073049,18664571,16.77,1990.892,497.662,0.000,9848.401,,FR-2 Formal Reasoning Core,MV-1,D3,1612429,5474018,21073801,resolved_single_profile,rankable target profile; population remains only the cited observed audience,one exact population observation; excluded if consumed by a selected shared-core package,"Population values retain the source universe and reported interval status. Missing population intervals use a zero-to-point ranking sensitivity; missing practical access or academic overlap uses low 0, neutral 0.5, high 1. Base access is therefore a labelled sensitivity, not a measured harmed-population count.",109,109,109,109,1,137,109,109,38,137,109,109,2,reported_tie_interval_but_not_used_for_admission_when_globally_degenerate,base,109,109,110
OBS-GRG-US-019,natural_language_edition,Pohnpei State standard Pohnpeian,pon-Latn-FM,1,United States,small_population_prestige_domain_screen,R1_below_100k; vitality is not inferred from population band,6198,7412,8626,6198,8626,source_interval_or_exact_bounds,acs_2017_2021_estimated_persons_age5plus_language_spoken_at_home,2017-2021,GRG-US-019,GRG-S001,,,high,1,0,1853,8626,unmeasured_low0_neutral0.5_high1_sensitivity;unmeasured_low0_neutral0.5_high1_sensitivity,912737,4073049,18664571,16.77,1819.767,454.942,0.000,9450.696,,FR-2 Formal Reasoning Core,MV-1,D3,1612429,5474018,21073801,resolved_single_profile,rankable target profile; population remains only the cited observed audience,one exact population observation; excluded if consumed by a selected shared-core package,"Population values retain the source universe and reported interval status. Missing population intervals use a zero-to-point ranking sensitivity; missing practical access or academic overlap uses low 0, neutral 0.5, high 1. Base access is therefore a labelled sensitivity, not a measured harmed-population count.",111,111,111,111,1,137,110,110,38,137,110,111,2,reported_tie_interval_but_not_used_for_admission_when_globally_degenerate,optimistic,110,110,111
OBS-GRG-AU-001,natural_language_edition,Australian Kriol practical written standard,rop-Latn-AU,1,Australia,small_population_prestige_domain_screen,R1_below_100k; vitality is not inferred from population band,7478,7478,7478,7478,7478,source_interval_or_exact_bounds,census_language_used_at_home_persons,2021,GRG-AU-001,GRG-S002,,,high,1,0,1870,7478,unmeasured_low0_neutral0.5_high1_sensitivity;unmeasured_low0_neutral0.5_high1_sensitivity,912737,4073049,18664571,16.77,1835.971,459.116,0.000,8192.941,,FR-2 Formal Reasoning Core,MV-1,D3,1612429,5474018,21073801,resolved_explicit_profile_with_variant_caveat,rankable target profile; population remains only the cited observed audience,one exact population observation; excluded if consumed by a selected shared-core package,"Population values retain the source universe and reported interval status. Missing population intervals use a zero-to-point ranking sensitivity; missing practical access or academic overlap uses low 0, neutral 0.5, high 1. Base access is therefore a labelled sensitivity, not a measured harmed-population count.",110,110,110,110,1,137,112,112,38,137,110,112,2,reported_tie_interval_but_not_used_for_admission_when_globally_degenerate,base,110,110,112
OBS-GRG-US-009,natural_language_edition,Third Mesa Hopi edition using the Hopi Dictionary Project / Learn Hopi orthography,hop-Latn-US,1,United States,small_population_prestige_domain_screen,R1_below_100k; vitality is not inferred from population band,6344,7105,7866,6344,7866,source_interval_or_exact_bounds,acs_2017_2021_estimated_persons_age5plus_language_spoken_at_home,2017-2021,GRG-US-009,GRG-S001,S-ACS;S-IANA;S-HOPI,ACS Hopi pools mesa/community varieties; interval is a ceiling for the Third Mesa edition,high,1,0,1776,7866,unmeasured_low0_neutral0.5_high1_sensitivity;unmeasured_low0_neutral0.5_high1_sensitivity,912737,4073049,18664571,16.77,1744.393,436.037,0.000,8618.036,,FR-2 Formal Reasoning Core,MV-1,D3,1612429,5474018,21073801,resolved_exact_single_edition,resolved_single_exact_edition; pooled population counted once; 1 full output cost(s); no shared-core savings credited,one exact population observation; excluded if consumed by a selected shared-core package,"Population values retain the source universe and reported interval status. Missing population intervals use a zero-to-point ranking sensitivity; missing practical access or academic overlap uses low 0, neutral 0.5, high 1. Base access is therefore a labelled sensitivity, not a measured harmed-population count. Profile recovery: ACS Hopi pools mesa/community varieties; interval is a ceiling for the Third Mesa edition Caveat: First Mesa and Second Mesa localization is not claimed.",112,112,112,112,1,137,111,111,38,137,111,112,2,reported_tie_interval_but_not_used_for_admission_when_globally_degenerate,optimistic,111,111,113
OBS-GRG-US-010,natural_language_edition,Tohono O'odham in official Alvarez-Hale orthography,ood-Latn-US,1,United States,small_population_prestige_domain_screen,R1_below_100k; vitality is not inferred from population band,5672,6343,7014,5672,7014,source_interval_or_exact_bounds,acs_2017_2021_estimated_persons_age5plus_language_spoken_at_home,2017-2021,GRG-US-010,GRG-S001,,,high,1,0,1586,7014,unmeasured_low0_neutral0.5_high1_sensitivity;unmeasured_low0_neutral0.5_high1_sensitivity,912737,4073049,18664571,16.77,1557.310,389.389,0.000,7684.579,,FR-2 Formal Reasoning Core,MV-1,D3,1612429,5474018,21073801,resolved_explicit_profile_with_variant_caveat,rankable target profile; population remains only the cited observed audience,one exact population observation; excluded if consumed by a selected shared-core package,"Population values retain the source universe and reported interval status. Missing population intervals use a zero-to-point ranking sensitivity; missing practical access or academic overlap uses low 0, neutral 0.5, high 1. Base access is therefore a labelled sensitivity, not a measured harmed-population count.",113,113,113,113,1,137,114,114,38,137,113,114,2,reported_tie_interval_but_not_used_for_admission_when_globally_degenerate,base,113,113,114
OBS-GRG-US-024,natural_language_edition,Standard Fijian / Vosa Vakaviti school register,fj-Latn-FJ,1,United States,small_population_prestige_domain_screen,R1_below_100k; vitality is not inferred from population band,5194,6229,7264,5194,7264,source_interval_or_exact_bounds,acs_2017_2021_estimated_persons_age5plus_language_spoken_at_home,2017-2021,GRG-US-024,GRG-S001,,,high,1,0,1557,7264,unmeasured_low0_neutral0.5_high1_sensitivity;unmeasured_low0_neutral0.5_high1_sensitivity,912737,4073049,18664571,16.77,1529.321,382.269,0.000,7958.481,,FR-2 Formal Reasoning Core,MV-1,D3,1612429,5474018,21073801,resolved_explicit_profile_with_variant_caveat,rankable target profile; population remains only the cited observed audience,one exact population observation; excluded if consumed by a selected shared-core package,"Population values retain the source universe and reported interval status. Missing population intervals use a zero-to-point ranking sensitivity; missing practical access or academic overlap uses low 0, neutral 0.5, high 1. Base access is therefore a labelled sensitivity, not a measured harmed-population count.",114,114,114,114,1,137,113,113,38,137,113,114,2,reported_tie_interval_but_not_used_for_admission_when_globally_degenerate,optimistic,113,113,115
OBS-GRG-US-011,natural_language_edition,North Slope / North Alaskan Inupiatun edition using the accepted UAF/ANLA orthography and definitive North Slope lexicon,esi-Latn-US,1,United States,small_population_prestige_domain_screen,R1_below_100k; vitality is not inferred from population band,5302,5819,6336,5302,6336,source_interval_or_exact_bounds,acs_2017_2021_estimated_persons_age5plus_language_spoken_at_home,2017-2021,GRG-US-011,GRG-S001,S-ACS;S-IANA;S-INUPIAQ;S-INUPIAQ-NS,ACS Inupiaq pools North Alaskan and Seward Peninsula varieties; interval is a ceiling for the esi edition,high,1,0,1455,6336,unmeasured_low0_neutral0.5_high1_sensitivity;unmeasured_low0_neutral0.5_high1_sensitivity,912737,4073049,18664571,16.77,1428.659,357.226,0.000,6941.759,,FR-2 Formal Reasoning Core,MV-1,D3,1612429,5474018,21073801,resolved_exact_single_edition,resolved_single_exact_edition; pooled population counted once; 1 full output cost(s); no shared-core savings credited,one exact population observation; excluded if consumed by a selected shared-core package,"Population values retain the source universe and reported interval status. Missing population intervals use a zero-to-point ranking sensitivity; missing practical access or academic overlap uses low 0, neutral 0.5, high 1. Base access is therefore a labelled sensitivity, not a measured harmed-population count. Profile recovery: ACS Inupiaq pools North Alaskan and Seward Peninsula varieties; interval is a ceiling for the esi edition Caveat: Using esi replaces the non-exact ik macrolanguage tag; no Seward Peninsula coverage is claimed.",115,115,115,115,1,137,115,115,38,137,115,115,2,reported_tie_interval_but_not_used_for_admission_when_globally_degenerate,base,115,115,116
OBS-GRG-US-031,natural_language_edition,Mam in ALMG normative orthography,mam-Latn-GT,1,United States,small_population_prestige_domain_screen,R1_below_100k; vitality is not inferred from population band,3947,5062,6177,3947,6177,source_interval_or_exact_bounds,acs_2017_2021_estimated_persons_age5plus_language_spoken_at_home,2017-2021,GRG-US-031,GRG-S001,,,high,1,0,1266,6177,unmeasured_low0_neutral0.5_high1_sensitivity;unmeasured_low0_neutral0.5_high1_sensitivity,912737,4073049,18664571,16.77,1242.804,310.824,0.000,6767.557,,FR-2 Formal Reasoning Core,MV-1,D3,1612429,5474018,21073801,resolved_explicit_profile_with_variant_caveat,rankable target profile; population remains only the cited observed audience,one exact population observation; excluded if consumed by a selected shared-core package,"Population values retain the source universe and reported interval status. Missing population intervals use a zero-to-point ranking sensitivity; missing practical access or academic overlap uses low 0, neutral 0.5, high 1. Base access is therefore a labelled sensitivity, not a measured harmed-population count.",117,117,117,117,1,137,116,116,38,137,116,117,2,reported_tie_interval_but_not_used_for_admission_when_globally_degenerate,optimistic,116,116,117
OBS-GRG-US-013,natural_language_edition,Odawa edition using the Nishnaabemwin Odawa and Eastern Ojibwe dictionary's documented Double-Vowel profile,otw-Latn-US,1,United States,small_population_prestige_domain_screen,R1_below_100k; vitality is not inferred from population band,4099,4888,5677,4099,5677,source_interval_or_exact_bounds,acs_2017_2021_estimated_persons_age5plus_language_spoken_at_home,2017-2021,GRG-US-013,GRG-S001,S-ACS;S-IANA;S-ODAWA-DICT;S-ODAWA-TRIBAL,ACS Ottawa does not identify community or dictionary-standard competence; interval is a ceiling,high,1,0,1222,5677,unmeasured_low0_neutral0.5_high1_sensitivity;unmeasured_low0_neutral0.5_high1_sensitivity,912737,4073049,18664571,16.77,1200.084,300.021,0.000,6219.754,,FR-2 Formal Reasoning Core,MV-1,D3,1612429,5474018,21073801,resolved_exact_single_edition,resolved_single_exact_edition; pooled population counted once; 1 full output cost(s); no shared-core savings credited,one exact population observation; excluded if consumed by a selected shared-core package,"Population values retain the source universe and reported interval status. Missing population intervals use a zero-to-point ranking sensitivity; missing practical access or academic overlap uses low 0, neutral 0.5, high 1. Base access is therefore a labelled sensitivity, not a measured harmed-population count. Profile recovery: ACS Ottawa does not identify community or dictionary-standard competence; interval is a ceiling Caveat: Exact dictionary profile is reproducible; no universal Odawa standard is asserted.",118,118,118,118,1,137,117,117,38,137,117,118,2,reported_tie_interval_but_not_used_for_admission_when_globally_degenerate,base,118,118,118
OBS-GRG-US-020,natural_language_edition,Palauan national school-literacy register,pau-Latn-PW,1,United States,small_population_prestige_domain_screen,R1_below_100k; vitality is not inferred from population band,4023,4670,5317,4023,5317,source_interval_or_exact_bounds,acs_2017_2021_estimated_persons_age5plus_language_spoken_at_home,2017-2021,GRG-US-020,GRG-S001,,,high,1,0,1168,5317,unmeasured_low0_neutral0.5_high1_sensitivity;unmeasured_low0_neutral0.5_high1_sensitivity,912737,4073049,18664571,16.77,1146.561,286.763,0.000,5825.336,,FR-2 Formal Reasoning Core,MV-1,D3,1612429,5474018,21073801,resolved_single_profile,rankable target profile; population remains only the cited observed audience,one exact population observation; excluded if consumed by a selected shared-core package,"Population values retain the source universe and reported interval status. Missing population intervals use a zero-to-point ranking sensitivity; missing practical access or academic overlap uses low 0, neutral 0.5, high 1. Base access is therefore a labelled sensitivity, not a measured harmed-population count.",119,119,119,119,1,137,119,119,38,137,119,119,2,reported_tie_interval_but_not_used_for_admission_when_globally_degenerate,optimistic,119,119,119
OBS-GRG-AU-002,natural_language_edition,Djambarrpuyŋu written educational profile,djr-Latn-AU,1,Australia,small_population_prestige_domain_screen,R1_below_100k; vitality is not inferred from population band,3870,3870,3870,3870,3870,source_interval_or_exact_bounds,census_language_used_at_home_persons,2021,GRG-AU-002,GRG-S002,,,high,1,0,968,3870,unmeasured_low0_neutral0.5_high1_sensitivity;unmeasured_low0_neutral0.5_high1_sensitivity,912737,4073049,18664571,16.77,950.148,237.660,0.000,4239.995,,FR-2 Formal Reasoning Core,MV-1,D3,1612429,5474018,21073801,resolved_explicit_profile_with_variant_caveat,rankable target profile; population remains only the cited observed audience,one exact population observation; excluded if consumed by a selected shared-core package,"Population values retain the source universe and reported interval status. Missing population intervals use a zero-to-point ranking sensitivity; missing practical access or academic overlap uses low 0, neutral 0.5, high 1. Base access is therefore a labelled sensitivity, not a measured harmed-population count.",120,120,120,120,1,137,123,123,38,137,120,123,2,reported_tie_interval_but_not_used_for_admission_when_globally_degenerate,base,120,120,120
OBS-GRG-US-032,natural_language_edition,K'iche' in ALMG normative orthography,quc-Latn-GT,1,United States,small_population_prestige_domain_screen,R1_below_100k; vitality is not inferred from population band,2944,3787,4630,2944,4630,source_interval_or_exact_bounds,acs_2017_2021_estimated_persons_age5plus_language_spoken_at_home,2017-2021,GRG-US-032,GRG-S001,,,high,1,0,947,4630,unmeasured_low0_neutral0.5_high1_sensitivity;unmeasured_low0_neutral0.5_high1_sensitivity,912737,4073049,18664571,16.77,929.770,232.504,0.000,5072.655,,FR-2 Formal Reasoning Core,MV-1,D3,1612429,5474018,21073801,resolved_explicit_profile_with_variant_caveat,rankable target profile; population remains only the cited observed audience,one exact population observation; excluded if consumed by a selected shared-core package,"Population values retain the source universe and reported interval status. Missing population intervals use a zero-to-point ranking sensitivity; missing practical access or academic overlap uses low 0, neutral 0.5, high 1. Base access is therefore a labelled sensitivity, not a measured harmed-population count.",121,121,121,121,1,137,120,120,38,137,120,121,2,reported_tie_interval_but_not_used_for_admission_when_globally_degenerate,optimistic,120,120,121
OBS-GRG-US-014,natural_language_edition,Apsáalooke community curriculum profile,cro-Latn-US,1,United States,small_population_prestige_domain_screen,R1_below_100k; vitality is not inferred from population band,3194,3650,4106,3194,4106,source_interval_or_exact_bounds,acs_2017_2021_estimated_persons_age5plus_language_spoken_at_home,2017-2021,GRG-US-014,GRG-S001,,,high,1,0,912,4106,unmeasured_low0_neutral0.5_high1_sensitivity;unmeasured_low0_neutral0.5_high1_sensitivity,912737,4073049,18664571,16.77,896.135,223.911,0.000,4498.558,,FR-2 Formal Reasoning Core,MV-1,D3,1612429,5474018,21073801,resolved_single_profile,rankable target profile; population remains only the cited observed audience,one exact population observation; excluded if consumed by a selected shared-core package,"Population values retain the source universe and reported interval status. Missing population intervals use a zero-to-point ranking sensitivity; missing practical access or academic overlap uses low 0, neutral 0.5, high 1. Base access is therefore a labelled sensitivity, not a measured harmed-population count.",122,122,122,122,1,137,121,121,38,137,121,122,2,reported_tie_interval_but_not_used_for_admission_when_globally_degenerate,base,122,122,122
OBS-GRG-US-006,natural_language_edition,Two-output Choctaw bundle: Choctaw Nation of Oklahoma instructional alphabet plus Mississippi Band modern Byington-variant alphabet,cho-Latn-US|cho-Latn-US,2,United States,small_population_prestige_domain_screen,R1_below_100k; vitality is not inferred from population band,6523,7260,7997,6523,7997,source_interval_or_exact_bounds,acs_2017_2021_estimated_persons_age5plus_language_spoken_at_home,2017-2021,GRG-US-006,GRG-S001,S-ACS;S-IANA;S-CHO-OK;S-CHO-MS,One ACS Choctaw observation cannot be split between tribal standards and must never be multiplied by two,high,1,0,1815,7997,unmeasured_low0_neutral0.5_high1_sensitivity;unmeasured_low0_neutral0.5_high1_sensitivity,1825474,8146098,37329142,33.54,891.224,222.806,0.000,4380.780,,FR-2 Formal Reasoning Core,MV-1,D3,3224858,10948036,42147602,resolved_exact_multi_output_bundle,resolved_enumerated_shared_core_bundle; pooled population counted once; 2 full output cost(s); no shared-core savings credited,one exact population observation; excluded if consumed by a selected shared-core package,"Population values retain the source universe and reported interval status. Missing population intervals use a zero-to-point ranking sensitivity; missing practical access or academic overlap uses low 0, neutral 0.5, high 1. Base access is therefore a labelled sensitivity, not a measured harmed-population count. Profile recovery: One ACS Choctaw observation cannot be split between tribal standards and must never be multiplied by two Caveat: BCP 47 cannot distinguish the two tribal editions; edition identity is carried by the named authority.",123,123,123,123,1,137,122,122,38,137,122,123,2,reported_tie_interval_but_not_used_for_admission_when_globally_degenerate,optimistic,122,122,123
OBS-GRG-AU-006,natural_language_edition,Pitjantjatjara Aṉangu school profile,pjt-Latn-AU,1,Australia,small_population_prestige_domain_screen,R1_below_100k; vitality is not inferred from population band,3458,3458,3458,3458,3458,source_interval_or_exact_bounds,census_language_used_at_home_persons,2021,GRG-AU-006,GRG-S003,,,high,1,0,864,3458,unmeasured_low0_neutral0.5_high1_sensitivity;unmeasured_low0_neutral0.5_high1_sensitivity,912737,4073049,18664571,16.77,848.995,212.126,0.000,3788.605,,FR-2 Formal Reasoning Core,MV-1,D3,1612429,5474018,21073801,resolved_explicit_profile_with_variant_caveat,rankable target profile; population remains only the cited observed audience,one exact population observation; excluded if consumed by a selected shared-core package,"Population values retain the source universe and reported interval status. Missing population intervals use a zero-to-point ranking sensitivity; missing practical access or academic overlap uses low 0, neutral 0.5, high 1. Base access is therefore a labelled sensitivity, not a measured harmed-population count.",124,124,124,124,1,137,125,125,38,137,124,125,2,reported_tie_interval_but_not_used_for_admission_when_globally_degenerate,base,124,124,124
OBS-GRG-US-035,natural_language_edition,Honduras SECAPPH Garifuna educational edition using its published Garifuna alphabet,cab-Latn-HN,1,United States,small_population_prestige_domain_screen,R1_below_100k; vitality is not inferred from population band,2422,3080,3738,2422,3738,source_interval_or_exact_bounds,acs_2017_2021_estimated_persons_age5plus_language_spoken_at_home,2017-2021,GRG-US-035,GRG-S001,S-ACS;S-IANA;S-GARIFUNA-HN;S-GARIFUNA-ALPH,US ACS Garifuna does not identify Honduras / Belize / Guatemala / Nicaragua origin; interval is only a ceiling for the Honduras edition,high,1,0,770,3738,unmeasured_low0_neutral0.5_high1_sensitivity;unmeasured_low0_neutral0.5_high1_sensitivity,912737,4073049,18664571,16.77,756.190,189.048,0.000,4095.375,,FR-2 Formal Reasoning Core,MV-1,D3,1612429,5474018,21073801,resolved_exact_single_edition,resolved_single_exact_edition; pooled population counted once; 1 full output cost(s); no shared-core savings credited,one exact population observation; excluded if consumed by a selected shared-core package,"Population values retain the source universe and reported interval status. Missing population intervals use a zero-to-point ranking sensitivity; missing practical access or academic overlap uses low 0, neutral 0.5, high 1. Base access is therefore a labelled sensitivity, not a measured harmed-population count. Profile recovery: US ACS Garifuna does not identify Honduras / Belize / Guatemala / Nicaragua origin; interval is only a ceiling for the Honduras edition Caveat: No coverage of the other national educational profiles is claimed.",125,125,125,125,1,137,124,124,38,137,124,125,2,reported_tie_interval_but_not_used_for_admission_when_globally_degenerate,optimistic,124,124,125
OBS-GRG-AU-003,natural_language_edition,Warlpiri practical school orthography,wbp-Latn-AU,1,Australia,small_population_prestige_domain_screen,R1_below_100k; vitality is not inferred from population band,2624,2624,2624,2624,2624,source_interval_or_exact_bounds,census_language_used_at_home_persons,2021,GRG-AU-003,GRG-S002,,,high,1,0,656,2624,unmeasured_low0_neutral0.5_high1_sensitivity;unmeasured_low0_neutral0.5_high1_sensitivity,912737,4073049,18664571,16.77,644.235,161.059,0.000,2874.870,,FR-2 Formal Reasoning Core,MV-1,D3,1612429,5474018,21073801,resolved_explicit_profile_with_variant_caveat,rankable target profile; population remains only the cited observed audience,one exact population observation; excluded if consumed by a selected shared-core package,"Population values retain the source universe and reported interval status. Missing population intervals use a zero-to-point ranking sensitivity; missing practical access or academic overlap uses low 0, neutral 0.5, high 1. Base access is therefore a labelled sensitivity, not a measured harmed-population count.",126,126,126,126,1,137,129,129,38,137,126,129,2,reported_tie_interval_but_not_used_for_admission_when_globally_degenerate,base,126,126,126
OBS-GRG-US-015,natural_language_edition,Sisseton-Wahpeton / Eastern Dakota edition in the tribal-college documented University of Minnesota orthography,dak-Latn-US,1,United States,small_population_prestige_domain_screen,R1_below_100k; vitality is not inferred from population band,2222,2611,3000,2222,3000,source_interval_or_exact_bounds,acs_2017_2021_estimated_persons_age5plus_language_spoken_at_home,2017-2021,GRG-US-015,GRG-S001,S-ACS;S-IANA;S-DAKOTA-DIO;S-DAKOTA-SWC,ACS Dakota pools Eastern and Western varieties; interval is a ceiling for the Sisseton-Wahpeton edition,high,1,0,653,3000,unmeasured_low0_neutral0.5_high1_sensitivity;unmeasured_low0_neutral0.5_high1_sensitivity,912737,4073049,18664571,16.77,641.043,160.322,0.000,3286.818,,FR-2 Formal Reasoning Core,MV-1,D3,1612429,5474018,21073801,resolved_exact_single_edition,resolved_single_exact_edition; pooled population counted once; 1 full output cost(s); no shared-core savings credited,one exact population observation; excluded if consumed by a selected shared-core package,"Population values retain the source universe and reported interval status. Missing population intervals use a zero-to-point ranking sensitivity; missing practical access or academic overlap uses low 0, neutral 0.5, high 1. Base access is therefore a labelled sensitivity, not a measured harmed-population count. Profile recovery: ACS Dakota pools Eastern and Western varieties; interval is a ceiling for the Sisseton-Wahpeton edition Caveat: Western Yankton/Yanktonai coverage is not claimed.",127,127,127,127,1,137,126,126,38,137,126,127,2,reported_tie_interval_but_not_used_for_admission_when_globally_degenerate,optimistic,126,126,127
OBS-GRG-US-033,natural_language_edition,Q'anjob'al in ALMG normative orthography,kjb-Latn-GT,1,United States,small_population_prestige_domain_screen,R1_below_100k; vitality is not inferred from population band,1532,2253,2974,1532,2974,source_interval_or_exact_bounds,acs_2017_2021_estimated_persons_age5plus_language_spoken_at_home,2017-2021,GRG-US-033,GRG-S001,,,high,1,0,563,2974,unmeasured_low0_neutral0.5_high1_sensitivity;unmeasured_low0_neutral0.5_high1_sensitivity,912737,4073049,18664571,16.77,553.148,138.226,0.000,3258.332,,FR-2 Formal Reasoning Core,MV-1,D3,1612429,5474018,21073801,resolved_explicit_profile_with_variant_caveat,rankable target profile; population remains only the cited observed audience,one exact population observation; excluded if consumed by a selected shared-core package,"Population values retain the source universe and reported interval status. Missing population intervals use a zero-to-point ranking sensitivity; missing practical access or academic overlap uses low 0, neutral 0.5, high 1. Base access is therefore a labelled sensitivity, not a measured harmed-population count.",128,128,128,128,1,137,127,127,38,137,127,128,2,reported_tie_interval_but_not_used_for_admission_when_globally_degenerate,base,128,128,128
OBS-GRG-US-022,natural_language_edition,Kosrae State standard Kosraean,kos-Latn-FM,1,United States,small_population_prestige_domain_screen,R1_below_100k; vitality is not inferred from population band,1390,2051,2712,1390,2712,source_interval_or_exact_bounds,acs_2017_2021_estimated_persons_age5plus_language_spoken_at_home,2017-2021,GRG-US-022,GRG-S001,,,high,1,0,513,2712,unmeasured_low0_neutral0.5_high1_sensitivity;unmeasured_low0_neutral0.5_high1_sensitivity,912737,4073049,18664571,16.77,503.554,125.950,0.000,2971.283,,FR-2 Formal Reasoning Core,MV-1,D3,1612429,5474018,21073801,resolved_single_profile,rankable target profile; population remains only the cited observed audience,one exact population observation; excluded if consumed by a selected shared-core package,"Population values retain the source universe and reported interval status. Missing population intervals use a zero-to-point ranking sensitivity; missing practical access or academic overlap uses low 0, neutral 0.5, high 1. Base access is therefore a labelled sensitivity, not a measured harmed-population count.",130,130,130,130,1,137,128,128,38,137,128,130,2,reported_tie_interval_but_not_used_for_admission_when_globally_degenerate,optimistic,128,128,129
OBS-GRG-AU-004,natural_language_edition,Murrinh-Patha community dictionary/school profile,mwf-Latn-AU,1,Australia,small_population_prestige_domain_screen,R1_below_100k; vitality is not inferred from population band,2081,2081,2081,2081,2081,source_interval_or_exact_bounds,census_language_used_at_home_persons,2021,GRG-AU-004,GRG-S002,,,high,1,0,520,2081,unmeasured_low0_neutral0.5_high1_sensitivity;unmeasured_low0_neutral0.5_high1_sensitivity,912737,4073049,18664571,16.77,510.919,127.668,0.000,2279.956,,FR-2 Formal Reasoning Core,MV-1,D3,1612429,5474018,21073801,resolved_single_profile,rankable target profile; population remains only the cited observed audience,one exact population observation; excluded if consumed by a selected shared-core package,"Population values retain the source universe and reported interval status. Missing population intervals use a zero-to-point ranking sensitivity; missing practical access or academic overlap uses low 0, neutral 0.5, high 1. Base access is therefore a labelled sensitivity, not a measured harmed-population count.",129,129,129,129,1,137,131,131,38,137,129,131,2,reported_tie_interval_but_not_used_for_admission_when_globally_degenerate,base,129,129,130
OBS-GRG-US-034,natural_language_edition,Maayat'aan (Yucatec Maya) in INALI writing standard,yua-Latn-MX,1,United States,small_population_prestige_domain_screen,R1_below_100k; vitality is not inferred from population band,1155,1708,2261,1155,2261,source_interval_or_exact_bounds,acs_2017_2021_estimated_persons_age5plus_language_spoken_at_home,2017-2021,GRG-US-034,GRG-S001,,,high,1,0,427,2261,unmeasured_low0_neutral0.5_high1_sensitivity;unmeasured_low0_neutral0.5_high1_sensitivity,912737,4073049,18664571,16.77,419.342,104.835,0.000,2477.165,,FR-2 Formal Reasoning Core,MV-1,D3,1612429,5474018,21073801,resolved_explicit_profile_with_variant_caveat,rankable target profile; population remains only the cited observed audience,one exact population observation; excluded if consumed by a selected shared-core package,"Population values retain the source universe and reported interval status. Missing population intervals use a zero-to-point ranking sensitivity; missing practical access or academic overlap uses low 0, neutral 0.5, high 1. Base access is therefore a labelled sensitivity, not a measured harmed-population count.",132,132,132,132,1,137,130,130,38,137,130,132,2,reported_tie_interval_but_not_used_for_admission_when_globally_degenerate,optimistic,130,130,131
OBS-GRG-AU-005,natural_language_edition,Alyawarr community educational profile,aly-Latn-AU,1,Australia,small_population_prestige_domain_screen,R1_below_100k; vitality is not inferred from population band,1951,1951,1951,1951,1951,source_interval_or_exact_bounds,census_language_used_at_home_persons,2021,GRG-AU-005,GRG-S002,,,high,1,0,488,1951,unmeasured_low0_neutral0.5_high1_sensitivity;unmeasured_low0_neutral0.5_high1_sensitivity,912737,4073049,18664571,16.77,479.002,119.812,0.000,2137.527,,FR-2 Formal Reasoning Core,MV-1,D3,1612429,5474018,21073801,resolved_single_profile,rankable target profile; population remains only the cited observed audience,one exact population observation; excluded if consumed by a selected shared-core package,"Population values retain the source universe and reported interval status. Missing population intervals use a zero-to-point ranking sensitivity; missing practical access or academic overlap uses low 0, neutral 0.5, high 1. Base access is therefore a labelled sensitivity, not a measured harmed-population count.",131,131,131,131,1,137,132,132,38,137,131,132,2,reported_tie_interval_but_not_used_for_admission_when_globally_degenerate,base,131,131,132
OBS-GRG-US-028,natural_language_edition,Two-output bundle: Aruba official Papiamento spelling plus Curaçao/Bonaire official Papiamentu phonological spelling,pap-Latn-AW|pap-Latn-CW|pap-Latn-BQ,2,United States,small_population_prestige_domain_screen,R1_below_100k; vitality is not inferred from population band,950,1422,1894,950,1894,source_interval_or_exact_bounds,acs_2017_2021_estimated_persons_age5plus_language_spoken_at_home,2017-2021,GRG-US-028,GRG-S001,S-ACS;S-IANA;S-PAP-FACT;S-PAP-AW;S-PAP-CW,US ACS Papiamento does not identify island origin; the one interval is a pooled ceiling and must never be multiplied across outputs,high,1,0,356,1894,unmeasured_low0_neutral0.5_high1_sensitivity;unmeasured_low0_neutral0.5_high1_sensitivity,1825474,8146098,37329142,33.54,174.562,43.702,0.000,1037.539,,FR-2 Formal Reasoning Core,MV-1,D3,3224858,10948036,42147602,resolved_exact_multi_output_bundle,resolved_enumerated_shared_core_bundle; pooled population counted once; 2 full output cost(s); no shared-core savings credited,one exact population observation; excluded if consumed by a selected shared-core package,"Population values retain the source universe and reported interval status. Missing population intervals use a zero-to-point ranking sensitivity; missing practical access or academic overlap uses low 0, neutral 0.5, high 1. Base access is therefore a labelled sensitivity, not a measured harmed-population count. Profile recovery: US ACS Papiamento does not identify island origin; the one interval is a pooled ceiling and must never be multiplied across outputs Caveat: Three deployment tags are preserved while two localized byte editions are costed.",133,133,133,133,1,137,133,133,38,137,133,133,2,reported_tie_interval_but_not_used_for_admission_when_globally_degenerate,optimistic,133,133,133
OBS-GRG-AU-007,natural_language_edition,Gurindji community dictionary profile,gue-Latn-AU,1,Australia,small_population_prestige_domain_screen,R1_below_100k; vitality is not inferred from population band,623,623,623,623,623,source_interval_or_exact_bounds,census_language_used_at_home_persons,2021,GRG-AU-007,GRG-S004,,,high,1,0,156,623,unmeasured_low0_neutral0.5_high1_sensitivity;unmeasured_low0_neutral0.5_high1_sensitivity,912737,4073049,18664571,16.77,152.957,38.301,0.000,682.562,,FR-2 Formal Reasoning Core,MV-1,D3,1612429,5474018,21073801,resolved_explicit_profile_with_variant_caveat,rankable target profile; population remains only the cited observed audience,one exact population observation; excluded if consumed by a selected shared-core package,"Population values retain the source universe and reported interval status. Missing population intervals use a zero-to-point ranking sensitivity; missing practical access or academic overlap uses low 0, neutral 0.5, high 1. Base access is therefore a labelled sensitivity, not a measured harmed-population count.",134,134,134,134,1,137,134,134,38,137,134,134,2,reported_tie_interval_but_not_used_for_admission_when_globally_degenerate,base,134,134,134
OBS-GRG-AU-010,natural_language_edition,Warumungu community educational profile,wrm-Latn-AU,1,Australia,small_population_prestige_domain_screen,R1_below_100k; vitality is not inferred from population band,424,424,424,424,424,source_interval_or_exact_bounds,census_language_used_at_home_persons,2021,GRG-AU-010,GRG-S005,,,high,1,0,106,424,unmeasured_low0_neutral0.5_high1_sensitivity;unmeasured_low0_neutral0.5_high1_sensitivity,912737,4073049,18664571,16.77,104.099,26.025,0.000,464.537,,FR-2 Formal Reasoning Core,MV-1,D3,1612429,5474018,21073801,resolved_single_profile,rankable target profile; population remains only the cited observed audience,one exact population observation; excluded if consumed by a selected shared-core package,"Population values retain the source universe and reported interval status. Missing population intervals use a zero-to-point ranking sensitivity; missing practical access or academic overlap uses low 0, neutral 0.5, high 1. Base access is therefore a labelled sensitivity, not a measured harmed-population count.",135,135,135,135,1,137,135,135,38,137,135,135,2,reported_tie_interval_but_not_used_for_admission_when_globally_degenerate,optimistic,135,135,135
OBS-GRG-AU-008,natural_language_edition,Ngarinyman community educational profile,nbj-Latn-AU,1,Australia,small_population_prestige_domain_screen,R1_below_100k; vitality is not inferred from population band,313,313,313,313,313,source_interval_or_exact_bounds,census_language_used_at_home_persons,2021,GRG-AU-008,GRG-S004,,,high,1,0,78,313,unmeasured_low0_neutral0.5_high1_sensitivity;unmeasured_low0_neutral0.5_high1_sensitivity,912737,4073049,18664571,16.77,76.847,19.150,0.000,342.925,,FR-2 Formal Reasoning Core,MV-1,D3,1612429,5474018,21073801,resolved_single_profile,rankable target profile; population remains only the cited observed audience,one exact population observation; excluded if consumed by a selected shared-core package,"Population values retain the source universe and reported interval status. Missing population intervals use a zero-to-point ranking sensitivity; missing practical access or academic overlap uses low 0, neutral 0.5, high 1. Base access is therefore a labelled sensitivity, not a measured harmed-population count.",136,136,136,136,1,137,136,136,38,137,136,136,2,reported_tie_interval_but_not_used_for_admission_when_globally_degenerate,base,136,136,136
OBS-GRG-AU-009,natural_language_edition,Wubuy (source label Nunggubuyu) community profile,nuy-Latn-AU,1,Australia,small_population_prestige_domain_screen,R1_below_100k; vitality is not inferred from population band,283,283,283,283,283,source_interval_or_exact_bounds,census_language_used_at_home_persons,2021,GRG-AU-009,GRG-S004,,,high,1,0,71,283,unmeasured_low0_neutral0.5_high1_sensitivity;unmeasured_low0_neutral0.5_high1_sensitivity,912737,4073049,18664571,16.77,69.481,17.432,0.000,310.056,,FR-2 Formal Reasoning Core,MV-1,D3,1612429,5474018,21073801,resolved_explicit_profile_with_name_caveat,rankable target profile; population remains only the cited observed audience,one exact population observation; excluded if consumed by a selected shared-core package,"Population values retain the source universe and reported interval status. Missing population intervals use a zero-to-point ranking sensitivity; missing practical access or academic overlap uses low 0, neutral 0.5, high 1. Base access is therefore a labelled sensitivity, not a measured harmed-population count.",137,137,137,137,1,137,137,137,38,137,137,137,2,reported_tie_interval_but_not_used_for_admission_when_globally_degenerate,optimistic,137,137,137
