portfolio_exposure_position,intervention_id,intervention_name,target_profile,territory,population_observation_id,population_measure_class,source_population_measure,learner_or_age_stratum,source_year,population_low,population_base,population_high,content_deficit_D_ex_ante,target_identity_C_conditional_on_standard_literacy,target_readable_N_low,target_readable_N_base_sensitivity,target_readable_N_high,practical_access_P_low,practical_access_P_base,practical_access_P_high,practical_access_evidence_status,academic_nonoverlap_U_low,academic_nonoverlap_U_base,academic_nonoverlap_U_high,academic_nonoverlap_evidence_status,factor_evidence_class,marginal_access_low,marginal_access_base_sensitivity,marginal_access_high,base_midpoint_sensitivity_per_million_tokens,base_midpoint_sensitivity_rank_low,base_midpoint_sensitivity_rank_high,conservative_score_per_million_tokens,conservative_rank_low,conservative_rank_high,optimistic_sensitivity_per_million_tokens,optimistic_sensitivity_rank_low,optimistic_sensitivity_rank_high,bibliographic_scarcity_proxy_per_million_tokens,bibliographic_scarcity_proxy_rank_low,bibliographic_scarcity_proxy_rank_high,direct_evidence_rank_status,interpretation
1,NAT-122,Standard Simplified Chinese (Mainland China),zh-Hans-CN,China,POP-CN-001,territory_all_residents_ceiling,official_census_mainland_population_gross_territory_ceiling,national written-standard potential population,2020-11-01,1411778724,1411778724,1411778724,1.000000,1.000000,0,1365754738,1411778724,0.000000,0.967400,1.000000,territory_adult_literacy_proxy_sensitivity,0.000000,0.500000,1.000000,unmeasured_low0_neutral0.5_high1_sensitivity,proxy_plus_ignorance_midpoint,0,682877354,1411778724,167657534.687,1,1,0.000,1,137,1546753034.007,1,1,16177443.237,1,1,not_directly_rankable_contains_proxy_or_ignorance_midpoint,"Base and optimistic values are factor-model sensitivities. Neutral 0.5 values are ignorance midpoints, not empirical estimates; cross-measure population comparisons remain descriptive."
2,NAT-124,Standard Hindi (India),hi-Deva-IN,India,POP-IN-COMP-006,same_name_mother_tongue_component,census_same_name_mother_tongue_component_persons,same_name_mother_tongue_component_population,2011,322230097,322230097,322230097,1.000000,1.000000,0,251863100,322230097,0.000000,0.781625,1.000000,territory_adult_literacy_proxy_sensitivity,0.933269,0.966634,0.986654,India_C17_category_proxy_sensitivity,contains_proxy,0,243459662,317929549,59773320.183,2,2,0.000,1,137,348325474.918,2,2,12059506.527,2,2,not_directly_rankable_contains_proxy_or_ignorance_midpoint,"Base and optimistic values are factor-model sensitivities. Neutral 0.5 values are ignorance midpoints, not empirical estimates; cross-measure population comparisons remain descriptive."
3,NAT-003,Telugu,te-Telu-IN,India,POP-IN-COMP-021,same_name_mother_tongue_component,census_same_name_mother_tongue_component_persons,same_name_mother_tongue_component_population,2011,80912459,80912459,80912459,1.000000,1.000000,0,63243201,80912459,0.000000,0.781625,1.000000,territory_adult_literacy_proxy_sensitivity,0.828935,0.914467,0.965787,India_C17_category_proxy_sensitivity,contains_proxy,0,57833869,78144198,14199158.665,6,6,0.000,1,137,85615240.754,8,8,8220560.322,3,3,not_directly_rankable_contains_proxy_or_ignorance_midpoint,"Base and optimistic values are factor-model sensitivities. Neutral 0.5 values are ignorance midpoints, not empirical estimates; cross-measure population comparisons remain descriptive."
4,NAT-121,Bahasa Indonesia,id-Latn-ID,Indonesia,POP-ID-018,functional_language_ability_or_estimate,official_long_form_census_able_to_speak_indonesian_persons_age5plus,population_age_5_plus,2022,0,248501794,248501794,1.000000,1.000000,0,238561722,248501794,0.000000,0.960000,1.000000,territory_adult_literacy_proxy_sensitivity,0.000000,0.500000,1.000000,unmeasured_low0_neutral0.5_high1_sensitivity,proxy_plus_ignorance_midpoint,0,119280861,248501794,29285397.991,3,3,0.000,1,137,272260020.137,3,3,256891.582,29,29,not_directly_rankable_contains_proxy_or_ignorance_midpoint,"Base and optimistic values are factor-model sensitivities. Neutral 0.5 values are ignorance midpoints, not empirical estimates; cross-measure population comparisons remain descriptive."
5,NAT-001,Bangladesh Bangla,bn-Beng-BD,Bangladesh,ASSEC-BD-BN-001,functional_language_ability_or_estimate,derived_cldr_territory_functional_language_users,functional_literate_language_users_L1_or_later_language,2026-03-17 CLDR release; component estimate year not stated,0,165323060,165323060,1.000000,1.000000,0,130605217,165323060,0.000000,0.790000,1.000000,territory_adult_literacy_proxy_sensitivity,0.000000,0.500000,1.000000,unmeasured_low0_neutral0.5_high1_sensitivity,proxy_plus_ignorance_midpoint,0,65302609,165323060,16032856.221,5,5,0.000,1,137,181128912.272,4,4,3937893.946,11,11,not_directly_rankable_contains_proxy_or_ignorance_midpoint,"Base and optimistic values are factor-model sensitivities. Neutral 0.5 values are ignorance midpoints, not empirical estimates; cross-measure population comparisons remain descriptive."
6,NAT-006,Marathi,mr-Deva-IN,India,POP-IN-COMP-013,same_name_mother_tongue_component,census_same_name_mother_tongue_component_persons,same_name_mother_tongue_component_population,2011,82801140,82801140,82801140,1.000000,1.000000,0,64719441,82801140,0.000000,0.781625,1.000000,territory_adult_literacy_proxy_sensitivity,0.554905,0.777452,0.910981,India_C17_category_proxy_sensitivity,contains_proxy,0,50316309,75430264,12353475.001,7,7,0.000,1,137,82641838.777,9,9,7693830.838,4,4,not_directly_rankable_contains_proxy_or_ignorance_midpoint,"Base and optimistic values are factor-model sensitivities. Neutral 0.5 values are ignorance midpoints, not empirical estimates; cross-measure population comparisons remain descriptive."
7,NAT-002,Indian Bengali,bn-Beng-IN,India,POP-IN-COMP-002,same_name_mother_tongue_component,census_same_name_mother_tongue_component_persons,same_name_mother_tongue_component_population,2011,96177835,96177835,96177835,1.000000,1.000000,0,75175000,96177835,0.000000,0.781625,1.000000,territory_adult_literacy_proxy_sensitivity,0.854331,0.927166,0.970866,India_C17_category_proxy_sensitivity,contains_proxy,0,69699712,93375817,17112416.767,4,4,0.000,1,137,102303091.690,6,6,4203049.116,10,10,not_directly_rankable_contains_proxy_or_ignorance_midpoint,"Base and optimistic values are factor-model sensitivities. Neutral 0.5 values are ignorance midpoints, not empirical estimates; cross-measure population comparisons remain descriptive."
8,NAT-123,Japanese (Japan),ja-Jpan-JP,Japan,POP-JP-001,territory_all_residents_ceiling,official_census_territory_population_gross_ceiling,national written-standard potential population,2020-10-01,126146099,126146099,126146099,1.000000,1.000000,0,63073050,126146099,0.000000,0.500000,1.000000,unmeasured_low0_neutral0.5_high1_sensitivity,0.000000,0.500000,1.000000,unmeasured_low0_neutral0.5_high1_sensitivity,contains_ignorance_midpoint,0,31536525,126146099,7742731.551,12,12,0.000,1,137,138206404.474,5,5,339596.209,27,27,not_directly_rankable_contains_proxy_or_ignorance_midpoint,"Base and optimistic values are factor-model sensitivities. Neutral 0.5 values are ignorance midpoints, not empirical estimates; cross-measure population comparisons remain descriptive."
9,NAT-038,Javanese,jv-Latn-ID,Indonesia,POP-ID-001,home_or_usual_language_use,daily_language_at_home_age5plus_persons,large_regional_home_language,2010,68044660,68044660,68044660,1.000000,1.000000,0,65322874,68044660,0.000000,0.960000,1.000000,territory_adult_literacy_proxy_sensitivity,0.000000,0.500000,1.000000,unmeasured_low0_neutral0.5_high1_sensitivity,proxy_plus_ignorance_midpoint,0,32661437,68044660,8018915.805,11,11,0.000,1,137,74550127.802,10,10,7385846.328,5,5,not_directly_rankable_contains_proxy_or_ignorance_midpoint,"Base and optimistic values are factor-model sensitivities. Neutral 0.5 values are ignorance midpoints, not empirical estimates; cross-measure population comparisons remain descriptive."
10,NAT-004,Indian Tamil,ta-Taml-IN,India,POP-IN-COMP-020,same_name_mother_tongue_component,census_same_name_mother_tongue_component_persons,same_name_mother_tongue_component_population,2011,68888839,68888839,68888839,1.000000,1.000000,0,53845239,68888839,0.000000,0.781625,1.000000,territory_adult_literacy_proxy_sensitivity,0.797288,0.898644,0.959458,India_C17_category_proxy_sensitivity,contains_proxy,0,48387709,66095914,11879972.227,8,8,0.000,1,137,72415070.278,11,11,5835774.870,7,7,not_directly_rankable_contains_proxy_or_ignorance_midpoint,"Base and optimistic values are factor-model sensitivities. Neutral 0.5 values are ignorance midpoints, not empirical estimates; cross-measure population comparisons remain descriptive."
11,NAT-028,Vietnamese,vi-Latn-VN,Vietnam,ASSEC-VN-VI-001,published_or_derived_speaker_estimate,peer_reviewed_published_lower_bound_speakers,Vietnam_total_Vietnamese_speakers_L1_L2_unspecified,2016 publication; population estimate vintage not stated,89000000,89000000,89000000,1.000000,1.000000,0,85555700,89000000,0.000000,0.961300,1.000000,territory_adult_literacy_proxy_sensitivity,0.000000,0.500000,1.000000,unmeasured_low0_neutral0.5_high1_sensitivity,proxy_plus_ignorance_midpoint,0,42777849,89000000,10502660.047,9,9,0.000,1,137,97508920.971,7,7,1750446.901,18,18,not_directly_rankable_contains_proxy_or_ignorance_midpoint,"Base and optimistic values are factor-model sensitivities. Neutral 0.5 values are ignorance midpoints, not empirical estimates; cross-measure population comparisons remain descriptive."
12,NAT-007,Gujarati,gu-Gujr-IN,India,POP-IN-COMP-005,same_name_mother_tongue_component,census_same_name_mother_tongue_component_persons,same_name_mother_tongue_component_population,2011,55036204,55036204,55036204,1.000000,1.000000,0,43017673,55036204,0.000000,0.781625,1.000000,territory_adult_literacy_proxy_sensitivity,0.584924,0.792462,0.916985,India_C17_category_proxy_sensitivity,contains_proxy,0,34089878,50467358,8369621.382,10,10,0.000,1,137,55292332.841,14,14,6534180.168,6,6,not_directly_rankable_contains_proxy_or_ignorance_midpoint,"Base and optimistic values are factor-model sensitivities. Neutral 0.5 values are ignorance midpoints, not empirical estimates; cross-measure population comparisons remain descriptive."
13,NAT-008,Kannada,kn-Knda-IN,India,POP-IN-COMP-007,same_name_mother_tongue_component,census_same_name_mother_tongue_component_persons,same_name_mother_tongue_component_population,2011,43506272,43506272,43506272,1.000000,1.000000,0,34005590,43506272,0.000000,0.781625,1.000000,territory_adult_literacy_proxy_sensitivity,0.854699,0.927350,0.970940,India_C17_category_proxy_sensitivity,contains_proxy,0,31535081,42241972,7742377.025,13,13,0.000,1,137,46280551.791,16,16,3056202.614,15,15,not_directly_rankable_contains_proxy_or_ignorance_midpoint,"Base and optimistic values are factor-model sensitivities. Neutral 0.5 values are ignorance midpoints, not empirical estimates; cross-measure population comparisons remain descriptive."
14,NAT-029,Thai,th-Thai-TH,Thailand,TH-2010-003,derived_union_of_census_language_strata,derived_union_of_mutually_exclusive_census_strata_persons,usual_home_language_population,2010-09-01,64080191,64080191,64080191,1.000000,1.000000,0,58377054,64080191,0.000000,0.911000,1.000000,territory_adult_literacy_proxy_sensitivity,0.000000,0.500000,1.000000,unmeasured_low0_neutral0.5_high1_sensitivity,proxy_plus_ignorance_midpoint,0,29188527,64080191,7166259.723,15,15,0.000,1,137,70206632.360,12,12,1068654.219,21,21,not_directly_rankable_contains_proxy_or_ignorance_midpoint,"Base and optimistic values are factor-model sensitivities. Neutral 0.5 values are ignorance midpoints, not empirical estimates; cross-measure population comparisons remain descriptive."
15,NAT-010,Odia,or-Orya-IN,India,POP-IN-COMP-015,same_name_mother_tongue_component,census_same_name_mother_tongue_component_persons,same_name_mother_tongue_component_population,2011,34059266,34059266,34059266,1.000000,1.000000,0,26621574,34059266,0.000000,0.781625,1.000000,territory_adult_literacy_proxy_sensitivity,0.735945,0.867973,0.947189,India_C17_category_proxy_sensitivity,contains_proxy,0,23106806,32260563,5673097.967,17,17,0.000,1,137,35344861.663,22,22,5225223.905,8,8,not_directly_rankable_contains_proxy_or_ignorance_midpoint,"Base and optimistic values are factor-model sensitivities. Neutral 0.5 values are ignorance midpoints, not empirical estimates; cross-measure population comparisons remain descriptive."
16,NAT-013,Indian Urdu,ur-Arab-IN,India,POP-IN-COMP-022,same_name_mother_tongue_component,census_same_name_mother_tongue_component_persons,same_name_mother_tongue_component_population,2011,50725762,50725762,50725762,1.000000,1.000000,0,39648524,50725762,0.000000,0.781625,1.000000,territory_adult_literacy_proxy_sensitivity,0.543607,0.771804,0.908721,India_C17_category_proxy_sensitivity,contains_proxy,0,30600888,46095589,7513017.398,14,14,0.000,1,137,50502597.134,15,15,5140489.103,9,9,not_directly_rankable_contains_proxy_or_ignorance_midpoint,"Base and optimistic values are factor-model sensitivities. Neutral 0.5 values are ignorance midpoints, not empirical estimates; cross-measure population comparisons remain descriptive."
17,NAT-125,Bhojpuri (India),bho-Deva-IN,India,POP-IN-023,mother_tongue_or_first_language,census_mother_tongue_persons,regional_language_population,2011,50579447,50579447,50579447,1.000000,1.000000,0,39534160,50579447,0.000000,0.781625,1.000000,territory_adult_literacy_proxy_sensitivity,0.000000,0.500000,1.000000,unmeasured_low0_neutral0.5_high1_sensitivity,proxy_plus_ignorance_midpoint,0,19767088,50579447,4853142.695,18,18,0.000,1,137,55415138.205,13,13,,38,137,not_directly_rankable_contains_proxy_or_ignorance_midpoint,"Base and optimistic values are factor-model sensitivities. Neutral 0.5 values are ignorance midpoints, not empirical estimates; cross-measure population comparisons remain descriptive."
18,NAT-030,Burmese,my-Mymr-MM,Myanmar,ASSEC-MM-MY-001,functional_language_ability_or_estimate,derived_cldr_territory_functional_language_users,functional_literate_language_users_L1_or_later_language,2026-03-17 CLDR release; component estimate year not stated,0,36817344,36817344,1.000000,1.000000,0,34434305,36817344,0.000000,0.935274,1.000000,territory_adult_literacy_proxy_sensitivity,0.000000,0.500000,1.000000,unmeasured_low0_neutral0.5_high1_sensitivity,proxy_plus_ignorance_midpoint,0,17217151,36817344,4227091.547,21,21,0.000,1,137,40337297.601,17,17,3893375.454,12,12,not_directly_rankable_contains_proxy_or_ignorance_midpoint,"Base and optimistic values are factor-model sensitivities. Neutral 0.5 values are ignorance midpoints, not empirical estimates; cross-measure population comparisons remain descriptive."
19,NAT-009,Malayalam,ml-Mlym-IN,India,POP-IN-COMP-011,same_name_mother_tongue_component,census_same_name_mother_tongue_component_persons,same_name_mother_tongue_component_population,2011,34776533,34776533,34776533,1.000000,1.000000,0,27182208,34776533,0.000000,0.781625,1.000000,territory_adult_literacy_proxy_sensitivity,0.761951,0.880975,0.952390,India_C17_category_proxy_sensitivity,contains_proxy,0,23946869,33120829,5879347.143,16,16,0.000,1,137,36287374.129,20,20,3197541.694,14,14,not_directly_rankable_contains_proxy_or_ignorance_midpoint,"Base and optimistic values are factor-model sensitivities. Neutral 0.5 values are ignorance midpoints, not empirical estimates; cross-measure population comparisons remain descriptive."
20,EXP-003,Uzbekistan Uzbek Latin-script edition,uz-Latn-UZ,Uzbekistan,ALG-UZ-L001,mother_tongue_or_first_language,preliminary_census_mother_tongue_persons_rounded,direct_language_population,2026,35650000,35700000,35749999,1.000000,1.000000,0,35700000,35749999,0.000000,1.000000,1.000000,territory_adult_literacy_proxy_sensitivity,0.000000,0.500000,1.000000,unmeasured_low0_neutral0.5_high1_sensitivity,proxy_plus_ignorance_midpoint,0,17850000,35749999,4382466.305,20,20,0.000,1,137,39167908.171,18,18,1014459.684,22,22,not_directly_rankable_contains_proxy_or_ignorance_midpoint,"Base and optimistic values are factor-model sensitivities. Neutral 0.5 values are ignorance midpoints, not empirical estimates; cross-measure population comparisons remain descriptive."
21,NAT-014,Eastern Punjabi,pa-Guru-IN,India,POP-IN-COMP-016,same_name_mother_tongue_component,census_same_name_mother_tongue_component_persons,same_name_mother_tongue_component_population,2011,31144095,31144095,31144095,1.000000,1.000000,0,24343003,31144095,0.000000,0.781625,1.000000,territory_adult_literacy_proxy_sensitivity,0.469529,0.734764,0.893906,India_C17_category_proxy_sensitivity,contains_proxy,0,17886376,27839884,4391397.206,19,19,0.000,1,137,30501539.874,25,25,3428372.701,13,13,not_directly_rankable_contains_proxy_or_ignorance_midpoint,"Base and optimistic values are factor-model sensitivities. Neutral 0.5 values are ignorance midpoints, not empirical estimates; cross-measure population comparisons remain descriptive."
22,NAT-039,Sundanese,su-Latn-ID,Indonesia,POP-ID-003,home_or_usual_language_use,daily_language_at_home_age5plus_persons,large_regional_home_language,2010,32412752,32412752,32412752,1.000000,1.000000,0,31116242,32412752,0.000000,0.960000,1.000000,territory_adult_literacy_proxy_sensitivity,0.000000,0.500000,1.000000,unmeasured_low0_neutral0.5_high1_sensitivity,proxy_plus_ignorance_midpoint,0,15558121,32412752,3819772.608,22,22,0.000,1,137,35511600.823,21,21,2613530.552,16,16,not_directly_rankable_contains_proxy_or_ignorance_midpoint,"Base and optimistic values are factor-model sensitivities. Neutral 0.5 values are ignorance midpoints, not empirical estimates; cross-measure population comparisons remain descriptive."
23,NAT-018,Sindhi,sd-Arab-PK,Pakistan,POP-PK-003,mother_tongue_or_first_language,census_mother_tongue_persons,regional_language_population,2023,34401564,34401564,34401564,1.000000,1.000000,0,20248761,34401564,0.000000,0.588600,1.000000,territory_adult_literacy_proxy_sensitivity,0.000000,0.500000,1.000000,unmeasured_low0_neutral0.5_high1_sensitivity,proxy_plus_ignorance_midpoint,0,10124380,34401564,2485700.516,24,24,0.000,1,137,37690554.891,19,19,2289462.022,17,17,not_directly_rankable_contains_proxy_or_ignorance_midpoint,"Base and optimistic values are factor-model sensitivities. Neutral 0.5 values are ignorance midpoints, not empirical estimates; cross-measure population comparisons remain descriptive."
24,NAT-065,Amharic,am-Ethi-ET,Ethiopia,POP-ET-002,mother_tongue_or_first_language,census_mother_tongue_persons,large_national_mother_tongue,2007,21634396,21634396,21634396,1.000000,1.000000,0,13080156,21634396,0.000000,0.604600,1.000000,territory_adult_literacy_proxy_sensitivity,0.000000,0.500000,1.000000,unmeasured_low0_neutral0.5_high1_sensitivity,proxy_plus_ignorance_midpoint,0,6540078,21634396,1605695.880,31,31,0.000,1,137,23702770.897,27,27,1478930.894,19,19,not_directly_rankable_contains_proxy_or_ignorance_midpoint,"Base and optimistic values are factor-model sensitivities. Neutral 0.5 values are ignorance midpoints, not empirical estimates; cross-measure population comparisons remain descriptive."
25,NAT-034,Cebuano,ceb-Latn-PH,Philippines,ASSEC-PH-CEB-001,survey_weighted_main_language_estimate,CLEAR_normalized_main_language_weighted_persons_from_IPUMS_2010_census_extract,national_main_language_population,2010-12-31,0,20697364,20697364,1.000000,1.000000,0,20380694,20697364,0.000000,0.984700,1.000000,territory_adult_literacy_proxy_sensitivity,0.000000,0.500000,1.000000,unmeasured_low0_neutral0.5_high1_sensitivity,proxy_plus_ignorance_midpoint,0,10190347,20697364,2501896.491,23,23,0.000,1,137,22676153.153,28,28,,38,137,not_directly_rankable_contains_proxy_or_ignorance_midpoint,"Base and optimistic values are factor-model sensitivities. Neutral 0.5 values are ignorance midpoints, not empirical estimates; cross-measure population comparisons remain descriptive."
26,NAT-058,Dari,prs-Arab-AF,Afghanistan,ASSEC-AF-PRS-001,published_or_derived_speaker_estimate,derived_2020_total_speakers_from_official_secondary_share_and_world_bank_denominator,total_language_speakers_L1_plus_L2_nonexclusive,2020 estimate; republished in official report 2023,0,30083114,30083114,1.000000,1.000000,0,11211977,30083114,0.000000,0.372700,1.000000,territory_adult_literacy_proxy_sensitivity,0.000000,0.500000,1.000000,unmeasured_low0_neutral0.5_high1_sensitivity,proxy_plus_ignorance_midpoint,0,5605988,30083114,1376361.541,32,32,0.000,1,137,32959235.793,23,23,,38,137,not_directly_rankable_contains_proxy_or_ignorance_midpoint,"Base and optimistic values are factor-model sensitivities. Neutral 0.5 values are ignorance midpoints, not empirical estimates; cross-measure population comparisons remain descriptive."
27,NAT-012,Pakistani Urdu,ur-Arab-PK,Pakistan,POP-PK-001,mother_tongue_or_first_language,census_mother_tongue_persons,national_language_population,2023,22249307,22249307,22249307,1.000000,1.000000,0,13095942,22249307,0.000000,0.588600,1.000000,territory_adult_literacy_proxy_sensitivity,0.000000,0.500000,1.000000,unmeasured_low0_neutral0.5_high1_sensitivity,proxy_plus_ignorance_midpoint,0,6547971,22249307,1607633.741,30,30,0.000,1,137,24376470.988,26,26,1099960.742,20,20,not_directly_rankable_contains_proxy_or_ignorance_midpoint,"Base and optimistic values are factor-model sensitivities. Neutral 0.5 values are ignorance midpoints, not empirical estimates; cross-measure population comparisons remain descriptive."
28,NAT-011,Assamese,as-Beng-IN,India,POP-IN-COMP-001,same_name_mother_tongue_component,census_same_name_mother_tongue_component_persons,same_name_mother_tongue_component_population,2011,14816414,14816414,14816414,1.000000,1.000000,0,11580880,14816414,0.000000,0.781625,1.000000,territory_adult_literacy_proxy_sensitivity,0.747428,0.873714,0.949486,India_C17_category_proxy_sensitivity,contains_proxy,0,10118381,14067972,2484227.663,25,25,0.000,1,137,15412952.472,33,33,,38,137,not_directly_rankable_contains_proxy_or_ignorance_midpoint,"Base and optimistic values are factor-model sensitivities. Neutral 0.5 values are ignorance midpoints, not empirical estimates; cross-measure population comparisons remain descriptive."
29,NAT-019,Saraiki,skr-Arab-PK,Pakistan,POP-PK-007,mother_tongue_or_first_language,census_mother_tongue_persons,regional_language_population,2023,28849579,28849579,28849579,1.000000,1.000000,0,16980862,28849579,0.000000,0.588600,1.000000,territory_adult_literacy_proxy_sensitivity,0.000000,0.500000,1.000000,unmeasured_low0_neutral0.5_high1_sensitivity,proxy_plus_ignorance_midpoint,0,8490431,28849579,2084539.371,26,26,0.000,1,137,31607767.626,24,24,,38,137,not_directly_rankable_contains_proxy_or_ignorance_midpoint,"Base and optimistic values are factor-model sensitivities. Neutral 0.5 values are ignorance midpoints, not empirical estimates; cross-measure population comparisons remain descriptive."
30,NAT-027,Sinhala,si-Sinh-LK,Sri Lanka,ASSEC-LK-SI-001,functional_language_ability_or_estimate,derived_cldr_territory_functional_language_users,functional_literate_language_users_L1_or_later_language,2026-03-17 CLDR release; component estimate year not stated,0,14948168,14948168,1.000000,1.000000,0,13862931,14948168,0.000000,0.927400,1.000000,territory_adult_literacy_proxy_sensitivity,0.000000,0.500000,1.000000,unmeasured_low0_neutral0.5_high1_sensitivity,proxy_plus_ignorance_midpoint,0,6931465,14948168,1701787.776,28,28,0.000,1,137,16377300.361,30,30,925534.409,23,23,not_directly_rankable_contains_proxy_or_ignorance_midpoint,"Base and optimistic values are factor-model sensitivities. Neutral 0.5 values are ignorance midpoints, not empirical estimates; cross-measure population comparisons remain descriptive."
31,EXP-004,India Maithili Devanagari edition,mai-Deva-IN,India,POP-IN-COMP-010,same_name_mother_tongue_component,census_same_name_mother_tongue_component_persons,same_name_mother_tongue_component_population,2011,13353347,13353347,13353347,1.000000,1.000000,0,10437310,13353347,0.000000,0.781625,1.000000,territory_adult_literacy_proxy_sensitivity,0.464892,0.732446,0.892978,India_C17_category_proxy_sensitivity,contains_proxy,0,7644770,11924251,1876915.795,27,27,0.000,1,137,13064279.195,35,35,,38,137,not_directly_rankable_contains_proxy_or_ignorance_midpoint,"Base and optimistic values are factor-model sensitivities. Neutral 0.5 values are ignorance midpoints, not empirical estimates; cross-measure population comparisons remain descriptive."
32,EXP-001,Afghanistan Pashto Arabic-script edition,ps-Arab-AF,Afghanistan,ASSEC-AF-PS-001,published_or_derived_speaker_estimate,derived_2020_total_speakers_from_official_secondary_share_and_world_bank_denominator,total_language_speakers_L1_plus_L2_nonexclusive,2020 estimate; republished in official report 2023,0,18753110,18753110,1.000000,1.000000,0,6989284,18753110,0.000000,0.372700,1.000000,territory_adult_literacy_proxy_sensitivity,0.000000,0.500000,1.000000,unmeasured_low0_neutral0.5_high1_sensitivity,proxy_plus_ignorance_midpoint,0,3494642,18753110,857991.642,39,39,0.000,1,137,20546017.089,29,29,,38,137,not_directly_rankable_contains_proxy_or_ignorance_midpoint,"Base and optimistic values are factor-model sensitivities. Neutral 0.5 values are ignorance midpoints, not empirical estimates; cross-measure population comparisons remain descriptive."
33,NAT-022,Nepali,ne-Deva-NP,Nepal,POP-NP-001,mother_tongue_or_first_language,census_mother_tongue_persons,national_language_population,2021,13084457,13084457,13084457,1.000000,1.000000,11004028,11004028,11004028,0.841000,0.841000,0.841000,direct_language_specific_literacy_rate,0.000000,0.500000,1.000000,unmeasured_low0_neutral0.5_high1_sensitivity,contains_ignorance_midpoint,0,5502014,11004028,1350834.228,33,33,0.000,1,137,12056077.490,37,37,782061.547,24,24,not_directly_rankable_contains_proxy_or_ignorance_midpoint,"Base and optimistic values are factor-model sensitivities. Neutral 0.5 values are ignorance midpoints, not empirical estimates; cross-measure population comparisons remain descriptive."
34,NAT-073,isiZulu,zu-Latn-ZA,South Africa,ZA-ZUL-2022,home_or_usual_language_use,census_language_most_often_spoken_in_household_persons_age_1_plus,resident population aged 1 year and older,2022,14613202,14613202,14613202,1.000000,1.000000,0,13319934,14613202,0.000000,0.911500,1.000000,territory_adult_literacy_proxy_sensitivity,0.000000,0.500000,1.000000,unmeasured_low0_neutral0.5_high1_sensitivity,proxy_plus_ignorance_midpoint,0,6659967,14613202,1635130.586,29,29,0.000,1,137,16010309.651,32,32,,38,137,not_directly_rankable_contains_proxy_or_ignorance_midpoint,"Base and optimistic values are factor-model sensitivities. Neutral 0.5 values are ignorance midpoints, not empirical estimates; cross-measure population comparisons remain descriptive."
35,NAT-031,Khmer,km-Khmr-KH,Cambodia,ALG-KH-L001,mother_tongue_or_first_language,census_mother_tongue_persons,direct_language_population,2019,14893134,14893134,14893134,1.000000,1.000000,0,10712631,14893134,0.000000,0.719300,1.000000,territory_adult_literacy_proxy_sensitivity,0.000000,0.500000,1.000000,unmeasured_low0_neutral0.5_high1_sensitivity,proxy_plus_ignorance_midpoint,0,5356316,14893134,1315062.991,34,34,0.000,1,137,16317004.789,31,31,,38,137,not_directly_rankable_contains_proxy_or_ignorance_midpoint,"Base and optimistic values are factor-model sensitivities. Neutral 0.5 values are ignorance midpoints, not empirical estimates; cross-measure population comparisons remain descriptive."
36,NAT-055,Turkmen,tk-Latn-TM,Turkmenistan,ALG-TM-L001,mother_tongue_or_first_language,census_mother_tongue_persons,direct_language_population,2022,6297965,6297965,6297965,1.000000,1.000000,0,6291667,6297965,0.000000,0.999000,1.000000,territory_adult_literacy_proxy_sensitivity,0.000000,0.500000,1.000000,unmeasured_low0_neutral0.5_high1_sensitivity,proxy_plus_ignorance_midpoint,0,3145834,6297965,772353.586,41,41,0.000,1,137,6900087.320,44,44,602978.015,25,25,not_directly_rankable_contains_proxy_or_ignorance_midpoint,"Base and optimistic values are factor-model sensitivities. Neutral 0.5 values are ignorance midpoints, not empirical estimates; cross-measure population comparisons remain descriptive."
37,NAT-075,Shona,sn-Latn-ZW,Zimbabwe,POP-ZW-001,mother_tongue_or_first_language,census_mother_tongue_persons,national_language_population,2022,11251734,11251734,11251734,1.000000,1.000000,0,10489992,11251734,0.000000,0.932300,1.000000,territory_adult_literacy_proxy_sensitivity,0.000000,0.500000,1.000000,unmeasured_low0_neutral0.5_high1_sensitivity,proxy_plus_ignorance_midpoint,0,5244996,11251734,1287732.114,35,35,0.000,1,137,12327465.634,36,36,,38,137,not_directly_rankable_contains_proxy_or_ignorance_midpoint,"Base and optimistic values are factor-model sensitivities. Neutral 0.5 values are ignorance midpoints, not empirical estimates; cross-measure population comparisons remain descriptive."
38,NAT-047,Kazakh,kk-Cyrl-KZ,Kazakhstan,ALG-KZ-L001,mother_tongue_or_first_language,census_native_language_of_own_nationality_persons,direct_language_population,2021,13380107,13380107,13380107,1.000000,1.000000,0,6690054,13380107,0.000000,0.500000,1.000000,unmeasured_low0_neutral0.5_high1_sensitivity,0.000000,0.500000,1.000000,unmeasured_low0_neutral0.5_high1_sensitivity,contains_ignorance_midpoint,0,3345027,13380107,821258.718,40,40,0.000,1,137,14659323.551,34,34,237732.961,30,30,not_directly_rankable_contains_proxy_or_ignorance_midpoint,"Base and optimistic values are factor-model sensitivities. Neutral 0.5 values are ignorance midpoints, not empirical estimates; cross-measure population comparisons remain descriptive."
39,NAT-032,Lao,lo-Laoo-LA,Laos,ASSEC-LA-LO-001,functional_language_ability_or_estimate,derived_cldr_territory_functional_language_users,functional_literate_language_users_L1_or_later_language,2026-03-17 CLDR release; component estimate year not stated,0,5487956,5487956,1.000000,1.000000,0,4151090,5487956,0.000000,0.756400,1.000000,territory_adult_literacy_proxy_sensitivity,0.000000,0.500000,1.000000,unmeasured_low0_neutral0.5_high1_sensitivity,proxy_plus_ignorance_midpoint,0,2075545,5487956,509580.170,48,48,0.000,1,137,6012636.718,48,48,397830.225,26,26,not_directly_rankable_contains_proxy_or_ignorance_midpoint,"Base and optimistic values are factor-model sensitivities. Neutral 0.5 values are ignorance midpoints, not empirical estimates; cross-measure population comparisons remain descriptive."
40,NAT-074,isiXhosa,xh-Latn-ZA,South Africa,ZA-XHO-2022,home_or_usual_language_use,census_language_most_often_spoken_in_household_persons_age_1_plus,resident population aged 1 year and older,2022,9786928,9786928,9786928,1.000000,1.000000,0,8920785,9786928,0.000000,0.911500,1.000000,territory_adult_literacy_proxy_sensitivity,0.000000,0.500000,1.000000,unmeasured_low0_neutral0.5_high1_sensitivity,proxy_plus_ignorance_midpoint,0,4460393,9786928,1095099.273,36,36,0.000,1,137,10722615.606,39,39,,38,137,not_directly_rankable_contains_proxy_or_ignorance_midpoint,"Base and optimistic values are factor-model sensitivities. Neutral 0.5 values are ignorance midpoints, not empirical estimates; cross-measure population comparisons remain descriptive."
41,NAT-049,Tajik,tg-Cyrl-TJ,Tajikistan,ASSEC-TJ-TG-001,functional_language_ability_or_estimate,derived_cldr_territory_functional_language_users,functional_literate_language_users_L1_or_later_language,2026-03-17 CLDR release; component estimate year not stated,0,10394100,10394100,1.000000,1.000000,0,5197050,10394100,0.000000,0.500000,1.000000,unmeasured_low0_neutral0.5_high1_sensitivity,0.000000,0.500000,1.000000,unmeasured_low0_neutral0.5_high1_sensitivity,contains_ignorance_midpoint,0,2598525,10394100,637980.294,44,44,0.000,1,137,11387836.803,38,38,,38,137,not_directly_rankable_contains_proxy_or_ignorance_midpoint,"Base and optimistic values are factor-model sensitivities. Neutral 0.5 values are ignorance midpoints, not empirical estimates; cross-measure population comparisons remain descriptive."
42,EXP-013,Ethiopia Somali Latin-script edition,so-Latn-ET,Ethiopia,POP-ET-003,mother_tongue_or_first_language,census_mother_tongue_persons,cross_border_mother_tongue,2007,4609274,4609274,4609274,1.000000,1.000000,0,2786767,4609274,0.000000,0.604600,1.000000,territory_adult_literacy_proxy_sensitivity,0.000000,0.500000,1.000000,unmeasured_low0_neutral0.5_high1_sensitivity,proxy_plus_ignorance_midpoint,0,1393384,4609274,342098.511,54,54,0.000,1,137,5049947.575,51,51,262908.941,28,28,not_directly_rankable_contains_proxy_or_ignorance_midpoint,"Base and optimistic values are factor-model sensitivities. Neutral 0.5 values are ignorance midpoints, not empirical estimates; cross-measure population comparisons remain descriptive."
43,EXP-005,Indonesia Madurese Latin-script edition,mad-Latn-ID,Indonesia,POP-ID-005,home_or_usual_language_use,daily_language_at_home_age5plus_persons,regional_home_language,2010,7743533,7743533,7743533,1.000000,1.000000,0,7433792,7743533,0.000000,0.960000,1.000000,territory_adult_literacy_proxy_sensitivity,0.000000,0.500000,1.000000,unmeasured_low0_neutral0.5_high1_sensitivity,proxy_plus_ignorance_midpoint,0,3716896,7743533,912558.626,37,37,0.000,1,137,8483860.082,42,42,,38,137,not_directly_rankable_contains_proxy_or_ignorance_midpoint,"Base and optimistic values are factor-model sensitivities. Neutral 0.5 values are ignorance midpoints, not empirical estimates; cross-measure population comparisons remain descriptive."
44,EXP-018,Mali Bamanankan Latin-script edition,bm-Latn-ML,Mali,POP-ML-AFG-001,mother_tongue_or_first_language,census_mother_tongue_persons_age_3_plus,resident_population_age_3_plus,2022,9551561,9551561,9551561,1.000000,1.000000,0,3403221,9551561,0.000000,0.356300,1.000000,territory_adult_literacy_proxy_sensitivity,0.000000,0.500000,1.000000,unmeasured_low0_neutral0.5_high1_sensitivity,proxy_plus_ignorance_midpoint,0,1701611,9551561,417773.270,51,51,0.000,1,137,10464746.143,40,40,,38,137,not_directly_rankable_contains_proxy_or_ignorance_midpoint,"Base and optimistic values are factor-model sensitivities. Neutral 0.5 values are ignorance midpoints, not empirical estimates; cross-measure population comparisons remain descriptive."
45,NAT-048,Kyrgyz,ky-Cyrl-KG,Kyrgyzstan,ALG-KG-L001,mother_tongue_or_first_language,census_native_language_persons,direct_language_population,2022,5527168,5527168,5527168,1.000000,1.000000,0,2763584,5527168,0.000000,0.500000,1.000000,unmeasured_low0_neutral0.5_high1_sensitivity,0.000000,0.500000,1.000000,unmeasured_low0_neutral0.5_high1_sensitivity,contains_ignorance_midpoint,0,1381792,5527168,339252.486,55,55,0.000,1,137,6055597.615,47,47,211288.889,31,31,not_directly_rankable_contains_proxy_or_ignorance_midpoint,"Base and optimistic values are factor-model sensitivities. Neutral 0.5 values are ignorance midpoints, not empirical estimates; cross-measure population comparisons remain descriptive."
46,NAT-035,Ilocano,ilo-Latn-PH,Philippines,ASSEC-PH-ILO-001,survey_weighted_main_language_estimate,CLEAR_normalized_main_language_weighted_persons_from_IPUMS_2010_census_extract,national_main_language_population,2010-12-31,0,7098503,7098503,1.000000,1.000000,0,6989896,7098503,0.000000,0.984700,1.000000,territory_adult_literacy_proxy_sensitivity,0.000000,0.500000,1.000000,unmeasured_low0_neutral0.5_high1_sensitivity,proxy_plus_ignorance_midpoint,0,3494948,7098503,858066.770,38,38,0.000,1,137,7777161.439,43,43,,38,137,not_directly_rankable_contains_proxy_or_ignorance_midpoint,"Base and optimistic values are factor-model sensitivities. Neutral 0.5 values are ignorance midpoints, not empirical estimates; cross-measure population comparisons remain descriptive."
47,NAT-081,Wolof,wo-Latn-SN,Senegal,POP-SN-AFG-001,home_or_usual_language_use,census_principal_language_commonly_spoken_persons_age_3_plus,resident_population_age_3_plus,2023,8786892,8786892,8786892,1.000000,1.000000,0,4425079,8786892,0.000000,0.503600,1.000000,territory_adult_literacy_proxy_sensitivity,0.000000,0.500000,1.000000,unmeasured_low0_neutral0.5_high1_sensitivity,proxy_plus_ignorance_midpoint,0,2212539,8786892,543214.432,46,46,0.000,1,137,9626970.310,41,41,,38,137,not_directly_rankable_contains_proxy_or_ignorance_midpoint,"Base and optimistic values are factor-model sensitivities. Neutral 0.5 values are ignorance midpoints, not empirical estimates; cross-measure population comparisons remain descriptive."
48,NAT-005,Sri Lankan Tamil,ta-Taml-LK,Sri Lanka,ASSEC-LK-TA-001,functional_language_ability_or_estimate,derived_cldr_territory_functional_language_users,functional_literate_language_users_L1_or_later_language,2026-03-17 CLDR release; component estimate year not stated,0,3297390,3297390,1.000000,1.000000,0,3057999,3297390,0.000000,0.927400,1.000000,territory_adult_literacy_proxy_sensitivity,0.000000,0.500000,1.000000,unmeasured_low0_neutral0.5_high1_sensitivity,proxy_plus_ignorance_midpoint,0,1529000,3297390,375394.453,52,52,0.000,1,137,3612639.786,56,56,184404.116,32,32,not_directly_rankable_contains_proxy_or_ignorance_midpoint,"Base and optimistic values are factor-model sensitivities. Neutral 0.5 values are ignorance midpoints, not empirical estimates; cross-measure population comparisons remain descriptive."
49,NAT-036,Hiligaynon,hil-Latn-PH,Philippines,ASSEC-PH-HIL-001,survey_weighted_main_language_estimate,CLEAR_normalized_main_language_weighted_persons_from_IPUMS_2010_census_extract,national_main_language_population,2010-12-31,0,6073883,6073883,1.000000,1.000000,0,5980953,6073883,0.000000,0.984700,1.000000,territory_adult_literacy_proxy_sensitivity,0.000000,0.500000,1.000000,unmeasured_low0_neutral0.5_high1_sensitivity,proxy_plus_ignorance_midpoint,0,2990476,6073883,734210.661,42,42,0.000,1,137,6654581.769,45,45,,38,137,not_directly_rankable_contains_proxy_or_ignorance_midpoint,"Base and optimistic values are factor-model sensitivities. Neutral 0.5 values are ignorance midpoints, not empirical estimates; cross-measure population comparisons remain descriptive."
50,EXP-019,South Africa Sepedi Latin-script edition,nso-Latn-ZA,South Africa,ZA-NSO-2022,home_or_usual_language_use,census_language_most_often_spoken_in_household_persons_age_1_plus,resident population aged 1 year and older,2022,5972255,5972255,5972255,1.000000,1.000000,0,5443710,5972255,0.000000,0.911500,1.000000,territory_adult_literacy_proxy_sensitivity,0.000000,0.500000,1.000000,unmeasured_low0_neutral0.5_high1_sensitivity,proxy_plus_ignorance_midpoint,0,2721855,5972255,668259.822,43,43,0.000,1,137,6543237.537,46,46,,38,137,not_directly_rankable_contains_proxy_or_ignorance_midpoint,"Base and optimistic values are factor-model sensitivities. Neutral 0.5 values are ignorance midpoints, not empirical estimates; cross-measure population comparisons remain descriptive."
51,NAT-050,Mongolian,mn-Cyrl-MN,Mongolia,ASSEC-MN-MN-001,functional_language_ability_or_estimate,derived_cldr_territory_functional_language_users,functional_literate_language_users_L1_or_later_language,2026-03-17 CLDR release; component estimate year not stated,0,3051962,3051962,1.000000,1.000000,0,3010455,3051962,0.000000,0.986400,1.000000,territory_adult_literacy_proxy_sensitivity,0.000000,0.500000,1.000000,unmeasured_low0_neutral0.5_high1_sensitivity,proxy_plus_ignorance_midpoint,0,1505228,3051962,369558.039,53,53,0.000,1,137,3343747.432,57,57,162086.682,33,33,not_directly_rankable_contains_proxy_or_ignorance_midpoint,"Base and optimistic values are factor-model sensitivities. Neutral 0.5 values are ignorance midpoints, not empirical estimates; cross-measure population comparisons remain descriptive."
52,EXP-020,South Africa Setswana Latin-script edition,tn-Latn-ZA,South Africa,ZA-TSN-2022,home_or_usual_language_use,census_language_most_often_spoken_in_household_persons_age_1_plus,resident population aged 1 year and older,2022,4972787,4972787,4972787,1.000000,1.000000,0,4532695,4972787,0.000000,0.911500,1.000000,territory_adult_literacy_proxy_sensitivity,0.000000,0.500000,1.000000,unmeasured_low0_neutral0.5_high1_sensitivity,proxy_plus_ignorance_midpoint,0,2266348,4972787,556425.420,45,45,0.000,1,137,5448214.546,49,49,,38,137,not_directly_rankable_contains_proxy_or_ignorance_midpoint,"Base and optimistic values are factor-model sensitivities. Neutral 0.5 values are ignorance midpoints, not empirical estimates; cross-measure population comparisons remain descriptive."
53,EXP-021,South Africa Sesotho Latin-script edition,st-Latn-ZA,South Africa,ZA-SOT-2022,home_or_usual_language_use,census_language_most_often_spoken_in_household_persons_age_1_plus,resident population aged 1 year and older,2022,4678964,4678964,4678964,1.000000,1.000000,0,4264876,4678964,0.000000,0.911500,1.000000,territory_adult_literacy_proxy_sensitivity,0.000000,0.500000,1.000000,unmeasured_low0_neutral0.5_high1_sensitivity,proxy_plus_ignorance_midpoint,0,2132438,4678964,523548.330,47,47,0.000,1,137,5126300.347,50,50,,38,137,not_directly_rankable_contains_proxy_or_ignorance_midpoint,"Base and optimistic values are factor-model sensitivities. Neutral 0.5 values are ignorance midpoints, not empirical estimates; cross-measure population comparisons remain descriptive."
54,NAT-105,Maori,mi-Latn-NZ,New Zealand,POP-NZ-002,multiple_response_language_ability,census_languages_spoken_multiple_response_persons,Indigenous_language_population,2023,213847,213849,213851,1.000000,1.000000,0,106924,213851,0.000000,0.500000,1.000000,unmeasured_low0_neutral0.5_high1_sensitivity,0.000000,0.500000,1.000000,unmeasured_low0_neutral0.5_high1_sensitivity,contains_ignorance_midpoint,0,53462,213851,13125.793,82,82,0.000,1,137,234296.407,82,82,12089.715,34,34,not_directly_rankable_contains_proxy_or_ignorance_midpoint,"Base and optimistic values are factor-model sensitivities. Neutral 0.5 values are ignorance midpoints, not empirical estimates; cross-measure population comparisons remain descriptive."
55,EXP-006,Indonesia Minangkabau Latin-script edition,min-Latn-ID,Indonesia,POP-ID-006,home_or_usual_language_use,daily_language_at_home_age5plus_persons,regional_home_language,2010,4232226,4232226,4232226,1.000000,1.000000,0,4062937,4232226,0.000000,0.960000,1.000000,territory_adult_literacy_proxy_sensitivity,0.000000,0.500000,1.000000,unmeasured_low0_neutral0.5_high1_sensitivity,proxy_plus_ignorance_midpoint,0,2031468,4232226,498758.547,49,49,0.000,1,137,4636851.579,54,54,,38,137,not_directly_rankable_contains_proxy_or_ignorance_midpoint,"Base and optimistic values are factor-model sensitivities. Neutral 0.5 values are ignorance midpoints, not empirical estimates; cross-measure population comparisons remain descriptive."
56,EXP-014,Ethiopia Tigrinya Ethiopic-script edition,ti-Ethi-ET,Ethiopia,POP-ET-004,mother_tongue_or_first_language,census_mother_tongue_persons,cross_border_mother_tongue,2007,4324933,4324933,4324933,1.000000,1.000000,0,2614854,4324933,0.000000,0.604600,1.000000,territory_adult_literacy_proxy_sensitivity,0.000000,0.500000,1.000000,unmeasured_low0_neutral0.5_high1_sensitivity,proxy_plus_ignorance_midpoint,0,1307427,4324933,320994.665,57,57,0.000,1,137,4738421.911,52,52,,38,137,not_directly_rankable_contains_proxy_or_ignorance_midpoint,"Base and optimistic values are factor-model sensitivities. Neutral 0.5 values are ignorance midpoints, not empirical estimates; cross-measure population comparisons remain descriptive."
57,EXP-037,Ireland Irish Latin-script daily-use edition,ga-Latn-IE,Ireland,POP-EU-003,home_or_usual_language_use,self_reported_daily_use_outside_education_persons,minoritized_language_daily_use,2022,71968,71968,71968,1.000000,1.000000,0,35984,71968,0.000000,0.500000,1.000000,unmeasured_low0_neutral0.5_high1_sensitivity,0.000000,0.500000,1.000000,unmeasured_low0_neutral0.5_high1_sensitivity,contains_ignorance_midpoint,0,17992,71968,4417.330,94,94,0.000,1,137,78848.562,91,91,736.303,35,35,not_directly_rankable_contains_proxy_or_ignorance_midpoint,"Base and optimistic values are factor-model sensitivities. Neutral 0.5 values are ignorance midpoints, not empirical estimates; cross-measure population comparisons remain descriptive."
58,EXP-007,Indonesia Banjar Latin-script edition,bjn-Latn-ID,Indonesia,POP-ID-007,home_or_usual_language_use,daily_language_at_home_age5plus_persons,regional_home_language,2010,3651626,3651626,3651626,1.000000,1.000000,0,3505561,3651626,0.000000,0.960000,1.000000,territory_adult_literacy_proxy_sensitivity,0.000000,0.500000,1.000000,unmeasured_low0_neutral0.5_high1_sensitivity,proxy_plus_ignorance_midpoint,0,1752780,3651626,430336.095,50,50,0.000,1,137,4000742.821,55,55,,38,137,not_directly_rankable_contains_proxy_or_ignorance_midpoint,"Base and optimistic values are factor-model sensitivities. Neutral 0.5 values are ignorance midpoints, not empirical estimates; cross-measure population comparisons remain descriptive."
59,OBS-POP-SN-AFG-002,"Senegal Pulaar, official Latin orthography",fuc-Latn-SN,Senegal,POP-SN-AFG-002,home_or_usual_language_use,census_principal_language_commonly_spoken_persons_age_3_plus,resident_population_age_3_plus,2023,4314509,4314509,4314509,1.000000,1.000000,0,2172787,4314509,0.000000,0.503600,1.000000,territory_adult_literacy_proxy_sensitivity,0.000000,0.500000,1.000000,unmeasured_low0_neutral0.5_high1_sensitivity,proxy_plus_ignorance_midpoint,0,1086393,4314509,266727.211,63,63,0.000,1,137,4727001.316,53,53,,38,137,not_directly_rankable_contains_proxy_or_ignorance_midpoint,"Base and optimistic values are factor-model sensitivities. Neutral 0.5 values are ignorance midpoints, not empirical estimates; cross-measure population comparisons remain descriptive."
60,OBS-GRG-PL-007,Official-standard Belarusian,be-Cyrl-BY,Poland,GRG-PL-007,home_or_usual_language_use,census_languages_used_at_home_multiple_response_persons,direct_language_census_count,2021-03-31,17325,17325,17325,1.000000,1.000000,0,8662,17325,0.000000,0.500000,1.000000,unmeasured_low0_neutral0.5_high1_sensitivity,0.000000,0.500000,1.000000,unmeasured_low0_neutral0.5_high1_sensitivity,contains_ignorance_midpoint,0,4331,17325,1063.331,101,101,0.000,1,137,18981.371,101,101,727.465,36,36,not_directly_rankable_contains_proxy_or_ignorance_midpoint,"Base and optimistic values are factor-model sensitivities. Neutral 0.5 values are ignorance midpoints, not empirical estimates; cross-measure population comparisons remain descriptive."
61,NAT-037,Waray,war-Latn-PH,Philippines,ASSEC-PH-WAR-001,survey_weighted_main_language_estimate,CLEAR_normalized_main_language_weighted_persons_from_IPUMS_2010_census_extract,national_main_language_population,2010-12-31,0,2694135,2694135,1.000000,1.000000,0,2652915,2694135,0.000000,0.984700,1.000000,territory_adult_literacy_proxy_sensitivity,0.000000,0.500000,1.000000,unmeasured_low0_neutral0.5_high1_sensitivity,proxy_plus_ignorance_midpoint,0,1326457,2694135,325666.841,56,56,0.000,1,137,2951710.076,61,61,,38,137,not_directly_rankable_contains_proxy_or_ignorance_midpoint,"Base and optimistic values are factor-model sensitivities. Neutral 0.5 values are ignorance midpoints, not empirical estimates; cross-measure population comparisons remain descriptive."
62,EXP-015,Ethiopia Sidama Latin-script edition,sid-Latn-ET,Ethiopia,POP-ET-005,mother_tongue_or_first_language,census_mother_tongue_persons,regional_mother_tongue,2007,2981471,2981471,2981471,1.000000,1.000000,0,1802597,2981471,0.000000,0.604600,1.000000,territory_adult_literacy_proxy_sensitivity,0.000000,0.500000,1.000000,unmeasured_low0_neutral0.5_high1_sensitivity,proxy_plus_ignorance_midpoint,0,901299,2981471,221283.613,65,65,0.000,1,137,3266517.080,58,58,,38,137,not_directly_rankable_contains_proxy_or_ignorance_midpoint,"Base and optimistic values are factor-model sensitivities. Neutral 0.5 values are ignorance midpoints, not empirical estimates; cross-measure population comparisons remain descriptive."
63,OBS-GRG-PL-010,Standard Lithuanian,lt-Latn-LT,Poland,GRG-PL-010,home_or_usual_language_use,census_languages_used_at_home_multiple_response_persons,direct_language_census_count,2021-03-31,5422,5422,5422,1.000000,1.000000,0,2711,5422,0.000000,0.500000,1.000000,unmeasured_low0_neutral0.5_high1_sensitivity,0.000000,0.500000,1.000000,unmeasured_low0_neutral0.5_high1_sensitivity,contains_ignorance_midpoint,0,1356,5422,332.920,116,116,0.000,1,137,5940.375,118,118,61.379,37,37,not_directly_rankable_contains_proxy_or_ignorance_midpoint,"Base and optimistic values are factor-model sensitivities. Neutral 0.5 values are ignorance midpoints, not empirical estimates; cross-measure population comparisons remain descriptive."
64,EXP-008,Indonesia Sasak Latin-script edition,sas-Latn-ID,Indonesia,POP-ID-012,home_or_usual_language_use,daily_language_at_home_age5plus_persons,regional_home_language,2010,2691127,2691127,2691127,1.000000,1.000000,0,2583482,2691127,0.000000,0.960000,1.000000,territory_adult_literacy_proxy_sensitivity,0.000000,0.500000,1.000000,unmeasured_low0_neutral0.5_high1_sensitivity,proxy_plus_ignorance_midpoint,0,1291741,2691127,317143.496,58,58,0.000,1,137,2948414.494,62,62,,38,137,not_directly_rankable_contains_proxy_or_ignorance_midpoint,"Base and optimistic values are factor-model sensitivities. Neutral 0.5 values are ignorance midpoints, not empirical estimates; cross-measure population comparisons remain descriptive."
65,EXP-022,South Africa Xitsonga Latin-script edition,ts-Latn-ZA,South Africa,ZA-TSO-2022,home_or_usual_language_use,census_language_most_often_spoken_in_household_persons_age_1_plus,resident population aged 1 year and older,2022,2784279,2784279,2784279,1.000000,1.000000,0,2537870,2784279,0.000000,0.911500,1.000000,territory_adult_literacy_proxy_sensitivity,0.000000,0.500000,1.000000,unmeasured_low0_neutral0.5_high1_sensitivity,proxy_plus_ignorance_midpoint,0,1268935,2784279,311544.251,59,59,0.000,1,137,3050472.370,59,59,,38,137,not_directly_rankable_contains_proxy_or_ignorance_midpoint,"Base and optimistic values are factor-model sensitivities. Neutral 0.5 values are ignorance midpoints, not empirical estimates; cross-measure population comparisons remain descriptive."
66,EXP-009,Indonesia Acehnese Latin-script edition,ace-Latn-ID,Indonesia,POP-ID-013,home_or_usual_language_use,daily_language_at_home_age5plus_persons,regional_home_language,2010,2550055,2550055,2550055,1.000000,1.000000,0,2448053,2550055,0.000000,0.960000,1.000000,territory_adult_literacy_proxy_sensitivity,0.000000,0.500000,1.000000,unmeasured_low0_neutral0.5_high1_sensitivity,proxy_plus_ignorance_midpoint,0,1224026,2550055,300518.359,60,60,0.000,1,137,2793855.185,63,63,,38,137,not_directly_rankable_contains_proxy_or_ignorance_midpoint,"Base and optimistic values are factor-model sensitivities. Neutral 0.5 values are ignorance midpoints, not empirical estimates; cross-measure population comparisons remain descriptive."
67,NAT-021,Brahui,brh-Arab-PK,Pakistan,POP-PK-009,mother_tongue_or_first_language,census_mother_tongue_persons,regional_language_population,2023,2778670,2778670,2778670,1.000000,1.000000,0,1635525,2778670,0.000000,0.588600,1.000000,territory_adult_literacy_proxy_sensitivity,0.000000,0.500000,1.000000,unmeasured_low0_neutral0.5_high1_sensitivity,proxy_plus_ignorance_midpoint,0,817763,2778670,200774.162,66,66,0.000,1,137,3044327.117,60,60,,38,137,not_directly_rankable_contains_proxy_or_ignorance_midpoint,"Base and optimistic values are factor-model sensitivities. Neutral 0.5 values are ignorance midpoints, not empirical estimates; cross-measure population comparisons remain descriptive."
68,NAT-079,Kirundi,rn-Latn-BI,Burundi,POP-BI-AFG-002,direct_literacy_or_access_stratum,derived_census_any_kirundi_read_and_written_persons_age_10_plus,population_age_10_plus,2008,2261931,2261931,2261931,1.000000,1.000000,2261931,2261931,2261931,1.000000,1.000000,1.000000,source_population_already_restricted_to_direct_literacy_access_stratum,0.000000,0.500000,1.000000,unmeasured_low0_neutral0.5_high1_sensitivity,contains_ignorance_midpoint,0,1130966,2261931,277670.610,61,61,0.000,1,137,2478184.844,64,64,,38,137,not_directly_rankable_contains_proxy_or_ignorance_midpoint,"Base and optimistic values are factor-model sensitivities. Neutral 0.5 values are ignorance midpoints, not empirical estimates; cross-measure population comparisons remain descriptive."
69,EXP-010,Indonesia Betawi Latin-script edition,bew-Latn-ID,Indonesia,POP-ID-014,home_or_usual_language_use,daily_language_at_home_age5plus_persons,regional_home_language,2010,2244648,2244648,2244648,1.000000,1.000000,0,2154862,2244648,0.000000,0.960000,1.000000,territory_adult_literacy_proxy_sensitivity,0.000000,0.500000,1.000000,unmeasured_low0_neutral0.5_high1_sensitivity,proxy_plus_ignorance_midpoint,0,1077431,2244648,264526.894,64,64,0.000,1,137,2459249.488,65,65,,38,137,not_directly_rankable_contains_proxy_or_ignorance_midpoint,"Base and optimistic values are factor-model sensitivities. Neutral 0.5 values are ignorance midpoints, not empirical estimates; cross-measure population comparisons remain descriptive."
70,NAT-023,Maithili Nepal profile,mai-Deva-NP,Nepal,POP-NP-002,mother_tongue_or_first_language,census_mother_tongue_persons,regional_language_population,2021,3222389,3222389,3222389,1.000000,1.000000,2210559,2210559,2210559,0.686000,0.686000,0.686000,direct_language_specific_literacy_rate,0.000000,0.500000,1.000000,unmeasured_low0_neutral0.5_high1_sensitivity,contains_ignorance_midpoint,0,1105279,2210559,271364.032,62,62,0.000,1,137,2421901.380,66,66,,38,137,not_directly_rankable_contains_proxy_or_ignorance_midpoint,"Base and optimistic values are factor-model sensitivities. Neutral 0.5 values are ignorance midpoints, not empirical estimates; cross-measure population comparisons remain descriptive."
71,EXP-023,South Africa siSwati Latin-script edition,ss-Latn-ZA,South Africa,ZA-SSW-2022,home_or_usual_language_use,census_language_most_often_spoken_in_household_persons_age_1_plus,resident population aged 1 year and older,2022,1692719,1692719,1692719,1.000000,1.000000,0,1542913,1692719,0.000000,0.911500,1.000000,territory_adult_literacy_proxy_sensitivity,0.000000,0.500000,1.000000,unmeasured_low0_neutral0.5_high1_sensitivity,proxy_plus_ignorance_midpoint,0,771457,1692719,189405.283,67,67,0.000,1,137,1854552.845,67,67,,38,137,not_directly_rankable_contains_proxy_or_ignorance_midpoint,"Base and optimistic values are factor-model sensitivities. Neutral 0.5 values are ignorance midpoints, not empirical estimates; cross-measure population comparisons remain descriptive."
72,NAT-076,Zimbabwean Ndebele,nd-Latn-ZW,Zimbabwe,POP-ZW-002,mother_tongue_or_first_language,census_mother_tongue_persons,regional_language_population,2022,1599324,1599324,1599324,1.000000,1.000000,0,1491050,1599324,0.000000,0.932300,1.000000,territory_adult_literacy_proxy_sensitivity,0.000000,0.500000,1.000000,unmeasured_low0_neutral0.5_high1_sensitivity,proxy_plus_ignorance_midpoint,0,745525,1599324,183038.554,68,68,0.000,1,137,1752228.736,69,69,,38,137,not_directly_rankable_contains_proxy_or_ignorance_midpoint,"Base and optimistic values are factor-model sensitivities. Neutral 0.5 values are ignorance midpoints, not empirical estimates; cross-measure population comparisons remain descriptive."
73,EXP-016,Ethiopia Wolaytta Latin-script edition,wal-Latn-ET,Ethiopia,POP-ET-006,mother_tongue_or_first_language,census_mother_tongue_persons,regional_mother_tongue,2007,1627955,1627955,1627955,1.000000,1.000000,0,984262,1627955,0.000000,0.604600,1.000000,territory_adult_literacy_proxy_sensitivity,0.000000,0.500000,1.000000,unmeasured_low0_neutral0.5_high1_sensitivity,proxy_plus_ignorance_midpoint,0,492131,1627955,120826.192,72,72,0.000,1,137,1783597.027,68,68,,38,137,not_directly_rankable_contains_proxy_or_ignorance_midpoint,"Base and optimistic values are factor-model sensitivities. Neutral 0.5 values are ignorance midpoints, not empirical estimates; cross-measure population comparisons remain descriptive."
74,EXP-024,South Africa Tshivenda Latin-script edition,ve-Latn-ZA,South Africa,ZA-VEN-2022,home_or_usual_language_use,census_language_most_often_spoken_in_household_persons_age_1_plus,resident population aged 1 year and older,2022,1480565,1480565,1480565,1.000000,1.000000,0,1349535,1480565,0.000000,0.911500,1.000000,territory_adult_literacy_proxy_sensitivity,0.000000,0.500000,1.000000,unmeasured_low0_neutral0.5_high1_sensitivity,proxy_plus_ignorance_midpoint,0,674768,1480565,165666.556,69,69,0.000,1,137,1622115.681,70,70,,38,137,not_directly_rankable_contains_proxy_or_ignorance_midpoint,"Base and optimistic values are factor-model sensitivities. Neutral 0.5 values are ignorance midpoints, not empirical estimates; cross-measure population comparisons remain descriptive."
75,NAT-024,Bhojpuri Nepal profile,bho-Deva-NP,Nepal,POP-NP-003,mother_tongue_or_first_language,census_mother_tongue_persons,regional_language_population,2021,1820795,1820795,1820795,1.000000,1.000000,1254528,1254528,1254528,0.689000,0.689000,0.689000,direct_language_specific_literacy_rate,0.000000,0.500000,1.000000,unmeasured_low0_neutral0.5_high1_sensitivity,contains_ignorance_midpoint,0,627264,1254528,154003.549,70,70,0.000,1,137,1374468.220,71,71,,38,137,not_directly_rankable_contains_proxy_or_ignorance_midpoint,"Base and optimistic values are factor-model sensitivities. Neutral 0.5 values are ignorance midpoints, not empirical estimates; cross-measure population comparisons remain descriptive."
76,EXP-029,Mauritius Mauritian Creole Latin-script edition,mfe-Latn-MU,Mauritius,POP-MU-004,home_or_usual_language_use,language_usually_spoken_at_home_persons,creole_home_language,2022,1045558,1045558,1045558,1.000000,1.000000,0,985834,1045558,0.000000,0.942878,1.000000,territory_adult_literacy_proxy_sensitivity,0.000000,0.500000,1.000000,unmeasured_low0_neutral0.5_high1_sensitivity,proxy_plus_ignorance_midpoint,0,492917,1045558,121019.168,71,71,0.000,1,137,1145519.465,73,73,,38,137,not_directly_rankable_contains_proxy_or_ignorance_midpoint,"Base and optimistic values are factor-model sensitivities. Neutral 0.5 values are ignorance midpoints, not empirical estimates; cross-measure population comparisons remain descriptive."
77,EXP-017,Ethiopia Hadiyya Latin-script edition,hdy-Latn-ET,Ethiopia,POP-ET-009,mother_tongue_or_first_language,census_mother_tongue_persons,regional_mother_tongue,2007,1253894,1253894,1253894,1.000000,1.000000,0,758104,1253894,0.000000,0.604600,1.000000,territory_adult_literacy_proxy_sensitivity,0.000000,0.500000,1.000000,unmeasured_low0_neutral0.5_high1_sensitivity,proxy_plus_ignorance_midpoint,0,379052,1253894,93063.452,74,74,0.000,1,137,1373773.606,72,72,,38,137,not_directly_rankable_contains_proxy_or_ignorance_midpoint,"Base and optimistic values are factor-model sensitivities. Neutral 0.5 values are ignorance midpoints, not empirical estimates; cross-measure population comparisons remain descriptive."
78,EXP-025,South Africa isiNdebele Latin-script edition,nr-Latn-ZA,South Africa,ZA-NBL-2022,home_or_usual_language_use,census_language_most_often_spoken_in_household_persons_age_1_plus,resident population aged 1 year and older,2022,1044377,1044377,1044377,1.000000,1.000000,0,951950,1044377,0.000000,0.911500,1.000000,territory_adult_literacy_proxy_sensitivity,0.000000,0.500000,1.000000,unmeasured_low0_neutral0.5_high1_sensitivity,proxy_plus_ignorance_midpoint,0,475975,1044377,116859.630,73,73,0.000,1,137,1144225.555,74,74,,38,137,not_directly_rankable_contains_proxy_or_ignorance_midpoint,"Base and optimistic values are factor-model sensitivities. Neutral 0.5 values are ignorance midpoints, not empirical estimates; cross-measure population comparisons remain descriptive."
79,OBS-GRG-US-025,Standard Haitian Creole,ht-Latn-HT,United States,GRG-US-025,home_or_usual_language_use,acs_2017_2021_estimated_persons_age5plus_language_spoken_at_home,direct_language_sample_estimate,2017-2021,852440,867500,882560,1.000000,1.000000,0,433750,882560,0.000000,0.500000,1.000000,unmeasured_low0_neutral0.5_high1_sensitivity,0.000000,0.500000,1.000000,unmeasured_low0_neutral0.5_high1_sensitivity,contains_ignorance_midpoint,0,216875,882560,53246.352,77,77,0.000,1,137,966937.902,75,75,,38,137,not_directly_rankable_contains_proxy_or_ignorance_midpoint,"Base and optimistic values are factor-model sensitivities. Neutral 0.5 values are ignorance midpoints, not empirical estimates; cross-measure population comparisons remain descriptive."
80,EXP-011,Indonesia Nias Latin-script edition,nia-Latn-ID,Indonesia,POP-ID-017,home_or_usual_language_use,daily_language_at_home_age5plus_persons,regional_home_language,2010,747168,747168,747168,1.000000,1.000000,0,717281,747168,0.000000,0.960000,1.000000,territory_adult_literacy_proxy_sensitivity,0.000000,0.500000,1.000000,unmeasured_low0_neutral0.5_high1_sensitivity,proxy_plus_ignorance_midpoint,0,358641,747168,88052.218,75,75,0.000,1,137,818601.634,76,76,,38,137,not_directly_rankable_contains_proxy_or_ignorance_midpoint,"Base and optimistic values are factor-model sensitivities. Neutral 0.5 values are ignorance midpoints, not empirical estimates; cross-measure population comparisons remain descriptive."
81,NAT-026,Avadhi Nepal profile,awa-Deva-NP,Nepal,POP-NP-007,mother_tongue_or_first_language,census_mother_tongue_persons,regional_language_population,2021,864276,864276,864276,1.000000,1.000000,553137,553137,553137,0.640000,0.640000,0.640000,direct_language_specific_literacy_rate,0.000000,0.500000,1.000000,unmeasured_low0_neutral0.5_high1_sensitivity,contains_ignorance_midpoint,0,276568,553137,67901.957,76,76,0.000,1,137,606020.135,77,77,,38,137,not_directly_rankable_contains_proxy_or_ignorance_midpoint,"Base and optimistic values are factor-model sensitivities. Neutral 0.5 values are ignorance midpoints, not empirical estimates; cross-measure population comparisons remain descriptive."
82,EXP-030,Zimbabwe Ndau Latin-script edition,ndc-Latn-ZW,Zimbabwe,POP-ZW-006,mother_tongue_or_first_language,census_mother_tongue_persons,regional_language_population,2022,372607,372607,372607,1.000000,1.000000,0,347382,372607,0.000000,0.932300,1.000000,territory_adult_literacy_proxy_sensitivity,0.000000,0.500000,1.000000,unmeasured_low0_neutral0.5_high1_sensitivity,proxy_plus_ignorance_midpoint,0,173691,372607,42643.975,78,78,0.000,1,137,408230.410,80,80,,38,137,not_directly_rankable_contains_proxy_or_ignorance_midpoint,"Base and optimistic values are factor-model sensitivities. Neutral 0.5 values are ignorance midpoints, not empirical estimates; cross-measure population comparisons remain descriptive."
83,OBS-GRG-PL-002,Silesian in ślabikŏrzowy szrajbōnek,szl-Latn-PL,Poland,GRG-PL-002,home_or_usual_language_use,census_languages_used_at_home_multiple_response_persons,direct_language_census_count,2021-03-31,467145,467145,467145,1.000000,1.000000,0,233572,467145,0.000000,0.500000,1.000000,unmeasured_low0_neutral0.5_high1_sensitivity,0.000000,0.500000,1.000000,unmeasured_low0_neutral0.5_high1_sensitivity,contains_ignorance_midpoint,0,116786,467145,28672.869,81,81,0.000,1,137,511806.796,78,78,,38,137,not_directly_rankable_contains_proxy_or_ignorance_midpoint,"Base and optimistic values are factor-model sensitivities. Neutral 0.5 values are ignorance midpoints, not empirical estimates; cross-measure population comparisons remain descriptive."
84,NAT-041,Tetum Prasa,tet-Latn-TL,Timor-Leste,ALG-TL-L001,mother_tongue_or_first_language,census_mother_tongue_persons,direct_language_population,2015,361027,361027,361027,1.000000,1.000000,0,250553,361027,0.000000,0.694000,1.000000,territory_adult_literacy_proxy_sensitivity,0.000000,0.500000,1.000000,unmeasured_low0_neutral0.5_high1_sensitivity,proxy_plus_ignorance_midpoint,0,125276,361027,30757.302,79,79,0.000,1,137,395543.295,81,81,,38,137,not_directly_rankable_contains_proxy_or_ignorance_midpoint,"Base and optimistic values are factor-model sensitivities. Neutral 0.5 values are ignorance midpoints, not empirical estimates; cross-measure population comparisons remain descriptive."
85,OBS-POP-SN-AFG-005,"Senegal Mandinka (Màndienka), official Latin profile",mnk-Latn-SN,Senegal,POP-SN-AFG-005,home_or_usual_language_use,census_principal_language_commonly_spoken_persons_age_3_plus,resident_population_age_3_plus,2023,465052,465052,465052,1.000000,1.000000,0,234200,465052,0.000000,0.503600,1.000000,territory_adult_literacy_proxy_sensitivity,0.000000,0.500000,1.000000,unmeasured_low0_neutral0.5_high1_sensitivity,proxy_plus_ignorance_midpoint,0,117100,465052,28749.961,80,80,0.000,1,137,509513.693,79,79,,38,137,not_directly_rankable_contains_proxy_or_ignorance_midpoint,"Base and optimistic values are factor-model sensitivities. Neutral 0.5 values are ignorance midpoints, not empirical estimates; cross-measure population comparisons remain descriptive."
86,OBS-GRG-US-030,YIVO Standard Yiddish edition for the explicitly named YIVO-reading audience,ydd-Hebr-US,United States,GRG-US-030,home_or_usual_language_use,acs_2017_2021_estimated_persons_age5plus_language_spoken_at_home,direct_language_sample_estimate,2017-2021,189401,194800,200199,1.000000,1.000000,0,97400,200199,0.000000,0.500000,1.000000,unmeasured_low0_neutral0.5_high1_sensitivity,0.000000,0.500000,1.000000,unmeasured_low0_neutral0.5_high1_sensitivity,contains_ignorance_midpoint,0,48700,200199,11956.645,83,83,0.000,1,137,219339.196,83,83,,38,137,not_directly_rankable_contains_proxy_or_ignorance_midpoint,"Base and optimistic values are factor-model sensitivities. Neutral 0.5 values are ignorance midpoints, not empirical estimates; cross-measure population comparisons remain descriptive."
87,OBS-GRG-US-029,English-oriented Pennsylvania German spelling used by Vitt Du Deitsh Shvetza / Di Heilich Shrift / Ich Kann PA Deitsh Shreiva,pdc-Latn-US,United States,GRG-US-029,home_or_usual_language_use,acs_2017_2021_estimated_persons_age5plus_language_spoken_at_home,direct_language_sample_estimate,2017-2021,179920,185200,190480,1.000000,1.000000,0,92600,190480,0.000000,0.500000,1.000000,unmeasured_low0_neutral0.5_high1_sensitivity,0.000000,0.500000,1.000000,unmeasured_low0_neutral0.5_high1_sensitivity,contains_ignorance_midpoint,0,46300,190480,11367.406,84,84,0.000,1,137,208691.003,84,84,,38,137,not_directly_rankable_contains_proxy_or_ignorance_midpoint,"Base and optimistic values are factor-model sensitivities. Neutral 0.5 values are ignorance midpoints, not empirical estimates; cross-measure population comparisons remain descriptive."
88,EXP-031,Timor-Leste Makasai Latin-script edition,mkz-Latn-TL,Timor-Leste,ALG-TL-L003,mother_tongue_or_first_language,census_mother_tongue_persons,direct_language_population,2015,123840,123840,123840,1.000000,1.000000,0,85945,123840,0.000000,0.694000,1.000000,territory_adult_literacy_proxy_sensitivity,0.000000,0.500000,1.000000,unmeasured_low0_neutral0.5_high1_sensitivity,proxy_plus_ignorance_midpoint,0,42972,123840,10550.327,85,85,0.000,1,137,135679.829,86,86,,38,137,not_directly_rankable_contains_proxy_or_ignorance_midpoint,"Base and optimistic values are factor-model sensitivities. Neutral 0.5 values are ignorance midpoints, not empirical estimates; cross-measure population comparisons remain descriptive."
89,OBS-GRG-US-003,Diné Bizaad in Navajo Nation school orthography,nv-Latn-US,United States,GRG-US-003,home_or_usual_language_use,acs_2017_2021_estimated_persons_age5plus_language_spoken_at_home,direct_language_sample_estimate,2017-2021,158202,161200,164198,1.000000,1.000000,0,80600,164198,0.000000,0.500000,1.000000,unmeasured_low0_neutral0.5_high1_sensitivity,0.000000,0.500000,1.000000,unmeasured_low0_neutral0.5_high1_sensitivity,contains_ignorance_midpoint,0,40300,164198,9894.308,86,86,0.000,1,137,179896.290,85,85,,38,137,not_directly_rankable_contains_proxy_or_ignorance_midpoint,"Base and optimistic values are factor-model sensitivities. Neutral 0.5 values are ignorance midpoints, not empirical estimates; cross-measure population comparisons remain descriptive."
90,EXP-026,Peru Ashaninka Latin-script edition,cni-Latn-PE,Peru,POP-PE-003,mother_tongue_or_first_language,census_language_learned_in_childhood_age3plus_persons,Indigenous_language_population,2017,73567,73567,73567,1.000000,1.000000,0,68903,73567,0.000000,0.936600,1.000000,territory_adult_literacy_proxy_sensitivity,0.000000,0.500000,1.000000,unmeasured_low0_neutral0.5_high1_sensitivity,proxy_plus_ignorance_midpoint,0,34451,73567,8458.283,87,87,0.000,1,137,80600.436,90,90,,38,137,not_directly_rankable_contains_proxy_or_ignorance_midpoint,"Base and optimistic values are factor-model sensitivities. Neutral 0.5 values are ignorance midpoints, not empirical estimates; cross-measure population comparisons remain descriptive."
91,EXP-036,New Zealand Samoan Latin-script edition,sm-Latn-NZ,New Zealand,POP-NZ-003,multiple_response_language_ability,census_languages_spoken_multiple_response_persons,Pacific_diaspora_language_population,2023,110539,110541,110543,1.000000,1.000000,0,55270,110543,0.000000,0.500000,1.000000,unmeasured_low0_neutral0.5_high1_sensitivity,0.000000,0.500000,1.000000,unmeasured_low0_neutral0.5_high1_sensitivity,contains_ignorance_midpoint,0,27635,110543,6784.843,88,88,0.000,1,137,121111.558,87,87,,38,137,not_directly_rankable_contains_proxy_or_ignorance_midpoint,"Base and optimistic values are factor-model sensitivities. Neutral 0.5 values are ignorance midpoints, not empirical estimates; cross-measure population comparisons remain descriptive."
92,EXP-027,Peru Awajun Latin-script edition,agr-Latn-PE,Peru,POP-PE-004,mother_tongue_or_first_language,census_language_learned_in_childhood_age3plus_persons,Indigenous_language_population,2017,56584,56584,56584,1.000000,1.000000,0,52997,56584,0.000000,0.936600,1.000000,territory_adult_literacy_proxy_sensitivity,0.000000,0.500000,1.000000,unmeasured_low0_neutral0.5_high1_sensitivity,proxy_plus_ignorance_midpoint,0,26498,56584,6505.691,89,89,0.000,1,137,61993.762,94,94,,38,137,not_directly_rankable_contains_proxy_or_ignorance_midpoint,"Base and optimistic values are factor-model sensitivities. Neutral 0.5 values are ignorance midpoints, not empirical estimates; cross-measure population comparisons remain descriptive."
93,OBS-GRG-PL-004,School-standard Kashubian,csb-Latn-PL,Poland,GRG-PL-004,home_or_usual_language_use,census_languages_used_at_home_multiple_response_persons,direct_language_census_count,2021-03-31,89198,89198,89198,1.000000,1.000000,0,44599,89198,0.000000,0.500000,1.000000,unmeasured_low0_neutral0.5_high1_sensitivity,0.000000,0.500000,1.000000,unmeasured_low0_neutral0.5_high1_sensitivity,contains_ignorance_midpoint,0,22300,89198,5475.014,92,92,0.000,1,137,97725.851,88,88,,38,137,not_directly_rankable_contains_proxy_or_ignorance_midpoint,"Base and optimistic values are factor-model sensitivities. Neutral 0.5 values are ignorance midpoints, not empirical estimates; cross-measure population comparisons remain descriptive."
94,EXP-032,Timor-Leste Kemak Latin-script edition,kem-Latn-TL,Timor-Leste,ALG-TL-L006,mother_tongue_or_first_language,census_mother_tongue_persons,direct_language_population,2015,68995,68995,68995,1.000000,1.000000,0,47883,68995,0.000000,0.694000,1.000000,territory_adult_literacy_proxy_sensitivity,0.000000,0.500000,1.000000,unmeasured_low0_neutral0.5_high1_sensitivity,proxy_plus_ignorance_midpoint,0,23941,68995,5877.906,90,90,0.000,1,137,75591.326,92,92,,38,137,not_directly_rankable_contains_proxy_or_ignorance_midpoint,"Base and optimistic values are factor-model sensitivities. Neutral 0.5 values are ignorance midpoints, not empirical estimates; cross-measure population comparisons remain descriptive."
95,OBS-GRG-US-026,Jamaican Creole in Cassidy/JLU orthography,jam-Latn-JM,United States,GRG-US-026,home_or_usual_language_use,acs_2017_2021_estimated_persons_age5plus_language_spoken_at_home,direct_language_sample_estimate,2017-2021,68605,72000,75395,1.000000,1.000000,0,36000,75395,0.000000,0.500000,1.000000,unmeasured_low0_neutral0.5_high1_sensitivity,0.000000,0.500000,1.000000,unmeasured_low0_neutral0.5_high1_sensitivity,contains_ignorance_midpoint,0,18000,75395,4419.294,93,93,0.000,1,137,82603.203,89,89,,38,137,not_directly_rankable_contains_proxy_or_ignorance_midpoint,"Base and optimistic values are factor-model sensitivities. Neutral 0.5 values are ignorance midpoints, not empirical estimates; cross-measure population comparisons remain descriptive."
96,EXP-033,Timor-Leste Bunak Latin-script edition,bfn-Latn-TL,Timor-Leste,ALG-TL-L007,mother_tongue_or_first_language,census_mother_tongue_persons,direct_language_population,2015,64686,64686,64686,1.000000,1.000000,0,44892,64686,0.000000,0.694000,1.000000,territory_adult_literacy_proxy_sensitivity,0.000000,0.500000,1.000000,unmeasured_low0_neutral0.5_high1_sensitivity,proxy_plus_ignorance_midpoint,0,22446,64686,5510.859,91,91,0.000,1,137,70870.360,93,93,,38,137,not_directly_rankable_contains_proxy_or_ignorance_midpoint,"Base and optimistic values are factor-model sensitivities. Neutral 0.5 values are ignorance midpoints, not empirical estimates; cross-measure population comparisons remain descriptive."
97,EXP-034,Timor-Leste Tokodede Latin-script edition,tkd-Latn-TL,Timor-Leste,ALG-TL-L008,mother_tongue_or_first_language,census_mother_tongue_persons,direct_language_population,2015,46784,46784,46784,1.000000,1.000000,0,32468,46784,0.000000,0.694000,1.000000,territory_adult_literacy_proxy_sensitivity,0.000000,0.500000,1.000000,unmeasured_low0_neutral0.5_high1_sensitivity,proxy_plus_ignorance_midpoint,0,16234,46784,3985.712,95,95,0.000,1,137,51256.824,95,95,,38,137,not_directly_rankable_contains_proxy_or_ignorance_midpoint,"Base and optimistic values are factor-model sensitivities. Neutral 0.5 values are ignorance midpoints, not empirical estimates; cross-measure population comparisons remain descriptive."
98,EXP-028,Peru Shipibo-Konibo Latin-script edition,shp-Latn-PE,Peru,POP-PE-005,mother_tongue_or_first_language,census_language_learned_in_childhood_age3plus_persons,Indigenous_language_population,2017,34152,34152,34152,1.000000,1.000000,0,31987,34152,0.000000,0.936600,1.000000,territory_adult_literacy_proxy_sensitivity,0.000000,0.500000,1.000000,unmeasured_low0_neutral0.5_high1_sensitivity,proxy_plus_ignorance_midpoint,0,15993,34152,3926.542,96,96,0.000,1,137,37417.131,98,98,,38,137,not_directly_rankable_contains_proxy_or_ignorance_midpoint,"Base and optimistic values are factor-model sensitivities. Neutral 0.5 values are ignorance midpoints, not empirical estimates; cross-measure population comparisons remain descriptive."
99,NAT-044,Fataluku,ddg-Latn-TL,Timor-Leste,ALG-TL-L009,mother_tongue_or_first_language,census_mother_tongue_persons,direct_language_population,2015,41500,41500,41500,1.000000,1.000000,0,28801,41500,0.000000,0.694000,1.000000,territory_adult_literacy_proxy_sensitivity,0.000000,0.500000,1.000000,unmeasured_low0_neutral0.5_high1_sensitivity,proxy_plus_ignorance_midpoint,0,14401,41500,3535.681,97,97,0.000,1,137,45467.643,96,96,,38,137,not_directly_rankable_contains_proxy_or_ignorance_midpoint,"Base and optimistic values are factor-model sensitivities. Neutral 0.5 values are ignorance midpoints, not empirical estimates; cross-measure population comparisons remain descriptive."
100,OBS-GRG-US-023,Standard ʻŌlelo Hawaiʻi with ʻokina and kahakō,haw-Latn-US,United States,GRG-US-023,home_or_usual_language_use,acs_2017_2021_estimated_persons_age5plus_language_spoken_at_home,direct_language_sample_estimate,2017-2021,30623,32730,34837,1.000000,1.000000,0,16365,34837,0.000000,0.500000,1.000000,unmeasured_low0_neutral0.5_high1_sensitivity,0.000000,0.500000,1.000000,unmeasured_low0_neutral0.5_high1_sensitivity,contains_ignorance_midpoint,0,8182,34837,2008.815,98,98,0.000,1,137,38167.621,97,97,,38,137,not_directly_rankable_contains_proxy_or_ignorance_midpoint,"Base and optimistic values are factor-model sensitivities. Neutral 0.5 values are ignorance midpoints, not empirical estimates; cross-measure population comparisons remain descriptive."
101,OBS-GRG-US-017,Standard Marshallese under the 2010 Orthography Act,mh-Latn-MH,United States,GRG-US-017,home_or_usual_language_use,acs_2017_2021_estimated_persons_age5plus_language_spoken_at_home,direct_language_sample_estimate,2017-2021,25198,27160,29122,1.000000,1.000000,0,13580,29122,0.000000,0.500000,1.000000,unmeasured_low0_neutral0.5_high1_sensitivity,0.000000,0.500000,1.000000,unmeasured_low0_neutral0.5_high1_sensitivity,contains_ignorance_midpoint,0,6790,29122,1667.056,100,100,0.000,1,137,31906.234,99,99,,38,137,not_directly_rankable_contains_proxy_or_ignorance_midpoint,"Base and optimistic values are factor-model sensitivities. Neutral 0.5 values are ignorance midpoints, not empirical estimates; cross-measure population comparisons remain descriptive."
102,EXP-035,Timor-Leste Waima'a Latin-script edition,wmh-Latn-TL,Timor-Leste,ALG-TL-L010,mother_tongue_or_first_language,census_mother_tongue_persons,direct_language_population,2015,21227,21227,21227,1.000000,1.000000,0,14732,21227,0.000000,0.694000,1.000000,territory_adult_literacy_proxy_sensitivity,0.000000,0.500000,1.000000,unmeasured_low0_neutral0.5_high1_sensitivity,proxy_plus_ignorance_midpoint,0,7366,21227,1808.473,99,99,0.000,1,137,23256.425,100,100,,38,137,not_directly_rankable_contains_proxy_or_ignorance_midpoint,"Base and optimistic values are factor-model sensitivities. Neutral 0.5 values are ignorance midpoints, not empirical estimates; cross-measure population comparisons remain descriptive."
103,OBS-GRG-US-001,Standard Central Alaskan Yup'ik,esu-Latn-US,United States,GRG-US-001,home_or_usual_language_use,acs_2017_2021_estimated_persons_age5plus_language_spoken_at_home,direct_language_sample_estimate,2017-2021,15337,16120,16903,1.000000,1.000000,0,8060,16903,0.000000,0.500000,1.000000,unmeasured_low0_neutral0.5_high1_sensitivity,0.000000,0.500000,1.000000,unmeasured_low0_neutral0.5_high1_sensitivity,contains_ignorance_midpoint,0,4030,16903,989.431,102,102,0.000,1,137,18519.026,102,102,,38,137,not_directly_rankable_contains_proxy_or_ignorance_midpoint,"Base and optimistic values are factor-model sensitivities. Neutral 0.5 values are ignorance midpoints, not empirical estimates; cross-measure population comparisons remain descriptive."
104,OBS-GRG-US-018,Chuuk State standard Chuukese,chk-Latn-FM,United States,GRG-US-018,home_or_usual_language_use,acs_2017_2021_estimated_persons_age5plus_language_spoken_at_home,direct_language_sample_estimate,2017-2021,12612,14700,16788,1.000000,1.000000,0,7350,16788,0.000000,0.500000,1.000000,unmeasured_low0_neutral0.5_high1_sensitivity,0.000000,0.500000,1.000000,unmeasured_low0_neutral0.5_high1_sensitivity,contains_ignorance_midpoint,0,3675,16788,902.272,103,103,0.000,1,137,18393.031,103,103,,38,137,not_directly_rankable_contains_proxy_or_ignorance_midpoint,"Base and optimistic values are factor-model sensitivities. Neutral 0.5 values are ignorance midpoints, not empirical estimates; cross-measure population comparisons remain descriptive."
105,OBS-GRG-US-002,Dilzhe'e Apache dictionary spelling profile with its documented tone and consonant adaptations,apw-Latn-US,United States,GRG-US-002,home_or_usual_language_use,acs_2017_2021_estimated_persons_age5plus_language_spoken_at_home,direct_language_sample_estimate,2017-2021,11767,12730,13693,1.000000,1.000000,0,6365,13693,0.000000,0.500000,1.000000,unmeasured_low0_neutral0.5_high1_sensitivity,0.000000,0.500000,1.000000,unmeasured_low0_neutral0.5_high1_sensitivity,contains_ignorance_midpoint,0,3182,13693,781.233,104,104,0.000,1,137,15002.131,104,104,,38,137,not_directly_rankable_contains_proxy_or_ignorance_midpoint,"Base and optimistic values are factor-model sensitivities. Neutral 0.5 values are ignorance midpoints, not empirical estimates; cross-measure population comparisons remain descriptive."
106,OBS-GRG-US-016,Central Southwestern Ojibwe/Chippewa edition in the Ojibwe People's Dictionary Double-Vowel system,ciw-Latn-US,United States,GRG-US-016,home_or_usual_language_use,acs_2017_2021_estimated_persons_age5plus_language_spoken_at_home,direct_language_sample_estimate,2017-2021,9867,10750,11633,1.000000,1.000000,0,5375,11633,0.000000,0.500000,1.000000,unmeasured_low0_neutral0.5_high1_sensitivity,0.000000,0.500000,1.000000,unmeasured_low0_neutral0.5_high1_sensitivity,contains_ignorance_midpoint,0,2688,11633,659.948,105,105,0.000,1,137,12745.183,105,105,,38,137,not_directly_rankable_contains_proxy_or_ignorance_midpoint,"Base and optimistic values are factor-model sensitivities. Neutral 0.5 values are ignorance midpoints, not empirical estimates; cross-measure population comparisons remain descriptive."
107,OBS-GRG-US-005,Lakota Language Consortium consistent phonemic teaching orthography edition,lkt-Latn-US,United States,GRG-US-005,home_or_usual_language_use,acs_2017_2021_estimated_persons_age5plus_language_spoken_at_home,direct_language_sample_estimate,2017-2021,9835,10590,11345,1.000000,1.000000,0,5295,11345,0.000000,0.500000,1.000000,unmeasured_low0_neutral0.5_high1_sensitivity,0.000000,0.500000,1.000000,unmeasured_low0_neutral0.5_high1_sensitivity,contains_ignorance_midpoint,0,2648,11345,650.127,106,106,0.000,1,137,12429.648,106,106,,38,137,not_directly_rankable_contains_proxy_or_ignorance_midpoint,"Base and optimistic values are factor-model sensitivities. Neutral 0.5 values are ignorance midpoints, not empirical estimates; cross-measure population comparisons remain descriptive."
108,OBS-GRG-US-007,Cherokee syllabary edition,chr-Cher-US,United States,GRG-US-007,home_or_usual_language_use,acs_2017_2021_estimated_persons_age5plus_language_spoken_at_home,direct_language_sample_estimate,2017-2021,9552,10440,11328,1.000000,1.000000,0,5220,11328,0.000000,0.500000,1.000000,unmeasured_low0_neutral0.5_high1_sensitivity,0.000000,0.500000,1.000000,unmeasured_low0_neutral0.5_high1_sensitivity,contains_ignorance_midpoint,0,2610,11328,640.798,107,107,0.000,1,137,12411.023,107,107,,38,137,not_directly_rankable_contains_proxy_or_ignorance_midpoint,"Base and optimistic values are factor-model sensitivities. Neutral 0.5 values are ignorance midpoints, not empirical estimates; cross-measure population comparisons remain descriptive."
109,OBS-GRG-US-021,Two-output CHamoru/Chamorro bundle: Guam 2024 official orthography plus CNMI 2010 official orthography,ch-Latn-GU|ch-Latn-MP,United States,GRG-US-021,home_or_usual_language_use,acs_2017_2021_estimated_persons_age5plus_language_spoken_at_home,direct_language_sample_estimate,2017-2021,18173,19690,21207,1.000000,1.000000,0,9845,21207,0.000000,0.500000,1.000000,unmeasured_low0_neutral0.5_high1_sensitivity,0.000000,0.500000,1.000000,unmeasured_low0_neutral0.5_high1_sensitivity,contains_ignorance_midpoint,0,4922,21207,604.216,108,108,0.000,1,137,11617.257,108,108,,38,137,not_directly_rankable_contains_proxy_or_ignorance_midpoint,"Base and optimistic values are factor-model sensitivities. Neutral 0.5 values are ignorance midpoints, not empirical estimates; cross-measure population comparisons remain descriptive."
110,OBS-GRG-US-008,Zuni/Shiwi school-literacy profile,zun-Latn-US,United States,GRG-US-008,home_or_usual_language_use,acs_2017_2021_estimated_persons_age5plus_language_spoken_at_home,direct_language_sample_estimate,2017-2021,7229,8109,8989,1.000000,1.000000,0,4054,8989,0.000000,0.500000,1.000000,unmeasured_low0_neutral0.5_high1_sensitivity,0.000000,0.500000,1.000000,unmeasured_low0_neutral0.5_high1_sensitivity,contains_ignorance_midpoint,0,2027,8989,497.662,109,109,0.000,1,137,9848.401,109,109,,38,137,not_directly_rankable_contains_proxy_or_ignorance_midpoint,"Base and optimistic values are factor-model sensitivities. Neutral 0.5 values are ignorance midpoints, not empirical estimates; cross-measure population comparisons remain descriptive."
111,OBS-GRG-US-019,Pohnpei State standard Pohnpeian,pon-Latn-FM,United States,GRG-US-019,home_or_usual_language_use,acs_2017_2021_estimated_persons_age5plus_language_spoken_at_home,direct_language_sample_estimate,2017-2021,6198,7412,8626,1.000000,1.000000,0,3706,8626,0.000000,0.500000,1.000000,unmeasured_low0_neutral0.5_high1_sensitivity,0.000000,0.500000,1.000000,unmeasured_low0_neutral0.5_high1_sensitivity,contains_ignorance_midpoint,0,1853,8626,454.942,111,111,0.000,1,137,9450.696,110,110,,38,137,not_directly_rankable_contains_proxy_or_ignorance_midpoint,"Base and optimistic values are factor-model sensitivities. Neutral 0.5 values are ignorance midpoints, not empirical estimates; cross-measure population comparisons remain descriptive."
112,OBS-GRG-AU-001,Australian Kriol practical written standard,rop-Latn-AU,Australia,GRG-AU-001,home_or_usual_language_use,census_language_used_at_home_persons,direct_language_census_count,2021,7478,7478,7478,1.000000,1.000000,0,3739,7478,0.000000,0.500000,1.000000,unmeasured_low0_neutral0.5_high1_sensitivity,0.000000,0.500000,1.000000,unmeasured_low0_neutral0.5_high1_sensitivity,contains_ignorance_midpoint,0,1870,7478,459.116,110,110,0.000,1,137,8192.941,112,112,,38,137,not_directly_rankable_contains_proxy_or_ignorance_midpoint,"Base and optimistic values are factor-model sensitivities. Neutral 0.5 values are ignorance midpoints, not empirical estimates; cross-measure population comparisons remain descriptive."
113,OBS-GRG-US-009,Third Mesa Hopi edition using the Hopi Dictionary Project / Learn Hopi orthography,hop-Latn-US,United States,GRG-US-009,home_or_usual_language_use,acs_2017_2021_estimated_persons_age5plus_language_spoken_at_home,direct_language_sample_estimate,2017-2021,6344,7105,7866,1.000000,1.000000,0,3552,7866,0.000000,0.500000,1.000000,unmeasured_low0_neutral0.5_high1_sensitivity,0.000000,0.500000,1.000000,unmeasured_low0_neutral0.5_high1_sensitivity,contains_ignorance_midpoint,0,1776,7866,436.037,112,112,0.000,1,137,8618.036,111,111,,38,137,not_directly_rankable_contains_proxy_or_ignorance_midpoint,"Base and optimistic values are factor-model sensitivities. Neutral 0.5 values are ignorance midpoints, not empirical estimates; cross-measure population comparisons remain descriptive."
114,OBS-GRG-US-010,Tohono O'odham in official Alvarez-Hale orthography,ood-Latn-US,United States,GRG-US-010,home_or_usual_language_use,acs_2017_2021_estimated_persons_age5plus_language_spoken_at_home,direct_language_sample_estimate,2017-2021,5672,6343,7014,1.000000,1.000000,0,3172,7014,0.000000,0.500000,1.000000,unmeasured_low0_neutral0.5_high1_sensitivity,0.000000,0.500000,1.000000,unmeasured_low0_neutral0.5_high1_sensitivity,contains_ignorance_midpoint,0,1586,7014,389.389,113,113,0.000,1,137,7684.579,114,114,,38,137,not_directly_rankable_contains_proxy_or_ignorance_midpoint,"Base and optimistic values are factor-model sensitivities. Neutral 0.5 values are ignorance midpoints, not empirical estimates; cross-measure population comparisons remain descriptive."
115,OBS-GRG-US-024,Standard Fijian / Vosa Vakaviti school register,fj-Latn-FJ,United States,GRG-US-024,home_or_usual_language_use,acs_2017_2021_estimated_persons_age5plus_language_spoken_at_home,direct_language_sample_estimate,2017-2021,5194,6229,7264,1.000000,1.000000,0,3114,7264,0.000000,0.500000,1.000000,unmeasured_low0_neutral0.5_high1_sensitivity,0.000000,0.500000,1.000000,unmeasured_low0_neutral0.5_high1_sensitivity,contains_ignorance_midpoint,0,1557,7264,382.269,114,114,0.000,1,137,7958.481,113,113,,38,137,not_directly_rankable_contains_proxy_or_ignorance_midpoint,"Base and optimistic values are factor-model sensitivities. Neutral 0.5 values are ignorance midpoints, not empirical estimates; cross-measure population comparisons remain descriptive."
116,OBS-GRG-US-011,North Slope / North Alaskan Inupiatun edition using the accepted UAF/ANLA orthography and definitive North Slope lexicon,esi-Latn-US,United States,GRG-US-011,home_or_usual_language_use,acs_2017_2021_estimated_persons_age5plus_language_spoken_at_home,direct_language_sample_estimate,2017-2021,5302,5819,6336,1.000000,1.000000,0,2910,6336,0.000000,0.500000,1.000000,unmeasured_low0_neutral0.5_high1_sensitivity,0.000000,0.500000,1.000000,unmeasured_low0_neutral0.5_high1_sensitivity,contains_ignorance_midpoint,0,1455,6336,357.226,115,115,0.000,1,137,6941.759,115,115,,38,137,not_directly_rankable_contains_proxy_or_ignorance_midpoint,"Base and optimistic values are factor-model sensitivities. Neutral 0.5 values are ignorance midpoints, not empirical estimates; cross-measure population comparisons remain descriptive."
117,OBS-GRG-US-031,Mam in ALMG normative orthography,mam-Latn-GT,United States,GRG-US-031,home_or_usual_language_use,acs_2017_2021_estimated_persons_age5plus_language_spoken_at_home,direct_language_sample_estimate,2017-2021,3947,5062,6177,1.000000,1.000000,0,2531,6177,0.000000,0.500000,1.000000,unmeasured_low0_neutral0.5_high1_sensitivity,0.000000,0.500000,1.000000,unmeasured_low0_neutral0.5_high1_sensitivity,contains_ignorance_midpoint,0,1266,6177,310.824,117,117,0.000,1,137,6767.557,116,116,,38,137,not_directly_rankable_contains_proxy_or_ignorance_midpoint,"Base and optimistic values are factor-model sensitivities. Neutral 0.5 values are ignorance midpoints, not empirical estimates; cross-measure population comparisons remain descriptive."
118,OBS-GRG-US-013,Odawa edition using the Nishnaabemwin Odawa and Eastern Ojibwe dictionary's documented Double-Vowel profile,otw-Latn-US,United States,GRG-US-013,home_or_usual_language_use,acs_2017_2021_estimated_persons_age5plus_language_spoken_at_home,direct_language_sample_estimate,2017-2021,4099,4888,5677,1.000000,1.000000,0,2444,5677,0.000000,0.500000,1.000000,unmeasured_low0_neutral0.5_high1_sensitivity,0.000000,0.500000,1.000000,unmeasured_low0_neutral0.5_high1_sensitivity,contains_ignorance_midpoint,0,1222,5677,300.021,118,118,0.000,1,137,6219.754,117,117,,38,137,not_directly_rankable_contains_proxy_or_ignorance_midpoint,"Base and optimistic values are factor-model sensitivities. Neutral 0.5 values are ignorance midpoints, not empirical estimates; cross-measure population comparisons remain descriptive."
119,OBS-GRG-US-020,Palauan national school-literacy register,pau-Latn-PW,United States,GRG-US-020,home_or_usual_language_use,acs_2017_2021_estimated_persons_age5plus_language_spoken_at_home,direct_language_sample_estimate,2017-2021,4023,4670,5317,1.000000,1.000000,0,2335,5317,0.000000,0.500000,1.000000,unmeasured_low0_neutral0.5_high1_sensitivity,0.000000,0.500000,1.000000,unmeasured_low0_neutral0.5_high1_sensitivity,contains_ignorance_midpoint,0,1168,5317,286.763,119,119,0.000,1,137,5825.336,119,119,,38,137,not_directly_rankable_contains_proxy_or_ignorance_midpoint,"Base and optimistic values are factor-model sensitivities. Neutral 0.5 values are ignorance midpoints, not empirical estimates; cross-measure population comparisons remain descriptive."
120,OBS-GRG-AU-002,Djambarrpuyŋu written educational profile,djr-Latn-AU,Australia,GRG-AU-002,home_or_usual_language_use,census_language_used_at_home_persons,direct_language_census_count,2021,3870,3870,3870,1.000000,1.000000,0,1935,3870,0.000000,0.500000,1.000000,unmeasured_low0_neutral0.5_high1_sensitivity,0.000000,0.500000,1.000000,unmeasured_low0_neutral0.5_high1_sensitivity,contains_ignorance_midpoint,0,968,3870,237.660,120,120,0.000,1,137,4239.995,123,123,,38,137,not_directly_rankable_contains_proxy_or_ignorance_midpoint,"Base and optimistic values are factor-model sensitivities. Neutral 0.5 values are ignorance midpoints, not empirical estimates; cross-measure population comparisons remain descriptive."
121,OBS-GRG-US-032,K'iche' in ALMG normative orthography,quc-Latn-GT,United States,GRG-US-032,home_or_usual_language_use,acs_2017_2021_estimated_persons_age5plus_language_spoken_at_home,direct_language_sample_estimate,2017-2021,2944,3787,4630,1.000000,1.000000,0,1894,4630,0.000000,0.500000,1.000000,unmeasured_low0_neutral0.5_high1_sensitivity,0.000000,0.500000,1.000000,unmeasured_low0_neutral0.5_high1_sensitivity,contains_ignorance_midpoint,0,947,4630,232.504,121,121,0.000,1,137,5072.655,120,120,,38,137,not_directly_rankable_contains_proxy_or_ignorance_midpoint,"Base and optimistic values are factor-model sensitivities. Neutral 0.5 values are ignorance midpoints, not empirical estimates; cross-measure population comparisons remain descriptive."
122,OBS-GRG-US-014,Apsáalooke community curriculum profile,cro-Latn-US,United States,GRG-US-014,home_or_usual_language_use,acs_2017_2021_estimated_persons_age5plus_language_spoken_at_home,direct_language_sample_estimate,2017-2021,3194,3650,4106,1.000000,1.000000,0,1825,4106,0.000000,0.500000,1.000000,unmeasured_low0_neutral0.5_high1_sensitivity,0.000000,0.500000,1.000000,unmeasured_low0_neutral0.5_high1_sensitivity,contains_ignorance_midpoint,0,912,4106,223.911,122,122,0.000,1,137,4498.558,121,121,,38,137,not_directly_rankable_contains_proxy_or_ignorance_midpoint,"Base and optimistic values are factor-model sensitivities. Neutral 0.5 values are ignorance midpoints, not empirical estimates; cross-measure population comparisons remain descriptive."
123,OBS-GRG-US-006,Two-output Choctaw bundle: Choctaw Nation of Oklahoma instructional alphabet plus Mississippi Band modern Byington-variant alphabet,cho-Latn-US|cho-Latn-US,United States,GRG-US-006,home_or_usual_language_use,acs_2017_2021_estimated_persons_age5plus_language_spoken_at_home,direct_language_sample_estimate,2017-2021,6523,7260,7997,1.000000,1.000000,0,3630,7997,0.000000,0.500000,1.000000,unmeasured_low0_neutral0.5_high1_sensitivity,0.000000,0.500000,1.000000,unmeasured_low0_neutral0.5_high1_sensitivity,contains_ignorance_midpoint,0,1815,7997,222.806,123,123,0.000,1,137,4380.780,122,122,,38,137,not_directly_rankable_contains_proxy_or_ignorance_midpoint,"Base and optimistic values are factor-model sensitivities. Neutral 0.5 values are ignorance midpoints, not empirical estimates; cross-measure population comparisons remain descriptive."
124,OBS-GRG-AU-006,Pitjantjatjara Aṉangu school profile,pjt-Latn-AU,Australia,GRG-AU-006,home_or_usual_language_use,census_language_used_at_home_persons,direct_language_census_count,2021,3458,3458,3458,1.000000,1.000000,0,1729,3458,0.000000,0.500000,1.000000,unmeasured_low0_neutral0.5_high1_sensitivity,0.000000,0.500000,1.000000,unmeasured_low0_neutral0.5_high1_sensitivity,contains_ignorance_midpoint,0,864,3458,212.126,124,124,0.000,1,137,3788.605,125,125,,38,137,not_directly_rankable_contains_proxy_or_ignorance_midpoint,"Base and optimistic values are factor-model sensitivities. Neutral 0.5 values are ignorance midpoints, not empirical estimates; cross-measure population comparisons remain descriptive."
125,OBS-GRG-US-035,Honduras SECAPPH Garifuna educational edition using its published Garifuna alphabet,cab-Latn-HN,United States,GRG-US-035,home_or_usual_language_use,acs_2017_2021_estimated_persons_age5plus_language_spoken_at_home,direct_language_sample_estimate,2017-2021,2422,3080,3738,1.000000,1.000000,0,1540,3738,0.000000,0.500000,1.000000,unmeasured_low0_neutral0.5_high1_sensitivity,0.000000,0.500000,1.000000,unmeasured_low0_neutral0.5_high1_sensitivity,contains_ignorance_midpoint,0,770,3738,189.048,125,125,0.000,1,137,4095.375,124,124,,38,137,not_directly_rankable_contains_proxy_or_ignorance_midpoint,"Base and optimistic values are factor-model sensitivities. Neutral 0.5 values are ignorance midpoints, not empirical estimates; cross-measure population comparisons remain descriptive."
126,OBS-GRG-AU-003,Warlpiri practical school orthography,wbp-Latn-AU,Australia,GRG-AU-003,home_or_usual_language_use,census_language_used_at_home_persons,direct_language_census_count,2021,2624,2624,2624,1.000000,1.000000,0,1312,2624,0.000000,0.500000,1.000000,unmeasured_low0_neutral0.5_high1_sensitivity,0.000000,0.500000,1.000000,unmeasured_low0_neutral0.5_high1_sensitivity,contains_ignorance_midpoint,0,656,2624,161.059,126,126,0.000,1,137,2874.870,129,129,,38,137,not_directly_rankable_contains_proxy_or_ignorance_midpoint,"Base and optimistic values are factor-model sensitivities. Neutral 0.5 values are ignorance midpoints, not empirical estimates; cross-measure population comparisons remain descriptive."
127,OBS-GRG-US-015,Sisseton-Wahpeton / Eastern Dakota edition in the tribal-college documented University of Minnesota orthography,dak-Latn-US,United States,GRG-US-015,home_or_usual_language_use,acs_2017_2021_estimated_persons_age5plus_language_spoken_at_home,direct_language_sample_estimate,2017-2021,2222,2611,3000,1.000000,1.000000,0,1306,3000,0.000000,0.500000,1.000000,unmeasured_low0_neutral0.5_high1_sensitivity,0.000000,0.500000,1.000000,unmeasured_low0_neutral0.5_high1_sensitivity,contains_ignorance_midpoint,0,653,3000,160.322,127,127,0.000,1,137,3286.818,126,126,,38,137,not_directly_rankable_contains_proxy_or_ignorance_midpoint,"Base and optimistic values are factor-model sensitivities. Neutral 0.5 values are ignorance midpoints, not empirical estimates; cross-measure population comparisons remain descriptive."
128,OBS-GRG-US-033,Q'anjob'al in ALMG normative orthography,kjb-Latn-GT,United States,GRG-US-033,home_or_usual_language_use,acs_2017_2021_estimated_persons_age5plus_language_spoken_at_home,direct_language_sample_estimate,2017-2021,1532,2253,2974,1.000000,1.000000,0,1126,2974,0.000000,0.500000,1.000000,unmeasured_low0_neutral0.5_high1_sensitivity,0.000000,0.500000,1.000000,unmeasured_low0_neutral0.5_high1_sensitivity,contains_ignorance_midpoint,0,563,2974,138.226,128,128,0.000,1,137,3258.332,127,127,,38,137,not_directly_rankable_contains_proxy_or_ignorance_midpoint,"Base and optimistic values are factor-model sensitivities. Neutral 0.5 values are ignorance midpoints, not empirical estimates; cross-measure population comparisons remain descriptive."
129,OBS-GRG-US-022,Kosrae State standard Kosraean,kos-Latn-FM,United States,GRG-US-022,home_or_usual_language_use,acs_2017_2021_estimated_persons_age5plus_language_spoken_at_home,direct_language_sample_estimate,2017-2021,1390,2051,2712,1.000000,1.000000,0,1026,2712,0.000000,0.500000,1.000000,unmeasured_low0_neutral0.5_high1_sensitivity,0.000000,0.500000,1.000000,unmeasured_low0_neutral0.5_high1_sensitivity,contains_ignorance_midpoint,0,513,2712,125.950,130,130,0.000,1,137,2971.283,128,128,,38,137,not_directly_rankable_contains_proxy_or_ignorance_midpoint,"Base and optimistic values are factor-model sensitivities. Neutral 0.5 values are ignorance midpoints, not empirical estimates; cross-measure population comparisons remain descriptive."
130,OBS-GRG-AU-004,Murrinh-Patha community dictionary/school profile,mwf-Latn-AU,Australia,GRG-AU-004,home_or_usual_language_use,census_language_used_at_home_persons,direct_language_census_count,2021,2081,2081,2081,1.000000,1.000000,0,1040,2081,0.000000,0.500000,1.000000,unmeasured_low0_neutral0.5_high1_sensitivity,0.000000,0.500000,1.000000,unmeasured_low0_neutral0.5_high1_sensitivity,contains_ignorance_midpoint,0,520,2081,127.668,129,129,0.000,1,137,2279.956,131,131,,38,137,not_directly_rankable_contains_proxy_or_ignorance_midpoint,"Base and optimistic values are factor-model sensitivities. Neutral 0.5 values are ignorance midpoints, not empirical estimates; cross-measure population comparisons remain descriptive."
131,OBS-GRG-US-034,Maayat'aan (Yucatec Maya) in INALI writing standard,yua-Latn-MX,United States,GRG-US-034,home_or_usual_language_use,acs_2017_2021_estimated_persons_age5plus_language_spoken_at_home,direct_language_sample_estimate,2017-2021,1155,1708,2261,1.000000,1.000000,0,854,2261,0.000000,0.500000,1.000000,unmeasured_low0_neutral0.5_high1_sensitivity,0.000000,0.500000,1.000000,unmeasured_low0_neutral0.5_high1_sensitivity,contains_ignorance_midpoint,0,427,2261,104.835,132,132,0.000,1,137,2477.165,130,130,,38,137,not_directly_rankable_contains_proxy_or_ignorance_midpoint,"Base and optimistic values are factor-model sensitivities. Neutral 0.5 values are ignorance midpoints, not empirical estimates; cross-measure population comparisons remain descriptive."
132,OBS-GRG-AU-005,Alyawarr community educational profile,aly-Latn-AU,Australia,GRG-AU-005,home_or_usual_language_use,census_language_used_at_home_persons,direct_language_census_count,2021,1951,1951,1951,1.000000,1.000000,0,976,1951,0.000000,0.500000,1.000000,unmeasured_low0_neutral0.5_high1_sensitivity,0.000000,0.500000,1.000000,unmeasured_low0_neutral0.5_high1_sensitivity,contains_ignorance_midpoint,0,488,1951,119.812,131,131,0.000,1,137,2137.527,132,132,,38,137,not_directly_rankable_contains_proxy_or_ignorance_midpoint,"Base and optimistic values are factor-model sensitivities. Neutral 0.5 values are ignorance midpoints, not empirical estimates; cross-measure population comparisons remain descriptive."
133,OBS-GRG-US-028,Two-output bundle: Aruba official Papiamento spelling plus Curaçao/Bonaire official Papiamentu phonological spelling,pap-Latn-AW|pap-Latn-CW|pap-Latn-BQ,United States,GRG-US-028,home_or_usual_language_use,acs_2017_2021_estimated_persons_age5plus_language_spoken_at_home,direct_language_sample_estimate,2017-2021,950,1422,1894,1.000000,1.000000,0,711,1894,0.000000,0.500000,1.000000,unmeasured_low0_neutral0.5_high1_sensitivity,0.000000,0.500000,1.000000,unmeasured_low0_neutral0.5_high1_sensitivity,contains_ignorance_midpoint,0,356,1894,43.702,133,133,0.000,1,137,1037.539,133,133,,38,137,not_directly_rankable_contains_proxy_or_ignorance_midpoint,"Base and optimistic values are factor-model sensitivities. Neutral 0.5 values are ignorance midpoints, not empirical estimates; cross-measure population comparisons remain descriptive."
134,OBS-GRG-AU-007,Gurindji community dictionary profile,gue-Latn-AU,Australia,GRG-AU-007,home_or_usual_language_use,census_language_used_at_home_persons,direct_language_census_count,2021,623,623,623,1.000000,1.000000,0,312,623,0.000000,0.500000,1.000000,unmeasured_low0_neutral0.5_high1_sensitivity,0.000000,0.500000,1.000000,unmeasured_low0_neutral0.5_high1_sensitivity,contains_ignorance_midpoint,0,156,623,38.301,134,134,0.000,1,137,682.562,134,134,,38,137,not_directly_rankable_contains_proxy_or_ignorance_midpoint,"Base and optimistic values are factor-model sensitivities. Neutral 0.5 values are ignorance midpoints, not empirical estimates; cross-measure population comparisons remain descriptive."
135,OBS-GRG-AU-010,Warumungu community educational profile,wrm-Latn-AU,Australia,GRG-AU-010,home_or_usual_language_use,census_language_used_at_home_persons,direct_language_census_count,2021,424,424,424,1.000000,1.000000,0,212,424,0.000000,0.500000,1.000000,unmeasured_low0_neutral0.5_high1_sensitivity,0.000000,0.500000,1.000000,unmeasured_low0_neutral0.5_high1_sensitivity,contains_ignorance_midpoint,0,106,424,26.025,135,135,0.000,1,137,464.537,135,135,,38,137,not_directly_rankable_contains_proxy_or_ignorance_midpoint,"Base and optimistic values are factor-model sensitivities. Neutral 0.5 values are ignorance midpoints, not empirical estimates; cross-measure population comparisons remain descriptive."
136,OBS-GRG-AU-008,Ngarinyman community educational profile,nbj-Latn-AU,Australia,GRG-AU-008,home_or_usual_language_use,census_language_used_at_home_persons,direct_language_census_count,2021,313,313,313,1.000000,1.000000,0,156,313,0.000000,0.500000,1.000000,unmeasured_low0_neutral0.5_high1_sensitivity,0.000000,0.500000,1.000000,unmeasured_low0_neutral0.5_high1_sensitivity,contains_ignorance_midpoint,0,78,313,19.150,136,136,0.000,1,137,342.925,136,136,,38,137,not_directly_rankable_contains_proxy_or_ignorance_midpoint,"Base and optimistic values are factor-model sensitivities. Neutral 0.5 values are ignorance midpoints, not empirical estimates; cross-measure population comparisons remain descriptive."
137,OBS-GRG-AU-009,Wubuy (source label Nunggubuyu) community profile,nuy-Latn-AU,Australia,GRG-AU-009,home_or_usual_language_use,census_language_used_at_home_persons,direct_language_census_count,2021,283,283,283,1.000000,1.000000,0,142,283,0.000000,0.500000,1.000000,unmeasured_low0_neutral0.5_high1_sensitivity,0.000000,0.500000,1.000000,unmeasured_low0_neutral0.5_high1_sensitivity,contains_ignorance_midpoint,0,71,283,17.432,137,137,0.000,1,137,310.056,137,137,,38,137,not_directly_rankable_contains_proxy_or_ignorance_midpoint,"Base and optimistic values are factor-model sensitivities. Neutral 0.5 values are ignorance midpoints, not empirical estimates; cross-measure population comparisons remain descriptive."
