wikimedia_code,wikipedia_articles,wikipedia_activeusers,wikipedia_edits,wikipedia_pages,wikibooks_articles,wikibooks_activeusers,wikibooks_edits,wikibooks_pages,wikiversity_articles,wikiversity_activeusers,wikiversity_edits,wikiversity_pages,wikisource_articles,wikisource_activeusers,wikisource_edits,wikisource_pages,wikipedia_articles_per_active_user,possible_automation_skew,source_date,source_id,source_sha256,limitations
aa,0,1,4694,508,0,1,3424,80,0,0,0,0,0,0,0,0,0.000,,Mon Aug 24 21:45:18 UTC 2026,ACE-E020,53647853ED8A33C487E9D73FDE1CB698304AE47AAC77A7AA99E92214EEECD2D9,"Project counts measure Wikimedia presence, not advanced mathematics, educational quality, reader access, or language-wide digital resources. Bot-heavy editions can inflate articles."
ab,6731,37,172482,38455,0,0,0,0,0,0,0,0,0,0,0,0,181.919,,Mon Aug 24 21:45:18 UTC 2026,ACE-E020,53647853ED8A33C487E9D73FDE1CB698304AE47AAC77A7AA99E92214EEECD2D9,"Project counts measure Wikimedia presence, not advanced mathematics, educational quality, reader access, or language-wide digital resources. Bot-heavy editions can inflate articles."
ace,13074,35,158211,28319,0,0,0,0,0,0,0,0,0,0,0,0,373.543,,Mon Aug 24 21:45:18 UTC 2026,ACE-E020,53647853ED8A33C487E9D73FDE1CB698304AE47AAC77A7AA99E92214EEECD2D9,"Project counts measure Wikimedia presence, not advanced mathematics, educational quality, reader access, or language-wide digital resources. Bot-heavy editions can inflate articles."
ady,647,26,17249,5077,0,0,0,0,0,0,0,0,0,0,0,0,24.885,,Mon Aug 24 21:45:18 UTC 2026,ACE-E020,53647853ED8A33C487E9D73FDE1CB698304AE47AAC77A7AA99E92214EEECD2D9,"Project counts measure Wikimedia presence, not advanced mathematics, educational quality, reader access, or language-wide digital resources. Bot-heavy editions can inflate articles."
af,130319,274,2950390,442388,34,7,7790,1150,0,0,0,0,0,0,0,0,475.617,,Mon Aug 24 21:45:18 UTC 2026,ACE-E020,53647853ED8A33C487E9D73FDE1CB698304AE47AAC77A7AA99E92214EEECD2D9,"Project counts measure Wikimedia presence, not advanced mathematics, educational quality, reader access, or language-wide digital resources. Bot-heavy editions can inflate articles."
ak,0,3,29902,1709,0,0,3428,93,0,0,0,0,0,0,0,0,0.000,,Mon Aug 24 21:45:18 UTC 2026,ACE-E020,53647853ED8A33C487E9D73FDE1CB698304AE47AAC77A7AA99E92214EEECD2D9,"Project counts measure Wikimedia presence, not advanced mathematics, educational quality, reader access, or language-wide digital resources. Bot-heavy editions can inflate articles."
als,31777,93,1084675,75435,0,0,0,0,0,0,0,0,0,0,0,0,341.688,,Mon Aug 24 21:45:18 UTC 2026,ACE-E020,53647853ED8A33C487E9D73FDE1CB698304AE47AAC77A7AA99E92214EEECD2D9,"Project counts measure Wikimedia presence, not advanced mathematics, educational quality, reader access, or language-wide digital resources. Bot-heavy editions can inflate articles."
alt,1112,16,49277,7323,0,0,0,0,0,0,0,0,0,0,0,0,69.500,,Mon Aug 24 21:45:18 UTC 2026,ACE-E020,53647853ED8A33C487E9D73FDE1CB698304AE47AAC77A7AA99E92214EEECD2D9,"Project counts measure Wikimedia presence, not advanced mathematics, educational quality, reader access, or language-wide digital resources. Bot-heavy editions can inflate articles."
am,15723,86,394154,46793,0,0,0,0,0,0,0,0,0,0,0,0,182.826,,Mon Aug 24 21:45:18 UTC 2026,ACE-E020,53647853ED8A33C487E9D73FDE1CB698304AE47AAC77A7AA99E92214EEECD2D9,"Project counts measure Wikimedia presence, not advanced mathematics, educational quality, reader access, or language-wide digital resources. Bot-heavy editions can inflate articles."
ami,1144,19,50621,2232,0,0,0,0,0,0,0,0,0,0,0,0,60.211,,Mon Aug 24 21:45:18 UTC 2026,ACE-E020,53647853ED8A33C487E9D73FDE1CB698304AE47AAC77A7AA99E92214EEECD2D9,"Project counts measure Wikimedia presence, not advanced mathematics, educational quality, reader access, or language-wide digital resources. Bot-heavy editions can inflate articles."
an,86523,100,2466834,243923,0,0,0,0,0,0,0,0,0,0,0,0,865.230,,Mon Aug 24 21:45:18 UTC 2026,ACE-E020,53647853ED8A33C487E9D73FDE1CB698304AE47AAC77A7AA99E92214EEECD2D9,"Project counts measure Wikimedia presence, not advanced mathematics, educational quality, reader access, or language-wide digital resources. Bot-heavy editions can inflate articles."
ang,5231,73,230726,22133,153,2,5838,1034,0,0,0,0,1,0,1671,41,71.658,,Mon Aug 24 21:45:18 UTC 2026,ACE-E020,53647853ED8A33C487E9D73FDE1CB698304AE47AAC77A7AA99E92214EEECD2D9,"Project counts measure Wikimedia presence, not advanced mathematics, educational quality, reader access, or language-wide digital resources. Bot-heavy editions can inflate articles."
ann,438,12,5151,953,0,0,0,0,0,0,0,0,0,0,0,0,36.500,,Mon Aug 24 21:45:18 UTC 2026,ACE-E020,53647853ED8A33C487E9D73FDE1CB698304AE47AAC77A7AA99E92214EEECD2D9,"Project counts measure Wikimedia presence, not advanced mathematics, educational quality, reader access, or language-wide digital resources. Bot-heavy editions can inflate articles."
anp,1694,19,23109,5327,0,0,0,0,0,0,0,0,0,0,0,0,89.158,,Mon Aug 24 21:45:18 UTC 2026,ACE-E020,53647853ED8A33C487E9D73FDE1CB698304AE47AAC77A7AA99E92214EEECD2D9,"Project counts measure Wikimedia presence, not advanced mathematics, educational quality, reader access, or language-wide digital resources. Bot-heavy editions can inflate articles."
ar,1329723,5393,76198204,9200765,898,28,227420,48386,909,14,148534,28747,94287,59,618105,290633,246.565,,Mon Aug 24 21:45:18 UTC 2026,ACE-E020,53647853ED8A33C487E9D73FDE1CB698304AE47AAC77A7AA99E92214EEECD2D9,"Project counts measure Wikimedia presence, not advanced mathematics, educational quality, reader access, or language-wide digital resources. Bot-heavy editions can inflate articles."
arc,1920,22,97631,6363,0,0,0,0,0,0,0,0,0,0,0,0,87.273,,Mon Aug 24 21:45:18 UTC 2026,ACE-E020,53647853ED8A33C487E9D73FDE1CB698304AE47AAC77A7AA99E92214EEECD2D9,"Project counts measure Wikimedia presence, not advanced mathematics, educational quality, reader access, or language-wide digital resources. Bot-heavy editions can inflate articles."
ary,20338,67,587647,108997,0,0,0,0,0,0,0,0,0,0,0,0,303.552,,Mon Aug 24 21:45:18 UTC 2026,ACE-E020,53647853ED8A33C487E9D73FDE1CB698304AE47AAC77A7AA99E92214EEECD2D9,"Project counts measure Wikimedia presence, not advanced mathematics, educational quality, reader access, or language-wide digital resources. Bot-heavy editions can inflate articles."
arz,1633311,312,13180980,2259454,0,0,0,0,0,0,0,0,0,0,0,0,5234.971,yes,Mon Aug 24 21:45:18 UTC 2026,ACE-E020,53647853ED8A33C487E9D73FDE1CB698304AE47AAC77A7AA99E92214EEECD2D9,"Project counts measure Wikimedia presence, not advanced mathematics, educational quality, reader access, or language-wide digital resources. Bot-heavy editions can inflate articles."
as,25346,133,630349,127116,0,0,3432,72,0,0,0,0,4215,17,258050,92391,190.571,,Mon Aug 24 21:45:18 UTC 2026,ACE-E020,53647853ED8A33C487E9D73FDE1CB698304AE47AAC77A7AA99E92214EEECD2D9,"Project counts measure Wikimedia presence, not advanced mathematics, educational quality, reader access, or language-wide digital resources. Bot-heavy editions can inflate articles."
ast,139341,182,4515976,249903,5,0,3987,271,0,0,0,0,0,0,0,0,765.610,,Mon Aug 24 21:45:18 UTC 2026,ACE-E020,53647853ED8A33C487E9D73FDE1CB698304AE47AAC77A7AA99E92214EEECD2D9,"Project counts measure Wikimedia presence, not advanced mathematics, educational quality, reader access, or language-wide digital resources. Bot-heavy editions can inflate articles."
atj,2081,13,17002,3314,0,0,0,0,0,0,0,0,0,0,0,0,160.077,,Mon Aug 24 21:45:18 UTC 2026,ACE-E020,53647853ED8A33C487E9D73FDE1CB698304AE47AAC77A7AA99E92214EEECD2D9,"Project counts measure Wikimedia presence, not advanced mathematics, educational quality, reader access, or language-wide digital resources. Bot-heavy editions can inflate articles."
av,4015,28,97820,18796,0,0,0,0,0,0,0,0,0,0,0,0,143.393,,Mon Aug 24 21:45:18 UTC 2026,ACE-E020,53647853ED8A33C487E9D73FDE1CB698304AE47AAC77A7AA99E92214EEECD2D9,"Project counts measure Wikimedia presence, not advanced mathematics, educational quality, reader access, or language-wide digital resources. Bot-heavy editions can inflate articles."
avk,29906,24,147760,36378,0,0,0,0,0,0,0,0,0,0,0,0,1246.083,,Mon Aug 24 21:45:18 UTC 2026,ACE-E020,53647853ED8A33C487E9D73FDE1CB698304AE47AAC77A7AA99E92214EEECD2D9,"Project counts measure Wikimedia presence, not advanced mathematics, educational quality, reader access, or language-wide digital resources. Bot-heavy editions can inflate articles."
awa,2933,25,34325,7845,0,0,0,0,0,0,0,0,0,0,0,0,117.320,,Mon Aug 24 21:45:18 UTC 2026,ACE-E020,53647853ED8A33C487E9D73FDE1CB698304AE47AAC77A7AA99E92214EEECD2D9,"Project counts measure Wikimedia presence, not advanced mathematics, educational quality, reader access, or language-wide digital resources. Bot-heavy editions can inflate articles."
ay,5290,27,103109,8999,0,0,6003,46,0,0,0,0,0,0,0,0,195.926,,Mon Aug 24 21:45:18 UTC 2026,ACE-E020,53647853ED8A33C487E9D73FDE1CB698304AE47AAC77A7AA99E92214EEECD2D9,"Project counts measure Wikimedia presence, not advanced mathematics, educational quality, reader access, or language-wide digital resources. Bot-heavy editions can inflate articles."
az,216744,858,9034894,686543,3442,15,46542,9849,0,0,0,0,11840,39,96876,24943,252.615,,Mon Aug 24 21:45:18 UTC 2026,ACE-E020,53647853ED8A33C487E9D73FDE1CB698304AE47AAC77A7AA99E92214EEECD2D9,"Project counts measure Wikimedia presence, not advanced mathematics, educational quality, reader access, or language-wide digital resources. Bot-heavy editions can inflate articles."
azb,244808,121,1591996,580666,0,0,0,0,0,0,0,0,0,0,0,0,2023.207,,Mon Aug 24 21:45:18 UTC 2026,ACE-E020,53647853ED8A33C487E9D73FDE1CB698304AE47AAC77A7AA99E92214EEECD2D9,"Project counts measure Wikimedia presence, not advanced mathematics, educational quality, reader access, or language-wide digital resources. Bot-heavy editions can inflate articles."
ba,64299,83,1302540,185202,1216,4,25245,3589,0,0,0,0,0,0,0,0,774.687,,Mon Aug 24 21:45:18 UTC 2026,ACE-E020,53647853ED8A33C487E9D73FDE1CB698304AE47AAC77A7AA99E92214EEECD2D9,"Project counts measure Wikimedia presence, not advanced mathematics, educational quality, reader access, or language-wide digital resources. Bot-heavy editions can inflate articles."
ban,38760,74,268172,79245,0,0,0,0,0,0,0,0,5186,8,123470,36449,523.784,,Mon Aug 24 21:45:18 UTC 2026,ACE-E020,53647853ED8A33C487E9D73FDE1CB698304AE47AAC77A7AA99E92214EEECD2D9,"Project counts measure Wikimedia presence, not advanced mathematics, educational quality, reader access, or language-wide digital resources. Bot-heavy editions can inflate articles."
bar,27232,64,853140,110909,0,0,0,0,0,0,0,0,0,0,0,0,425.500,,Mon Aug 24 21:45:18 UTC 2026,ACE-E020,53647853ED8A33C487E9D73FDE1CB698304AE47AAC77A7AA99E92214EEECD2D9,"Project counts measure Wikimedia presence, not advanced mathematics, educational quality, reader access, or language-wide digital resources. Bot-heavy editions can inflate articles."
bat-smg,17276,30,362879,30091,0,0,0,0,0,0,0,0,0,0,0,0,575.867,,Mon Aug 24 21:45:18 UTC 2026,ACE-E020,53647853ED8A33C487E9D73FDE1CB698304AE47AAC77A7AA99E92214EEECD2D9,"Project counts measure Wikimedia presence, not advanced mathematics, educational quality, reader access, or language-wide digital resources. Bot-heavy editions can inflate articles."
bbc,1484,29,18581,3346,0,0,0,0,0,0,0,0,0,0,0,0,51.172,,Mon Aug 24 21:45:18 UTC 2026,ACE-E020,53647853ED8A33C487E9D73FDE1CB698304AE47AAC77A7AA99E92214EEECD2D9,"Project counts measure Wikimedia presence, not advanced mathematics, educational quality, reader access, or language-wide digital resources. Bot-heavy editions can inflate articles."
bcl,22429,68,309254,51707,0,0,0,0,0,0,0,0,137,3,10264,2469,329.838,,Mon Aug 24 21:45:18 UTC 2026,ACE-E020,53647853ED8A33C487E9D73FDE1CB698304AE47AAC77A7AA99E92214EEECD2D9,"Project counts measure Wikimedia presence, not advanced mathematics, educational quality, reader access, or language-wide digital resources. Bot-heavy editions can inflate articles."
bdr,242,11,5775,1370,0,0,0,0,0,0,0,0,0,0,0,0,22.000,,Mon Aug 24 21:45:18 UTC 2026,ACE-E020,53647853ED8A33C487E9D73FDE1CB698304AE47AAC77A7AA99E92214EEECD2D9,"Project counts measure Wikimedia presence, not advanced mathematics, educational quality, reader access, or language-wide digital resources. Bot-heavy editions can inflate articles."
be,265832,355,5177664,737021,187,7,8217,1141,0,0,0,0,30284,22,296094,124848,748.823,,Mon Aug 24 21:45:18 UTC 2026,ACE-E020,53647853ED8A33C487E9D73FDE1CB698304AE47AAC77A7AA99E92214EEECD2D9,"Project counts measure Wikimedia presence, not advanced mathematics, educational quality, reader access, or language-wide digital resources. Bot-heavy editions can inflate articles."
be-tarask,91174,170,2679303,266770,0,0,0,0,0,0,0,0,0,0,0,0,536.318,,Mon Aug 24 21:45:18 UTC 2026,ACE-E020,53647853ED8A33C487E9D73FDE1CB698304AE47AAC77A7AA99E92214EEECD2D9,"Project counts measure Wikimedia presence, not advanced mathematics, educational quality, reader access, or language-wide digital resources. Bot-heavy editions can inflate articles."
beta,0,0,0,0,0,0,0,0,1138,41,383803,21069,0,0,0,0,,,Mon Aug 24 21:45:18 UTC 2026,ACE-E020,53647853ED8A33C487E9D73FDE1CB698304AE47AAC77A7AA99E92214EEECD2D9,"Project counts measure Wikimedia presence, not advanced mathematics, educational quality, reader access, or language-wide digital resources. Bot-heavy editions can inflate articles."
bew,3340,34,34926,8069,0,0,0,0,0,0,0,0,0,0,0,0,98.235,,Mon Aug 24 21:45:18 UTC 2026,ACE-E020,53647853ED8A33C487E9D73FDE1CB698304AE47AAC77A7AA99E92214EEECD2D9,"Project counts measure Wikimedia presence, not advanced mathematics, educational quality, reader access, or language-wide digital resources. Bot-heavy editions can inflate articles."
bg,311787,1595,12978586,706951,317,6,16420,2010,0,0,0,0,2336,11,18784,4042,195.478,,Mon Aug 24 21:45:18 UTC 2026,ACE-E020,53647853ED8A33C487E9D73FDE1CB698304AE47AAC77A7AA99E92214EEECD2D9,"Project counts measure Wikimedia presence, not advanced mathematics, educational quality, reader access, or language-wide digital resources. Bot-heavy editions can inflate articles."
bh,9191,43,801316,82202,0,0,0,0,0,0,0,0,0,0,0,0,213.744,,Mon Aug 24 21:45:18 UTC 2026,ACE-E020,53647853ED8A33C487E9D73FDE1CB698304AE47AAC77A7AA99E92214EEECD2D9,"Project counts measure Wikimedia presence, not advanced mathematics, educational quality, reader access, or language-wide digital resources. Bot-heavy editions can inflate articles."
bi,1489,21,44256,3487,0,0,3255,55,0,0,0,0,0,0,0,0,70.905,,Mon Aug 24 21:45:18 UTC 2026,ACE-E020,53647853ED8A33C487E9D73FDE1CB698304AE47AAC77A7AA99E92214EEECD2D9,"Project counts measure Wikimedia presence, not advanced mathematics, educational quality, reader access, or language-wide digital resources. Bot-heavy editions can inflate articles."
bjn,12314,33,113182,36953,0,0,0,0,0,0,0,0,0,0,0,0,373.152,,Mon Aug 24 21:45:18 UTC 2026,ACE-E020,53647853ED8A33C487E9D73FDE1CB698304AE47AAC77A7AA99E92214EEECD2D9,"Project counts measure Wikimedia presence, not advanced mathematics, educational quality, reader access, or language-wide digital resources. Bot-heavy editions can inflate articles."
blk,3127,24,34013,9447,0,0,0,0,0,0,0,0,0,0,0,0,130.292,,Mon Aug 24 21:45:18 UTC 2026,ACE-E020,53647853ED8A33C487E9D73FDE1CB698304AE47AAC77A7AA99E92214EEECD2D9,"Project counts measure Wikimedia presence, not advanced mathematics, educational quality, reader access, or language-wide digital resources. Bot-heavy editions can inflate articles."
bm,930,14,42541,3273,0,0,3999,55,0,0,0,0,0,0,0,0,66.429,,Mon Aug 24 21:45:18 UTC 2026,ACE-E020,53647853ED8A33C487E9D73FDE1CB698304AE47AAC77A7AA99E92214EEECD2D9,"Project counts measure Wikimedia presence, not advanced mathematics, educational quality, reader access, or language-wide digital resources. Bot-heavy editions can inflate articles."
bn,190793,1908,9119048,1424758,4155,23,107171,29256,0,0,0,0,38826,45,1994934,614394,99.996,,Mon Aug 24 21:45:18 UTC 2026,ACE-E020,53647853ED8A33C487E9D73FDE1CB698304AE47AAC77A7AA99E92214EEECD2D9,"Project counts measure Wikimedia presence, not advanced mathematics, educational quality, reader access, or language-wide digital resources. Bot-heavy editions can inflate articles."
bo,8113,37,162040,22814,0,0,3515,78,0,0,0,0,0,0,0,0,219.270,,Mon Aug 24 21:45:18 UTC 2026,ACE-E020,53647853ED8A33C487E9D73FDE1CB698304AE47AAC77A7AA99E92214EEECD2D9,"Project counts measure Wikimedia presence, not advanced mathematics, educational quality, reader access, or language-wide digital resources. Bot-heavy editions can inflate articles."
bol,473,28,10469,1241,0,0,0,0,0,0,0,0,0,0,0,0,16.893,,Mon Aug 24 21:45:18 UTC 2026,ACE-E020,53647853ED8A33C487E9D73FDE1CB698304AE47AAC77A7AA99E92214EEECD2D9,"Project counts measure Wikimedia presence, not advanced mathematics, educational quality, reader access, or language-wide digital resources. Bot-heavy editions can inflate articles."
bpy,25097,23,895715,63431,0,0,0,0,0,0,0,0,0,0,0,0,1091.174,,Mon Aug 24 21:45:18 UTC 2026,ACE-E020,53647853ED8A33C487E9D73FDE1CB698304AE47AAC77A7AA99E92214EEECD2D9,"Project counts measure Wikimedia presence, not advanced mathematics, educational quality, reader access, or language-wide digital resources. Bot-heavy editions can inflate articles."
br,91571,113,2193460,161841,0,0,0,0,0,0,0,0,10540,7,208804,65525,810.363,,Mon Aug 24 21:45:18 UTC 2026,ACE-E020,53647853ED8A33C487E9D73FDE1CB698304AE47AAC77A7AA99E92214EEECD2D9,"Project counts measure Wikimedia presence, not advanced mathematics, educational quality, reader access, or language-wide digital resources. Bot-heavy editions can inflate articles."
bs,98657,303,3909240,387681,33,7,7200,735,0,0,0,0,646,8,12179,3342,325.601,,Mon Aug 24 21:45:18 UTC 2026,ACE-E020,53647853ED8A33C487E9D73FDE1CB698304AE47AAC77A7AA99E92214EEECD2D9,"Project counts measure Wikimedia presence, not advanced mathematics, educational quality, reader access, or language-wide digital resources. Bot-heavy editions can inflate articles."
btm,1235,21,12527,2801,0,0,0,0,0,0,0,0,0,0,0,0,58.810,,Mon Aug 24 21:45:18 UTC 2026,ACE-E020,53647853ED8A33C487E9D73FDE1CB698304AE47AAC77A7AA99E92214EEECD2D9,"Project counts measure Wikimedia presence, not advanced mathematics, educational quality, reader access, or language-wide digital resources. Bot-heavy editions can inflate articles."
bug,15960,23,210713,20529,0,0,0,0,0,0,0,0,0,0,0,0,693.913,,Mon Aug 24 21:45:18 UTC 2026,ACE-E020,53647853ED8A33C487E9D73FDE1CB698304AE47AAC77A7AA99E92214EEECD2D9,"Project counts measure Wikimedia presence, not advanced mathematics, educational quality, reader access, or language-wide digital resources. Bot-heavy editions can inflate articles."
bxr,2919,22,74755,11250,0,0,0,0,0,0,0,0,0,0,0,0,132.682,,Mon Aug 24 21:45:18 UTC 2026,ACE-E020,53647853ED8A33C487E9D73FDE1CB698304AE47AAC77A7AA99E92214EEECD2D9,"Project counts measure Wikimedia presence, not advanced mathematics, educational quality, reader access, or language-wide digital resources. Bot-heavy editions can inflate articles."
ca,802227,1477,38192975,2016672,2270,11,76680,7945,0,0,0,0,10508,10,185528,56816,543.146,,Mon Aug 24 21:45:18 UTC 2026,ACE-E020,53647853ED8A33C487E9D73FDE1CB698304AE47AAC77A7AA99E92214EEECD2D9,"Project counts measure Wikimedia presence, not advanced mathematics, educational quality, reader access, or language-wide digital resources. Bot-heavy editions can inflate articles."
cbk-zam,2856,19,118445,8724,0,0,0,0,0,0,0,0,0,0,0,0,150.316,,Mon Aug 24 21:45:18 UTC 2026,ACE-E020,53647853ED8A33C487E9D73FDE1CB698304AE47AAC77A7AA99E92214EEECD2D9,"Project counts measure Wikimedia presence, not advanced mathematics, educational quality, reader access, or language-wide digital resources. Bot-heavy editions can inflate articles."
cdo,16756,32,105476,33661,0,0,0,0,0,0,0,0,0,0,0,0,523.625,,Mon Aug 24 21:45:18 UTC 2026,ACE-E020,53647853ED8A33C487E9D73FDE1CB698304AE47AAC77A7AA99E92214EEECD2D9,"Project counts measure Wikimedia presence, not advanced mathematics, educational quality, reader access, or language-wide digital resources. Bot-heavy editions can inflate articles."
ce,866915,56,24142787,1894472,0,0,0,0,0,0,0,0,0,0,0,0,15480.625,yes,Mon Aug 24 21:45:18 UTC 2026,ACE-E020,53647853ED8A33C487E9D73FDE1CB698304AE47AAC77A7AA99E92214EEECD2D9,"Project counts measure Wikimedia presence, not advanced mathematics, educational quality, reader access, or language-wide digital resources. Bot-heavy editions can inflate articles."
ceb,6115638,228,37003963,11235477,0,0,0,0,0,0,0,0,0,0,0,0,26822.974,yes,Mon Aug 24 21:45:18 UTC 2026,ACE-E020,53647853ED8A33C487E9D73FDE1CB698304AE47AAC77A7AA99E92214EEECD2D9,"Project counts measure Wikimedia presence, not advanced mathematics, educational quality, reader access, or language-wide digital resources. Bot-heavy editions can inflate articles."
ch,583,12,24694,2603,0,0,3320,61,0,0,0,0,0,0,0,0,48.583,,Mon Aug 24 21:45:18 UTC 2026,ACE-E020,53647853ED8A33C487E9D73FDE1CB698304AE47AAC77A7AA99E92214EEECD2D9,"Project counts measure Wikimedia presence, not advanced mathematics, educational quality, reader access, or language-wide digital resources. Bot-heavy editions can inflate articles."
cho,6,0,4223,202,0,0,0,0,0,0,0,0,0,0,0,0,,,Mon Aug 24 21:45:18 UTC 2026,ACE-E020,53647853ED8A33C487E9D73FDE1CB698304AE47AAC77A7AA99E92214EEECD2D9,"Project counts measure Wikimedia presence, not advanced mathematics, educational quality, reader access, or language-wide digital resources. Bot-heavy editions can inflate articles."
chr,1034,24,51760,4045,0,0,0,0,0,0,0,0,0,0,0,0,43.083,,Mon Aug 24 21:45:18 UTC 2026,ACE-E020,53647853ED8A33C487E9D73FDE1CB698304AE47AAC77A7AA99E92214EEECD2D9,"Project counts measure Wikimedia presence, not advanced mathematics, educational quality, reader access, or language-wide digital resources. Bot-heavy editions can inflate articles."
chy,718,14,27405,2303,0,0,0,0,0,0,0,0,0,0,0,0,51.286,,Mon Aug 24 21:45:18 UTC 2026,ACE-E020,53647853ED8A33C487E9D73FDE1CB698304AE47AAC77A7AA99E92214EEECD2D9,"Project counts measure Wikimedia presence, not advanced mathematics, educational quality, reader access, or language-wide digital resources. Bot-heavy editions can inflate articles."
ckb,83978,237,1648393,262871,0,0,0,0,0,0,0,0,0,0,0,0,354.338,,Mon Aug 24 21:45:18 UTC 2026,ACE-E020,53647853ED8A33C487E9D73FDE1CB698304AE47AAC77A7AA99E92214EEECD2D9,"Project counts measure Wikimedia presence, not advanced mathematics, educational quality, reader access, or language-wide digital resources. Bot-heavy editions can inflate articles."
co,9411,48,405014,18903,4,0,4613,251,0,0,0,0,0,0,0,0,196.062,,Mon Aug 24 21:45:18 UTC 2026,ACE-E020,53647853ED8A33C487E9D73FDE1CB698304AE47AAC77A7AA99E92214EEECD2D9,"Project counts measure Wikimedia presence, not advanced mathematics, educational quality, reader access, or language-wide digital resources. Bot-heavy editions can inflate articles."
cr,0,7,41058,1279,0,0,0,0,0,0,0,0,0,0,0,0,0.000,,Mon Aug 24 21:45:18 UTC 2026,ACE-E020,53647853ED8A33C487E9D73FDE1CB698304AE47AAC77A7AA99E92214EEECD2D9,"Project counts measure Wikimedia presence, not advanced mathematics, educational quality, reader access, or language-wide digital resources. Bot-heavy editions can inflate articles."
crh,29724,53,244376,58465,0,0,0,0,0,0,0,0,0,0,0,0,560.830,,Mon Aug 24 21:45:18 UTC 2026,ACE-E020,53647853ED8A33C487E9D73FDE1CB698304AE47AAC77A7AA99E92214EEECD2D9,"Project counts measure Wikimedia presence, not advanced mathematics, educational quality, reader access, or language-wide digital resources. Bot-heavy editions can inflate articles."
cs,597354,3926,26119305,1661362,1579,12,55413,5574,4558,15,149152,14401,62433,28,336097,91880,152.153,,Mon Aug 24 21:45:18 UTC 2026,ACE-E020,53647853ED8A33C487E9D73FDE1CB698304AE47AAC77A7AA99E92214EEECD2D9,"Project counts measure Wikimedia presence, not advanced mathematics, educational quality, reader access, or language-wide digital resources. Bot-heavy editions can inflate articles."
csb,5765,31,210815,10085,0,0,0,0,0,0,0,0,0,0,0,0,185.968,,Mon Aug 24 21:45:18 UTC 2026,ACE-E020,53647853ED8A33C487E9D73FDE1CB698304AE47AAC77A7AA99E92214EEECD2D9,"Project counts measure Wikimedia presence, not advanced mathematics, educational quality, reader access, or language-wide digital resources. Bot-heavy editions can inflate articles."
cu,1489,25,87568,6120,0,0,0,0,0,0,0,0,0,0,0,0,59.560,,Mon Aug 24 21:45:18 UTC 2026,ACE-E020,53647853ED8A33C487E9D73FDE1CB698304AE47AAC77A7AA99E92214EEECD2D9,"Project counts measure Wikimedia presence, not advanced mathematics, educational quality, reader access, or language-wide digital resources. Bot-heavy editions can inflate articles."
cv,59154,44,875088,123604,36,4,7323,632,0,0,0,0,0,0,0,0,1344.409,,Mon Aug 24 21:45:18 UTC 2026,ACE-E020,53647853ED8A33C487E9D73FDE1CB698304AE47AAC77A7AA99E92214EEECD2D9,"Project counts measure Wikimedia presence, not advanced mathematics, educational quality, reader access, or language-wide digital resources. Bot-heavy editions can inflate articles."
cy,284540,173,15402839,552252,25,4,5173,678,0,0,0,0,16608,27,170893,85153,1644.740,,Mon Aug 24 21:45:18 UTC 2026,ACE-E020,53647853ED8A33C487E9D73FDE1CB698304AE47AAC77A7AA99E92214EEECD2D9,"Project counts measure Wikimedia presence, not advanced mathematics, educational quality, reader access, or language-wide digital resources. Bot-heavy editions can inflate articles."
da,315516,1521,12311600,988470,1340,7,42527,4281,0,0,0,0,3975,21,481179,121897,207.440,,Mon Aug 24 21:45:18 UTC 2026,ACE-E020,53647853ED8A33C487E9D73FDE1CB698304AE47AAC77A7AA99E92214EEECD2D9,"Project counts measure Wikimedia presence, not advanced mathematics, educational quality, reader access, or language-wide digital resources. Bot-heavy editions can inflate articles."
dag,14510,60,146304,25354,0,0,0,0,0,0,0,0,0,0,0,0,241.833,,Mon Aug 24 21:45:18 UTC 2026,ACE-E020,53647853ED8A33C487E9D73FDE1CB698304AE47AAC77A7AA99E92214EEECD2D9,"Project counts measure Wikimedia presence, not advanced mathematics, educational quality, reader access, or language-wide digital resources. Bot-heavy editions can inflate articles."
de,3146191,33047,267545976,8609843,34336,89,1086389,75810,78207,59,1113340,150202,653029,143,5020505,711865,95.204,,Mon Aug 24 21:45:18 UTC 2026,ACE-E020,53647853ED8A33C487E9D73FDE1CB698304AE47AAC77A7AA99E92214EEECD2D9,"Project counts measure Wikimedia presence, not advanced mathematics, educational quality, reader access, or language-wide digital resources. Bot-heavy editions can inflate articles."
dga,3478,26,63978,7253,0,0,0,0,0,0,0,0,0,0,0,0,133.769,,Mon Aug 24 21:45:18 UTC 2026,ACE-E020,53647853ED8A33C487E9D73FDE1CB698304AE47AAC77A7AA99E92214EEECD2D9,"Project counts measure Wikimedia presence, not advanced mathematics, educational quality, reader access, or language-wide digital resources. Bot-heavy editions can inflate articles."
din,339,10,9367,1088,0,0,0,0,0,0,0,0,0,0,0,0,33.900,,Mon Aug 24 21:45:18 UTC 2026,ACE-E020,53647853ED8A33C487E9D73FDE1CB698304AE47AAC77A7AA99E92214EEECD2D9,"Project counts measure Wikimedia presence, not advanced mathematics, educational quality, reader access, or language-wide digital resources. Bot-heavy editions can inflate articles."
diq,42860,97,555690,64525,0,0,0,0,0,0,0,0,0,0,0,0,441.856,,Mon Aug 24 21:45:18 UTC 2026,ACE-E020,53647853ED8A33C487E9D73FDE1CB698304AE47AAC77A7AA99E92214EEECD2D9,"Project counts measure Wikimedia presence, not advanced mathematics, educational quality, reader access, or language-wide digital resources. Bot-heavy editions can inflate articles."
dsb,3448,18,147640,11668,0,0,0,0,0,0,0,0,0,0,0,0,191.556,,Mon Aug 24 21:45:18 UTC 2026,ACE-E020,53647853ED8A33C487E9D73FDE1CB698304AE47AAC77A7AA99E92214EEECD2D9,"Project counts measure Wikimedia presence, not advanced mathematics, educational quality, reader access, or language-wide digital resources. Bot-heavy editions can inflate articles."
dtp,1978,24,24343,7777,0,0,0,0,0,0,0,0,0,0,0,0,82.417,,Mon Aug 24 21:45:18 UTC 2026,ACE-E020,53647853ED8A33C487E9D73FDE1CB698304AE47AAC77A7AA99E92214EEECD2D9,"Project counts measure Wikimedia presence, not advanced mathematics, educational quality, reader access, or language-wide digital resources. Bot-heavy editions can inflate articles."
dty,3759,23,249294,22702,0,0,0,0,0,0,0,0,0,0,0,0,163.435,,Mon Aug 24 21:45:18 UTC 2026,ACE-E020,53647853ED8A33C487E9D73FDE1CB698304AE47AAC77A7AA99E92214EEECD2D9,"Project counts measure Wikimedia presence, not advanced mathematics, educational quality, reader access, or language-wide digital resources. Bot-heavy editions can inflate articles."
dv,3221,25,137612,12504,0,0,0,0,0,0,0,0,0,0,0,0,128.840,,Mon Aug 24 21:45:18 UTC 2026,ACE-E020,53647853ED8A33C487E9D73FDE1CB698304AE47AAC77A7AA99E92214EEECD2D9,"Project counts measure Wikimedia presence, not advanced mathematics, educational quality, reader access, or language-wide digital resources. Bot-heavy editions can inflate articles."
dz,386,20,40058,5871,0,0,0,0,0,0,0,0,0,0,0,0,19.300,,Mon Aug 24 21:45:18 UTC 2026,ACE-E020,53647853ED8A33C487E9D73FDE1CB698304AE47AAC77A7AA99E92214EEECD2D9,"Project counts measure Wikimedia presence, not advanced mathematics, educational quality, reader access, or language-wide digital resources. Bot-heavy editions can inflate articles."
ee,1360,13,61814,4421,0,0,0,0,0,0,0,0,0,0,0,0,104.615,,Mon Aug 24 21:45:18 UTC 2026,ACE-E020,53647853ED8A33C487E9D73FDE1CB698304AE47AAC77A7AA99E92214EEECD2D9,"Project counts measure Wikimedia presence, not advanced mathematics, educational quality, reader access, or language-wide digital resources. Bot-heavy editions can inflate articles."
el,272122,2406,11776895,758794,250,7,57228,3823,432,10,31651,4354,12872,40,167237,46064,113.101,,Mon Aug 24 21:45:18 UTC 2026,ACE-E020,53647853ED8A33C487E9D73FDE1CB698304AE47AAC77A7AA99E92214EEECD2D9,"Project counts measure Wikimedia presence, not advanced mathematics, educational quality, reader access, or language-wide digital resources. Bot-heavy editions can inflate articles."
eml,14289,50,173484,37834,0,0,0,0,0,0,0,0,0,0,0,0,285.780,,Mon Aug 24 21:45:18 UTC 2026,ACE-E020,53647853ED8A33C487E9D73FDE1CB698304AE47AAC77A7AA99E92214EEECD2D9,"Project counts measure Wikimedia presence, not advanced mathematics, educational quality, reader access, or language-wide digital resources. Bot-heavy editions can inflate articles."
en,7229975,252948,1366383460,66142644,98681,372,4490112,296745,37411,376,2793932,244034,1126419,617,16252776,4855094,28.583,,Mon Aug 24 21:45:18 UTC 2026,ACE-E020,53647853ED8A33C487E9D73FDE1CB698304AE47AAC77A7AA99E92214EEECD2D9,"Project counts measure Wikimedia presence, not advanced mathematics, educational quality, reader access, or language-wide digital resources. Bot-heavy editions can inflate articles."
eo,388773,420,9439141,872538,576,6,26616,3337,0,0,0,0,13515,14,126468,40649,925.650,,Mon Aug 24 21:45:18 UTC 2026,ACE-E020,53647853ED8A33C487E9D73FDE1CB698304AE47AAC77A7AA99E92214EEECD2D9,"Project counts measure Wikimedia presence, not advanced mathematics, educational quality, reader access, or language-wide digital resources. Bot-heavy editions can inflate articles."
es,2133404,36434,174548478,8706683,9497,44,431963,39138,2251,27,179683,15590,89768,61,1671907,340852,58.555,,Mon Aug 24 21:45:18 UTC 2026,ACE-E020,53647853ED8A33C487E9D73FDE1CB698304AE47AAC77A7AA99E92214EEECD2D9,"Project counts measure Wikimedia presence, not advanced mathematics, educational quality, reader access, or language-wide digital resources. Bot-heavy editions can inflate articles."
et,261448,900,7213157,617860,134,4,20176,1633,0,0,0,0,3340,6,60184,23249,290.498,,Mon Aug 24 21:45:18 UTC 2026,ACE-E020,53647853ED8A33C487E9D73FDE1CB698304AE47AAC77A7AA99E92214EEECD2D9,"Project counts measure Wikimedia presence, not advanced mathematics, educational quality, reader access, or language-wide digital resources. Bot-heavy editions can inflate articles."
eu,494190,420,11349723,1085865,2246,13,44128,5081,0,0,0,0,1547,6,28973,7045,1176.643,,Mon Aug 24 21:45:18 UTC 2026,ACE-E020,53647853ED8A33C487E9D73FDE1CB698304AE47AAC77A7AA99E92214EEECD2D9,"Project counts measure Wikimedia presence, not advanced mathematics, educational quality, reader access, or language-wide digital resources. Bot-heavy editions can inflate articles."
ext,4256,19,143571,9365,0,0,0,0,0,0,0,0,0,0,0,0,224.000,,Mon Aug 24 21:45:18 UTC 2026,ACE-E020,53647853ED8A33C487E9D73FDE1CB698304AE47AAC77A7AA99E92214EEECD2D9,"Project counts measure Wikimedia presence, not advanced mathematics, educational quality, reader access, or language-wide digital resources. Bot-heavy editions can inflate articles."
fa,1086831,7863,44184523,6086565,3567,22,134624,32910,0,0,0,0,33885,31,297534,84901,138.221,,Mon Aug 24 21:45:18 UTC 2026,ACE-E020,53647853ED8A33C487E9D73FDE1CB698304AE47AAC77A7AA99E92214EEECD2D9,"Project counts measure Wikimedia presence, not advanced mathematics, educational quality, reader access, or language-wide digital resources. Bot-heavy editions can inflate articles."
fat,1801,18,25781,4789,0,0,0,0,0,0,0,0,0,0,0,0,100.056,,Mon Aug 24 21:45:18 UTC 2026,ACE-E020,53647853ED8A33C487E9D73FDE1CB698304AE47AAC77A7AA99E92214EEECD2D9,"Project counts measure Wikimedia presence, not advanced mathematics, educational quality, reader access, or language-wide digital resources. Bot-heavy editions can inflate articles."
ff,21070,36,175846,37201,0,0,0,0,0,0,0,0,0,0,0,0,585.278,,Mon Aug 24 21:45:18 UTC 2026,ACE-E020,53647853ED8A33C487E9D73FDE1CB698304AE47AAC77A7AA99E92214EEECD2D9,"Project counts measure Wikimedia presence, not advanced mathematics, educational quality, reader access, or language-wide digital resources. Bot-heavy editions can inflate articles."
fi,623616,3007,24142400,1592393,5062,25,160067,16051,630,9,51958,3728,13848,13,131052,22278,207.388,,Mon Aug 24 21:45:18 UTC 2026,ACE-E020,53647853ED8A33C487E9D73FDE1CB698304AE47AAC77A7AA99E92214EEECD2D9,"Project counts measure Wikimedia presence, not advanced mathematics, educational quality, reader access, or language-wide digital resources. Bot-heavy editions can inflate articles."
fiu-vro,6910,19,184716,13130,0,0,0,0,0,0,0,0,0,0,0,0,363.684,,Mon Aug 24 21:45:18 UTC 2026,ACE-E020,53647853ED8A33C487E9D73FDE1CB698304AE47AAC77A7AA99E92214EEECD2D9,"Project counts measure Wikimedia presence, not advanced mathematics, educational quality, reader access, or language-wide digital resources. Bot-heavy editions can inflate articles."
fj,1726,16,38813,4566,0,0,0,0,0,0,0,0,0,0,0,0,107.875,,Mon Aug 24 21:45:18 UTC 2026,ACE-E020,53647853ED8A33C487E9D73FDE1CB698304AE47AAC77A7AA99E92214EEECD2D9,"Project counts measure Wikimedia presence, not advanced mathematics, educational quality, reader access, or language-wide digital resources. Bot-heavy editions can inflate articles."
fo,14221,52,388412,41104,0,0,0,0,0,0,0,0,79,5,3844,611,273.481,,Mon Aug 24 21:45:18 UTC 2026,ACE-E020,53647853ED8A33C487E9D73FDE1CB698304AE47AAC77A7AA99E92214EEECD2D9,"Project counts measure Wikimedia presence, not advanced mathematics, educational quality, reader access, or language-wide digital resources. Bot-heavy editions can inflate articles."
fon,5170,34,41173,7505,0,0,0,0,0,0,0,0,0,0,0,0,152.059,,Mon Aug 24 21:45:18 UTC 2026,ACE-E020,53647853ED8A33C487E9D73FDE1CB698304AE47AAC77A7AA99E92214EEECD2D9,"Project counts measure Wikimedia presence, not advanced mathematics, educational quality, reader access, or language-wide digital resources. Bot-heavy editions can inflate articles."
fr,2776107,31957,238447637,14097990,22118,55,770688,60291,17610,58,985467,54926,708004,269,15998045,4800283,86.870,,Mon Aug 24 21:45:18 UTC 2026,ACE-E020,53647853ED8A33C487E9D73FDE1CB698304AE47AAC77A7AA99E92214EEECD2D9,"Project counts measure Wikimedia presence, not advanced mathematics, educational quality, reader access, or language-wide digital resources. Bot-heavy editions can inflate articles."
frp,5840,28,231545,18408,0,0,0,0,0,0,0,0,0,0,0,0,208.571,,Mon Aug 24 21:45:18 UTC 2026,ACE-E020,53647853ED8A33C487E9D73FDE1CB698304AE47AAC77A7AA99E92214EEECD2D9,"Project counts measure Wikimedia presence, not advanced mathematics, educational quality, reader access, or language-wide digital resources. Bot-heavy editions can inflate articles."
frr,21315,30,282207,53094,0,0,0,0,0,0,0,0,0,0,0,0,710.500,,Mon Aug 24 21:45:18 UTC 2026,ACE-E020,53647853ED8A33C487E9D73FDE1CB698304AE47AAC77A7AA99E92214EEECD2D9,"Project counts measure Wikimedia presence, not advanced mathematics, educational quality, reader access, or language-wide digital resources. Bot-heavy editions can inflate articles."
fur,5501,26,185865,11960,0,0,0,0,0,0,0,0,0,0,0,0,211.577,,Mon Aug 24 21:45:18 UTC 2026,ACE-E020,53647853ED8A33C487E9D73FDE1CB698304AE47AAC77A7AA99E92214EEECD2D9,"Project counts measure Wikimedia presence, not advanced mathematics, educational quality, reader access, or language-wide digital resources. Bot-heavy editions can inflate articles."
fy,60579,87,1236978,181294,41,6,5228,615,0,0,0,0,0,0,0,0,696.310,,Mon Aug 24 21:45:18 UTC 2026,ACE-E020,53647853ED8A33C487E9D73FDE1CB698304AE47AAC77A7AA99E92214EEECD2D9,"Project counts measure Wikimedia presence, not advanced mathematics, educational quality, reader access, or language-wide digital resources. Bot-heavy editions can inflate articles."
ga,64317,126,1324191,118070,0,0,4083,71,0,0,0,0,0,0,0,0,510.452,,Mon Aug 24 21:45:18 UTC 2026,ACE-E020,53647853ED8A33C487E9D73FDE1CB698304AE47AAC77A7AA99E92214EEECD2D9,"Project counts measure Wikimedia presence, not advanced mathematics, educational quality, reader access, or language-wide digital resources. Bot-heavy editions can inflate articles."
gag,3008,19,75360,7666,0,0,0,0,0,0,0,0,0,0,0,0,158.316,,Mon Aug 24 21:45:18 UTC 2026,ACE-E020,53647853ED8A33C487E9D73FDE1CB698304AE47AAC77A7AA99E92214EEECD2D9,"Project counts measure Wikimedia presence, not advanced mathematics, educational quality, reader access, or language-wide digital resources. Bot-heavy editions can inflate articles."
gan,6817,35,402102,34494,0,0,0,0,0,0,0,0,0,0,0,0,194.771,,Mon Aug 24 21:45:18 UTC 2026,ACE-E020,53647853ED8A33C487E9D73FDE1CB698304AE47AAC77A7AA99E92214EEECD2D9,"Project counts measure Wikimedia presence, not advanced mathematics, educational quality, reader access, or language-wide digital resources. Bot-heavy editions can inflate articles."
gcr,1077,13,17722,2680,0,0,0,0,0,0,0,0,0,0,0,0,82.846,,Mon Aug 24 21:45:18 UTC 2026,ACE-E020,53647853ED8A33C487E9D73FDE1CB698304AE47AAC77A7AA99E92214EEECD2D9,"Project counts measure Wikimedia presence, not advanced mathematics, educational quality, reader access, or language-wide digital resources. Bot-heavy editions can inflate articles."
gd,16063,39,582549,32907,0,0,0,0,0,0,0,0,0,0,0,0,411.872,,Mon Aug 24 21:45:18 UTC 2026,ACE-E020,53647853ED8A33C487E9D73FDE1CB698304AE47AAC77A7AA99E92214EEECD2D9,"Project counts measure Wikimedia presence, not advanced mathematics, educational quality, reader access, or language-wide digital resources. Bot-heavy editions can inflate articles."
gl,233306,388,7631875,717263,1171,4,20735,3252,0,0,0,0,712,6,21944,3703,601.304,,Mon Aug 24 21:45:18 UTC 2026,ACE-E020,53647853ED8A33C487E9D73FDE1CB698304AE47AAC77A7AA99E92214EEECD2D9,"Project counts measure Wikimedia presence, not advanced mathematics, educational quality, reader access, or language-wide digital resources. Bot-heavy editions can inflate articles."
glk,48310,17,158680,57667,0,0,0,0,0,0,0,0,0,0,0,0,2841.765,,Mon Aug 24 21:45:18 UTC 2026,ACE-E020,53647853ED8A33C487E9D73FDE1CB698304AE47AAC77A7AA99E92214EEECD2D9,"Project counts measure Wikimedia presence, not advanced mathematics, educational quality, reader access, or language-wide digital resources. Bot-heavy editions can inflate articles."
gn,6035,27,138051,14202,0,0,4728,49,0,0,0,0,0,0,0,0,223.519,,Mon Aug 24 21:45:18 UTC 2026,ACE-E020,53647853ED8A33C487E9D73FDE1CB698304AE47AAC77A7AA99E92214EEECD2D9,"Project counts measure Wikimedia presence, not advanced mathematics, educational quality, reader access, or language-wide digital resources. Bot-heavy editions can inflate articles."
gom,3644,14,214406,8931,0,0,0,0,0,0,0,0,0,0,0,0,260.286,,Mon Aug 24 21:45:18 UTC 2026,ACE-E020,53647853ED8A33C487E9D73FDE1CB698304AE47AAC77A7AA99E92214EEECD2D9,"Project counts measure Wikimedia presence, not advanced mathematics, educational quality, reader access, or language-wide digital resources. Bot-heavy editions can inflate articles."
gor,15125,42,68141,25104,0,0,0,0,0,0,0,0,0,0,0,0,360.119,,Mon Aug 24 21:45:18 UTC 2026,ACE-E020,53647853ED8A33C487E9D73FDE1CB698304AE47AAC77A7AA99E92214EEECD2D9,"Project counts measure Wikimedia presence, not advanced mathematics, educational quality, reader access, or language-wide digital resources. Bot-heavy editions can inflate articles."
got,1033,25,49673,4180,4,0,3294,66,0,0,0,0,0,0,0,0,41.320,,Mon Aug 24 21:45:18 UTC 2026,ACE-E020,53647853ED8A33C487E9D73FDE1CB698304AE47AAC77A7AA99E92214EEECD2D9,"Project counts measure Wikimedia presence, not advanced mathematics, educational quality, reader access, or language-wide digital resources. Bot-heavy editions can inflate articles."
gpe,5637,34,110930,29032,0,0,0,0,0,0,0,0,0,0,0,0,165.794,,Mon Aug 24 21:45:18 UTC 2026,ACE-E020,53647853ED8A33C487E9D73FDE1CB698304AE47AAC77A7AA99E92214EEECD2D9,"Project counts measure Wikimedia presence, not advanced mathematics, educational quality, reader access, or language-wide digital resources. Bot-heavy editions can inflate articles."
gu,30908,103,902866,136684,0,0,3638,87,0,0,0,0,65980,15,224186,72267,300.078,,Mon Aug 24 21:45:18 UTC 2026,ACE-E020,53647853ED8A33C487E9D73FDE1CB698304AE47AAC77A7AA99E92214EEECD2D9,"Project counts measure Wikimedia presence, not advanced mathematics, educational quality, reader access, or language-wide digital resources. Bot-heavy editions can inflate articles."
guc,707,23,18667,1409,0,0,0,0,0,0,0,0,0,0,0,0,30.739,,Mon Aug 24 21:45:18 UTC 2026,ACE-E020,53647853ED8A33C487E9D73FDE1CB698304AE47AAC77A7AA99E92214EEECD2D9,"Project counts measure Wikimedia presence, not advanced mathematics, educational quality, reader access, or language-wide digital resources. Bot-heavy editions can inflate articles."
gur,1386,8,23787,2672,0,0,0,0,0,0,0,0,0,0,0,0,173.250,,Mon Aug 24 21:45:18 UTC 2026,ACE-E020,53647853ED8A33C487E9D73FDE1CB698304AE47AAC77A7AA99E92214EEECD2D9,"Project counts measure Wikimedia presence, not advanced mathematics, educational quality, reader access, or language-wide digital resources. Bot-heavy editions can inflate articles."
guw,1698,12,45169,3016,0,0,0,0,0,0,0,0,0,0,0,0,141.500,,Mon Aug 24 21:45:18 UTC 2026,ACE-E020,53647853ED8A33C487E9D73FDE1CB698304AE47AAC77A7AA99E92214EEECD2D9,"Project counts measure Wikimedia presence, not advanced mathematics, educational quality, reader access, or language-wide digital resources. Bot-heavy editions can inflate articles."
gv,7122,31,390500,49581,0,0,0,0,0,0,0,0,0,0,0,0,229.742,,Mon Aug 24 21:45:18 UTC 2026,ACE-E020,53647853ED8A33C487E9D73FDE1CB698304AE47AAC77A7AA99E92214EEECD2D9,"Project counts measure Wikimedia presence, not advanced mathematics, educational quality, reader access, or language-wide digital resources. Bot-heavy editions can inflate articles."
ha,108852,271,907270,154818,0,0,0,0,0,0,0,0,0,0,0,0,401.668,,Mon Aug 24 21:45:18 UTC 2026,ACE-E020,53647853ED8A33C487E9D73FDE1CB698304AE47AAC77A7AA99E92214EEECD2D9,"Project counts measure Wikimedia presence, not advanced mathematics, educational quality, reader access, or language-wide digital resources. Bot-heavy editions can inflate articles."
hak,10489,33,134240,20108,0,0,0,0,0,0,0,0,0,0,0,0,317.848,,Mon Aug 24 21:45:18 UTC 2026,ACE-E020,53647853ED8A33C487E9D73FDE1CB698304AE47AAC77A7AA99E92214EEECD2D9,"Project counts measure Wikimedia presence, not advanced mathematics, educational quality, reader access, or language-wide digital resources. Bot-heavy editions can inflate articles."
haw,2894,21,102977,6267,0,0,0,0,0,0,0,0,0,0,0,0,137.810,,Mon Aug 24 21:45:18 UTC 2026,ACE-E020,53647853ED8A33C487E9D73FDE1CB698304AE47AAC77A7AA99E92214EEECD2D9,"Project counts measure Wikimedia presence, not advanced mathematics, educational quality, reader access, or language-wide digital resources. Bot-heavy editions can inflate articles."
he,403597,6725,43727332,1682841,4784,16,180110,19164,0,0,0,0,261165,114,3077403,1681464,60.014,,Mon Aug 24 21:45:18 UTC 2026,ACE-E020,53647853ED8A33C487E9D73FDE1CB698304AE47AAC77A7AA99E92214EEECD2D9,"Project counts measure Wikimedia presence, not advanced mathematics, educational quality, reader access, or language-wide digital resources. Bot-heavy editions can inflate articles."
hi,170977,982,6588199,1392193,1283,15,83177,6752,335,9,24822,4039,6050,51,651577,188154,174.111,,Mon Aug 24 21:45:18 UTC 2026,ACE-E020,53647853ED8A33C487E9D73FDE1CB698304AE47AAC77A7AA99E92214EEECD2D9,"Project counts measure Wikimedia presence, not advanced mathematics, educational quality, reader access, or language-wide digital resources. Bot-heavy editions can inflate articles."
hif,12451,50,337208,57475,0,0,0,0,0,0,0,0,0,0,0,0,249.020,,Mon Aug 24 21:45:18 UTC 2026,ACE-E020,53647853ED8A33C487E9D73FDE1CB698304AE47AAC77A7AA99E92214EEECD2D9,"Project counts measure Wikimedia presence, not advanced mathematics, educational quality, reader access, or language-wide digital resources. Bot-heavy editions can inflate articles."
ho,3,0,3789,130,0,0,0,0,0,0,0,0,0,0,0,0,,,Mon Aug 24 21:45:18 UTC 2026,ACE-E020,53647853ED8A33C487E9D73FDE1CB698304AE47AAC77A7AA99E92214EEECD2D9,"Project counts measure Wikimedia presence, not advanced mathematics, educational quality, reader access, or language-wide digital resources. Bot-heavy editions can inflate articles."
hr,235134,944,7571291,511099,979,7,21516,3647,0,0,0,0,9623,11,63425,15771,249.083,,Mon Aug 24 21:45:18 UTC 2026,ACE-E020,53647853ED8A33C487E9D73FDE1CB698304AE47AAC77A7AA99E92214EEECD2D9,"Project counts measure Wikimedia presence, not advanced mathematics, educational quality, reader access, or language-wide digital resources. Bot-heavy editions can inflate articles."
hsb,14289,34,391094,36563,0,0,0,0,0,0,0,0,0,0,0,0,420.265,,Mon Aug 24 21:45:18 UTC 2026,ACE-E020,53647853ED8A33C487E9D73FDE1CB698304AE47AAC77A7AA99E92214EEECD2D9,"Project counts measure Wikimedia presence, not advanced mathematics, educational quality, reader access, or language-wide digital resources. Bot-heavy editions can inflate articles."
ht,72095,69,886499,93661,0,0,0,0,0,0,0,0,12,0,2085,117,1044.855,,Mon Aug 24 21:45:18 UTC 2026,ACE-E020,53647853ED8A33C487E9D73FDE1CB698304AE47AAC77A7AA99E92214EEECD2D9,"Project counts measure Wikimedia presence, not advanced mathematics, educational quality, reader access, or language-wide digital resources. Bot-heavy editions can inflate articles."
hu,572938,2624,29238678,1628064,48101,16,557665,110303,0,0,0,0,21822,10,103605,39120,218.345,,Mon Aug 24 21:45:18 UTC 2026,ACE-E020,53647853ED8A33C487E9D73FDE1CB698304AE47AAC77A7AA99E92214EEECD2D9,"Project counts measure Wikimedia presence, not advanced mathematics, educational quality, reader access, or language-wide digital resources. Bot-heavy editions can inflate articles."
hy,331339,644,10876854,1210463,77,6,10875,1790,0,0,0,0,36165,20,393930,146682,514.502,,Mon Aug 24 21:45:18 UTC 2026,ACE-E020,53647853ED8A33C487E9D73FDE1CB698304AE47AAC77A7AA99E92214EEECD2D9,"Project counts measure Wikimedia presence, not advanced mathematics, educational quality, reader access, or language-wide digital resources. Bot-heavy editions can inflate articles."
hyw,14155,39,242606,30745,0,0,0,0,0,0,0,0,0,0,0,0,362.949,,Mon Aug 24 21:45:18 UTC 2026,ACE-E020,53647853ED8A33C487E9D73FDE1CB698304AE47AAC77A7AA99E92214EEECD2D9,"Project counts measure Wikimedia presence, not advanced mathematics, educational quality, reader access, or language-wide digital resources. Bot-heavy editions can inflate articles."
hz,0,1,4486,176,0,0,0,0,0,0,0,0,0,0,0,0,0.000,,Mon Aug 24 21:45:18 UTC 2026,ACE-E020,53647853ED8A33C487E9D73FDE1CB698304AE47AAC77A7AA99E92214EEECD2D9,"Project counts measure Wikimedia presence, not advanced mathematics, educational quality, reader access, or language-wide digital resources. Bot-heavy editions can inflate articles."
ia,30536,50,695033,46749,104,7,6151,730,0,0,0,0,0,0,0,0,610.720,,Mon Aug 24 21:45:18 UTC 2026,ACE-E020,53647853ED8A33C487E9D73FDE1CB698304AE47AAC77A7AA99E92214EEECD2D9,"Project counts measure Wikimedia presence, not advanced mathematics, educational quality, reader access, or language-wide digital resources. Bot-heavy editions can inflate articles."
iba,2516,23,19673,6790,0,0,0,0,0,0,0,0,0,0,0,0,109.391,,Mon Aug 24 21:45:18 UTC 2026,ACE-E020,53647853ED8A33C487E9D73FDE1CB698304AE47AAC77A7AA99E92214EEECD2D9,"Project counts measure Wikimedia presence, not advanced mathematics, educational quality, reader access, or language-wide digital resources. Bot-heavy editions can inflate articles."
id,792764,4612,29603358,4241696,5588,72,118094,21737,0,0,0,0,14028,73,315615,105977,171.892,,Mon Aug 24 21:45:18 UTC 2026,ACE-E020,53647853ED8A33C487E9D73FDE1CB698304AE47AAC77A7AA99E92214EEECD2D9,"Project counts measure Wikimedia presence, not advanced mathematics, educational quality, reader access, or language-wide digital resources. Bot-heavy editions can inflate articles."
ie,13754,35,168674,18057,41,1,5139,559,0,0,0,0,0,0,0,0,392.971,,Mon Aug 24 21:45:18 UTC 2026,ACE-E020,53647853ED8A33C487E9D73FDE1CB698304AE47AAC77A7AA99E92214EEECD2D9,"Project counts measure Wikimedia presence, not advanced mathematics, educational quality, reader access, or language-wide digital resources. Bot-heavy editions can inflate articles."
ig,48249,98,451187,66729,0,0,0,0,0,0,0,0,0,0,0,0,492.337,,Mon Aug 24 21:45:18 UTC 2026,ACE-E020,53647853ED8A33C487E9D73FDE1CB698304AE47AAC77A7AA99E92214EEECD2D9,"Project counts measure Wikimedia presence, not advanced mathematics, educational quality, reader access, or language-wide digital resources. Bot-heavy editions can inflate articles."
igl,1673,19,38938,2188,0,0,0,0,0,0,0,0,0,0,0,0,88.053,,Mon Aug 24 21:45:18 UTC 2026,ACE-E020,53647853ED8A33C487E9D73FDE1CB698304AE47AAC77A7AA99E92214EEECD2D9,"Project counts measure Wikimedia presence, not advanced mathematics, educational quality, reader access, or language-wide digital resources. Bot-heavy editions can inflate articles."
ii,3,0,11657,188,0,0,0,0,0,0,0,0,0,0,0,0,,,Mon Aug 24 21:45:18 UTC 2026,ACE-E020,53647853ED8A33C487E9D73FDE1CB698304AE47AAC77A7AA99E92214EEECD2D9,"Project counts measure Wikimedia presence, not advanced mathematics, educational quality, reader access, or language-wide digital resources. Bot-heavy editions can inflate articles."
ik,597,13,40558,2678,0,0,0,0,0,0,0,0,0,0,0,0,45.923,,Mon Aug 24 21:45:18 UTC 2026,ACE-E020,53647853ED8A33C487E9D73FDE1CB698304AE47AAC77A7AA99E92214EEECD2D9,"Project counts measure Wikimedia presence, not advanced mathematics, educational quality, reader access, or language-wide digital resources. Bot-heavy editions can inflate articles."
ilo,15527,28,406502,70744,0,0,0,0,0,0,0,0,0,0,0,0,554.536,,Mon Aug 24 21:45:18 UTC 2026,ACE-E020,53647853ED8A33C487E9D73FDE1CB698304AE47AAC77A7AA99E92214EEECD2D9,"Project counts measure Wikimedia presence, not advanced mathematics, educational quality, reader access, or language-wide digital resources. Bot-heavy editions can inflate articles."
inh,2559,14,75023,17574,0,0,0,0,0,0,0,0,0,0,0,0,182.786,,Mon Aug 24 21:45:18 UTC 2026,ACE-E020,53647853ED8A33C487E9D73FDE1CB698304AE47AAC77A7AA99E92214EEECD2D9,"Project counts measure Wikimedia presence, not advanced mathematics, educational quality, reader access, or language-wide digital resources. Bot-heavy editions can inflate articles."
io,63858,55,1128374,109921,0,0,0,0,0,0,0,0,0,0,0,0,1161.055,,Mon Aug 24 21:45:18 UTC 2026,ACE-E020,53647853ED8A33C487E9D73FDE1CB698304AE47AAC77A7AA99E92214EEECD2D9,"Project counts measure Wikimedia presence, not advanced mathematics, educational quality, reader access, or language-wide digital resources. Bot-heavy editions can inflate articles."
is,61032,207,1971744,161179,509,5,35203,3183,0,0,0,0,4758,7,30071,6412,294.841,,Mon Aug 24 21:45:18 UTC 2026,ACE-E020,53647853ED8A33C487E9D73FDE1CB698304AE47AAC77A7AA99E92214EEECD2D9,"Project counts measure Wikimedia presence, not advanced mathematics, educational quality, reader access, or language-wide digital resources. Bot-heavy editions can inflate articles."
isv,1652,55,45666,5931,0,0,0,0,0,0,0,0,0,0,0,0,30.036,,Mon Aug 24 21:45:18 UTC 2026,ACE-E020,53647853ED8A33C487E9D73FDE1CB698304AE47AAC77A7AA99E92214EEECD2D9,"Project counts measure Wikimedia presence, not advanced mathematics, educational quality, reader access, or language-wide digital resources. Bot-heavy editions can inflate articles."
it,1983577,24880,151870475,8922038,18868,67,500812,39363,5408,46,286705,28507,222386,68,3875060,875350,79.726,,Mon Aug 24 21:45:18 UTC 2026,ACE-E020,53647853ED8A33C487E9D73FDE1CB698304AE47AAC77A7AA99E92214EEECD2D9,"Project counts measure Wikimedia presence, not advanced mathematics, educational quality, reader access, or language-wide digital resources. Bot-heavy editions can inflate articles."
iu,425,29,48921,3007,0,0,0,0,0,0,0,0,0,0,0,0,14.655,,Mon Aug 24 21:45:18 UTC 2026,ACE-E020,53647853ED8A33C487E9D73FDE1CB698304AE47AAC77A7AA99E92214EEECD2D9,"Project counts measure Wikimedia presence, not advanced mathematics, educational quality, reader access, or language-wide digital resources. Bot-heavy editions can inflate articles."
ja,1515268,23840,110558867,4446878,17795,63,302037,33954,233,32,23181,3412,18591,52,245306,49325,63.560,,Mon Aug 24 21:45:18 UTC 2026,ACE-E020,53647853ED8A33C487E9D73FDE1CB698304AE47AAC77A7AA99E92214EEECD2D9,"Project counts measure Wikimedia presence, not advanced mathematics, educational quality, reader access, or language-wide digital resources. Bot-heavy editions can inflate articles."
jam,1719,15,22866,3126,0,0,0,0,0,0,0,0,0,0,0,0,114.600,,Mon Aug 24 21:45:18 UTC 2026,ACE-E020,53647853ED8A33C487E9D73FDE1CB698304AE47AAC77A7AA99E92214EEECD2D9,"Project counts measure Wikimedia presence, not advanced mathematics, educational quality, reader access, or language-wide digital resources. Bot-heavy editions can inflate articles."
jbo,1359,22,115144,6771,0,0,0,0,0,0,0,0,0,0,0,0,61.773,,Mon Aug 24 21:45:18 UTC 2026,ACE-E020,53647853ED8A33C487E9D73FDE1CB698304AE47AAC77A7AA99E92214EEECD2D9,"Project counts measure Wikimedia presence, not advanced mathematics, educational quality, reader access, or language-wide digital resources. Bot-heavy editions can inflate articles."
jv,75455,125,1752300,186788,0,0,0,0,0,0,0,0,3294,25,82583,26295,603.640,,Mon Aug 24 21:45:18 UTC 2026,ACE-E020,53647853ED8A33C487E9D73FDE1CB698304AE47AAC77A7AA99E92214EEECD2D9,"Project counts measure Wikimedia presence, not advanced mathematics, educational quality, reader access, or language-wide digital resources. Bot-heavy editions can inflate articles."
ka,198309,360,5480219,814702,299,5,19142,5219,0,0,0,0,7018,5,78404,8247,550.858,,Mon Aug 24 21:45:18 UTC 2026,ACE-E020,53647853ED8A33C487E9D73FDE1CB698304AE47AAC77A7AA99E92214EEECD2D9,"Project counts measure Wikimedia presence, not advanced mathematics, educational quality, reader access, or language-wide digital resources. Bot-heavy editions can inflate articles."
kaa,15503,38,266279,44080,0,0,0,0,0,0,0,0,0,0,0,0,407.974,,Mon Aug 24 21:45:18 UTC 2026,ACE-E020,53647853ED8A33C487E9D73FDE1CB698304AE47AAC77A7AA99E92214EEECD2D9,"Project counts measure Wikimedia presence, not advanced mathematics, educational quality, reader access, or language-wide digital resources. Bot-heavy editions can inflate articles."
kab,7164,19,117064,18219,0,0,0,0,0,0,0,0,0,0,0,0,377.053,,Mon Aug 24 21:45:18 UTC 2026,ACE-E020,53647853ED8A33C487E9D73FDE1CB698304AE47AAC77A7AA99E92214EEECD2D9,"Project counts measure Wikimedia presence, not advanced mathematics, educational quality, reader access, or language-wide digital resources. Bot-heavy editions can inflate articles."
kai,1740,9,13945,4080,0,0,0,0,0,0,0,0,0,0,0,0,193.333,,Mon Aug 24 21:45:18 UTC 2026,ACE-E020,53647853ED8A33C487E9D73FDE1CB698304AE47AAC77A7AA99E92214EEECD2D9,"Project counts measure Wikimedia presence, not advanced mathematics, educational quality, reader access, or language-wide digital resources. Bot-heavy editions can inflate articles."
kaj,299,13,24344,1174,0,0,0,0,0,0,0,0,0,0,0,0,23.000,,Mon Aug 24 21:45:18 UTC 2026,ACE-E020,53647853ED8A33C487E9D73FDE1CB698304AE47AAC77A7AA99E92214EEECD2D9,"Project counts measure Wikimedia presence, not advanced mathematics, educational quality, reader access, or language-wide digital resources. Bot-heavy editions can inflate articles."
kbd,1674,17,48852,7141,0,0,0,0,0,0,0,0,0,0,0,0,98.471,,Mon Aug 24 21:45:18 UTC 2026,ACE-E020,53647853ED8A33C487E9D73FDE1CB698304AE47AAC77A7AA99E92214EEECD2D9,"Project counts measure Wikimedia presence, not advanced mathematics, educational quality, reader access, or language-wide digital resources. Bot-heavy editions can inflate articles."
kbp,1715,9,18644,3456,0,0,0,0,0,0,0,0,0,0,0,0,190.556,,Mon Aug 24 21:45:18 UTC 2026,ACE-E020,53647853ED8A33C487E9D73FDE1CB698304AE47AAC77A7AA99E92214EEECD2D9,"Project counts measure Wikimedia presence, not advanced mathematics, educational quality, reader access, or language-wide digital resources. Bot-heavy editions can inflate articles."
kcg,1957,27,49282,7653,0,0,0,0,0,0,0,0,0,0,0,0,72.481,,Mon Aug 24 21:45:18 UTC 2026,ACE-E020,53647853ED8A33C487E9D73FDE1CB698304AE47AAC77A7AA99E92214EEECD2D9,"Project counts measure Wikimedia presence, not advanced mathematics, educational quality, reader access, or language-wide digital resources. Bot-heavy editions can inflate articles."
kg,2019,18,52941,4506,0,0,0,0,0,0,0,0,0,0,0,0,112.167,,Mon Aug 24 21:45:18 UTC 2026,ACE-E020,53647853ED8A33C487E9D73FDE1CB698304AE47AAC77A7AA99E92214EEECD2D9,"Project counts measure Wikimedia presence, not advanced mathematics, educational quality, reader access, or language-wide digital resources. Bot-heavy editions can inflate articles."
kge,2909,10,32075,4671,0,0,0,0,0,0,0,0,0,0,0,0,290.900,,Mon Aug 24 21:45:18 UTC 2026,ACE-E020,53647853ED8A33C487E9D73FDE1CB698304AE47AAC77A7AA99E92214EEECD2D9,"Project counts measure Wikimedia presence, not advanced mathematics, educational quality, reader access, or language-wide digital resources. Bot-heavy editions can inflate articles."
ki,2640,12,24118,4469,0,0,0,0,0,0,0,0,0,0,0,0,220.000,,Mon Aug 24 21:45:18 UTC 2026,ACE-E020,53647853ED8A33C487E9D73FDE1CB698304AE47AAC77A7AA99E92214EEECD2D9,"Project counts measure Wikimedia presence, not advanced mathematics, educational quality, reader access, or language-wide digital resources. Bot-heavy editions can inflate articles."
kj,4,0,3551,115,0,0,0,0,0,0,0,0,0,0,0,0,,,Mon Aug 24 21:45:18 UTC 2026,ACE-E020,53647853ED8A33C487E9D73FDE1CB698304AE47AAC77A7AA99E92214EEECD2D9,"Project counts measure Wikimedia presence, not advanced mathematics, educational quality, reader access, or language-wide digital resources. Bot-heavy editions can inflate articles."
kk,244857,384,3642879,670439,162,5,9750,1609,0,0,0,0,0,0,0,0,637.648,,Mon Aug 24 21:45:18 UTC 2026,ACE-E020,53647853ED8A33C487E9D73FDE1CB698304AE47AAC77A7AA99E92214EEECD2D9,"Project counts measure Wikimedia presence, not advanced mathematics, educational quality, reader access, or language-wide digital resources. Bot-heavy editions can inflate articles."
kl,0,5,76464,1293,0,0,0,0,0,0,0,0,0,0,0,0,0.000,,Mon Aug 24 21:45:18 UTC 2026,ACE-E020,53647853ED8A33C487E9D73FDE1CB698304AE47AAC77A7AA99E92214EEECD2D9,"Project counts measure Wikimedia presence, not advanced mathematics, educational quality, reader access, or language-wide digital resources. Bot-heavy editions can inflate articles."
km,12802,112,339295,38092,183,5,9920,1027,0,0,0,0,0,0,0,0,114.304,,Mon Aug 24 21:45:18 UTC 2026,ACE-E020,53647853ED8A33C487E9D73FDE1CB698304AE47AAC77A7AA99E92214EEECD2D9,"Project counts measure Wikimedia presence, not advanced mathematics, educational quality, reader access, or language-wide digital resources. Bot-heavy editions can inflate articles."
kn,35662,157,1379226,161244,2,0,3767,158,0,0,0,0,1556,20,315070,112703,227.146,,Mon Aug 24 21:45:18 UTC 2026,ACE-E020,53647853ED8A33C487E9D73FDE1CB698304AE47AAC77A7AA99E92214EEECD2D9,"Project counts measure Wikimedia presence, not advanced mathematics, educational quality, reader access, or language-wide digital resources. Bot-heavy editions can inflate articles."
knc,2076,17,29882,3018,0,0,0,0,0,0,0,0,0,0,0,0,122.118,,Mon Aug 24 21:45:18 UTC 2026,ACE-E020,53647853ED8A33C487E9D73FDE1CB698304AE47AAC77A7AA99E92214EEECD2D9,"Project counts measure Wikimedia presence, not advanced mathematics, educational quality, reader access, or language-wide digital resources. Bot-heavy editions can inflate articles."
ko,760404,5245,42300101,3591595,1340,14,47837,7237,316,10,36411,3240,25470,41,458532,89967,144.977,,Mon Aug 24 21:45:18 UTC 2026,ACE-E020,53647853ED8A33C487E9D73FDE1CB698304AE47AAC77A7AA99E92214EEECD2D9,"Project counts measure Wikimedia presence, not advanced mathematics, educational quality, reader access, or language-wide digital resources. Bot-heavy editions can inflate articles."
koi,3471,13,64157,13985,0,0,0,0,0,0,0,0,0,0,0,0,267.000,,Mon Aug 24 21:45:18 UTC 2026,ACE-E020,53647853ED8A33C487E9D73FDE1CB698304AE47AAC77A7AA99E92214EEECD2D9,"Project counts measure Wikimedia presence, not advanced mathematics, educational quality, reader access, or language-wide digital resources. Bot-heavy editions can inflate articles."
kr,0,1,4644,163,0,0,0,0,0,0,0,0,0,0,0,0,0.000,,Mon Aug 24 21:45:18 UTC 2026,ACE-E020,53647853ED8A33C487E9D73FDE1CB698304AE47AAC77A7AA99E92214EEECD2D9,"Project counts measure Wikimedia presence, not advanced mathematics, educational quality, reader access, or language-wide digital resources. Bot-heavy editions can inflate articles."
krc,2931,17,125569,17771,0,0,0,0,0,0,0,0,0,0,0,0,172.412,,Mon Aug 24 21:45:18 UTC 2026,ACE-E020,53647853ED8A33C487E9D73FDE1CB698304AE47AAC77A7AA99E92214EEECD2D9,"Project counts measure Wikimedia presence, not advanced mathematics, educational quality, reader access, or language-wide digital resources. Bot-heavy editions can inflate articles."
ks,11544,28,150300,27097,0,0,3453,65,0,0,0,0,0,0,0,0,412.286,,Mon Aug 24 21:45:18 UTC 2026,ACE-E020,53647853ED8A33C487E9D73FDE1CB698304AE47AAC77A7AA99E92214EEECD2D9,"Project counts measure Wikimedia presence, not advanced mathematics, educational quality, reader access, or language-wide digital resources. Bot-heavy editions can inflate articles."
ksh,3038,12,1610380,10813,0,0,0,0,0,0,0,0,0,0,0,0,253.167,,Mon Aug 24 21:45:18 UTC 2026,ACE-E020,53647853ED8A33C487E9D73FDE1CB698304AE47AAC77A7AA99E92214EEECD2D9,"Project counts measure Wikimedia presence, not advanced mathematics, educational quality, reader access, or language-wide digital resources. Bot-heavy editions can inflate articles."
ku,91970,140,2085391,302151,45,5,6928,600,0,0,0,0,0,0,0,0,656.929,,Mon Aug 24 21:45:18 UTC 2026,ACE-E020,53647853ED8A33C487E9D73FDE1CB698304AE47AAC77A7AA99E92214EEECD2D9,"Project counts measure Wikimedia presence, not advanced mathematics, educational quality, reader access, or language-wide digital resources. Bot-heavy editions can inflate articles."
kus,1380,11,17134,2091,0,0,0,0,0,0,0,0,0,0,0,0,125.455,,Mon Aug 24 21:45:18 UTC 2026,ACE-E020,53647853ED8A33C487E9D73FDE1CB698304AE47AAC77A7AA99E92214EEECD2D9,"Project counts measure Wikimedia presence, not advanced mathematics, educational quality, reader access, or language-wide digital resources. Bot-heavy editions can inflate articles."
kv,5821,23,148960,20298,0,0,0,0,0,0,0,0,0,0,0,0,253.087,,Mon Aug 24 21:45:18 UTC 2026,ACE-E020,53647853ED8A33C487E9D73FDE1CB698304AE47AAC77A7AA99E92214EEECD2D9,"Project counts measure Wikimedia presence, not advanced mathematics, educational quality, reader access, or language-wide digital resources. Bot-heavy editions can inflate articles."
kw,7278,29,228387,15180,0,0,0,0,0,0,0,0,0,0,0,0,250.966,,Mon Aug 24 21:45:18 UTC 2026,ACE-E020,53647853ED8A33C487E9D73FDE1CB698304AE47AAC77A7AA99E92214EEECD2D9,"Project counts measure Wikimedia presence, not advanced mathematics, educational quality, reader access, or language-wide digital resources. Bot-heavy editions can inflate articles."
ky,76526,100,651261,125660,0,3,5202,472,0,0,0,0,0,0,0,0,765.260,,Mon Aug 24 21:45:18 UTC 2026,ACE-E020,53647853ED8A33C487E9D73FDE1CB698304AE47AAC77A7AA99E92214EEECD2D9,"Project counts measure Wikimedia presence, not advanced mathematics, educational quality, reader access, or language-wide digital resources. Bot-heavy editions can inflate articles."
la,142200,189,3973991,296359,207,5,10870,1425,0,0,0,0,21332,46,277309,81739,752.381,,Mon Aug 24 21:45:18 UTC 2026,ACE-E020,53647853ED8A33C487E9D73FDE1CB698304AE47AAC77A7AA99E92214EEECD2D9,"Project counts measure Wikimedia presence, not advanced mathematics, educational quality, reader access, or language-wide digital resources. Bot-heavy editions can inflate articles."
lad,4089,27,216667,12868,0,0,0,0,0,0,0,0,0,0,0,0,151.444,,Mon Aug 24 21:45:18 UTC 2026,ACE-E020,53647853ED8A33C487E9D73FDE1CB698304AE47AAC77A7AA99E92214EEECD2D9,"Project counts measure Wikimedia presence, not advanced mathematics, educational quality, reader access, or language-wide digital resources. Bot-heavy editions can inflate articles."
lb,67842,124,2698804,143596,0,1,3564,133,0,0,0,0,0,0,0,0,547.113,,Mon Aug 24 21:45:18 UTC 2026,ACE-E020,53647853ED8A33C487E9D73FDE1CB698304AE47AAC77A7AA99E92214EEECD2D9,"Project counts measure Wikimedia presence, not advanced mathematics, educational quality, reader access, or language-wide digital resources. Bot-heavy editions can inflate articles."
lbe,1053,9,55453,16242,0,0,0,0,0,0,0,0,0,0,0,0,117.000,,Mon Aug 24 21:45:18 UTC 2026,ACE-E020,53647853ED8A33C487E9D73FDE1CB698304AE47AAC77A7AA99E92214EEECD2D9,"Project counts measure Wikimedia presence, not advanced mathematics, educational quality, reader access, or language-wide digital resources. Bot-heavy editions can inflate articles."
lez,4496,20,99093,15320,0,0,0,0,0,0,0,0,0,0,0,0,224.800,,Mon Aug 24 21:45:18 UTC 2026,ACE-E020,53647853ED8A33C487E9D73FDE1CB698304AE47AAC77A7AA99E92214EEECD2D9,"Project counts measure Wikimedia presence, not advanced mathematics, educational quality, reader access, or language-wide digital resources. Bot-heavy editions can inflate articles."
lfn,4682,24,43464,7474,0,0,0,0,0,0,0,0,0,0,0,0,195.083,,Mon Aug 24 21:45:18 UTC 2026,ACE-E020,53647853ED8A33C487E9D73FDE1CB698304AE47AAC77A7AA99E92214EEECD2D9,"Project counts measure Wikimedia presence, not advanced mathematics, educational quality, reader access, or language-wide digital resources. Bot-heavy editions can inflate articles."
lg,5732,60,70681,11694,0,0,0,0,0,0,0,0,0,0,0,0,95.533,,Mon Aug 24 21:45:18 UTC 2026,ACE-E020,53647853ED8A33C487E9D73FDE1CB698304AE47AAC77A7AA99E92214EEECD2D9,"Project counts measure Wikimedia presence, not advanced mathematics, educational quality, reader access, or language-wide digital resources. Bot-heavy editions can inflate articles."
li,15219,30,485639,68838,240,4,3208,1188,0,0,0,0,1885,6,7314,3370,507.300,,Mon Aug 24 21:45:18 UTC 2026,ACE-E020,53647853ED8A33C487E9D73FDE1CB698304AE47AAC77A7AA99E92214EEECD2D9,"Project counts measure Wikimedia presence, not advanced mathematics, educational quality, reader access, or language-wide digital resources. Bot-heavy editions can inflate articles."
lij,11597,29,273057,28593,0,0,0,0,0,0,0,0,4395,14,47793,16874,399.897,,Mon Aug 24 21:45:18 UTC 2026,ACE-E020,53647853ED8A33C487E9D73FDE1CB698304AE47AAC77A7AA99E92214EEECD2D9,"Project counts measure Wikimedia presence, not advanced mathematics, educational quality, reader access, or language-wide digital resources. Bot-heavy editions can inflate articles."
lld,183216,42,252821,191083,0,0,0,0,0,0,0,0,0,0,0,0,4362.286,,Mon Aug 24 21:45:18 UTC 2026,ACE-E020,53647853ED8A33C487E9D73FDE1CB698304AE47AAC77A7AA99E92214EEECD2D9,"Project counts measure Wikimedia presence, not advanced mathematics, educational quality, reader access, or language-wide digital resources. Bot-heavy editions can inflate articles."
lmo,80240,57,1332229,153612,0,0,0,0,0,0,0,0,0,0,0,0,1407.719,,Mon Aug 24 21:45:18 UTC 2026,ACE-E020,53647853ED8A33C487E9D73FDE1CB698304AE47AAC77A7AA99E92214EEECD2D9,"Project counts measure Wikimedia presence, not advanced mathematics, educational quality, reader access, or language-wide digital resources. Bot-heavy editions can inflate articles."
ln,5253,28,135573,11982,0,0,3495,89,0,0,0,0,0,0,0,0,187.607,,Mon Aug 24 21:45:18 UTC 2026,ACE-E020,53647853ED8A33C487E9D73FDE1CB698304AE47AAC77A7AA99E92214EEECD2D9,"Project counts measure Wikimedia presence, not advanced mathematics, educational quality, reader access, or language-wide digital resources. Bot-heavy editions can inflate articles."
lo,5607,52,130346,16642,0,0,0,0,0,0,0,0,0,0,0,0,107.827,,Mon Aug 24 21:45:18 UTC 2026,ACE-E020,53647853ED8A33C487E9D73FDE1CB698304AE47AAC77A7AA99E92214EEECD2D9,"Project counts measure Wikimedia presence, not advanced mathematics, educational quality, reader access, or language-wide digital resources. Bot-heavy editions can inflate articles."
lrc,1,3,140079,240,0,0,0,0,0,0,0,0,0,0,0,0,0.333,,Mon Aug 24 21:45:18 UTC 2026,ACE-E020,53647853ED8A33C487E9D73FDE1CB698304AE47AAC77A7AA99E92214EEECD2D9,"Project counts measure Wikimedia presence, not advanced mathematics, educational quality, reader access, or language-wide digital resources. Bot-heavy editions can inflate articles."
lt,226646,555,7897504,567022,3571,6,58902,9023,0,0,0,0,1802,8,12857,3204,408.371,,Mon Aug 24 21:45:18 UTC 2026,ACE-E020,53647853ED8A33C487E9D73FDE1CB698304AE47AAC77A7AA99E92214EEECD2D9,"Project counts measure Wikimedia presence, not advanced mathematics, educational quality, reader access, or language-wide digital resources. Bot-heavy editions can inflate articles."
ltg,1156,11,38044,3322,0,0,0,0,0,0,0,0,0,0,0,0,105.091,,Mon Aug 24 21:45:18 UTC 2026,ACE-E020,53647853ED8A33C487E9D73FDE1CB698304AE47AAC77A7AA99E92214EEECD2D9,"Project counts measure Wikimedia presence, not advanced mathematics, educational quality, reader access, or language-wide digital resources. Bot-heavy editions can inflate articles."
lv,145206,426,4504928,577972,82,0,4799,362,0,0,0,0,0,0,0,0,340.859,,Mon Aug 24 21:45:18 UTC 2026,ACE-E020,53647853ED8A33C487E9D73FDE1CB698304AE47AAC77A7AA99E92214EEECD2D9,"Project counts measure Wikimedia presence, not advanced mathematics, educational quality, reader access, or language-wide digital resources. Bot-heavy editions can inflate articles."
mad,5426,55,59357,16134,0,0,0,0,0,0,0,0,207,6,4471,1164,98.655,,Mon Aug 24 21:45:18 UTC 2026,ACE-E020,53647853ED8A33C487E9D73FDE1CB698304AE47AAC77A7AA99E92214EEECD2D9,"Project counts measure Wikimedia presence, not advanced mathematics, educational quality, reader access, or language-wide digital resources. Bot-heavy editions can inflate articles."
mag,3663,12,71588,17130,0,0,0,0,0,0,0,0,0,0,0,0,305.250,,Mon Aug 24 21:45:18 UTC 2026,ACE-E020,53647853ED8A33C487E9D73FDE1CB698304AE47AAC77A7AA99E92214EEECD2D9,"Project counts measure Wikimedia presence, not advanced mathematics, educational quality, reader access, or language-wide digital resources. Bot-heavy editions can inflate articles."
mai,14360,49,276010,46134,0,0,0,0,0,0,0,0,0,0,0,0,293.061,,Mon Aug 24 21:45:18 UTC 2026,ACE-E020,53647853ED8A33C487E9D73FDE1CB698304AE47AAC77A7AA99E92214EEECD2D9,"Project counts measure Wikimedia presence, not advanced mathematics, educational quality, reader access, or language-wide digital resources. Bot-heavy editions can inflate articles."
map-bms,13975,22,222322,30403,0,0,0,0,0,0,0,0,0,0,0,0,635.227,,Mon Aug 24 21:45:18 UTC 2026,ACE-E020,53647853ED8A33C487E9D73FDE1CB698304AE47AAC77A7AA99E92214EEECD2D9,"Project counts measure Wikimedia presence, not advanced mathematics, educational quality, reader access, or language-wide digital resources. Bot-heavy editions can inflate articles."
mdf,7629,18,103734,24125,0,0,0,0,0,0,0,0,0,0,0,0,423.833,,Mon Aug 24 21:45:18 UTC 2026,ACE-E020,53647853ED8A33C487E9D73FDE1CB698304AE47AAC77A7AA99E92214EEECD2D9,"Project counts measure Wikimedia presence, not advanced mathematics, educational quality, reader access, or language-wide digital resources. Bot-heavy editions can inflate articles."
mg,103635,96,1148515,262847,39,5,5063,542,0,0,0,0,0,0,0,0,1079.531,,Mon Aug 24 21:45:18 UTC 2026,ACE-E020,53647853ED8A33C487E9D73FDE1CB698304AE47AAC77A7AA99E92214EEECD2D9,"Project counts measure Wikimedia presence, not advanced mathematics, educational quality, reader access, or language-wide digital resources. Bot-heavy editions can inflate articles."
mh,4,1,4215,207,0,0,0,0,0,0,0,0,0,0,0,0,4.000,,Mon Aug 24 21:45:18 UTC 2026,ACE-E020,53647853ED8A33C487E9D73FDE1CB698304AE47AAC77A7AA99E92214EEECD2D9,"Project counts measure Wikimedia presence, not advanced mathematics, educational quality, reader access, or language-wide digital resources. Bot-heavy editions can inflate articles."
mhr,11326,20,203272,31836,0,0,0,0,0,0,0,0,0,0,0,0,566.300,,Mon Aug 24 21:45:18 UTC 2026,ACE-E020,53647853ED8A33C487E9D73FDE1CB698304AE47AAC77A7AA99E92214EEECD2D9,"Project counts measure Wikimedia presence, not advanced mathematics, educational quality, reader access, or language-wide digital resources. Bot-heavy editions can inflate articles."
mi,8066,31,168800,15626,0,0,3489,75,0,0,0,0,0,0,0,0,260.194,,Mon Aug 24 21:45:18 UTC 2026,ACE-E020,53647853ED8A33C487E9D73FDE1CB698304AE47AAC77A7AA99E92214EEECD2D9,"Project counts measure Wikimedia presence, not advanced mathematics, educational quality, reader access, or language-wide digital resources. Bot-heavy editions can inflate articles."
min,229932,56,3351926,475362,824,10,10158,2450,0,0,0,0,414,24,30791,9228,4105.929,,Mon Aug 24 21:45:18 UTC 2026,ACE-E020,53647853ED8A33C487E9D73FDE1CB698304AE47AAC77A7AA99E92214EEECD2D9,"Project counts measure Wikimedia presence, not advanced mathematics, educational quality, reader access, or language-wide digital resources. Bot-heavy editions can inflate articles."
mk,163697,286,5604050,608095,123,5,13358,966,0,0,0,0,3371,6,22381,8232,572.367,,Mon Aug 24 21:45:18 UTC 2026,ACE-E020,53647853ED8A33C487E9D73FDE1CB698304AE47AAC77A7AA99E92214EEECD2D9,"Project counts measure Wikimedia presence, not advanced mathematics, educational quality, reader access, or language-wide digital resources. Bot-heavy editions can inflate articles."
ml,88612,423,4400129,555935,107,5,20500,3581,0,0,0,0,20834,49,239439,81639,209.485,,Mon Aug 24 21:45:18 UTC 2026,ACE-E020,53647853ED8A33C487E9D73FDE1CB698304AE47AAC77A7AA99E92214EEECD2D9,"Project counts measure Wikimedia presence, not advanced mathematics, educational quality, reader access, or language-wide digital resources. Bot-heavy editions can inflate articles."
mn,28130,259,865516,115837,0,0,3774,206,0,0,0,0,0,0,0,0,108.610,,Mon Aug 24 21:45:18 UTC 2026,ACE-E020,53647853ED8A33C487E9D73FDE1CB698304AE47AAC77A7AA99E92214EEECD2D9,"Project counts measure Wikimedia presence, not advanced mathematics, educational quality, reader access, or language-wide digital resources. Bot-heavy editions can inflate articles."
mni,10549,35,62170,17897,0,0,0,0,0,0,0,0,0,0,0,0,301.400,,Mon Aug 24 21:45:18 UTC 2026,ACE-E020,53647853ED8A33C487E9D73FDE1CB698304AE47AAC77A7AA99E92214EEECD2D9,"Project counts measure Wikimedia presence, not advanced mathematics, educational quality, reader access, or language-wide digital resources. Bot-heavy editions can inflate articles."
mnw,4332,29,57282,11619,0,0,0,0,0,0,0,0,0,0,0,0,149.379,,Mon Aug 24 21:45:18 UTC 2026,ACE-E020,53647853ED8A33C487E9D73FDE1CB698304AE47AAC77A7AA99E92214EEECD2D9,"Project counts measure Wikimedia presence, not advanced mathematics, educational quality, reader access, or language-wide digital resources. Bot-heavy editions can inflate articles."
mos,1325,10,31819,2126,0,0,0,0,0,0,0,0,0,0,0,0,132.500,,Mon Aug 24 21:45:18 UTC 2026,ACE-E020,53647853ED8A33C487E9D73FDE1CB698304AE47AAC77A7AA99E92214EEECD2D9,"Project counts measure Wikimedia presence, not advanced mathematics, educational quality, reader access, or language-wide digital resources. Bot-heavy editions can inflate articles."
mr,102819,329,2700586,334630,989,7,29184,2891,0,0,0,0,4797,18,236133,109608,312.520,,Mon Aug 24 21:45:18 UTC 2026,ACE-E020,53647853ED8A33C487E9D73FDE1CB698304AE47AAC77A7AA99E92214EEECD2D9,"Project counts measure Wikimedia presence, not advanced mathematics, educational quality, reader access, or language-wide digital resources. Bot-heavy editions can inflate articles."
mrj,10430,16,108255,21699,0,0,0,0,0,0,0,0,0,0,0,0,651.875,,Mon Aug 24 21:45:18 UTC 2026,ACE-E020,53647853ED8A33C487E9D73FDE1CB698304AE47AAC77A7AA99E92214EEECD2D9,"Project counts measure Wikimedia presence, not advanced mathematics, educational quality, reader access, or language-wide digital resources. Bot-heavy editions can inflate articles."
ms,441165,2059,6923793,1189819,571,7,16332,3624,0,0,0,0,1262,15,24293,8860,214.262,,Mon Aug 24 21:45:18 UTC 2026,ACE-E020,53647853ED8A33C487E9D73FDE1CB698304AE47AAC77A7AA99E92214EEECD2D9,"Project counts measure Wikimedia presence, not advanced mathematics, educational quality, reader access, or language-wide digital resources. Bot-heavy editions can inflate articles."
mt,7954,44,330945,23905,0,0,0,0,0,0,0,0,0,0,0,0,180.773,,Mon Aug 24 21:45:18 UTC 2026,ACE-E020,53647853ED8A33C487E9D73FDE1CB698304AE47AAC77A7AA99E92214EEECD2D9,"Project counts measure Wikimedia presence, not advanced mathematics, educational quality, reader access, or language-wide digital resources. Bot-heavy editions can inflate articles."
mus,1,1,3606,116,0,0,0,0,0,0,0,0,0,0,0,0,1.000,,Mon Aug 24 21:45:18 UTC 2026,ACE-E020,53647853ED8A33C487E9D73FDE1CB698304AE47AAC77A7AA99E92214EEECD2D9,"Project counts measure Wikimedia presence, not advanced mathematics, educational quality, reader access, or language-wide digital resources. Bot-heavy editions can inflate articles."
mwl,4345,45,107694,10805,0,0,0,0,0,0,0,0,0,0,0,0,96.556,,Mon Aug 24 21:45:18 UTC 2026,ACE-E020,53647853ED8A33C487E9D73FDE1CB698304AE47AAC77A7AA99E92214EEECD2D9,"Project counts measure Wikimedia presence, not advanced mathematics, educational quality, reader access, or language-wide digital resources. Bot-heavy editions can inflate articles."
my,112014,296,1049705,272954,0,1,3464,74,0,0,0,0,4879,9,21880,6214,378.426,,Mon Aug 24 21:45:18 UTC 2026,ACE-E020,53647853ED8A33C487E9D73FDE1CB698304AE47AAC77A7AA99E92214EEECD2D9,"Project counts measure Wikimedia presence, not advanced mathematics, educational quality, reader access, or language-wide digital resources. Bot-heavy editions can inflate articles."
myv,7873,23,154781,32041,0,0,0,0,0,0,0,0,0,0,0,0,342.304,,Mon Aug 24 21:45:18 UTC 2026,ACE-E020,53647853ED8A33C487E9D73FDE1CB698304AE47AAC77A7AA99E92214EEECD2D9,"Project counts measure Wikimedia presence, not advanced mathematics, educational quality, reader access, or language-wide digital resources. Bot-heavy editions can inflate articles."
mzn,68767,52,396590,169814,0,0,0,0,0,0,0,0,0,0,0,0,1322.442,,Mon Aug 24 21:45:18 UTC 2026,ACE-E020,53647853ED8A33C487E9D73FDE1CB698304AE47AAC77A7AA99E92214EEECD2D9,"Project counts measure Wikimedia presence, not advanced mathematics, educational quality, reader access, or language-wide digital resources. Bot-heavy editions can inflate articles."
na,0,2,90012,1813,1,0,3761,247,0,0,0,0,0,0,0,0,0.000,,Mon Aug 24 21:45:18 UTC 2026,ACE-E020,53647853ED8A33C487E9D73FDE1CB698304AE47AAC77A7AA99E92214EEECD2D9,"Project counts measure Wikimedia presence, not advanced mathematics, educational quality, reader access, or language-wide digital resources. Bot-heavy editions can inflate articles."
nah,2878,17,526894,10368,3,0,4687,73,0,0,0,0,0,0,0,0,169.294,,Mon Aug 24 21:45:18 UTC 2026,ACE-E020,53647853ED8A33C487E9D73FDE1CB698304AE47AAC77A7AA99E92214EEECD2D9,"Project counts measure Wikimedia presence, not advanced mathematics, educational quality, reader access, or language-wide digital resources. Bot-heavy editions can inflate articles."
nap,14968,34,672108,24253,0,0,0,0,0,0,0,0,12945,7,91026,14626,440.235,,Mon Aug 24 21:45:18 UTC 2026,ACE-E020,53647853ED8A33C487E9D73FDE1CB698304AE47AAC77A7AA99E92214EEECD2D9,"Project counts measure Wikimedia presence, not advanced mathematics, educational quality, reader access, or language-wide digital resources. Bot-heavy editions can inflate articles."
nds,85939,64,1074637,187595,1,0,3299,189,0,0,0,0,0,0,0,0,1342.797,,Mon Aug 24 21:45:18 UTC 2026,ACE-E020,53647853ED8A33C487E9D73FDE1CB698304AE47AAC77A7AA99E92214EEECD2D9,"Project counts measure Wikimedia presence, not advanced mathematics, educational quality, reader access, or language-wide digital resources. Bot-heavy editions can inflate articles."
nds-nl,8108,31,332491,22031,0,0,0,0,0,0,0,0,0,0,0,0,261.548,,Mon Aug 24 21:45:18 UTC 2026,ACE-E020,53647853ED8A33C487E9D73FDE1CB698304AE47AAC77A7AA99E92214EEECD2D9,"Project counts measure Wikimedia presence, not advanced mathematics, educational quality, reader access, or language-wide digital resources. Bot-heavy editions can inflate articles."
ne,30062,153,1365118,115099,80,5,18618,2016,0,0,0,0,0,0,0,0,196.484,,Mon Aug 24 21:45:18 UTC 2026,ACE-E020,53647853ED8A33C487E9D73FDE1CB698304AE47AAC77A7AA99E92214EEECD2D9,"Project counts measure Wikimedia presence, not advanced mathematics, educational quality, reader access, or language-wide digital resources. Bot-heavy editions can inflate articles."
new,74410,34,1121948,269929,0,0,0,0,0,0,0,0,0,0,0,0,2188.529,,Mon Aug 24 21:45:18 UTC 2026,ACE-E020,53647853ED8A33C487E9D73FDE1CB698304AE47AAC77A7AA99E92214EEECD2D9,"Project counts measure Wikimedia presence, not advanced mathematics, educational quality, reader access, or language-wide digital resources. Bot-heavy editions can inflate articles."
ng,8,0,5930,443,0,0,0,0,0,0,0,0,0,0,0,0,,,Mon Aug 24 21:45:18 UTC 2026,ACE-E020,53647853ED8A33C487E9D73FDE1CB698304AE47AAC77A7AA99E92214EEECD2D9,"Project counts measure Wikimedia presence, not advanced mathematics, educational quality, reader access, or language-wide digital resources. Bot-heavy editions can inflate articles."
nia,1782,11,27751,4528,0,0,0,0,0,0,0,0,0,0,0,0,162.000,,Mon Aug 24 21:45:18 UTC 2026,ACE-E020,53647853ED8A33C487E9D73FDE1CB698304AE47AAC77A7AA99E92214EEECD2D9,"Project counts measure Wikimedia presence, not advanced mathematics, educational quality, reader access, or language-wide digital resources. Bot-heavy editions can inflate articles."
nl,2225439,7023,71654602,4798927,10833,26,428913,30134,0,0,0,0,21574,19,225441,81788,316.879,,Mon Aug 24 21:45:18 UTC 2026,ACE-E020,53647853ED8A33C487E9D73FDE1CB698304AE47AAC77A7AA99E92214EEECD2D9,"Project counts measure Wikimedia presence, not advanced mathematics, educational quality, reader access, or language-wide digital resources. Bot-heavy editions can inflate articles."
nn,179089,169,3659073,402951,0,0,0,0,0,0,0,0,0,0,0,0,1059.698,,Mon Aug 24 21:45:18 UTC 2026,ACE-E020,53647853ED8A33C487E9D73FDE1CB698304AE47AAC77A7AA99E92214EEECD2D9,"Project counts measure Wikimedia presence, not advanced mathematics, educational quality, reader access, or language-wide digital resources. Bot-heavy editions can inflate articles."
no,688803,1638,25871752,1868908,973,8,46354,4861,0,0,0,0,14784,9,331334,139437,420.515,,Mon Aug 24 21:45:18 UTC 2026,ACE-E020,53647853ED8A33C487E9D73FDE1CB698304AE47AAC77A7AA99E92214EEECD2D9,"Project counts measure Wikimedia presence, not advanced mathematics, educational quality, reader access, or language-wide digital resources. Bot-heavy editions can inflate articles."
nov,2066,18,181493,5173,0,0,0,0,0,0,0,0,0,0,0,0,114.778,,Mon Aug 24 21:45:18 UTC 2026,ACE-E020,53647853ED8A33C487E9D73FDE1CB698304AE47AAC77A7AA99E92214EEECD2D9,"Project counts measure Wikimedia presence, not advanced mathematics, educational quality, reader access, or language-wide digital resources. Bot-heavy editions can inflate articles."
nqo,1618,11,12943,3491,0,0,0,0,0,0,0,0,0,0,0,0,147.091,,Mon Aug 24 21:45:18 UTC 2026,ACE-E020,53647853ED8A33C487E9D73FDE1CB698304AE47AAC77A7AA99E92214EEECD2D9,"Project counts measure Wikimedia presence, not advanced mathematics, educational quality, reader access, or language-wide digital resources. Bot-heavy editions can inflate articles."
nr,330,27,6574,1064,0,0,0,0,0,0,0,0,0,0,0,0,12.222,,Mon Aug 24 21:45:18 UTC 2026,ACE-E020,53647853ED8A33C487E9D73FDE1CB698304AE47AAC77A7AA99E92214EEECD2D9,"Project counts measure Wikimedia presence, not advanced mathematics, educational quality, reader access, or language-wide digital resources. Bot-heavy editions can inflate articles."
nrm,5060,18,221228,10697,0,0,0,0,0,0,0,0,0,0,0,0,281.111,,Mon Aug 24 21:45:18 UTC 2026,ACE-E020,53647853ED8A33C487E9D73FDE1CB698304AE47AAC77A7AA99E92214EEECD2D9,"Project counts measure Wikimedia presence, not advanced mathematics, educational quality, reader access, or language-wide digital resources. Bot-heavy editions can inflate articles."
nso,8997,36,55528,12054,0,0,0,0,0,0,0,0,0,0,0,0,249.917,,Mon Aug 24 21:45:18 UTC 2026,ACE-E020,53647853ED8A33C487E9D73FDE1CB698304AE47AAC77A7AA99E92214EEECD2D9,"Project counts measure Wikimedia presence, not advanced mathematics, educational quality, reader access, or language-wide digital resources. Bot-heavy editions can inflate articles."
nup,1042,22,21726,1695,0,0,0,0,0,0,0,0,0,0,0,0,47.364,,Mon Aug 24 21:45:18 UTC 2026,ACE-E020,53647853ED8A33C487E9D73FDE1CB698304AE47AAC77A7AA99E92214EEECD2D9,"Project counts measure Wikimedia presence, not advanced mathematics, educational quality, reader access, or language-wide digital resources. Bot-heavy editions can inflate articles."
nv,22667,21,308961,36576,0,0,0,0,0,0,0,0,0,0,0,0,1079.381,,Mon Aug 24 21:45:18 UTC 2026,ACE-E020,53647853ED8A33C487E9D73FDE1CB698304AE47AAC77A7AA99E92214EEECD2D9,"Project counts measure Wikimedia presence, not advanced mathematics, educational quality, reader access, or language-wide digital resources. Bot-heavy editions can inflate articles."
ny,1143,20,48640,5477,0,0,0,0,0,0,0,0,0,0,0,0,57.150,,Mon Aug 24 21:45:18 UTC 2026,ACE-E020,53647853ED8A33C487E9D73FDE1CB698304AE47AAC77A7AA99E92214EEECD2D9,"Project counts measure Wikimedia presence, not advanced mathematics, educational quality, reader access, or language-wide digital resources. Bot-heavy editions can inflate articles."
oc,90880,109,2494751,167405,99,5,5843,740,0,0,0,0,0,0,0,0,833.761,,Mon Aug 24 21:45:18 UTC 2026,ACE-E020,53647853ED8A33C487E9D73FDE1CB698304AE47AAC77A7AA99E92214EEECD2D9,"Project counts measure Wikimedia presence, not advanced mathematics, educational quality, reader access, or language-wide digital resources. Bot-heavy editions can inflate articles."
olo,5030,21,42164,15193,0,0,0,0,0,0,0,0,0,0,0,0,239.524,,Mon Aug 24 21:45:18 UTC 2026,ACE-E020,53647853ED8A33C487E9D73FDE1CB698304AE47AAC77A7AA99E92214EEECD2D9,"Project counts measure Wikimedia presence, not advanced mathematics, educational quality, reader access, or language-wide digital resources. Bot-heavy editions can inflate articles."
om,1970,24,45772,5372,0,0,0,0,0,0,0,0,0,0,0,0,82.083,,Mon Aug 24 21:45:18 UTC 2026,ACE-E020,53647853ED8A33C487E9D73FDE1CB698304AE47AAC77A7AA99E92214EEECD2D9,"Project counts measure Wikimedia presence, not advanced mathematics, educational quality, reader access, or language-wide digital resources. Bot-heavy editions can inflate articles."
or,21017,82,591846,87947,0,0,0,0,0,0,0,0,1310,11,59634,12493,256.305,,Mon Aug 24 21:45:18 UTC 2026,ACE-E020,53647853ED8A33C487E9D73FDE1CB698304AE47AAC77A7AA99E92214EEECD2D9,"Project counts measure Wikimedia presence, not advanced mathematics, educational quality, reader access, or language-wide digital resources. Bot-heavy editions can inflate articles."
os,21758,32,593989,77798,0,0,0,0,0,0,0,0,0,0,0,0,679.938,,Mon Aug 24 21:45:18 UTC 2026,ACE-E020,53647853ED8A33C487E9D73FDE1CB698304AE47AAC77A7AA99E92214EEECD2D9,"Project counts measure Wikimedia presence, not advanced mathematics, educational quality, reader access, or language-wide digital resources. Bot-heavy editions can inflate articles."
pa,59689,113,843176,193313,78,5,6142,1165,0,0,0,0,2529,33,232932,72754,528.221,,Mon Aug 24 21:45:18 UTC 2026,ACE-E020,53647853ED8A33C487E9D73FDE1CB698304AE47AAC77A7AA99E92214EEECD2D9,"Project counts measure Wikimedia presence, not advanced mathematics, educational quality, reader access, or language-wide digital resources. Bot-heavy editions can inflate articles."
pag,2651,19,79856,6891,0,0,0,0,0,0,0,0,0,0,0,0,139.526,,Mon Aug 24 21:45:18 UTC 2026,ACE-E020,53647853ED8A33C487E9D73FDE1CB698304AE47AAC77A7AA99E92214EEECD2D9,"Project counts measure Wikimedia presence, not advanced mathematics, educational quality, reader access, or language-wide digital resources. Bot-heavy editions can inflate articles."
pam,10219,28,312106,23407,0,0,0,0,0,0,0,0,0,0,0,0,364.964,,Mon Aug 24 21:45:18 UTC 2026,ACE-E020,53647853ED8A33C487E9D73FDE1CB698304AE47AAC77A7AA99E92214EEECD2D9,"Project counts measure Wikimedia presence, not advanced mathematics, educational quality, reader access, or language-wide digital resources. Bot-heavy editions can inflate articles."
pap,5685,20,201526,11563,0,0,0,0,0,0,0,0,0,0,0,0,284.250,,Mon Aug 24 21:45:18 UTC 2026,ACE-E020,53647853ED8A33C487E9D73FDE1CB698304AE47AAC77A7AA99E92214EEECD2D9,"Project counts measure Wikimedia presence, not advanced mathematics, educational quality, reader access, or language-wide digital resources. Bot-heavy editions can inflate articles."
pcd,6134,31,79722,12214,0,0,0,0,0,0,0,0,0,0,0,0,197.871,,Mon Aug 24 21:45:18 UTC 2026,ACE-E020,53647853ED8A33C487E9D73FDE1CB698304AE47AAC77A7AA99E92214EEECD2D9,"Project counts measure Wikimedia presence, not advanced mathematics, educational quality, reader access, or language-wide digital resources. Bot-heavy editions can inflate articles."
pcm,1655,30,32977,2945,0,0,0,0,0,0,0,0,0,0,0,0,55.167,,Mon Aug 24 21:45:18 UTC 2026,ACE-E020,53647853ED8A33C487E9D73FDE1CB698304AE47AAC77A7AA99E92214EEECD2D9,"Project counts measure Wikimedia presence, not advanced mathematics, educational quality, reader access, or language-wide digital resources. Bot-heavy editions can inflate articles."
pdc,2078,26,107955,5908,0,0,0,0,0,0,0,0,0,0,0,0,79.923,,Mon Aug 24 21:45:18 UTC 2026,ACE-E020,53647853ED8A33C487E9D73FDE1CB698304AE47AAC77A7AA99E92214EEECD2D9,"Project counts measure Wikimedia presence, not advanced mathematics, educational quality, reader access, or language-wide digital resources. Bot-heavy editions can inflate articles."
pfl,2866,16,93528,7119,0,0,0,0,0,0,0,0,0,0,0,0,179.125,,Mon Aug 24 21:45:18 UTC 2026,ACE-E020,53647853ED8A33C487E9D73FDE1CB698304AE47AAC77A7AA99E92214EEECD2D9,"Project counts measure Wikimedia presence, not advanced mathematics, educational quality, reader access, or language-wide digital resources. Bot-heavy editions can inflate articles."
pi,304,11,103553,1831,0,0,0,0,0,0,0,0,0,0,0,0,27.636,,Mon Aug 24 21:45:18 UTC 2026,ACE-E020,53647853ED8A33C487E9D73FDE1CB698304AE47AAC77A7AA99E92214EEECD2D9,"Project counts measure Wikimedia presence, not advanced mathematics, educational quality, reader access, or language-wide digital resources. Bot-heavy editions can inflate articles."
pih,0,3,45586,1049,0,0,0,0,0,0,0,0,0,0,0,0,0.000,,Mon Aug 24 21:45:18 UTC 2026,ACE-E020,53647853ED8A33C487E9D73FDE1CB698304AE47AAC77A7AA99E92214EEECD2D9,"Project counts measure Wikimedia presence, not advanced mathematics, educational quality, reader access, or language-wide digital resources. Bot-heavy editions can inflate articles."
pl,1705561,8744,80303448,4071354,7228,20,552473,42521,0,0,0,0,1320347,75,4164846,1361521,195.055,,Mon Aug 24 21:45:18 UTC 2026,ACE-E020,53647853ED8A33C487E9D73FDE1CB698304AE47AAC77A7AA99E92214EEECD2D9,"Project counts measure Wikimedia presence, not advanced mathematics, educational quality, reader access, or language-wide digital resources. Bot-heavy editions can inflate articles."
pms,71559,41,884884,104166,0,0,0,0,0,0,0,0,4414,7,38002,5315,1745.341,,Mon Aug 24 21:45:18 UTC 2026,ACE-E020,53647853ED8A33C487E9D73FDE1CB698304AE47AAC77A7AA99E92214EEECD2D9,"Project counts measure Wikimedia presence, not advanced mathematics, educational quality, reader access, or language-wide digital resources. Bot-heavy editions can inflate articles."
pnb,75727,70,707337,146901,0,0,0,0,0,0,0,0,0,0,0,0,1081.814,,Mon Aug 24 21:45:18 UTC 2026,ACE-E020,53647853ED8A33C487E9D73FDE1CB698304AE47AAC77A7AA99E92214EEECD2D9,"Project counts measure Wikimedia presence, not advanced mathematics, educational quality, reader access, or language-wide digital resources. Bot-heavy editions can inflate articles."
pnt,678,15,37670,2655,0,0,0,0,0,0,0,0,0,0,0,0,45.200,,Mon Aug 24 21:45:18 UTC 2026,ACE-E020,53647853ED8A33C487E9D73FDE1CB698304AE47AAC77A7AA99E92214EEECD2D9,"Project counts measure Wikimedia presence, not advanced mathematics, educational quality, reader access, or language-wide digital resources. Bot-heavy editions can inflate articles."
ppl,258,9,9942,1323,0,0,0,0,0,0,0,0,0,0,0,0,28.667,,Mon Aug 24 21:45:18 UTC 2026,ACE-E020,53647853ED8A33C487E9D73FDE1CB698304AE47AAC77A7AA99E92214EEECD2D9,"Project counts measure Wikimedia presence, not advanced mathematics, educational quality, reader access, or language-wide digital resources. Bot-heavy editions can inflate articles."
ps,21344,58,367969,77218,1,0,3599,140,0,0,0,0,0,0,0,0,368.000,,Mon Aug 24 21:45:18 UTC 2026,ACE-E020,53647853ED8A33C487E9D73FDE1CB698304AE47AAC77A7AA99E92214EEECD2D9,"Project counts measure Wikimedia presence, not advanced mathematics, educational quality, reader access, or language-wide digital resources. Bot-heavy editions can inflate articles."
pt,1180772,7598,72689055,6167694,14152,46,580309,107219,5081,190,185549,26683,39162,72,560296,167752,155.406,,Mon Aug 24 21:45:18 UTC 2026,ACE-E020,53647853ED8A33C487E9D73FDE1CB698304AE47AAC77A7AA99E92214EEECD2D9,"Project counts measure Wikimedia presence, not advanced mathematics, educational quality, reader access, or language-wide digital resources. Bot-heavy editions can inflate articles."
pwn,378,11,13090,646,0,0,0,0,0,0,0,0,0,0,0,0,34.364,,Mon Aug 24 21:45:18 UTC 2026,ACE-E020,53647853ED8A33C487E9D73FDE1CB698304AE47AAC77A7AA99E92214EEECD2D9,"Project counts measure Wikimedia presence, not advanced mathematics, educational quality, reader access, or language-wide digital resources. Bot-heavy editions can inflate articles."
qu,24590,49,688881,58863,4,0,4753,77,0,0,0,0,0,0,0,0,501.837,,Mon Aug 24 21:45:18 UTC 2026,ACE-E020,53647853ED8A33C487E9D73FDE1CB698304AE47AAC77A7AA99E92214EEECD2D9,"Project counts measure Wikimedia presence, not advanced mathematics, educational quality, reader access, or language-wide digital resources. Bot-heavy editions can inflate articles."
rki,1535,31,21030,5691,0,0,0,0,0,0,0,0,0,0,0,0,49.516,,Mon Aug 24 21:45:18 UTC 2026,ACE-E020,53647853ED8A33C487E9D73FDE1CB698304AE47AAC77A7AA99E92214EEECD2D9,"Project counts measure Wikimedia presence, not advanced mathematics, educational quality, reader access, or language-wide digital resources. Bot-heavy editions can inflate articles."
rm,3876,35,172579,9877,0,0,3241,50,0,0,0,0,0,0,0,0,110.743,,Mon Aug 24 21:45:18 UTC 2026,ACE-E020,53647853ED8A33C487E9D73FDE1CB698304AE47AAC77A7AA99E92214EEECD2D9,"Project counts measure Wikimedia presence, not advanced mathematics, educational quality, reader access, or language-wide digital resources. Bot-heavy editions can inflate articles."
rmy,758,16,57331,2856,0,0,0,0,0,0,0,0,0,0,0,0,47.375,,Mon Aug 24 21:45:18 UTC 2026,ACE-E020,53647853ED8A33C487E9D73FDE1CB698304AE47AAC77A7AA99E92214EEECD2D9,"Project counts measure Wikimedia presence, not advanced mathematics, educational quality, reader access, or language-wide digital resources. Bot-heavy editions can inflate articles."
rn,729,11,27881,2869,0,0,0,0,0,0,0,0,0,0,0,0,66.273,,Mon Aug 24 21:45:18 UTC 2026,ACE-E020,53647853ED8A33C487E9D73FDE1CB698304AE47AAC77A7AA99E92214EEECD2D9,"Project counts measure Wikimedia presence, not advanced mathematics, educational quality, reader access, or language-wide digital resources. Bot-heavy editions can inflate articles."
ro,547279,1622,17886338,3063076,462,8,37494,4293,0,0,0,0,15675,22,151485,44688,337.410,,Mon Aug 24 21:45:18 UTC 2026,ACE-E020,53647853ED8A33C487E9D73FDE1CB698304AE47AAC77A7AA99E92214EEECD2D9,"Project counts measure Wikimedia presence, not advanced mathematics, educational quality, reader access, or language-wide digital resources. Bot-heavy editions can inflate articles."
roa-rup,1390,11,209266,4625,0,0,0,0,0,0,0,0,0,0,0,0,126.364,,Mon Aug 24 21:45:18 UTC 2026,ACE-E020,53647853ED8A33C487E9D73FDE1CB698304AE47AAC77A7AA99E92214EEECD2D9,"Project counts measure Wikimedia presence, not advanced mathematics, educational quality, reader access, or language-wide digital resources. Bot-heavy editions can inflate articles."
roa-tara,9508,18,151154,18705,0,0,0,0,0,0,0,0,0,0,0,0,528.222,,Mon Aug 24 21:45:18 UTC 2026,ACE-E020,53647853ED8A33C487E9D73FDE1CB698304AE47AAC77A7AA99E92214EEECD2D9,"Project counts measure Wikimedia presence, not advanced mathematics, educational quality, reader access, or language-wide digital resources. Bot-heavy editions can inflate articles."
rsk,1516,35,20947,3205,0,0,0,0,0,0,0,0,0,0,0,0,43.314,,Mon Aug 24 21:45:18 UTC 2026,ACE-E020,53647853ED8A33C487E9D73FDE1CB698304AE47AAC77A7AA99E92214EEECD2D9,"Project counts measure Wikimedia presence, not advanced mathematics, educational quality, reader access, or language-wide digital resources. Bot-heavy editions can inflate articles."
ru,2115224,16648,154363233,8560417,3264,36,269644,21355,4248,33,165138,22467,623284,107,5741599,1142755,127.056,,Mon Aug 24 21:45:18 UTC 2026,ACE-E020,53647853ED8A33C487E9D73FDE1CB698304AE47AAC77A7AA99E92214EEECD2D9,"Project counts measure Wikimedia presence, not advanced mathematics, educational quality, reader access, or language-wide digital resources. Bot-heavy editions can inflate articles."
rue,10298,41,167999,23237,0,0,0,0,0,0,0,0,0,0,0,0,251.171,,Mon Aug 24 21:45:18 UTC 2026,ACE-E020,53647853ED8A33C487E9D73FDE1CB698304AE47AAC77A7AA99E92214EEECD2D9,"Project counts measure Wikimedia presence, not advanced mathematics, educational quality, reader access, or language-wide digital resources. Bot-heavy editions can inflate articles."
rw,9903,39,134357,19271,0,0,0,0,0,0,0,0,0,0,0,0,253.923,,Mon Aug 24 21:45:18 UTC 2026,ACE-E020,53647853ED8A33C487E9D73FDE1CB698304AE47AAC77A7AA99E92214EEECD2D9,"Project counts measure Wikimedia presence, not advanced mathematics, educational quality, reader access, or language-wide digital resources. Bot-heavy editions can inflate articles."
sa,12532,44,499716,82681,843,5,7485,1690,0,0,0,0,20429,32,418084,163917,284.818,,Mon Aug 24 21:45:18 UTC 2026,ACE-E020,53647853ED8A33C487E9D73FDE1CB698304AE47AAC77A7AA99E92214EEECD2D9,"Project counts measure Wikimedia presence, not advanced mathematics, educational quality, reader access, or language-wide digital resources. Bot-heavy editions can inflate articles."
sah,18228,55,429242,55428,0,0,0,0,0,0,0,0,696,8,10292,2189,331.418,,Mon Aug 24 21:45:18 UTC 2026,ACE-E020,53647853ED8A33C487E9D73FDE1CB698304AE47AAC77A7AA99E92214EEECD2D9,"Project counts measure Wikimedia presence, not advanced mathematics, educational quality, reader access, or language-wide digital resources. Bot-heavy editions can inflate articles."
sat,15859,40,193491,34079,0,0,0,0,0,0,0,0,0,0,0,0,396.475,,Mon Aug 24 21:45:18 UTC 2026,ACE-E020,53647853ED8A33C487E9D73FDE1CB698304AE47AAC77A7AA99E92214EEECD2D9,"Project counts measure Wikimedia presence, not advanced mathematics, educational quality, reader access, or language-wide digital resources. Bot-heavy editions can inflate articles."
sc,7837,40,190205,17803,0,0,0,0,0,0,0,0,0,0,0,0,195.925,,Mon Aug 24 21:45:18 UTC 2026,ACE-E020,53647853ED8A33C487E9D73FDE1CB698304AE47AAC77A7AA99E92214EEECD2D9,"Project counts measure Wikimedia presence, not advanced mathematics, educational quality, reader access, or language-wide digital resources. Bot-heavy editions can inflate articles."
scn,26323,45,780944,55854,0,0,0,0,0,0,0,0,0,0,0,0,584.956,,Mon Aug 24 21:45:18 UTC 2026,ACE-E020,53647853ED8A33C487E9D73FDE1CB698304AE47AAC77A7AA99E92214EEECD2D9,"Project counts measure Wikimedia presence, not advanced mathematics, educational quality, reader access, or language-wide digital resources. Bot-heavy editions can inflate articles."
sco,34255,130,914569,138662,0,0,0,0,0,0,0,0,0,0,0,0,263.500,,Mon Aug 24 21:45:18 UTC 2026,ACE-E020,53647853ED8A33C487E9D73FDE1CB698304AE47AAC77A7AA99E92214EEECD2D9,"Project counts measure Wikimedia presence, not advanced mathematics, educational quality, reader access, or language-wide digital resources. Bot-heavy editions can inflate articles."
sd,22171,37,406729,85315,0,0,0,0,0,0,0,0,0,0,0,0,599.216,,Mon Aug 24 21:45:18 UTC 2026,ACE-E020,53647853ED8A33C487E9D73FDE1CB698304AE47AAC77A7AA99E92214EEECD2D9,"Project counts measure Wikimedia presence, not advanced mathematics, educational quality, reader access, or language-wide digital resources. Bot-heavy editions can inflate articles."
se,7907,20,306109,21146,0,0,3474,81,0,0,0,0,0,0,0,0,395.350,,Mon Aug 24 21:45:18 UTC 2026,ACE-E020,53647853ED8A33C487E9D73FDE1CB698304AE47AAC77A7AA99E92214EEECD2D9,"Project counts measure Wikimedia presence, not advanced mathematics, educational quality, reader access, or language-wide digital resources. Bot-heavy editions can inflate articles."
sg,377,12,21792,1963,0,0,0,0,0,0,0,0,0,0,0,0,31.417,,Mon Aug 24 21:45:18 UTC 2026,ACE-E020,53647853ED8A33C487E9D73FDE1CB698304AE47AAC77A7AA99E92214EEECD2D9,"Project counts measure Wikimedia presence, not advanced mathematics, educational quality, reader access, or language-wide digital resources. Bot-heavy editions can inflate articles."
sh,461807,272,42659251,4631241,0,0,0,0,0,0,0,0,0,0,0,0,1697.820,,Mon Aug 24 21:45:18 UTC 2026,ACE-E020,53647853ED8A33C487E9D73FDE1CB698304AE47AAC77A7AA99E92214EEECD2D9,"Project counts measure Wikimedia presence, not advanced mathematics, educational quality, reader access, or language-wide digital resources. Bot-heavy editions can inflate articles."
shi,10893,33,78757,14989,0,0,0,0,0,0,0,0,0,0,0,0,330.091,,Mon Aug 24 21:45:18 UTC 2026,ACE-E020,53647853ED8A33C487E9D73FDE1CB698304AE47AAC77A7AA99E92214EEECD2D9,"Project counts measure Wikimedia presence, not advanced mathematics, educational quality, reader access, or language-wide digital resources. Bot-heavy editions can inflate articles."
shn,34417,27,150552,55758,358,3,11994,4650,0,0,0,0,0,0,0,0,1274.704,,Mon Aug 24 21:45:18 UTC 2026,ACE-E020,53647853ED8A33C487E9D73FDE1CB698304AE47AAC77A7AA99E92214EEECD2D9,"Project counts measure Wikimedia presence, not advanced mathematics, educational quality, reader access, or language-wide digital resources. Bot-heavy editions can inflate articles."
si,25643,150,797104,176244,1577,8,38958,16267,0,0,0,0,0,0,0,0,170.953,,Mon Aug 24 21:45:18 UTC 2026,ACE-E020,53647853ED8A33C487E9D73FDE1CB698304AE47AAC77A7AA99E92214EEECD2D9,"Project counts measure Wikimedia presence, not advanced mathematics, educational quality, reader access, or language-wide digital resources. Bot-heavy editions can inflate articles."
simple,284387,3279,10947921,946987,330,1,17503,2626,0,0,0,0,0,0,0,0,86.730,,Mon Aug 24 21:45:18 UTC 2026,ACE-E020,53647853ED8A33C487E9D73FDE1CB698304AE47AAC77A7AA99E92214EEECD2D9,"Project counts measure Wikimedia presence, not advanced mathematics, educational quality, reader access, or language-wide digital resources. Bot-heavy editions can inflate articles."
sk,261088,1117,8335579,608188,501,6,21746,2144,0,0,0,0,501,5,9590,1594,233.740,,Mon Aug 24 21:45:18 UTC 2026,ACE-E020,53647853ED8A33C487E9D73FDE1CB698304AE47AAC77A7AA99E92214EEECD2D9,"Project counts measure Wikimedia presence, not advanced mathematics, educational quality, reader access, or language-wide digital resources. Bot-heavy editions can inflate articles."
skr,24662,26,72257,33687,0,0,0,0,0,0,0,0,0,0,0,0,948.538,,Mon Aug 24 21:45:18 UTC 2026,ACE-E020,53647853ED8A33C487E9D73FDE1CB698304AE47AAC77A7AA99E92214EEECD2D9,"Project counts measure Wikimedia presence, not advanced mathematics, educational quality, reader access, or language-wide digital resources. Bot-heavy editions can inflate articles."
sl,198809,543,6729821,511425,245,7,20602,1987,969,11,85728,3942,18329,17,224440,36265,366.131,,Mon Aug 24 21:45:18 UTC 2026,ACE-E020,53647853ED8A33C487E9D73FDE1CB698304AE47AAC77A7AA99E92214EEECD2D9,"Project counts measure Wikimedia presence, not advanced mathematics, educational quality, reader access, or language-wide digital resources. Bot-heavy editions can inflate articles."
sm,1207,15,48387,6288,0,0,0,0,0,0,0,0,0,0,0,0,80.467,,Mon Aug 24 21:45:18 UTC 2026,ACE-E020,53647853ED8A33C487E9D73FDE1CB698304AE47AAC77A7AA99E92214EEECD2D9,"Project counts measure Wikimedia presence, not advanced mathematics, educational quality, reader access, or language-wide digital resources. Bot-heavy editions can inflate articles."
smn,6739,19,158399,30361,0,0,0,0,0,0,0,0,0,0,0,0,354.684,,Mon Aug 24 21:45:18 UTC 2026,ACE-E020,53647853ED8A33C487E9D73FDE1CB698304AE47AAC77A7AA99E92214EEECD2D9,"Project counts measure Wikimedia presence, not advanced mathematics, educational quality, reader access, or language-wide digital resources. Bot-heavy editions can inflate articles."
sn,11752,18,114223,20797,0,0,0,0,0,0,0,0,0,0,0,0,652.889,,Mon Aug 24 21:45:18 UTC 2026,ACE-E020,53647853ED8A33C487E9D73FDE1CB698304AE47AAC77A7AA99E92214EEECD2D9,"Project counts measure Wikimedia presence, not advanced mathematics, educational quality, reader access, or language-wide digital resources. Bot-heavy editions can inflate articles."
so,13478,130,305565,35065,0,0,0,0,0,0,0,0,0,0,0,0,103.677,,Mon Aug 24 21:45:18 UTC 2026,ACE-E020,53647853ED8A33C487E9D73FDE1CB698304AE47AAC77A7AA99E92214EEECD2D9,"Project counts measure Wikimedia presence, not advanced mathematics, educational quality, reader access, or language-wide digital resources. Bot-heavy editions can inflate articles."
sq,106217,334,3023293,329298,3312,7,35567,7685,0,0,0,0,0,0,0,0,318.015,,Mon Aug 24 21:45:18 UTC 2026,ACE-E020,53647853ED8A33C487E9D73FDE1CB698304AE47AAC77A7AA99E92214EEECD2D9,"Project counts measure Wikimedia presence, not advanced mathematics, educational quality, reader access, or language-wide digital resources. Bot-heavy editions can inflate articles."
sr,707948,1466,31619345,4127630,1130,6,24012,3620,0,0,0,0,43911,16,145530,48740,482.911,,Mon Aug 24 21:45:18 UTC 2026,ACE-E020,53647853ED8A33C487E9D73FDE1CB698304AE47AAC77A7AA99E92214EEECD2D9,"Project counts measure Wikimedia presence, not advanced mathematics, educational quality, reader access, or language-wide digital resources. Bot-heavy editions can inflate articles."
srn,1133,10,40220,2739,0,0,0,0,0,0,0,0,0,0,0,0,113.300,,Mon Aug 24 21:45:18 UTC 2026,ACE-E020,53647853ED8A33C487E9D73FDE1CB698304AE47AAC77A7AA99E92214EEECD2D9,"Project counts measure Wikimedia presence, not advanced mathematics, educational quality, reader access, or language-wide digital resources. Bot-heavy editions can inflate articles."
ss,1160,11,42613,3534,0,0,0,0,0,0,0,0,0,0,0,0,105.455,,Mon Aug 24 21:45:18 UTC 2026,ACE-E020,53647853ED8A33C487E9D73FDE1CB698304AE47AAC77A7AA99E92214EEECD2D9,"Project counts measure Wikimedia presence, not advanced mathematics, educational quality, reader access, or language-wide digital resources. Bot-heavy editions can inflate articles."
st,2021,29,40658,6157,0,0,0,0,0,0,0,0,0,0,0,0,69.690,,Mon Aug 24 21:45:18 UTC 2026,ACE-E020,53647853ED8A33C487E9D73FDE1CB698304AE47AAC77A7AA99E92214EEECD2D9,"Project counts measure Wikimedia presence, not advanced mathematics, educational quality, reader access, or language-wide digital resources. Bot-heavy editions can inflate articles."
stq,4195,14,124456,10868,0,0,0,0,0,0,0,0,0,0,0,0,299.643,,Mon Aug 24 21:45:18 UTC 2026,ACE-E020,53647853ED8A33C487E9D73FDE1CB698304AE47AAC77A7AA99E92214EEECD2D9,"Project counts measure Wikimedia presence, not advanced mathematics, educational quality, reader access, or language-wide digital resources. Bot-heavy editions can inflate articles."
su,62967,60,700461,100814,2,0,4689,337,0,0,0,0,410,12,47874,12886,1049.450,,Mon Aug 24 21:45:18 UTC 2026,ACE-E020,53647853ED8A33C487E9D73FDE1CB698304AE47AAC77A7AA99E92214EEECD2D9,"Project counts measure Wikimedia presence, not advanced mathematics, educational quality, reader access, or language-wide digital resources. Bot-heavy editions can inflate articles."
sv,2627488,4100,59495243,6378176,1211,12,57925,6327,650,5,24763,2711,32645,23,657256,220052,640.851,,Mon Aug 24 21:45:18 UTC 2026,ACE-E020,53647853ED8A33C487E9D73FDE1CB698304AE47AAC77A7AA99E92214EEECD2D9,"Project counts measure Wikimedia presence, not advanced mathematics, educational quality, reader access, or language-wide digital resources. Bot-heavy editions can inflate articles."
sw,124797,225,1587670,235280,9,0,3576,207,0,0,0,0,0,0,0,0,554.653,,Mon Aug 24 21:45:18 UTC 2026,ACE-E020,53647853ED8A33C487E9D73FDE1CB698304AE47AAC77A7AA99E92214EEECD2D9,"Project counts measure Wikimedia presence, not advanced mathematics, educational quality, reader access, or language-wide digital resources. Bot-heavy editions can inflate articles."
syl,1232,22,30840,6649,0,0,0,0,0,0,0,0,0,0,0,0,56.000,,Mon Aug 24 21:45:18 UTC 2026,ACE-E020,53647853ED8A33C487E9D73FDE1CB698304AE47AAC77A7AA99E92214EEECD2D9,"Project counts measure Wikimedia presence, not advanced mathematics, educational quality, reader access, or language-wide digital resources. Bot-heavy editions can inflate articles."
szl,61158,54,387456,77897,0,0,0,0,0,0,0,0,0,0,0,0,1132.556,,Mon Aug 24 21:45:18 UTC 2026,ACE-E020,53647853ED8A33C487E9D73FDE1CB698304AE47AAC77A7AA99E92214EEECD2D9,"Project counts measure Wikimedia presence, not advanced mathematics, educational quality, reader access, or language-wide digital resources. Bot-heavy editions can inflate articles."
szy,2747,17,141312,6532,0,0,0,0,0,0,0,0,0,0,0,0,161.588,,Mon Aug 24 21:45:18 UTC 2026,ACE-E020,53647853ED8A33C487E9D73FDE1CB698304AE47AAC77A7AA99E92214EEECD2D9,"Project counts measure Wikimedia presence, not advanced mathematics, educational quality, reader access, or language-wide digital resources. Bot-heavy editions can inflate articles."
ta,189709,558,4618467,633545,714,5,18218,3778,0,0,0,0,37530,65,1957318,642207,339.980,,Mon Aug 24 21:45:18 UTC 2026,ACE-E020,53647853ED8A33C487E9D73FDE1CB698304AE47AAC77A7AA99E92214EEECD2D9,"Project counts measure Wikimedia presence, not advanced mathematics, educational quality, reader access, or language-wide digital resources. Bot-heavy editions can inflate articles."
tay,2581,16,67341,3342,0,0,0,0,0,0,0,0,0,0,0,0,161.312,,Mon Aug 24 21:45:18 UTC 2026,ACE-E020,53647853ED8A33C487E9D73FDE1CB698304AE47AAC77A7AA99E92214EEECD2D9,"Project counts measure Wikimedia presence, not advanced mathematics, educational quality, reader access, or language-wide digital resources. Bot-heavy editions can inflate articles."
tcy,3920,42,250165,22403,0,0,0,0,0,0,0,0,113,9,21872,4773,93.333,,Mon Aug 24 21:45:18 UTC 2026,ACE-E020,53647853ED8A33C487E9D73FDE1CB698304AE47AAC77A7AA99E92214EEECD2D9,"Project counts measure Wikimedia presence, not advanced mathematics, educational quality, reader access, or language-wide digital resources. Bot-heavy editions can inflate articles."
tdd,448,9,7721,2496,0,0,0,0,0,0,0,0,0,0,0,0,49.778,,Mon Aug 24 21:45:18 UTC 2026,ACE-E020,53647853ED8A33C487E9D73FDE1CB698304AE47AAC77A7AA99E92214EEECD2D9,"Project counts measure Wikimedia presence, not advanced mathematics, educational quality, reader access, or language-wide digital resources. Bot-heavy editions can inflate articles."
te,128008,412,4802647,427670,287,5,28487,2559,0,0,0,0,23834,31,568451,212435,310.699,,Mon Aug 24 21:45:18 UTC 2026,ACE-E020,53647853ED8A33C487E9D73FDE1CB698304AE47AAC77A7AA99E92214EEECD2D9,"Project counts measure Wikimedia presence, not advanced mathematics, educational quality, reader access, or language-wide digital resources. Bot-heavy editions can inflate articles."
tet,1679,23,74772,5832,0,0,0,0,0,0,0,0,0,0,0,0,73.000,,Mon Aug 24 21:45:18 UTC 2026,ACE-E020,53647853ED8A33C487E9D73FDE1CB698304AE47AAC77A7AA99E92214EEECD2D9,"Project counts measure Wikimedia presence, not advanced mathematics, educational quality, reader access, or language-wide digital resources. Bot-heavy editions can inflate articles."
tg,118879,108,1483656,288904,56,5,3697,882,0,0,0,0,0,0,0,0,1100.731,,Mon Aug 24 21:45:18 UTC 2026,ACE-E020,53647853ED8A33C487E9D73FDE1CB698304AE47AAC77A7AA99E92214EEECD2D9,"Project counts measure Wikimedia presence, not advanced mathematics, educational quality, reader access, or language-wide digital resources. Bot-heavy editions can inflate articles."
th,186885,2891,13193818,1197059,1600,18,65852,17032,0,0,0,0,9626,28,295051,65379,64.644,,Mon Aug 24 21:45:18 UTC 2026,ACE-E020,53647853ED8A33C487E9D73FDE1CB698304AE47AAC77A7AA99E92214EEECD2D9,"Project counts measure Wikimedia presence, not advanced mathematics, educational quality, reader access, or language-wide digital resources. Bot-heavy editions can inflate articles."
ti,366,13,26039,3087,0,0,0,0,0,0,0,0,0,0,0,0,28.154,,Mon Aug 24 21:45:18 UTC 2026,ACE-E020,53647853ED8A33C487E9D73FDE1CB698304AE47AAC77A7AA99E92214EEECD2D9,"Project counts measure Wikimedia presence, not advanced mathematics, educational quality, reader access, or language-wide digital resources. Bot-heavy editions can inflate articles."
tig,64,17,6859,527,0,0,0,0,0,0,0,0,0,0,0,0,3.765,,Mon Aug 24 21:45:18 UTC 2026,ACE-E020,53647853ED8A33C487E9D73FDE1CB698304AE47AAC77A7AA99E92214EEECD2D9,"Project counts measure Wikimedia presence, not advanced mathematics, educational quality, reader access, or language-wide digital resources. Bot-heavy editions can inflate articles."
tk,7212,43,269585,17962,0,0,3754,241,0,0,0,0,0,0,0,0,167.721,,Mon Aug 24 21:45:18 UTC 2026,ACE-E020,53647853ED8A33C487E9D73FDE1CB698304AE47AAC77A7AA99E92214EEECD2D9,"Project counts measure Wikimedia presence, not advanced mathematics, educational quality, reader access, or language-wide digital resources. Bot-heavy editions can inflate articles."
tl,49286,296,2215210,250172,233,4,28865,2387,0,0,0,0,338,6,15749,2328,166.507,,Mon Aug 24 21:45:18 UTC 2026,ACE-E020,53647853ED8A33C487E9D73FDE1CB698304AE47AAC77A7AA99E92214EEECD2D9,"Project counts measure Wikimedia presence, not advanced mathematics, educational quality, reader access, or language-wide digital resources. Bot-heavy editions can inflate articles."
tly,10184,46,125650,14048,0,0,0,0,0,0,0,0,0,0,0,0,221.391,,Mon Aug 24 21:45:18 UTC 2026,ACE-E020,53647853ED8A33C487E9D73FDE1CB698304AE47AAC77A7AA99E92214EEECD2D9,"Project counts measure Wikimedia presence, not advanced mathematics, educational quality, reader access, or language-wide digital resources. Bot-heavy editions can inflate articles."
tn,5574,57,54250,10444,0,0,0,0,0,0,0,0,0,0,0,0,97.789,,Mon Aug 24 21:45:18 UTC 2026,ACE-E020,53647853ED8A33C487E9D73FDE1CB698304AE47AAC77A7AA99E92214EEECD2D9,"Project counts measure Wikimedia presence, not advanced mathematics, educational quality, reader access, or language-wide digital resources. Bot-heavy editions can inflate articles."
to,2047,10,44052,5548,0,0,0,0,0,0,0,0,0,0,0,0,204.700,,Mon Aug 24 21:45:18 UTC 2026,ACE-E020,53647853ED8A33C487E9D73FDE1CB698304AE47AAC77A7AA99E92214EEECD2D9,"Project counts measure Wikimedia presence, not advanced mathematics, educational quality, reader access, or language-wide digital resources. Bot-heavy editions can inflate articles."
tok,4604,90,63934,11548,0,0,0,0,0,0,0,0,0,0,0,0,51.156,,Mon Aug 24 21:45:18 UTC 2026,ACE-E020,53647853ED8A33C487E9D73FDE1CB698304AE47AAC77A7AA99E92214EEECD2D9,"Project counts measure Wikimedia presence, not advanced mathematics, educational quality, reader access, or language-wide digital resources. Bot-heavy editions can inflate articles."
total,68185091,565174,3937055700,270809190,364773,1525,13320105,1284600,167236,1125,7026802,649857,9901630,3537,83140471,28160453,120.644,,Mon Aug 24 21:45:18 UTC 2026,ACE-E020,53647853ED8A33C487E9D73FDE1CB698304AE47AAC77A7AA99E92214EEECD2D9,"Project counts measure Wikimedia presence, not advanced mathematics, educational quality, reader access, or language-wide digital resources. Bot-heavy editions can inflate articles."
totalactive,68185061,565146,3936581804,270799559,364102,1511,13119074,1273871,167236,1125,7026802,649857,9901617,3537,83136715,28160295,120.650,,Mon Aug 24 21:45:18 UTC 2026,ACE-E020,53647853ED8A33C487E9D73FDE1CB698304AE47AAC77A7AA99E92214EEECD2D9,"Project counts measure Wikimedia presence, not advanced mathematics, educational quality, reader access, or language-wide digital resources. Bot-heavy editions can inflate articles."
totalclosed,30,28,473896,9631,671,14,201031,10729,0,0,0,0,13,0,3756,158,1.071,,Mon Aug 24 21:45:18 UTC 2026,ACE-E020,53647853ED8A33C487E9D73FDE1CB698304AE47AAC77A7AA99E92214EEECD2D9,"Project counts measure Wikimedia presence, not advanced mathematics, educational quality, reader access, or language-wide digital resources. Bot-heavy editions can inflate articles."
tpi,1416,16,89607,5781,0,0,0,0,0,0,0,0,0,0,0,0,88.500,,Mon Aug 24 21:45:18 UTC 2026,ACE-E020,53647853ED8A33C487E9D73FDE1CB698304AE47AAC77A7AA99E92214EEECD2D9,"Project counts measure Wikimedia presence, not advanced mathematics, educational quality, reader access, or language-wide digital resources. Bot-heavy editions can inflate articles."
tr,697315,4821,37763190,3426053,1099,12,64776,9004,0,0,0,0,20025,32,174378,31564,144.641,,Mon Aug 24 21:45:18 UTC 2026,ACE-E020,53647853ED8A33C487E9D73FDE1CB698304AE47AAC77A7AA99E92214EEECD2D9,"Project counts measure Wikimedia presence, not advanced mathematics, educational quality, reader access, or language-wide digital resources. Bot-heavy editions can inflate articles."
trv,1201,14,104386,2222,0,0,0,0,0,0,0,0,0,0,0,0,85.786,,Mon Aug 24 21:45:18 UTC 2026,ACE-E020,53647853ED8A33C487E9D73FDE1CB698304AE47AAC77A7AA99E92214EEECD2D9,"Project counts measure Wikimedia presence, not advanced mathematics, educational quality, reader access, or language-wide digital resources. Bot-heavy editions can inflate articles."
ts,1140,37,41990,4648,0,0,0,0,0,0,0,0,0,0,0,0,30.811,,Mon Aug 24 21:45:18 UTC 2026,ACE-E020,53647853ED8A33C487E9D73FDE1CB698304AE47AAC77A7AA99E92214EEECD2D9,"Project counts measure Wikimedia presence, not advanced mathematics, educational quality, reader access, or language-wide digital resources. Bot-heavy editions can inflate articles."
tt,709027,93,6020101,1461002,270,7,7430,1634,0,0,0,0,0,0,0,0,7623.946,yes,Mon Aug 24 21:45:18 UTC 2026,ACE-E020,53647853ED8A33C487E9D73FDE1CB698304AE47AAC77A7AA99E92214EEECD2D9,"Project counts measure Wikimedia presence, not advanced mathematics, educational quality, reader access, or language-wide digital resources. Bot-heavy editions can inflate articles."
tum,19436,33,111288,40707,0,0,0,0,0,0,0,0,0,0,0,0,588.970,,Mon Aug 24 21:45:18 UTC 2026,ACE-E020,53647853ED8A33C487E9D73FDE1CB698304AE47AAC77A7AA99E92214EEECD2D9,"Project counts measure Wikimedia presence, not advanced mathematics, educational quality, reader access, or language-wide digital resources. Bot-heavy editions can inflate articles."
tw,4735,22,138320,8823,0,0,0,0,0,0,0,0,0,0,0,0,215.227,,Mon Aug 24 21:45:18 UTC 2026,ACE-E020,53647853ED8A33C487E9D73FDE1CB698304AE47AAC77A7AA99E92214EEECD2D9,"Project counts measure Wikimedia presence, not advanced mathematics, educational quality, reader access, or language-wide digital resources. Bot-heavy editions can inflate articles."
ty,1251,12,54235,3087,0,0,0,0,0,0,0,0,0,0,0,0,104.250,,Mon Aug 24 21:45:18 UTC 2026,ACE-E020,53647853ED8A33C487E9D73FDE1CB698304AE47AAC77A7AA99E92214EEECD2D9,"Project counts measure Wikimedia presence, not advanced mathematics, educational quality, reader access, or language-wide digital resources. Bot-heavy editions can inflate articles."
tyv,4124,17,52535,15186,0,0,0,0,0,0,0,0,0,0,0,0,242.588,,Mon Aug 24 21:45:18 UTC 2026,ACE-E020,53647853ED8A33C487E9D73FDE1CB698304AE47AAC77A7AA99E92214EEECD2D9,"Project counts measure Wikimedia presence, not advanced mathematics, educational quality, reader access, or language-wide digital resources. Bot-heavy editions can inflate articles."
udm,5917,24,130095,20507,0,0,0,0,0,0,0,0,0,0,0,0,246.542,,Mon Aug 24 21:45:18 UTC 2026,ACE-E020,53647853ED8A33C487E9D73FDE1CB698304AE47AAC77A7AA99E92214EEECD2D9,"Project counts measure Wikimedia presence, not advanced mathematics, educational quality, reader access, or language-wide digital resources. Bot-heavy editions can inflate articles."
ug,9727,27,175515,17698,0,0,3461,83,0,0,0,0,0,0,0,0,360.259,,Mon Aug 24 21:45:18 UTC 2026,ACE-E020,53647853ED8A33C487E9D73FDE1CB698304AE47AAC77A7AA99E92214EEECD2D9,"Project counts measure Wikimedia presence, not advanced mathematics, educational quality, reader access, or language-wide digital resources. Bot-heavy editions can inflate articles."
uk,1432296,4805,48543959,5374242,1160,17,41435,3776,0,0,0,0,400530,149,1102925,569266,298.084,,Mon Aug 24 21:45:18 UTC 2026,ACE-E020,53647853ED8A33C487E9D73FDE1CB698304AE47AAC77A7AA99E92214EEECD2D9,"Project counts measure Wikimedia presence, not advanced mathematics, educational quality, reader access, or language-wide digital resources. Bot-heavy editions can inflate articles."
ur,673887,418,11806673,3019915,225,5,9181,1537,0,0,0,0,11921,16,35820,13927,1612.170,,Mon Aug 24 21:45:18 UTC 2026,ACE-E020,53647853ED8A33C487E9D73FDE1CB698304AE47AAC77A7AA99E92214EEECD2D9,"Project counts measure Wikimedia presence, not advanced mathematics, educational quality, reader access, or language-wide digital resources. Bot-heavy editions can inflate articles."
uz,357320,536,6244936,1289311,4,2,4148,395,0,0,0,0,0,0,0,0,666.642,,Mon Aug 24 21:45:18 UTC 2026,ACE-E020,53647853ED8A33C487E9D73FDE1CB698304AE47AAC77A7AA99E92214EEECD2D9,"Project counts measure Wikimedia presence, not advanced mathematics, educational quality, reader access, or language-wide digital resources. Bot-heavy editions can inflate articles."
ve,913,27,22920,2741,0,0,0,0,0,0,0,0,0,0,0,0,33.815,,Mon Aug 24 21:45:18 UTC 2026,ACE-E020,53647853ED8A33C487E9D73FDE1CB698304AE47AAC77A7AA99E92214EEECD2D9,"Project counts measure Wikimedia presence, not advanced mathematics, educational quality, reader access, or language-wide digital resources. Bot-heavy editions can inflate articles."
vec,69621,43,1229557,143573,0,0,0,0,0,0,0,0,5798,4,86735,19381,1619.093,,Mon Aug 24 21:45:18 UTC 2026,ACE-E020,53647853ED8A33C487E9D73FDE1CB698304AE47AAC77A7AA99E92214EEECD2D9,"Project counts measure Wikimedia presence, not advanced mathematics, educational quality, reader access, or language-wide digital resources. Bot-heavy editions can inflate articles."
vep,7112,34,189681,39598,0,0,0,0,0,0,0,0,0,0,0,0,209.176,,Mon Aug 24 21:45:18 UTC 2026,ACE-E020,53647853ED8A33C487E9D73FDE1CB698304AE47AAC77A7AA99E92214EEECD2D9,"Project counts measure Wikimedia presence, not advanced mathematics, educational quality, reader access, or language-wide digital resources. Bot-heavy editions can inflate articles."
vi,1304011,4940,75423898,4600954,8270,19,542648,16537,0,0,0,0,19101,53,206010,66745,263.970,,Mon Aug 24 21:45:18 UTC 2026,ACE-E020,53647853ED8A33C487E9D73FDE1CB698304AE47AAC77A7AA99E92214EEECD2D9,"Project counts measure Wikimedia presence, not advanced mathematics, educational quality, reader access, or language-wide digital resources. Bot-heavy editions can inflate articles."
vls,8361,35,326965,23400,0,0,0,0,0,0,0,0,0,0,0,0,238.886,,Mon Aug 24 21:45:18 UTC 2026,ACE-E020,53647853ED8A33C487E9D73FDE1CB698304AE47AAC77A7AA99E92214EEECD2D9,"Project counts measure Wikimedia presence, not advanced mathematics, educational quality, reader access, or language-wide digital resources. Bot-heavy editions can inflate articles."
vo,54939,41,3337364,174042,2,1,4157,297,0,0,0,0,0,0,0,0,1339.976,,Mon Aug 24 21:45:18 UTC 2026,ACE-E020,53647853ED8A33C487E9D73FDE1CB698304AE47AAC77A7AA99E92214EEECD2D9,"Project counts measure Wikimedia presence, not advanced mathematics, educational quality, reader access, or language-wide digital resources. Bot-heavy editions can inflate articles."
wa,13011,34,425783,31111,2,0,4025,130,0,0,0,0,2620,13,36728,6460,382.676,,Mon Aug 24 21:45:18 UTC 2026,ACE-E020,53647853ED8A33C487E9D73FDE1CB698304AE47AAC77A7AA99E92214EEECD2D9,"Project counts measure Wikimedia presence, not advanced mathematics, educational quality, reader access, or language-wide digital resources. Bot-heavy editions can inflate articles."
war,1266947,84,7737199,2870643,0,0,0,0,0,0,0,0,0,0,0,0,15082.702,yes,Mon Aug 24 21:45:18 UTC 2026,ACE-E020,53647853ED8A33C487E9D73FDE1CB698304AE47AAC77A7AA99E92214EEECD2D9,"Project counts measure Wikimedia presence, not advanced mathematics, educational quality, reader access, or language-wide digital resources. Bot-heavy editions can inflate articles."
wo,1741,15,107475,5569,0,0,0,0,0,0,0,0,0,0,0,0,116.067,,Mon Aug 24 21:45:18 UTC 2026,ACE-E020,53647853ED8A33C487E9D73FDE1CB698304AE47AAC77A7AA99E92214EEECD2D9,"Project counts measure Wikimedia presence, not advanced mathematics, educational quality, reader access, or language-wide digital resources. Bot-heavy editions can inflate articles."
wuu,48295,90,397799,75497,0,0,0,0,0,0,0,0,0,0,0,0,536.611,,Mon Aug 24 21:45:18 UTC 2026,ACE-E020,53647853ED8A33C487E9D73FDE1CB698304AE47AAC77A7AA99E92214EEECD2D9,"Project counts measure Wikimedia presence, not advanced mathematics, educational quality, reader access, or language-wide digital resources. Bot-heavy editions can inflate articles."
www,0,0,0,0,0,0,0,0,0,0,0,0,65755,141,1356215,258694,,,Mon Aug 24 21:45:18 UTC 2026,ACE-E020,53647853ED8A33C487E9D73FDE1CB698304AE47AAC77A7AA99E92214EEECD2D9,"Project counts measure Wikimedia presence, not advanced mathematics, educational quality, reader access, or language-wide digital resources. Bot-heavy editions can inflate articles."
xal,1575,10,92869,12609,0,0,0,0,0,0,0,0,0,0,0,0,157.500,,Mon Aug 24 21:45:18 UTC 2026,ACE-E020,53647853ED8A33C487E9D73FDE1CB698304AE47AAC77A7AA99E92214EEECD2D9,"Project counts measure Wikimedia presence, not advanced mathematics, educational quality, reader access, or language-wide digital resources. Bot-heavy editions can inflate articles."
xh,2512,26,41561,5849,1,0,3527,131,0,0,0,0,0,0,0,0,96.615,,Mon Aug 24 21:45:18 UTC 2026,ACE-E020,53647853ED8A33C487E9D73FDE1CB698304AE47AAC77A7AA99E92214EEECD2D9,"Project counts measure Wikimedia presence, not advanced mathematics, educational quality, reader access, or language-wide digital resources. Bot-heavy editions can inflate articles."
xmf,22435,32,252210,42654,0,0,0,0,0,0,0,0,0,0,0,0,701.094,,Mon Aug 24 21:45:18 UTC 2026,ACE-E020,53647853ED8A33C487E9D73FDE1CB698304AE47AAC77A7AA99E92214EEECD2D9,"Project counts measure Wikimedia presence, not advanced mathematics, educational quality, reader access, or language-wide digital resources. Bot-heavy editions can inflate articles."
yi,15778,41,600467,44678,0,0,0,0,0,0,0,0,2639,6,20564,5463,384.829,,Mon Aug 24 21:45:18 UTC 2026,ACE-E020,53647853ED8A33C487E9D73FDE1CB698304AE47AAC77A7AA99E92214EEECD2D9,"Project counts measure Wikimedia presence, not advanced mathematics, educational quality, reader access, or language-wide digital resources. Bot-heavy editions can inflate articles."
yo,39551,75,627867,64791,0,0,3588,112,0,0,0,0,0,0,0,0,527.347,,Mon Aug 24 21:45:18 UTC 2026,ACE-E020,53647853ED8A33C487E9D73FDE1CB698304AE47AAC77A7AA99E92214EEECD2D9,"Project counts measure Wikimedia presence, not advanced mathematics, educational quality, reader access, or language-wide digital resources. Bot-heavy editions can inflate articles."
za,3023,15,43030,5633,3,0,11051,143,0,0,0,0,0,0,0,0,201.533,,Mon Aug 24 21:45:18 UTC 2026,ACE-E020,53647853ED8A33C487E9D73FDE1CB698304AE47AAC77A7AA99E92214EEECD2D9,"Project counts measure Wikimedia presence, not advanced mathematics, educational quality, reader access, or language-wide digital resources. Bot-heavy editions can inflate articles."
zea,7408,28,182130,13998,0,0,0,0,0,0,0,0,0,0,0,0,264.571,,Mon Aug 24 21:45:18 UTC 2026,ACE-E020,53647853ED8A33C487E9D73FDE1CB698304AE47AAC77A7AA99E92214EEECD2D9,"Project counts measure Wikimedia presence, not advanced mathematics, educational quality, reader access, or language-wide digital resources. Bot-heavy editions can inflate articles."
zgh,12265,46,177793,52354,0,0,0,0,0,0,0,0,0,0,0,0,266.630,,Mon Aug 24 21:45:18 UTC 2026,ACE-E020,53647853ED8A33C487E9D73FDE1CB698304AE47AAC77A7AA99E92214EEECD2D9,"Project counts measure Wikimedia presence, not advanced mathematics, educational quality, reader access, or language-wide digital resources. Bot-heavy editions can inflate articles."
zh,1551671,14092,93720346,8466625,3843,57,186539,20154,6850,180,356985,17805,3416760,274,8706859,6430066,110.110,,Mon Aug 24 21:45:18 UTC 2026,ACE-E020,53647853ED8A33C487E9D73FDE1CB698304AE47AAC77A7AA99E92214EEECD2D9,"Project counts measure Wikimedia presence, not advanced mathematics, educational quality, reader access, or language-wide digital resources. Bot-heavy editions can inflate articles."
zh-classical,14152,70,444288,122747,0,0,0,0,0,0,0,0,0,0,0,0,202.171,,Mon Aug 24 21:45:18 UTC 2026,ACE-E020,53647853ED8A33C487E9D73FDE1CB698304AE47AAC77A7AA99E92214EEECD2D9,"Project counts measure Wikimedia presence, not advanced mathematics, educational quality, reader access, or language-wide digital resources. Bot-heavy editions can inflate articles."
zh-min-nan,434580,121,3284872,1079902,16,1,6231,406,0,0,0,0,159,6,11225,3593,3591.570,,Mon Aug 24 21:45:18 UTC 2026,ACE-E020,53647853ED8A33C487E9D73FDE1CB698304AE47AAC77A7AA99E92214EEECD2D9,"Project counts measure Wikimedia presence, not advanced mathematics, educational quality, reader access, or language-wide digital resources. Bot-heavy editions can inflate articles."
zh-yue,151598,815,2448958,342832,0,0,0,0,0,0,0,0,0,0,0,0,186.010,,Mon Aug 24 21:45:18 UTC 2026,ACE-E020,53647853ED8A33C487E9D73FDE1CB698304AE47AAC77A7AA99E92214EEECD2D9,"Project counts measure Wikimedia presence, not advanced mathematics, educational quality, reader access, or language-wide digital resources. Bot-heavy editions can inflate articles."
zu,12575,67,127728,27845,1,0,3804,202,0,0,0,0,0,0,0,0,187.687,,Mon Aug 24 21:45:18 UTC 2026,ACE-E020,53647853ED8A33C487E9D73FDE1CB698304AE47AAC77A7AA99E92214EEECD2D9,"Project counts measure Wikimedia presence, not advanced mathematics, educational quality, reader access, or language-wide digital resources. Bot-heavy editions can inflate articles."
