portfolio_row_id,decision_lane,lane_rank,target_id,target_label,language_tag_or_mode,territory_or_community,population_low_persons,population_base_persons,population_high_persons,population_definition,population_reference_year,model_median_unmet_need_or_opportunity,standard_compute_p50_fecu,evidence_status,recommendation_basis,priority_action,publication_caveat,source_ids,source_urls,nonadditivity_rule,local_work_exclusion,row_sha256
direct:1:edition-target:lang:hi-Deva-IN,DIRECT_PERSON_COMPARABLE,1,edition-target:lang:hi-Deva-IN,Hindi,hi-Deva-IN,,322230097.000000,322230097.000000,322230097.000000,Raw Hindi mother-tongue return; excludes separately returned varieties inside Hindi umbrella,2011,119286966.326028,1220000.000000,A_DIRECT_TYPED_PERSON,Source-authorized person denominator under the common hierarchical prior; rank is model-conditional and currently population-dominant.,Measure target-stage resource fit and commission the highest-value open package without changing the population need estimate for prior production.,"Comparable-subset rank, not a moral ranking or a complete global allocation order. Missing target-specific factors use common priors.",IND_C16_2011,https://censusindia.gov.in/nada/index.php/catalog/10191,"Standalone intervention only; do not sum with another language, stage, script, or territory row without a proved disjoint-person crosswalk.",true,2F6A7439AC4603E0996C35D9231ABD5AA5271FE3BED412FC4C223C5B427270B2
direct:2:edition-target:lang:id-Latn-ID,DIRECT_PERSON_COMPARABLE,2,edition-target:lang:id-Latn-ID,Bahasa Indonesia,id-Latn-ID,,248501794.000000,248501794.000000,248501794.000000,"People aged five or older reported able to speak Indonesian under BPS's conversational definition; this is a reach ceiling, not a count needing every curriculum bundle.",2022,87463029.306054,1000000.000000,A_DIRECT_TYPED_PERSON,Source-authorized person denominator under the common hierarchical prior; rank is model-conditional and currently population-dominant.,Measure target-stage resource fit and commission the highest-value open package without changing the population need estimate for prior production.,"Comparable-subset rank, not a moral ranking or a complete global allocation order. Missing target-specific factors use common priors.",BPS_LANG_SPEAK_2022,https://sensus.bps.go.id/topik/tabular/sp2022/196/1/0,"Standalone intervention only; do not sum with another language, stage, script, or territory row without a proved disjoint-person crosswalk.",true,95DC31D30EDE17AA5F24B050F976EA5BE892796958AFD5FBFE7DC164BDDFBEC0
direct:3:edition-target:lang:ru-Cyrl-RU,DIRECT_PERSON_COMPARABLE,3,edition-target:lang:ru-Cyrl-RU,Russian — Russian Federation,ru-Cyrl-RU,,134319233.000000,134319233.000000,134319233.000000,"Rosstat count of people reporting ability in Russian; separate from daily use and not a literacy, L1 or academic-proficiency count.",2020 Census; reference date 2021-10-01,48028114.731318,1080000.000000,A_REGIONAL_EXACT_TYPED_PERSON,Source-authorized person denominator under the common hierarchical prior; rank is model-conditional and currently population-dominant.,Measure target-stage resource fit and commission the highest-value open package without changing the population need estimate for prior production.,"Comparable-subset rank, not a moral ranking or a complete global allocation order. Missing target-specific factors use common priors.",ASIA_8494F662F55E;ASIA_498C388D8FFE,https://rosstat.gov.ru/vpn/2020/Tom5_Nacionalnyj_sostav_i_vladenie_yazykami;https://www.unesco.org/sites/default/files/medias/fichiers/2024/06/0606_russian%20language.pdf,"Standalone intervention only; do not sum with another language, stage, script, or territory row without a proved disjoint-person crosswalk.",true,F2EC3B9B5C33789A282200562ECAD13CEDF9DE2A690B76BD0DD0C538EC6F9E49
direct:4:edition-target:lang:pnb-Arab-PK,DIRECT_PERSON_COMPARABLE,4,edition-target:lang:pnb-Arab-PK,Punjabi (Pakistan standard),pnb-Arab-PK,,88915544.000000,88915544.000000,88915544.000000,Census mother-tongue count; script not enumerated,2023,38667895.873606,1140000.000000,A_DIRECT_TYPED_PERSON,Source-authorized person denominator under the common hierarchical prior; rank is model-conditional and currently population-dominant.,Measure target-stage resource fit and commission the highest-value open package without changing the population need estimate for prior production.,"Comparable-subset rank, not a moral ranking or a complete global allocation order. Missing target-specific factors use common priors.",PBS_MT_2023,https://www.pbs.gov.pk/wp-content/uploads/census_tables/tables/table_11_national.pdf,"Standalone intervention only; do not sum with another language, stage, script, or territory row without a proved disjoint-person crosswalk.",true,7B687D253524FFE3DA26E4B6A0D604D23938E5406606432A87B566C4903BD32E
direct:5:edition-target:lang:bn-Beng-IN,DIRECT_PERSON_COMPARABLE,5,edition-target:lang:bn-Beng-IN,Bengali (India standard),bn-Beng-IN,,96177835.000000,96177835.000000,96177835.000000,Raw Census mother-tongue count,2011,35118379.766556,1250000.000000,A_DIRECT_TYPED_PERSON,Source-authorized person denominator under the common hierarchical prior; rank is model-conditional and currently population-dominant.,Measure target-stage resource fit and commission the highest-value open package without changing the population need estimate for prior production.,"Comparable-subset rank, not a moral ranking or a complete global allocation order. Missing target-specific factors use common priors.",IND_C16_2011,https://censusindia.gov.in/nada/index.php/catalog/10191,"Standalone intervention only; do not sum with another language, stage, script, or territory row without a proved disjoint-person crosswalk.",true,6DB024EC7B33DC80B751AFB269C4D749B820625586E1E344D2E214F430FD3C3A
direct:6:edition-target:lang:mr-Deva-IN,DIRECT_PERSON_COMPARABLE,6,edition-target:lang:mr-Deva-IN,Marathi,mr-Deva-IN,,82801140.000000,82801140.000000,82801140.000000,Raw Census mother-tongue count,2011,30978379.684931,1220000.000000,A_DIRECT_TYPED_PERSON,Source-authorized person denominator under the common hierarchical prior; rank is model-conditional and currently population-dominant.,Measure target-stage resource fit and commission the highest-value open package without changing the population need estimate for prior production.,"Comparable-subset rank, not a moral ranking or a complete global allocation order. Missing target-specific factors use common priors.",IND_C16_2011,https://censusindia.gov.in/nada/index.php/catalog/10191,"Standalone intervention only; do not sum with another language, stage, script, or territory row without a proved disjoint-person crosswalk.",true,4F8A91893D3C4BC899AE37B019CE6BCCDD828DDC6AFD21AFF3C09CB24B04B027
direct:7:edition-target:lang:te-Telu-IN,DIRECT_PERSON_COMPARABLE,7,edition-target:lang:te-Telu-IN,Telugu,te-Telu-IN,,81127740.000000,81127740.000000,81127740.000000,Census language total.,2011,30332495.132190,1250000.000000,A_DIRECT_TYPED_PERSON,Source-authorized person denominator under the common hierarchical prior; rank is model-conditional and currently population-dominant.,Measure target-stage resource fit and commission the highest-value open package without changing the population need estimate for prior production.,"Comparable-subset rank, not a moral ranking or a complete global allocation order. Missing target-specific factors use common priors.",source:llps:src_india_c16_2011,https://censusindia.gov.in/nada/index.php/catalog/10191,"Standalone intervention only; do not sum with another language, stage, script, or territory row without a proved disjoint-person crosswalk.",true,27D962BC49111619C85592479B7E0201795B192046258E9538A2224C9659ED2D
direct:8:edition-target:lang:ta-Taml-IN,DIRECT_PERSON_COMPARABLE,8,edition-target:lang:ta-Taml-IN,Tamil (India standard),ta-Taml-IN,,68888839.000000,68888839.000000,68888839.000000,Raw Census mother-tongue count,2011,25238208.215236,1240000.000000,A_DIRECT_TYPED_PERSON,Source-authorized person denominator under the common hierarchical prior; rank is model-conditional and currently population-dominant.,Measure target-stage resource fit and commission the highest-value open package without changing the population need estimate for prior production.,"Comparable-subset rank, not a moral ranking or a complete global allocation order. Missing target-specific factors use common priors.",IND_C16_2011,https://censusindia.gov.in/nada/index.php/catalog/10191,"Standalone intervention only; do not sum with another language, stage, script, or territory row without a proved disjoint-person crosswalk.",true,8FDC1CE6564F82147C8D0836987557A6789AA0A68769A51D59836EFFD1D860F2
direct:9:edition-target:lang:jv-Latn-ID,DIRECT_PERSON_COMPARABLE,9,edition-target:lang:jv-Latn-ID,Javanese,jv-Latn-ID,,68044660.000000,68044660.000000,68044660.000000,Home language among population age 5+ in Census 2010.,2010,24717315.226857,1000000.000000,A_DIRECT_TYPED_PERSON,Source-authorized person denominator under the common hierarchical prior; rank is model-conditional and currently population-dominant.,Measure target-stage resource fit and commission the highest-value open package without changing the population need estimate for prior production.,"Comparable-subset rank, not a moral ranking or a complete global allocation order. Missing target-specific factors use common priors.",SRC_BPS_ID_2010,https://www.bps.go.id/id/publication/2012/05/23/55eca38b7fe0830834605b35/kewarganegaraan-suku-bangsa-agama-dan-bahasa-%20sehari-hari-penduduk-indonesia.html,"Standalone intervention only; do not sum with another language, stage, script, or territory row without a proved disjoint-person crosswalk.",true,AA2B90663E1DCE2A7A7FDD5C28B5C64371F6751B95530D8DA168360708CB9992
direct:10:edition-target:lang:th-Thai-TH,DIRECT_PERSON_COMPARABLE,10,edition-target:lang:th-Thai-TH,Central Thai,th-Thai-TH,,64080191.000000,64080191.000000,64080191.000000,"2010 census population classified as using only Thai at home (59,866,190) or Thai and another language at home (4,214,001); the two published categories sum to 64,080,191.",2010-09-01,21854153.080193,1180000.000000,A_REGIONAL_EXACT_TYPED_PERSON,Source-authorized person denominator under the common hierarchical prior; rank is model-conditional and currently population-dominant.,Measure target-stage resource fit and commission the highest-value open package without changing the population need estimate for prior production.,"Comparable-subset rank, not a moral ranking or a complete global allocation order. Missing target-specific factors use common priors.",ASIA_FD2E31624975;ASIA_60398CDE3EB5;ASIA_8D763B87EDD7;ASIA_E3C9435B44D2;ASIA_AF3F2061095E;ASIA_99790366BF51;ASIA_DC40538A57DA;ASIA_A943DE148B29;ASIA_AE4FF98E9CFE;ASIA_THA_NSO_CENSUS_2010_LANG,https://www.nso.go.th/public/e-book/Bulletin-of-Statistics/bulletin-4-68/32/;https://www.unicef.org/thailand/press-releases/mother-tongue-based-education-provides-ethnic-children-fair-chance-learn;https://www.unicef.org/thailand/media/1282/file/Bridge%20to%20a%20Brighter%20Tomorrow%20%28Full%20Report%29.pdf;https://datahub.itu.int/data/?e=THA;https://dltv.ac.th/;https://www.dltv.ac.th/downloads;https://dltv.ac.th/content/content-detail/11090/1001;https://www.nso.go.th/public/e-book/Statistical-Yearbook/SYB-2025/77/;https://academic.obec.go.th/download/obec_book_teacher/basic_education_core_curriculum/051-01-1_Laksut%20Kaen%20Klang%20Kansueksa%20Khanphuenthan%20_2551_eng.pdf;https://catalogapi.nso.go.th/api/doc/department/D10/SD10_04/SD10_04_165_2.pdf,"Standalone intervention only; do not sum with another language, stage, script, or territory row without a proved disjoint-person crosswalk.",true,2A067B9BDADA79498F792C7637B62D50A258C1C4D7312FCF0B73C5CD0E9E2925
direct:11:edition-target:lang:gu-Gujr-IN,DIRECT_PERSON_COMPARABLE,11,edition-target:lang:gu-Gujr-IN,Gujarati,gu-Gujr-IN,,55036204.000000,55036204.000000,55036204.000000,Raw Census mother-tongue count,2011,20261192.261380,1220000.000000,A_DIRECT_TYPED_PERSON,Source-authorized person denominator under the common hierarchical prior; rank is model-conditional and currently population-dominant.,Measure target-stage resource fit and commission the highest-value open package without changing the population need estimate for prior production.,"Comparable-subset rank, not a moral ranking or a complete global allocation order. Missing target-specific factors use common priors.",IND_C16_2011,https://censusindia.gov.in/nada/index.php/catalog/10191,"Standalone intervention only; do not sum with another language, stage, script, or territory row without a proved disjoint-person crosswalk.",true,A50A4D20E864C3AD0119A07903F77D45E3BDC010A857A414946DD327B2B97293
direct:12:edition-target:lang:ps-Arab-PK,DIRECT_PERSON_COMPARABLE,12,edition-target:lang:ps-Arab-PK,Pashto (Pakistan curriculum pack),ps-Arab-PK,,43633946.000000,43633946.000000,43633946.000000,Census mother-tongue count,2023,19363224.133662,1140000.000000,A_DIRECT_TYPED_PERSON,Source-authorized person denominator under the common hierarchical prior; rank is model-conditional and currently population-dominant.,Measure target-stage resource fit and commission the highest-value open package without changing the population need estimate for prior production.,"Comparable-subset rank, not a moral ranking or a complete global allocation order. Missing target-specific factors use common priors.",PBS_MT_2023,https://www.pbs.gov.pk/wp-content/uploads/census_tables/tables/table_11_national.pdf,"Standalone intervention only; do not sum with another language, stage, script, or territory row without a proved disjoint-person crosswalk.",true,5F452897274CDAA8743D92681693F855D78AFC1B2CD488FD3AE85E757FE579A7
direct:13:edition-target:lang:bho-Deva-IN,DIRECT_PERSON_COMPARABLE,13,edition-target:lang:bho-Deva-IN,Bhojpuri,bho-Deva-IN,,50579447.000000,50579447.000000,50579447.000000,Raw mother-tongue return inside Census Hindi umbrella,2011,18937757.126398,1220000.000000,A_DIRECT_TYPED_PERSON,Source-authorized person denominator under the common hierarchical prior; rank is model-conditional and currently population-dominant.,Measure target-stage resource fit and commission the highest-value open package without changing the population need estimate for prior production.,"Comparable-subset rank, not a moral ranking or a complete global allocation order. Missing target-specific factors use common priors.",IND_C16_2011,https://censusindia.gov.in/nada/index.php/catalog/10191,"Standalone intervention only; do not sum with another language, stage, script, or territory row without a proved disjoint-person crosswalk.",true,EC3F7A606A114AF141F91F1DEF7D9490FCBC3214DE5E5D27E08EDC9ADA7D2600
direct:14:edition-target:lang:ur-Arab-IN,DIRECT_PERSON_COMPARABLE,14,edition-target:lang:ur-Arab-IN,Urdu,ur-Arab-IN,,50725762.000000,50725762.000000,50725762.000000,Raw Census mother-tongue count,2011,18746774.420556,1140000.000000,A_DIRECT_TYPED_PERSON,Source-authorized person denominator under the common hierarchical prior; rank is model-conditional and currently population-dominant.,Measure target-stage resource fit and commission the highest-value open package without changing the population need estimate for prior production.,"Comparable-subset rank, not a moral ranking or a complete global allocation order. Missing target-specific factors use common priors.",IND_C16_2011,https://censusindia.gov.in/nada/index.php/catalog/10191,"Standalone intervention only; do not sum with another language, stage, script, or territory row without a proved disjoint-person crosswalk.",true,08C34E2DEB738FDD3EDF61BDE9CB5443AAEAF0BCD9C32DDBDD8BC9E643607229
direct:15:edition-target:lang:my-Mymr-MM,DIRECT_PERSON_COMPARABLE,15,edition-target:lang:my-Mymr-MM,Burmese,my-Mymr-MM,,36000000.000000,,41000000.000000,Planning range inferred in the cited World Bank report from about 80% current household use and an older estimate near 70%; not a census L1 count.,2022,17171728.631663,1240000.000000,B_INTERVAL_TYPED_PERSON,Source-authorized person denominator under the common hierarchical prior; rank is model-conditional and currently population-dominant.,Measure target-stage resource fit and commission the highest-value open package without changing the population need estimate for prior production.,"Comparable-subset rank, not a moral ranking or a complete global allocation order. Missing target-specific factors use common priors.",MMR_WB_PHONE_2023_24,https://documents1.worldbank.org/curated/en/099070124012035856/pdf/P50066314cb91a0d4199041567b48f877da.pdf,"Standalone intervention only; do not sum with another language, stage, script, or territory row without a proved disjoint-person crosswalk.",true,E6AAFBE4805C4A89C2D5A3220CBD4FD9BC9DAF14CD0D17B8F1567E6EBF92AC4F
direct:16:edition-target:lang:uz-Latn-UZ,DIRECT_PERSON_COMPARABLE,16,edition-target:lang:uz-Latn-UZ,Uzbek,uz-Latn-UZ,,35700000.000000,35700000.000000,35700000.000000,Preliminary 2026 census native-language count; 91.3% of enumerated population.,2026,16913980.815691,1000000.000000,A_DIRECT_TYPED_PERSON,Source-authorized person denominator under the common hierarchical prior; rank is model-conditional and currently population-dominant.,Measure target-stage resource fit and commission the highest-value open package without changing the population need estimate for prior production.,"Comparable-subset rank, not a moral ranking or a complete global allocation order. Missing target-specific factors use common priors.",SRC_UZBEKISTAN_CENSUS_2026,https://stat.uz/en/press-center/news-of-committee/68979-a-oli-va-ishlo-kh-zhaligini-r-jkhatga-olish-tadbirining-dastlabki-natizhalariga-ba-ishlangan-konferentsiya-tkazildi-4,"Standalone intervention only; do not sum with another language, stage, script, or territory row without a proved disjoint-person crosswalk.",true,66300250C7556A0A2C5769C9AA42E85DAC797372C53F6838BADE8FAD3F2B9DD6
direct:17:edition-target:lang:kn-Knda-IN,DIRECT_PERSON_COMPARABLE,17,edition-target:lang:kn-Knda-IN,Kannada,kn-Knda-IN,,43506272.000000,43506272.000000,43506272.000000,Raw Census mother-tongue count,2011,16061994.344204,1230000.000000,A_DIRECT_TYPED_PERSON,Source-authorized person denominator under the common hierarchical prior; rank is model-conditional and currently population-dominant.,Measure target-stage resource fit and commission the highest-value open package without changing the population need estimate for prior production.,"Comparable-subset rank, not a moral ranking or a complete global allocation order. Missing target-specific factors use common priors.",IND_C16_2011,https://censusindia.gov.in/nada/index.php/catalog/10191,"Standalone intervention only; do not sum with another language, stage, script, or territory row without a proved disjoint-person crosswalk.",true,6451CA189CDA2E9E0379BD735B972F549FB2105193BF800B8EB672D732256643
direct:18:edition-target:lang:sd-Arab-PK,DIRECT_PERSON_COMPARABLE,18,edition-target:lang:sd-Arab-PK,Sindhi (Pakistan standard),sd-Arab-PK,,34401564.000000,34401564.000000,34401564.000000,Census mother-tongue count,2023,15421635.131045,1140000.000000,A_DIRECT_TYPED_PERSON,Source-authorized person denominator under the common hierarchical prior; rank is model-conditional and currently population-dominant.,Measure target-stage resource fit and commission the highest-value open package without changing the population need estimate for prior production.,"Comparable-subset rank, not a moral ranking or a complete global allocation order. Missing target-specific factors use common priors.",PBS_MT_2023,https://www.pbs.gov.pk/wp-content/uploads/census_tables/tables/table_11_national.pdf,"Standalone intervention only; do not sum with another language, stage, script, or territory row without a proved disjoint-person crosswalk.",true,2BECE141D3BB07F8B273204EC4EDA8A06FE13A96961F08E35A59264C2ED50C54
direct:19:edition-target:lang:ary-Arab-MA,DIRECT_PERSON_COMPARABLE,19,edition-target:lang:ary-Arab-MA,Moroccan Arabic,ary-Arab-MA,,33000000.000000,34000000.000000,35000000.000000,Derived screening band from 91.9% non-exclusive Darija use in RGPH 2024 and national population; not L1.,2024,14878712.306381,1140000.000000,B_INTERVAL_TYPED_PERSON,Source-authorized person denominator under the common hierarchical prior; rank is model-conditional and currently population-dominant.,Measure target-stage resource fit and commission the highest-value open package without changing the population need estimate for prior production.,"Comparable-subset rank, not a moral ranking or a complete global allocation order. Missing target-specific factors use common priors.",SRC_MOROCCO_RGPH_2024,https://www.hcp.ma/region-agadir/docs/docs/Note%20de%20synthese-%20Resultats%20du%20RGPH%202024%20%28Version%20Francaise%29%20%281.pdf,"Standalone intervention only; do not sum with another language, stage, script, or territory row without a proved disjoint-person crosswalk.",true,31F89F6568D5745D8B200CF903A1D4E8A766DB32FB6AB8460AB35A41F16ABC13
direct:20:edition-target:lang:es-Latn-US,DIRECT_PERSON_COMPARABLE,20,edition-target:lang:es-Latn-US,Spanish,es-Latn-US,,43369734.000000,43369734.000000,43369734.000000,People age 5+ speaking Spanish at home in ACS 2023.,2023,13908335.681905,1000000.000000,A_DIRECT_TYPED_PERSON,Source-authorized person denominator under the common hierarchical prior; rank is model-conditional and currently population-dominant.,Measure target-stage resource fit and commission the highest-value open package without changing the population need estimate for prior production.,"Comparable-subset rank, not a moral ranking or a complete global allocation order. Missing target-specific factors use common priors.",SRC_US_ACS_2023,https://data.census.gov/table/ACSDT1Y2023.B16001,"Standalone intervention only; do not sum with another language, stage, script, or territory row without a proved disjoint-person crosswalk.",true,A34EFE5346E902D7A79DD86D16CE1A8425518D0E54EDAF53A108AE89B1925558
direct:21:edition-target:lang:ml-Mlym-IN,DIRECT_PERSON_COMPARABLE,21,edition-target:lang:ml-Mlym-IN,Malayalam,ml-Mlym-IN,,34776533.000000,34776533.000000,34776533.000000,Raw Census mother-tongue count,2011,13036702.512464,1240000.000000,A_DIRECT_TYPED_PERSON,Source-authorized person denominator under the common hierarchical prior; rank is model-conditional and currently population-dominant.,Measure target-stage resource fit and commission the highest-value open package without changing the population need estimate for prior production.,"Comparable-subset rank, not a moral ranking or a complete global allocation order. Missing target-specific factors use common priors.",IND_C16_2011,https://censusindia.gov.in/nada/index.php/catalog/10191,"Standalone intervention only; do not sum with another language, stage, script, or territory row without a proved disjoint-person crosswalk.",true,A12D543DA01DFD37C3F4D6E2930D4D483CB0F42C1A4D40F7F999C05DC24024D2
direct:22:edition-target:lang:skr-Arab-PK,DIRECT_PERSON_COMPARABLE,22,edition-target:lang:skr-Arab-PK,Saraiki,skr-Arab-PK,,28849579.000000,28849579.000000,28849579.000000,Census mother-tongue count,2023,12849257.894271,1140000.000000,A_DIRECT_TYPED_PERSON,Source-authorized person denominator under the common hierarchical prior; rank is model-conditional and currently population-dominant.,Measure target-stage resource fit and commission the highest-value open package without changing the population need estimate for prior production.,"Comparable-subset rank, not a moral ranking or a complete global allocation order. Missing target-specific factors use common priors.",PBS_MT_2023,https://www.pbs.gov.pk/wp-content/uploads/census_tables/tables/table_11_national.pdf,"Standalone intervention only; do not sum with another language, stage, script, or territory row without a proved disjoint-person crosswalk.",true,AB15EDF4AD05E8B13DC92B50A8EC9BBADBCF8BF15777ABE83038600B7486BFD9
direct:23:edition-target:lang:om-Latn-ET,DIRECT_PERSON_COMPARABLE,23,edition-target:lang:om-Latn-ET,Oromo,om-Latn-ET,,24930424.000000,24930424.000000,24930424.000000,"Persons reporting Oromo as mother tongue in the 2007 national census, Table 3.2; the census construct does not explicitly enumerate Qubee literacy.",2007,12790118.802412,1000000.000000,A_REGIONAL_EXACT_TYPED_PERSON,Source-authorized person denominator under the common hierarchical prior; rank is model-conditional and currently population-dominant.,Measure target-stage resource fit and commission the highest-value open package without changing the population need estimate for prior production.,"Comparable-subset rank, not a moral ranking or a complete global allocation order. Missing target-specific factors use common priors.",ET_ESS_CENSUS_2007;ET_MOE_POLICY;ET_MOE_ESAA_2022;ET_WB_LP_2024;WB_WDI_COMPLETION_2026;WB_WDI_INTERNET_2026;WB_WDI_ELECTRICITY_2026;UNICEF_LP_OFFLINE;WMF_WIKI_STATS_20260901;WMF_TERMS,https://drs.ess.gov.et/bitstreams/61d74990-69a7-4f11-8e91-9234ca31d94f/download;https://www.moe.gov.et/storage/Books/Ethiopia%20Education%20and%20Training%20Policy.pdf;https://moe.gov.et/storage/Books/ESAA%202014%20EC%20%282021-22%20G.C%29%20Final.pdf;https://documents1.worldbank.org/curated/en/099062624135522075/pdf/P1792091d3bd9308519cdf1354887c45a1d.pdf;https://data.worldbank.org/indicator/SE.PRM.CMPT.ZS;https://data.worldbank.org/indicator/IT.NET.USER.ZS;https://data.worldbank.org/indicator/EG.ELC.ACCS.ZS;https://www.unicef.org/learningpassport/offline-learning;https://commons.wikimedia.org/wiki/Data:Wikipedia_statistics/data.tab?action=raw;https://foundation.wikimedia.org/wiki/Policy:Terms_of_Use,"Standalone intervention only; do not sum with another language, stage, script, or territory row without a proved disjoint-person crosswalk.",true,DC7CCB73D04DAEEE5F3864D91122713B938FFAE44DDFDBE11A76C29FA40013D8
direct:24:edition-target:lang:or-Orya-IN,DIRECT_PERSON_COMPARABLE,24,edition-target:lang:or-Orya-IN,Odia,or-Orya-IN,,34059266.000000,34059266.000000,34059266.000000,Raw Odia mother-tongue count; excludes separately returned Sambalpuri and others,2011,12732594.771120,1230000.000000,A_DIRECT_TYPED_PERSON,Source-authorized person denominator under the common hierarchical prior; rank is model-conditional and currently population-dominant.,Measure target-stage resource fit and commission the highest-value open package without changing the population need estimate for prior production.,"Comparable-subset rank, not a moral ranking or a complete global allocation order. Missing target-specific factors use common priors.",IND_C16_2011,https://censusindia.gov.in/nada/index.php/catalog/10191,"Standalone intervention only; do not sum with another language, stage, script, or territory row without a proved disjoint-person crosswalk.",true,B342284F0806EBC61D9053E96AA4B93C5F00AB5575ECA3A54351F16F5CA57304
direct:25:edition-target:lang:yo-Latn-NG,DIRECT_PERSON_COMPARABLE,25,edition-target:lang:yo-Latn-NG,Standard Yoruba,yo-Latn-NG,,28000000.000000,30000000.000000,32000000.000000,"Approximate federal-government speaker estimate, around 30m.",2026,12548589.435452,1000000.000000,B_INTERVAL_TYPED_PERSON,Source-authorized person denominator under the common hierarchical prior; rank is model-conditional and currently population-dominant.,Measure target-stage resource fit and commission the highest-value open package without changing the population need estimate for prior production.,"Comparable-subset rank, not a moral ranking or a complete global allocation order. Missing target-specific factors use common priors.",SRC_NIGERIA_FMACCE,https://www.fmacce.gov.ng/indigenous-language,"Standalone intervention only; do not sum with another language, stage, script, or territory row without a proved disjoint-person crosswalk.",true,F17762846CA06AFE8A133F67BD45949CF2B07B54028B6642FCFB911898AA5816
direct:26:edition-target:lang:su-Latn-ID,DIRECT_PERSON_COMPARABLE,26,edition-target:lang:su-Latn-ID,Sundanese,su-Latn-ID,,32412752.000000,32412752.000000,32412752.000000,BPS daily-home-language count for people age five and above.,2010,11691958.876768,1000000.000000,A_DIRECT_TYPED_PERSON,Source-authorized person denominator under the common hierarchical prior; rank is model-conditional and currently population-dominant.,Measure target-stage resource fit and commission the highest-value open package without changing the population need estimate for prior production.,"Comparable-subset rank, not a moral ranking or a complete global allocation order. Missing target-specific factors use common priors.",IDN_BPS_LANG_2010,https://www.bps.go.id/en/publication/2012/05/23/55eca38b7fe0830834605b35/nationality--ethnicity--religion--and-dailylanguage-of-indonesian-population.html,"Standalone intervention only; do not sum with another language, stage, script, or territory row without a proved disjoint-person crosswalk.",true,D4E12B0CAEC7A2445960C65CF509237B975357ED8CB51E69F29A14752D13EECC
direct:27:edition-target:lang:mg-Latn-MG,DIRECT_PERSON_COMPARABLE,27,edition-target:lang:mg-Latn-MG,Standard,mg-Latn-MG,,23472708.000000,23484462.000000,23496217.000000,"Persons age 3+ able to speak Malagasy, derived from 23,507,970 and the published 99.9%; conservative interval reflects one-decimal percentage rounding.",2018,11558559.763897,1000000.000000,B_REGIONAL_INTERVAL_TYPED_PERSON,Source-authorized person denominator under the common hierarchical prior; rank is model-conditional and currently population-dominant.,Measure target-stage resource fit and commission the highest-value open package without changing the population need estimate for prior production.,"Comparable-subset rank, not a moral ranking or a complete global allocation order. Missing target-specific factors use common priors.",MG_INSTAT_CENSUS_2018;UNICEF_LANGUAGE_LEARNING_2016;MG_UNICEF_LUL;MG_MOE_PROGRAMS;WB_WDI_COMPLETION_2026;WB_WDI_INTERNET_2026;WB_WDI_ELECTRICITY_2026;UNICEF_LP_OFFLINE;WMF_WIKI_STATS_20260901;WMF_TERMS,https://instat.mg/documents/upload/main/INSTAT_RGPH3-Definitif-ResultatsGlogaux-Tome1_17-2021.pdf;https://www.unicef.org/esa/sites/unicef.org.esa/files/2018-09/UNICEF-2016-Language-and-Learning-FullReport.pdf;https://www.unicef.org/madagascar/en/documents/learning-learning-madagascar-experience-improve-access-secondary-education-vulnerable;https://www.education.gov.mg/systeme-educatif/lycee/;https://data.worldbank.org/indicator/SE.PRM.CMPT.ZS;https://data.worldbank.org/indicator/IT.NET.USER.ZS;https://data.worldbank.org/indicator/EG.ELC.ACCS.ZS;https://www.unicef.org/learningpassport/offline-learning;https://commons.wikimedia.org/wiki/Data:Wikipedia_statistics/data.tab?action=raw;https://foundation.wikimedia.org/wiki/Policy:Terms_of_Use,"Standalone intervention only; do not sum with another language, stage, script, or territory row without a proved disjoint-person crosswalk.",true,B53B4C12EE1B337409EA61D46BF2EC6F2892063130E89147E91B2BA8F9800ECF
direct:28:edition-target:lang:pa-Guru-IN,DIRECT_PERSON_COMPARABLE,28,edition-target:lang:pa-Guru-IN,Eastern Punjabi,pa-Guru-IN,,31144095.000000,31144095.000000,31144095.000000,Raw Census mother-tongue count; script not enumerated,2011,11321066.874309,1230000.000000,A_DIRECT_TYPED_PERSON,Source-authorized person denominator under the common hierarchical prior; rank is model-conditional and currently population-dominant.,Measure target-stage resource fit and commission the highest-value open package without changing the population need estimate for prior production.,"Comparable-subset rank, not a moral ranking or a complete global allocation order. Missing target-specific factors use common priors.",IND_C16_2011,https://censusindia.gov.in/nada/index.php/catalog/10191,"Standalone intervention only; do not sum with another language, stage, script, or territory row without a proved disjoint-person crosswalk.",true,B2582DA8BA095EFA8BE3CF0EFED115F9576B7E47E5C03BC992DFEFECA44BE975
direct:29:edition-target:lang:am-Ethi-ET,DIRECT_PERSON_COMPARABLE,29,edition-target:lang:am-Ethi-ET,Amharic,am-Ethi-ET,,21634396.000000,21634396.000000,21634396.000000,"Persons reporting Amharic as mother tongue in the 2007 national census, Table 3.2.",2007,10832145.182611,1200000.000000,A_REGIONAL_EXACT_TYPED_PERSON,Source-authorized person denominator under the common hierarchical prior; rank is model-conditional and currently population-dominant.,Measure target-stage resource fit and commission the highest-value open package without changing the population need estimate for prior production.,"Comparable-subset rank, not a moral ranking or a complete global allocation order. Missing target-specific factors use common priors.",ET_ESS_CENSUS_2007;ET_MOE_POLICY;ET_MOE_ESAA_2022;ET_WB_LP_2024;WB_WDI_COMPLETION_2026;WB_WDI_INTERNET_2026;WB_WDI_ELECTRICITY_2026;UNICEF_LP_OFFLINE;WMF_WIKI_STATS_20260901;WMF_TERMS,https://drs.ess.gov.et/bitstreams/61d74990-69a7-4f11-8e91-9234ca31d94f/download;https://www.moe.gov.et/storage/Books/Ethiopia%20Education%20and%20Training%20Policy.pdf;https://moe.gov.et/storage/Books/ESAA%202014%20EC%20%282021-22%20G.C%29%20Final.pdf;https://documents1.worldbank.org/curated/en/099062624135522075/pdf/P1792091d3bd9308519cdf1354887c45a1d.pdf;https://data.worldbank.org/indicator/SE.PRM.CMPT.ZS;https://data.worldbank.org/indicator/IT.NET.USER.ZS;https://data.worldbank.org/indicator/EG.ELC.ACCS.ZS;https://www.unicef.org/learningpassport/offline-learning;https://commons.wikimedia.org/wiki/Data:Wikipedia_statistics/data.tab?action=raw;https://foundation.wikimedia.org/wiki/Policy:Terms_of_Use,"Standalone intervention only; do not sum with another language, stage, script, or territory row without a proved disjoint-person crosswalk.",true,4FC93CB4379C3D7E455EA37C2E9613B3BBDF47BD40CB7E70804775CFABBF1004
direct:30:edition-target:lang:ig-Latn-NG,DIRECT_PERSON_COMPARABLE,30,edition-target:lang:ig-Latn-NG,Igbo,ig-Latn-NG,,23000000.000000,25000000.000000,27000000.000000,"Approximate federal-government speaker estimate, around 25m.",2026,10300842.107648,1000000.000000,B_INTERVAL_TYPED_PERSON,Source-authorized person denominator under the common hierarchical prior; rank is model-conditional and currently population-dominant.,Measure target-stage resource fit and commission the highest-value open package without changing the population need estimate for prior production.,"Comparable-subset rank, not a moral ranking or a complete global allocation order. Missing target-specific factors use common priors.",SRC_NIGERIA_FMACCE,https://www.fmacce.gov.ng/indigenous-language,"Standalone intervention only; do not sum with another language, stage, script, or territory row without a proved disjoint-person crosswalk.",true,32C2BE9EC72D44A171D5DEA907AB5E5A65449A1C23B63F4D9C44AC6DF685A1E2
direct:31:edition-target:lang:ur-Arab-PK,DIRECT_PERSON_COMPARABLE,31,edition-target:lang:ur-Arab-PK,Urdu,ur-Arab-PK,,22249307.000000,22249307.000000,22249307.000000,Census mother-tongue count; wider functional reach uncounted,2023,9880680.729409,1140000.000000,A_DIRECT_TYPED_PERSON,Source-authorized person denominator under the common hierarchical prior; rank is model-conditional and currently population-dominant.,Measure target-stage resource fit and commission the highest-value open package without changing the population need estimate for prior production.,"Comparable-subset rank, not a moral ranking or a complete global allocation order. Missing target-specific factors use common priors.",PBS_MT_2023,https://www.pbs.gov.pk/wp-content/uploads/census_tables/tables/table_11_national.pdf,"Standalone intervention only; do not sum with another language, stage, script, or territory row without a proved disjoint-person crosswalk.",true,200FD53C9100DBB86D63338FC594FD8DDF53785A6CF407C5FFC9F8DE56C380A1
direct:32:edition-target:lang:cmn-Hant-TW,DIRECT_PERSON_COMPARABLE,32,edition-target:lang:cmn-Hant-TW,Taiwan Mandarin (Guoyu),cmn-Hant-TW,,21090192.000000,21090192.000000,21090192.000000,"DGBAS 2020 estimate: 14,463,896 current primary-use plus 6,626,296 current secondary-use Mandarin among resident nationals aged 6+.",2020-11-08,9109832.194097,1450000.000000,A_REGIONAL_EXACT_TYPED_PERSON,Source-authorized person denominator under the common hierarchical prior; rank is model-conditional and currently population-dominant.,Measure target-stage resource fit and commission the highest-value open package without changing the population need estimate for prior production.,"Comparable-subset rank, not a moral ranking or a complete global allocation order. Missing target-specific factors use common priors.",ASIA_TWN_DGBAS_CENSUS_2020_LANG,https://ws.dgbas.gov.tw/001/Upload/463/relfile/11065/230300/t006.xlsx,source_declared_overlapping_language_response_universe; retain standalone ranks; do not sum marginal language counts as unique people,true,553986BBA55D6065BC83F92181BA9A4A4E1BE3CA0C86E2F32860E926D32AD3EB
direct:33:edition-target:lang:nan-Hant-TW,DIRECT_PERSON_COMPARABLE,33,edition-target:lang:nan-Hant-TW,Taiwanese Taigi — Southern Min,nan-Hant-TW,,18728839.000000,18728839.000000,18728839.000000,"DGBAS 2020 estimate: 6,897,535 current primary-use plus 11,831,304 current secondary-use Taiwanese among resident nationals aged 6+.",2020-11-08,8049853.066990,1450000.000000,A_REGIONAL_EXACT_TYPED_PERSON,Source-authorized person denominator under the common hierarchical prior; rank is model-conditional and currently population-dominant.,Measure target-stage resource fit and commission the highest-value open package without changing the population need estimate for prior production.,"Comparable-subset rank, not a moral ranking or a complete global allocation order. Missing target-specific factors use common priors.",ASIA_TWN_DGBAS_CENSUS_2020_LANG,https://ws.dgbas.gov.tw/001/Upload/463/relfile/11065/230300/t006.xlsx,source_declared_overlapping_language_response_universe; retain standalone ranks; do not sum marginal language counts as unique people,true,53CE2703F582A875858BCC9997B678521F8CEB481079E59EA6306B3DF22CFDA0
direct:34:edition-target:lang:kmr-Latn-001,DIRECT_PERSON_COMPARABLE,34,edition-target:lang:kmr-Latn-001,Kurmanji Kurdish,kmr-Latn-001,,15000000.000000,,20000000.000000,Peer-reviewed Journal of Peace Research estimate of 15–20 million Kurmanji speakers; no midpoint is manufactured.,2025,7458209.169211,1000000.000000,B_REGIONAL_INTERVAL_TYPED_PERSON,Source-authorized person denominator under the common hierarchical prior; rank is model-conditional and currently population-dominant.,Measure target-stage resource fit and commission the highest-value open package without changing the population need estimate for prior production.,"Comparable-subset rank, not a moral ranking or a complete global allocation order. Missing target-specific factors use common priors.",KMR_POP_JPR;KURD_TURKEY_ED;KURD_TEXTBOOK_CORPUS;KURD_NLP_2016;OER_UNESCO_2019;WCAG_22,https://academic.oup.com/jpr/article/62/4/1128/8324575;https://dergipark.org.tr/en/pub/mulkiye/article/1068017;https://arxiv.org/abs/1909.11467;https://aclanthology.org/W16-4812.pdf;https://www.unesco.org/en/legal-affairs/recommendation-open-educational-resources-oer?hub=422;https://www.w3.org/TR/WCAG22/,"Standalone intervention only; do not sum with another language, stage, script, or territory row without a proved disjoint-person crosswalk.",true,C8E637462C85D67BC904E5D0DC7DEA853AD3F8FFD9CE8259ACE34AB1F0B142F8
direct:35:edition-target:lang:km-Khmr-KH,DIRECT_PERSON_COMPARABLE,35,edition-target:lang:km-Khmr-KH,Khmer,km-Khmr-KH,,14893134.000000,14893134.000000,14893134.000000,Cambodia 2019 census mother-tongue count.,2019,6425051.220158,1230000.000000,A_DIRECT_TYPED_PERSON,Source-authorized person denominator under the common hierarchical prior; rank is model-conditional and currently population-dominant.,Measure target-stage resource fit and commission the highest-value open package without changing the population need estimate for prior production.,"Comparable-subset rank, not a moral ranking or a complete global allocation order. Missing target-specific factors use common priors.",KHM_CENSUS_2019,https://nis.gov.kh/nis/Census2019/Final%20General%20Population%20Census%202019-English.pdf,"Standalone intervention only; do not sum with another language, stage, script, or territory row without a proved disjoint-person crosswalk.",true,D5E410257F1392EB2C2A4C20526AF0568DDE9E30E66A5D061B7C47568089DEDC
direct:36:edition-target:lang:hne-Deva-IN,DIRECT_PERSON_COMPARABLE,36,edition-target:lang:hne-Deva-IN,Chhattisgarhi,hne-Deva-IN,,16245190.000000,16245190.000000,16245190.000000,Mother-tongue return inside Hindi umbrella,2011,6149263.874216,1220000.000000,A_DIRECT_TYPED_PERSON,Source-authorized person denominator under the common hierarchical prior; rank is model-conditional and currently population-dominant.,Measure target-stage resource fit and commission the highest-value open package without changing the population need estimate for prior production.,"Comparable-subset rank, not a moral ranking or a complete global allocation order. Missing target-specific factors use common priors.",IND_C16_2011,https://censusindia.gov.in/nada/index.php/catalog/10191,"Standalone intervention only; do not sum with another language, stage, script, or territory row without a proved disjoint-person crosswalk.",true,359B1F903A05B4E151CC14F3245A6B9533F8E708034B576FD9929EA12E06CFCC
direct:37:edition-target:lang:zu-Latn-ZA,DIRECT_PERSON_COMPARABLE,37,edition-target:lang:zu-Latn-ZA,isiZulu,zu-Latn-ZA,,14613202.000000,14613202.000000,14613202.000000,"Persons age 1+ for whom isiZulu was the language most often spoken in the household, South Africa Census 2022.",2022,6036704.165217,1000000.000000,A_REGIONAL_EXACT_TYPED_PERSON,Source-authorized person denominator under the common hierarchical prior; rank is model-conditional and currently population-dominant.,Measure target-stage resource fit and commission the highest-value open package without changing the population need estimate for prior production.,"Comparable-subset rank, not a moral ranking or a complete global allocation order. Missing target-specific factors use common priors.",ZA_STATSSA_CENSUS_2022;ZA_STATSSA_METADATA_2022;ZA_UNDATA_LANGUAGE_2022;ZA_DBE_PIRLS_2021;ZA_DBE_MTBBE_2025;WB_WDI_COMPLETION_2026;WB_WDI_INTERNET_2026;WB_WDI_ELECTRICITY_2026;UNICEF_LP_OFFLINE;WMF_WIKI_STATS_20260901;WMF_TERMS,"https://census.statssa.gov.za/assets/documents/2022/P03014_Census_2022_Statistical_Release.pdf;https://census.statssa.gov.za/assets/documents/2022/Census2022tenpercentmetadata.pdf;https://data.un.org/Data.aspx?c=2,3,6,8,10,12,14,15,16&d=POP&f=tableCode:27%3BcountryCode:710&s=refYear:desc;https://www.education.gov.za/Portals/0/Documents/Reports/2023/PIRLS%202021_Highlights%20Reports.pdf;https://www.education.gov.za/Programmes/MTbBE.aspx;https://data.worldbank.org/indicator/SE.PRM.CMPT.ZS;https://data.worldbank.org/indicator/IT.NET.USER.ZS;https://data.worldbank.org/indicator/EG.ELC.ACCS.ZS;https://www.unicef.org/learningpassport/offline-learning;https://commons.wikimedia.org/wiki/Data:Wikipedia_statistics/data.tab?action=raw;https://foundation.wikimedia.org/wiki/Policy:Terms_of_Use","Standalone intervention only; do not sum with another language, stage, script, or territory row without a proved disjoint-person crosswalk.",true,517E91F4A9CB42A8DF18A6889DE1CEE1207507E34D4E9A7891D523881736D44F
direct:38:edition-target:lang:ne-Deva-NP,DIRECT_PERSON_COMPARABLE,38,edition-target:lang:ne-Deva-NP,Nepali (Nepal standard),ne-Deva-NP,,13084457.000000,13084457.000000,13084457.000000,Census mother-tongue count,2021,5609219.360985,1220000.000000,A_DIRECT_TYPED_PERSON,Source-authorized person denominator under the common hierarchical prior; rank is model-conditional and currently population-dominant.,Measure target-stage resource fit and commission the highest-value open package without changing the population need estimate for prior production.,"Comparable-subset rank, not a moral ranking or a complete global allocation order. Missing target-specific factors use common priors.",NPL_LANG_2021,https://censusnepal.cbs.gov.np/results/files/result-folder/Language%20in%20Nepal.pdf,"Standalone intervention only; do not sum with another language, stage, script, or territory row without a proved disjoint-person crosswalk.",true,C5449E2FCFA970413A0DE29C517EB5F0F88A255747CD0E4A1441AF9EB6634916
direct:39:edition-target:lang:as-Beng-IN,DIRECT_PERSON_COMPARABLE,39,edition-target:lang:as-Beng-IN,Assamese,as-Beng-IN,,14816414.000000,14816414.000000,14816414.000000,Raw Census mother-tongue count,2011,5547295.167905,1250000.000000,A_DIRECT_TYPED_PERSON,Source-authorized person denominator under the common hierarchical prior; rank is model-conditional and currently population-dominant.,Measure target-stage resource fit and commission the highest-value open package without changing the population need estimate for prior production.,"Comparable-subset rank, not a moral ranking or a complete global allocation order. Missing target-specific factors use common priors.",IND_C16_2011,https://censusindia.gov.in/nada/index.php/catalog/10191,"Standalone intervention only; do not sum with another language, stage, script, or territory row without a proved disjoint-person crosswalk.",true,392156FE029A98589839FE7C757C3407590345C99315C227A04C3CB3E2610476
direct:40:edition-target:lang:kk-Cyrl-KZ,DIRECT_PERSON_COMPARABLE,40,edition-target:lang:kk-Cyrl-KZ,Kazakh,kk-Cyrl-KZ,,12670407.000000,12670407.000000,12670407.000000,2021 census count age 5+ reporting fluent spoken Kazakh.,2021,5544879.550657,1080000.000000,A_REGIONAL_EXACT_TYPED_PERSON,Source-authorized person denominator under the common hierarchical prior; rank is model-conditional and currently population-dominant.,Measure target-stage resource fit and commission the highest-value open package without changing the population need estimate for prior production.,"Comparable-subset rank, not a moral ranking or a complete global allocation order. Missing target-specific factors use common priors.",KAZ_CENSUS_2021;KAZ_UNICEF_SITAN;KAZ_UNICEF_AT;KAZ_UNICEF_CONNECT;OER_UNESCO_2019;WCAG_22,https://stat.gov.kz/upload/medialibrary/cee/3rsfg8ps3xo19orb284esg4rx27ihqf7/%D0%9D%D0%B0%D1%86%D0%B8%D0%BE%D0%BD%D0%B0%D0%BB%D1%8C%D0%BD%D1%8B%D0%B9%20%D1%81%D0%BE%D1%81%D1%82%D0%B0%D0%B2.pdf;https://www.unicef.org/kazakhstan/media/4611/file/Situation%20Analysis-2019.pdf;https://www.unicef.org/kazakhstan/en/media/15801/file/Analytical_Mission_Report_Kazakhstan_2025.pdf.pdf;https://www.unicef.org/kazakhstan/en/reports/market-assessment-satellite-based-solutions-connect-remote-rural-primary-secondary-schools;https://www.unesco.org/en/legal-affairs/recommendation-open-educational-resources-oer?hub=422;https://www.w3.org/TR/WCAG22/,"Standalone intervention only; do not sum with another language, stage, script, or territory row without a proved disjoint-person crosswalk.",true,FCEC8F5A4442D067128E950BD8B727113AAF96484867B2D1E33167B808C3B7A3
direct:41:edition-target:lang:mai-Deva-IN,DIRECT_PERSON_COMPARABLE,41,edition-target:lang:mai-Deva-IN,Maithili (India),mai-Deva-IN,,13353347.000000,13353347.000000,13353347.000000,Raw Census mother-tongue count,2011,4959628.354614,1220000.000000,A_DIRECT_TYPED_PERSON,Source-authorized person denominator under the common hierarchical prior; rank is model-conditional and currently population-dominant.,Measure target-stage resource fit and commission the highest-value open package without changing the population need estimate for prior production.,"Comparable-subset rank, not a moral ranking or a complete global allocation order. Missing target-specific factors use common priors.",IND_C16_2011,https://censusindia.gov.in/nada/index.php/catalog/10191,"Standalone intervention only; do not sum with another language, stage, script, or territory row without a proved disjoint-person crosswalk.",true,F10E1287446C93524C933B658D4E2E0985D7DB1B59AF94718E92072EC963F3B7
direct:42:edition-target:lang:mag-Deva-IN,DIRECT_PERSON_COMPARABLE,42,edition-target:lang:mag-Deva-IN,Magahi,mag-Deva-IN,,12706825.000000,12706825.000000,12706825.000000,Mother-tongue return inside Hindi umbrella,2011,4708245.092111,1220000.000000,A_DIRECT_TYPED_PERSON,Source-authorized person denominator under the common hierarchical prior; rank is model-conditional and currently population-dominant.,Measure target-stage resource fit and commission the highest-value open package without changing the population need estimate for prior production.,"Comparable-subset rank, not a moral ranking or a complete global allocation order. Missing target-specific factors use common priors.",IND_C16_2011,https://censusindia.gov.in/nada/index.php/catalog/10191,"Standalone intervention only; do not sum with another language, stage, script, or territory row without a proved disjoint-person crosswalk.",true,FBCA3BD711D2E8149579A3F4FEC0B11D5EF63C08524EC80784CBAA477B3CD1F9
direct:43:edition-target:lang:ca-Latn-ES,DIRECT_PERSON_COMPARABLE,43,edition-target:lang:ca-Latn-ES,Catalan,ca-Latn-ES,,9000000.000000,10000000.000000,11000000.000000,Institutional estimate of approximately 10m speakers.,2026,4307845.325594,1000000.000000,B_INTERVAL_TYPED_PERSON,Source-authorized person denominator under the common hierarchical prior; rank is model-conditional and currently population-dominant.,Measure target-stage resource fit and commission the highest-value open package without changing the population need estimate for prior production.,"Comparable-subset rank, not a moral ranking or a complete global allocation order. Missing target-specific factors use common priors.",SRC_COE_CATALAN_2026,https://llengua.gencat.cat/en/detalls/noticia/Language-Policy-Forum-2026,"Standalone intervention only; do not sum with another language, stage, script, or territory row without a proved disjoint-person crosswalk.",true,E1D25E54D1E1C010C5C9E5CDE854CC3732F5D839EF381E646FEB5BF7FA7D2EA8
direct:44:edition-target:lang:xh-Latn-ZA,DIRECT_PERSON_COMPARABLE,44,edition-target:lang:xh-Latn-ZA,isiXhosa,xh-Latn-ZA,,9786928.000000,9786928.000000,9786928.000000,"Persons age 1+ for whom isiXhosa was the language most often spoken in the household, South Africa Census 2022.",2022,3980640.963253,1000000.000000,A_REGIONAL_EXACT_TYPED_PERSON,Source-authorized person denominator under the common hierarchical prior; rank is model-conditional and currently population-dominant.,Measure target-stage resource fit and commission the highest-value open package without changing the population need estimate for prior production.,"Comparable-subset rank, not a moral ranking or a complete global allocation order. Missing target-specific factors use common priors.",ZA_STATSSA_CENSUS_2022;ZA_STATSSA_METADATA_2022;ZA_UNDATA_LANGUAGE_2022;ZA_DBE_PIRLS_2021;ZA_DBE_MTBBE_2025;WB_WDI_COMPLETION_2026;WB_WDI_INTERNET_2026;WB_WDI_ELECTRICITY_2026;UNICEF_LP_OFFLINE;WMF_WIKI_STATS_20260901;WMF_TERMS,"https://census.statssa.gov.za/assets/documents/2022/P03014_Census_2022_Statistical_Release.pdf;https://census.statssa.gov.za/assets/documents/2022/Census2022tenpercentmetadata.pdf;https://data.un.org/Data.aspx?c=2,3,6,8,10,12,14,15,16&d=POP&f=tableCode:27%3BcountryCode:710&s=refYear:desc;https://www.education.gov.za/Portals/0/Documents/Reports/2023/PIRLS%202021_Highlights%20Reports.pdf;https://www.education.gov.za/Programmes/MTbBE.aspx;https://data.worldbank.org/indicator/SE.PRM.CMPT.ZS;https://data.worldbank.org/indicator/IT.NET.USER.ZS;https://data.worldbank.org/indicator/EG.ELC.ACCS.ZS;https://www.unicef.org/learningpassport/offline-learning;https://commons.wikimedia.org/wiki/Data:Wikipedia_statistics/data.tab?action=raw;https://foundation.wikimedia.org/wiki/Policy:Terms_of_Use","Standalone intervention only; do not sum with another language, stage, script, or territory row without a proved disjoint-person crosswalk.",true,7A7F8CA91F5B6FACFA6BFDEB09F70BD4965696C831035BBD14F6EC3B6D4FA00F
direct:45:edition-target:lang:rw-Latn-RW,DIRECT_PERSON_COMPARABLE,45,edition-target:lang:rw-Latn-RW,Standard Kinyarwanda,rw-Latn-RW,,6486597.000000,6490743.000000,6494888.000000,"Persons age 15+ able to read, write and understand Kinyarwanda, derived from denominator 8,289,582 and the published 78.3%; conservative one-decimal rounding interval.",2022,3073509.336367,1000000.000000,B_REGIONAL_INTERVAL_TYPED_PERSON,Source-authorized person denominator under the common hierarchical prior; rank is model-conditional and currently population-dominant.,Measure target-stage resource fit and commission the highest-value open package without changing the population need estimate for prior production.,"Comparable-subset rank, not a moral ranking or a complete global allocation order. Missing target-specific factors use common priors.",RW_EDUCATION_LAW_2021;RW_NISR_EDUCATION_2022;UNICEF_LANGUAGE_LEARNING_2016;WB_WDI_COMPLETION_2026;WB_WDI_INTERNET_2026;WB_WDI_ELECTRICITY_2026;UNICEF_LP_OFFLINE;WMF_WIKI_STATS_20260901;WMF_TERMS,https://rwandalii.org/akn/rw/act/law/2021/10/eng%402021-02-18;https://www.statistics.gov.rw/sites/default/files/documents/2025-02/Education.pdf;https://www.unicef.org/esa/sites/unicef.org.esa/files/2018-09/UNICEF-2016-Language-and-Learning-FullReport.pdf;https://data.worldbank.org/indicator/SE.PRM.CMPT.ZS;https://data.worldbank.org/indicator/IT.NET.USER.ZS;https://data.worldbank.org/indicator/EG.ELC.ACCS.ZS;https://www.unicef.org/learningpassport/offline-learning;https://commons.wikimedia.org/wiki/Data:Wikipedia_statistics/data.tab?action=raw;https://foundation.wikimedia.org/wiki/Policy:Terms_of_Use,"Standalone intervention only; do not sum with another language, stage, script, or territory row without a proved disjoint-person crosswalk.",true,D7659DFA91446F850C7CB166B596749858BC9427464EDB2ABCBB0B9CC1398700
direct:46:edition-target:lang:mwr-Deva-IN,DIRECT_PERSON_COMPARABLE,46,edition-target:lang:mwr-Deva-IN,Marwari,mwr-Deva-IN,,7831749.000000,7831749.000000,7831749.000000,Separate mother-tongue return inside Hindi umbrella,2011,2977337.678668,1220000.000000,A_DIRECT_TYPED_PERSON,Source-authorized person denominator under the common hierarchical prior; rank is model-conditional and currently population-dominant.,Measure target-stage resource fit and commission the highest-value open package without changing the population need estimate for prior production.,"Comparable-subset rank, not a moral ranking or a complete global allocation order. Missing target-specific factors use common priors.",IND_C16_2011,https://censusindia.gov.in/nada/index.php/catalog/10191,"Standalone intervention only; do not sum with another language, stage, script, or territory row without a proved disjoint-person crosswalk.",true,E654B574FBA4715B2EE97C5717D19AF183018E70649F70706B74902C003D38CD
direct:47:edition-target:lang:mad-Latn-ID,DIRECT_PERSON_COMPARABLE,47,edition-target:lang:mad-Latn-ID,Madurese,mad-Latn-ID,,7743533.000000,7743533.000000,7743533.000000,BPS daily-home-language count for people age five and above.,2010,2820241.409441,1000000.000000,A_DIRECT_TYPED_PERSON,Source-authorized person denominator under the common hierarchical prior; rank is model-conditional and currently population-dominant.,Measure target-stage resource fit and commission the highest-value open package without changing the population need estimate for prior production.,"Comparable-subset rank, not a moral ranking or a complete global allocation order. Missing target-specific factors use common priors.",IDN_BPS_LANG_2010,https://www.bps.go.id/en/publication/2012/05/23/55eca38b7fe0830834605b35/nationality--ethnicity--religion--and-dailylanguage-of-indonesian-population.html,"Standalone intervention only; do not sum with another language, stage, script, or territory row without a proved disjoint-person crosswalk.",true,3EE39A1B5336CD959E0A28D5436C8D53406AA536B119B762D861B42CFBBC97D5
direct:48:edition-target:lang:yue-Hant-HK,DIRECT_PERSON_COMPARABLE,48,edition-target:lang:yue-Hant-HK,Cantonese (Yue),yue-Hant-HK,,6328947.000000,6328947.000000,6328947.000000,Usual spoken language among population age 5+ in Hong Kong Census 2021.,2021,2748977.331966,1450000.000000,A_DIRECT_TYPED_PERSON,Source-authorized person denominator under the common hierarchical prior; rank is model-conditional and currently population-dominant.,Measure target-stage resource fit and commission the highest-value open package without changing the population need estimate for prior production.,"Comparable-subset rank, not a moral ranking or a complete global allocation order. Missing target-specific factors use common priors.",SRC_HK_CENSUS_2021,https://www.censtatd.gov.hk/en/data/stat_report/product/B1120106/att/B11201062021XXXXB01.pdf,"Standalone intervention only; do not sum with another language, stage, script, or territory row without a proved disjoint-person crosswalk.",true,F9359B6EE3A159AE3BDC10E7838EEA384ABB7ADEC2793642DEFD16D1CA5367D0
direct:49:edition-target:lang:tk-Latn-TM,DIRECT_PERSON_COMPARABLE,49,edition-target:lang:tk-Latn-TM,Turkmen,tk-Latn-TM,,6297965.000000,6297965.000000,6297965.000000,Direct mother-tongue count in Census 2022.,2022,2657005.021712,1000000.000000,A_DIRECT_TYPED_PERSON,Source-authorized person denominator under the common hierarchical prior; rank is model-conditional and currently population-dominant.,Measure target-stage resource fit and commission the highest-value open package without changing the population need estimate for prior production.,"Comparable-subset rank, not a moral ranking or a complete global allocation order. Missing target-specific factors use common priors.",SRC_TURKMEN_CENSUS_2022,https://www.stat.gov.tm/population-census-pdfs/results/en/4.pdf,"Standalone intervention only; do not sum with another language, stage, script, or territory row without a proved disjoint-person crosswalk.",true,0021485B47C4EE4FB7E52DAF8F21729FCAF37971F394CAD626B7048B868BC98F
direct:50:edition-target:lang:so-Latn-ET,DIRECT_PERSON_COMPARABLE,50,edition-target:lang:so-Latn-ET,Standard Somali,so-Latn-ET,,4609274.000000,4609274.000000,4609274.000000,"Persons reporting Somali as mother tongue in Ethiopia's 2007 national census, Table 3.2.",2007,2569048.929237,1000000.000000,A_REGIONAL_EXACT_TYPED_PERSON,Source-authorized person denominator under the common hierarchical prior; rank is model-conditional and currently population-dominant.,Measure target-stage resource fit and commission the highest-value open package without changing the population need estimate for prior production.,"Comparable-subset rank, not a moral ranking or a complete global allocation order. Missing target-specific factors use common priors.",ET_ESS_CENSUS_2007;ET_MOE_POLICY;ET_MOE_ESAA_2022;ET_WB_LP_2024;WB_WDI_COMPLETION_2026;WB_WDI_INTERNET_2026;WB_WDI_ELECTRICITY_2026;UNICEF_LP_OFFLINE;WMF_WIKI_STATS_20260901;WMF_TERMS,https://drs.ess.gov.et/bitstreams/61d74990-69a7-4f11-8e91-9234ca31d94f/download;https://www.moe.gov.et/storage/Books/Ethiopia%20Education%20and%20Training%20Policy.pdf;https://moe.gov.et/storage/Books/ESAA%202014%20EC%20%282021-22%20G.C%29%20Final.pdf;https://documents1.worldbank.org/curated/en/099062624135522075/pdf/P1792091d3bd9308519cdf1354887c45a1d.pdf;https://data.worldbank.org/indicator/SE.PRM.CMPT.ZS;https://data.worldbank.org/indicator/IT.NET.USER.ZS;https://data.worldbank.org/indicator/EG.ELC.ACCS.ZS;https://www.unicef.org/learningpassport/offline-learning;https://commons.wikimedia.org/wiki/Data:Wikipedia_statistics/data.tab?action=raw;https://foundation.wikimedia.org/wiki/Policy:Terms_of_Use,"Standalone intervention only; do not sum with another language, stage, script, or territory row without a proved disjoint-person crosswalk.",true,55E40C5D8708874C32E7D9E731EB3F958B29E27721CF85E86766A3DA681DF1F0
direct:51:edition-target:lang:ckb-Arab-001,DIRECT_PERSON_COMPARABLE,51,edition-target:lang:ckb-Arab-001,Sorani Kurdish,ckb-Arab-001,,6000000.000000,,8000000.000000,Peer-reviewed NLP literature reports approximately 6–8 million Central Kurdish/Sorani speakers; no midpoint is manufactured.,2016,2517344.647142,1140000.000000,B_REGIONAL_INTERVAL_TYPED_PERSON,Source-authorized person denominator under the common hierarchical prior; rank is model-conditional and currently population-dominant.,Measure target-stage resource fit and commission the highest-value open package without changing the population need estimate for prior production.,"Comparable-subset rank, not a moral ranking or a complete global allocation order. Missing target-specific factors use common priors.",KURD_NLP_2016;KURD_TEXTBOOK_CORPUS;IRN_CONSTITUTION;OER_UNESCO_2019;WCAG_22,https://aclanthology.org/W16-4812.pdf;https://arxiv.org/abs/1909.11467;https://nezamat.ir/%D9%82%D8%A7%D9%86%D9%88%D9%86-%D8%A7%D8%B3%D8%A7%D8%B3%DB%8C-%D8%AC%D9%85%D9%87%D9%88%D8%B1%DB%8C-%D8%A7%D8%B3%D9%84%D8%A7%D9%85%DB%8C-%D8%A7%DB%8C%D8%B1%D8%A7%D9%86/;https://www.unesco.org/en/legal-affairs/recommendation-open-educational-resources-oer?hub=422;https://www.w3.org/TR/WCAG22/,"Standalone intervention only; do not sum with another language, stage, script, or territory row without a proved disjoint-person crosswalk.",true,DE4E0393F2D8D6A27484C8928CAC368A62EDFCE3E53BA6A9D45DF6B39D120EA5
direct:52:edition-target:lang:ky-Cyrl-KG,DIRECT_PERSON_COMPARABLE,52,edition-target:lang:ky-Cyrl-KG,Kyrgyz,ky-Cyrl-KG,,5360056.000000,5360056.000000,5360056.000000,Own-nationality native-language count in Census 2022.,2022,2292963.805249,1080000.000000,A_DIRECT_TYPED_PERSON,Source-authorized person denominator under the common hierarchical prior; rank is model-conditional and currently population-dominant.,Measure target-stage resource fit and commission the highest-value open package without changing the population need estimate for prior production.,"Comparable-subset rank, not a moral ranking or a complete global allocation order. Missing target-specific factors use common priors.",SRC_KYRGYZ_CENSUS_2022,https://stat.gov.kg/media/publicationarchive/0f717d2d-5078-4e18-8b56-fb2a530462a2.pdf,"Standalone intervention only; do not sum with another language, stage, script, or territory row without a proved disjoint-person crosswalk.",true,4A45B28157E0ABFD904587523C41DDA3FDBB665D2EA764C74C327A4EA58FF576
direct:53:edition-target:lang:ti-Ethi-ET,DIRECT_PERSON_COMPARABLE,53,edition-target:lang:ti-Ethi-ET,Tigrinya,ti-Ethi-ET,,4324933.000000,4324933.000000,4324933.000000,"Persons reporting Tigrinya as mother tongue in Ethiopia's 2007 national census, Table 3.2.",2007,2180832.855317,1200000.000000,A_REGIONAL_EXACT_TYPED_PERSON,Source-authorized person denominator under the common hierarchical prior; rank is model-conditional and currently population-dominant.,Measure target-stage resource fit and commission the highest-value open package without changing the population need estimate for prior production.,"Comparable-subset rank, not a moral ranking or a complete global allocation order. Missing target-specific factors use common priors.",ET_ESS_CENSUS_2007;ET_MOE_POLICY;ET_MOE_ESAA_2022;ET_WB_LP_2024;WB_WDI_COMPLETION_2026;WB_WDI_INTERNET_2026;WB_WDI_ELECTRICITY_2026;UNICEF_LP_OFFLINE;WMF_WIKI_STATS_20260901;WMF_TERMS,https://drs.ess.gov.et/bitstreams/61d74990-69a7-4f11-8e91-9234ca31d94f/download;https://www.moe.gov.et/storage/Books/Ethiopia%20Education%20and%20Training%20Policy.pdf;https://moe.gov.et/storage/Books/ESAA%202014%20EC%20%282021-22%20G.C%29%20Final.pdf;https://documents1.worldbank.org/curated/en/099062624135522075/pdf/P1792091d3bd9308519cdf1354887c45a1d.pdf;https://data.worldbank.org/indicator/SE.PRM.CMPT.ZS;https://data.worldbank.org/indicator/IT.NET.USER.ZS;https://data.worldbank.org/indicator/EG.ELC.ACCS.ZS;https://www.unicef.org/learningpassport/offline-learning;https://commons.wikimedia.org/wiki/Data:Wikipedia_statistics/data.tab?action=raw;https://foundation.wikimedia.org/wiki/Policy:Terms_of_Use,"Standalone intervention only; do not sum with another language, stage, script, or territory row without a proved disjoint-person crosswalk.",true,68E70DCEB0F095A6E4D30045783E26F277548BB689EAAFEABA7671786B85C10F
direct:54:edition-target:lang:gug-Latn-PY,DIRECT_PERSON_COMPARABLE,54,edition-target:lang:gug-Latn-PY,Paraguayan Guarani,gug-Latn-PY,,3792294.000000,3792294.000000,3792294.000000,Age 5+ using Guarani alone or with Castilian at home in EPHC 2025 covered population.,2025,1629361.582593,1000000.000000,A_DIRECT_TYPED_PERSON,Source-authorized person denominator under the common hierarchical prior; rank is model-conditional and currently population-dominant.,Measure target-stage resource fit and commission the highest-value open package without changing the population need estimate for prior production.,"Comparable-subset rank, not a moral ranking or a complete global allocation order. Missing target-specific factors use common priors.",SRC_PARAGUAY_EPHC_2025,https://www.ine.gov.py/ende/contenido.php?c=2754&title=El_Paraguay_mantiene_su_diversidad_ling%C3%BC%C3%ADstica_con_predominio_del_biling%C3%BC%C3%ADsmo_en_los_hogares,"Standalone intervention only; do not sum with another language, stage, script, or territory row without a proved disjoint-person crosswalk.",true,44C81D0EE646455465D694731D35DB2B645FB2B601B588D75D197B80520B9E2C
direct:55:edition-target:lang:ka-Geor-GE,DIRECT_PERSON_COMPARABLE,55,edition-target:lang:ka-Geor-GE,Georgian,ka-Geor-GE,,3343987.000000,3343987.000000,3343987.000000,2024 census main-results count reporting Georgian as mother tongue.,2024,1601358.591855,1120000.000000,A_REGIONAL_EXACT_TYPED_PERSON,Source-authorized person denominator under the common hierarchical prior; rank is model-conditional and currently population-dominant.,Measure target-stage resource fit and commission the highest-value open package without changing the population need estimate for prior production.,"Comparable-subset rank, not a moral ranking or a complete global allocation order. Missing target-specific factors use common priors.",GEO_CENSUS_2024;GEO_UNICEF_SITAN_2025;OER_UNESCO_2019;WCAG_22,https://www.geostat.ge/media/80541/Main-Results-of-the-2024-Population-and-Agricultural-Census.pdf;https://www.unicef.org/georgia/media/9886/file/UNICEF_CHILDREN%20AND%20ADOLESCENT%20RIGHTS%20IN%20GEORGIA_2025-ENG.pdf.pdf;https://www.unesco.org/en/legal-affairs/recommendation-open-educational-resources-oer?hub=422;https://www.w3.org/TR/WCAG22/,"Standalone intervention only; do not sum with another language, stage, script, or territory row without a proved disjoint-person crosswalk.",true,92085F819CB9DA0C7A880DB8420A124A3B172A7F23DDD52232A65AAFDBC7C91F
direct:56:edition-target:lang:min-Latn-ID,DIRECT_PERSON_COMPARABLE,56,edition-target:lang:min-Latn-ID,Minangkabau,min-Latn-ID,,4230000.000000,4230000.000000,4230000.000000,Rounded BPS daily-home-language count for people age five and above.,2010,1537982.964130,1000000.000000,A_DIRECT_TYPED_PERSON,Source-authorized person denominator under the common hierarchical prior; rank is model-conditional and currently population-dominant.,Measure target-stage resource fit and commission the highest-value open package without changing the population need estimate for prior production.,"Comparable-subset rank, not a moral ranking or a complete global allocation order. Missing target-specific factors use common priors.",IDN_BPS_LANG_2010,https://www.bps.go.id/en/publication/2012/05/23/55eca38b7fe0830834605b35/nationality--ethnicity--religion--and-dailylanguage-of-indonesian-population.html,"Standalone intervention only; do not sum with another language, stage, script, or territory row without a proved disjoint-person crosswalk.",true,70ED07326C16632EB2924DE3C191521A7C0890718D33B18C7F53CAFE54614252
direct:57:edition-target:lang:awa-Deva-IN,DIRECT_PERSON_COMPARABLE,57,edition-target:lang:awa-Deva-IN,Awadhi (India),awa-Deva-IN,,3850906.000000,3850906.000000,3850906.000000,Mother-tongue return inside Hindi umbrella,2011,1438773.808304,1220000.000000,A_DIRECT_TYPED_PERSON,Source-authorized person denominator under the common hierarchical prior; rank is model-conditional and currently population-dominant.,Measure target-stage resource fit and commission the highest-value open package without changing the population need estimate for prior production.,"Comparable-subset rank, not a moral ranking or a complete global allocation order. Missing target-specific factors use common priors.",IND_C16_2011,https://censusindia.gov.in/nada/index.php/catalog/10191,"Standalone intervention only; do not sum with another language, stage, script, or territory row without a proved disjoint-person crosswalk.",true,07A97A58522BDF8E281BA27CCD6014555CC46C6029B3AC2F7AD43434CAD0D08A
direct:58:edition-target:lang:mai-Deva-NP,DIRECT_PERSON_COMPARABLE,58,edition-target:lang:mai-Deva-NP,Maithili (Nepal),mai-Deva-NP,,3222389.000000,3222389.000000,3222389.000000,Census mother-tongue count,2021,1397626.978998,1220000.000000,A_DIRECT_TYPED_PERSON,Source-authorized person denominator under the common hierarchical prior; rank is model-conditional and currently population-dominant.,Measure target-stage resource fit and commission the highest-value open package without changing the population need estimate for prior production.,"Comparable-subset rank, not a moral ranking or a complete global allocation order. Missing target-specific factors use common priors.",NPL_LANG_2021,https://censusnepal.cbs.gov.np/results/files/result-folder/Language%20in%20Nepal.pdf,"Standalone intervention only; do not sum with another language, stage, script, or territory row without a proved disjoint-person crosswalk.",true,9D6C5CC533037A01B19ABB5EE86B697610E8E715EA8C6AEE1619BA11FF14AF9A
direct:59:edition-target:lang:hy-Armn-AM,DIRECT_PERSON_COMPARABLE,59,edition-target:lang:hy-Armn-AM,Armenian,hy-Armn-AM,,2840631.000000,2840631.000000,2840631.000000,"2022 census count reporting Armenian as mother tongue, as reproduced by the Council of Europe.",2022,1356592.697181,1130000.000000,A_REGIONAL_EXACT_TYPED_PERSON,Source-authorized person denominator under the common hierarchical prior; rank is model-conditional and currently population-dominant.,Measure target-stage resource fit and commission the highest-value open package without changing the population need estimate for prior production.,"Comparable-subset rank, not a moral ranking or a complete global allocation order. Missing target-specific factors use common priors.",ARM_COE_2025;OER_UNESCO_2019;WCAG_22,https://rm.coe.int/armeniapr6-en/1680af6e84;https://www.unesco.org/en/legal-affairs/recommendation-open-educational-resources-oer?hub=422;https://www.w3.org/TR/WCAG22/,"Standalone intervention only; do not sum with another language, stage, script, or territory row without a proved disjoint-person crosswalk.",true,065F4037F53EF6FD6233B7CCC910E171E9D09CAF8107F1C853555A211C7E16C0
direct:60:edition-target:lang:bjn-Latn-ID,DIRECT_PERSON_COMPARABLE,60,edition-target:lang:bjn-Latn-ID,Banjarese,bjn-Latn-ID,,3650000.000000,3650000.000000,3650000.000000,Rounded BPS daily-home-language count for people age five and above.,2010,1308737.488483,1000000.000000,A_DIRECT_TYPED_PERSON,Source-authorized person denominator under the common hierarchical prior; rank is model-conditional and currently population-dominant.,Measure target-stage resource fit and commission the highest-value open package without changing the population need estimate for prior production.,"Comparable-subset rank, not a moral ranking or a complete global allocation order. Missing target-specific factors use common priors.",IDN_BPS_LANG_2010,https://www.bps.go.id/en/publication/2012/05/23/55eca38b7fe0830834605b35/nationality--ethnicity--religion--and-dailylanguage-of-indonesian-population.html,"Standalone intervention only; do not sum with another language, stage, script, or territory row without a proved disjoint-person crosswalk.",true,F630ECE441B7F153080B13D90BFA3815EFAA94A538B50AE30EF5B5A24A74B03E
direct:61:edition-target:lang:bug-Latn-ID,DIRECT_PERSON_COMPARABLE,61,edition-target:lang:bug-Latn-ID,Buginese,bug-Latn-ID,,3510000.000000,3510000.000000,3510000.000000,Rounded BPS daily-home-language count for people age five and above.,2010,1266450.395197,1000000.000000,A_DIRECT_TYPED_PERSON,Source-authorized person denominator under the common hierarchical prior; rank is model-conditional and currently population-dominant.,Measure target-stage resource fit and commission the highest-value open package without changing the population need estimate for prior production.,"Comparable-subset rank, not a moral ranking or a complete global allocation order. Missing target-specific factors use common priors.",IDN_BPS_LANG_2010,https://www.bps.go.id/en/publication/2012/05/23/55eca38b7fe0830834605b35/nationality--ethnicity--religion--and-dailylanguage-of-indonesian-population.html,"Standalone intervention only; do not sum with another language, stage, script, or territory row without a proved disjoint-person crosswalk.",true,C401A481CE2D40E700B5B9255FAA824D743F42BCC7393572ED6E521700768F29
direct:62:edition-target:lang:brh-Arab-PK,DIRECT_PERSON_COMPARABLE,62,edition-target:lang:brh-Arab-PK,Brahvi,brh-Arab-PK,,2778670.000000,2778670.000000,2778670.000000,Census mother-tongue count,2023,1198791.628827,1140000.000000,A_DIRECT_TYPED_PERSON,Source-authorized person denominator under the common hierarchical prior; rank is model-conditional and currently population-dominant.,Measure target-stage resource fit and commission the highest-value open package without changing the population need estimate for prior production.,"Comparable-subset rank, not a moral ranking or a complete global allocation order. Missing target-specific factors use common priors.",PBS_MT_2023,https://www.pbs.gov.pk/wp-content/uploads/census_tables/tables/table_11_national.pdf,"Standalone intervention only; do not sum with another language, stage, script, or territory row without a proved disjoint-person crosswalk.",true,46D6CCBB7E8631EF788181272184A372CCCBD116DE87806C43922CA4DA8946CE
direct:63:edition-target:lang:ne-Deva-IN,DIRECT_PERSON_COMPARABLE,63,edition-target:lang:ne-Deva-IN,Nepali (India jurisdiction pack),ne-Deva-IN,,2925796.000000,2925796.000000,2925796.000000,Raw Census mother-tongue count,2011,1106713.839559,1220000.000000,A_DIRECT_TYPED_PERSON,Source-authorized person denominator under the common hierarchical prior; rank is model-conditional and currently population-dominant.,Measure target-stage resource fit and commission the highest-value open package without changing the population need estimate for prior production.,"Comparable-subset rank, not a moral ranking or a complete global allocation order. Missing target-specific factors use common priors.",IND_C16_2011,https://censusindia.gov.in/nada/index.php/catalog/10191,"Standalone intervention only; do not sum with another language, stage, script, or territory row without a proved disjoint-person crosswalk.",true,25B20C69B5D9F33AF6892D05E92E4B0811304A60121082CCEAD6131596B619BC
direct:64:edition-target:lang:bho-Deva-NP,DIRECT_PERSON_COMPARABLE,64,edition-target:lang:bho-Deva-NP,Bhojpuri (Nepal),bho-Deva-NP,,1820795.000000,1820795.000000,1820795.000000,Census mother-tongue count,2021,772106.949659,1220000.000000,A_DIRECT_TYPED_PERSON,Source-authorized person denominator under the common hierarchical prior; rank is model-conditional and currently population-dominant.,Measure target-stage resource fit and commission the highest-value open package without changing the population need estimate for prior production.,"Comparable-subset rank, not a moral ranking or a complete global allocation order. Missing target-specific factors use common priors.",NPL_LANG_2021,https://censusnepal.cbs.gov.np/results/files/result-folder/Language%20in%20Nepal.pdf,"Standalone intervention only; do not sum with another language, stage, script, or territory row without a proved disjoint-person crosswalk.",true,5060512292D6151AC8C034CFF3F08B2C0B9F002679CBBB62BD8F6C3955E41B70
direct:65:edition-target:lang:pov-Latn-GW,DIRECT_PERSON_COMPARABLE,65,edition-target:lang:pov-Latn-GW,Guinea-Bissau Kriol,pov-Latn-GW,,1303743.000000,1303743.000000,1303743.000000,Official RGPH 2009 Table 6 direct count of Guinea-Bissau nationals reporting that they speak Kriol; multiple language responses were permitted.,2009,561062.426787,1000000.000000,A_REGIONAL_EXACT_TYPED_PERSON,Source-authorized person denominator under the common hierarchical prior; rank is model-conditional and currently population-dominant.,Measure target-stage resource fit and commission the highest-value open package without changing the population need estimate for prior production.,"Comparable-subset rank, not a moral ranking or a complete global allocation order. Missing target-specific factors use common priors.",GNB_RGPH2009_LANG,https://stat-guinebissau.com/Menu_principal/IV_RGPH/rgph1/caracteristicas_socio_cultural.pdf,"Standalone intervention only; do not sum with another language, stage, script, or territory row without a proved disjoint-person crosswalk.",true,5D6D041376F406E9D25EB0FFD8C1FD28C8536925E01F81B8FCF075AC4F4556F4
direct:66:edition-target:lang:kek-GT,DIRECT_PERSON_COMPARABLE,66,edition-target:lang:kek-GT,Q’eqchi’,kek-GT,,1127387.000000,1127387.000000,1127387.000000,People age 4+ reporting Q’eqchi’ as mother tongue.,2018,520136.146190,1000000.000000,A_DIRECT_TYPED_PERSON,Source-authorized person denominator under the common hierarchical prior; rank is model-conditional and currently population-dominant.,Measure target-stage resource fit and commission the highest-value open package without changing the population need estimate for prior production.,"Comparable-subset rank, not a moral ranking or a complete global allocation order. Missing target-specific factors use common priors.",SRC_AMAR_GTM_INE_2018,https://censo2018.ine.gob.gt/archivos/resultados_censo2018.pdf,"Standalone intervention only; do not sum with another language, stage, script, or territory row without a proved disjoint-person crosswalk.",true,01B42E7EB607F5A1DEB8277DA2E479E1385F750B7E1CD2680AB81FFBF6E55FD8
direct:67:edition-target:lang:hak-Hant-TW,DIRECT_PERSON_COMPARABLE,67,edition-target:lang:hak-Hant-TW,Taiwan Hakka,hak-Hant-TW,,1193332.000000,1193332.000000,1193332.000000,"DGBAS 2020 estimate: 329,462 current primary-use plus 863,870 current secondary-use Hakka among resident nationals aged 6+.",2020-11-08,519046.195053,1450000.000000,A_REGIONAL_EXACT_TYPED_PERSON,Source-authorized person denominator under the common hierarchical prior; rank is model-conditional and currently population-dominant.,Measure target-stage resource fit and commission the highest-value open package without changing the population need estimate for prior production.,"Comparable-subset rank, not a moral ranking or a complete global allocation order. Missing target-specific factors use common priors.",ASIA_TWN_DGBAS_CENSUS_2020_LANG,https://ws.dgbas.gov.tw/001/Upload/463/relfile/11065/230300/t006.xlsx,source_declared_overlapping_language_response_universe; retain standalone ranks; do not sum marginal language counts as unique people,true,DA68854826A989D25FC1B88FCD7F4C28D825CCD4D8296900CC1A4BBBB23F19B3
direct:68:edition-target:lang:quc-GT,DIRECT_PERSON_COMPARABLE,68,edition-target:lang:quc-GT,K’iche’,quc-GT,,1054818.000000,1054818.000000,1054818.000000,People age 4+ reporting K’iche’ as mother tongue.,2018,499097.330505,1000000.000000,A_DIRECT_TYPED_PERSON,Source-authorized person denominator under the common hierarchical prior; rank is model-conditional and currently population-dominant.,Measure target-stage resource fit and commission the highest-value open package without changing the population need estimate for prior production.,"Comparable-subset rank, not a moral ranking or a complete global allocation order. Missing target-specific factors use common priors.",SRC_AMAR_GTM_INE_2018,https://censo2018.ine.gob.gt/archivos/resultados_censo2018.pdf,"Standalone intervention only; do not sum with another language, stage, script, or territory row without a proved disjoint-person crosswalk.",true,B0841843FAD49786114FFCBA543D2978B937B0F6582BD7E7A25C001512F18F2A
direct:69:edition-target:lang:mfe-Latn-MU,DIRECT_PERSON_COMPARABLE,69,edition-target:lang:mfe-Latn-MU,Kreol Morisien,mfe-Latn-MU,,1002135.000000,1002135.000000,1002135.000000,"Official Table D9 aggregate for residents of the Island of Mauritius reporting Creole usually spoken at home, including combinations; Rodrigues is excluded and modeled separately.",2022,425209.495764,1000000.000000,A_REGIONAL_EXACT_TYPED_PERSON,Source-authorized person denominator under the common hierarchical prior; rank is model-conditional and currently population-dominant.,Measure target-stage resource fit and commission the highest-value open package without changing the population need estimate for prior production.,"Comparable-subset rank, not a moral ranking or a complete global allocation order. Missing target-specific factors use common priors.",MUS_CENSUS_2022;MUS_PRESCHOOL_LANG;OER_UNESCO_2019;WCAG_22,https://statsmauritius.govmu.org/Documents/Census_and_Surveys/Census2022/HPC_TR_Vol2_Demography_Yr22.pdf;https://doi.org/10.1080/07908310903414358;https://www.unesco.org/en/legal-affairs/recommendation-open-educational-resources-oer?hub=422;https://www.w3.org/TR/WCAG22/,"Standalone intervention only; do not sum with another language, stage, script, or territory row without a proved disjoint-person crosswalk.",true,C592AEFA1E39487C2C90B84A1099921FEB0E09DD285DCF1C7FAF77563ADF9D25
direct:70:edition-target:lang:eu-Latn-ES,DIRECT_PERSON_COMPARABLE,70,edition-target:lang:eu-Latn-ES,Basque,eu-Latn-ES,,936812.000000,936812.000000,936812.000000,People speaking or understanding Basque well in Census 2021.,2021,407029.781816,1000000.000000,A_DIRECT_TYPED_PERSON,Source-authorized person denominator under the common hierarchical prior; rank is model-conditional and currently population-dominant.,Measure target-stage resource fit and commission the highest-value open package without changing the population need estimate for prior production.,"Comparable-subset rank, not a moral ranking or a complete global allocation order. Missing target-specific factors use common priors.",SRC_EUSTAT_BASQUE_2021,https://en.eustat.eus/estad/id_16/ti_Population%20and%20housing%20census.%20Basque/latest-press-release.html,"Standalone intervention only; do not sum with another language, stage, script, or territory row without a proved disjoint-person crosswalk.",true,DA875D860D541396DE9C8F71BEEC2AB4E264BD398CE95762A7D2CF2F25EF8903
direct:71:edition-target:lang:awa-Deva-NP,DIRECT_PERSON_COMPARABLE,71,edition-target:lang:awa-Deva-NP,Awadhi (Nepal),awa-Deva-NP,,864276.000000,864276.000000,864276.000000,Census mother-tongue count,2021,371819.371965,1220000.000000,A_DIRECT_TYPED_PERSON,Source-authorized person denominator under the common hierarchical prior; rank is model-conditional and currently population-dominant.,Measure target-stage resource fit and commission the highest-value open package without changing the population need estimate for prior production.,"Comparable-subset rank, not a moral ranking or a complete global allocation order. Missing target-specific factors use common priors.",NPL_LANG_2021,https://censusnepal.cbs.gov.np/results/files/result-folder/Language%20in%20Nepal.pdf,"Standalone intervention only; do not sum with another language, stage, script, or territory row without a proved disjoint-person crosswalk.",true,BBE2374CDBDA0F6E322066EDF91A2F50871DA7F6C952A5D44F77FD63FF96E108
direct:72:edition-target:lang:mam-GT,DIRECT_PERSON_COMPARABLE,72,edition-target:lang:mam-GT,Mam,mam-GT,,590641.000000,590641.000000,590641.000000,People age 4+ reporting Mam as mother tongue.,2018,280068.809588,1000000.000000,A_DIRECT_TYPED_PERSON,Source-authorized person denominator under the common hierarchical prior; rank is model-conditional and currently population-dominant.,Measure target-stage resource fit and commission the highest-value open package without changing the population need estimate for prior production.,"Comparable-subset rank, not a moral ranking or a complete global allocation order. Missing target-specific factors use common priors.",SRC_AMAR_GTM_INE_2018,https://censo2018.ine.gob.gt/archivos/resultados_censo2018.pdf,"Standalone intervention only; do not sum with another language, stage, script, or territory row without a proved disjoint-person crosswalk.",true,0C6C1C6D0C245A49748EA2874434372C105893F291261B73B160A6CED7346D2D
direct:73:edition-target:lang:yua-MX,DIRECT_PERSON_COMPARABLE,73,edition-target:lang:yua-MX,Maayat’aan,yua-MX,,774755.000000,774755.000000,774755.000000,"People age 3+ reported Maya in the Mexico census; retained as Maayat’aan/Yucatec, not pan-Maya.",2020,269576.754125,1000000.000000,A_DIRECT_TYPED_PERSON,Source-authorized person denominator under the common hierarchical prior; rank is model-conditional and currently population-dominant.,Measure target-stage resource fit and commission the highest-value open package without changing the population need estimate for prior production.,"Comparable-subset rank, not a moral ranking or a complete global allocation order. Missing target-specific factors use common priors.",SRC_AMAR_MEX_INEGI_2020,https://www.inegi.org.mx/contenidos/programas/ccpv/2020/doc/Censo2020_Principales_resultados_EUM.pdf,"Standalone intervention only; do not sum with another language, stage, script, or territory row without a proved disjoint-person crosswalk.",true,C9F4383DAF4B807FD1F3088BB0EF4DD69C7AED6E7768636BEA47879AB749B9DE
direct:74:edition-target:lang:sn-Latn-ZA,DIRECT_PERSON_COMPARABLE,74,edition-target:lang:sn-Latn-ZA,Shona,sn-Latn-ZA,,716967.000000,716967.000000,716967.000000,Shona home-language users in South Africa,2022,264792.983581,1000000.000000,A_DIRECT_TYPED_PERSON,Source-authorized person denominator under the common hierarchical prior; rank is model-conditional and currently population-dominant.,Measure target-stage resource fit and commission the highest-value open package without changing the population need estimate for prior production.,"Comparable-subset rank, not a moral ranking or a complete global allocation order. Missing target-specific factors use common priors.",SRC_STATSSA_CENSUS_2022,https://www.statssa.gov.za/wp-content/uploads/2023/11/Mbalo-brief-November.pdf,"Standalone intervention only; do not sum with another language, stage, script, or territory row without a proved disjoint-person crosswalk.",true,64A14B4F442F7D4BDD2A5243A75EF5347AAD5FE86F4921E46155ED98A54CFFC1
direct:75:edition-target:lang:zgh-Tfng-MA,DIRECT_PERSON_COMPARABLE,75,edition-target:lang:zgh-Tfng-MA,Standard Moroccan Amazigh,zgh-Tfng-MA,,542781.000000,542781.000000,542781.000000,Persons age 10+ reported able to read and write Amazigh; the census questionnaire specifies Tifinagh for this first-ever written-Amazigh item.,2014,253700.145557,1250000.000000,A_REGIONAL_EXACT_TYPED_PERSON,Source-authorized person denominator under the common hierarchical prior; rank is model-conditional and currently population-dominant.,Measure target-stage resource fit and commission the highest-value open package without changing the population need estimate for prior production.,"Comparable-subset rank, not a moral ranking or a complete global allocation order. Missing target-specific factors use common priors.",MA_HCP_RGPH2014;MA_HCP_Q2014;MA_HCP_AMAZIGH_2024;MA_IRCAM_TIFAWIN;MA_IRCAM_MOOC;UNICODE_TIFINAGH;WB_WDI_COMPLETION_2026;WB_WDI_INTERNET_2026;WB_WDI_ELECTRICITY_2026;UNICEF_LP_OFFLINE;WMF_WIKI_STATS_20260901;WMF_TERMS,https://www.hcp.ma/file/230026/;https://www.rgph2014.hcp.ma/Questionnaire-du-RGPH-2014_a89.html;https://www.hcp.ma/file/242745/;https://www.ircam.ma/fr/node/325;https://www.ircam.ma/fr/%C3%A9v%C3%A8nement/Coup_d%27envoi_officiel_des_cours_d%27enseignement_%C3%A0_distance_de_la_langue_amazighe_%3A_MOOC-IRCAM;https://www.unicode.org/notes/tn59/tn59-1.html;https://data.worldbank.org/indicator/SE.PRM.CMPT.ZS;https://data.worldbank.org/indicator/IT.NET.USER.ZS;https://data.worldbank.org/indicator/EG.ELC.ACCS.ZS;https://www.unicef.org/learningpassport/offline-learning;https://commons.wikimedia.org/wiki/Data:Wikipedia_statistics/data.tab?action=raw;https://foundation.wikimedia.org/wiki/Policy:Terms_of_Use,"Standalone intervention only; do not sum with another language, stage, script, or territory row without a proved disjoint-person crosswalk.",true,28B41AE0497F4E7D22CB897C0242D105E34D0879558FA1CAE78019029706EC84
direct:76:edition-target:lang:tzh-MX,DIRECT_PERSON_COMPARABLE,76,edition-target:lang:tzh-MX,Tseltal,tzh-MX,,589144.000000,589144.000000,589144.000000,People age 3+ reported Tseltal.,2020,201860.905275,1000000.000000,A_DIRECT_TYPED_PERSON,Source-authorized person denominator under the common hierarchical prior; rank is model-conditional and currently population-dominant.,Measure target-stage resource fit and commission the highest-value open package without changing the population need estimate for prior production.,"Comparable-subset rank, not a moral ranking or a complete global allocation order. Missing target-specific factors use common priors.",SRC_AMAR_MEX_INEGI_2020,https://www.inegi.org.mx/contenidos/programas/ccpv/2020/doc/Censo2020_Principales_resultados_EUM.pdf,"Standalone intervention only; do not sum with another language, stage, script, or territory row without a proved disjoint-person crosswalk.",true,8CF77EB9AA06D733106916E60D087CB333718839C865EBC2563DC8170C1E4AAA
direct:77:edition-target:lang:ayr-BO,DIRECT_PERSON_COMPARABLE,77,edition-target:lang:ayr-BO,Bolivian Aymara,ayr-BO,,457358.000000,457358.000000,457358.000000,People age 6+ reporting Bolivian Aymara as language of greatest use; not mother tongue.,2024,197683.852362,1000000.000000,A_DIRECT_TYPED_PERSON,Source-authorized person denominator under the common hierarchical prior; rank is model-conditional and currently population-dominant.,Measure target-stage resource fit and commission the highest-value open package without changing the population need estimate for prior production.,"Comparable-subset rank, not a moral ranking or a complete global allocation order. Missing target-specific factors use common priors.",SRC_AMAR_BOL_INE_2024,https://anda.ine.gob.bo/index.php/catalog/163/variable/F8/V742?name=s01a_07_1,"Standalone intervention only; do not sum with another language, stage, script, or territory row without a proved disjoint-person crosswalk.",true,043796B61352D980E7E2FEA3757DCA8A4139098FE64FCE00ECEF1385807BDCC2
direct:78:edition-target:lang:cak-GT,DIRECT_PERSON_COMPARABLE,78,edition-target:lang:cak-GT,Kaqchikel,cak-GT,,411089.000000,411089.000000,411089.000000,People age 4+ reporting Kaqchikel as mother tongue.,2018,196633.594136,1000000.000000,A_DIRECT_TYPED_PERSON,Source-authorized person denominator under the common hierarchical prior; rank is model-conditional and currently population-dominant.,Measure target-stage resource fit and commission the highest-value open package without changing the population need estimate for prior production.,"Comparable-subset rank, not a moral ranking or a complete global allocation order. Missing target-specific factors use common priors.",SRC_AMAR_GTM_INE_2018,https://censo2018.ine.gob.gt/archivos/resultados_censo2018.pdf,"Standalone intervention only; do not sum with another language, stage, script, or territory row without a proved disjoint-person crosswalk.",true,8FEEBE5A1BD08626CF02143CD9102D3F25C255AA1945E80124E7378A4C1DAD44
direct:79:edition-target:lang:cy-Latn-GB,DIRECT_PERSON_COMPARABLE,79,edition-target:lang:cy-Latn-GB,Welsh,cy-Latn-GB,,538300.000000,538300.000000,538300.000000,Census 2021 source-stated count of usual residents age 3+ able to speak Welsh.,2021,195518.604680,1000000.000000,A_REGIONAL_EXACT_TYPED_PERSON,Source-authorized person denominator under the common hierarchical prior; rank is model-conditional and currently population-dominant.,Measure target-stage resource fit and commission the highest-value open package without changing the population need estimate for prior production.,"Comparable-subset rank, not a moral ranking or a complete global allocation order. Missing target-specific factors use common priors.",WALES_CENSUS_SURVEY_DIFFERENCES_2021;WALES_SCHOOL_CENSUS_2025;WALES_PISA_2022;WALES_HWB_PUBLISHING;OER_UNESCO_2019;CATALOG_OTL_20260901;CATALOG_DOAB_20260901,https://www.gov.wales/differences-between-estimates-welsh-language-ability-census-2021-and-household-surveys-html;https://www.gov.wales/schools-census-results-january-2025-html;https://www.gov.wales/sites/default/files/statistics-and-research/2023-12/pisa-2022-national-report-wales-059.pdf;https://hwb.gov.wales/developing-resources-for-hwb/hwb-publishing-criteria-and-technical-requirements/;https://www.unesco.org/en/legal-affairs/recommendation-open-educational-resources-oer?hub=422;https://open.umn.edu/opentextbooks/textbooks.json;https://directory.doabooks.org/rest/search,"Standalone intervention only; do not sum with another language, stage, script, or territory row without a proved disjoint-person crosswalk.",true,98BB3AC7A13D45CA133CF58CA26F09AE208E22D9AB1759D32AAB6C859C587F65
direct:80:edition-target:lang:ayr-PE,DIRECT_PERSON_COMPARABLE,80,edition-target:lang:ayr-PE,Aymara in Peru,ayr-PE,,444389.000000,444389.000000,444389.000000,People age 5+ reporting Aymara as mother tongue.,2017,193950.237212,1000000.000000,A_DIRECT_TYPED_PERSON,Source-authorized person denominator under the common hierarchical prior; rank is model-conditional and currently population-dominant.,Measure target-stage resource fit and commission the highest-value open package without changing the population need estimate for prior production.,"Comparable-subset rank, not a moral ranking or a complete global allocation order. Missing target-specific factors use common priors.",SRC_AMAR_PER_INEI_2017,https://www.inei.gob.pe/media/MenuRecursivo/publicaciones_digitales/Est/Lib1539/libro.pdf,"Standalone intervention only; do not sum with another language, stage, script, or territory row without a proved disjoint-person crosswalk.",true,A7C8F09BBE088D8203ABE7763BC9233C3C593312D2643465D320DCD51B796E16
direct:81:edition-target:lang:tzo-MX,DIRECT_PERSON_COMPARABLE,81,edition-target:lang:tzo-MX,Tsotsil,tzo-MX,,550274.000000,550274.000000,550274.000000,People age 3+ reported Tsotsil.,2020,190213.479012,1000000.000000,A_DIRECT_TYPED_PERSON,Source-authorized person denominator under the common hierarchical prior; rank is model-conditional and currently population-dominant.,Measure target-stage resource fit and commission the highest-value open package without changing the population need estimate for prior production.,"Comparable-subset rank, not a moral ranking or a complete global allocation order. Missing target-specific factors use common priors.",SRC_AMAR_MEX_INEGI_2020,https://www.inegi.org.mx/contenidos/programas/ccpv/2020/doc/Censo2020_Principales_resultados_EUM.pdf,"Standalone intervention only; do not sum with another language, stage, script, or territory row without a proved disjoint-person crosswalk.",true,747CAC67B3A7FE65C3643B9DDFE1FFDFA7FFF16EBEC773A2ABC55954CB8EFB7E
direct:82:edition-target:regional:ru-Cyrl-EE,DIRECT_PERSON_COMPARABLE,82,edition-target:regional:ru-Cyrl-EE,Russian mother-tongue population in Estonia,ru-Cyrl-EE,,379210.000000,379210.000000,379210.000000,"Statistics Estonia PxWeb table RL21434 exact whole-country cell: age groups total, both sexes, Russian mother tongue.",2021,176503.355286,1080000.000000,A_REGIONAL_EXACT_TYPED_PERSON,Source-authorized person denominator under the common hierarchical prior; rank is model-conditional and currently population-dominant.,Measure target-stage resource fit and commission the highest-value open package without changing the population need estimate for prior production.,"Comparable-subset rank, not a moral ranking or a complete global allocation order. Missing target-specific factors use common priors.",EE_CENSUS_MOTHER_TONGUE_2021;EE_EDUCATION_TRANSITION;EUROSTAT_INTERNET_2025;OER_UNESCO_2019;CATALOG_OTL_20260901;CATALOG_DOAB_20260901,https://andmed.stat.ee/en/stat/rahvaloendus__rel2021__rahvastiku-demograafilised-ja-etno-kultuurilised-naitajad__rahvus-emakeel/RL21434;https://www.hm.ee/en/node/234;https://ec.europa.eu/eurostat/statistics-explained/SEPDF/cache/108644.pdf;https://www.unesco.org/en/legal-affairs/recommendation-open-educational-resources-oer?hub=422;https://open.umn.edu/opentextbooks/textbooks.json;https://directory.doabooks.org/rest/search,"Standalone intervention only; do not sum with another language, stage, script, or territory row without a proved disjoint-person crosswalk.",true,6ED26404CC12994F35908C9DCCD813FA326FD789010AA238AEC36143C10D74FE
direct:83:edition-target:lang:swh-Latn-RW,DIRECT_PERSON_COMPARABLE,83,edition-target:lang:swh-Latn-RW,Rwanda Kiswahili,swh-Latn-RW,,327438.000000,331583.000000,335729.000000,"Age 15+ able to read, write and understand Kiswahili; interval induced solely by the published 4.0% rounded rate applied to 8,289,582 people age 15+.",2022,159650.638561,1000000.000000,B_REGIONAL_INTERVAL_TYPED_PERSON,Source-authorized person denominator under the common hierarchical prior; rank is model-conditional and currently population-dominant.,Measure target-stage resource fit and commission the highest-value open package without changing the population need estimate for prior production.,"Comparable-subset rank, not a moral ranking or a complete global allocation order. Missing target-specific factors use common priors.",UNESCO_KISWAHILI;RW_EDUCATION_LAW_2021;RW_NISR_EDUCATION_2022;RW_REB_KISWAHILI;WB_WDI_COMPLETION_2026;WB_WDI_INTERNET_2026;WB_WDI_ELECTRICITY_2026;UNICEF_LP_OFFLINE;WMF_WIKI_STATS_20260901;WMF_TERMS,https://www.unesco.org/en/days/kiswahili-language?hub=71635;https://rwandalii.org/akn/rw/act/law/2021/10/eng%402021-02-18;https://www.statistics.gov.rw/sites/default/files/documents/2025-02/Education.pdf;https://uat-coremis.reb.rw/course/view.php?id=1088&section=1;https://data.worldbank.org/indicator/SE.PRM.CMPT.ZS;https://data.worldbank.org/indicator/IT.NET.USER.ZS;https://data.worldbank.org/indicator/EG.ELC.ACCS.ZS;https://www.unicef.org/learningpassport/offline-learning;https://commons.wikimedia.org/wiki/Data:Wikipedia_statistics/data.tab?action=raw;https://foundation.wikimedia.org/wiki/Policy:Terms_of_Use,"Standalone intervention only; do not sum with another language, stage, script, or territory row without a proved disjoint-person crosswalk.",true,21FA7E3A63C6A93886A883482534FB49A1294143B1D22E88AD0058112C8BF333
direct:84:edition-target:lang:tet-Latn-TL,DIRECT_PERSON_COMPARABLE,84,edition-target:lang:tet-Latn-TL,Tetun Prasa,tet-Latn-TL,,361027.000000,361027.000000,361027.000000,2015 census L1 count reproduced in an open peer-reviewed study.,2015,157970.588326,1000000.000000,A_DIRECT_TYPED_PERSON,Source-authorized person denominator under the common hierarchical prior; rank is model-conditional and currently population-dominant.,Measure target-stage resource fit and commission the highest-value open package without changing the population need estimate for prior production.,"Comparable-subset rank, not a moral ranking or a complete global allocation order. Missing target-specific factors use common priors.",TLS_CENSUS_LANGUAGE_STUDY,https://pmc.ncbi.nlm.nih.gov/articles/PMC9411783/,"Standalone intervention only; do not sum with another language, stage, script, or territory row without a proved disjoint-person crosswalk.",true,BC63CD8AF95D87E4CB56D33D965D44FEC41B0FA2A6ED8794787C31C164D3EA8A
direct:85:edition-target:lang:mag-Deva-NP,DIRECT_PERSON_COMPARABLE,85,edition-target:lang:mag-Deva-NP,Magahi,mag-Deva-NP,,230117.000000,230117.000000,230117.000000,Census mother-tongue count,2021,98700.883062,1220000.000000,A_DIRECT_TYPED_PERSON,Source-authorized person denominator under the common hierarchical prior; rank is model-conditional and currently population-dominant.,Measure target-stage resource fit and commission the highest-value open package without changing the population need estimate for prior production.,"Comparable-subset rank, not a moral ranking or a complete global allocation order. Missing target-specific factors use common priors.",NPL_LANG_2021,https://censusnepal.cbs.gov.np/results/files/result-folder/Language%20in%20Nepal.pdf,"Standalone intervention only; do not sum with another language, stage, script, or territory row without a proved disjoint-person crosswalk.",true,8E33354B231C27CA87B475EFBF2853C0B89BA3FC0A47C9A27390233045C58C0F
direct:86:edition-target:lang:mi-Latn-NZ,DIRECT_PERSON_COMPARABLE,86,edition-target:lang:mi-Latn-NZ,Maori,mi-Latn-NZ,,213849.000000,213849.000000,213849.000000,People reporting ability to speak te reo Maori in Census 2023.,2023,93581.120772,1000000.000000,A_DIRECT_TYPED_PERSON,Source-authorized person denominator under the common hierarchical prior; rank is model-conditional and currently population-dominant.,Measure target-stage resource fit and commission the highest-value open package without changing the population need estimate for prior production.,"Comparable-subset rank, not a moral ranking or a complete global allocation order. Missing target-specific factors use common priors.",SRC_NZ_CENSUS_2023,https://tools.summaries.stats.govt.nz/ethnic-group/maori,"Standalone intervention only; do not sum with another language, stage, script, or territory row without a proved disjoint-person crosswalk.",true,9942DF2AA0876D1D7DFFB2114CDD75A9BD792EF922CF1A6EB5958320E9B6B294
direct:87:edition-target:lang:bzj-BZ,DIRECT_PERSON_COMPARABLE,87,edition-target:lang:bzj-BZ,Belize Kriol,bzj-BZ,,180792.000000,180792.000000,180792.000000,Statistical Institute of Belize 2022 census direct count of people age 4+ able to speak Creole; people could report more than one language.,2022,86924.089922,1000000.000000,A_REGIONAL_EXACT_TYPED_PERSON,Source-authorized person denominator under the common hierarchical prior; rank is model-conditional and currently population-dominant.,Measure target-stage resource fit and commission the highest-value open package without changing the population need estimate for prior production.,"Comparable-subset rank, not a moral ranking or a complete global allocation order. Missing target-specific factors use common priors.",BZ_CENSUS_LANG_INFOGRAPHIC_2022;BZ_EDU_PLAN_2021_25;KREYOL_MT_2024;COMMON_VOICE_26_2026;OER_UNESCO_2019,https://sib.org.bz/wp-content/uploads/Languages_Infographic_2022.pdf;https://edc.gov.bz/wp-content/uploads/2023/04/The-Belize-Education-Sector-Plan-2021-2025_MoECST.pdf;https://www.cs.jhu.edu/~kevinduh/t/naacl24/final_pdf/paper289.pdf;https://raw.githubusercontent.com/common-voice/cv-dataset/main/datasets/scripted-speech/cv-corpus-26.0-2026-06-12.json;https://www.unesco.org/en/legal-affairs/recommendation-open-educational-resources-oer?hub=422,"Standalone intervention only; do not sum with another language, stage, script, or territory row without a proved disjoint-person crosswalk.",true,BADE7F45F14A7C55035C1DB33F6B64A68C418C2F3385DD6AB5372AC9ED70C4E9
direct:88:edition-target:lang:ctu-MX,DIRECT_PERSON_COMPARABLE,88,edition-target:lang:ctu-MX,Chol,ctu-MX,,254715.000000,254715.000000,254715.000000,People age 3+ reported Chol.,2020,85942.688304,1000000.000000,A_DIRECT_TYPED_PERSON,Source-authorized person denominator under the common hierarchical prior; rank is model-conditional and currently population-dominant.,Measure target-stage resource fit and commission the highest-value open package without changing the population need estimate for prior production.,"Comparable-subset rank, not a moral ranking or a complete global allocation order. Missing target-specific factors use common priors.",SRC_AMAR_MEX_INEGI_2020,https://www.inegi.org.mx/contenidos/programas/ccpv/2020/doc/Censo2020_Principales_resultados_EUM.pdf,"Standalone intervention only; do not sum with another language, stage, script, or territory row without a proved disjoint-person crosswalk.",true,1907BE1DF5B77EE9D1012DA0129F318195E70F231D914602B3AFB319DD297EFA
direct:89:edition-target:lang:mgm-Latn-TL,DIRECT_PERSON_COMPARABLE,89,edition-target:lang:mgm-Latn-TL,Mambai,mgm-Latn-TL,,195778.000000,195778.000000,195778.000000,2015 census L1 count reproduced in an open peer-reviewed study.,2015,81855.106138,1000000.000000,A_DIRECT_TYPED_PERSON,Source-authorized person denominator under the common hierarchical prior; rank is model-conditional and currently population-dominant.,Measure target-stage resource fit and commission the highest-value open package without changing the population need estimate for prior production.,"Comparable-subset rank, not a moral ranking or a complete global allocation order. Missing target-specific factors use common priors.",TLS_CENSUS_LANGUAGE_STUDY,https://pmc.ncbi.nlm.nih.gov/articles/PMC9411783/,"Standalone intervention only; do not sum with another language, stage, script, or territory row without a proved disjoint-person crosswalk.",true,F3EFFA0FCBE2AF24018A3D13701C77E7A1D9A156132E47AE652420273099EB5A
direct:90:edition-target:lang:kjb-GT,DIRECT_PERSON_COMPARABLE,90,edition-target:lang:kjb-GT,Q’anjob’al,kjb-GT,,166261.000000,166261.000000,166261.000000,People age 4+ reporting Q’anjob’al as mother tongue.,2018,70939.687218,1000000.000000,A_DIRECT_TYPED_PERSON,Source-authorized person denominator under the common hierarchical prior; rank is model-conditional and currently population-dominant.,Measure target-stage resource fit and commission the highest-value open package without changing the population need estimate for prior production.,"Comparable-subset rank, not a moral ranking or a complete global allocation order. Missing target-specific factors use common priors.",SRC_AMAR_GTM_INE_2018,https://censo2018.ine.gob.gt/archivos/resultados_censo2018.pdf,"Standalone intervention only; do not sum with another language, stage, script, or territory row without a proved disjoint-person crosswalk.",true,990CC2D51F162B146C11C240B98E49005AA40616126A2F1CAA50D517F0099412
direct:91:edition-target:regional:nah-huasteca-hidalguense-Latn-MX,DIRECT_PERSON_COMPARABLE,91,edition-target:regional:nah-huasteca-hidalguense-Latn-MX,Mexicano de la Huasteca hidalguense,nah-huasteca-hidalguense-Latn-MX,,195770.000000,195770.000000,195770.000000,INALI source-stated exact-variant estimate based on Census 2000 and the official catalog.,2000,69357.620354,1000000.000000,A_REGIONAL_EXACT_TYPED_PERSON,Source-authorized person denominator under the common hierarchical prior; rank is model-conditional and currently population-dominant.,Measure target-stage resource fit and commission the highest-value open package without changing the population need estimate for prior production.,"Comparable-subset rank, not a moral ranking or a complete global allocation order. Missing target-specific factors use common priors.",MX_INALI_CLIN_NAHUATL;MX_INALI_NAHUATL_VARIANT_2000;MX_INALI_LANGUAGE_RISK;MX_INEE_LANGUAGE_MATCH;MX_INEGI_CENSUS_2020;NLP_AMERICASNLP_2021;OER_UNESCO_2019;CATALOG_OTL_20260901;CATALOG_DOAB_20260901,https://www.inali.gob.mx/sitios/clin-inali/html/v_nahuatl.html;https://site.inali.gob.mx/pdf/estadistica/VARIANTE/VARIANTE_C3_monolinguismo.pdf;https://site.inali.gob.mx/pdf/libro_lenguas_indigenas_nacionales_en_riesgo_de_desaparicion.pdf;https://www.inee.edu.mx/wp-content/uploads/2019/06/P2A348.pdf;https://www.inegi.org.mx/contenidos/programas/ccpv/2020/doc/Censo2020_Principales_resultados_EUM.pdf;https://aclanthology.org/2021.americasnlp-1.23.pdf;https://www.unesco.org/en/legal-affairs/recommendation-open-educational-resources-oer?hub=422;https://open.umn.edu/opentextbooks/textbooks.json;https://directory.doabooks.org/rest/search,"Standalone intervention only; do not sum with another language, stage, script, or territory row without a proved disjoint-person crosswalk.",true,D07728D0E58DAC6F7FCD85004E02CD1BADE594B4F8A01A9DE16BF7C814A3ABC9
direct:92:edition-target:lang:poh-GT,DIRECT_PERSON_COMPARABLE,92,edition-target:lang:poh-GT,Poqomchi’,poh-GT,,133074.000000,133074.000000,133074.000000,People age 4+ reporting Poqomchi’ as mother tongue.,2018,56620.328201,1000000.000000,A_DIRECT_TYPED_PERSON,Source-authorized person denominator under the common hierarchical prior; rank is model-conditional and currently population-dominant.,Measure target-stage resource fit and commission the highest-value open package without changing the population need estimate for prior production.,"Comparable-subset rank, not a moral ranking or a complete global allocation order. Missing target-specific factors use common priors.",SRC_AMAR_GTM_INE_2018,https://censo2018.ine.gob.gt/archivos/resultados_censo2018.pdf,"Standalone intervention only; do not sum with another language, stage, script, or territory row without a proved disjoint-person crosswalk.",true,F266613041C2B0C5C813EB0D3AC15804FEBBD563C67FA6024E3EEA7B20B9111A
direct:93:edition-target:lang:mkz-Latn-TL,DIRECT_PERSON_COMPARABLE,93,edition-target:lang:mkz-Latn-TL,Makasae,mkz-Latn-TL,,123840.000000,123840.000000,123840.000000,2015 census L1 count reproduced in an open peer-reviewed study.,2015,53586.200316,1000000.000000,A_DIRECT_TYPED_PERSON,Source-authorized person denominator under the common hierarchical prior; rank is model-conditional and currently population-dominant.,Measure target-stage resource fit and commission the highest-value open package without changing the population need estimate for prior production.,"Comparable-subset rank, not a moral ranking or a complete global allocation order. Missing target-specific factors use common priors.",TLS_CENSUS_LANGUAGE_STUDY,https://pmc.ncbi.nlm.nih.gov/articles/PMC9411783/,"Standalone intervention only; do not sum with another language, stage, script, or territory row without a proved disjoint-person crosswalk.",true,E63CF26920CB209649115AC29E83262C05277250BA7472644B611D53E404D049
direct:94:edition-target:lang:acr-GT,DIRECT_PERSON_COMPARABLE,94,edition-target:lang:acr-GT,Achi,acr-GT,,124338.000000,124338.000000,124338.000000,People age 4+ reporting Achi as mother tongue.,2018,52960.511395,1000000.000000,A_DIRECT_TYPED_PERSON,Source-authorized person denominator under the common hierarchical prior; rank is model-conditional and currently population-dominant.,Measure target-stage resource fit and commission the highest-value open package without changing the population need estimate for prior production.,"Comparable-subset rank, not a moral ranking or a complete global allocation order. Missing target-specific factors use common priors.",SRC_AMAR_GTM_INE_2018,https://censo2018.ine.gob.gt/archivos/resultados_censo2018.pdf,"Standalone intervention only; do not sum with another language, stage, script, or territory row without a proved disjoint-person crosswalk.",true,21902E2FD937A1EF4AC772371B386F4995DA9D5B0728147FAC314CA25354F525
direct:95:edition-target:lang:nav-US,DIRECT_PERSON_COMPARABLE,95,edition-target:lang:nav-US,Diné Bizaad,nav-US,,161174.000000,161174.000000,161174.000000,People age 5+ reporting Diné Bizaad / Navajo at home in the 2017–2021 ACS.,2017-2021,51685.538214,1000000.000000,A_DIRECT_TYPED_PERSON,Source-authorized person denominator under the common hierarchical prior; rank is model-conditional and currently population-dominant.,Measure target-stage resource fit and commission the highest-value open package without changing the population need estimate for prior production.,"Comparable-subset rank, not a moral ranking or a complete global allocation order. Missing target-specific factors use common priors.",SRC_AMAR_US_ACS_2017_2021,https://www.census.gov/library/stories/2025/06/native-american-language-use.html,"Standalone intervention only; do not sum with another language, stage, script, or territory row without a proved disjoint-person crosswalk.",true,03FE77E7DE948A4E56C72A2A95D51BFFE6F5CD58987FDF805B098A43FA95362E
direct:96:edition-target:lang:ixl-GT,DIRECT_PERSON_COMPARABLE,96,edition-target:lang:ixl-GT,Ixil,ixl-GT,,114997.000000,114997.000000,114997.000000,People age 4+ reporting Ixil as mother tongue.,2018,50775.951843,1000000.000000,A_DIRECT_TYPED_PERSON,Source-authorized person denominator under the common hierarchical prior; rank is model-conditional and currently population-dominant.,Measure target-stage resource fit and commission the highest-value open package without changing the population need estimate for prior production.,"Comparable-subset rank, not a moral ranking or a complete global allocation order. Missing target-specific factors use common priors.",SRC_AMAR_GTM_INE_2018,https://censo2018.ine.gob.gt/archivos/resultados_censo2018.pdf,"Standalone intervention only; do not sum with another language, stage, script, or territory row without a proved disjoint-person crosswalk.",true,27E5EF21FB67173686B351BBB1951D8197EBEF825FEF2421FE90CC99F8504554
direct:97:edition-target:lang:pap-CW,DIRECT_PERSON_COMPARABLE,97,edition-target:lang:pap-CW,Curaçao Papiamentu,pap-CW,,114975.000000,115048.000000,115122.000000,"Published 78.0% reporting Papiamentu as the most-spoken home language among 147,498 person responses; interval preserves one-decimal share rounding.",2023,48745.137906,1000000.000000,B_REGIONAL_INTERVAL_TYPED_PERSON,Source-authorized person denominator under the common hierarchical prior; rank is model-conditional and currently population-dominant.,Measure target-stage resource fit and commission the highest-value open package without changing the population need estimate for prior production.,"Comparable-subset rank, not a moral ranking or a complete global allocation order. Missing target-specific factors use common priors.",CW_CENSUS_LANGUAGE_2023;KREYOL_MT_2024;COMMON_VOICE_26_2026;OER_UNESCO_2019;CATALOG_OTL_20260901;CATALOG_DOAB_20260901,https://senso.cbs.cw/talen-gesproken-in-curacao-resultaten-census-2023;https://www.cs.jhu.edu/~kevinduh/t/naacl24/final_pdf/paper289.pdf;https://raw.githubusercontent.com/common-voice/cv-dataset/main/datasets/scripted-speech/cv-corpus-26.0-2026-06-12.json;https://www.unesco.org/en/legal-affairs/recommendation-open-educational-resources-oer?hub=422;https://open.umn.edu/opentextbooks/textbooks.json;https://directory.doabooks.org/rest/search,"Standalone intervention only; do not sum with another language, stage, script, or territory row without a proved disjoint-person crosswalk.",true,8166D21B34A9D7E6562D1C687A8E27867F0987E6BEE1DB10D8D33E8C935E7A55
direct:98:edition-target:lang:pis-Latn-SB,DIRECT_PERSON_COMPARABLE,98,edition-target:lang:pis-Latn-SB,Solomon Islands Pijin,pis-Latn-SB,,101588.000000,101588.000000,101588.000000,People aged 5+ reporting Pijin as the first language learned,2019,48605.013025,1000000.000000,A_DIRECT_TYPED_PERSON,Source-authorized person denominator under the common hierarchical prior; rank is model-conditional and currently population-dominant.,Measure target-stage resource fit and commission the highest-value open package without changing the population need estimate for prior production.,"Comparable-subset rank, not a moral ranking or a complete global allocation order. Missing target-specific factors use common priors.",OIO_E645DBB4D613,https://statistics.gov.sb/english-is-solomon-islands-most-predominant-language-in-communication/,"Standalone intervention only; do not sum with another language, stage, script, or territory row without a proved disjoint-person crosswalk.",true,F5D54A3B6CB38578AAAFDAD55135C87EAEAFFFC8A478C277E47EEE40AD63BB02
direct:99:edition-target:regional:nah-sierra-noreste-puebla-Latn-MX,DIRECT_PERSON_COMPARABLE,99,edition-target:regional:nah-sierra-noreste-puebla-Latn-MX,Náhuatl de la Sierra noreste de Puebla,nah-sierra-noreste-puebla-Latn-MX,,134737.000000,134737.000000,134737.000000,INALI source-stated exact-variant estimate based on Census 2000 and the official catalog.,2000,47095.850610,1000000.000000,A_REGIONAL_EXACT_TYPED_PERSON,Source-authorized person denominator under the common hierarchical prior; rank is model-conditional and currently population-dominant.,Measure target-stage resource fit and commission the highest-value open package without changing the population need estimate for prior production.,"Comparable-subset rank, not a moral ranking or a complete global allocation order. Missing target-specific factors use common priors.",MX_INALI_CLIN_NAHUATL;MX_INALI_NAHUATL_VARIANT_2000;MX_INALI_LANGUAGE_RISK;MX_INEE_LANGUAGE_MATCH;MX_INEGI_CENSUS_2020;NLP_AMERICASNLP_2021;OER_UNESCO_2019;CATALOG_OTL_20260901;CATALOG_DOAB_20260901,https://www.inali.gob.mx/sitios/clin-inali/html/v_nahuatl.html;https://site.inali.gob.mx/pdf/estadistica/VARIANTE/VARIANTE_C3_monolinguismo.pdf;https://site.inali.gob.mx/pdf/libro_lenguas_indigenas_nacionales_en_riesgo_de_desaparicion.pdf;https://www.inee.edu.mx/wp-content/uploads/2019/06/P2A348.pdf;https://www.inegi.org.mx/contenidos/programas/ccpv/2020/doc/Censo2020_Principales_resultados_EUM.pdf;https://aclanthology.org/2021.americasnlp-1.23.pdf;https://www.unesco.org/en/legal-affairs/recommendation-open-educational-resources-oer?hub=422;https://open.umn.edu/opentextbooks/textbooks.json;https://directory.doabooks.org/rest/search,"Standalone intervention only; do not sum with another language, stage, script, or territory row without a proved disjoint-person crosswalk.",true,4E338B499B3FAFC6609AE0D1CEAD86BF76C425C3ECF1ED86AF3FA96113D8FFAA
direct:100:edition-target:regional:nah-huasteca-potosina-Latn-MX,DIRECT_PERSON_COMPARABLE,100,edition-target:regional:nah-huasteca-potosina-Latn-MX,Náhuatl de la Huasteca potosina,nah-huasteca-potosina-Latn-MX,,133234.000000,133234.000000,133234.000000,INALI source-stated exact-variant estimate based on Census 2000 and the official catalog.,2000,46642.791370,1000000.000000,A_REGIONAL_EXACT_TYPED_PERSON,Source-authorized person denominator under the common hierarchical prior; rank is model-conditional and currently population-dominant.,Measure target-stage resource fit and commission the highest-value open package without changing the population need estimate for prior production.,"Comparable-subset rank, not a moral ranking or a complete global allocation order. Missing target-specific factors use common priors.",MX_INALI_CLIN_NAHUATL;MX_INALI_NAHUATL_VARIANT_2000;MX_INALI_LANGUAGE_RISK;MX_INEE_LANGUAGE_MATCH;MX_INEGI_CENSUS_2020;NLP_AMERICASNLP_2021;OER_UNESCO_2019;CATALOG_OTL_20260901;CATALOG_DOAB_20260901,https://www.inali.gob.mx/sitios/clin-inali/html/v_nahuatl.html;https://site.inali.gob.mx/pdf/estadistica/VARIANTE/VARIANTE_C3_monolinguismo.pdf;https://site.inali.gob.mx/pdf/libro_lenguas_indigenas_nacionales_en_riesgo_de_desaparicion.pdf;https://www.inee.edu.mx/wp-content/uploads/2019/06/P2A348.pdf;https://www.inegi.org.mx/contenidos/programas/ccpv/2020/doc/Censo2020_Principales_resultados_EUM.pdf;https://aclanthology.org/2021.americasnlp-1.23.pdf;https://www.unesco.org/en/legal-affairs/recommendation-open-educational-resources-oer?hub=422;https://open.umn.edu/opentextbooks/textbooks.json;https://directory.doabooks.org/rest/search,"Standalone intervention only; do not sum with another language, stage, script, or territory row without a proved disjoint-person crosswalk.",true,BECDD01C79B11C84DA5A0AA57BAABBE496F6A4A64AD4C350C450D10DAEFE63EE
stage:1:edition-target:lang:zh-Hans-CN:written,STAGE_OPPORTUNITY,1,edition-target:lang:zh-Hans-CN:written,Standard Written Chinese,zh-Hans-CN,,280404300.000000,280404300.000000,280404300.000000,"All formal-education enrolments reported by MOE in 2025; a stage-opportunity universe, not a count needing new Chinese material.",2025,91804506.235249,1450000.000000,STAGE_EXACT_OPPORTUNITY,Directly defined learner or sector opportunity; not a whole-language population.,"Audit stage, subject, openness, accessibility, and academic-language gaps inside the measured cohort; commission only the fitted package.",Stage-opportunity order is separate from the direct-person language order and cannot be summed with it.,source:llps:src_cn_moe_education_2025,https://hudong.moe.gov.cn/jyb_sjzl/sjzl_fztjgb/202607/t20260706_1442870.html,"This learner/sector cohort may be nested in language, age, disability, migration, or enrolment totals.",true,5BBA798D37D47CD353B9B91803D76758E91F26D9362F35ECFE51290D531F9470
stage:2:edition-target:lang:ja-Jpan-JP,STAGE_OPPORTUNITY,2,edition-target:lang:ja-Jpan-JP,Standard Japanese,ja-Jpan-JP,,2922969.000000,2922969.000000,2922969.000000,"2,645,837 undergraduates plus 277,132 graduate/professional-degree students.",2025,1291650.136906,1520000.000000,STAGE_EXACT_OPPORTUNITY,Directly defined learner or sector opportunity; not a whole-language population.,"Audit stage, subject, openness, accessibility, and academic-language gaps inside the measured cohort; commission only the fitted package.",Stage-opportunity order is separate from the direct-person language order and cannot be summed with it.,source:llps:src_jp_mext_enrolment_2025,https://www.mext.go.jp/b_menu/toukei/chousa01/kihon/kekka/k_detail/2025.htm,"This learner/sector cohort may be nested in language, age, disability, migration, or enrolment totals.",true,7291A3D7868BC96C24DF029084B18A8EA392080B18871457C313EA5C43CC03B5
context:en-Latn-US-home-2023,MANDATORY_LARGE_CONTEXT_AND_VOI,1,en-Latn-US-home-2023,United States English-only home-language population age 5+,spoken/written US English; Latin script; ACS home-language endpoint,"United States, 50 states and District of Columbia",245250680,245472067,245693454,ACS 2023 one-year estimate of people age 5+ who speak only English at home; low/high are the published estimate plus or minus the 90% margin of error.,2023,,,high for the published survey estimate and MOE; low for educational mastery or resource sufficiency,High-scale context that could change allocation if converted into an exact stage-language-access denominator.,Acquire an exact comfortable-reader or stage-subject denominator and audit the functional supply endpoint before comparison.,The interval is a published survey-MOE interval for one construct. Do not add multilingual English users or the global 1.5bn mixed-proficiency estimate.,LPOS_US_ACS_B16001_2023,https://data.census.gov/table/ACSDT1Y2023.B16001,"Context, exposure, home-use, policy, ability, and mixed-proficiency constructs are not automatically additive or interchangeable.",true,226D342464DCBD7EC3A71C4DF428333732927E019697C8B5734E4D15EF6840A2
context:en-Latn-IN-reported-L123-2011,MANDATORY_LARGE_CONTEXT_AND_VOI,2,en-Latn-IN-reported-L123-2011,"English reported in first, second or third language position — India","English; Latin script; reported language knowledge position, not tested proficiency","India, national Census 2011 state code 00",,128539090,,"National sum of English recorded as mother tongue/first language (259678), first subsidiary language/L2 (82717239), or second subsidiary language/L3 (45562173) in Census C-17.",2011,,,high for the exact C-17 aggregation; low for current scale and academic proficiency,High-scale context that could change allocation if converted into an exact stage-language-access denominator.,Acquire an exact comfortable-reader or stage-subject denominator and audit the functional supply endpoint before comparison.,Exact for the 2011 census table construct only; stale for current population and not a tested or academic-proficiency count.,LPOS_IN_C17_2011,https://censusindia.gov.in/nada/index.php/catalog/10262/download/13374/DDW-C17-0000.XLSX,"Context, exposure, home-use, policy, ability, and mixed-proficiency constructs are not automatically additive or interchangeable.",true,FF8D57BDBCE12ADDC15D1F1AAA410EC49A9F3463192D8EBE000F42D4E2719895
context:bn-Beng-IN-reported-L123-2011,MANDATORY_LARGE_CONTEXT_AND_VOI,3,bn-Beng-IN-reported-L123-2011,"Bengali reported in first, second or third language position — India",Bengali; Bengali script literacy not measured by C-17,"India, national Census 2011 state code 00",,107472243,,"National sum of Bengali in the first-language/mother-tongue group (97237669), first subsidiary-language/L2 (9095810), and second subsidiary-language/L3 (1138764) positions.",2011,,,"high for the exact C-17 aggregation; low for current scale, script literacy and academic proficiency",High-scale context that could change allocation if converted into an exact stage-language-access denominator.,Acquire an exact comfortable-reader or stage-subject denominator and audit the functional supply endpoint before comparison.,"Do not add to the raw Bengali L1 row, Bangladesh proxy, or cross-country package total; it is an overlapping alternative endpoint.",LPOS_IN_C17_2011,https://censusindia.gov.in/nada/index.php/catalog/10262/download/13374/DDW-C17-0000.XLSX,"Context, exposure, home-use, policy, ability, and mixed-proficiency constructs are not automatically additive or interchangeable.",true,2E1D915B36B5203FEC8BEA41EA0CDE10F267B399097D53F6A4D0FCC1B7DA8064
context:mr-Deva-IN-reported-L123-2011,MANDATORY_LARGE_CONTEXT_AND_VOI,4,mr-Deva-IN-reported-L123-2011,"Marathi reported in first, second or third language position — India",Marathi; Devanagari; script literacy not measured by C-17,"India, national Census 2011 state code 00",,99058786,,"National sum of Marathi in the first-language/mother-tongue group (83026680), first subsidiary-language/L2 (13001079), and second subsidiary-language/L3 (3031027) positions.",2011,,,high for the exact 2011 C-17 aggregation; low for current threshold status and academic proficiency,High-scale context that could change allocation if converted into an exact stage-language-access denominator.,Acquire an exact comfortable-reader or stage-subject denominator and audit the functional supply endpoint before comparison.,Do not extrapolate to 2026 or convert the 2011 total into an above-100m current count; keep threshold status unresolved.,LPOS_IN_C17_2011,https://censusindia.gov.in/nada/index.php/catalog/10262/download/13374/DDW-C17-0000.XLSX,"Context, exposure, home-use, policy, ability, and mixed-proficiency constructs are not automatically additive or interchangeable.",true,23FD0DD0B3BA14C4FCFBB8084DE0C98A565507197F18F431ABDEE2AE1A3CAAE3
context:te-Telu-IN-reported-L123-2011,MANDATORY_LARGE_CONTEXT_AND_VOI,5,te-Telu-IN-reported-L123-2011,"Telugu reported in first, second or third language position — India",Telugu; Telugu script; script literacy not measured by C-17,"India, national Census 2011 state code 00",,94501603,,"National sum of Telugu in the first-language/mother-tongue position (81127740), first subsidiary-language/L2 (12167609), and second subsidiary-language/L3 (1206254) positions.",2011,,,high for the exact 2011 C-17 aggregation; low for current threshold status and academic proficiency,High-scale context that could change allocation if converted into an exact stage-language-access denominator.,Acquire an exact comfortable-reader or stage-subject denominator and audit the functional supply endpoint before comparison.,Do not extrapolate to 2026 or convert the 2011 total into an above-100m current count; keep threshold status unresolved.,LPOS_IN_C17_2011,https://censusindia.gov.in/nada/index.php/catalog/10262/download/13374/DDW-C17-0000.XLSX,"Context, exposure, home-use, policy, ability, and mixed-proficiency constructs are not automatically additive or interchangeable.",true,1D464F5BC4238B9F94D24B157E5A3F483CE9AC8AB6117443718436CEDFA440A5
context:en-Latn-PH-education-exposure-2024,MANDATORY_LARGE_CONTEXT_AND_VOI,6,en-Latn-PH-education-exposure-2024,English co-medium education exposure ceiling — Philippines,English; Latin script; formal education medium,Philippines,,,112729484,2024 national census population retained only as an upper exposure ceiling for English under the Filipino/English medium-of-instruction framework; not an English-user count.,2024,,,"high for census population and legal medium; low for actual exposure, proficiency and resource sufficiency",High-scale context that could change allocation if converted into an exact stage-language-access denominator.,Acquire an exact comfortable-reader or stage-subject denominator and audit the functional supply endpoint before comparison.,Non-additive with Filipino and regional-language exposure rows; never treat all residents as English users.,LPOS_PH_PSA_POPCEN_2024;LPOS_PH_RA12027_2024,https://psa.gov.ph/statistics/population-and-housing/node/1684077791;https://lawphil.net/statutes/repacts/ra2024/ra_12027_2024.html,"Context, exposure, home-use, policy, ability, and mixed-proficiency constructs are not automatically additive or interchangeable.",true,89B41A3817AF399B28392BC5C3EA91885C6811EBC483031F2CFAAE4B9C048821
context:en-Latn-PK-education-exposure-2023,MANDATORY_LARGE_CONTEXT_AND_VOI,7,en-Latn-PK-education-exposure-2023,English education-language exposure ceiling — Pakistan,English; Latin script; subject and cross-curricular medium varies by province and school,Pakistan detailed-demographic census scope: four provinces plus Islamabad Capital Territory,,,240458089,2023 detailed-demographic census population retained only as a maximum national English education-language exposure context; not an English-user or learner count.,2023,,,"high for census universe and official curriculum role; low for actual exposure, proficiency and resource sufficiency",High-scale context that could change allocation if converted into an exact stage-language-access denominator.,Acquire an exact comfortable-reader or stage-subject denominator and audit the functional supply endpoint before comparison.,"Non-additive with Urdu, Punjabi, Sindhi, Pashto, Balochi and other language rows; never treat the ceiling as English knowledge.",LPOS_PK_PBS_CENSUS_2023;LPOS_PK_NCC_ENGLISH_2021,https://www.pbs.gov.pk/sites/default/files/population/2023/tables/table_11_national.pdf;https://ncc.gov.pk/Detail/MDk3YWE3ZjgtMmM5NS00YzlhLWI2NTAtYWE2NTRmOGFiMmNk,"Context, exposure, home-use, policy, ability, and mixed-proficiency constructs are not automatically additive or interchangeable.",true,367DC8EB3D49FFD69CEF9F5AF965D225F06F9D717631B0473687E3F73B20B9ED
context:en-Latn-NG-education-exposure-2025,MANDATORY_LARGE_CONTEXT_AND_VOI,8,en-Latn-NG-education-exposure-2025,English national education-language exposure ceiling — Nigeria,English; Latin script; official medium of instruction across levels under 2025 policy,Nigeria,,,237527782,World Development Indicators 2025 population retained only as an upper national English-instruction exposure context after the federal reaffirmation of English as medium across levels; not an English-user count.,2025,,,high for policy identity; medium for modeled population ceiling; low for actual English proficiency and resource sufficiency,High-scale context that could change allocation if converted into an exact stage-language-access denominator.,Acquire an exact comfortable-reader or stage-subject denominator and audit the functional supply endpoint before comparison.,"The population is a modeled territorial ceiling. Do not add Hausa, Yoruba, Igbo, Fulfulde, Pidgin or other language cohorts and do not infer English proficiency.",LPOS_WDI_NGA_POP_2025;LPOS_NG_ENGLISH_POLICY_2025,https://api.worldbank.org/v2/country/NGA/indicator/SP.POP.TOTL?date=2025&format=json;https://fmino.gov.ng/fg-reaffirms-english-as-medium-of-instruction-launches-inclusive-language-policy-to-promote-national-unity/,"Context, exposure, home-use, policy, ability, and mixed-proficiency constructs are not automatically additive or interchangeable.",true,A6108AB047A00EB0EA4AC167BF4BD13153EFB876D6BF43536DF5661433B37342
context:en-Latn-ET-secondary-higher-exposure-2025,MANDATORY_LARGE_CONTEXT_AND_VOI,9,en-Latn-ET-secondary-higher-exposure-2025,English secondary and higher-education exposure ceiling — Ethiopia,English; Latin script; secondary and higher-education medium under national policy,Ethiopia,,,135472051,World Development Indicators 2025 population retained only as a maximum territorial context for the policy assigning English to secondary and higher education; actual stage participants are a smaller unmeasured subset.,2025 population; education policy 1994,,,high for policy wording; medium for modeled population ceiling; low for actual stage exposure and proficiency,High-scale context that could change allocation if converted into an exact stage-language-access denominator.,Acquire an exact comfortable-reader or stage-subject denominator and audit the functional supply endpoint before comparison.,Stage-limited ceiling only. Never assign all residents to English or add Amharic/Oromo/Tigrinya/other language cohorts.,LPOS_WDI_ETH_POP_2025;LPOS_ET_EDUCATION_POLICY,https://api.worldbank.org/v2/country/ETH/indicator/SP.POP.TOTL?date=2025&format=json;https://www.moe.gov.et/storage/Books/Ethiopia%20Education%20and%20Training%20Policy.pdf,"Context, exposure, home-use, policy, ability, and mixed-proficiency constructs are not automatically additive or interchangeable.",true,787358A611757AE9E78D6E9552991FF5CDF04A7B55EEC05D9E06877C1E5B5B3E
context:fr-Latn-CD-education-exposure-2025,MANDATORY_LARGE_CONTEXT_AND_VOI,10,fr-Latn-CD-education-exposure-2025,French education-language exposure ceiling — Democratic Republic of the Congo,French; Latin script; language of instruction with national/local-language elementary provisions,Democratic Republic of the Congo,,,112832473,World Development Indicators 2025 population retained only as a maximum French education-language exposure context under the national education law; not a French-speaker or learner count.,2025 population; education law 2014,,,high for statutory language identity; medium for modeled population ceiling; low for actual proficiency and resource sufficiency,High-scale context that could change allocation if converted into an exact stage-language-access denominator.,Acquire an exact comfortable-reader or stage-subject denominator and audit the functional supply endpoint before comparison.,"Territorial ceiling only. Never assign every resident to French or add Lingala, Congo Swahili, Kikongo ya leta, Tshiluba and other cohorts.",LPOS_WDI_COD_POP_2025;LPOS_CD_EDUCATION_LAW_2014,https://api.worldbank.org/v2/country/COD/indicator/SP.POP.TOTL?date=2025&format=json;https://www.leganet.cd/Legislation/Droit%20Public/enseignement/Loi14.004.11.02.2004.htm,"Context, exposure, home-use, policy, ability, and mixed-proficiency constructs are not automatically additive or interchangeable.",true,3CA466D3C38F002ECDE3A91DB1B23C70CE3E45859FC2FF54D690E791CB5A4248
sentinel-gap:S054,MANDATORY_SENTINEL_GAP_AND_VOI,1,edition-target:regional:fr-Latn-CD-exposure,French — DRC exposure context,fr-Latn-CD,Democratic Republic of the Congo,,,,,,,,PRESENT_CONTEXT_STRATUM_NO_EXACT_EDITION_TARGET,Very large official-language exposure ceiling with unknown academic comfort,Keep as context until tested or directly reported proficiency evidence exists,Coverage sentinel only; absence of a source-bound denominator is not zero need.,,,Zero population credit until an exact identity and source-bound denominator are registered.,true,400EA5A47621A35FD56C92985E7156FA537A11D58151127826BA760A601BC1D9
sentinel-gap:S067,MANDATORY_SENTINEL_GAP_AND_VOI,2,edition-target:lang:unresolved-algerian-amazigh-varieties,Algerian Amazigh varieties,Latin Tifinagh and Arabic arms must be separately identified,Algeria,,,,,,,,MISSING_EXACT_TARGET,Official Tamazight status does not make Kabyle Chaoui Mozabite Tuareg and other varieties one language,Create exact variety and script targets before population binding,Coverage sentinel only; absence of a source-bound denominator is not zero need.,,,Zero population credit until an exact identity and source-bound denominator are registered.,true,A70103D57744C3A7AA813DD177AD706ED3952139E8A7A7AF17C70DCAE444250F
sentinel-gap:S073,MANDATORY_SENTINEL_GAP_AND_VOI,3,edition-target:regional:fr-Latn-Africa-exposure,French — West and Central African education contexts,fr-Latn-002,West and Central Africa,,,,,,,,PRESENT_BASE_LANGUAGE_ONLY_EXACT_TERRITORY_SCRIPT_OR_STANDARD_PROFILE_MISSING,Large official-schooling bridge with highly variable comfortable comprehension,Keep country-specific exposure and local-language alternatives visible,Coverage sentinel only; absence of a source-bound denominator is not zero need.,,,Zero population credit until an exact identity and source-bound denominator are registered.,true,EB9FCEBD75F7B054DCF80DD43AB570F7267C39793F1021725680A0399EDD04EE
sentinel-gap:S074,MANDATORY_SENTINEL_GAP_AND_VOI,4,edition-target:regional:en-Latn-US-home-2023,English — United States home-language stratum,en-Latn-US,United States,,,,,,,,PRESENT_CONTEXT_STRATUM_NO_EXACT_EDITION_TARGET,Large direct official home-language measure but not proof of complete educational access,Use as context and stage-specific negative control,Coverage sentinel only; absence of a source-bound denominator is not zero need.,,,Zero population credit until an exact identity and source-bound denominator are registered.,true,75BDF7430365AB4558F572C21167175FEC3DC124D143CA77AA936F442D6CBC43
sentinel-gap:S075,MANDATORY_SENTINEL_GAP_AND_VOI,5,edition-target:regional:en-Latn-IN-reported-L123-2011,English — India reported L1 L2 L3,en-Latn-IN,India,,,,,,,,PRESENT_CONTEXT_STRATUM_NO_EXACT_EDITION_TARGET,Large reported-language exposure measure but not tested academic proficiency,Keep outside direct comfortable-reader ranking,Coverage sentinel only; absence of a source-bound denominator is not zero need.,,,Zero population credit until an exact identity and source-bound denominator are registered.,true,1590C2DB9D4C7307FA5FCE02BA36E2BD61090CB721268C2F339F9921A09577D4
sentinel-gap:S076,MANDATORY_SENTINEL_GAP_AND_VOI,6,edition-target:regional:en-Latn-NG-exposure,English — Nigeria exposure ceiling,en-Latn-NG,Nigeria,,,,,,,,PRESENT_CONTEXT_STRATUM_NO_EXACT_EDITION_TARGET,Large official-language territory where proficiency is unmeasured,Do not treat national population as English users,Coverage sentinel only; absence of a source-bound denominator is not zero need.,,,Zero population credit until an exact identity and source-bound denominator are registered.,true,51005ACFDD37AEFBF642BCA19A0EC91E50DB4BB27037ADAC4DD1BF327F18E622
sentinel-gap:S077,MANDATORY_SENTINEL_GAP_AND_VOI,7,edition-target:regional:en-Latn-PK-exposure,English — Pakistan exposure ceiling,en-Latn-PK,Pakistan,,,,,,,,PRESENT_CONTEXT_STRATUM_NO_EXACT_EDITION_TARGET,Large official-language territory where proficiency is unmeasured,Do not treat national population as English users,Coverage sentinel only; absence of a source-bound denominator is not zero need.,,,Zero population credit until an exact identity and source-bound denominator are registered.,true,99BE7803DECBE0F0AB0FDE3A58F073FC8F63AB470BCBDE52AF2207653048CDA4
sentinel-gap:S078,MANDATORY_SENTINEL_GAP_AND_VOI,8,edition-target:regional:en-Latn-PH-exposure,English — Philippines exposure ceiling,en-Latn-PH,Philippines,,,,,,,,PRESENT_CONTEXT_STRATUM_NO_EXACT_EDITION_TARGET,Large official-language territory where proficiency is unmeasured,Do not treat national population as English users,Coverage sentinel only; absence of a source-bound denominator is not zero need.,,,Zero population credit until an exact identity and source-bound denominator are registered.,true,DC15862CEE6DABC687C5146518AF2023291BF701FFFA86341715F7F35D6B8D20
sentinel-gap:S126,MANDATORY_SENTINEL_GAP_AND_VOI,9,edition-target:lang:unresolved-hmong-varieties-CN,Hmong varieties in China,Multiple orthographies,China,,,,,,,,MISSING_EXACT_TARGET,Macro labels such as Miao or Hmong must not become one fake language,Create exact variety and script records before any person allocation,Coverage sentinel only; absence of a source-bound denominator is not zero need.,,,Zero population credit until an exact identity and source-bound denominator are registered.,true,7410F29CC531783346DFE7286A2C4557FFC4845D5ADFF713963421F0635F3012
structural:A11Y_TEXT_IMAGE_DESCRIPTIONS,STRUCTURAL_SIGNED_AND_ACCESSIBILITY,1,A11Y_TEXT_IMAGE_DESCRIPTIONS,Concise and extended text descriptions for meaningful instructional images,ACCESSIBILITY_AND_DELIVERY,"Global; instantiate by language, curriculum, image type, and delivery format",,,,persons_blind_GBD_2020_proxy,,,,high_measure_medium_intervention_specificity,UNIVERSAL_OPEN_PACKAGE_BASELINE,"Commission the exact functional mode or acquire its missing denominator; never substitute a hearing-loss, disability, or national-population proxy for language users.",SEPARATE_STRUCTURAL_LANE_NOT_IN_PERSON_LANGUAGE_TOP100,IAPB_VISION_2020,https://www.iapb.org/wp-content/uploads/2021/05/Vision-Atlas_Global-Snapshot_18052021.pdf,"Blindness proxy is repeated and nonadditive; descriptions also serve low-vision, print-disabled, low-bandwidth, and search users and overlap tactile and audio descriptions.",true,3A58A432B00A30C10DBB6446AF05E1D95207E6A30930CF98E54F1C8B8BD50D59
structural:A11Y_REFLOWABLE_EPUB33,STRUCTURAL_SIGNED_AND_ACCESSIBILITY,2,A11Y_REFLOWABLE_EPUB33,Downloadable born-accessible reflowable EPUB 3.3,ACCESSIBILITY_AND_DELIVERY,Global; instantiate and test by language and reading-system ecosystem,,,,not_estimated_print_disability_overlay,,,,high_standard_low_population_specificity,UNIVERSAL_OPEN_PACKAGE_BASELINE,"Commission the exact functional mode or acquire its missing denominator; never substitute a hearing-loss, disability, or national-population proxy for language users.",SEPARATE_STRUCTURAL_LANE_NOT_IN_PERSON_LANGUAGE_TOP100,WIPO_MARRAKESH_2013,https://www.wipo.int/wipolex/en/text/301016,"Overlaps blindness, low vision, dyslexia, motor disability, cognitive conditions, offline use, HTML, audio, braille, and MathML; no additive count is valid.",true,49DE2501AE02924FCA8346220D47E0974532E67457AD41C1F7FE7A080C554E63
structural:A11Y_DOWNLOADABLE_TRANSCRIPT,STRUCTURAL_SIGNED_AND_ACCESSIBILITY,3,A11Y_DOWNLOADABLE_TRANSCRIPT,Downloadable full transcript for instructional audio or video,ACCESSIBILITY_AND_DELIVERY,"Global; instantiate by media language, learner language, and subject",,,,persons_disabling_hearing_loss_rehabilitation_proxy,,,,high_measure_medium_intervention_specificity,CONDITIONAL_PARALLEL_ACCESS_ROUTE,"Commission the exact functional mode or acquire its missing denominator; never substitute a hearing-loss, disability, or national-population proxy for language users.",SEPARATE_STRUCTURAL_LANE_NOT_IN_PERSON_LANGUAGE_TOP100,WHO_HEARING_2026,https://www.who.int/news-room/fact-sheets/detail/deafness-and-hearing-loss,"Repeated nonadditive hearing-loss proxy; transcripts also overlap low-bandwidth, search, translation, second-language, and cognitive-access cohorts.",true,98C5BDAF93D71CA1D6D9AA93F671464407977FFDBAA5698CA1874AA1253FEC3F
structural:A11Y_NAMED_SIGN_LANGUAGE_VIDEO,STRUCTURAL_SIGNED_AND_ACCESSIBILITY,4,A11Y_NAMED_SIGN_LANGUAGE_VIDEO,"Instructional video in one named national or regional sign language, paired with text and captions",ACCESSIBILITY_AND_DELIVERY,Named Deaf community and territory must be specified before implementation,,,,persons_named_sign_language_users_not_estimated,,,,high_language_distinction_low_population_specificity,CONDITIONAL_PARALLEL_ACCESS_ROUTE,"Commission the exact functional mode or acquire its missing denominator; never substitute a hearing-loss, disability, or national-population proxy for language users.",SEPARATE_STRUCTURAL_LANE_NOT_IN_PERSON_LANGUAGE_TOP100,UN_SIGN_LANG_ND,https://www.un.org/en/observances/sign-languages-day,"Must be measured separately for each named sign language and community; hearing-loss proxies, captions, International Sign, and other sign languages are not substitutes or additive denominators.",true,498B3D6F9586397BC5AEC3D55585A60895D9FCF85DFFA8A5968D8410EDDD5231
structural:A11Y_LOCALIZED_EASY_READ,STRUCTURAL_SIGNED_AND_ACCESSIBILITY,5,A11Y_LOCALIZED_EASY_READ,Localized Easy Read version with supportive images and reduced memory load,ACCESSIBILITY_AND_DELIVERY,"Global; instantiate by language, cognitive-access context, subject, and community",,,,persons_per_1000_population_intellectual_disability_meta_analysis,,,,medium_low_due_to_dated_heterogeneous_meta_analysis,CONDITIONAL_PARALLEL_ACCESS_ROUTE,"Commission the exact functional mode or acquire its missing denominator; never substitute a hearing-loss, disability, or national-population proxy for language users.",SEPARATE_STRUCTURAL_LANE_NOT_IN_PERSON_LANGUAGE_TOP100,MAULIK_ID_2011,https://pubmed.ncbi.nlm.nih.gov/21236634/,"The dated intellectual-disability rate is not an Easy Read uptake measure and overlaps plain language, dementia, literacy, language impairment, and supported-interaction needs.",true,1CB382171E6A3313936FA57C7D8E4C678863BEFC4E515D0F78E56FA879A4692D
structural:A11Y_AUDIO_DESCRIPTION,STRUCTURAL_SIGNED_AND_ACCESSIBILITY,6,A11Y_AUDIO_DESCRIPTION,Localized audio description for instructional video and essential visuals,ACCESSIBILITY_AND_DELIVERY,"Global; instantiate by media language, learner language, subject, and playback system",,,,persons_blind_GBD_2020_proxy,,,,high_measure_medium_intervention_specificity,CONDITIONAL_PARALLEL_ACCESS_ROUTE,"Commission the exact functional mode or acquire its missing denominator; never substitute a hearing-loss, disability, or national-population proxy for language users.",SEPARATE_STRUCTURAL_LANE_NOT_IN_PERSON_LANGUAGE_TOP100,IAPB_VISION_2020,https://www.iapb.org/wp-content/uploads/2021/05/Vision-Atlas_Global-Snapshot_18052021.pdf,"Blindness proxy is repeated and nonadditive; overlaps low vision, text descriptions, tactile graphics, captions, transcripts, and synchronized narration.",true,62FA781553015C21070B2F7579DBDEF5ED72A55F50F8CE3935EF6D0F7B582BF4
structural:A11Y_PRERECORDED_CAPTIONS,STRUCTURAL_SIGNED_AND_ACCESSIBILITY,7,A11Y_PRERECORDED_CAPTIONS,Localized closed captions for prerecorded instructional media,ACCESSIBILITY_AND_DELIVERY,"Global; instantiate by media language, learner language, and subject",,,,persons_disabling_hearing_loss_rehabilitation_proxy,,,,high_measure_medium_intervention_specificity,CONDITIONAL_PARALLEL_ACCESS_ROUTE,"Commission the exact functional mode or acquire its missing denominator; never substitute a hearing-loss, disability, or national-population proxy for language users.",SEPARATE_STRUCTURAL_LANE_NOT_IN_PERSON_LANGUAGE_TOP100,WHO_HEARING_2026,https://www.who.int/news-room/fact-sheets/detail/deafness-and-hearing-loss,"Repeated hearing-loss proxy intentionally overlaps live captions, transcripts, sign-language users, and other accommodations; it must not be summed across rows.",true,B679EA255CF3AD9B9F1E6121DD5C705E50DF9413D6D9DD6D959AB3567EBDFD18
structural:A11Y_LIVE_CAPTIONS,STRUCTURAL_SIGNED_AND_ACCESSIBILITY,8,A11Y_LIVE_CAPTIONS,Localized live captions for synchronous instruction,ACCESSIBILITY_AND_DELIVERY,"Global; instantiate by session language, learner language, and subject",,,,persons_disabling_hearing_loss_rehabilitation_proxy,,,,high_measure_medium_intervention_specificity,CONDITIONAL_PARALLEL_ACCESS_ROUTE,"Commission the exact functional mode or acquire its missing denominator; never substitute a hearing-loss, disability, or national-population proxy for language users.",SEPARATE_STRUCTURAL_LANE_NOT_IN_PERSON_LANGUAGE_TOP100,WHO_HEARING_2026,https://www.who.int/news-room/fact-sheets/detail/deafness-and-hearing-loss,"The same hearing-loss proxy is repeated, not added; it overlaps prerecorded captions, transcripts, named sign-language users, and users outside clinical thresholds.",true,F772A1064D215B5EC6A57EF0D889400A13B3F50DBF78F85F1D9CD693275E8AC6
structural:A11Y_LOCALIZED_PLAIN_LANGUAGE,STRUCTURAL_SIGNED_AND_ACCESSIBILITY,9,A11Y_LOCALIZED_PLAIN_LANGUAGE,Localized plain-language version alongside the precise source,ACCESSIBILITY_AND_DELIVERY,"Global; instantiate by language, literacy context, subject, and community",,,,persons_adults_15plus_lacking_basic_literacy_proxy,,,,medium_due_to_coarse_self_or_proxy_literacy_measure,CONDITIONAL_PARALLEL_ACCESS_ROUTE,"Commission the exact functional mode or acquire its missing denominator; never substitute a hearing-loss, disability, or national-population proxy for language users.",SEPARATE_STRUCTURAL_LANE_NOT_IN_PERSON_LANGUAGE_TOP100,UNESCO_LITERACY_2025,https://www.unesco.org/en/literacy?hub=68243,"Literacy proxy overlaps cognitive disability, dementia, language impairment, limited instructional-language proficiency, digital skill gaps, and stress; it is not a plain-language-demand count.",true,DFC8B18E1DBAB6C1C86FA0296BBF1A8E3449A41314E6FD9D139B6CE6F51123C6
structural:A11Y_NATIVE_MATHML,STRUCTURAL_SIGNED_AND_ACCESSIBILITY,10,A11Y_NATIVE_MATHML,Native MathML for mathematical expressions,ACCESSIBILITY_AND_DELIVERY,"Global; instantiate by language, locale, subject, browser, reading system, and assistive-technology stack",,,,not_estimated_subject_specific_access_overlay,,,,high_standard_medium_interoperability_uncertainty,UNIVERSAL_OPEN_PACKAGE_BASELINE,"Commission the exact functional mode or acquire its missing denominator; never substitute a hearing-loss, disability, or national-population proxy for language users.",SEPARATE_STRUCTURAL_LANE_NOT_IN_PERSON_LANGUAGE_TOP100,,,"Overlaps blind, low-vision, print-disabled, braille, audio, tactile, and STEM cohorts; it is a technical layer, not an additive population.",true,514A9D7AB6F894E7DB83880427A9338013BC5255574CB82C81955AA492543E9D
structural:A11Y_DECLARED_CODE_BRAILLE,STRUCTURAL_SIGNED_AND_ACCESSIBILITY,11,A11Y_DECLARED_CODE_BRAILLE,Navigable eBraille and embossable braille in a declared language and specialist code,ACCESSIBILITY_AND_DELIVERY,"Global; instantiate by language, country convention, subject code, and available hardware",,,,persons_braille_readers_not_estimated,,,,high_code_evidence_low_population_specificity,CONDITIONAL_PARALLEL_ACCESS_ROUTE,"Commission the exact functional mode or acquire its missing denominator; never substitute a hearing-loss, disability, or national-population proxy for language users.",SEPARATE_STRUCTURAL_LANE_NOT_IN_PERSON_LANGUAGE_TOP100,,,"Overlaps blindness, deafblindness, print disability, tactile graphics, audio, and structured e-text; no impairment estimate may be treated as braille demand.",true,0892080A0EEFC64D9C140B84D7F2EAB77182AA62E1DC8E44DDB859293290BB05
structural:A11Y_SYNCHRONIZED_TEXT_AUDIO,STRUCTURAL_SIGNED_AND_ACCESSIBILITY,12,A11Y_SYNCHRONIZED_TEXT_AUDIO,Navigable full text synchronized with narration,ACCESSIBILITY_AND_DELIVERY,Global; instantiate by written/spoken language pair and learner community,,,,percent_primary_school_children_pooled_dyslexia_prevalence,,,,medium_due_to_high_meta_analysis_heterogeneity,CONDITIONAL_PARALLEL_ACCESS_ROUTE,"Commission the exact functional mode or acquire its missing denominator; never substitute a hearing-loss, disability, or national-population proxy for language users.",SEPARATE_STRUCTURAL_LANE_NOT_IN_PERSON_LANGUAGE_TOP100,YANG_DYSLEXIA_2022,https://pmc.ncbi.nlm.nih.gov/articles/PMC8870220/,"The dyslexia percentage is a bounded school-stage proxy and overlaps print disability, low literacy, language learning, and visual disability; the intervention also serves people outside that measure.",true,DC9EC023BB0F582A7A3E991938656A1A24A295B73F00DE2F678FC9C11265ABAC
structural:A11Y_LOW_BITRATE_MEDIA_VARIANT,STRUCTURAL_SIGNED_AND_ACCESSIBILITY,13,A11Y_LOW_BITRATE_MEDIA_VARIANT,Optional downloadable low-bitrate media variant preserving accessibility content,ACCESSIBILITY_AND_DELIVERY,Global; especially rural and low-income settings with intermittent or expensive connectivity,,,,not_estimated_affordability_coverage_constraint,,,,high_constraint_evidence_low_population_specificity,UNIVERSAL_OPEN_PACKAGE_BASELINE,"Commission the exact functional mode or acquire its missing denominator; never substitute a hearing-loss, disability, or national-population proxy for language users.",SEPARATE_STRUCTURAL_LANE_NOT_IN_PERSON_LANGUAGE_TOP100,,,"Cross-cuts all media and disability cohorts; must not be added to offline, hearing-loss, sign-language, or vision estimates.",true,02A63DF87787AFEC32E6473FD11457D8292BA5BBE22850A262AD7F245FCDFBD5
structural:A11Y_LARGE_PRINT_OUTPUT,STRUCTURAL_SIGNED_AND_ACCESSIBILITY,14,A11Y_LARGE_PRINT_OUTPUT,"Reflowed large-print output with user-controlled size, spacing, and contrast",ACCESSIBILITY_AND_DELIVERY,"Global; instantiate by language, print standard, device, and low-vision user setting",,,,persons_vision_loss_VLEG_GBD_2020_proxy,,,,high_measure_medium_intervention_specificity,CONDITIONAL_PARALLEL_ACCESS_ROUTE,"Commission the exact functional mode or acquire its missing denominator; never substitute a hearing-loss, disability, or national-population proxy for language users.",SEPARATE_STRUCTURAL_LANE_NOT_IN_PERSON_LANGUAGE_TOP100,IAPB_VISION_2020,https://www.iapb.org/wp-content/uploads/2021/05/Vision-Atlas_Global-Snapshot_18052021.pdf,"Vision-loss proxy overlaps blindness and every vision-specific row, and includes people who may not use large print; it must not be summed with WHO's broader 2.2-billion vision-impairment measure.",true,76B4B275A4303F1D3627257296D15760EE8CA1F89A62A337AA2FBFE41098E91C
structural:A11Y_OFFLINE_DOWNLOAD_PACKAGE,STRUCTURAL_SIGNED_AND_ACCESSIBILITY,15,A11Y_OFFLINE_DOWNLOAD_PACKAGE,Self-contained downloadable offline accessible learning package,ACCESSIBILITY_AND_DELIVERY,"Global; especially rural, low-income, displaced, home-learning, community-education, and field-based settings",,,,persons_not_using_internet_previous_3_months,,,,high_current_constraint_measure_medium_local_transferability,UNIVERSAL_OPEN_PACKAGE_BASELINE,"Commission the exact functional mode or acquire its missing denominator; never substitute a hearing-loss, disability, or national-population proxy for language users.",SEPARATE_STRUCTURAL_LANE_NOT_IN_PERSON_LANGUAGE_TOP100,ITU_FF_2025,https://www.itu.int/itu-d/reports/statistics/facts-figures-2025/,"Offline status cross-cuts every language, disability, age, and format cohort; the 2.2-billion estimate must not be added to any accessibility population.",true,62BC25C67A9E4B7DB39B5FC245FE98E6EE9F181AD9DA5796B1E4A2567B9C5633
structural:A11Y_SEMANTIC_RESPONSIVE_HTML,STRUCTURAL_SIGNED_AND_ACCESSIBILITY,16,A11Y_SEMANTIC_RESPONSIVE_HTML,Semantic responsive HTML canonical content layer,ACCESSIBILITY_AND_DELIVERY,"Global; instantiate and test by language, locale, device, and assistive-technology stack",,,,not_estimated_nonexclusive_access_overlay,,,,high_standard_low_population_specificity,UNIVERSAL_OPEN_PACKAGE_BASELINE,"Commission the exact functional mode or acquire its missing denominator; never substitute a hearing-loss, disability, or national-population proxy for language users.",SEPARATE_STRUCTURAL_LANE_NOT_IN_PERSON_LANGUAGE_TOP100,,,Global overlay; overlaps every population-specific intervention and must not be added to disability or connectivity estimates.,true,E91CCC3D59DCC0E185C9C50F057787C6B1C1B3219748BED52E5B51D42AFC87EC
structural:A11Y_TACTILE_GRAPHICS,STRUCTURAL_SIGNED_AND_ACCESSIBILITY,17,A11Y_TACTILE_GRAPHICS,Tactile graphics for spatial instructional diagrams,ACCESSIBILITY_AND_DELIVERY,"Global; instantiate by curriculum, diagram type, braille convention, and production method",,,,persons_tactile_graphics_users_not_estimated,,,,high_functional_rationale_low_population_specificity,CONDITIONAL_PARALLEL_ACCESS_ROUTE,"Commission the exact functional mode or acquire its missing denominator; never substitute a hearing-loss, disability, or national-population proxy for language users.",SEPARATE_STRUCTURAL_LANE_NOT_IN_PERSON_LANGUAGE_TOP100,,,"Overlaps blindness, braille, text descriptions, audio descriptions, MathML, and other formats; no impairment estimate may be treated as tactile-graphic demand.",true,7ECD4AC54F1F2615A26915444FA41B42901340AD09833C62605DC92D01317936
structural:SL-LIBRAS-BR-2019-KNOW,STRUCTURAL_SIGNED_AND_ACCESSIBILITY,18,edition-target:lang:bzs-BR,Brazilian Sign Language (Libras),bzs-BR,Brazil,,153000,,persons,,,,DIRECT_NAMED_SIGN_LANGUAGE_PERSON_MEASURE,NAMED_SIGN_LANGUAGE_MINIMUM_SERVICE,"Commission the exact functional mode or acquire its missing denominator; never substitute a hearing-loss, disability, or national-population proxy for language users.",SEPARATE_STRUCTURAL_LANE_NOT_IN_PERSON_LANGUAGE_TOP100,SL-LIBRAS-BR-2019-KNOW,https://www.ibge.gov.br/biblioteca/visualizacao/livros/liv101846.pdf,Do not extrapolate to all Brazilians or add the 22.4% severe-hearing subgroup; that subgroup is nested in this population.,true,CDAAFBAE3BB5CCB9B745660BE1C69400AE91A3DECF0045B7202400131C357FF5
structural:SL-BSL-SCT-2022-CANUSE,STRUCTURAL_SIGNED_AND_ACCESSIBILITY,19,edition-target:lang:bfi-GB,British Sign Language (BSL),bfi-GB,Scotland,,117300,,persons,,,,DIRECT_NAMED_SIGN_LANGUAGE_PERSON_MEASURE,NAMED_SIGN_LANGUAGE_MINIMUM_SERVICE,"Commission the exact functional mode or acquire its missing denominator; never substitute a hearing-loss, disability, or national-population proxy for language users.",SEPARATE_STRUCTURAL_LANE_NOT_IN_PERSON_LANGUAGE_TOP100,SL-BSL-SCT-2022-CANUSE,https://www.scotlandscensus.gov.uk/2022-reports/scotland-s-census-2022-ethnic-group-national-identity-language-and-religion/,Do not add to England/Wales/Northern Ireland main-language counts as a UK user total; definitions differ.,true,DD1A369C2298A20993B930C29A40D71768EA9C1E44E4B35A494013817655DF94
structural:SL-ASL-CA-2021-KNOW,STRUCTURAL_SIGNED_AND_ACCESSIBILITY,20,edition-target:lang:ase-CA,American Sign Language (ASL),ase-CA,Canada,,37620,,persons,,,,DIRECT_NAMED_SIGN_LANGUAGE_PERSON_MEASURE,NAMED_SIGN_LANGUAGE_MINIMUM_SERVICE,"Commission the exact functional mode or acquire its missing denominator; never substitute a hearing-loss, disability, or national-population proxy for language users.",SEPARATE_STRUCTURAL_LANE_NOT_IN_PERSON_LANGUAGE_TOP100,SL-ASL-CA-2021-KNOW,https://www12.statcan.gc.ca/census-recensement/2021/dp-pd/prof/details/page.cfm?DGUIDlist=2021A000011124&GENDERlist=1&HEADERlist=0&Lang=E&STATISTIClist=1%2C4,"Do not add to LSQ, other language knowledge, or Canadian home-language counts; multiple languages may be reported.",true,9CB5A324507A216A695B4081B96E6F14B3396E0435FD04B946E48165821DA2D9
structural:SL-NZSL-NZ-2023-CANUSE,STRUCTURAL_SIGNED_AND_ACCESSIBILITY,21,edition-target:lang:nzs-NZ,New Zealand Sign Language (NZSL),nzs-NZ,New Zealand,,24678,,persons,,,,DIRECT_NAMED_SIGN_LANGUAGE_PERSON_MEASURE,NAMED_SIGN_LANGUAGE_MINIMUM_SERVICE,"Commission the exact functional mode or acquire its missing denominator; never substitute a hearing-loss, disability, or national-population proxy for language users.",SEPARATE_STRUCTURAL_LANE_NOT_IN_PERSON_LANGUAGE_TOP100,SL-NZSL-NZ-2023-CANUSE,https://tools.summaries.stats.govt.nz/ethnic-group/pacific-peoples-not-further-defined,Do not sum with other language responses; a person may report up to six languages.,true,6AF4E548A4A0FE6ED2A6D42F213A61BA1642EDB3F6C030E79AF4E6B981FD74F8
structural:SL-BSL-ENG-2021-MAIN,STRUCTURAL_SIGNED_AND_ACCESSIBILITY,22,edition-target:lang:bfi-GB,British Sign Language (BSL),bfi-GB,England,,20739,,persons,,,,DIRECT_NAMED_SIGN_LANGUAGE_PERSON_MEASURE,NAMED_SIGN_LANGUAGE_MINIMUM_SERVICE,"Commission the exact functional mode or acquire its missing denominator; never substitute a hearing-loss, disability, or national-population proxy for language users.",SEPARATE_STRUCTURAL_LANE_NOT_IN_PERSON_LANGUAGE_TOP100,SL-BSL-ENG-2021-MAIN,"https://api.beta.ons.gov.uk/v1/datasets/TS024/editions/2021/versions/3/json?area-type=ctry,E92000001",May be combined only with disjoint territories using the same main-language definition; never with Scotland's can-use measure.,true,A517829413359938610E50FA3A9B9A9FA112FEFF2638818871B3EFF702966BB8
structural:SL-AUSLAN-AU-2021-HOME,STRUCTURAL_SIGNED_AND_ACCESSIBILITY,23,edition-target:lang:asf-AU,Auslan,asf-AU,Australia,,16242,,persons,,,,DIRECT_NAMED_SIGN_LANGUAGE_PERSON_MEASURE,NAMED_SIGN_LANGUAGE_MINIMUM_SERVICE,"Commission the exact functional mode or acquire its missing denominator; never substitute a hearing-loss, disability, or national-population proxy for language users.",SEPARATE_STRUCTURAL_LANE_NOT_IN_PERSON_LANGUAGE_TOP100,SL-AUSLAN-AU-2021-HOME,https://www.abs.gov.au/census/find-census-data/quickstats/2021/AUS,Do not add to broader Auslan ability estimates; one-response home use omits users selecting another language or using Auslan only outside home.,true,F8CBE9879623309A61DC6D3815D8E89434918C51EAD2E841C1DB794509171453
structural:SL-IRSL-IE-2011-HOME,STRUCTURAL_SIGNED_AND_ACCESSIBILITY,24,edition-target:lang:isg-IE,Irish Sign Language (IrSL),isg-IE,Ireland,,2590,,persons,,,,DIRECT_NAMED_SIGN_LANGUAGE_PERSON_MEASURE,NAMED_SIGN_LANGUAGE_MINIMUM_SERVICE,"Commission the exact functional mode or acquire its missing denominator; never substitute a hearing-loss, disability, or national-population proxy for language users.",SEPARATE_STRUCTURAL_LANE_NOT_IN_PERSON_LANGUAGE_TOP100,SL-IRSL-IE-2011-HOME,https://www.cso.ie/en/media/csoie/census/documents/census2011profile8/Profile_8_Full_document.pdf,"Do not add the disability/hearing-impaired subgroups; they are nested within the 2,590 total.",true,D313D77FD7C44780BC9E72AFEDCC0EECA0FCEEFF4C67F92A610BC6942DB1FB7D
structural:SL-BSL-WLS-2021-MAIN,STRUCTURAL_SIGNED_AND_ACCESSIBILITY,25,edition-target:lang:bfi-GB,British Sign Language (BSL),bfi-GB,Wales,,893,,persons,,,,DIRECT_NAMED_SIGN_LANGUAGE_PERSON_MEASURE,NAMED_SIGN_LANGUAGE_MINIMUM_SERVICE,"Commission the exact functional mode or acquire its missing denominator; never substitute a hearing-loss, disability, or national-population proxy for language users.",SEPARATE_STRUCTURAL_LANE_NOT_IN_PERSON_LANGUAGE_TOP100,SL-BSL-WLS-2021-MAIN,"https://api.beta.ons.gov.uk/v1/datasets/TS024/editions/2021/versions/3/json?area-type=ctry,W92000004",May be combined only with disjoint territories using the same main-language definition; never with Scotland's can-use measure.,true,B67B9EF302CBA345C0571C5FA609BA3510B4256F0D6A3FE51A6A35F4438F460D
structural:SL-BSL-NIR-2021-MAIN,STRUCTURAL_SIGNED_AND_ACCESSIBILITY,26,edition-target:lang:bfi-GB,British Sign Language (BSL),bfi-GB,Northern Ireland,,539,,persons,,,,DIRECT_NAMED_SIGN_LANGUAGE_PERSON_MEASURE,NAMED_SIGN_LANGUAGE_MINIMUM_SERVICE,"Commission the exact functional mode or acquire its missing denominator; never substitute a hearing-loss, disability, or national-population proxy for language users.",SEPARATE_STRUCTURAL_LANE_NOT_IN_PERSON_LANGUAGE_TOP100,SL-BSL-NIR-2021-MAIN,https://www.nisra.gov.uk/publications/ct0041-main-language-sign-language-religion,Do not combine with Scotland's can-use count; do not infer all BSL users from a main-language row.,true,8EB871DA4160292664230373B51EA22FCD95C2AACF5CAEFA163533143D881910
structural:SL-ASL-US-GAP,STRUCTURAL_SIGNED_AND_ACCESSIBILITY,27,edition-target:lang:ase-US,American Sign Language (ASL),ase-US,United States,,,,persons,,,,MEASUREMENT_GAP_NO_PERSON_DENOMINATOR,NAMED_SIGN_LANGUAGE_MINIMUM_SERVICE,"Commission the exact functional mode or acquire its missing denominator; never substitute a hearing-loss, disability, or national-population proxy for language users.",SEPARATE_STRUCTURAL_LANE_NOT_IN_PERSON_LANGUAGE_TOP100,SL-ASL-US-GAP,https://www.census.gov/topics/population/language-use/about/faqs.html,"Do not substitute deaf, hearing-loss, disability, or ACS English counts for ASL users.",true,F839F7EB764458F9353163FE184B7410ADC06BDF6A22370AD24FD561DE223292
structural:SL-CSL-CN-2025-HEARING-PROXY,STRUCTURAL_SIGNED_AND_ACCESSIBILITY,28,edition-target:lang:csl-CN,Chinese Sign Language (CSL),csl-CN,China,,,,persons,,,,PROXY_NOT_A_SIGN_LANGUAGE_USER_COUNT,NAMED_SIGN_LANGUAGE_MINIMUM_SERVICE,"Commission the exact functional mode or acquire its missing denominator; never substitute a hearing-loss, disability, or national-population proxy for language users.",SEPARATE_STRUCTURAL_LANE_NOT_IN_PERSON_LANGUAGE_TOP100,SL-CSL-CN-2025-HEARING-PROXY,https://www.nda.gov.cn/sjj/zhuanti/sjbz/0520/20250520203734249576249_pc.html,Never treat the hearing-impaired count as CSL users; it may include oral-language users and people needing captions or other supports.,true,645E201E80DDA83D6BA2CF431F3291D602C2C8B1D0C5D3E08472BBD1E1E9A7C0
structural:SL-LSF-FR-1998-99-USE,STRUCTURAL_SIGNED_AND_ACCESSIBILITY,29,edition-target:lang:fsl-FR,French Sign Language (LSF),fsl-FR,Metropolitan France,,,,persons,,,,QUALIFIED_OR_UNDIFFERENTIATED_SIGN_MEASURE,NAMED_SIGN_LANGUAGE_MINIMUM_SERVICE,"Commission the exact functional mode or acquire its missing denominator; never substitute a hearing-loss, disability, or national-population proxy for language users.",SEPARATE_STRUCTURAL_LANE_NOT_IN_PERSON_LANGUAGE_TOP100,SL-LSF-FR-1998-99-USE,https://drees.solidarites-sante.gouv.fr/sites/default/files/2020-10/dtee71.pdf,"Use 119,000 once; do not also add its 44,000 and 75,000 components.",true,6F0D9F7E76260FF5258767AE51A8B29BC9DA2875D9A7A5C9416796BD54984C8E
structural:SL-DGS-DE-2007-INTERP-PROXY,STRUCTURAL_SIGNED_AND_ACCESSIBILITY,30,edition-target:lang:gsg-DE,German Sign Language (DGS),gsg-DE,Germany,,,,persons,,,,PROXY_NOT_A_SIGN_LANGUAGE_USER_COUNT,NAMED_SIGN_LANGUAGE_MINIMUM_SERVICE,"Commission the exact functional mode or acquire its missing denominator; never substitute a hearing-loss, disability, or national-population proxy for language users.",SEPARATE_STRUCTURAL_LANE_NOT_IN_PERSON_LANGUAGE_TOP100,SL-DGS-DE-2007-INTERP-PROXY,https://dserver.bundestag.de/btd/16/138/1613860.pdf,Never treat as a DGS-language population and never add national deaf/hearing counts.,true,4B4AFE165E4E37B7108A1338DD438A4A9DABAF88712263CF782D9ED89A1F7FDA
structural:SL-HSL-US-HI-GAP,STRUCTURAL_SIGNED_AND_ACCESSIBILITY,31,SL-HSL-US-HI-GAP,Hawaiʻi Sign Language,hps-US-HI,"Hawaiʻi, United States",,,,persons,,,,MEASUREMENT_GAP_NO_PERSON_DENOMINATOR,ENDANGERED_NAMED_SIGN_LANGUAGE_PRESTIGE_AND_DOCUMENTATION,"Commission the exact functional mode or acquire its missing denominator; never substitute a hearing-loss, disability, or national-population proxy for language users.",SEPARATE_STRUCTURAL_LANE_NOT_IN_PERSON_LANGUAGE_TOP100,SL-HSL-US-HI-GAP,https://manoa.hawaii.edu/news/article.php?aId=5600,"Do not substitute ASL, Deaf-population, or hearing-loss counts for Hawaiʻi Sign Language users.",true,D9009CFC385D349CB6715CA90ACD639B4F4239D4AB61367ED165A22815814B3F
structural:SL-ISLINDIA-IN-2011-HEARING-PROXY,STRUCTURAL_SIGNED_AND_ACCESSIBILITY,32,edition-target:lang:ins-IN,Indian Sign Language (ISL-India),ins-IN,India,,,,percent,,,,PROXY_NOT_A_SIGN_LANGUAGE_USER_COUNT,NAMED_SIGN_LANGUAGE_MINIMUM_SERVICE,"Commission the exact functional mode or acquire its missing denominator; never substitute a hearing-loss, disability, or national-population proxy for language users.",SEPARATE_STRUCTURAL_LANE_NOT_IN_PERSON_LANGUAGE_TOP100,SL-ISLINDIA-IN-2011-HEARING-PROXY,https://www.pib.gov.in/PressReleasePage.aspx?PRID=2110150&lang=2&reg=48,Do not multiply this disability rate into an ISL-user count; hearing disability and ISL use are not equivalent.,true,B5B2AFF83EF37D13E3A43E28E0DBBB9FCC6E437BED0AD74F4287A82797B5FF0D
structural:SL-JSL-JP-2006-SIGNMEDIATED,STRUCTURAL_SIGNED_AND_ACCESSIBILITY,33,edition-target:lang:jsl-JP,Japanese Sign Language (JSL),jsl-JP,Japan,,,,persons,,,,PROXY_NOT_A_SIGN_LANGUAGE_USER_COUNT,NAMED_SIGN_LANGUAGE_MINIMUM_SERVICE,"Commission the exact functional mode or acquire its missing denominator; never substitute a hearing-loss, disability, or national-population proxy for language users.",SEPARATE_STRUCTURAL_LANE_NOT_IN_PERSON_LANGUAGE_TOP100,SL-JSL-JP-2006-SIGNMEDIATED,https://www.mhlw.go.jp/bunya/shougaihoken/cyousajigyou/jiritsushien_project/seika/research_09/dl/result/11-07c.pdf,"Do not label as a population-wide JSL count and do not add the 22,000 registered interpreting-service users, a nested service subset.",true,6B2ECBE2C115E3E12EE244248AFB9A549E801B72840DED6563D0FEA99C4CE008
structural:SL-LSQ-CA-2021-KNOW,STRUCTURAL_SIGNED_AND_ACCESSIBILITY,34,SL-LSQ-CA-2021-KNOW,Quebec Sign Language (LSQ),fcs-CA,Canada,,,,persons,,,,DIRECT_NAMED_SIGN_LANGUAGE_PERSON_MEASURE,NAMED_SIGN_LANGUAGE_MINIMUM_SERVICE,"Commission the exact functional mode or acquire its missing denominator; never substitute a hearing-loss, disability, or national-population proxy for language users.",SEPARATE_STRUCTURAL_LANE_NOT_IN_PERSON_LANGUAGE_TOP100,SL-LSQ-CA-2021-KNOW,https://www12.statcan.gc.ca/census-recensement/2021/dp-pd/prof/details/page.cfm?DGUIDlist=2021A000011124&GENDERlist=1&HEADERlist=0&Lang=E&STATISTIClist=1%2C4,Do not add to ASL or other language knowledge; multiple languages may be reported.,true,19AEF6F0211895CB4B6807B52E24A7D2125334CA09BA3EABE797B5BF5E4FFD12
structural:SL-SPAIN-SIGN-2020-USE,STRUCTURAL_SIGNED_AND_ACCESSIBILITY,35,SL-SPAIN-SIGN-2020-USE,"Spanish sign language(s), undifferentiated",und-sign-ES,Spain,,,,persons,,,,QUALIFIED_OR_UNDIFFERENTIATED_SIGN_MEASURE,NAMED_SIGN_LANGUAGE_MINIMUM_SERVICE,"Commission the exact functional mode or acquire its missing denominator; never substitute a hearing-loss, disability, or national-population proxy for language users.",SEPARATE_STRUCTURAL_LANE_NOT_IN_PERSON_LANGUAGE_TOP100,SL-SPAIN-SIGN-2020-USE,https://www.ine.es/jaxi/Tabla.htm?L=0&tpx=51816,Do not assign the full count to one named language and do not add its age strata.,true,BDC863BC4D45E4027754344B98AAE71D34082BC33EF094634001EC4534A74D45
displacement:displacement:glob_sudan_displaced,DISPLACEMENT_HOST_SPECIFIC,1,displacement:glob_sudan_displaced,Sudan internal-displacement multi-language overlay,Sudanese Arabic; Dinka; Nuer; named Darfur and Nuba languages; each host-country language,Multiple or unspecified hosts; must be split before country-context factors are used.,9100000,9100000,9100000,Conflict/violence IDPs in Sudan at end-2025; not a language count.,2025,,,DIRECT_STATUS_COHORT_DENOMINATOR_LANGUAGE_DISTRIBUTION_UNRESOLVED,school continuity; host-language acquisition; bilingual subject bridges; credential continuity; adult and higher-education continuation,offline-first resumable packages; mobile layouts; accessible formats; low-data synchronization; print fallback,SEPARATE_DISPLACEMENT_PORTFOLIO_NOT_LANGUAGE_PERSON_RANK,SRC_UNHCR_GLOBAL_2025,https://www.unhcr.org/global-trends,"Sudan also had 2.8m refugees; do not sum without overlap/status rules. Split Arabic, Dinka, Nuer, Darfur and Nuba profiles.",true,ACB777003B390D32B6F647F7BB4E8B52496E40046C426080B99C7D4EF0C93B53
displacement:displacement:glob_ajp_palestinian_refugee,DISPLACEMENT_HOST_SPECIFIC,2,displacement:glob_ajp_palestinian_refugee,Palestinian Arabic refugee-status overlay,Palestinian Arabic; Modern Standard Arabic; each host-country language,Multiple or unspecified hosts; must be split before country-context factors are used.,6000000,6000000,6000000,"Palestine refugees under UNRWA mandate at end-2025; status population, not current cross-border displacement or language count.",2025,,,DIRECT_STATUS_COHORT_DENOMINATOR_LANGUAGE_DISTRIBUTION_UNRESOLVED,school continuity; host-language acquisition; bilingual subject bridges; credential continuity; adult and higher-education continuation,offline-first resumable packages; mobile layouts; accessible formats; low-data synchronization; print fallback,SEPARATE_DISPLACEMENT_PORTFOLIO_NOT_LANGUAGE_PERSON_RANK,SRC_UNHCR_GLOBAL_2025,https://www.unhcr.org/global-trends,Pair with MSA and host-territory profiles.,true,2816CA195B366675E34C0BB6DAF65DD091D3A9BB401AD9DA1DB2A3486F1CCFF1
displacement:displacement:glob_apc_sy_refugee,DISPLACEMENT_HOST_SPECIFIC,3,displacement:glob_apc_sy_refugee,Syrian/North Levantine Arabic refugee overlay,Syrian/North Levantine Arabic; Modern Standard Arabic; each host-country language,Multiple or unspecified hosts; must be split before country-context factors are used.,4900000,4900000,4900000,"Refugees from Syria at end-2025; status cohort, not direct language count.",2025,,,DIRECT_STATUS_COHORT_DENOMINATOR_LANGUAGE_DISTRIBUTION_UNRESOLVED,school continuity; host-language acquisition; bilingual subject bridges; credential continuity; adult and higher-education continuation,offline-first resumable packages; mobile layouts; accessible formats; low-data synchronization; print fallback,SEPARATE_DISPLACEMENT_PORTFOLIO_NOT_LANGUAGE_PERSON_RANK,SRC_UNHCR_GLOBAL_2025,https://www.unhcr.org/global-trends,Pair with MSA and host-country language profiles.,true,BC29D331636C55F868D9B9C8447FB12CA90CCB13FE25B58DE61B19A5E26DD69F
displacement:displacement:glob_afghan_displaced,DISPLACEMENT_HOST_SPECIFIC,4,displacement:glob_afghan_displaced,Afghan displaced multi-language overlay,Dari; Pashto; Hazaragi; Uzbek and other explicitly measured Afghan languages; each host-country language,Multiple or unspecified hosts; must be split before country-context factors are used.,3700000,3700000,3700000,Afghan refugees or others needing international protection at end-2025; not a language count.,2025,,,DIRECT_STATUS_COHORT_DENOMINATOR_LANGUAGE_DISTRIBUTION_UNRESOLVED,school continuity; host-language acquisition; bilingual subject bridges; credential continuity; adult and higher-education continuation,offline-first resumable packages; mobile layouts; accessible formats; low-data synchronization; print fallback,SEPARATE_DISPLACEMENT_PORTFOLIO_NOT_LANGUAGE_PERSON_RANK,SRC_UNHCR_GLOBAL_2025,https://www.unhcr.org/global-trends,"Split prs-Arab-AF, ps-Arab-AF, haz-Arab-AF and uz-Arab-AF.",true,265F3E1D5FF2EAF9DEB9A523A6B857E128C7B3CB1AE311CA337512175206DF6A
displacement:displacement:glob_rhg_stateless,DISPLACEMENT_HOST_SPECIFIC,5,displacement:glob_rhg_stateless,Rohingya stateless cohort - script interfaces,Rohingya Hanifi; Rohingya Latin; Rohingya Arabic; Bangla and Myanmar host/transition interfaces,Multiple or unspecified hosts; must be split before country-context factors are used.,1800000,1800000,1800000,"Reported stateless Rohingya at mid-2025; status cohort, not script-specific language count.",2025,,,DIRECT_STATUS_COHORT_DENOMINATOR_LANGUAGE_DISTRIBUTION_UNRESOLVED,school continuity; host-language acquisition; bilingual subject bridges; credential continuity; adult and higher-education continuation,offline-first resumable packages; mobile layouts; accessible formats; low-data synchronization; print fallback,SEPARATE_DISPLACEMENT_PORTFOLIO_NOT_LANGUAGE_PERSON_RANK,SRC_UNHCR_MID_2025,https://www.unhcr.org/mid-year-trends,Also audit rhg-Latn-BD and rhg-Arab-BD interfaces.,true,BE8FB5BF3EA160197883AF93C0A8D002EF87DAC56E1BA2039221C8489C9C8303
displacement:displacement:ukraine-eu-school-continuity,DISPLACEMENT_HOST_SPECIFIC,6,displacement:ukraine-eu-school-continuity,Ukrainian-language/curriculum continuity cohort among displaced learners from Ukraine (language not enumerated),Ukrainian Cyrillic continuity; Russian where directly measured; each host-country language,European Union host systems; country and modality must remain stratified.,,700000,,European Commission/UNHCR source-stated estimate of displaced children from Ukraine enrolled in host-country schools; it is not a Ukrainian-speaker count.,2023/24,,,DIRECT_ENROLLED_LEARNER_COHORT_LANGUAGE_DISTRIBUTION_UNRESOLVED,school continuity; host-language acquisition; dual-enrolment burden reduction; credential continuity,resumable low-data and offline packages; accessible mobile formats; print fallback,SEPARATE_DISPLACEMENT_PORTFOLIO_NOT_LANGUAGE_PERSON_RANK,EU_UKRAINE_EDUCATION_2024;UNHCR_UKRAINE_EDUCATION_2024;UNHCR_UKRAINE_SEIS_2025;OER_UNESCO_2019;CATALOG_OTL_20260901;CATALOG_DOAB_20260901,https://education.ec.europa.eu/news/how-countries-are-addressing-the-integration-of-children-from-ukraine-in-eu-education-systems;https://www.unhcr.org/sites/default/files/2024-09/refugee-education-report-2024.pdf;https://www.unhcr.org/europe/news/announcements/new-data-insights-reveal-both-progress-and-challenges-ukrainian-refugee-students;https://www.unesco.org/en/legal-affairs/recommendation-open-educational-resources-oer?hub=422;https://open.umn.edu/opentextbooks/textbooks.json;https://directory.doabooks.org/rest/search,"Displaced/enrolled children are not a language census. Enrolled, out-of-school and total-child constructs differ; ten-country survey results are not EU totals. Country, age, disability and language distributions vary.",true,BDA149D4B9C515FE6223E0B6DCA5D8C73269C74610CE8EB337E6178B155AE22C
displacement:displacement:drc-regional,DISPLACEMENT_HOST_SPECIFIC,7,displacement:drc-regional,DRC refugees and internal displacement — host-specific education portfolio,French; Lingala; Kiswahili; Tshiluba; Kikongo varieties and other named languages; each host-country language,"Origin, host country, school stage, and language distribution must be measured separately.",,,,,,,,SOURCE_DISCOVERY_REQUIRED_NO_POPULATION_ASSIGNED,school continuity; host-language acquisition; bilingual subject bridges; credential continuity; adult and higher-education continuation,offline-first resumable packages; mobile layouts; accessible formats; low-data synchronization; print fallback,SEPARATE_DISPLACEMENT_PORTFOLIO_NOT_LANGUAGE_PERSON_RANK,,,No population is assigned until a direct status-cohort source and nonoverlapping host/origin construction are registered.,true,4F8E50A320E804EB5BACD8DE2BBD8B988C6FCC28F6A4C914C0E8445A0F47BBE1
displacement:displacement:somalia-regional,DISPLACEMENT_HOST_SPECIFIC,8,displacement:somalia-regional,Somali refugees — host-specific education portfolio,Somali Latin; Arabic where directly measured; each host-country language,"Origin, host country, school stage, and language distribution must be measured separately.",,,,,,,,SOURCE_DISCOVERY_REQUIRED_NO_POPULATION_ASSIGNED,school continuity; host-language acquisition; bilingual subject bridges; credential continuity; adult and higher-education continuation,offline-first resumable packages; mobile layouts; accessible formats; low-data synchronization; print fallback,SEPARATE_DISPLACEMENT_PORTFOLIO_NOT_LANGUAGE_PERSON_RANK,,,No population is assigned until a direct status-cohort source and nonoverlapping host/origin construction are registered.,true,FF92994DFF3D7D7C9D21612F385C5209E2A87A63D7D115B826D70B26A0121B10
displacement:displacement:south-sudan-regional,DISPLACEMENT_HOST_SPECIFIC,9,displacement:south-sudan-regional,South Sudanese refugees — host-specific education portfolio,Juba Arabic; Dinka; Nuer; Bari and other named languages; each host-country language,"Origin, host country, school stage, and language distribution must be measured separately.",,,,,,,,SOURCE_DISCOVERY_REQUIRED_NO_POPULATION_ASSIGNED,school continuity; host-language acquisition; bilingual subject bridges; credential continuity; adult and higher-education continuation,offline-first resumable packages; mobile layouts; accessible formats; low-data synchronization; print fallback,SEPARATE_DISPLACEMENT_PORTFOLIO_NOT_LANGUAGE_PERSON_RANK,,,No population is assigned until a direct status-cohort source and nonoverlapping host/origin construction are registered.,true,C95F8F284EAF463362929D23AFBB4890FF23670D96435DC49E03D7A1B3527925
displacement:displacement:venezuela-regional,DISPLACEMENT_HOST_SPECIFIC,10,displacement:venezuela-regional,Venezuelan refugees and migrants — host-specific education portfolio,Venezuelan Spanish; Brazilian Portuguese and each other host-country language; Indigenous-language arms where directly evidenced,"Origin, host country, school stage, and language distribution must be measured separately.",,,,,,,,SOURCE_DISCOVERY_REQUIRED_NO_POPULATION_ASSIGNED,school continuity; host-language acquisition; bilingual subject bridges; credential continuity; adult and higher-education continuation,offline-first resumable packages; mobile layouts; accessible formats; low-data synchronization; print fallback,SEPARATE_DISPLACEMENT_PORTFOLIO_NOT_LANGUAGE_PERSON_RANK,,,No population is assigned until a direct status-cohort source and nonoverlapping host/origin construction are registered.,true,C3CE8BCDB8C1255BDC3634C164B08447439BE9EC0B6D06AE522CF0FBB0EAC2DA
bridge:IL010,BRIDGE_AND_INTERLANGUAGE_EXPERIMENT,1,IL010,Czech–Slovak receptive pair,Czech and Slovak Latin orthographies,Czech readers of Slovak and Slovak readers of Czech; each direction separately; Czech/Slovak Latin literacy assumed,,,,,,,,EVIDENCE_GRADE_B,Strong natural-pair overlap and shared-source case.,"Measure functional comprehension by community, script, educational stage, and genre; separately account for shared-source production reuse.","Exposure prevents clean zero-study estimate; spoken cloze, not educational transfer.",S01;S23,https://doi.org/10.1080/14790718.2017.1350185; https://doi.org/10.3389/fpsyg.2015.00348,Count directional readers newly reaching the endpoint beyond own-language and other strong-language access. Do not sum Czech and Slovak populations; one full capability profile per reader; remove cross-border/media exposure when estimating inherited access.,true,8AAEE5C8354E0520506B9FBE06EC7AA31A2CE2927A7752164A452E2FAB67943F
bridge:IL011,BRIDGE_AND_INTERLANGUAGE_EXPERIMENT,2,IL011,Dutch–Afrikaans written receptive pair,Dutch and Afrikaans Latin orthographies,"Dutch readers of Afrikaans and Afrikaans readers of Dutch, separately; literate standard users",,,,,,,,EVIDENCE_GRADE_B,Evidence-backed natural-pair aid.,"Measure functional comprehension by community, script, educational stage, and genre; separately account for shared-source production reuse.",Newspaper cloze rather than education; sample/domain and English exposure limit generalization.,S09;S23;S24,https://doi.org/10.1093/llc/fql036; https://doi.org/10.3389/fpsyg.2015.00348; https://doi.org/10.1177/09567976261435965,Count only directional readers whose functional access crosses the endpoint beyond own-language and English routes. Separate directions; subtract English and second-language overlap; never extend to Germanic family totals.,true,E6ABA14D3653200320F91D9548B9728443DD68870CE472EFFB4781C41C002D80
bridge:IL015,BRIDGE_AND_INTERLANGUAGE_EXPERIMENT,3,IL015,Hindi–Urdu / Hindustani parallel registers,Devanagari; Perso-Arabic Nastaliq; Romanization only as optional navigation,Hindi readers in Devanagari and Urdu readers in Nastaliq/Perso-Arabic through separately labelled outputs; a common-core explanation only as an additional tested layer,,,,,,,,EVIDENCE_GRADE_B,Strong shared-source parallel standards; reject one-script/one-lexicon substitution.,"Measure functional comprehension by community, script, educational stage, and genre; separately account for shared-source production reuse.",Lexicon study is computational/corpus-based rather than learner comprehension; population proficiency and exact regional varieties remain unresolved.,S15;S16;S23;S24,https://research.chalmers.se/publication/170274; https://aclanthology.org/C16-1039/; https://doi.org/10.3389/fpsyg.2015.00348; https://doi.org/10.1177/09567976261435965,"Count readers of each labelled standard separately; a common-core layer receives only independently tested added readers. Full profiles across Hindi, Urdu, English and both scripts; do not sum broad Hindi grouping with Urdu or count bilinguals twice.",true,12DA189F6E6C8697D51F26C45CB2588FCBD08F60E91365B8ECB87CD102ABB075
bridge:IL009,BRIDGE_AND_INTERLANGUAGE_EXPERIMENT,4,IL009,Mainland Scandinavian receptive multilingualism,national Latin orthographies; Bokmål and Nynorsk remain distinct labels,"Danish, Norwegian Bokmål/Nynorsk and Swedish readers with actual neighboring-language comprehension; written and spoken endpoints separate",,,,,,,,EVIDENCE_GRADE_B,Established overlap/parallel-source layer; not a new interlanguage.,"Measure functional comprehension by community, script, educational stage, and genre; separately account for shared-source production reuse.",Studies center young educated Europeans and often speech; Norwegian was not in the 16-language cloze table cited here.,S01;S23,https://doi.org/10.1080/14790718.2017.1350185; https://doi.org/10.3389/fpsyg.2015.00348,"Count only readers who cross the endpoint in a neighboring edition and lack equivalent own-standard/English access. Pair and direction specific; subtract own-language editions, English proficiency and prior neighboring-language exposure.",true,A08DA7916CAB95441D0A87CC5CDC08A393FDDE1714A8EC44453C79AA178052F6
bridge:IL016,BRIDGE_AND_INTERLANGUAGE_EXPERIMENT,5,IL016,Modern Standard Arabic (MSA),Arabic script; accessible audio/plain-language or home-variety scaffolds are separate modalities,"Readers with measured MSA literacy/proficiency in a named territory, age/stage and endpoint",,,,,,,,EVIDENCE_GRADE_B,"Established learned-standard target with stage-specific bounds, not an interlanguage multiplier.","Measure functional comprehension by community, script, educational stage, and genre; separately account for shared-source production reuse.",Territory/stage proficiency distributions and technical-reading endpoints are missing; home varieties heterogeneous.,S17;S23,https://www.worldbank.org/en/region/mena/publication/advancing-arabic-language-teaching-and-learning-path-to-reducing-learning-poverty-in-the-middle-east-and-north-africa; https://doi.org/10.3389/fpsyg.2015.00348,"Count only MSA-proficient strata newly accessing the material; younger/home-variety-only learners require separate access deltas. One learner once across home variety, MSA, English/French and other languages; never use an Arabic umbrella total as technical reach.",true,631FFE02EF941B6D3121B612013B36F6FD6631C0E5218998AB4836EDF2F5A012
bridge:IL005,BRIDGE_AND_INTERLANGUAGE_EXPERIMENT,6,IL005,Spanish–Portuguese and Italian–Spanish receptive pairs,national Latin orthographies,Portuguese readers of Spanish and Italian readers of Spanish are the strongest directions in the reviewed European cloze evidence; reverse directions are separate strata,,,,,,,,EVIDENCE_GRADE_B,Natural-pair overlap layer; not a constructed interlanguage.,"Measure functional comprehension by community, script, educational stage, and genre; separately account for shared-source production reuse.",Young educated European sample; spoken cloze; no Latin American/African/Asian variety coverage or math transfer.,S01;S07;S23;S24,https://doi.org/10.1080/14790718.2017.1350185; https://doi.org/10.1177/09567976261435965; https://doi.org/10.3389/fpsyg.2015.00348,Only directional readers whose endpoint access improves beyond Portuguese/Italian/English/French routes. Do not sum directions or national speaker counts; remove exposure and existing Spanish proficiency; never treat one Spanish edition as pan-Romance coverage.,true,E096D29BE2EAF15DE29CD4FDFA0E05FA521900BD9915AC570DFEF4133066FC50
bridge:IL001,BRIDGE_AND_INTERLANGUAGE_EXPERIMENT,7,IL001,Interslavic,ordinary Slavic Latin; Cyrillic; extended etymological orthography only as optional research display,Literate speakers of named Slavic languages who can read the supplied Latin or Cyrillic arm and whose comprehension is demonstrated at the required endpoint,,,,,,,,EVIDENCE_GRADE_C,Pilot/supplement; unranked as a family-wide language target until community-specific functional bounds exist.,"Measure functional comprehension by community, script, educational stage, and genre; separately account for shared-source production reuse.","Self-selection, cloze ceiling, education effects, no representative sampling, no technical-prose transfer and no population denominator.",S01;S02;S23;S24,https://doi.org/10.1080/14790718.2017.1350185; https://interslavic-language.org/doc/ijeg-2019-interslavic.pdf; https://doi.org/10.3389/fpsyg.2015.00348; https://doi.org/10.1177/09567976261435965,"Count only community×script×endpoint strata with evidence of usable comprehension beyond their strongest existing edition or academic lingua franca. Assign each beneficiary once by full capability profile; subtract overlap with natural Slavic editions, Russian/English proficiency and both script arms.",true,84230CD55D63A2A1E80D4366CC6A9E3320552ABEF8BF10E72511E7F9000C1C35
bridge:IL008,BRIDGE_AND_INTERLANGUAGE_EXPERIMENT,8,IL008,Folksprak / whole-family Inter-Germanic hypothesis,draft Latin orthography; Hebrew-script Yiddish and other community orthographies are not covered,"No population may currently be assigned; a future test would require separate West/North Germanic, script and exposure strata",,,,,,,,EVIDENCE_GRADE_D,Do not treat as current educational bridge; test separate natural-pair profiles instead.,"Measure functional comprehension by community, script, educational stage, and genre; separately account for shared-source production reuse.","Draft code, no functional study, severe English overlap, branch and script heterogeneity.",S01;S08;S09;S23;S24,https://doi.org/10.1080/14790718.2017.1350185; https://folksprak.org/draft/draft.html; https://doi.org/10.1093/llc/fql036; https://doi.org/10.3389/fpsyg.2015.00348; https://doi.org/10.1177/09567976261435965,"Zero until an exact community, script and endpoint is independently tested. No Germanic-family total; subtract pervasive English/German proficiency and natural-pair access.",true,AA618DC422CA3A2B87DB1575488E7EC485D863E733765D56CFF00A57D73EA809
bridge:IL002,BRIDGE_AND_INTERLANGUAGE_EXPERIMENT,9,IL002,Pan-Turkic constructed language / Common Turkic Alphabet,"proposed 34-letter Latin alphabet; existing national Latin, Cyrillic and Perso-Arabic scripts remain separate arms","No population may currently be assigned; possible future close-pair experiments must name Oghuz, Kipchak, Karluk, Siberian/Northeastern or Oghur communities separately",,,,,,,,EVIDENCE_GRADE_D,Research infrastructure only; not a scored bridge-language edition.,"Measure functional comprehension by community, script, educational stage, and genre; separately account for shared-source production reuse.","No common code, no proposition test, no training burden, multiple scripts and substantial branch divergence.",S03;S04,https://doi.org/10.1177/1367006911426449; https://www.turkicacademy.org/en/proekt/announcement-common-turkic-alphabet,"Zero until a named community, script and endpoint are independently tested. Never use the Turkic-family total; pair-level unions only, with exposure and bilingualism overlap removed.",true,6261C4C68AE71D99043377F51B3480ED08CEAD6E76F26479AE52C6CCB606C45D
bridge:IL007,BRIDGE_AND_INTERLANGUAGE_EXPERIMENT,10,IL007,Romance Neolatino,project Latin orthography with diacritics,Actual learners/users and any exact Romance community later passing independent tests,,,,,,,,EVIDENCE_GRADE_D,Research control/pilot only.,"Measure functional comprehension by community, script, educational stage, and genre; separately account for shared-source production reuse.","No independent functional testing, no population denominator, no technical terminology validation.",S01;S26;S23;S24,https://doi.org/10.1080/14790718.2017.1350185; https://neolatino.eu/onewebmedia/Principios_de_desegno_de_lo_romance_neolatino_7.pdf; https://doi.org/10.3389/fpsyg.2015.00348; https://doi.org/10.1177/09567976261435965,"Count actual learned users or exact independently tested strata only. No family total; subtract natural Romance, English/French/Spanish/Portuguese and Interlingua overlap.",true,4B5065F2E0605F7963CA7B3C4A8F831F3401FA778F2F86A4A0937E1529E1EE2F
bridge:IL013,BRIDGE_AND_INTERLANGUAGE_EXPERIMENT,11,IL013,Bosnian–Croatian–Montenegrin–Serbian (BCMS) parallel standards,Bosnian/Croatian/Montenegrin Latin; Serbian Latin and Cyrillic,"Bosnian, Croatian, Montenegrin and Serbian readers through labelled standard outputs; Serbian Latin/Cyrillic literacy treated separately",,,,,,,,EVIDENCE_GRADE_B-/C+,Deployable shared-source parallel standards.,"Measure functional comprehension by community, script, educational stage, and genre; separately account for shared-source production reuse.",No representative technical comprehension measure; script and national terminology distributions needed.,S12;S23,https://www.uu.se/en/study/subject/serbian-croatian-bosnian; https://doi.org/10.3389/fpsyg.2015.00348,Count each reader once under the labelled output that produces access; cross-standard spillover only when needed and bounded. Union by full language/script profile; no four-way addition; subtract English/German and existing BCMS-standard access.,true,4A8522AFB2640D75333CB04F19590A5B63A35FBBEA6B61052E00CBE2BB8CF12F
bridge:IL019,BRIDGE_AND_INTERLANGUAGE_EXPERIMENT,12,IL019,Esperanto,Latin alphabet with Esperanto diacritics,Actual Esperanto learners/users who meet the educational endpoint,,,,,,,,EVIDENCE_GRADE_B-/C for learning; D for zero-study reach,Learned-community target/control only.,"Measure functional comprehension by community, script, educational stage, and genre; separately account for shared-source production reuse.","Old heterogeneous acquisition experiments, no current census, no technical endpoint.",S20;S23,https://doi.org/10.1017/S0272263100006951; https://doi.org/10.3389/fpsyg.2015.00348,"Count only actual proficient users lacking equivalent access, net of their other languages; include acquisition cost for any training-based intervention. No global/family multiplier; complete profile includes native languages, English/other L2s and Esperanto proficiency.",true,276B1C0E9053DC8B523724C55882AE0C2AD35A5EA6D0E762CB858A443219358C
bridge:IL012,BRIDGE_AND_INTERLANGUAGE_EXPERIMENT,13,IL012,Indonesian–Standard Malay pluricentric bridge,Rumi/Latin national standards; Jawi as separate Malaysian/Bruneian/community arm,"Bahasa Indonesia; Malaysian Standard Malay; Brunei Standard Malay; Singapore Standard Malay, each as a labelled output; Jawi-literate strata only when a Jawi arm is supplied",,,,,,,,EVIDENCE_GRADE_B-,"Strong shared-source parallel-standard case, not one interlanguage.","Measure functional comprehension by community, script, educational stage, and genre; separately account for shared-source production reuse.",No representative technical transfer study; national L2 proficiency and Rumi/Jawi literacy distributions needed.,S10;S11;S23;S24,https://doi.org/10.1017/S002510031100017X; https://dbp.gov.my/majlis-bahasa-brunei-darussalam-indonesia-malaysia-mabbim/; https://doi.org/10.3389/fpsyg.2015.00348; https://doi.org/10.1177/09567976261435965,"Count readers of each labelled standard who gain access beyond their strongest existing language; cross-standard spillover only for independently bounded comprehension. Use complete profiles across Indonesian, Standard Malay, English and local languages; do not add national-standard populations or count the same bilingual twice.",true,542FE4AE478303B66D0378B80F39A88990BB7734D8D57585AE29BF120BDA8035
bridge:IL006,BRIDGE_AND_INTERLANGUAGE_EXPERIMENT,14,IL006,Interlingua,Latin script,Actual learned Interlingua users; zero-study Romance readers only if a named community and endpoint are independently tested,,,,,,,,EVIDENCE_GRADE_D for zero-study reach,Learned-community target or research control; unranked for zero-study bridge reach.,"Measure functional comprehension by community, script, educational stage, and genre; separately account for shared-source production reuse.","No independent representative comprehension study, no technical endpoint, unknown learned population denominator.",S01;S25;S23;S24,https://doi.org/10.1080/14790718.2017.1350185; https://www.interlingua.com/ied/intro/; https://doi.org/10.3389/fpsyg.2015.00348; https://doi.org/10.1177/09567976261435965,Count actual learned users or independently tested community×endpoint strata only. Subtract learned Romance/English/Latin and natural-edition access; no family multiplier.,true,0152468ED8CB8ABA4A51C24719267B986618EBB46FEE460AF32CE58E99B0C43D
bridge:IL020,BRIDGE_AND_INTERLANGUAGE_EXPERIMENT,15,IL020,International Sign,"video/visual-gestural modality; captions, national sign-language versions and written text are separate modalities",Deaf signers with prior international contact or tested comprehension of a specified International Sign presentation; conference/expository endpoint only unless separately tested,,,,,,,,EVIDENCE_GRADE_B-/C for conference use; D for universal education,Additional contact-layer summary only; never substitute for named sign-language editions.,"Measure functional comprehension by community, script, educational stage, and genre; separately account for shared-source production reuse.","Sparse population-representative evidence, strong experience effects, no school-math endpoint, high modality/production heterogeneity.",S21;S22;S27;S23,https://wfdeaf.org/wfd-statement-on-standardized-sign-language/; https://doi.org/10.2307/j.ctv2rr3fnt; https://doi.org/10.1146/annurev-linguistics-011724-121636; https://doi.org/10.3389/fpsyg.2015.00348,"Count only tested signers crossing a specified expository/educational endpoint beyond their national sign, written and interpreted access. One signer once across national/village sign languages, International Sign experience, captions and written-language proficiency; never use global Deaf population.",true,893219F4E8BE9FDFFCFC0987BEF8B021891BBCFBD8ED61D7B968F596C711FD07
bridge:IL014,BRIDGE_AND_INTERLANGUAGE_EXPERIMENT,16,IL014,Iranian Persian–Afghan Dari–Tajik parallel registers,Perso-Arabic for Iranian Persian/Dari; Tajik Cyrillic; transliteration as infrastructure,Iranian Persian and Afghan Dari readers in Perso-Arabic script; Tajik readers in Tajik Cyrillic; each territory/community separately; Bukharan and other communities only with direct evidence,,,,,,,,EVIDENCE_GRADE_B-,"Strong shared-source, dual-script parallel-register case.","Measure functional comprehension by community, script, educational stage, and genre; separately account for shared-source production reuse.","No population-level technical endpoint; script and community variation; corpus is news/blog, not mathematics.",S13;S14;S23,https://aclanthology.org/2024.cawl-1.1/; https://doi.org/10.1017/S002510031300011X; https://doi.org/10.3389/fpsyg.2015.00348,"Count exact register×script readers crossing the endpoint; transliterated spillover only if independently tested. Do not add umbrella Persian totals; subtract Persian/Dari/Tajik bilingualism, Russian/English proficiency and both-script literacy overlap.",true,1B498D5C83517383671C2CC67E36A3CB0B54574D75A771C878320F1C2B8B4B97
bridge:IL017,BRIDGE_AND_INTERLANGUAGE_EXPERIMENT,17,IL017,Kiswahili,standard Latin; Ajami only for separately evidenced communities,"Named L1 and proficient L2 Kiswahili readers in Tanzania, Kenya, Uganda, Rwanda, Burundi, eastern/central DRC and other evidenced settings",,,,,,,,EVIDENCE_GRADE_B-/C+,Established learned natural-language bridge with territory-specific bounds.,"Measure functional comprehension by community, script, educational stage, and genre; separately account for shared-source production reuse.","Technical-reading proficiency, stage distribution, regional terminology and accessibility evidence are incomplete.",S18;S23,https://www.unesco.org/en/articles/kiswahili-bridge-cultural-diversity-dialogue-and-digital-innovation; https://doi.org/10.3389/fpsyg.2015.00348,Count exact L1/proficient-L2 strata where the Kiswahili edition adds access beyond local language and English/French/Arabic routes. Territory-specific union; separate L1/L2/academic proficiency; do not use a headline global speaker/user count as technical reach.,true,4E6609AAECB0B881A585AA7EBB64CBF2C8AAA6C3596F298C4095CACBF702C966
bridge:IL004,BRIDGE_AND_INTERLANGUAGE_EXPERIMENT,18,IL004,Romance intercomprehension pedagogy,national Latin orthographies; Romanian diacritics; accessibility variants separately scoped,Readers of exact Romance standards who receive a defined intercomprehension module and are tested on specified target standards; own-language production can be retained,,,,,,,,EVIDENCE_GRADE_B-,Taught access layer attached to natural editions; population effect remains partially identified.,"Measure functional comprehension by community, script, educational stage, and genre; separately account for shared-source production reuse.",Small training study; spoken cloze is not reading transfer; technical-math transfer and durability unmeasured.,S01;S05;S06;S07;S23;S24,https://doi.org/10.1080/14790718.2017.1350185; https://doi.org/10.1080/14790718.2021.2019746; https://aclanthology.org/L14-1127/; https://doi.org/10.1177/09567976261435965; https://doi.org/10.3389/fpsyg.2015.00348,"Count only post-module learners who cross a preregistered functional endpoint for a named target standard and lack equivalent existing access. One learner is assigned once across native Romance, learned Romance, English/French and intercomprehension capability; use pair-direction evidence, not family totals.",true,0FBF9E48B403A06467DA3EB2FA31DBA12DFB6FA917D86686CABDB43E1C5E68F4
bridge:IL018,BRIDGE_AND_INTERLANGUAGE_EXPERIMENT,19,IL018,Russian in post-Soviet Central Asia,Cyrillic; national-language Latin/Cyrillic/Perso-Arabic scripts remain separate,"Russian-proficient readers in each named country, cohort, stage and subject where current evidence supports technical use",,,,,,,,EVIDENCE_GRADE_B-/C+,"Existing overlap/control layer, not a constructed bridge recommendation.","Measure functional comprehension by community, script, educational stage, and genre; separately account for shared-source production reuse.",No harmonized current proficiency denominator; cohort and policy change; publication access source is chapter-level.,S19,https://academic.oup.com/book/33520/chapter-abstract/287857725,"Count only current Russian-proficient strata for whom a new Russian package adds access; often Russian instead reduces the marginal gain of another target as baseline overlap. Country×cohort×stage profiles; subtract national-language, English and other academic-language access; never use regional population.",true,BD809271D5B8D3E339412C2F96CE4AF50C043FF8A11CE9D158BBA3E7B1B54687
bridge:IL003,BRIDGE_AND_INTERLANGUAGE_EXPERIMENT,20,IL003,Turkish–Azerbaijani close-pair aids,Turkish Latin; Azerbaijani Latin; Iranian Azerbaijani Perso-Arabic only as a separate unevidenced arm,Turkish readers of Azerbaijani and Azerbaijani readers of Turkish must be modelled separately; national Latin standards only unless another script is tested,,,,,,,,EVIDENCE_GRADE_B-,"Pair-specific parallel aid/pilot, not a pan-Turkic edition.","Measure functional comprehension by community, script, educational stage, and genre; separately account for shared-source production reuse.",Small one-directional study; technical register and second script absent.,S03;S24,https://doi.org/10.1177/1367006911426449; https://doi.org/10.1177/09567976261435965,"Count only directional, script-literate readers who gain access beyond their existing Turkish/Azerbaijani and other strong-language routes. Separate TR→AZ and AZ→TR; subtract bilingual/exposure overlap; never expand to a Turkic-family union.",true,B8D32BDF15285A40DD4E2E79FD88AA2DBD184A14CA9AAA77250D9C5E1704A109
