edition_target_id,label,language_tag,population_low,population_high,intrinsic_need_low,intrinsic_need_high,possible_rank_best,possible_rank_worst,top10_status,top100_status,population_basis_class,order_lane,model_status,authorization_id,authorization_ids,authorization_status,authorization_tier,evidence_identity_id,source_lane,source_record_id,evidence_role,target_row_sha256,evidence_row_sha256,source_evidence_row_sha256,source_registry_row_hashes,evidence_bounds_source_complete,evidence_bounds_were_imputed,population_bound_type,source_population_low_persons,source_population_base_persons,source_population_high_persons,normalized_population_low_persons,normalized_population_high_persons,local_work_exclusion,synthetic_or_model_prior
edition-target:lang:am-Ethi-ET,Amharic,am-Ethi-ET,21634396.000000,21634396.000000,4024351.845926,17870365.285926,1,50,POSSIBLE,DEFINITE,DIRECT_OR_DERIVED_PERSON_MEASURE,person_need,L-ID_PARTIAL_IDENTIFICATION_ENVELOPE,auth:regional:AFRICA_EMPIRICAL_NEED_INPUTS:am-Ethi-ET,auth:regional:AFRICA_EMPIRICAL_NEED_INPUTS:am-Ethi-ET,ADMIT,A_REGIONAL_EXACT_TYPED_PERSON,regional:AFRICA_EMPIRICAL_NEED_INPUTS:am-Ethi-ET,AFRICA_EMPIRICAL_NEED_INPUTS,am-Ethi-ET,REGIONAL_EMPIRICAL_STRATUM,8a14dcc29a2479c14b9f8237c46fe3366071f41150e683883076be5d596700e7,3432a5c58b174afe83c48de7241bf0878e22305915795f245d2b9b4492196099,e1a2cb7e7b50351ab5f6f918a58552ab49862022f568f30b2e44f14676bb3549,fce6afecd896e8cf08d2cff807dd900a46d27bdb0eacc06b1cedb1ae1c09c46a;fc45a53902b1372dbf4db1196e8284205586e09a1dc0437dc0ccf6a3018763e8;9d96f04b2f0c30df9305b8ab607d11d34d25767cd9378948818ca8340ff09fba;6dc0c8d6289e5cad740dffaef05ea881ea64b5d2f9e1d471714a817dbe28b7d4;9c33353549fc27a2ca2324fce4a756d339919d730256dd89c7f5b4e7448cf9f0;a4cece4af9a4faeed12675aea814c27c361ae700e854fbb0b716f58b6b5542d6;ce9ed3e99ff8beae8c3ba2cd7069cd3b48397588bf3c0dc755bc3c53b0a943ef;f08a8440b3bcbcc5182faa1cd33b606ff6fe4f68195e2e63badddb3f2b1fd8a4;1116171463655f3000daa67696b5fdad231077d53124aeec2023087d759613f3;1f5f1cfe3b410860ae46e0ad9ba9d5494397fa456f69b516caeeffcde0c4392e,true,false,POINT,,21634396,,21634396,21634396,true,false
edition-target:lang:ary-Arab-MA,Moroccan Arabic,ary-Arab-MA,33000000.000000,35000000.000000,3630000.000000,26250000.000000,1,52,POSSIBLE,DEFINITE,DIRECT_OR_DERIVED_PERSON_MEASURE,person_need,L-ID_PARTIAL_IDENTIFICATION_ENVELOPE,auth:canonical:canonical:pop:986f139dd9ee10ddd7948966,auth:canonical:canonical:pop:986f139dd9ee10ddd7948966,ADMIT,B_INTERVAL_TYPED_PERSON,canonical:pop:986f139dd9ee10ddd7948966,legacy_canonical_population,pop:986f139dd9ee10ddd7948966,language_population_or_context,92da4fed150bd3b5089792dde22ce0dfdd0a6cab2b6596cc422df01ecf479c6d,6753dd9901be040903ac8c29012c6725f034d4acef47d2c8762b1e758e6b6fdb,1a0fdea10e84d0dd6f36e6c39ffd56e3cec28328a90fe629b6fd4fe41ccbbe2a,AF993F5A5E69945C21D1086951E9CA0CD12CBD9ACE9D9973FC35CF944B3167C5,true,false,INTERVAL,33000000,34000000,35000000,33000000,35000000,true,false
edition-target:lang:bho-Deva-IN,Bhojpuri,bho-Deva-IN,50579447.000000,50579447.000000,2529765.134369,34900611.214369,1,57,POSSIBLE,DEFINITE,DIRECT_OR_DERIVED_PERSON_MEASURE,person_need,L-ID_PARTIAL_IDENTIFICATION_ENVELOPE,auth:canonical:canonical:pop:18db243036b830db09e6124f,auth:canonical:canonical:pop:18db243036b830db09e6124f,ADMIT,A_DIRECT_TYPED_PERSON,canonical:pop:18db243036b830db09e6124f,legacy_canonical_population,pop:18db243036b830db09e6124f,language_population_or_context,7cc51976be4be76b7b52afff4bf2262dbd7cab856c14ef6b2429f50ea9c0bada,93520296bdd610bfb1a8d220ae72ce11cf57e66ea09bd45a2eb37b951c20d27c,d005f22e002d3fba372edccc443e38e2d3f9b004d9599a021015d1c5885126e2,EC2BDF734B61061AABB368111F19C6FD09AB026FE6C42FB466BEF1DA45D722C6,true,false,POINT,50579447,50579447,50579447,50579447,50579447,true,false
edition-target:lang:bn-Beng-IN,Bengali (India standard),bn-Beng-IN,96177835.000000,96177835.000000,4810399.245410,66364213.645410,1,48,POSSIBLE,DEFINITE,DIRECT_OR_DERIVED_PERSON_MEASURE,person_need,L-ID_PARTIAL_IDENTIFICATION_ENVELOPE,auth:canonical:canonical:pop:1b0fedae1f0166ba231953b3,auth:canonical:canonical:pop:1b0fedae1f0166ba231953b3;auth:canonical:llps:LLPS-BN-IN-L1-2011,ADMIT,A_DIRECT_TYPED_PERSON,canonical:pop:1b0fedae1f0166ba231953b3,legacy_canonical_population,pop:1b0fedae1f0166ba231953b3,language_population_or_context,213c1bb51aed2a6d923aeb3e2fac2cf48bb13fadac578e9afc12cfc1a75dac79,d36753087b8e12ab3883e8a5239d258171c58592c4b2db3f39904419d1aa0600,c76fe86b5ce1c032ecc0ff579e881270e6f6d2ba5b9d1967c9ff6cac22de2c80,EC2BDF734B61061AABB368111F19C6FD09AB026FE6C42FB466BEF1DA45D722C6,true,false,POINT,96177835,96177835,96177835,96177835,96177835,true,false
edition-target:lang:es-Latn-US,Spanish,es-Latn-US,43369734.000000,43369734.000000,0.000000,27029608.014506,1,204,POSSIBLE,POSSIBLE,DIRECT_OR_DERIVED_PERSON_MEASURE,person_need,L-ID_PARTIAL_IDENTIFICATION_ENVELOPE,auth:canonical:canonical:pop:dcc30527548d032f43f70bb3,auth:canonical:canonical:pop:dcc30527548d032f43f70bb3;auth:canonical:llps:LLPS-ES-US-HOME-2023,ADMIT,A_DIRECT_TYPED_PERSON,canonical:pop:dcc30527548d032f43f70bb3,legacy_canonical_population,pop:dcc30527548d032f43f70bb3,language_population_or_context,8fc7fb9294a38b08abd1fc03208260f56764a97281aeaa5af16f920571057370,5e59915f8d30ff54994fbc086609f934e2ffb0b282e88fc9ae19a40485f99a1a,a6ada7d1ab9d193c873cacb34c1cb4e4d7a3f38557c957b8f2e8eee054a3f475,E1B26EEDBADB72EE6625CA5C1F9B2EE51447E3D8B652B0974FD7F2E8D74DF6E8,true,false,POINT,43369734,43369734,43369734,43369734,43369734,true,false
edition-target:lang:gu-Gujr-IN,Gujarati,gu-Gujr-IN,55036204.000000,55036204.000000,2752672.839764,37975843.399764,1,55,POSSIBLE,DEFINITE,DIRECT_OR_DERIVED_PERSON_MEASURE,person_need,L-ID_PARTIAL_IDENTIFICATION_ENVELOPE,auth:canonical:canonical:pop:5d18e76493b2bae5aacee1a7,auth:canonical:canonical:pop:5d18e76493b2bae5aacee1a7,ADMIT,A_DIRECT_TYPED_PERSON,canonical:pop:5d18e76493b2bae5aacee1a7,legacy_canonical_population,pop:5d18e76493b2bae5aacee1a7,language_population_or_context,b80d03e4b52b30b7555fceca6f272c83da97dc4ce85ef7b15a222be464906411,428805d0911da97d3bd7bbc3f4a146366a496885c92808df0a323099ff83e285,b7bc801ff98bb2e801c0d2edb73431e47899ad75e269910e4595524bda33c2b4,EC2BDF734B61061AABB368111F19C6FD09AB026FE6C42FB466BEF1DA45D722C6,true,false,POINT,55036204,55036204,55036204,55036204,55036204,true,false
edition-target:lang:hi-Deva-IN,Hindi,hi-Deva-IN,322230097.000000,322230097.000000,16116555.498023,222343817.578023,1,31,POSSIBLE,DEFINITE,DIRECT_OR_DERIVED_PERSON_MEASURE,person_need,L-ID_PARTIAL_IDENTIFICATION_ENVELOPE,auth:canonical:canonical:pop:d5906c79415770327e34d6e3,auth:canonical:canonical:pop:d5906c79415770327e34d6e3;auth:canonical:llps:LLPS-HI-IN-L1-2011,ADMIT,A_DIRECT_TYPED_PERSON,canonical:pop:d5906c79415770327e34d6e3,legacy_canonical_population,pop:d5906c79415770327e34d6e3,language_population_or_context,1ecc2f752bae0a17067a9cd6cf4b6d8704c524a794291263d5e01cbe64e73856,2a1745949b69276ced5ec0a321ea6ae36104a276f20a0d107935493b1d9dc0c5,804172a5bbde96740a74a5a84f06f8ce79950cb077838fd2021dbcc86d31be75,EC2BDF734B61061AABB368111F19C6FD09AB026FE6C42FB466BEF1DA45D722C6,true,false,POINT,322230097,322230097,322230097,322230097,322230097,true,false
edition-target:lang:id-Latn-ID,Bahasa Indonesia,id-Latn-ID,248501794.000000,248501794.000000,9752346.734257,168793494.894257,1,39,POSSIBLE,DEFINITE,DIRECT_OR_DERIVED_PERSON_MEASURE,person_need,L-ID_PARTIAL_IDENTIFICATION_ENVELOPE,auth:canonical:canonical:pop:4291438f9dc0e89a2c84c958,auth:canonical:canonical:pop:39de2462a63d58bf0aa760b4;auth:canonical:canonical:pop:4291438f9dc0e89a2c84c958;auth:canonical:canonical:pop:d3d3e4eb548b08cae47f514f;auth:canonical:llps:LLPS-ID-ID-ABILITY-2022;auth:canonical:llps:LLPS-ID-ID-HOME-2010,ADMIT,A_DIRECT_TYPED_PERSON,canonical:pop:4291438f9dc0e89a2c84c958,legacy_canonical_population,pop:4291438f9dc0e89a2c84c958,language_population_or_context,5c96ef25091ed52e18c4832379722db06e41de8a113bb546c85e8cb5ad8e77c3,202f2f7f6b44f5078c4343984b01657835d56fafe57ccdb778cc4c852299f0e4,ee995dfb7e1b21f4c251fa784e734fead62357cc10622bdf6c1593d2d73bbe73,8FE2C78241829A7059F6E3143F14F2064598D74B3F514F916CB6ABE4A20B8E8D,true,false,POINT,,248501794,,248501794,248501794,true,false
edition-target:lang:ig-Latn-NG,Igbo,ig-Latn-NG,23000000.000000,27000000.000000,2120752.532551,19769579.059951,1,61,POSSIBLE,DEFINITE,DIRECT_OR_DERIVED_PERSON_MEASURE,person_need,L-ID_PARTIAL_IDENTIFICATION_ENVELOPE,auth:canonical:canonical:pop:1890df4e838ba013835e1dac,auth:canonical:canonical:pop:1890df4e838ba013835e1dac,ADMIT,B_INTERVAL_TYPED_PERSON,canonical:pop:1890df4e838ba013835e1dac,legacy_canonical_population,pop:1890df4e838ba013835e1dac,language_population_or_context,6a040bdd0a632a256b145837ee084cb95ba993e2a7689532d28528afe1865dfe,985b0784e38c96da72649f1ce05c9dd65a08be23905722b52c36dd9a0d9d0562,c54c0094f1606486589589430a7889d8ccb7902835afa6efb9d3b4d62cabd185,8DD1B4D773DC1FA0F684C7E97C31594EE1248114565A58ACFEA5E227E1127FA0,true,false,INTERVAL,23000000,25000000,27000000,23000000,27000000,true,false
edition-target:lang:jv-Latn-ID,Javanese,jv-Latn-ID,68044660.000000,68044660.000000,2670383.609925,46218966.009925,1,55,POSSIBLE,DEFINITE,DIRECT_OR_DERIVED_PERSON_MEASURE,person_need,L-ID_PARTIAL_IDENTIFICATION_ENVELOPE,auth:canonical:canonical:pop:8769a570123aa3d669d927d9,auth:canonical:canonical:pop:8769a570123aa3d669d927d9;auth:canonical:canonical:pop:c8a807b2f8dcd796e65bffee,ADMIT,A_DIRECT_TYPED_PERSON,canonical:pop:8769a570123aa3d669d927d9,legacy_canonical_population,pop:8769a570123aa3d669d927d9,language_population_or_context,be1426172e7859a195a80ef9e59c177cbb81fd38a522ef5873c5e71b1b4e3400,1559c353f277fb9296582229164855feb32a500109a30909f23c592bfc0a2a6a,34eb2d28eec5c846dfb2548c3b790408fd0abe01c6af11843613866acd20b2bb,BA4C458CAE82756BFAF70AFD6C876D1784ED322C00656E26ED8C65F4D5A8A643,true,false,POINT,68044660,68044660,68044660,68044660,68044660,true,false
edition-target:lang:kn-Knda-IN,Kannada,kn-Knda-IN,43506272.000000,43506272.000000,2175995.519128,30020009.599128,1,61,POSSIBLE,DEFINITE,DIRECT_OR_DERIVED_PERSON_MEASURE,person_need,L-ID_PARTIAL_IDENTIFICATION_ENVELOPE,auth:canonical:canonical:pop:a15c6e4ee31082c4afde22dc,auth:canonical:canonical:pop:a15c6e4ee31082c4afde22dc,ADMIT,A_DIRECT_TYPED_PERSON,canonical:pop:a15c6e4ee31082c4afde22dc,legacy_canonical_population,pop:a15c6e4ee31082c4afde22dc,language_population_or_context,d21af961503e205a03aae9f7a677fbeda0fc71a92204cc7286879f27c81dec16,e2d0017c2740e597398620710189100a7157a18b111dc08c6a5e508d65273867,6ab421e8cf73e19cec2123746a5cee226ac08c78d5e65d36d3bfdb54535959c4,EC2BDF734B61061AABB368111F19C6FD09AB026FE6C42FB466BEF1DA45D722C6,true,false,POINT,43506272,43506272,43506272,43506272,43506272,true,false
edition-target:lang:mg-Latn-MG,Standard,mg-Latn-MG,23472708.000000,23496217.000000,4377660.042000,19419623.350500,1,50,POSSIBLE,DEFINITE,DIRECT_OR_DERIVED_PERSON_MEASURE,person_need,L-ID_PARTIAL_IDENTIFICATION_ENVELOPE,auth:regional:AFRICA_EMPIRICAL_NEED_INPUTS:mg-Latn-MG,auth:regional:AFRICA_EMPIRICAL_NEED_INPUTS:mg-Latn-MG,ADMIT,B_REGIONAL_INTERVAL_TYPED_PERSON,regional:AFRICA_EMPIRICAL_NEED_INPUTS:mg-Latn-MG,AFRICA_EMPIRICAL_NEED_INPUTS,mg-Latn-MG,REGIONAL_EMPIRICAL_STRATUM,19c54e61424cb74074dd2f2b252197360087bcdca7fa38336add756143ad9aaf,f182e03258840471738280ec91d0c3b04565db56e8c753b92609f0fe3931275a,9872b277c1899cb84565b4284a6608212d08aeb0b25ac6bd887acfe533d9ea07,66e50d218225c889afb6f5219a6115b599fc0c65c3fed4673ede50fd1f6c0bc4;1b735ca1d8352a60af648c25c61f408285dfd6ceaae812630db699934b259cec;c0123333fb2b02182261303a67a2dfb8c29efcb7f99032780225c38d0e91e8ef;db887986d0a6d8e762a4859fa7b148ba6ba6e43a7f2647e3a95cabe2188bf1ff;9c33353549fc27a2ca2324fce4a756d339919d730256dd89c7f5b4e7448cf9f0;a4cece4af9a4faeed12675aea814c27c361ae700e854fbb0b716f58b6b5542d6;ce9ed3e99ff8beae8c3ba2cd7069cd3b48397588bf3c0dc755bc3c53b0a943ef;f08a8440b3bcbcc5182faa1cd33b606ff6fe4f68195e2e63badddb3f2b1fd8a4;1116171463655f3000daa67696b5fdad231077d53124aeec2023087d759613f3;1f5f1cfe3b410860ae46e0ad9ba9d5494397fa456f69b516caeeffcde0c4392e,true,false,INTERVAL,23472708,23484462,23496217,23472708,23496217,true,false
edition-target:lang:ml-Mlym-IN,Malayalam,ml-Mlym-IN,34776533.000000,34776533.000000,1739371.738833,23996352.858833,1,63,POSSIBLE,DEFINITE,DIRECT_OR_DERIVED_PERSON_MEASURE,person_need,L-ID_PARTIAL_IDENTIFICATION_ENVELOPE,auth:canonical:canonical:pop:b8c01a4124e6739102ae7d98,auth:canonical:canonical:pop:b8c01a4124e6739102ae7d98,ADMIT,A_DIRECT_TYPED_PERSON,canonical:pop:b8c01a4124e6739102ae7d98,legacy_canonical_population,pop:b8c01a4124e6739102ae7d98,language_population_or_context,32bf9843290d5ec13b5554e90a8233f8916cc30192eb0127457e89407a890799,acf4a3e6b48cc1497d2920c863151ccbd60f3fee51e02813217cf32bb3bc3908,eeb8da833301e4b0f8840ec907df8330e037738596120e701c161278feea926e,EC2BDF734B61061AABB368111F19C6FD09AB026FE6C42FB466BEF1DA45D722C6,true,false,POINT,34776533,34776533,34776533,34776533,34776533,true,false
edition-target:lang:mr-Deva-IN,Marathi,mr-Deva-IN,82801140.000000,82801140.000000,4141354.828533,57134084.428533,1,50,POSSIBLE,DEFINITE,DIRECT_OR_DERIVED_PERSON_MEASURE,person_need,L-ID_PARTIAL_IDENTIFICATION_ENVELOPE,auth:canonical:canonical:pop:78fb5d4ae3e4f19bf50a1c9d,auth:canonical:canonical:pop:78fb5d4ae3e4f19bf50a1c9d;auth:canonical:llps:LLPS-MR-IN-L1-2011,ADMIT,A_DIRECT_TYPED_PERSON,canonical:pop:78fb5d4ae3e4f19bf50a1c9d,legacy_canonical_population,pop:78fb5d4ae3e4f19bf50a1c9d,language_population_or_context,a41ed5a1b774bd490f52e9e29eb8028cc15e51108767c3b030d24a1433833712,390ac37c80b2c0978a35a994340fc27b8d0e02b16def62385107977b96b9bc92,dee63af54b67512c8159982dfcba337fe6bb07e9975f08eb0efd9b69c04d0040,EC2BDF734B61061AABB368111F19C6FD09AB026FE6C42FB466BEF1DA45D722C6,true,false,POINT,82801140,82801140,82801140,82801140,82801140,true,false
edition-target:lang:my-Mymr-MM,Burmese,my-Mymr-MM,36000000.000000,41000000.000000,4405432.633005,31257298.276478,1,50,POSSIBLE,DEFINITE,DIRECT_OR_DERIVED_PERSON_MEASURE,person_need,L-ID_PARTIAL_IDENTIFICATION_ENVELOPE,auth:canonical:canonical:pop:e5ce23e04310977f9e30a710,auth:canonical:canonical:pop:e5ce23e04310977f9e30a710,ADMIT,B_INTERVAL_TYPED_PERSON,canonical:pop:e5ce23e04310977f9e30a710,legacy_canonical_population,pop:e5ce23e04310977f9e30a710,language_population_or_context,6395a03c70518ebe0aa200a16907e2f077ce920e0009c1032bb3c85fc73f9198,fa353d39c17c9e215a7a2e870a0769b831d495f5ad38df9f22461e8a98235dc6,4d75073b2bd2eb5901eba017f50dfd2577f16de147e7a74e1b2442eef470a930,5D2346ED8222CE4D7AA7D9E5106138497E3645A5DA7DA6A682322BB6A41B67D3,true,false,INTERVAL,36000000,,41000000,36000000,41000000,true,false
edition-target:lang:om-Latn-ET,Oromo,om-Latn-ET,24930424.000000,24930424.000000,4637467.015216,20592938.375216,1,50,POSSIBLE,DEFINITE,DIRECT_OR_DERIVED_PERSON_MEASURE,person_need,L-ID_PARTIAL_IDENTIFICATION_ENVELOPE,auth:regional:AFRICA_EMPIRICAL_NEED_INPUTS:om-Latn-ET-Qubee,auth:regional:AFRICA_EMPIRICAL_NEED_INPUTS:om-Latn-ET-Qubee,ADMIT,A_REGIONAL_EXACT_TYPED_PERSON,regional:AFRICA_EMPIRICAL_NEED_INPUTS:om-Latn-ET-Qubee,AFRICA_EMPIRICAL_NEED_INPUTS,om-Latn-ET-Qubee,REGIONAL_EMPIRICAL_STRATUM,a954f70cb5bf34efb26c3e02992190a9e0847c0a3e32ef0aa516dd123ed98b30,d5721f49334f18a750a0d203157a247065bf1d29a1a799be1cb7435743006d16,18d89b3a0d30a5f726a1be1ef464009561b2ee8adada4da55c2fe1808a4b1913,fce6afecd896e8cf08d2cff807dd900a46d27bdb0eacc06b1cedb1ae1c09c46a;fc45a53902b1372dbf4db1196e8284205586e09a1dc0437dc0ccf6a3018763e8;9d96f04b2f0c30df9305b8ab607d11d34d25767cd9378948818ca8340ff09fba;6dc0c8d6289e5cad740dffaef05ea881ea64b5d2f9e1d471714a817dbe28b7d4;9c33353549fc27a2ca2324fce4a756d339919d730256dd89c7f5b4e7448cf9f0;a4cece4af9a4faeed12675aea814c27c361ae700e854fbb0b716f58b6b5542d6;ce9ed3e99ff8beae8c3ba2cd7069cd3b48397588bf3c0dc755bc3c53b0a943ef;f08a8440b3bcbcc5182faa1cd33b606ff6fe4f68195e2e63badddb3f2b1fd8a4;1116171463655f3000daa67696b5fdad231077d53124aeec2023087d759613f3;1f5f1cfe3b410860ae46e0ad9ba9d5494397fa456f69b516caeeffcde0c4392e,true,false,POINT,,24930424,,24930424,24930424,true,false
edition-target:lang:or-Orya-IN,Odia,or-Orya-IN,34059266.000000,34059266.000000,1703497.146360,23501427.386360,1,63,POSSIBLE,DEFINITE,DIRECT_OR_DERIVED_PERSON_MEASURE,person_need,L-ID_PARTIAL_IDENTIFICATION_ENVELOPE,auth:canonical:canonical:pop:db9a140a68322945679808d3,auth:canonical:canonical:pop:db9a140a68322945679808d3,ADMIT,A_DIRECT_TYPED_PERSON,canonical:pop:db9a140a68322945679808d3,legacy_canonical_population,pop:db9a140a68322945679808d3,language_population_or_context,26e18d0da5ca6da271d29d2e0b0379b094a4b22fb454163eaf7f9323fbe44d2b,d447af78d5f9f5ac438063b5c4905da9f2444cf42094e1e8c5906539b3a91e5f,12c1288c1f50eefa8103c2b83935b98599b92bde232ba085d51b0721e1adb5d0,EC2BDF734B61061AABB368111F19C6FD09AB026FE6C42FB466BEF1DA45D722C6,true,false,POINT,34059266,34059266,34059266,34059266,34059266,true,false
edition-target:lang:pa-Guru-IN,Eastern Punjabi,pa-Guru-IN,31144095.000000,31144095.000000,1557692.903848,21489913.703848,1,63,POSSIBLE,DEFINITE,DIRECT_OR_DERIVED_PERSON_MEASURE,person_need,L-ID_PARTIAL_IDENTIFICATION_ENVELOPE,auth:canonical:canonical:pop:cfd49ccfa509189ed47f4dee,auth:canonical:canonical:pop:cfd49ccfa509189ed47f4dee,ADMIT,A_DIRECT_TYPED_PERSON,canonical:pop:cfd49ccfa509189ed47f4dee,legacy_canonical_population,pop:cfd49ccfa509189ed47f4dee,language_population_or_context,8cd7986be190f70d32a9eb619e71bb602d0c304491712338a22760396c3ee41f,57a7d83e597cbb40daec393332f1f27d68c6a084e809b32e9e6432dd789daa6c,9f2d18396007ab5522d64e1c18dbbd4ff443fc779d7005f4cdb63e99ae15e438,EC2BDF734B61061AABB368111F19C6FD09AB026FE6C42FB466BEF1DA45D722C6,true,false,POINT,31144095,31144095,31144095,31144095,31144095,true,false
edition-target:lang:pnb-Arab-PK,Punjabi (Pakistan standard),pnb-Arab-PK,88915544.000000,88915544.000000,10211558.583216,67117506.743216,1,38,POSSIBLE,DEFINITE,DIRECT_OR_DERIVED_PERSON_MEASURE,person_need,L-ID_PARTIAL_IDENTIFICATION_ENVELOPE,auth:canonical:canonical:pop:2a74f45f01adcf93b5498742,auth:canonical:canonical:pop:2a74f45f01adcf93b5498742,ADMIT,A_DIRECT_TYPED_PERSON,canonical:pop:2a74f45f01adcf93b5498742,legacy_canonical_population,pop:2a74f45f01adcf93b5498742,language_population_or_context,42ebc10da00e4fc6bff1dcb57bb8bc43dba1086f01613d6819bc4e3b7766d7a8,3c5daa383d26bae40fd0ba293d770a4d46fd917e27887e70d375380b40d0bdbd,a25c827918592e7061402df3189f9e64a696947f28817e73b47970d5bf276cb0,46E5208B2751BDEDEE81738BE17280322692B36E1F7C573A7C277774F7F8F5B0,true,false,POINT,88915544,88915544,88915544,88915544,88915544,true,false
edition-target:lang:ps-Arab-PK,Pashto (Pakistan curriculum pack),ps-Arab-PK,43633946.000000,43633946.000000,5482413.121004,33408138.561004,1,44,POSSIBLE,DEFINITE,DIRECT_OR_DERIVED_PERSON_MEASURE,person_need,L-ID_PARTIAL_IDENTIFICATION_ENVELOPE,auth:canonical:canonical:pop:f13a1e88b606ae7fd303c7c9,auth:canonical:canonical:pop:f13a1e88b606ae7fd303c7c9,ADMIT,A_DIRECT_TYPED_PERSON,canonical:pop:f13a1e88b606ae7fd303c7c9,legacy_canonical_population,pop:f13a1e88b606ae7fd303c7c9,language_population_or_context,f21d94974cf4a9844247db4b54a499887ae97835e5ae34ec0639400417fefb7f,8cc69efd48e6eacdfd727eceea127f017d99870a199e3bd17c3999997a13f152,90109f614105addb16c92efc6d06a86ec118bcb16edb76e88c70d7c65de5da85,46E5208B2751BDEDEE81738BE17280322692B36E1F7C573A7C277774F7F8F5B0,true,false,POINT,43633946,43633946,43633946,43633946,43633946,true,false
edition-target:lang:ru-Cyrl-RU,Russian — Russian Federation,ru-Cyrl-RU,134319233.000000,134319233.000000,3163249.001013,89127558.121013,1,53,POSSIBLE,DEFINITE,DIRECT_OR_DERIVED_PERSON_MEASURE,person_need,L-ID_PARTIAL_IDENTIFICATION_ENVELOPE,auth:regional:ASIA_EMPIRICAL_NEED_INPUTS:ru-Cyrl-RU-ability,auth:regional:ASIA_EMPIRICAL_NEED_INPUTS:ru-Cyrl-RU-ability;auth:regional:ASIA_EMPIRICAL_NEED_INPUTS:ru-Cyrl-RU-daily,ADMIT,A_REGIONAL_EXACT_TYPED_PERSON,regional:ASIA_EMPIRICAL_NEED_INPUTS:ru-Cyrl-RU-ability,ASIA_EMPIRICAL_NEED_INPUTS,ru-Cyrl-RU-ability,REGIONAL_EMPIRICAL_STRATUM,b25721edd209b914a7e91ff08f3391cc2670dd62932e39d1a62ef036334c2f06,85bdd05ab22e44bb6659b1eb35c92483dfea7772385796f99fbad7bdceec3bce,7cca906069d46d139b3f46ab733c131ba1604b398b86a727614c2e32f8acef58,b4df9ebe84155057ed355113bd548ad58bd65d83b8d2efeb8982ea5ff7ebd746;d956f09bba0a9a13d57398396d7cc5bc4c06cdd93120ab0401ce78da55cf4259,true,false,POINT,,134319233,,134319233,134319233,true,false
edition-target:lang:sd-Arab-PK,Sindhi (Pakistan standard),sd-Arab-PK,34401564.000000,34401564.000000,4322404.988462,26339405.948462,1,50,POSSIBLE,DEFINITE,DIRECT_OR_DERIVED_PERSON_MEASURE,person_need,L-ID_PARTIAL_IDENTIFICATION_ENVELOPE,auth:canonical:canonical:pop:51abe077d0139899162234df,auth:canonical:canonical:pop:51abe077d0139899162234df,ADMIT,A_DIRECT_TYPED_PERSON,canonical:pop:51abe077d0139899162234df,legacy_canonical_population,pop:51abe077d0139899162234df,language_population_or_context,abc5cbf7c6867f58fd722a879403b11efbf81c1d1a7b6ff02477a36bfd383d4b,579f17354e406afb343a3c9222b78c4216afbe0645708b3dbf454f1e5b2c4d56,fbc8572da8c2af3573997b31024aaae206e8651d413723e328a87b85b4a6202c,46E5208B2751BDEDEE81738BE17280322692B36E1F7C573A7C277774F7F8F5B0,true,false,POINT,34401564,34401564,34401564,34401564,34401564,true,false
edition-target:lang:skr-Arab-PK,Saraiki,skr-Arab-PK,28849579.000000,28849579.000000,3313247.074771,21776977.634771,1,53,POSSIBLE,DEFINITE,DIRECT_OR_DERIVED_PERSON_MEASURE,person_need,L-ID_PARTIAL_IDENTIFICATION_ENVELOPE,auth:canonical:canonical:pop:7e60a110e78e419e9a877fc1,auth:canonical:canonical:pop:7e60a110e78e419e9a877fc1,ADMIT,A_DIRECT_TYPED_PERSON,canonical:pop:7e60a110e78e419e9a877fc1,legacy_canonical_population,pop:7e60a110e78e419e9a877fc1,language_population_or_context,eddf3dabec981acdcc83110d6035c5bc3d3e948698bf8805957566234ced24f9,f5a6310c51854e868812abfc7141a476e3ffa7d4b2d6e08664d3b06c8d2c3efa,dead99dcf91eeb5e7b65e708ad26980e8b64a88d18d2d3e02dce9d2d12837579,46E5208B2751BDEDEE81738BE17280322692B36E1F7C573A7C277774F7F8F5B0,true,false,POINT,28849579,28849579,28849579,28849579,28849579,true,false
edition-target:lang:su-Latn-ID,Sundanese,su-Latn-ID,32412752.000000,32412752.000000,1272024.604038,22016185.884038,1,64,POSSIBLE,DEFINITE,DIRECT_OR_DERIVED_PERSON_MEASURE,person_need,L-ID_PARTIAL_IDENTIFICATION_ENVELOPE,auth:canonical:canonical:pop:81c2eb0deb82a255d760e37e,auth:canonical:canonical:pop:81c2eb0deb82a255d760e37e;auth:canonical:canonical:pop:d0b15f9fbe3faaf8c928a1e0,ADMIT,A_DIRECT_TYPED_PERSON,canonical:pop:81c2eb0deb82a255d760e37e,legacy_canonical_population,pop:81c2eb0deb82a255d760e37e,language_population_or_context,90b75bc745acd27343c7969a66906551a26debc0f97b7ba1705a4c2be8b56d26,bac7b7b29219ff520f83dffd8257458c9e09859513a3bb2a583b4d0d6d8c3cd6,4c452e2d313779ff0ca9f81889cc22d5748d1d6ba42196c1d287903bbf09c9a6,6C23D04903146EDA54249B865AB790B9B16EDF54891415ACDF8DDDA2DDBA5A00,true,false,POINT,,32412752,,32412752,32412752,true,false
edition-target:lang:ta-Taml-IN,Tamil (India standard),ta-Taml-IN,68888839.000000,68888839.000000,3445521.716545,47534378.676545,1,53,POSSIBLE,DEFINITE,DIRECT_OR_DERIVED_PERSON_MEASURE,person_need,L-ID_PARTIAL_IDENTIFICATION_ENVELOPE,auth:canonical:canonical:pop:2cb02fc39902ed72029da51a,auth:canonical:canonical:pop:2cb02fc39902ed72029da51a;auth:canonical:llps:LLPS-TA-IN-L1-2011,ADMIT,A_DIRECT_TYPED_PERSON,canonical:pop:2cb02fc39902ed72029da51a,legacy_canonical_population,pop:2cb02fc39902ed72029da51a,language_population_or_context,6f977dd16687a4d24807c7fa7da480391530a8cb1f2b47ebf79bde114f7e051b,f8248716ecdfe938415d58de4c67b5664e892a90a8d0a6c0b5b36d04377847e7,ce622e5b0ae29ed03cc7d73e3685fc797374862dcefd28840000780a80321bee,EC2BDF734B61061AABB368111F19C6FD09AB026FE6C42FB466BEF1DA45D722C6,true,false,POINT,68888839,68888839,68888839,68888839,68888839,true,false
edition-target:lang:te-Telu-IN,Telugu,te-Telu-IN,81127740.000000,81127740.000000,4057658.599591,55979412.199591,1,50,POSSIBLE,DEFINITE,DIRECT_OR_DERIVED_PERSON_MEASURE,person_need,L-ID_PARTIAL_IDENTIFICATION_ENVELOPE,auth:canonical:llps:LLPS-TE-IN-L1-2011,auth:canonical:canonical:pop:d3ca0b8bb185751c92431b02;auth:canonical:llps:LLPS-TE-IN-L1-2011,ADMIT,A_DIRECT_TYPED_PERSON,llps:LLPS-TE-IN-L1-2011,large_language_population_strata,LLPS-TE-IN-L1-2011,language_population_basis,828767958ea49cf7421e113834da520df77372f028e3b6e88efc1e2ecb201e74,f454d1f25b380a58f185c6bc0077bee03ce0abb6f7b6de8f501d0087d25e46f6,9175caecfdad737c7702f33ca94d4c0c52f8ad3c009c4b35c8f4938517345524,446a7674e8151a4032ae36512f442b8a51288bc7aa264849e30df7654d0f542c,true,false,POINT,81127740,81127740,81127740,81127740,81127740,true,false
edition-target:lang:th-Thai-TH,Central Thai,th-Thai-TH,64080191.000000,64080191.000000,349186.667471,41360508.907471,1,78,POSSIBLE,DEFINITE,DIRECT_OR_DERIVED_PERSON_MEASURE,person_need,L-ID_PARTIAL_IDENTIFICATION_ENVELOPE,auth:regional:ASIA_EMPIRICAL_NEED_INPUTS:th-Thai-TH,auth:regional:ASIA_EMPIRICAL_NEED_INPUTS:th-Thai-TH,ADMIT,A_REGIONAL_EXACT_TYPED_PERSON,regional:ASIA_EMPIRICAL_NEED_INPUTS:th-Thai-TH,ASIA_EMPIRICAL_NEED_INPUTS,th-Thai-TH,REGIONAL_EMPIRICAL_STRATUM,11260a4acf570aff9ea64cf39db290d07b73c22979dac306c42a9dd6c9892c66,def09266d16bff5e6e3bda4958d79be4bb7ac3ee0dcaaf7198992cd25c0a578f,087176a9864e05b30c6419a6cc21e565c8fe4ac433d491201bac00458754938d,989e309dcb5112dcd0b1a862971eb37dfbd014d43a5b6648de916853bab55f18;20426318f26d981d0457da7ee9784c948613f72a0dd5f8a2634717d596e4300c;c79a47a70c622dd1c3576f2844bf2648846adc44f9dc915b7a75b38d4f5cd768;03910a1e167d2caaff634ed8baaece8b9fff79312ed2e3e649d50a214a4d0fa2;59e70224375915b5c1c76b5674ff02179674953f2e3505153b30cb85d3beb5ad;cd8bb5f3d29902009aa46de35b8682384c2e3eb1399dbd063e227669c898dd0a;255fe565a3022f48f016b66fcd17383732f172604bc98a1b6b235e7c417bdbcd;7930d8e20468f3a4606497019a4f658fb6a29c9c5e0a431cc1ba4957866556a5;4f33e7baf4cf15b16a6b3a86e665ae667777fc12d159551bbb8d982a5b770ddb;019d58b4c4ae9545a0a671789530a854900e074470f1ace7a444b6479e4efcb6,true,false,POINT,64080191,64080191,64080191,64080191,64080191,true,false
edition-target:lang:ur-Arab-IN,Urdu,ur-Arab-IN,50725762.000000,50725762.000000,2537083.177716,35001570.857716,1,57,POSSIBLE,DEFINITE,DIRECT_OR_DERIVED_PERSON_MEASURE,person_need,L-ID_PARTIAL_IDENTIFICATION_ENVELOPE,auth:canonical:canonical:pop:738f89ca064484dc7f7dce70,auth:canonical:canonical:pop:738f89ca064484dc7f7dce70;auth:canonical:llps:LLPS-UR-IN-L1-2011,ADMIT,A_DIRECT_TYPED_PERSON,canonical:pop:738f89ca064484dc7f7dce70,legacy_canonical_population,pop:738f89ca064484dc7f7dce70,language_population_or_context,74734f1c28acb5a49fad1891d5e1105f5747c563ff549743b7185127cafda77a,d32f8009b5a41d9fb23005d0dc8afb38cce977154425469afe7115cb3a7028eb,64b9851002a2e5731887197cb016cf4bd68edc4b4f74725467fc1016261e6e7b,EC2BDF734B61061AABB368111F19C6FD09AB026FE6C42FB466BEF1DA45D722C6,true,false,POINT,50725762,50725762,50725762,50725762,50725762,true,false
edition-target:lang:ur-Arab-PK,Urdu,ur-Arab-PK,22249307.000000,22249307.000000,2795527.423306,17035083.903306,1,55,POSSIBLE,DEFINITE,DIRECT_OR_DERIVED_PERSON_MEASURE,person_need,L-ID_PARTIAL_IDENTIFICATION_ENVELOPE,auth:canonical:canonical:pop:29bbd4ea4d0add8fe3f4306e,auth:canonical:canonical:pop:29bbd4ea4d0add8fe3f4306e;auth:canonical:llps:LLPS-UR-PK-L1-2023,ADMIT,A_DIRECT_TYPED_PERSON,canonical:pop:29bbd4ea4d0add8fe3f4306e,legacy_canonical_population,pop:29bbd4ea4d0add8fe3f4306e,language_population_or_context,4f38bfe8a725b0ab96b121e61797ba58e23f4feb472e190f5a0719785c40a37a,e5230558761e1892bdf9400777ecce48a1e193854465830c6755575a57c9d52c,6543ef22f77dd42c06e2ee7785d1eca5eadb3039de776d56b1612fd39e18614e,46E5208B2751BDEDEE81738BE17280322692B36E1F7C573A7C277774F7F8F5B0,true,false,POINT,22249307,22249307,22249307,22249307,22249307,true,false
edition-target:lang:uz-Latn-UZ,Uzbek,uz-Latn-UZ,35700000.000000,35700000.000000,5497800.000000,28345800.000000,1,44,POSSIBLE,DEFINITE,DIRECT_OR_DERIVED_PERSON_MEASURE,person_need,L-ID_PARTIAL_IDENTIFICATION_ENVELOPE,auth:canonical:canonical:pop:3914b0ebff1e8cdf7ab97738,auth:canonical:canonical:pop:3914b0ebff1e8cdf7ab97738;auth:regional:OCEANIA_CENTRAL_ASIA_EMPIRICAL_INPUTS:uz-Latn-UZ,ADMIT,A_DIRECT_TYPED_PERSON,canonical:pop:3914b0ebff1e8cdf7ab97738,legacy_canonical_population,pop:3914b0ebff1e8cdf7ab97738,language_population_or_context,a1a536bb9185f9abb8963c7f05af3ded43b521ec50b512bc612c80f55b7c99fe,dd89e22d128aa6a377fdee438f87d63433318300c33ec73b7507c2b7ca891a29,044820ffb1bdcba50d0811f98900898e868d8f48ba6314322f2d476765df68d3,6029719B37D866A94C97F1B574236F613E20B84D53DEC8444FD6BBE20F6D1D5D,true,false,POINT,35700000,35700000,35700000,35700000,35700000,true,false
edition-target:lang:yo-Latn-NG,Standard Yoruba,yo-Latn-NG,28000000.000000,32000000.000000,2581785.691801,23430612.219202,1,57,POSSIBLE,DEFINITE,DIRECT_OR_DERIVED_PERSON_MEASURE,person_need,L-ID_PARTIAL_IDENTIFICATION_ENVELOPE,auth:canonical:canonical:pop:2fe16dbd21183f349bceb5e0,auth:canonical:canonical:pop:2fe16dbd21183f349bceb5e0,ADMIT,B_INTERVAL_TYPED_PERSON,canonical:pop:2fe16dbd21183f349bceb5e0,legacy_canonical_population,pop:2fe16dbd21183f349bceb5e0,language_population_or_context,522a730b9bcd0ade5ea2786af5a25efc24e789aa34cc1865c4ff586ea942e4a4,d39d15a1056560f2d4c025e9a83363c8b0c3349fdf541ef219e5c5fd31906548,016fc7fb55d076fd155c619ad6ea79c2531ef9c89551c3d71a2815a2ca31ddec,8DD1B4D773DC1FA0F684C7E97C31594EE1248114565A58ACFEA5E227E1127FA0,true,false,INTERVAL,28000000,30000000,32000000,28000000,32000000,true,false
edition-target:lang:as-Beng-IN,Assamese,as-Beng-IN,14816414.000000,14816414.000000,741052.933093,10223557.893093,2,69,POSSIBLE,DEFINITE,DIRECT_OR_DERIVED_PERSON_MEASURE,person_need,L-ID_PARTIAL_IDENTIFICATION_ENVELOPE,auth:canonical:canonical:pop:b32ab588ff384a47fb4e0d3d,auth:canonical:canonical:pop:b32ab588ff384a47fb4e0d3d,ADMIT,A_DIRECT_TYPED_PERSON,canonical:pop:b32ab588ff384a47fb4e0d3d,legacy_canonical_population,pop:b32ab588ff384a47fb4e0d3d,language_population_or_context,3e0cd6553a3f8763d39eefd1444349b970da3f2033ec29c9d7953b0d967f1b9d,63cb0019516439a8f5d8c7cd9d882c7a09ae7af4375ece3f7c96e83d4e760be2,3839632ea2f7c1711122a32b0f20d1427e9c57df27c601141ff32378afb7efae,EC2BDF734B61061AABB368111F19C6FD09AB026FE6C42FB466BEF1DA45D722C6,true,false,POINT,14816414,14816414,14816414,14816414,14816414,true,false
edition-target:lang:cmn-Hant-TW,Taiwan Mandarin (Guoyu),cmn-Hant-TW,21090192.000000,21090192.000000,2319921.120000,15817644.000000,2,60,POSSIBLE,DEFINITE,DIRECT_OR_DERIVED_PERSON_MEASURE,person_need,L-ID_PARTIAL_IDENTIFICATION_ENVELOPE,auth:regional:ASIA_EMPIRICAL_NEED_INPUTS:cmn-Hant-TW,auth:regional:ASIA_EMPIRICAL_NEED_INPUTS:cmn-Hant-TW,ADMIT,A_REGIONAL_EXACT_TYPED_PERSON,regional:ASIA_EMPIRICAL_NEED_INPUTS:cmn-Hant-TW,ASIA_EMPIRICAL_NEED_INPUTS,cmn-Hant-TW,REGIONAL_EMPIRICAL_STRATUM,3cceed0ccfc34e0293e51d3814cf705e7e7bc5ffd979a6d360d1ceecd01a90ec,952c276b004b2f0aec1aa257e4fc953b1fd928f86158d7abadf2e8764e09a1a8,86cc30682818bf095c1963798c0eed06c6f3c89c0aa47a77bdf76a10bf5c1d34,ba06728ae54c935f6d67082235dc92b05dfd9713a8e4d0b5953cd3f6f2975b97,true,false,POINT,21090192,21090192,21090192,21090192,21090192,true,false
edition-target:lang:hne-Deva-IN,Chhattisgarhi,hne-Deva-IN,16245190.000000,16245190.000000,812514.127788,11209435.727788,2,68,POSSIBLE,DEFINITE,DIRECT_OR_DERIVED_PERSON_MEASURE,person_need,L-ID_PARTIAL_IDENTIFICATION_ENVELOPE,auth:canonical:canonical:pop:e04766d5e05c064e85caef46,auth:canonical:canonical:pop:e04766d5e05c064e85caef46,ADMIT,A_DIRECT_TYPED_PERSON,canonical:pop:e04766d5e05c064e85caef46,legacy_canonical_population,pop:e04766d5e05c064e85caef46,language_population_or_context,9e05323bedafdba7d578baaf0bd848c965fef058d65973ff9fa3c83900720948,96de4fc5ec0dfa8f9d855af548e0d974d681bd289b6bada973730365dfb224ac,b7d7d6c6e9d96729ecf2148b1e838cc59cd6796c45f73fac43b747f4e72de790,EC2BDF734B61061AABB368111F19C6FD09AB026FE6C42FB466BEF1DA45D722C6,true,false,POINT,16245190,16245190,16245190,16245190,16245190,true,false
edition-target:lang:km-Khmr-KH,Khmer,km-Khmr-KH,14893134.000000,14893134.000000,1638244.740000,11169850.500000,2,63,POSSIBLE,DEFINITE,DIRECT_OR_DERIVED_PERSON_MEASURE,person_need,L-ID_PARTIAL_IDENTIFICATION_ENVELOPE,auth:canonical:canonical:pop:fc678728c361090556d47bee,auth:canonical:canonical:pop:fc678728c361090556d47bee,ADMIT,A_DIRECT_TYPED_PERSON,canonical:pop:fc678728c361090556d47bee,legacy_canonical_population,pop:fc678728c361090556d47bee,language_population_or_context,369cb61baba603f3a1f2e025c18a75b8114a9c28d0e5bdfd5e127a628f7cf0fe,643558f10c56b97a7e909b2e8b0b425829ec304767031dbc4ab033465672bf3b,c4b683046b8b09f0c5cf8c0037f883747919415518e503a8fb63c328f19a0540,879FC21381CCC1B64BA570F74540769985E881FD2863C5783E857BC003494A4F,true,false,POINT,,14893134,,14893134,14893134,true,false
edition-target:lang:kmr-Latn-001,Kurmanji Kurdish,kmr-Latn-001,15000000.000000,20000000.000000,1650000.000000,15000000.000000,2,63,POSSIBLE,DEFINITE,DIRECT_OR_DERIVED_PERSON_MEASURE,person_need,L-ID_PARTIAL_IDENTIFICATION_ENVELOPE,auth:regional:OCEANIA_CENTRAL_ASIA_EMPIRICAL_INPUTS:kmr-Latn-001,auth:regional:OCEANIA_CENTRAL_ASIA_EMPIRICAL_INPUTS:kmr-Latn-001,ADMIT,B_REGIONAL_INTERVAL_TYPED_PERSON,regional:OCEANIA_CENTRAL_ASIA_EMPIRICAL_INPUTS:kmr-Latn-001,OCEANIA_CENTRAL_ASIA_EMPIRICAL_INPUTS,kmr-Latn-001,REGIONAL_EMPIRICAL_STRATUM,9f3e439c0a85315fe27aafe5fcdd8eabc9e32ff1e390b2ebb7a35ab72433b8b3,78de14cf64de7bf45f9489aab7555e474eef50c277ffd3d2528ad88f35376820,0d83c7e807850ee79fb00f222acf8f6e97b66e3339ebf6274c248f943c533a7e,bec77fa3b284efdf2d5ae029e694fad433efd98d291ad42606b59f6f129432b1;92444f922bd3330c178dd63ab96eaa37eb12f775f3ccbb7c9e0c6121c1164212;a972242a10e1ce1a1e657d1647bc99711a0024401292ba8aab6382d8731120b5;011723ace6e763817bc7c6fa6dc556cbb53ada15c6fcb96b81dec2220061b822;7e71f12fa5d4b32811d5235352dd285b5b65ce84cf8e71348332d70554a08579;3e45c06f376cb8f9cfe88fec638596913deb9d22c05262416a75a978b22f5209,true,false,INTERVAL,15000000,,20000000,15000000,20000000,true,false
edition-target:lang:nan-Hant-TW,Taiwanese Taigi — Southern Min,nan-Hant-TW,18728839.000000,18728839.000000,2060172.290000,14046629.250000,2,62,POSSIBLE,DEFINITE,DIRECT_OR_DERIVED_PERSON_MEASURE,person_need,L-ID_PARTIAL_IDENTIFICATION_ENVELOPE,auth:regional:ASIA_EMPIRICAL_NEED_INPUTS:nan-Hant-TW,auth:regional:ASIA_EMPIRICAL_NEED_INPUTS:nan-Hant-TW,ADMIT,A_REGIONAL_EXACT_TYPED_PERSON,regional:ASIA_EMPIRICAL_NEED_INPUTS:nan-Hant-TW,ASIA_EMPIRICAL_NEED_INPUTS,nan-Hant-TW,REGIONAL_EMPIRICAL_STRATUM,8b28ed493dfe235f627aa41aee4799819b0c1d3da46a106196869acc89810b4c,675456ea56779945986e76642e0e5431e587232ab3f4d0ae2ee07f4cbd9c2fff,90f6e19da9b338d73c23329e40735955968fd24546366b61ee5be36ae351fc9f,ba06728ae54c935f6d67082235dc92b05dfd9713a8e4d0b5953cd3f6f2975b97,true,false,POINT,18728839,18728839,18728839,18728839,18728839,true,false
edition-target:lang:zu-Latn-ZA,isiZulu,zu-Latn-ZA,14613202.000000,14613202.000000,1336345.550524,10688794.830524,2,64,POSSIBLE,DEFINITE,DIRECT_OR_DERIVED_PERSON_MEASURE,person_need,L-ID_PARTIAL_IDENTIFICATION_ENVELOPE,auth:regional:AFRICA_EMPIRICAL_NEED_INPUTS:zu-Latn-ZA,auth:regional:AFRICA_EMPIRICAL_NEED_INPUTS:zu-Latn-ZA,ADMIT,A_REGIONAL_EXACT_TYPED_PERSON,regional:AFRICA_EMPIRICAL_NEED_INPUTS:zu-Latn-ZA,AFRICA_EMPIRICAL_NEED_INPUTS,zu-Latn-ZA,REGIONAL_EMPIRICAL_STRATUM,29a963b95726ddfb067bf7c50e3fdc587715637ada4265efe9b8ca20ed455f2e,b5c24a5823b67c8decde296815d775930a612b217679df802304166832da7074,2b24562750ced6c88b5ed6193efa3ae3b45321a30041c2f34ec9e9ffb6030467,dcffeb591b4a2fbd3bccfad6be6334de63aa7f70ace0e1f254a751220ca06f81;a48f87197221f088c039caeb060d092ee1d6add77f8139c11431151aaf0ea48e;be34c749697b04fda2d94bc70fd58bb9088f1c7128272d38fc9fe5148875606a;cfe4005db4ddbd69227b2f67162332dededd01b56dcc716b73f9b6bf45902763;afe50ef6f97ad8f5b66f224efe4ad1e68b1c8cafc3f546e9a5db9c6b9e3d672f;9c33353549fc27a2ca2324fce4a756d339919d730256dd89c7f5b4e7448cf9f0;a4cece4af9a4faeed12675aea814c27c361ae700e854fbb0b716f58b6b5542d6;ce9ed3e99ff8beae8c3ba2cd7069cd3b48397588bf3c0dc755bc3c53b0a943ef;f08a8440b3bcbcc5182faa1cd33b606ff6fe4f68195e2e63badddb3f2b1fd8a4;1116171463655f3000daa67696b5fdad231077d53124aeec2023087d759613f3;1f5f1cfe3b410860ae46e0ad9ba9d5494397fa456f69b516caeeffcde0c4392e,true,false,POINT,,14613202,,14613202,14613202,true,false
edition-target:lang:ne-Deva-NP,Nepali (Nepal standard),ne-Deva-NP,13084457.000000,13084457.000000,1439290.270000,9813342.750000,3,63,POSSIBLE,DEFINITE,DIRECT_OR_DERIVED_PERSON_MEASURE,person_need,L-ID_PARTIAL_IDENTIFICATION_ENVELOPE,auth:canonical:canonical:pop:292607b924bd2ee5422ae070,auth:canonical:canonical:pop:292607b924bd2ee5422ae070,ADMIT,A_DIRECT_TYPED_PERSON,canonical:pop:292607b924bd2ee5422ae070,legacy_canonical_population,pop:292607b924bd2ee5422ae070,language_population_or_context,e161649ca1a6056e3d1d18e797f642a1e378ed36d2bd9373a9662c8ce2cbaff7,0078c74f463ad9228831542882070157c4e45caad03412d601757cfb7f5f493f,d951b55be3b83fcb26827f4260b001db3ee2586911913ef9220d331375979707,CD87291B81AF1ED1EA603E7E87B546F1AFE4B99280BA8CF67C8C8EA7E93F37B3,true,false,POINT,13084457,13084457,13084457,13084457,13084457,true,false
edition-target:lang:ca-Latn-ES,Catalan,ca-Latn-ES,9000000.000000,11000000.000000,990000.000000,8250000.000000,4,64,POSSIBLE,DEFINITE,DIRECT_OR_DERIVED_PERSON_MEASURE,person_need,L-ID_PARTIAL_IDENTIFICATION_ENVELOPE,auth:canonical:canonical:pop:52238851e27f8441cb8c0bee,auth:canonical:canonical:pop:52238851e27f8441cb8c0bee;auth:regional:AMERICAS_EUROPE_EMPIRICAL_NEED_INPUTS:ca-Latn-ES-CT,ADMIT,B_INTERVAL_TYPED_PERSON,canonical:pop:52238851e27f8441cb8c0bee,legacy_canonical_population,pop:52238851e27f8441cb8c0bee,language_population_or_context,905c72b351d82a73ce8fea23c68069fe56275041194182ee638e6df82a3c6fe8,3d52b1041ffbaf0a7d71810946c0b9e51b7f42901426c0c543ee0b1d5b5ae3b3,07e226e821af7ab8ae61b821f6e88aa2a45e9e3ab409842ab638be5173df2bf5,52CA3F90E45ACDFBF85C391DFABC1A7806F55AC80A1437E8B29F90826F601F91,true,false,INTERVAL,9000000,10000000,11000000,9000000,11000000,true,false
edition-target:lang:kk-Cyrl-KZ,Kazakh,kk-Cyrl-KZ,12670407.000000,12670407.000000,1393744.770000,9502805.250000,4,63,POSSIBLE,DEFINITE,DIRECT_OR_DERIVED_PERSON_MEASURE,person_need,L-ID_PARTIAL_IDENTIFICATION_ENVELOPE,auth:regional:OCEANIA_CENTRAL_ASIA_EMPIRICAL_INPUTS:kk-Cyrl-KZ,auth:regional:OCEANIA_CENTRAL_ASIA_EMPIRICAL_INPUTS:kk-Cyrl-KZ,ADMIT,A_REGIONAL_EXACT_TYPED_PERSON,regional:OCEANIA_CENTRAL_ASIA_EMPIRICAL_INPUTS:kk-Cyrl-KZ,OCEANIA_CENTRAL_ASIA_EMPIRICAL_INPUTS,kk-Cyrl-KZ,REGIONAL_EMPIRICAL_STRATUM,13e8a3b0869d4fa74bba693a828738d184b0cebec2367076ddad0d645b55f391,50e633fb7806074ec3f64cedd0345443c09a686df193dbae0ff0e47f97783c3b,c0fdd6e358dacc25a57806c6d445e9717e6bd19dd0e5ea8b367be00ea00bc90b,cf712aad25c6ef597a284784373c6d6805a585050748fbb27c3afc6b64f6781b;462cfd1c6c1c098a9048e56906d13c2ec50bead7fe738d21ac5344037457f87d;a2542566fd1e63b58933482aa14c548f379fdd22678858e898e599a754d488af;cffde860eea07a83c936593641df8a2a26ced561634db7a9c35c6545ec2acf88;7e71f12fa5d4b32811d5235352dd285b5b65ce84cf8e71348332d70554a08579;3e45c06f376cb8f9cfe88fec638596913deb9d22c05262416a75a978b22f5209,true,false,POINT,12670407,12670407,12670407,12670407,12670407,true,false
edition-target:lang:mag-Deva-IN,Magahi,mag-Deva-IN,12706825.000000,12706825.000000,635540.417307,8767908.417307,4,71,POSSIBLE,DEFINITE,DIRECT_OR_DERIVED_PERSON_MEASURE,person_need,L-ID_PARTIAL_IDENTIFICATION_ENVELOPE,auth:canonical:canonical:pop:9ef36b874f6ef94a6573a71b,auth:canonical:canonical:pop:9ef36b874f6ef94a6573a71b,ADMIT,A_DIRECT_TYPED_PERSON,canonical:pop:9ef36b874f6ef94a6573a71b,legacy_canonical_population,pop:9ef36b874f6ef94a6573a71b,language_population_or_context,ed90a68047c1eadc13c540a0f1c2809407dabb4604081309c5ab6e2bab707b33,f4d0c3792be660d69f1d00154f1c22ee12123742342dd78d148b32c5e31f854f,f552792d63b71d07faeb9cb737371eeaca960fc990a40ff796c454d9d7324e8e,EC2BDF734B61061AABB368111F19C6FD09AB026FE6C42FB466BEF1DA45D722C6,true,false,POINT,12706825,12706825,12706825,12706825,12706825,true,false
edition-target:lang:mai-Deva-IN,Maithili (India),mai-Deva-IN,13353347.000000,13353347.000000,667876.650920,9214018.730920,4,70,POSSIBLE,DEFINITE,DIRECT_OR_DERIVED_PERSON_MEASURE,person_need,L-ID_PARTIAL_IDENTIFICATION_ENVELOPE,auth:canonical:canonical:pop:3dbb0ea3594e28b76172dace,auth:canonical:canonical:pop:3dbb0ea3594e28b76172dace,ADMIT,A_DIRECT_TYPED_PERSON,canonical:pop:3dbb0ea3594e28b76172dace,legacy_canonical_population,pop:3dbb0ea3594e28b76172dace,language_population_or_context,d8cd9fffad377811830e0cbac54656c27d90ac041bcb646dfbd188e06ee59d07,21a8eb618338d348f5ef30c9f0f42825dfcef152c3eb6495cc4d272e96a3f723,63365387f323554862e9c029400f3341a22edde46bc48730fe2bfc1ffa22cf78,EC2BDF734B61061AABB368111F19C6FD09AB026FE6C42FB466BEF1DA45D722C6,true,false,POINT,13353347,13353347,13353347,13353347,13353347,true,false
edition-target:lang:xh-Latn-ZA,isiXhosa,xh-Latn-ZA,9786928.000000,9786928.000000,894993.286625,7158627.206625,4,67,POSSIBLE,DEFINITE,DIRECT_OR_DERIVED_PERSON_MEASURE,person_need,L-ID_PARTIAL_IDENTIFICATION_ENVELOPE,auth:regional:AFRICA_EMPIRICAL_NEED_INPUTS:xh-Latn-ZA,auth:regional:AFRICA_EMPIRICAL_NEED_INPUTS:xh-Latn-ZA,ADMIT,A_REGIONAL_EXACT_TYPED_PERSON,regional:AFRICA_EMPIRICAL_NEED_INPUTS:xh-Latn-ZA,AFRICA_EMPIRICAL_NEED_INPUTS,xh-Latn-ZA,REGIONAL_EMPIRICAL_STRATUM,6cf324a90be67a5cbe0b332e44b53eadcabfe0ea3199c51e75ec6efb740230cc,ee165bd982d672a81167102402199982244cc5789a325a6da1a038a0976e4d18,47fab47d8461f877d5c7e6896c392142ccbff9982972f4ad0fcbaf537a7c1d64,dcffeb591b4a2fbd3bccfad6be6334de63aa7f70ace0e1f254a751220ca06f81;a48f87197221f088c039caeb060d092ee1d6add77f8139c11431151aaf0ea48e;be34c749697b04fda2d94bc70fd58bb9088f1c7128272d38fc9fe5148875606a;cfe4005db4ddbd69227b2f67162332dededd01b56dcc716b73f9b6bf45902763;afe50ef6f97ad8f5b66f224efe4ad1e68b1c8cafc3f546e9a5db9c6b9e3d672f;9c33353549fc27a2ca2324fce4a756d339919d730256dd89c7f5b4e7448cf9f0;a4cece4af9a4faeed12675aea814c27c361ae700e854fbb0b716f58b6b5542d6;ce9ed3e99ff8beae8c3ba2cd7069cd3b48397588bf3c0dc755bc3c53b0a943ef;f08a8440b3bcbcc5182faa1cd33b606ff6fe4f68195e2e63badddb3f2b1fd8a4;1116171463655f3000daa67696b5fdad231077d53124aeec2023087d759613f3;1f5f1cfe3b410860ae46e0ad9ba9d5494397fa456f69b516caeeffcde0c4392e,true,false,POINT,,9786928,,9786928,9786928,true,false
edition-target:lang:ckb-Arab-001,Sorani Kurdish,ckb-Arab-001,6000000.000000,8000000.000000,197287.224333,5383049.632444,6,84,POSSIBLE,DEFINITE,DIRECT_OR_DERIVED_PERSON_MEASURE,person_need,L-ID_PARTIAL_IDENTIFICATION_ENVELOPE,auth:regional:OCEANIA_CENTRAL_ASIA_EMPIRICAL_INPUTS:ckb-Arab-001,auth:regional:OCEANIA_CENTRAL_ASIA_EMPIRICAL_INPUTS:ckb-Arab-001,ADMIT,B_REGIONAL_INTERVAL_TYPED_PERSON,regional:OCEANIA_CENTRAL_ASIA_EMPIRICAL_INPUTS:ckb-Arab-001,OCEANIA_CENTRAL_ASIA_EMPIRICAL_INPUTS,ckb-Arab-001,REGIONAL_EMPIRICAL_STRATUM,a752dcd051efdad114204abf69dcd08cd57334139f7387211b5a900435803728,e6ee69dcfd09cb5ca58f3783a774715a8b3365a0ffb8b300e72b4ed77acaf9a5,9dc532510e1763a6694ed67c4d120e3b66f3ff4a58f2061ad579307f40c0e8fb,011723ace6e763817bc7c6fa6dc556cbb53ada15c6fcb96b81dec2220061b822;a972242a10e1ce1a1e657d1647bc99711a0024401292ba8aab6382d8731120b5;1da5d26d7fac134630cf090dfab5eaa952ad4165211ad5c9a1923ab1d70ff6bd;7e71f12fa5d4b32811d5235352dd285b5b65ce84cf8e71348332d70554a08579;3e45c06f376cb8f9cfe88fec638596913deb9d22c05262416a75a978b22f5209,true,false,INTERVAL,6000000,,8000000,6000000,8000000,true,false
edition-target:lang:mad-Latn-ID,Madurese,mad-Latn-ID,7743533.000000,7743533.000000,303891.644195,5259752.764195,6,81,POSSIBLE,DEFINITE,DIRECT_OR_DERIVED_PERSON_MEASURE,person_need,L-ID_PARTIAL_IDENTIFICATION_ENVELOPE,auth:canonical:canonical:pop:9c716ea01474c94ecbdbc6b0,auth:canonical:canonical:pop:9c716ea01474c94ecbdbc6b0,ADMIT,A_DIRECT_TYPED_PERSON,canonical:pop:9c716ea01474c94ecbdbc6b0,legacy_canonical_population,pop:9c716ea01474c94ecbdbc6b0,language_population_or_context,803dc840230c855cbbc1c034c72c4d24c498a4e0c61226623e109ea8a79a0a99,575008510fd65d5663ead85940093f0919d96dcde3d9c6035f083fc2b674492e,a963caae1129f8f08515049d3bebaecf34300ffbf3458c6fa1121e358d8f0384,6C23D04903146EDA54249B865AB790B9B16EDF54891415ACDF8DDDA2DDBA5A00,true,false,POINT,,7743533,,7743533,7743533,true,false
edition-target:lang:mwr-Deva-IN,Marwari,mwr-Deva-IN,7831749.000000,7831749.000000,391710.205162,5404029.565162,6,75,POSSIBLE,DEFINITE,DIRECT_OR_DERIVED_PERSON_MEASURE,person_need,L-ID_PARTIAL_IDENTIFICATION_ENVELOPE,auth:canonical:canonical:pop:e971c0d9ad86571a6d181fcc,auth:canonical:canonical:pop:e971c0d9ad86571a6d181fcc,ADMIT,A_DIRECT_TYPED_PERSON,canonical:pop:e971c0d9ad86571a6d181fcc,legacy_canonical_population,pop:e971c0d9ad86571a6d181fcc,language_population_or_context,36bb71764feac5224d3ff531dfd2e97643ab73a1a529c686845a830ebce3c8b2,36273b40d2b354abeb4097452819334877ee7683fe18c726fa9dbec03dac8847,e3c2e6e3e0e90132f531f4170e4f2485bec2b7c756a478cafbb4c7c2d5dd5546,EC2BDF734B61061AABB368111F19C6FD09AB026FE6C42FB466BEF1DA45D722C6,true,false,POINT,7831749,7831749,7831749,7831749,7831749,true,false
edition-target:lang:rw-Latn-RW,Standard Kinyarwanda,rw-Latn-RW,6486597.000000,6494888.000000,998935.938000,5156941.072000,6,64,POSSIBLE,DEFINITE,DIRECT_OR_DERIVED_PERSON_MEASURE,person_need,L-ID_PARTIAL_IDENTIFICATION_ENVELOPE,auth:regional:AFRICA_EMPIRICAL_NEED_INPUTS:rw-Latn-RW,auth:regional:AFRICA_EMPIRICAL_NEED_INPUTS:rw-Latn-RW,ADMIT,B_REGIONAL_INTERVAL_TYPED_PERSON,regional:AFRICA_EMPIRICAL_NEED_INPUTS:rw-Latn-RW,AFRICA_EMPIRICAL_NEED_INPUTS,rw-Latn-RW,REGIONAL_EMPIRICAL_STRATUM,ddb9b5f028f3c29e6e800107e6359b1828175eb7464f45772bea895854c40a75,694508f34ac72fd9b0e0bb0dbfba0d208afe742a1e82ae03ca37c3df82451a5a,ccbe952cbe4371b019bfeb7b97e1e624818d2a92c099746c55d85838cfe12eb1,dd1904a904371b3a39661b187ff9cfbd1be22c6c3b2e79d5d860c2bd94d361d9;61d52341ff6f7727cefb30ec29900f0ac40511fb0ac380bb364de29814218c6c;1b735ca1d8352a60af648c25c61f408285dfd6ceaae812630db699934b259cec;9c33353549fc27a2ca2324fce4a756d339919d730256dd89c7f5b4e7448cf9f0;a4cece4af9a4faeed12675aea814c27c361ae700e854fbb0b716f58b6b5542d6;ce9ed3e99ff8beae8c3ba2cd7069cd3b48397588bf3c0dc755bc3c53b0a943ef;f08a8440b3bcbcc5182faa1cd33b606ff6fe4f68195e2e63badddb3f2b1fd8a4;1116171463655f3000daa67696b5fdad231077d53124aeec2023087d759613f3;1f5f1cfe3b410860ae46e0ad9ba9d5494397fa456f69b516caeeffcde0c4392e,true,false,INTERVAL,6486597,6490743,6494888,6486597,6494888,true,false
edition-target:lang:tk-Latn-TM,Turkmen,tk-Latn-TM,6297965.000000,6297965.000000,692776.150000,4723473.750000,7,70,POSSIBLE,DEFINITE,DIRECT_OR_DERIVED_PERSON_MEASURE,person_need,L-ID_PARTIAL_IDENTIFICATION_ENVELOPE,auth:canonical:canonical:pop:9e349abef5cd58a8ac3f2848,auth:canonical:canonical:pop:9e349abef5cd58a8ac3f2848;auth:regional:OCEANIA_CENTRAL_ASIA_EMPIRICAL_INPUTS:tk-Latn-TM,ADMIT,A_DIRECT_TYPED_PERSON,canonical:pop:9e349abef5cd58a8ac3f2848,legacy_canonical_population,pop:9e349abef5cd58a8ac3f2848,language_population_or_context,4ce0ac5d9807f7aab9d62531714c7d2fdb99ecdd0b322fafedfbf5e068f96a2f,1bb9237c88fa94ca830b9cb9fe354b10b87648871fbbb312a5c4ef5011631cc7,f810a478b4d49a04e9fa2105568052d526d0f1d866a808f9b555f24fb1eb9c28,B4569D4A7AD229132C7AB77947133B0AD1DCA8C27802D3194AEBF900DCE13546,true,false,POINT,6297965,6297965,6297965,6297965,6297965,true,false
edition-target:lang:yue-Hant-HK,Cantonese (Yue),yue-Hant-HK,6328947.000000,6328947.000000,696184.170000,4746710.250000,7,70,POSSIBLE,DEFINITE,DIRECT_OR_DERIVED_PERSON_MEASURE,person_need,L-ID_PARTIAL_IDENTIFICATION_ENVELOPE,auth:canonical:canonical:pop:d13a7085a4e2cc561361a665,auth:canonical:canonical:pop:d13a7085a4e2cc561361a665,ADMIT,A_DIRECT_TYPED_PERSON,canonical:pop:d13a7085a4e2cc561361a665,legacy_canonical_population,pop:d13a7085a4e2cc561361a665,language_population_or_context,6cdcc59e9a3c446d49bc0432022ba7aceae495cfc7d56b854310dc87c2e81afc,f41c1913acae4f541f5b1469f196a448880b9ad9d3d5428ec40d00f4782d0f10,9a0a4735d9e8f6a1210c76ed9eeaae79f8c70691764cfe39a70abccb826af06f,D3FE84FB2B0D66220A60CEE43B7FF46BA347DDF23101EAD0E1D17E64262EDB0C,true,false,POINT,6328947,6328947,6328947,6328947,6328947,true,false
edition-target:lang:ky-Cyrl-KG,Kyrgyz,ky-Cyrl-KG,5360056.000000,5360056.000000,589606.160000,4020042.000000,14,71,OUTSIDE,DEFINITE,DIRECT_OR_DERIVED_PERSON_MEASURE,person_need,L-ID_PARTIAL_IDENTIFICATION_ENVELOPE,auth:canonical:canonical:pop:f954ecbfa521ac0984f243a1,auth:canonical:canonical:pop:f954ecbfa521ac0984f243a1;auth:regional:OCEANIA_CENTRAL_ASIA_EMPIRICAL_INPUTS:ky-Cyrl-KG,ADMIT,A_DIRECT_TYPED_PERSON,canonical:pop:f954ecbfa521ac0984f243a1,legacy_canonical_population,pop:f954ecbfa521ac0984f243a1,language_population_or_context,38433c3bd705254f1f3e5dae2e4d554cccb2029235de4b25aa3fcd39e0851d06,2c4f9b2deee258b43cb43cfd78b0cc7dff71df56b15e5f56bedd57da96ead5c5,3d1d136861814ddbcf1320c02b2aecfcedf9838febc05cbbb8abd62dc36235da,25A7FBBA3D7E4DFF4CFA4034DABB7282E9D847C0102AB3C586A42A5B23AC55FE,true,false,POINT,5360056,5360056,5360056,5360056,5360056,true,false
edition-target:lang:so-Latn-ET,Standard Somali,so-Latn-ET,4609274.000000,4609274.000000,1060208.481243,4010143.841243,14,64,OUTSIDE,DEFINITE,DIRECT_OR_DERIVED_PERSON_MEASURE,person_need,L-ID_PARTIAL_IDENTIFICATION_ENVELOPE,auth:regional:AFRICA_EMPIRICAL_NEED_INPUTS:so-Latn-ET,auth:regional:AFRICA_EMPIRICAL_NEED_INPUTS:so-Latn-ET,ADMIT,A_REGIONAL_EXACT_TYPED_PERSON,regional:AFRICA_EMPIRICAL_NEED_INPUTS:so-Latn-ET,AFRICA_EMPIRICAL_NEED_INPUTS,so-Latn-ET,REGIONAL_EMPIRICAL_STRATUM,87dc96d7d9b9bfc701bf508ed14298f5c740c53825b1605db701ac2b60f3588e,bb0adc9ca47d5fce363a60928b918050afd5ebfbeeeb671a08e816a6c30c4fda,3429b229c816cdb23fd8daafeb3ad30ccedee2087f64a16182b58249d96beb6a,fce6afecd896e8cf08d2cff807dd900a46d27bdb0eacc06b1cedb1ae1c09c46a;fc45a53902b1372dbf4db1196e8284205586e09a1dc0437dc0ccf6a3018763e8;9d96f04b2f0c30df9305b8ab607d11d34d25767cd9378948818ca8340ff09fba;6dc0c8d6289e5cad740dffaef05ea881ea64b5d2f9e1d471714a817dbe28b7d4;9c33353549fc27a2ca2324fce4a756d339919d730256dd89c7f5b4e7448cf9f0;a4cece4af9a4faeed12675aea814c27c361ae700e854fbb0b716f58b6b5542d6;ce9ed3e99ff8beae8c3ba2cd7069cd3b48397588bf3c0dc755bc3c53b0a943ef;f08a8440b3bcbcc5182faa1cd33b606ff6fe4f68195e2e63badddb3f2b1fd8a4;1116171463655f3000daa67696b5fdad231077d53124aeec2023087d759613f3;1f5f1cfe3b410860ae46e0ad9ba9d5494397fa456f69b516caeeffcde0c4392e,true,false,POINT,,4609274,,4609274,4609274,true,false
edition-target:lang:ti-Ethi-ET,Tigrinya,ti-Ethi-ET,4324933.000000,4324933.000000,804508.344123,3572465.464123,15,68,OUTSIDE,DEFINITE,DIRECT_OR_DERIVED_PERSON_MEASURE,person_need,L-ID_PARTIAL_IDENTIFICATION_ENVELOPE,auth:regional:AFRICA_EMPIRICAL_NEED_INPUTS:ti-Ethi-ET,auth:regional:AFRICA_EMPIRICAL_NEED_INPUTS:ti-Ethi-ET,ADMIT,A_REGIONAL_EXACT_TYPED_PERSON,regional:AFRICA_EMPIRICAL_NEED_INPUTS:ti-Ethi-ET,AFRICA_EMPIRICAL_NEED_INPUTS,ti-Ethi-ET,REGIONAL_EMPIRICAL_STRATUM,5f34ab322239df3e0f7deb891edb32df7982df14326bb77d7267bfb264665b09,f147a94c15d3b73ecc69be40cbcf5b2df4da08cdaaaeeceed18b984179af4a15,729de121149d95c5acaa13c7c0f83d18cd1ffe9ef311ba554b16eaabb79f1e14,fce6afecd896e8cf08d2cff807dd900a46d27bdb0eacc06b1cedb1ae1c09c46a;fc45a53902b1372dbf4db1196e8284205586e09a1dc0437dc0ccf6a3018763e8;9d96f04b2f0c30df9305b8ab607d11d34d25767cd9378948818ca8340ff09fba;6dc0c8d6289e5cad740dffaef05ea881ea64b5d2f9e1d471714a817dbe28b7d4;9c33353549fc27a2ca2324fce4a756d339919d730256dd89c7f5b4e7448cf9f0;a4cece4af9a4faeed12675aea814c27c361ae700e854fbb0b716f58b6b5542d6;ce9ed3e99ff8beae8c3ba2cd7069cd3b48397588bf3c0dc755bc3c53b0a943ef;f08a8440b3bcbcc5182faa1cd33b606ff6fe4f68195e2e63badddb3f2b1fd8a4;1116171463655f3000daa67696b5fdad231077d53124aeec2023087d759613f3;1f5f1cfe3b410860ae46e0ad9ba9d5494397fa456f69b516caeeffcde0c4392e,true,false,POINT,,4324933,,4324933,4324933,true,false
edition-target:lang:gug-Latn-PY,Paraguayan Guarani,gug-Latn-PY,3792294.000000,3792294.000000,417152.340000,2844220.500000,18,75,OUTSIDE,DEFINITE,DIRECT_OR_DERIVED_PERSON_MEASURE,person_need,L-ID_PARTIAL_IDENTIFICATION_ENVELOPE,auth:canonical:canonical:pop:54e9e2b29ce82bb19316c6db,auth:canonical:canonical:pop:54e9e2b29ce82bb19316c6db,ADMIT,A_DIRECT_TYPED_PERSON,canonical:pop:54e9e2b29ce82bb19316c6db,legacy_canonical_population,pop:54e9e2b29ce82bb19316c6db,language_population_or_context,2f7870c8330db5b22231b03743d507da4a6c5073a07f0f5f6a4a259d8f9e657b,0389ae2d6e3670e3f86722ddd046107ea985fcdfd1021c31154e717ddd82d7c5,035c90817ebe747f0b505611fa40f71809e8611179585fc51c42e59a66137471,ED26E7E5207DA6FBDB7A585BA47C2A99FFF59B990945DD6FE82601539ED3C79B,true,false,POINT,3792294,3792294,3792294,3792294,3792294,true,false
edition-target:lang:min-Latn-ID,Minangkabau,min-Latn-ID,4230000.000000,4230000.000000,166004.542752,2873204.542752,18,86,OUTSIDE,DEFINITE,DIRECT_OR_DERIVED_PERSON_MEASURE,person_need,L-ID_PARTIAL_IDENTIFICATION_ENVELOPE,auth:canonical:canonical:pop:bb1f9c37fb86a780512196e9,auth:canonical:canonical:pop:bb1f9c37fb86a780512196e9,ADMIT,A_DIRECT_TYPED_PERSON,canonical:pop:bb1f9c37fb86a780512196e9,legacy_canonical_population,pop:bb1f9c37fb86a780512196e9,language_population_or_context,731898c25ae4131b97d6032fae1a1e40e171f5eba2cddab5997e9330fc30c47a,8046e8b5f70d45b8bb492f61f10466ddf1d167066250346304ec2618e7386b68,06a679b5b9823170d8b29376c65170cd1cfcaea444ba358d993d8e47ceef5bca,6C23D04903146EDA54249B865AB790B9B16EDF54891415ACDF8DDDA2DDBA5A00,true,false,POINT,,4230000,,4230000,4230000,true,false
edition-target:lang:awa-Deva-IN,Awadhi (India),awa-Deva-IN,3850906.000000,3850906.000000,192605.659262,2657185.499262,21,84,OUTSIDE,DEFINITE,DIRECT_OR_DERIVED_PERSON_MEASURE,person_need,L-ID_PARTIAL_IDENTIFICATION_ENVELOPE,auth:canonical:canonical:pop:cf3112ce4f20670def11f58d,auth:canonical:canonical:pop:cf3112ce4f20670def11f58d,ADMIT,A_DIRECT_TYPED_PERSON,canonical:pop:cf3112ce4f20670def11f58d,legacy_canonical_population,pop:cf3112ce4f20670def11f58d,language_population_or_context,d693a52053d8f42bd232eee332c077293648a3f52e4895ff978c9dc2f321c79b,239f5db50bd582d35151ee1778001048f86e6a86e7c147e9c507d6d680981737,80003487af5a35254c273d47177c8eedacf6dbc715034b1a9a7ecff5427db725,EC2BDF734B61061AABB368111F19C6FD09AB026FE6C42FB466BEF1DA45D722C6,true,false,POINT,3850906,3850906,3850906,3850906,3850906,true,false
edition-target:lang:ka-Geor-GE,Georgian,ka-Geor-GE,3343987.000000,3343987.000000,514973.998000,2655125.678000,21,71,OUTSIDE,DEFINITE,DIRECT_OR_DERIVED_PERSON_MEASURE,person_need,L-ID_PARTIAL_IDENTIFICATION_ENVELOPE,auth:regional:OCEANIA_CENTRAL_ASIA_EMPIRICAL_INPUTS:ka-Geor-GE,auth:regional:OCEANIA_CENTRAL_ASIA_EMPIRICAL_INPUTS:ka-Geor-GE,ADMIT,A_REGIONAL_EXACT_TYPED_PERSON,regional:OCEANIA_CENTRAL_ASIA_EMPIRICAL_INPUTS:ka-Geor-GE,OCEANIA_CENTRAL_ASIA_EMPIRICAL_INPUTS,ka-Geor-GE,REGIONAL_EMPIRICAL_STRATUM,1b4d52b95be7cd9fd2dcd1fc8409e7d54080a0f81cebbadd2fc2270364c7229d,a256a725647619dae804f9450465bc87ef6dc424c0915a6f5f2c4b366919bd81,e85824d46d77ec6c9ed7c1be1c1bed30ee9c9072e1b26656f1d5e8057e88aab6,19853b44771943e841546c8f24b77ce643adde8f76bba9ceb551d67626bf7b81;78ecdd44ad40ffccb715aa072dfc27dcec51d812dc93e218083b4f2cb74be3ad;7e71f12fa5d4b32811d5235352dd285b5b65ce84cf8e71348332d70554a08579;3e45c06f376cb8f9cfe88fec638596913deb9d22c05262416a75a978b22f5209,true,false,POINT,3343987,3343987,3343987,3343987,3343987,true,false
edition-target:lang:bjn-Latn-ID,Banjarese,bjn-Latn-ID,3650000.000000,3650000.000000,143242.690554,2479242.690554,24,89,OUTSIDE,DEFINITE,DIRECT_OR_DERIVED_PERSON_MEASURE,person_need,L-ID_PARTIAL_IDENTIFICATION_ENVELOPE,auth:canonical:canonical:pop:edfec6339bd840e51c26a58e,auth:canonical:canonical:pop:edfec6339bd840e51c26a58e,ADMIT,A_DIRECT_TYPED_PERSON,canonical:pop:edfec6339bd840e51c26a58e,legacy_canonical_population,pop:edfec6339bd840e51c26a58e,language_population_or_context,2b5ff89ece6583124bed42d020bf725de62505d356e46bba37b02bdd5abd8b79,421ea47033fa310756129f64d8130a3b77d4c3d3b4f6cd413b58f8b03770d12b,efb2a3ff41586b8298d180a5fe5ff4f19f6d04cbdf488cb0a98e3244ebb994af,6C23D04903146EDA54249B865AB790B9B16EDF54891415ACDF8DDDA2DDBA5A00,true,false,POINT,,3650000,,3650000,3650000,true,false
edition-target:lang:bug-Latn-ID,Buginese,bug-Latn-ID,3510000.000000,3510000.000000,137748.450368,2384148.450368,24,89,OUTSIDE,DEFINITE,DIRECT_OR_DERIVED_PERSON_MEASURE,person_need,L-ID_PARTIAL_IDENTIFICATION_ENVELOPE,auth:canonical:canonical:pop:d7f5183d757509437b0ec0f8,auth:canonical:canonical:pop:d7f5183d757509437b0ec0f8,ADMIT,A_DIRECT_TYPED_PERSON,canonical:pop:d7f5183d757509437b0ec0f8,legacy_canonical_population,pop:d7f5183d757509437b0ec0f8,language_population_or_context,6984f60463217231ceeadc8a837016759dc02cf388af233ce6d9bcb5280a36b7,161550394b8bf764b9aa1582df2cf3b0a54bee1a8e0f7ff8f4f2d45c95f8859e,26607bea83852c5d53d871927d77159d36446e5f8450e0513a29a2e20b6b2f6b,6C23D04903146EDA54249B865AB790B9B16EDF54891415ACDF8DDDA2DDBA5A00,true,false,POINT,,3510000,,3510000,3510000,true,false
edition-target:lang:mai-Deva-NP,Maithili (Nepal),mai-Deva-NP,3222389.000000,3222389.000000,354462.790000,2416791.750000,24,78,OUTSIDE,DEFINITE,DIRECT_OR_DERIVED_PERSON_MEASURE,person_need,L-ID_PARTIAL_IDENTIFICATION_ENVELOPE,auth:canonical:canonical:pop:f5fe74bef65af636ea7f2c74,auth:canonical:canonical:pop:f5fe74bef65af636ea7f2c74,ADMIT,A_DIRECT_TYPED_PERSON,canonical:pop:f5fe74bef65af636ea7f2c74,legacy_canonical_population,pop:f5fe74bef65af636ea7f2c74,language_population_or_context,0a63e6711589b964fbe8876291137cb5409f50b285a44aa836fc1a7494fd7097,65b6809f534fee44ead77216356fba4118dc528a34caab6c88a72838b1fda418,ea6c515cb19e4d72ca54e9dd1e86cc7d4a9d0503449e5854a18b24aa9e44bc7c,CD87291B81AF1ED1EA603E7E87B546F1AFE4B99280BA8CF67C8C8EA7E93F37B3,true,false,POINT,3222389,3222389,3222389,3222389,3222389,true,false
edition-target:lang:hy-Armn-AM,Armenian,hy-Armn-AM,2840631.000000,2840631.000000,437457.174000,2255461.014000,25,74,OUTSIDE,DEFINITE,DIRECT_OR_DERIVED_PERSON_MEASURE,person_need,L-ID_PARTIAL_IDENTIFICATION_ENVELOPE,auth:regional:OCEANIA_CENTRAL_ASIA_EMPIRICAL_INPUTS:hy-Armn-AM,auth:regional:OCEANIA_CENTRAL_ASIA_EMPIRICAL_INPUTS:hy-Armn-AM,ADMIT,A_REGIONAL_EXACT_TYPED_PERSON,regional:OCEANIA_CENTRAL_ASIA_EMPIRICAL_INPUTS:hy-Armn-AM,OCEANIA_CENTRAL_ASIA_EMPIRICAL_INPUTS,hy-Armn-AM,REGIONAL_EMPIRICAL_STRATUM,5bb892548758ba4e64d15f1172167d1dfdfc82a1946d0f5e7ea18afd0e3c7776,b30b0d98fc0bbd6d8098eba1050e19820d39cf4d75c83067c3ef6248e6818692,ab0e409f7991e6ba5358db1e02630f61d9affa5cd2880197bd7f02eadec5544f,2634959b595473ebd1a366369deec38dc955623e63ff6a6052b858fb18263e22;7e71f12fa5d4b32811d5235352dd285b5b65ce84cf8e71348332d70554a08579;3e45c06f376cb8f9cfe88fec638596913deb9d22c05262416a75a978b22f5209,true,false,POINT,2840631,2840631,2840631,2840631,2840631,true,false
edition-target:lang:brh-Arab-PK,Brahvi,brh-Arab-PK,2778670.000000,2778670.000000,319118.010327,2097466.810327,27,81,OUTSIDE,DEFINITE,DIRECT_OR_DERIVED_PERSON_MEASURE,person_need,L-ID_PARTIAL_IDENTIFICATION_ENVELOPE,auth:canonical:canonical:pop:f95fbedf90f373eca0f79dec,auth:canonical:canonical:pop:f95fbedf90f373eca0f79dec,ADMIT,A_DIRECT_TYPED_PERSON,canonical:pop:f95fbedf90f373eca0f79dec,legacy_canonical_population,pop:f95fbedf90f373eca0f79dec,language_population_or_context,e3b5442a65044c2cf8b89642fb7efdf5d41b54c97b587e8ac73c107f5f11fb0f,3405db9fcea3c83051b2a606ac1f0e3147913318a9c864d5e316ddfce872c809,7c4fc976160ce11d0be5387f81fcd695cf005782686f9e45252e6fe690f6ae33,46E5208B2751BDEDEE81738BE17280322692B36E1F7C573A7C277774F7F8F5B0,true,false,POINT,2778670,2778670,2778670,2778670,2778670,true,false
edition-target:lang:ne-Deva-IN,Nepali (India jurisdiction pack),ne-Deva-IN,2925796.000000,2925796.000000,146335.659049,2018845.099049,28,88,OUTSIDE,DEFINITE,DIRECT_OR_DERIVED_PERSON_MEASURE,person_need,L-ID_PARTIAL_IDENTIFICATION_ENVELOPE,auth:canonical:canonical:pop:da45950f41bcde67fe785d65,auth:canonical:canonical:pop:da45950f41bcde67fe785d65,ADMIT,A_DIRECT_TYPED_PERSON,canonical:pop:da45950f41bcde67fe785d65,legacy_canonical_population,pop:da45950f41bcde67fe785d65,language_population_or_context,a5cdfac16d5d113f59b662242d31832e6accb1d52374a145e1d4a3812d51244b,7d215788424a7eff6c4dc244717caef71c1e6b4fb7d7dbb4e27222bc1c8cb28b,b6a29a74b3497788e69cb81968964b5c1782215ade09064485212b0f65aa5317,EC2BDF734B61061AABB368111F19C6FD09AB026FE6C42FB466BEF1DA45D722C6,true,false,POINT,2925796,2925796,2925796,2925796,2925796,true,false
edition-target:lang:bho-Deva-NP,Bhojpuri (Nepal),bho-Deva-NP,1820795.000000,1820795.000000,200287.450000,1365596.250000,35,84,OUTSIDE,DEFINITE,DIRECT_OR_DERIVED_PERSON_MEASURE,person_need,L-ID_PARTIAL_IDENTIFICATION_ENVELOPE,auth:canonical:canonical:pop:1575dbef18144b6e088d695f,auth:canonical:canonical:pop:1575dbef18144b6e088d695f,ADMIT,A_DIRECT_TYPED_PERSON,canonical:pop:1575dbef18144b6e088d695f,legacy_canonical_population,pop:1575dbef18144b6e088d695f,language_population_or_context,0059469a311fbcfcb3473d1fe2c3519e3283bdeb8c4d8f342ddcad0cd4a22d7e,d8a7e0304656977eab95b8c8ad034f9cd98e4f7a0945da1cdde92b1ee9c214d6,028eb29718f4f2d4cc40a2c0c19dcd607f95f98456bc08485600e95ba88cfec5,CD87291B81AF1ED1EA603E7E87B546F1AFE4B99280BA8CF67C8C8EA7E93F37B3,true,false,POINT,1820795,1820795,1820795,1820795,1820795,true,false
edition-target:lang:hak-Hant-TW,Taiwan Hakka,hak-Hant-TW,1193332.000000,1193332.000000,131266.520000,894999.000000,40,89,OUTSIDE,DEFINITE,DIRECT_OR_DERIVED_PERSON_MEASURE,person_need,L-ID_PARTIAL_IDENTIFICATION_ENVELOPE,auth:regional:ASIA_EMPIRICAL_NEED_INPUTS:hak-Hant-TW,auth:regional:ASIA_EMPIRICAL_NEED_INPUTS:hak-Hant-TW,ADMIT,A_REGIONAL_EXACT_TYPED_PERSON,regional:ASIA_EMPIRICAL_NEED_INPUTS:hak-Hant-TW,ASIA_EMPIRICAL_NEED_INPUTS,hak-Hant-TW,REGIONAL_EMPIRICAL_STRATUM,adb09d4df9b35c1b9777b5d73228b6181f081f450ec1232607545cca3fdf2f1d,c900ccfd8cac4e335a4f1b69003fdc31f7c3e618176d7e42baeefed73c971c2c,24061e3972e0b57637b2e8a7a7ec8f91cb1483aed4ba5fde2f133eeb248f8cbb,ba06728ae54c935f6d67082235dc92b05dfd9713a8e4d0b5953cd3f6f2975b97,true,false,POINT,1193332,1193332,1193332,1193332,1193332,true,false
edition-target:lang:kek-GT,Q’eqchi’,kek-GT,1127387.000000,1127387.000000,173617.598000,895145.278000,40,84,OUTSIDE,DEFINITE,DIRECT_OR_DERIVED_PERSON_MEASURE,person_need,L-ID_PARTIAL_IDENTIFICATION_ENVELOPE,auth:canonical:canonical:pop:becc4683c53126aa8e06ec32,auth:canonical:canonical:pop:becc4683c53126aa8e06ec32;auth:regional:AMERICAS_EUROPE_EMPIRICAL_NEED_INPUTS:kek-Latn-GT,ADMIT,A_DIRECT_TYPED_PERSON,canonical:pop:becc4683c53126aa8e06ec32,legacy_canonical_population,pop:becc4683c53126aa8e06ec32,language_population_or_context,c220b1351bc14fa891f34c4749954f60dcbe85043ad935996ff580532fa66bbd,9177b12838c1dad890d1c31117e642b9bbadb245c453109e54a47e1ddc8d80f6,133078fda7bd126edce458d90c901b2d13e87cd5e0d226857a0b70ea44c6b81e,4C646DEC532104F47E31C744EDC13A0E85B3FB2C4FBE2C8C0258AC44CD2B7790,true,false,POINT,,1127387,,1127387,1127387,true,false
edition-target:lang:pov-Latn-GW,Guinea-Bissau Kriol,pov-Latn-GW,1303743.000000,1303743.000000,143411.730000,977807.250000,40,89,OUTSIDE,DEFINITE,DIRECT_OR_DERIVED_PERSON_MEASURE,person_need,L-ID_PARTIAL_IDENTIFICATION_ENVELOPE,auth:regional:AFRICA_EMPIRICAL_NEED_INPUTS:pov-Latn-GW,auth:regional:AFRICA_EMPIRICAL_NEED_INPUTS:pov-Latn-GW,ADMIT,A_REGIONAL_EXACT_TYPED_PERSON,regional:AFRICA_EMPIRICAL_NEED_INPUTS:pov-Latn-GW,AFRICA_EMPIRICAL_NEED_INPUTS,pov-Latn-GW,REGIONAL_EMPIRICAL_STRATUM,037d60098f907d787c1a1d36fa9a214527496b0b348f637e8a1707277ff1f409,c8bf34d768d138883f47ae078c4f47f0a5abf78b1c474cd870509604c12be1b8,5202ea0d669df842c1572747d628b14fe888b166207ffa3bfe8908b9f4fb845d,5434e3b18f80e2f5e51d96f34ebad02db7fb63ecc138a203a2cce80d1680e18d,true,false,POINT,1303743,1303743,1303743,1303743,1303743,true,false
edition-target:lang:quc-GT,K’iche’,quc-GT,1054818.000000,1054818.000000,162441.972000,837525.492000,41,86,OUTSIDE,DEFINITE,DIRECT_OR_DERIVED_PERSON_MEASURE,person_need,L-ID_PARTIAL_IDENTIFICATION_ENVELOPE,auth:canonical:canonical:pop:6675ca49ad1364558f62562f,auth:canonical:canonical:pop:6675ca49ad1364558f62562f;auth:regional:AMERICAS_EUROPE_EMPIRICAL_NEED_INPUTS:quc-Latn-GT,ADMIT,A_DIRECT_TYPED_PERSON,canonical:pop:6675ca49ad1364558f62562f,legacy_canonical_population,pop:6675ca49ad1364558f62562f,language_population_or_context,6f662a430f9b9cd11dd9dbb1d0738d2d69b6075d09f7bef1598e3e46fbf2d189,2b39c96bfe3be5c4429c9433e107e08673236673be3d871e1acdd77c26baa0ff,c7c5c43cd30bc8a0d957e0665d4b670d9f0646137a56c9563adb490f4aa19e98,4C646DEC532104F47E31C744EDC13A0E85B3FB2C4FBE2C8C0258AC44CD2B7790,true,false,POINT,,1054818,,1054818,1054818,true,false
edition-target:lang:mfe-Latn-MU,Kreol Morisien,mfe-Latn-MU,1002135.000000,1002135.000000,110234.850000,751601.250000,43,91,OUTSIDE,DEFINITE,DIRECT_OR_DERIVED_PERSON_MEASURE,person_need,L-ID_PARTIAL_IDENTIFICATION_ENVELOPE,auth:regional:OCEANIA_CENTRAL_ASIA_EMPIRICAL_INPUTS:mfe-Latn-MU,auth:regional:OCEANIA_CENTRAL_ASIA_EMPIRICAL_INPUTS:mfe-Latn-MU,ADMIT,A_REGIONAL_EXACT_TYPED_PERSON,regional:OCEANIA_CENTRAL_ASIA_EMPIRICAL_INPUTS:mfe-Latn-MU,OCEANIA_CENTRAL_ASIA_EMPIRICAL_INPUTS,mfe-Latn-MU,REGIONAL_EMPIRICAL_STRATUM,d423cacc4e3aea47274cd2e3f453b66cedce23abee16aead7e0918a175caf764,20d86f09d4091026b2b72fe2521b0688d0a437cbda79b2ccdaac17130b584011,f50b9e6f9c0031e77a3423a6b0dcc18fe388b4fe0974bec6a51688ac3ebd8ac3,60ca218b38d6dbd33d88b9d3f95cce6a79aec7a82654a206b29b7efed9deabbd;7f86b5547477ad03a5f3f866e021cd42a3970f2e77097ad13e4fefd877066957;7e71f12fa5d4b32811d5235352dd285b5b65ce84cf8e71348332d70554a08579;3e45c06f376cb8f9cfe88fec638596913deb9d22c05262416a75a978b22f5209,true,false,POINT,1002135,1002135,1002135,1002135,1002135,true,false
edition-target:lang:eu-Latn-ES,Basque,eu-Latn-ES,936812.000000,936812.000000,103049.320000,702609.000000,44,91,OUTSIDE,DEFINITE,DIRECT_OR_DERIVED_PERSON_MEASURE,person_need,L-ID_PARTIAL_IDENTIFICATION_ENVELOPE,auth:canonical:canonical:pop:c591f725fcf8e0af6e59fe1f,auth:canonical:canonical:pop:c591f725fcf8e0af6e59fe1f;auth:regional:AMERICAS_EUROPE_EMPIRICAL_NEED_INPUTS:eu-Latn-ES-NC;auth:regional:AMERICAS_EUROPE_EMPIRICAL_NEED_INPUTS:eu-Latn-ES-PV,ADMIT,A_DIRECT_TYPED_PERSON,canonical:pop:c591f725fcf8e0af6e59fe1f,legacy_canonical_population,pop:c591f725fcf8e0af6e59fe1f,language_population_or_context,74c5329afcfbca7cbd6e33f061cc58fd9680e303d8fbd9e964df612d06099902,116fa9e22fd7261e25259c2e3c704e72ac80ffe28d952dce2d0fd5dedb30d8d3,3c7e533818501d0ef46975077fe86162caa410bed7674dd891e8b2fd3672124d,54A50CB248F1867C3D0C70F4163B1FBB0516893497A46D7D2695B1F2EA4D89C9,true,false,POINT,936812,936812,936812,936812,936812,true,false
edition-target:lang:awa-Deva-NP,Awadhi (Nepal),awa-Deva-NP,864276.000000,864276.000000,95070.360000,648207.000000,47,93,OUTSIDE,DEFINITE,DIRECT_OR_DERIVED_PERSON_MEASURE,person_need,L-ID_PARTIAL_IDENTIFICATION_ENVELOPE,auth:canonical:canonical:pop:5beff93e02e8070bb5af630c,auth:canonical:canonical:pop:5beff93e02e8070bb5af630c,ADMIT,A_DIRECT_TYPED_PERSON,canonical:pop:5beff93e02e8070bb5af630c,legacy_canonical_population,pop:5beff93e02e8070bb5af630c,language_population_or_context,6296d33067c428c8cd493928cc585f81d3f618039f4106db43193a0dbbdd2910,ba77d017bbcb6b18c97c2b94b7d8d6776d47ad2c4ad79cb34b0b63cfa89514fc,6523b207f82b6a6589028cd16ccdb2b8e27f18e9bded364dca8754e8052e13ff,CD87291B81AF1ED1EA603E7E87B546F1AFE4B99280BA8CF67C8C8EA7E93F37B3,true,false,POINT,864276,864276,864276,864276,864276,true,false
edition-target:lang:mam-GT,Mam,mam-GT,590641.000000,590641.000000,90958.714000,468968.954000,50,95,OUTSIDE,DEFINITE,DIRECT_OR_DERIVED_PERSON_MEASURE,person_need,L-ID_PARTIAL_IDENTIFICATION_ENVELOPE,auth:canonical:canonical:pop:56b541179f9129b8fbc7fb72,auth:canonical:canonical:pop:56b541179f9129b8fbc7fb72;auth:regional:AMERICAS_EUROPE_EMPIRICAL_NEED_INPUTS:mam-Latn-GT,ADMIT,A_DIRECT_TYPED_PERSON,canonical:pop:56b541179f9129b8fbc7fb72,legacy_canonical_population,pop:56b541179f9129b8fbc7fb72,language_population_or_context,40419142c5b803cdd527fd72a3cc03ae1be932079206f58ddd1fcc1074fead1e,6da97f41b75b51ea346944ca3143b779a8cce14ccc35c518f9b3f1449fc707ee,d488b19126d919a3fa7c179f93f3ae2c492a8e461a411f0a10d1ebb6c6b43dbd,4C646DEC532104F47E31C744EDC13A0E85B3FB2C4FBE2C8C0258AC44CD2B7790,true,false,POINT,,590641,,590641,590641,true,false
edition-target:lang:sn-Latn-ZA,Shona,sn-Latn-ZA,716967.000000,716967.000000,34018.525303,492877.405303,50,118,OUTSIDE,POSSIBLE,DIRECT_OR_DERIVED_PERSON_MEASURE,person_need,L-ID_PARTIAL_IDENTIFICATION_ENVELOPE,auth:canonical:canonical:pop:2d407ad3f659e88495e45953,auth:canonical:canonical:pop:2d407ad3f659e88495e45953,ADMIT,A_DIRECT_TYPED_PERSON,canonical:pop:2d407ad3f659e88495e45953,legacy_canonical_population,pop:2d407ad3f659e88495e45953,language_population_or_context,ebe7e4d67c2a35933c56853476b2901ac553310f969b7a7d5b0291cb7acddd3b,a8f4c13e449425b8e874f4d91d6ef43939e050b352d20185c9ab4793a23a484f,919cc1204ebb2398c9488408b5be37b6782a7d0bf1fd28aa6cd5f9e87a7bfacb,2C921374FAF819D65F19AFCE5DC6240B2EC02F68810144321AC8122FBC516B87,true,false,POINT,,716967,,716967,716967,true,false
edition-target:lang:yua-MX,Maayat’aan,yua-MX,774755.000000,774755.000000,16389.637971,512232.837971,50,134,OUTSIDE,POSSIBLE,DIRECT_OR_DERIVED_PERSON_MEASURE,person_need,L-ID_PARTIAL_IDENTIFICATION_ENVELOPE,auth:canonical:canonical:pop:74895a35a692128b18139fec,auth:canonical:canonical:pop:74895a35a692128b18139fec,ADMIT,A_DIRECT_TYPED_PERSON,canonical:pop:74895a35a692128b18139fec,legacy_canonical_population,pop:74895a35a692128b18139fec,language_population_or_context,f1056f7307bb6114eccb342666bb1c5b1e49a6a7098dda34d76153bc2067dfc8,8d7fdbad9b45ded790849ecbd00bb8ef6c4ed699a0b3e961d60c07760add8c6c,229661f5a5b97ba7846286c1410ca787b9a14002e5ec8c3f84602a76234bbc13,A33A11D9FFC09CABAF9900A0F8AC0C42ADFE2028767AC6406421DC16F59D248D,true,false,POINT,,774755,,774755,774755,true,false
edition-target:lang:zgh-Tfng-MA,Standard Moroccan Amazigh,zgh-Tfng-MA,542781.000000,542781.000000,83588.274000,430968.114000,51,99,OUTSIDE,DEFINITE,DIRECT_OR_DERIVED_PERSON_MEASURE,person_need,L-ID_PARTIAL_IDENTIFICATION_ENVELOPE,auth:regional:AFRICA_EMPIRICAL_NEED_INPUTS:zgh-Tfng-MA,auth:regional:AFRICA_EMPIRICAL_NEED_INPUTS:zgh-Tfng-MA,ADMIT,A_REGIONAL_EXACT_TYPED_PERSON,regional:AFRICA_EMPIRICAL_NEED_INPUTS:zgh-Tfng-MA,AFRICA_EMPIRICAL_NEED_INPUTS,zgh-Tfng-MA,REGIONAL_EMPIRICAL_STRATUM,1e57bdd97b2bad5b3315451f3e401290029b73c15a73ca26958a63c1b8f067ba,abfcf8eeef710f77651b97d6e4b0e92fb39aa64f49eebf4fc3bdff2f52141ff5,8e6533ec50ea8bbe5017f54986e0f22f7ed6c21eacd28a8c9819586790ef834f,9c867376ef264f91548dc260aa051af2e9fe7d9d72f406740272f43f603ca19b;4c696a96db4c5ae2e793738903ec1836327a2f22061a869d4850fc6232ad4a68;fe656e267c7867a015ff16e46ac5d41392d3946446d160ffae49242e65238382;be429100f07248286b4aa24d30de79a919d4b5e480f5d0838cd11909ee4dbc4a;2f1847c3d274e218fa1e451f5994ce59dedab500fa2ec80d158aad7fc5db66c5;14eae57bcfa01db53f20d8561b90aa413b0ff2fcdac800db0c14d1d2fa61aaef;9c33353549fc27a2ca2324fce4a756d339919d730256dd89c7f5b4e7448cf9f0;a4cece4af9a4faeed12675aea814c27c361ae700e854fbb0b716f58b6b5542d6;ce9ed3e99ff8beae8c3ba2cd7069cd3b48397588bf3c0dc755bc3c53b0a943ef;f08a8440b3bcbcc5182faa1cd33b606ff6fe4f68195e2e63badddb3f2b1fd8a4;1116171463655f3000daa67696b5fdad231077d53124aeec2023087d759613f3;1f5f1cfe3b410860ae46e0ad9ba9d5494397fa456f69b516caeeffcde0c4392e,true,false,POINT,,542781,,542781,542781,true,false
edition-target:lang:cy-Latn-GB,Welsh,cy-Latn-GB,538300.000000,538300.000000,14501.254074,359013.254074,53,136,OUTSIDE,POSSIBLE,DIRECT_OR_DERIVED_PERSON_MEASURE,person_need,L-ID_PARTIAL_IDENTIFICATION_ENVELOPE,auth:regional:AMERICAS_EUROPE_EMPIRICAL_NEED_INPUTS:cy-Latn-GB-WLS,auth:canonical:canonical:pop:526c335b85433cc82bd0954a;auth:regional:AMERICAS_EUROPE_EMPIRICAL_NEED_INPUTS:cy-Latn-GB-WLS,ADMIT,A_REGIONAL_EXACT_TYPED_PERSON,regional:AMERICAS_EUROPE_EMPIRICAL_NEED_INPUTS:cy-Latn-GB-WLS,AMERICAS_EUROPE_EMPIRICAL_NEED_INPUTS,cy-Latn-GB-WLS,REGIONAL_EMPIRICAL_STRATUM,ee0132c92a00c72eba415b4f9b85555d0a7e205281cfea16e7474784ba0d1bb7,f63f665ca8d22e0b9b9bb7300531cf628670e45120898a50b9c3102b091f1214,babfa3cf520308ec29c27c1dff5252cdc630879f9c54e7f1d53d52a6dc58ad25,c80cc51906f005058cb8d3315d5572345a66c1bbf3db958c7c9e0df2e0501a86;1be86c7a8c3255ec030be5952e08f524601bb762ccf18db12ca4aa7836b5e719;907213d48db49827e6099f11288cd259a18b996d8fce71f60fe312d5aba0f616;21a6bd841aa3a4d42b47784919e8d02e01c29e6c1ed6545ae20e4f8339f64cd4;7e71f12fa5d4b32811d5235352dd285b5b65ce84cf8e71348332d70554a08579;eea9f7d4560e8753e50550dab0d492d07a031f3677f2c3b90c4ab0baf6f6449d;7b3abc9ebea0cc24c9388babcb42b7f81d7267c89597fae3f81348f87154a612,true,false,POINT,,538300,,538300,538300,true,false
edition-target:lang:tzh-MX,Tseltal,tzh-MX,589144.000000,589144.000000,12463.110109,389515.270109,53,142,OUTSIDE,POSSIBLE,DIRECT_OR_DERIVED_PERSON_MEASURE,person_need,L-ID_PARTIAL_IDENTIFICATION_ENVELOPE,auth:canonical:canonical:pop:5d92b5222c46900120e3dd7a,auth:canonical:canonical:pop:5d92b5222c46900120e3dd7a,ADMIT,A_DIRECT_TYPED_PERSON,canonical:pop:5d92b5222c46900120e3dd7a,legacy_canonical_population,pop:5d92b5222c46900120e3dd7a,language_population_or_context,cf7f2f0b6edbc10d5cc288fb80a6d4f7623ecd124a942ec5a6394edba2e97354,8331bf7ad678ac5fcb2f3be1204b9ce2c27700e7130d2beb3d7c3629829e9730,84fd50da917992c7ea44cdcd3d0bb5187c837dc458b006f2e14a2c73854f6c15,A33A11D9FFC09CABAF9900A0F8AC0C42ADFE2028767AC6406421DC16F59D248D,true,false,POINT,,589144,,589144,589144,true,false
edition-target:lang:tzo-MX,Tsotsil,tzo-MX,550274.000000,550274.000000,11640.830514,363816.190514,53,142,OUTSIDE,POSSIBLE,DIRECT_OR_DERIVED_PERSON_MEASURE,person_need,L-ID_PARTIAL_IDENTIFICATION_ENVELOPE,auth:canonical:canonical:pop:02c4cac428d92de70bae2606,auth:canonical:canonical:pop:02c4cac428d92de70bae2606,ADMIT,A_DIRECT_TYPED_PERSON,canonical:pop:02c4cac428d92de70bae2606,legacy_canonical_population,pop:02c4cac428d92de70bae2606,language_population_or_context,16bd7ca20c2f0cf5805a55c0d4706ea96c1cd2bab3e3f61b03649a17ad08e473,be717036a720e48d354bf107d181be6804f213a356e3075dbf2f3aaa78955f75,c7d9e998de2610570536ba238ec34b8db5510d014c47177ced61b9208107bccf,A33A11D9FFC09CABAF9900A0F8AC0C42ADFE2028767AC6406421DC16F59D248D,true,false,POINT,,550274,,550274,550274,true,false
edition-target:lang:ayr-BO,Bolivian Aymara,ayr-BO,457358.000000,457358.000000,50309.380000,343018.500000,55,107,OUTSIDE,POSSIBLE,DIRECT_OR_DERIVED_PERSON_MEASURE,person_need,L-ID_PARTIAL_IDENTIFICATION_ENVELOPE,auth:canonical:canonical:pop:c106b99899cbaa7a7dff7d35,auth:canonical:canonical:pop:c106b99899cbaa7a7dff7d35,ADMIT,A_DIRECT_TYPED_PERSON,canonical:pop:c106b99899cbaa7a7dff7d35,legacy_canonical_population,pop:c106b99899cbaa7a7dff7d35,language_population_or_context,86e3a0314b915cec98d5ee23fc32b62d7a575dc716321ee2f1808998c0e74b51,da1e7f71639657f3aca727bdd9df2a2724234dd39dc2048a88ae84816161859e,fd44a5fd9a3986f68467fd389e1fb94be2d37e324435b4dc1d00d2e2dbc29854,924EB98438766B0E33568FCC094801EDFB9FEAE19E22C9C5144F895E93424E8F,true,false,POINT,,457358,,457358,457358,true,false
edition-target:lang:ayr-PE,Aymara in Peru,ayr-PE,444389.000000,444389.000000,48882.790000,333291.750000,55,107,OUTSIDE,POSSIBLE,DIRECT_OR_DERIVED_PERSON_MEASURE,person_need,L-ID_PARTIAL_IDENTIFICATION_ENVELOPE,auth:canonical:canonical:pop:718c3cb44e2abc255092f749,auth:canonical:canonical:pop:718c3cb44e2abc255092f749,ADMIT,A_DIRECT_TYPED_PERSON,canonical:pop:718c3cb44e2abc255092f749,legacy_canonical_population,pop:718c3cb44e2abc255092f749,language_population_or_context,5c71f8ed8a3411394be2311a578f8e66ce4004cc7b0363d33c296c3206bbf8e6,754bd7eb99f25952ca154541b78e01578e8009226b0aae69d5778859f2dd4660,b146dbdc002d9c05d63aa373db5a6a4aa25d7c1b21fab008b8e3374c25fe4a17,2D3BFFEB224A6DB10805B60691B871993C4B6F81F4813BA3271FBB83AB30EB96,true,false,POINT,,444389,,444389,444389,true,false
edition-target:lang:cak-GT,Kaqchikel,cak-GT,411089.000000,411089.000000,63307.706000,326404.666000,55,103,OUTSIDE,POSSIBLE,DIRECT_OR_DERIVED_PERSON_MEASURE,person_need,L-ID_PARTIAL_IDENTIFICATION_ENVELOPE,auth:canonical:canonical:pop:7d54223293228859a8359468,auth:canonical:canonical:pop:7d54223293228859a8359468;auth:regional:AMERICAS_EUROPE_EMPIRICAL_NEED_INPUTS:cak-Latn-GT,ADMIT,A_DIRECT_TYPED_PERSON,canonical:pop:7d54223293228859a8359468,legacy_canonical_population,pop:7d54223293228859a8359468,language_population_or_context,55f81de11c5b1ea30d629b5a15bc62fd8276f9757909a3946532c5465744b1bf,2896ec20031459d167f5850a4013d7e99f5be9dcb1264cdf66709957952133a4,600fd3c4fa4a91e63a10be55b392bd6fdfdc32d03229a58a046fe4eb8c81a19e,4C646DEC532104F47E31C744EDC13A0E85B3FB2C4FBE2C8C0258AC44CD2B7790,true,false,POINT,,411089,,411089,411089,true,false
edition-target:lang:swh-Latn-RW,Rwanda Kiswahili,swh-Latn-RW,327438.000000,335729.000000,50425.452000,266568.826000,57,107,OUTSIDE,POSSIBLE,DIRECT_OR_DERIVED_PERSON_MEASURE,person_need,L-ID_PARTIAL_IDENTIFICATION_ENVELOPE,auth:regional:AFRICA_EMPIRICAL_NEED_INPUTS:swh-Latn-RW,auth:regional:AFRICA_EMPIRICAL_NEED_INPUTS:swh-Latn-RW,ADMIT,B_REGIONAL_INTERVAL_TYPED_PERSON,regional:AFRICA_EMPIRICAL_NEED_INPUTS:swh-Latn-RW,AFRICA_EMPIRICAL_NEED_INPUTS,swh-Latn-RW,REGIONAL_EMPIRICAL_STRATUM,e1af8d77b59b32af32905376f60a98a39f3e497df2a560f998186129f6a4cbfc,29a7acff7a9e78cdaecd39033501be1e2b0e20ae610bae977ca3f276182826c1,5aac4fa235db1e0f65bfbfdcb1ed0c9230ee9ee42a332cb078e3a45b3c1a5d9a,48b903fcfe7b1a24b04fa7f63b121ab2cd1a30fd34200bb0b0823991ae097d10;dd1904a904371b3a39661b187ff9cfbd1be22c6c3b2e79d5d860c2bd94d361d9;61d52341ff6f7727cefb30ec29900f0ac40511fb0ac380bb364de29814218c6c;72fd0d7de6d488e6298e38c35438d6780ffbff9888a00ab04377d7dacfbe740a;9c33353549fc27a2ca2324fce4a756d339919d730256dd89c7f5b4e7448cf9f0;a4cece4af9a4faeed12675aea814c27c361ae700e854fbb0b716f58b6b5542d6;ce9ed3e99ff8beae8c3ba2cd7069cd3b48397588bf3c0dc755bc3c53b0a943ef;f08a8440b3bcbcc5182faa1cd33b606ff6fe4f68195e2e63badddb3f2b1fd8a4;1116171463655f3000daa67696b5fdad231077d53124aeec2023087d759613f3;1f5f1cfe3b410860ae46e0ad9ba9d5494397fa456f69b516caeeffcde0c4392e,true,false,INTERVAL,327438,331583,335729,327438,335729,true,false
edition-target:lang:tet-Latn-TL,Tetun Prasa,tet-Latn-TL,361027.000000,361027.000000,39712.970000,270770.250000,57,115,OUTSIDE,POSSIBLE,DIRECT_OR_DERIVED_PERSON_MEASURE,person_need,L-ID_PARTIAL_IDENTIFICATION_ENVELOPE,auth:canonical:canonical:pop:1fc814504dc4aaaeb4aa8518,auth:canonical:canonical:pop:1fc814504dc4aaaeb4aa8518,ADMIT,A_DIRECT_TYPED_PERSON,canonical:pop:1fc814504dc4aaaeb4aa8518,legacy_canonical_population,pop:1fc814504dc4aaaeb4aa8518,language_population_or_context,0d9bae981dfb07d2dca4b5fcb093314042326037a0c3fcc988bda6930948d8ce,4e849a5d8d6dc976845e15d62588375bd597cc2bafb8505c3b9bbf5215256434,b75451f95f5328a7cf1222edfa388bd5d24f6a06f23471868e91693dda2cd0eb,085656567BA1C231EA086EA6868221DD26261B344839681F32510E035ABFAFF8,true,false,POINT,,361027,,361027,361027,true,false
edition-target:regional:ru-Cyrl-EE,Russian mother-tongue population in Estonia,ru-Cyrl-EE,379210.000000,379210.000000,58398.340000,301092.740000,57,103,OUTSIDE,POSSIBLE,DIRECT_OR_DERIVED_PERSON_MEASURE,person_need,L-ID_PARTIAL_IDENTIFICATION_ENVELOPE,auth:regional:AMERICAS_EUROPE_EMPIRICAL_NEED_INPUTS:ru-Cyrl-EE,auth:regional:AMERICAS_EUROPE_EMPIRICAL_NEED_INPUTS:ru-Cyrl-EE,ADMIT,A_REGIONAL_EXACT_TYPED_PERSON,regional:AMERICAS_EUROPE_EMPIRICAL_NEED_INPUTS:ru-Cyrl-EE,AMERICAS_EUROPE_EMPIRICAL_NEED_INPUTS,ru-Cyrl-EE,REGIONAL_EMPIRICAL_STRATUM,5daef678045cf431978ada08aa55e5b2031ea5f6432379ae1e68aa3ae1fca77f,a6916962216f3f75742f75a6b31dee16b4111778d5c80fcd48dcea68aac50333,4e648ae06a83fc5e09a95d4fe1cb20b2389e5eceac0cd90cd23eff9cba7c4449,5562b17f65fbe87f6750b6c61cfd846887cd826dd7080b155a7686f668c8cdfc;d68956ea07101c79a930314cd97b42e14008586f3f17ba86bcbd514355e0ad3d;457afb7c04ff3261e9ae787c9c1be046fb63c71936855b97bacf6b60cd363cb3;7e71f12fa5d4b32811d5235352dd285b5b65ce84cf8e71348332d70554a08579;eea9f7d4560e8753e50550dab0d492d07a031f3677f2c3b90c4ab0baf6f6449d;7b3abc9ebea0cc24c9388babcb42b7f81d7267c89597fae3f81348f87154a612,true,false,POINT,,379210,,379210,379210,true,false
edition-target:lang:ctu-MX,Chol,ctu-MX,254715.000000,254715.000000,5388.395861,168405.995861,61,160,OUTSIDE,POSSIBLE,DIRECT_OR_DERIVED_PERSON_MEASURE,person_need,L-ID_PARTIAL_IDENTIFICATION_ENVELOPE,auth:canonical:canonical:pop:dd30e4e76fd221a92624b236,auth:canonical:canonical:pop:dd30e4e76fd221a92624b236,ADMIT,A_DIRECT_TYPED_PERSON,canonical:pop:dd30e4e76fd221a92624b236,legacy_canonical_population,pop:dd30e4e76fd221a92624b236,language_population_or_context,b6d7be50f60c216e6a4dc5792864ac6938dd5cdec1afee95ba0174bf8f018d8f,13aa22500f8f2fe7a0444391dce7e8d361ce9805cccbcb387810a87fa79d4928,c3d3fde2f4816bf88170cf3cf7d10ff99099765ae6ba771d991259f7677931b1,A33A11D9FFC09CABAF9900A0F8AC0C42ADFE2028767AC6406421DC16F59D248D,true,false,POINT,,254715,,254715,254715,true,false
edition-target:lang:mag-Deva-NP,Magahi,mag-Deva-NP,230117.000000,230117.000000,25312.870000,172587.750000,61,127,OUTSIDE,POSSIBLE,DIRECT_OR_DERIVED_PERSON_MEASURE,person_need,L-ID_PARTIAL_IDENTIFICATION_ENVELOPE,auth:canonical:canonical:pop:034692087acb25c6eafbc401,auth:canonical:canonical:pop:034692087acb25c6eafbc401,ADMIT,A_DIRECT_TYPED_PERSON,canonical:pop:034692087acb25c6eafbc401,legacy_canonical_population,pop:034692087acb25c6eafbc401,language_population_or_context,6c9b491cdbaf379eebca3cac61ca161ba58cbfecf00ab899ed9583a286af6726,081be0724531b1548014a3492e5463c512e4e8d5ac2cedb7bce17e0679f8faf7,d9d7ae7f04a07244ca14e68f259c257be4fec224ca89dd25179aa1c258359473,CD87291B81AF1ED1EA603E7E87B546F1AFE4B99280BA8CF67C8C8EA7E93F37B3,true,false,POINT,230117,230117,230117,230117,230117,true,false
edition-target:lang:mgm-Latn-TL,Mambai,mgm-Latn-TL,195778.000000,195778.000000,21535.580000,146833.500000,63,129,OUTSIDE,POSSIBLE,DIRECT_OR_DERIVED_PERSON_MEASURE,person_need,L-ID_PARTIAL_IDENTIFICATION_ENVELOPE,auth:canonical:canonical:pop:f6619caf8327caf3d2a22960,auth:canonical:canonical:pop:f6619caf8327caf3d2a22960;auth:regional:OCEANIA_CENTRAL_ASIA_EMPIRICAL_INPUTS:mgm-Latn-TL,ADMIT,A_DIRECT_TYPED_PERSON,canonical:pop:f6619caf8327caf3d2a22960,legacy_canonical_population,pop:f6619caf8327caf3d2a22960,language_population_or_context,c715f4ef94e4bba1c9114a2ca5dae0ce9299f59e9b37803b04ff061b70a224e8,02013978e9de71331dbd9080b782be0fa45a77d5a561fcc82127e0676a1e06cf,71aabf61b09561f81d80eac22c8bb3569ed8b6dc7a0478cb33dd5ba264f4660a,085656567BA1C231EA086EA6868221DD26261B344839681F32510E035ABFAFF8,true,false,POINT,,195778,,195778,195778,true,false
edition-target:lang:mi-Latn-NZ,Maori,mi-Latn-NZ,213849.000000,213849.000000,23523.390000,160386.750000,63,128,OUTSIDE,POSSIBLE,DIRECT_OR_DERIVED_PERSON_MEASURE,person_need,L-ID_PARTIAL_IDENTIFICATION_ENVELOPE,auth:canonical:canonical:pop:336d98a6d4f1f727b401fb9c,auth:canonical:canonical:pop:336d98a6d4f1f727b401fb9c;auth:regional:OCEANIA_CENTRAL_ASIA_EMPIRICAL_INPUTS:mi-Latn-NZ,ADMIT,A_DIRECT_TYPED_PERSON,canonical:pop:336d98a6d4f1f727b401fb9c,legacy_canonical_population,pop:336d98a6d4f1f727b401fb9c,language_population_or_context,80d767c402f9d31775bad09ee57158f1cd4246dea957abb786c28246ba3bf0a9,e97d0b73de209a3d5af7d02118715d49b1c78518fd5b85f61bb1b81343db5859,8a1605af232e8f91e2120fbfd41a6927e2cb167b821ee92819e8c7f1a0e04453,BD3026B734E96CCA7936D3365171B291F35C6F9E2B1CE74D31B688DABD477D85,true,false,POINT,213849,213849,213849,213849,213849,true,false
edition-target:lang:bzj-BZ,Belize Kriol,bzj-BZ,180792.000000,180792.000000,27841.968000,143548.848000,64,123,OUTSIDE,POSSIBLE,DIRECT_OR_DERIVED_PERSON_MEASURE,person_need,L-ID_PARTIAL_IDENTIFICATION_ENVELOPE,auth:regional:AMERICAS_EUROPE_EMPIRICAL_NEED_INPUTS:bzj-Latn-BZ,auth:regional:AMERICAS_EUROPE_EMPIRICAL_NEED_INPUTS:bzj-Latn-BZ,ADMIT,A_REGIONAL_EXACT_TYPED_PERSON,regional:AMERICAS_EUROPE_EMPIRICAL_NEED_INPUTS:bzj-Latn-BZ,AMERICAS_EUROPE_EMPIRICAL_NEED_INPUTS,bzj-Latn-BZ,REGIONAL_EMPIRICAL_STRATUM,49228d1cf6432f1ecb1790c6aa9fe48692f6e3c2c3499195a91766bf5d0c5e13,f782335bd602ae254a171effd94411eaa4302b0dfdcd61a5965ac96ee0291402,6a92f87f68a09efb67736ae52c5a68e44c2bb3faac7636d7124543ffcb1ef8c9,ebc5d2686804d589d63fb5573f4a89712b037767b14762fb84ce78ad00dc0a7c;63fb79128cdc9d879b78bf4d5595fe1de8c341eb93dbfc2dce6162e38dbf374c;8120a4e9f9d13bac66e71a632a8b68fc4ee0c9d888a0d4fdac7b73d821974d66;91ed6f78387f9c08e72331ac7d5740ff4b6aec79387f7bb4715dd09c3e90bc0a;7e71f12fa5d4b32811d5235352dd285b5b65ce84cf8e71348332d70554a08579,true,false,POINT,180792,180792,180792,180792,180792,true,false
edition-target:lang:kjb-GT,Q’anjob’al,kjb-GT,166261.000000,166261.000000,18288.710000,124695.750000,68,131,OUTSIDE,POSSIBLE,DIRECT_OR_DERIVED_PERSON_MEASURE,person_need,L-ID_PARTIAL_IDENTIFICATION_ENVELOPE,auth:canonical:canonical:pop:79cbadc85977c341fee6db2f,auth:canonical:canonical:pop:79cbadc85977c341fee6db2f;auth:regional:AMERICAS_EUROPE_EMPIRICAL_NEED_INPUTS:kjb-Latn-GT,ADMIT,A_DIRECT_TYPED_PERSON,canonical:pop:79cbadc85977c341fee6db2f,legacy_canonical_population,pop:79cbadc85977c341fee6db2f,language_population_or_context,bc69deb3fb7d461470c6ded57c214cb5684b7c15e941e80d06219ec4cd501f1b,5fd87bcafe09dc2ae50715942d374c895d69cad7cb5fed9553df1a6453d15773,2c08c7341643ec398b35f93929930e1ed7655fb87936c1b37437be1a443c63c3,4C646DEC532104F47E31C744EDC13A0E85B3FB2C4FBE2C8C0258AC44CD2B7790,true,false,POINT,,166261,,166261,166261,true,false
edition-target:regional:nah-huasteca-hidalguense-Latn-MX,Mexicano de la Huasteca hidalguense,nah-huasteca-hidalguense-Latn-MX,195770.000000,195770.000000,4141.437520,129434.237520,68,170,OUTSIDE,POSSIBLE,DIRECT_OR_DERIVED_PERSON_MEASURE,person_need,L-ID_PARTIAL_IDENTIFICATION_ENVELOPE,auth:regional:AMERICAS_EUROPE_EMPIRICAL_NEED_INPUTS:nah-huasteca-hidalguense-Latn-MX,auth:regional:AMERICAS_EUROPE_EMPIRICAL_NEED_INPUTS:nah-huasteca-hidalguense-Latn-MX,ADMIT,A_REGIONAL_EXACT_TYPED_PERSON,regional:AMERICAS_EUROPE_EMPIRICAL_NEED_INPUTS:nah-huasteca-hidalguense-Latn-MX,AMERICAS_EUROPE_EMPIRICAL_NEED_INPUTS,nah-huasteca-hidalguense-Latn-MX,REGIONAL_EMPIRICAL_STRATUM,682fddebb9a9c18c57996db30e216609df9d1189a48999c7e52bdf1c0a61dec1,7d55a5f9e732eb8c1f764b7a5a5d94c59656d8c324471206ffde7a77d82dbc06,ebee1e0aba796db3fe94c9757a6e0ad3dca518f716bc4e12a02b48bf23edfcc0,4123ed823122176c1bef6945dc39949d2e15a1878e280bfa299180b4640538ca;911deb36a0f3e8e7d16064d049431821461e16a065d2e17a75593a265e63093e;4e641a703aef367444cb80fb65e8a9de4bdc3ee0030b6af04da5be43d7d15cdc;4bcfee26bf928ba1873b11464cc67971876216d3b9e6e364a253c1f65fe1c32b;72fa9f5310d8320480dd71bbf7c5afcb6ba8e563fd0f255c2c6c888203574b86;1cf6784c00e1387887a6f62822885b4db4171b54d010d96dfbd74e6782572d5e;7e71f12fa5d4b32811d5235352dd285b5b65ce84cf8e71348332d70554a08579;eea9f7d4560e8753e50550dab0d492d07a031f3677f2c3b90c4ab0baf6f6449d;7b3abc9ebea0cc24c9388babcb42b7f81d7267c89597fae3f81348f87154a612,true,false,POINT,,195770,,195770,195770,true,false
edition-target:lang:nav-US,Diné Bizaad,nav-US,161174.000000,161174.000000,0.000000,100449.544886,70,204,OUTSIDE,POSSIBLE,DIRECT_OR_DERIVED_PERSON_MEASURE,person_need,L-ID_PARTIAL_IDENTIFICATION_ENVELOPE,auth:canonical:canonical:pop:cc607bc6838ff4211cf2ec30,auth:canonical:canonical:pop:cc607bc6838ff4211cf2ec30,ADMIT,A_DIRECT_TYPED_PERSON,canonical:pop:cc607bc6838ff4211cf2ec30,legacy_canonical_population,pop:cc607bc6838ff4211cf2ec30,language_population_or_context,cd3a2096686b1bf3015e9a644424a4975f24e6d743f1df08b34d5f9b94929015,c6836c0a8ad51de376cdb9254f914057f26bd512f922cad8d4fb75d84626017f,20cd245ddf2de352c51b1e23315be1c10584a804768a1a4e556196eff6a50cfe,581629BCBC088D010C7DEDCFA35BA44C4BEC54C56AC1DD4DCB3E219418069DDB,true,false,POINT,,161174,,161174,161174,true,false
edition-target:lang:poh-GT,Poqomchi’,poh-GT,133074.000000,133074.000000,14638.140000,99805.500000,70,136,OUTSIDE,POSSIBLE,DIRECT_OR_DERIVED_PERSON_MEASURE,person_need,L-ID_PARTIAL_IDENTIFICATION_ENVELOPE,auth:canonical:canonical:pop:ced1a14b6775629fe2b395e3,auth:canonical:canonical:pop:ced1a14b6775629fe2b395e3;auth:regional:AMERICAS_EUROPE_EMPIRICAL_NEED_INPUTS:poh-Latn-GT,ADMIT,A_DIRECT_TYPED_PERSON,canonical:pop:ced1a14b6775629fe2b395e3,legacy_canonical_population,pop:ced1a14b6775629fe2b395e3,language_population_or_context,fe1c588ca6fa5d4752a57a5048797c243e3925ada05377dddc140fb9c8c4a31c,b1c6433529690589cdc3e5e2828bfd976a0e548412b0b05d9b760ab8446e2cc8,c11d8a6d0455074d226a6bb0acdf2caee2d5ab38a4870648e0289517123f9249,4C646DEC532104F47E31C744EDC13A0E85B3FB2C4FBE2C8C0258AC44CD2B7790,true,false,POINT,,133074,,133074,133074,true,false
edition-target:lang:acr-GT,Achi,acr-GT,124338.000000,124338.000000,13677.180000,93253.500000,71,136,OUTSIDE,POSSIBLE,DIRECT_OR_DERIVED_PERSON_MEASURE,person_need,L-ID_PARTIAL_IDENTIFICATION_ENVELOPE,auth:canonical:canonical:pop:2a8065ee99c2977b6ca489e4,auth:canonical:canonical:pop:2a8065ee99c2977b6ca489e4;auth:regional:AMERICAS_EUROPE_EMPIRICAL_NEED_INPUTS:acr-Latn-GT,ADMIT,A_DIRECT_TYPED_PERSON,canonical:pop:2a8065ee99c2977b6ca489e4,legacy_canonical_population,pop:2a8065ee99c2977b6ca489e4,language_population_or_context,cdc7b827d62ca148a397615b62180910d284457697d938cfc8dc15d42a2520b0,85d4ce031409fdee0f21ccb47b4e86f04d5f1e9d0655f850c9a24462f863baa1,e8898ec41169dd738798cc9b7e6bfe097c576256b1c597fdbec1659f942cc26e,4C646DEC532104F47E31C744EDC13A0E85B3FB2C4FBE2C8C0258AC44CD2B7790,true,false,POINT,,124338,,124338,124338,true,false
edition-target:lang:mkz-Latn-TL,Makasae,mkz-Latn-TL,123840.000000,123840.000000,13622.400000,92880.000000,71,136,OUTSIDE,POSSIBLE,DIRECT_OR_DERIVED_PERSON_MEASURE,person_need,L-ID_PARTIAL_IDENTIFICATION_ENVELOPE,auth:canonical:canonical:pop:607c7246ca92e1c71804bcec,auth:canonical:canonical:pop:607c7246ca92e1c71804bcec;auth:regional:OCEANIA_CENTRAL_ASIA_EMPIRICAL_INPUTS:mkz-Latn-TL,ADMIT,A_DIRECT_TYPED_PERSON,canonical:pop:607c7246ca92e1c71804bcec,legacy_canonical_population,pop:607c7246ca92e1c71804bcec,language_population_or_context,ac845877c0a9886c8e80d50406bae825250f0756a8c3725d079d5d0daa42c1c3,05edce4f0eddecce58dd89a3020f6067904527c24632e9d261476258abad9421,92a1b82be8b81e9567ef386ac6f3912735aae1760090d2433a6044d9a9591c17,085656567BA1C231EA086EA6868221DD26261B344839681F32510E035ABFAFF8,true,false,POINT,,123840,,123840,123840,true,false
edition-target:lang:ixl-GT,Ixil,ixl-GT,114997.000000,114997.000000,12649.670000,86247.750000,72,139,OUTSIDE,POSSIBLE,DIRECT_OR_DERIVED_PERSON_MEASURE,person_need,L-ID_PARTIAL_IDENTIFICATION_ENVELOPE,auth:canonical:canonical:pop:8b058efc7ea0d98e7600a46a,auth:canonical:canonical:pop:8b058efc7ea0d98e7600a46a;auth:regional:AMERICAS_EUROPE_EMPIRICAL_NEED_INPUTS:ixl-Latn-GT,ADMIT,A_DIRECT_TYPED_PERSON,canonical:pop:8b058efc7ea0d98e7600a46a,legacy_canonical_population,pop:8b058efc7ea0d98e7600a46a,language_population_or_context,57a728338f2ebe0f42080ada96e6d69d3c3cfedebaad45bf35b8fcd7fc4dbcd5,8c74682c12d3e751ef7c07588ab598402447ed20c46e1b40fc69985ef5ef7767,79d540c4e0841c8359084a3357471dbb2ef9d68578a54e26417cd2c0a8840758,4C646DEC532104F47E31C744EDC13A0E85B3FB2C4FBE2C8C0258AC44CD2B7790,true,false,POINT,,114997,,114997,114997,true,false
edition-target:lang:pap-CW,Curaçao Papiamentu,pap-CW,114975.000000,115122.000000,12647.250000,86341.500000,72,139,OUTSIDE,POSSIBLE,DIRECT_OR_DERIVED_PERSON_MEASURE,person_need,L-ID_PARTIAL_IDENTIFICATION_ENVELOPE,auth:regional:AMERICAS_EUROPE_EMPIRICAL_NEED_INPUTS:pap-Latn-CW,auth:regional:AMERICAS_EUROPE_EMPIRICAL_NEED_INPUTS:pap-Latn-CW,ADMIT,B_REGIONAL_INTERVAL_TYPED_PERSON,regional:AMERICAS_EUROPE_EMPIRICAL_NEED_INPUTS:pap-Latn-CW,AMERICAS_EUROPE_EMPIRICAL_NEED_INPUTS,pap-Latn-CW,REGIONAL_EMPIRICAL_STRATUM,4e14f1fdb2a3f922377a21dae6c2cd4dd7d05ffbaae75c4ddd0df5cb138713ba,d22c7ec897c9a0746864121d496f1d54a1c736f656ccadb911db8191f930bd41,f6e2079c00d09274376e02deebd1e5f359d6c791c33c5fcd052ba9c683d1a421,15f5d85d44fb7363776bf36877b5916b8676e43262cd8c0cbfe0cc8d5b591398;8120a4e9f9d13bac66e71a632a8b68fc4ee0c9d888a0d4fdac7b73d821974d66;91ed6f78387f9c08e72331ac7d5740ff4b6aec79387f7bb4715dd09c3e90bc0a;7e71f12fa5d4b32811d5235352dd285b5b65ce84cf8e71348332d70554a08579;eea9f7d4560e8753e50550dab0d492d07a031f3677f2c3b90c4ab0baf6f6449d;7b3abc9ebea0cc24c9388babcb42b7f81d7267c89597fae3f81348f87154a612,true,false,INTERVAL,114975,115048,115122,114975,115122,true,false
edition-target:regional:nah-huasteca-potosina-Latn-MX,Náhuatl de la Huasteca potosina,nah-huasteca-potosina-Latn-MX,133234.000000,133234.000000,2818.512982,88088.272982,72,181,OUTSIDE,POSSIBLE,DIRECT_OR_DERIVED_PERSON_MEASURE,person_need,L-ID_PARTIAL_IDENTIFICATION_ENVELOPE,auth:regional:AMERICAS_EUROPE_EMPIRICAL_NEED_INPUTS:nah-huasteca-potosina-Latn-MX,auth:regional:AMERICAS_EUROPE_EMPIRICAL_NEED_INPUTS:nah-huasteca-potosina-Latn-MX,ADMIT,A_REGIONAL_EXACT_TYPED_PERSON,regional:AMERICAS_EUROPE_EMPIRICAL_NEED_INPUTS:nah-huasteca-potosina-Latn-MX,AMERICAS_EUROPE_EMPIRICAL_NEED_INPUTS,nah-huasteca-potosina-Latn-MX,REGIONAL_EMPIRICAL_STRATUM,37cd378cff9c32e3ba29073c05c2243110ab63de70ed41a1873546d469c8f46b,6131c8c866a3afdcbd912f40c6506165c87c05d694cc52795c20e7d4c9bb54ab,b1f5613f189806c61e732e0d4206c509f1b8ed4085d01705237ec4abe5f93241,4123ed823122176c1bef6945dc39949d2e15a1878e280bfa299180b4640538ca;911deb36a0f3e8e7d16064d049431821461e16a065d2e17a75593a265e63093e;4e641a703aef367444cb80fb65e8a9de4bdc3ee0030b6af04da5be43d7d15cdc;4bcfee26bf928ba1873b11464cc67971876216d3b9e6e364a253c1f65fe1c32b;72fa9f5310d8320480dd71bbf7c5afcb6ba8e563fd0f255c2c6c888203574b86;1cf6784c00e1387887a6f62822885b4db4171b54d010d96dfbd74e6782572d5e;7e71f12fa5d4b32811d5235352dd285b5b65ce84cf8e71348332d70554a08579;eea9f7d4560e8753e50550dab0d492d07a031f3677f2c3b90c4ab0baf6f6449d;7b3abc9ebea0cc24c9388babcb42b7f81d7267c89597fae3f81348f87154a612,true,false,POINT,,133234,,133234,133234,true,false
edition-target:regional:nah-sierra-noreste-puebla-Latn-MX,Náhuatl de la Sierra noreste de Puebla,nah-sierra-noreste-puebla-Latn-MX,134737.000000,134737.000000,2850.308357,89081.988357,72,181,OUTSIDE,POSSIBLE,DIRECT_OR_DERIVED_PERSON_MEASURE,person_need,L-ID_PARTIAL_IDENTIFICATION_ENVELOPE,auth:regional:AMERICAS_EUROPE_EMPIRICAL_NEED_INPUTS:nah-sierra-noreste-puebla-Latn-MX,auth:regional:AMERICAS_EUROPE_EMPIRICAL_NEED_INPUTS:nah-sierra-noreste-puebla-Latn-MX,ADMIT,A_REGIONAL_EXACT_TYPED_PERSON,regional:AMERICAS_EUROPE_EMPIRICAL_NEED_INPUTS:nah-sierra-noreste-puebla-Latn-MX,AMERICAS_EUROPE_EMPIRICAL_NEED_INPUTS,nah-sierra-noreste-puebla-Latn-MX,REGIONAL_EMPIRICAL_STRATUM,74fc8ea77f7b061b4a9f8075f59b1c41330f991216f2705e4cfd0ebe7c6067ac,62665907b73baa942ed611ceb11c82bfc2aab96de960204c8caf219d06d971dc,69088a969155f483065200974e4ac6e963a6e0606439ebe2ec9b59e1814444c6,4123ed823122176c1bef6945dc39949d2e15a1878e280bfa299180b4640538ca;911deb36a0f3e8e7d16064d049431821461e16a065d2e17a75593a265e63093e;4e641a703aef367444cb80fb65e8a9de4bdc3ee0030b6af04da5be43d7d15cdc;4bcfee26bf928ba1873b11464cc67971876216d3b9e6e364a253c1f65fe1c32b;72fa9f5310d8320480dd71bbf7c5afcb6ba8e563fd0f255c2c6c888203574b86;1cf6784c00e1387887a6f62822885b4db4171b54d010d96dfbd74e6782572d5e;7e71f12fa5d4b32811d5235352dd285b5b65ce84cf8e71348332d70554a08579;eea9f7d4560e8753e50550dab0d492d07a031f3677f2c3b90c4ab0baf6f6449d;7b3abc9ebea0cc24c9388babcb42b7f81d7267c89597fae3f81348f87154a612,true,false,POINT,,134737,,134737,134737,true,false
edition-target:lang:crs-Latn-SC,Kreol Seselwa,crs-Latn-SC,87272.000000,87374.000000,13439.888000,69374.956000,73,136,OUTSIDE,POSSIBLE,DIRECT_OR_DERIVED_PERSON_MEASURE,person_need,L-ID_PARTIAL_IDENTIFICATION_ENVELOPE,auth:regional:OCEANIA_CENTRAL_ASIA_EMPIRICAL_INPUTS:crs-Latn-SC,auth:regional:OCEANIA_CENTRAL_ASIA_EMPIRICAL_INPUTS:crs-Latn-SC,ADMIT,B_REGIONAL_INTERVAL_TYPED_PERSON,regional:OCEANIA_CENTRAL_ASIA_EMPIRICAL_INPUTS:crs-Latn-SC,OCEANIA_CENTRAL_ASIA_EMPIRICAL_INPUTS,crs-Latn-SC,REGIONAL_EMPIRICAL_STRATUM,c36ec695cef310465f0b04b19b26a8479559b6a7063714cf596b5aad1493a641,65856b8c0ec9ec9978ed5ea553d2423c9748ce2b0d62f527af1ae2ae1a7dc840,1dfbe757e3bffa0e03c7d0ae777981c89643045441c6ce79a6f6d350b1b8dbec,8cd241684680fc7bc877218c780828ebd7fc7d00d04ac01e43ddcaaf9ba0efc8;f0c402cca78dc705015e96aa9b70a1dde0eb23fdf5e16a4fa4d37d762ef94483;a12eb2a8b5e0603717737fc260462549d187af0e89f69f6337551173c0cd041b;7e71f12fa5d4b32811d5235352dd285b5b65ce84cf8e71348332d70554a08579;3e45c06f376cb8f9cfe88fec638596913deb9d22c05262416a75a978b22f5209,true,false,INTERVAL,87272,87323,87374,87272,87374,true,false
edition-target:lang:pis-Latn-SB,Solomon Islands Pijin,pis-Latn-SB,101588.000000,101588.000000,15644.552000,80660.872000,73,136,OUTSIDE,POSSIBLE,DIRECT_OR_DERIVED_PERSON_MEASURE,person_need,L-ID_PARTIAL_IDENTIFICATION_ENVELOPE,auth:canonical:canonical:pop:d79e422b4e68a9b093d4fc64,auth:canonical:canonical:pop:d79e422b4e68a9b093d4fc64;auth:regional:OCEANIA_CENTRAL_ASIA_EMPIRICAL_INPUTS:pis-Latn-SB,ADMIT,A_DIRECT_TYPED_PERSON,canonical:pop:d79e422b4e68a9b093d4fc64,legacy_canonical_population,pop:d79e422b4e68a9b093d4fc64,language_population_or_context,c7102c5b0ce338ff9648e194a52834c7fd9eccd6b8b85107d6702349a030efbf,6eb20846bb5dbfc98f69a4889c2cdfc34c7351c2dcab28ca7e595b1272259263,cb0331d2a2cb04fbdbb3d9c46b2c3c7eebd19ecf9955fc58861da52cd3d69fc8,7743F119694B2A26DB16FAC77B3DE2E5BEF758F578B4744317930CE14586680B,true,false,POINT,101588,101588,101588,101588,101588,true,false
edition-target:regional:chol-northwest-Latn-MX,Chol del noroeste in Mexico,chol-northwest-Latn-MX,117379.000000,117379.000000,2483.106679,77605.666679,73,183,OUTSIDE,POSSIBLE,DIRECT_OR_DERIVED_PERSON_MEASURE,person_need,L-ID_PARTIAL_IDENTIFICATION_ENVELOPE,auth:regional:AMERICAS_EUROPE_EMPIRICAL_NEED_INPUTS:chol-northwest-Latn-MX,auth:regional:AMERICAS_EUROPE_EMPIRICAL_NEED_INPUTS:chol-northwest-Latn-MX,ADMIT,A_REGIONAL_EXACT_TYPED_PERSON,regional:AMERICAS_EUROPE_EMPIRICAL_NEED_INPUTS:chol-northwest-Latn-MX,AMERICAS_EUROPE_EMPIRICAL_NEED_INPUTS,chol-northwest-Latn-MX,REGIONAL_EMPIRICAL_STRATUM,998b59b31223bebffd3800f615b6204b369bddc0eb3031dc59858de4df80be47,cf81e6a21c1ef9546afd7c68bb944b22593123c5de0116b8f8f1dddee7bee8e3,96c77ed9cf4862f6bb39512c1a885e9f1e5d46d62018ee4294d2c1727ee2b862,4e641a703aef367444cb80fb65e8a9de4bdc3ee0030b6af04da5be43d7d15cdc;4bcfee26bf928ba1873b11464cc67971876216d3b9e6e364a253c1f65fe1c32b;e24d06eb98d306e3cc02fa8b12f6ecc2e0e6d8a932739eaad977d8ccb97ca1a2;7e71f12fa5d4b32811d5235352dd285b5b65ce84cf8e71348332d70554a08579,true,false,POINT,,117379,,117379,117379,true,false
edition-target:regional:nah-mexicano-guerrero-Latn-MX,Mexicano de Guerrero,nah-mexicano-guerrero-Latn-MX,124762.000000,124762.000000,2639.291147,82486.971147,73,183,OUTSIDE,POSSIBLE,DIRECT_OR_DERIVED_PERSON_MEASURE,person_need,L-ID_PARTIAL_IDENTIFICATION_ENVELOPE,auth:regional:AMERICAS_EUROPE_EMPIRICAL_NEED_INPUTS:nah-mexicano-guerrero-Latn-MX,auth:regional:AMERICAS_EUROPE_EMPIRICAL_NEED_INPUTS:nah-mexicano-guerrero-Latn-MX,ADMIT,A_REGIONAL_EXACT_TYPED_PERSON,regional:AMERICAS_EUROPE_EMPIRICAL_NEED_INPUTS:nah-mexicano-guerrero-Latn-MX,AMERICAS_EUROPE_EMPIRICAL_NEED_INPUTS,nah-mexicano-guerrero-Latn-MX,REGIONAL_EMPIRICAL_STRATUM,194ea57c0d40ae4457d43c8c039fc0d1f92bec2092bf18e289da3263ac41e6f8,b163a02d370be7bfc33428f91b180dfb245115bc9170b77f91adaa840ac43157,a5d398b98597a3332ea9656fd54c74e7958f190119c55022bb4efc6b0d81da9e,4123ed823122176c1bef6945dc39949d2e15a1878e280bfa299180b4640538ca;911deb36a0f3e8e7d16064d049431821461e16a065d2e17a75593a265e63093e;4e641a703aef367444cb80fb65e8a9de4bdc3ee0030b6af04da5be43d7d15cdc;4bcfee26bf928ba1873b11464cc67971876216d3b9e6e364a253c1f65fe1c32b;72fa9f5310d8320480dd71bbf7c5afcb6ba8e563fd0f255c2c6c888203574b86;1cf6784c00e1387887a6f62822885b4db4171b54d010d96dfbd74e6782572d5e;7e71f12fa5d4b32811d5235352dd285b5b65ce84cf8e71348332d70554a08579;eea9f7d4560e8753e50550dab0d492d07a031f3677f2c3b90c4ab0baf6f6449d;7b3abc9ebea0cc24c9388babcb42b7f81d7267c89597fae3f81348f87154a612,true,false,POINT,,124762,,124762,124762,true,false
edition-target:lang:kem-Latn-TL,Kemak,kem-Latn-TL,68995.000000,68995.000000,7589.450000,51746.250000,75,151,OUTSIDE,POSSIBLE,DIRECT_OR_DERIVED_PERSON_MEASURE,person_need,L-ID_PARTIAL_IDENTIFICATION_ENVELOPE,auth:canonical:canonical:pop:04b6889e80d1ae18e50eb6fd,auth:canonical:canonical:pop:04b6889e80d1ae18e50eb6fd,ADMIT,A_DIRECT_TYPED_PERSON,canonical:pop:04b6889e80d1ae18e50eb6fd,legacy_canonical_population,pop:04b6889e80d1ae18e50eb6fd,language_population_or_context,79ec209c5ca93cd9bd27b8865330fbc815f98a79e02683ff5c47269a6714ef9f,24cd126f869b97b2eb269e454bd10c76ccdedafbd7c1e6c527aa87bb4a06ac5a,dacac8decdad404e5497bbd6df0a594f80cca71a460bebfe0320caa7cd552376,085656567BA1C231EA086EA6868221DD26261B344839681F32510E035ABFAFF8,true,false,POINT,,68995,,68995,68995,true,false
edition-target:lang:pap-AW,Aruba Papiamento,pap-AW,69354.000000,69354.000000,10680.516000,55067.076000,75,143,OUTSIDE,POSSIBLE,DIRECT_OR_DERIVED_PERSON_MEASURE,person_need,L-ID_PARTIAL_IDENTIFICATION_ENVELOPE,auth:regional:AMERICAS_EUROPE_EMPIRICAL_NEED_INPUTS:pap-Latn-AW,auth:regional:AMERICAS_EUROPE_EMPIRICAL_NEED_INPUTS:pap-Latn-AW,ADMIT,A_REGIONAL_EXACT_TYPED_PERSON,regional:AMERICAS_EUROPE_EMPIRICAL_NEED_INPUTS:pap-Latn-AW,AMERICAS_EUROPE_EMPIRICAL_NEED_INPUTS,pap-Latn-AW,REGIONAL_EMPIRICAL_STRATUM,4a3f7e29bc5d86ff155c60a002def875746a4019f612ed5f3668b72160e96d6e,6bf562dbf74e7104e2bddc96a5c9ae9dc76d38ef9ee84ad46ae7e79bf4e431e5,303ab3df55f69a4291dd3f373a0e23cec7751d489bff51f83672a43168b722dc,80ceb77d21ca224c081c2f80bb151b832d68b11bf0d3e74231e38cf7f44c1207;fd1a10dc51218df0358a6edf235b46eeaf9128f25641533c636ba693f4bfa00a;8120a4e9f9d13bac66e71a632a8b68fc4ee0c9d888a0d4fdac7b73d821974d66;91ed6f78387f9c08e72331ac7d5740ff4b6aec79387f7bb4715dd09c3e90bc0a;7e71f12fa5d4b32811d5235352dd285b5b65ce84cf8e71348332d70554a08579;eea9f7d4560e8753e50550dab0d492d07a031f3677f2c3b90c4ab0baf6f6449d;7b3abc9ebea0cc24c9388babcb42b7f81d7267c89597fae3f81348f87154a612,true,false,POINT,69354,69354,69354,69354,69354,true,false
edition-target:regional:tseltal-north-Latn-MX,Tseltal del norte in Mexico,tseltal-north-Latn-MX,84198.000000,84198.000000,1781.175646,55667.895646,75,185,OUTSIDE,POSSIBLE,DIRECT_OR_DERIVED_PERSON_MEASURE,person_need,L-ID_PARTIAL_IDENTIFICATION_ENVELOPE,auth:regional:AMERICAS_EUROPE_EMPIRICAL_NEED_INPUTS:tseltal-north-Latn-MX,auth:regional:AMERICAS_EUROPE_EMPIRICAL_NEED_INPUTS:tseltal-north-Latn-MX,ADMIT,A_REGIONAL_EXACT_TYPED_PERSON,regional:AMERICAS_EUROPE_EMPIRICAL_NEED_INPUTS:tseltal-north-Latn-MX,AMERICAS_EUROPE_EMPIRICAL_NEED_INPUTS,tseltal-north-Latn-MX,REGIONAL_EMPIRICAL_STRATUM,034c1a3fb1986564f210fa74714fdd697eab75b4f923ce40511f1a435f622765,be1611382d374691f2c0d48239dc51f380d0da52ecac74c42f2d6c7d0bfe4358,16356c3596caa963f0cad7bd400e3fbe4912df3606c742d92d63903aecdcfbef,4e641a703aef367444cb80fb65e8a9de4bdc3ee0030b6af04da5be43d7d15cdc;4bcfee26bf928ba1873b11464cc67971876216d3b9e6e364a253c1f65fe1c32b;7e71f12fa5d4b32811d5235352dd285b5b65ce84cf8e71348332d70554a08579,true,false,POINT,,84198,,84198,84198,true,false
edition-target:regional:tsotsil-north-high-Latn-MX,Tsotsil del norte alto in Mexico,tsotsil-north-high-Latn-MX,77699.000000,77699.000000,1643.691852,51371.051852,75,185,OUTSIDE,POSSIBLE,DIRECT_OR_DERIVED_PERSON_MEASURE,person_need,L-ID_PARTIAL_IDENTIFICATION_ENVELOPE,auth:regional:AMERICAS_EUROPE_EMPIRICAL_NEED_INPUTS:tsotsil-north-high-Latn-MX,auth:regional:AMERICAS_EUROPE_EMPIRICAL_NEED_INPUTS:tsotsil-north-high-Latn-MX,ADMIT,A_REGIONAL_EXACT_TYPED_PERSON,regional:AMERICAS_EUROPE_EMPIRICAL_NEED_INPUTS:tsotsil-north-high-Latn-MX,AMERICAS_EUROPE_EMPIRICAL_NEED_INPUTS,tsotsil-north-high-Latn-MX,REGIONAL_EMPIRICAL_STRATUM,4a97b2414bac41ab4fb1e4760beaa9b2d20a314432dd0eedc5508299f23d3aa3,4807e2f10285e931582aa8b0fbf6170e5ebce5d864065a06dbeb365570077d59,c6da3977a15cd221adfdbcc739894842365bf0b935d81903e79aea1af28a7aad,4e641a703aef367444cb80fb65e8a9de4bdc3ee0030b6af04da5be43d7d15cdc;4bcfee26bf928ba1873b11464cc67971876216d3b9e6e364a253c1f65fe1c32b;7e71f12fa5d4b32811d5235352dd285b5b65ce84cf8e71348332d70554a08579,true,false,POINT,,77699,,77699,77699,true,false
edition-target:lang:agr-PE,Awajún,agr-PE,56584.000000,56584.000000,6224.240000,42438.000000,78,156,OUTSIDE,POSSIBLE,DIRECT_OR_DERIVED_PERSON_MEASURE,person_need,L-ID_PARTIAL_IDENTIFICATION_ENVELOPE,auth:canonical:canonical:pop:46e9066df0dffefa128de506,auth:canonical:canonical:pop:46e9066df0dffefa128de506,ADMIT,A_DIRECT_TYPED_PERSON,canonical:pop:46e9066df0dffefa128de506,legacy_canonical_population,pop:46e9066df0dffefa128de506,language_population_or_context,b495293e4708c907ead8a033711dd4c34a42748b2afda80209784be1259c3921,f5ed42d70e0a0b437dc5d34927bc497a6a3262775a11f409c0070fc11f93f24c,22d215394895315777cfee4f70e0a9211fc80154874fe7b275abdbb4229a15c5,4C11AB52E710BAC18164FB144DDBC5A2075BF124B5F223CAF2952FF27AAD3813,true,false,POINT,,56584,,56584,56584,true,false
edition-target:lang:bfn-Latn-TL,Bunak,bfn-Latn-TL,64686.000000,64686.000000,7115.460000,48514.500000,78,152,OUTSIDE,POSSIBLE,DIRECT_OR_DERIVED_PERSON_MEASURE,person_need,L-ID_PARTIAL_IDENTIFICATION_ENVELOPE,auth:canonical:canonical:pop:b133abe0a852d079e781a91f,auth:canonical:canonical:pop:b133abe0a852d079e781a91f;auth:regional:OCEANIA_CENTRAL_ASIA_EMPIRICAL_INPUTS:bfn-Latn-TL,ADMIT,A_DIRECT_TYPED_PERSON,canonical:pop:b133abe0a852d079e781a91f,legacy_canonical_population,pop:b133abe0a852d079e781a91f,language_population_or_context,6651a64c9465d43d7bd553cfc6de8af81d220f6279be5fae6eea9ac26975d616,0a5273f03363207d285e897c8f0cbaa6ce538975075ba4b5ffd0571447af4106,e23e6869da0412582ae149450e289d46b73d3f0c2f6e1db30ed97b2cd604b46b,085656567BA1C231EA086EA6868221DD26261B344839681F32510E035ABFAFF8,true,false,POINT,,64686,,64686,64686,true,false
edition-target:lang:cac-GT,Chuj,cac-GT,58592.000000,58592.000000,6445.120000,43944.000000,78,156,OUTSIDE,POSSIBLE,DIRECT_OR_DERIVED_PERSON_MEASURE,person_need,L-ID_PARTIAL_IDENTIFICATION_ENVELOPE,auth:canonical:canonical:pop:14603b503b0999e150581667,auth:canonical:canonical:pop:14603b503b0999e150581667,ADMIT,A_DIRECT_TYPED_PERSON,canonical:pop:14603b503b0999e150581667,legacy_canonical_population,pop:14603b503b0999e150581667,language_population_or_context,e6fdea181c61a7cf64d2d2765bf29bb302d43ff5ef7198b033928c4b21f1864a,cb09aa93d2969cad3c9ecd68b9f91690f9e397b52e885c383843ecd7e13a359a,40d3a4d43bbbaf729acd2a3d2b49e51137309fca52181b479c5c72a1792349fe,4C646DEC532104F47E31C744EDC13A0E85B3FB2C4FBE2C8C0258AC44CD2B7790,true,false,POINT,,58592,,58592,58592,true,false
edition-target:lang:cri-Latn-ST,Forro,cri-Latn-ST,62707.000000,62707.000000,6897.770000,47030.250000,78,154,OUTSIDE,POSSIBLE,DIRECT_OR_DERIVED_PERSON_MEASURE,person_need,L-ID_PARTIAL_IDENTIFICATION_ENVELOPE,auth:regional:AFRICA_EMPIRICAL_NEED_INPUTS:cri-Latn-ST,auth:regional:AFRICA_EMPIRICAL_NEED_INPUTS:cri-Latn-ST,ADMIT,A_REGIONAL_EXACT_TYPED_PERSON,regional:AFRICA_EMPIRICAL_NEED_INPUTS:cri-Latn-ST,AFRICA_EMPIRICAL_NEED_INPUTS,cri-Latn-ST,REGIONAL_EMPIRICAL_STRATUM,09d47fab5fbe362f5b402f2b00de4288d9da35d5b92d77d0a14c67926b7a0470,1323e076cff6984ab6940d2c1a8c9a22b44aebfecefa13008e6cf156ed237863,df97c502b0f55c9be63a1ba706b5ce67e334b6f5d20e33fb13f77146a0774b03,bff4a7760d2e199fe45afc53be54bb8bd7d97a0f5b6d9b3cd053ddd35cf8aebc,true,false,POINT,62707,62707,62707,62707,62707,true,false
edition-target:lang:jiv-EC,Shuar Chicham,jiv-EC,58770.000000,58770.000000,6464.700000,44077.500000,78,156,OUTSIDE,POSSIBLE,DIRECT_OR_DERIVED_PERSON_MEASURE,person_need,L-ID_PARTIAL_IDENTIFICATION_ENVELOPE,auth:canonical:canonical:pop:79b686e9e90dad241cae7192,auth:canonical:canonical:pop:79b686e9e90dad241cae7192,ADMIT,A_DIRECT_TYPED_PERSON,canonical:pop:79b686e9e90dad241cae7192,legacy_canonical_population,pop:79b686e9e90dad241cae7192,language_population_or_context,d8d7c86b04772ae2f1862d47b16bf1626b3f9dffc0eaa281ea3d1907b545465b,7782f6591a4808870b54f07567ca4c3cd0ac08683c6afe71747405fb45d38606,b647570b01bc2e340588b88a674b866d385ba8d120f858cac4efdc5058d99994,592E172A4F6A546EBFA54AD4584DF54D56DA4B5378BED2B84422830F972895FB,true,false,POINT,,58770,,58770,58770,true,false
edition-target:lang:knj-GT,Akateko,knj-GT,55290.000000,55290.000000,6081.900000,41467.500000,78,156,OUTSIDE,POSSIBLE,DIRECT_OR_DERIVED_PERSON_MEASURE,person_need,L-ID_PARTIAL_IDENTIFICATION_ENVELOPE,auth:canonical:canonical:pop:db49ffe17b002b4c7f6f445e,auth:canonical:canonical:pop:db49ffe17b002b4c7f6f445e,ADMIT,A_DIRECT_TYPED_PERSON,canonical:pop:db49ffe17b002b4c7f6f445e,legacy_canonical_population,pop:db49ffe17b002b4c7f6f445e,language_population_or_context,5373ce3b327e6ff0ce29e44942ebf1decb6cd0f2203df2cff2ea1dc0cd918774,6ab7d4c4abf77c15361c41efcea78d50c2cdd2c16ad63ff5ef40866c5719ca6d,265d386da02f7af4eae48933ecdd0bf3d3752e81c0ff6f560fc7d663d89b18ef,4C646DEC532104F47E31C744EDC13A0E85B3FB2C4FBE2C8C0258AC44CD2B7790,true,false,POINT,,55290,,55290,55290,true,false
edition-target:regional:nah-noroeste-central-Latn-MX,Náhuatl del noroeste central,nah-noroeste-central-Latn-MX,71040.000000,71040.000000,1502.823320,46968.423320,78,187,OUTSIDE,POSSIBLE,DIRECT_OR_DERIVED_PERSON_MEASURE,person_need,L-ID_PARTIAL_IDENTIFICATION_ENVELOPE,auth:regional:AMERICAS_EUROPE_EMPIRICAL_NEED_INPUTS:nah-noroeste-central-Latn-MX,auth:regional:AMERICAS_EUROPE_EMPIRICAL_NEED_INPUTS:nah-noroeste-central-Latn-MX,ADMIT,A_REGIONAL_EXACT_TYPED_PERSON,regional:AMERICAS_EUROPE_EMPIRICAL_NEED_INPUTS:nah-noroeste-central-Latn-MX,AMERICAS_EUROPE_EMPIRICAL_NEED_INPUTS,nah-noroeste-central-Latn-MX,REGIONAL_EMPIRICAL_STRATUM,67522961005b981e914da09047a3adb362cdb6fa000ba8ec02cd4a2e17325db8,991a875990c7ab48f856df72695369109ff22a2fcd1255f8d45c6c56bdfe2786,ae240ff71e916fe7c79e57632ec4399c57a6bf77e94d39c493caefe51633dd9d,4123ed823122176c1bef6945dc39949d2e15a1878e280bfa299180b4640538ca;911deb36a0f3e8e7d16064d049431821461e16a065d2e17a75593a265e63093e;4e641a703aef367444cb80fb65e8a9de4bdc3ee0030b6af04da5be43d7d15cdc;4bcfee26bf928ba1873b11464cc67971876216d3b9e6e364a253c1f65fe1c32b;72fa9f5310d8320480dd71bbf7c5afcb6ba8e563fd0f255c2c6c888203574b86;1cf6784c00e1387887a6f62822885b4db4171b54d010d96dfbd74e6782572d5e;7e71f12fa5d4b32811d5235352dd285b5b65ce84cf8e71348332d70554a08579;eea9f7d4560e8753e50550dab0d492d07a031f3677f2c3b90c4ab0baf6f6449d;7b3abc9ebea0cc24c9388babcb42b7f81d7267c89597fae3f81348f87154a612,true,false,POINT,,71040,,71040,71040,true,false
edition-target:regional:tseltal-east-Latn-MX,Tseltal del oriente in Mexico,tseltal-east-Latn-MX,70313.000000,70313.000000,1487.443920,46487.763920,78,187,OUTSIDE,POSSIBLE,DIRECT_OR_DERIVED_PERSON_MEASURE,person_need,L-ID_PARTIAL_IDENTIFICATION_ENVELOPE,auth:regional:AMERICAS_EUROPE_EMPIRICAL_NEED_INPUTS:tseltal-east-Latn-MX,auth:regional:AMERICAS_EUROPE_EMPIRICAL_NEED_INPUTS:tseltal-east-Latn-MX,ADMIT,A_REGIONAL_EXACT_TYPED_PERSON,regional:AMERICAS_EUROPE_EMPIRICAL_NEED_INPUTS:tseltal-east-Latn-MX,AMERICAS_EUROPE_EMPIRICAL_NEED_INPUTS,tseltal-east-Latn-MX,REGIONAL_EMPIRICAL_STRATUM,b9b42c73e573e60de2dc683077417e604f3bac3c8e9b3f4cad48fe0de9870e39,8e9817e8a3d89b192666d3a4f783dd68097ed799f75733015a34dd491c69721c,cfcd95acd3806454faa45750ea99610410f9cb90fd4c85b018506d1f79f1b754,4e641a703aef367444cb80fb65e8a9de4bdc3ee0030b6af04da5be43d7d15cdc;4bcfee26bf928ba1873b11464cc67971876216d3b9e6e364a253c1f65fe1c32b;7e71f12fa5d4b32811d5235352dd285b5b65ce84cf8e71348332d70554a08579,true,false,POINT,,70313,,70313,70313,true,false
edition-target:lang:tca-BR,Tikúna,tca-BR,51978.000000,51978.000000,822.536667,34088.456667,79,191,OUTSIDE,POSSIBLE,DIRECT_OR_DERIVED_PERSON_MEASURE,person_need,L-ID_PARTIAL_IDENTIFICATION_ENVELOPE,auth:canonical:canonical:pop:74e4bf043ec5ed6103fe5b6b,auth:canonical:canonical:pop:74e4bf043ec5ed6103fe5b6b,ADMIT,A_DIRECT_TYPED_PERSON,canonical:pop:74e4bf043ec5ed6103fe5b6b,legacy_canonical_population,pop:74e4bf043ec5ed6103fe5b6b,language_population_or_context,b15364f1004d1b411a23858f9c4e3deee7ce3c29ba2dd74947f7b60170a05987,cd79c305910e278f764f35d591f574be1c6ddce38dc1d81a01e4ae8281652f64,16dc6ee48e5a4c22c33d8ce7ba4e4c2a23411b798171d9cef3d6ca75298a8712,00F27D5EB50DA2CA57FA3A6F052C248DDAD3FC7612C1FDD6568E85590DFD5616,true,false,POINT,,51978,,51978,51978,true,false
edition-target:lang:tkd-Latn-TL,Tokodede,tkd-Latn-TL,46784.000000,46784.000000,5146.240000,35088.000000,79,162,OUTSIDE,POSSIBLE,DIRECT_OR_DERIVED_PERSON_MEASURE,person_need,L-ID_PARTIAL_IDENTIFICATION_ENVELOPE,auth:canonical:canonical:pop:6a8813be5e963ebc6fdf8815,auth:canonical:canonical:pop:6a8813be5e963ebc6fdf8815,ADMIT,A_DIRECT_TYPED_PERSON,canonical:pop:6a8813be5e963ebc6fdf8815,legacy_canonical_population,pop:6a8813be5e963ebc6fdf8815,language_population_or_context,b46b6f8c4a2b8eb299c965b013bcd364c990d891050be12ada39082e5ae8784c,93518dcb69a77fdb04b95e7a1413a471a8639f525582f6f37ac9d6773c3ba78b,dd564d5142e1a75bb9d24afdbf27e3e373c6e2f0e749d2f1dcdcc359059fa732,085656567BA1C231EA086EA6868221DD26261B344839681F32510E035ABFAFF8,true,false,POINT,,46784,,46784,46784,true,false
edition-target:regional:tsotsil-centre-Latn-MX,Tsotsil del centro in Mexico,tsotsil-centre-Latn-MX,57107.000000,57107.000000,1208.076173,37756.556173,79,190,OUTSIDE,POSSIBLE,DIRECT_OR_DERIVED_PERSON_MEASURE,person_need,L-ID_PARTIAL_IDENTIFICATION_ENVELOPE,auth:regional:AMERICAS_EUROPE_EMPIRICAL_NEED_INPUTS:tsotsil-centre-Latn-MX,auth:regional:AMERICAS_EUROPE_EMPIRICAL_NEED_INPUTS:tsotsil-centre-Latn-MX,ADMIT,A_REGIONAL_EXACT_TYPED_PERSON,regional:AMERICAS_EUROPE_EMPIRICAL_NEED_INPUTS:tsotsil-centre-Latn-MX,AMERICAS_EUROPE_EMPIRICAL_NEED_INPUTS,tsotsil-centre-Latn-MX,REGIONAL_EMPIRICAL_STRATUM,2789d62d5c24dc0719a5a76cfb01cc0215778a70f4f652029d5360c23a94a0fa,e2811dd8615d100b393b2e87e0be22dd8df284a17709eb0648c9fc924031fd5b,24d360923a19b02493613c071ee1e237e2801728f3e8b034a62f8585cd120ee2,4e641a703aef367444cb80fb65e8a9de4bdc3ee0030b6af04da5be43d7d15cdc;4bcfee26bf928ba1873b11464cc67971876216d3b9e6e364a253c1f65fe1c32b;7e71f12fa5d4b32811d5235352dd285b5b65ce84cf8e71348332d70554a08579,true,false,POINT,,57107,,57107,57107,true,false
edition-target:lang:iku-CA,Inuktitut,iku-CA,41675.000000,41675.000000,4584.250000,31256.250000,80,166,OUTSIDE,POSSIBLE,DIRECT_OR_DERIVED_PERSON_MEASURE,person_need,L-ID_PARTIAL_IDENTIFICATION_ENVELOPE,auth:canonical:canonical:pop:c95b5c0c1c9254756b4dddcf,auth:canonical:canonical:pop:c95b5c0c1c9254756b4dddcf;auth:regional:AMERICAS_EUROPE_EMPIRICAL_NEED_INPUTS:ike-multiscript-CA,ADMIT,A_DIRECT_TYPED_PERSON,canonical:pop:c95b5c0c1c9254756b4dddcf,legacy_canonical_population,pop:c95b5c0c1c9254756b4dddcf,language_population_or_context,ad79dc66ac02760b7c39a5be257f4fc749532f3398a50752923d4d609e029ebf,cba07028eb2e3078fc013c8cc688a7dbe060d994aa02d3edd3bbc8c863ebc00e,bdb560696e033603eb9740c0e24dfa86dace9efc8db49ede851d2e24cabcec83,14E3D47EA649DD1E18E8C4B4FE33455B2AC2BE53AF028CD28CA2DD5724049E6E,true,false,POINT,,41675,,41675,41675,true,false
edition-target:lang:iu-Cans-CA,Inuktitut,iu-Cans-CA,41675.000000,41675.000000,4584.250000,31256.250000,80,166,OUTSIDE,POSSIBLE,DIRECT_OR_DERIVED_PERSON_MEASURE,person_need,L-ID_PARTIAL_IDENTIFICATION_ENVELOPE,auth:canonical:canonical:pop:4097728726692320ac91b42f,auth:canonical:canonical:pop:4097728726692320ac91b42f,ADMIT,A_DIRECT_TYPED_PERSON,canonical:pop:4097728726692320ac91b42f,legacy_canonical_population,pop:4097728726692320ac91b42f,language_population_or_context,bb1955c53c1292215ec2eb7e59e4a0a5eeb7b7971ff5be1263e618496f7a866a,4ab4ee762c9a8395714007a5da570a9bd7f66705831453f95b977faa5fe7a664,23d6d5c1996fac636ba5bf7534cd31826acad1d64cb33e425561c25a21e6cb03,EB4411D2F5967337A226D5C8CE738B05C32E540F0AEBBC2B383A32CAD982049A,true,false,POINT,41675,41675,41675,41675,41675,true,false
edition-target:lang:mh-Latn-MH,Marshallese,mh-Latn-MH,35318.000000,35354.000000,5438.972000,28071.076000,80,160,OUTSIDE,POSSIBLE,DIRECT_OR_DERIVED_PERSON_MEASURE,person_need,L-ID_PARTIAL_IDENTIFICATION_ENVELOPE,auth:regional:OCEANIA_CENTRAL_ASIA_EMPIRICAL_INPUTS:mah-Latn-MH,auth:regional:OCEANIA_CENTRAL_ASIA_EMPIRICAL_INPUTS:mah-Latn-MH,ADMIT,B_REGIONAL_INTERVAL_TYPED_PERSON,regional:OCEANIA_CENTRAL_ASIA_EMPIRICAL_INPUTS:mah-Latn-MH,OCEANIA_CENTRAL_ASIA_EMPIRICAL_INPUTS,mah-Latn-MH,REGIONAL_EMPIRICAL_STRATUM,3f7e6f183f04ec3b210fb947c1484f6cb87e671ed069d995177c0114d6bd3ebf,a72d386f005be445dfff3534dc2561b6f5fb3fa7013144cf6b8dd64435e20a3b,356daefc4f3611988b9a4b591464c6db63d570fec937b791a63e9018c396aebd,de70594dd57ac87a201f5736f53e8fd7c9369c5ddd2eab1e8a404b4ab5bac3b0;9acf46a328ae82c1e1997af474925fb40feff332766071c69b5da1294dcc03ad;7e71f12fa5d4b32811d5235352dd285b5b65ce84cf8e71348332d70554a08579;3e45c06f376cb8f9cfe88fec638596913deb9d22c05262416a75a978b22f5209,true,false,INTERVAL,35318,35336,35354,35318,35354,true,false
edition-target:lang:sm-Latn-AS,Samoan,sm-Latn-AS,38835.000000,38835.000000,4271.850000,29126.250000,80,169,OUTSIDE,POSSIBLE,DIRECT_OR_DERIVED_PERSON_MEASURE,person_need,L-ID_PARTIAL_IDENTIFICATION_ENVELOPE,auth:canonical:canonical:pop:1a296b1f7b12ec1ef607f53a,auth:canonical:canonical:pop:1a296b1f7b12ec1ef607f53a,ADMIT,A_DIRECT_TYPED_PERSON,canonical:pop:1a296b1f7b12ec1ef607f53a,legacy_canonical_population,pop:1a296b1f7b12ec1ef607f53a,language_population_or_context,f83502f8c371c6e351db0711c9884a5981b2422fb2bc8669acafb4d7b392624b,59718cd11a9647702a5a10e2ec549ba8bd469edc3817825a23b95cf8018ca31e,e7fb15ce8374bb13e733afbae10d8fa0afa911427f35f565dd4b0f7e60f55f9e,9EAD039AF7D8DC3129FDBD2489DA6407CA0CAAB6708191BB0A5F426EB096D408,true,false,POINT,38835,38835,38835,38835,38835,true,false
edition-target:regional:eu-Latn-FR-64,Basque in Northern Basque Country,eu-Latn-FR-64,51484.000000,51484.000000,0.000000,32272.137855,80,204,OUTSIDE,POSSIBLE,DIRECT_OR_DERIVED_PERSON_MEASURE,person_need,L-ID_PARTIAL_IDENTIFICATION_ENVELOPE,auth:regional:AMERICAS_EUROPE_EMPIRICAL_NEED_INPUTS:eu-Latn-FR-64,auth:regional:AMERICAS_EUROPE_EMPIRICAL_NEED_INPUTS:eu-Latn-FR-64,ADMIT,B_REGIONAL_ESTIMATE,regional:AMERICAS_EUROPE_EMPIRICAL_NEED_INPUTS:eu-Latn-FR-64,AMERICAS_EUROPE_EMPIRICAL_NEED_INPUTS,eu-Latn-FR-64,REGIONAL_EMPIRICAL_STRATUM,bddafaa9a6fe32aec5cb38ccd9d1626b00ee183ebef0e0d0668f89145de82bbf,83ecb2796550e8b9209df564becf0ecac9a6bd81ff4e08982e9d40b3ad3317e1,fdecdb6de6ccd25fdcad1ebae540a2573734ab78a514dabfbf7924bb9e92bf7d,769f8dd82b883ddf1983562da92fffffced28940dc4bceb80f052047cb7173c5;457afb7c04ff3261e9ae787c9c1be046fb63c71936855b97bacf6b60cd363cb3;7e71f12fa5d4b32811d5235352dd285b5b65ce84cf8e71348332d70554a08579;eea9f7d4560e8753e50550dab0d492d07a031f3677f2c3b90c4ab0baf6f6449d;7b3abc9ebea0cc24c9388babcb42b7f81d7267c89597fae3f81348f87154a612,true,false,POINT,,51484,,51484,51484,true,false
edition-target:lang:kgk-BR,Guarani Kaiowá,kgk-BR,38658.000000,38658.000000,611.751558,25352.871558,81,194,OUTSIDE,POSSIBLE,DIRECT_OR_DERIVED_PERSON_MEASURE,person_need,L-ID_PARTIAL_IDENTIFICATION_ENVELOPE,auth:canonical:canonical:pop:4afa24c6ab2cdad5027f4042,auth:canonical:canonical:pop:4afa24c6ab2cdad5027f4042;auth:regional:AMERICAS_EUROPE_EMPIRICAL_NEED_INPUTS:kgk-Latn-BR,ADMIT,A_DIRECT_TYPED_PERSON,canonical:pop:4afa24c6ab2cdad5027f4042,legacy_canonical_population,pop:4afa24c6ab2cdad5027f4042,language_population_or_context,8598bea5810a7c074c5298e3c5728aaf1d6dd23abb3c4cab3fafff5401bf4d9a,57aa0d25ba7c6145f27a2aed23ba07d898846969a910b13eb1e7b53c3d2b73c8,81b8db0247b513a36188eef743bc6a299425a5f729407f3e12e9425f238c65de,00F27D5EB50DA2CA57FA3A6F052C248DDAD3FC7612C1FDD6568E85590DFD5616,true,false,POINT,,38658,,38658,38658,true,false
edition-target:lang:shp-PE,Shipibo-Konibo,shp-PE,34152.000000,34152.000000,3756.720000,25614.000000,81,172,OUTSIDE,POSSIBLE,DIRECT_OR_DERIVED_PERSON_MEASURE,person_need,L-ID_PARTIAL_IDENTIFICATION_ENVELOPE,auth:canonical:canonical:pop:d88183abc8ad013a2b2be4c2,auth:canonical:canonical:pop:d88183abc8ad013a2b2be4c2,ADMIT,A_DIRECT_TYPED_PERSON,canonical:pop:d88183abc8ad013a2b2be4c2,legacy_canonical_population,pop:d88183abc8ad013a2b2be4c2,language_population_or_context,d9fc737d4b4969b50b55c5cb231474d86a7da93cc87f0029ef9882b7665dcbd0,e49c1834ee20a12dfcd23da012de4ba1e9340b392a6992e0121492aa1ebb60fa,80b8f3b413f690a0544ff35d5dff1a5286b9b34360d631fd9a1a639d74b244f3,17D0C7C792FCEB453512A05A06EE7F8E2B846AC1FF4BC45C16D8E347A9CE8FA1,true,false,POINT,,34152,,34152,34152,true,false
edition-target:regional:pdt-Latn-CA,Plautdietsch in Canada,pdt-Latn-CA,33200.000000,33200.000000,5112.800000,26360.800000,81,162,OUTSIDE,POSSIBLE,DIRECT_OR_DERIVED_PERSON_MEASURE,person_need,L-ID_PARTIAL_IDENTIFICATION_ENVELOPE,auth:regional:AMERICAS_EUROPE_EMPIRICAL_NEED_INPUTS:pdt-Latn-CA,auth:regional:AMERICAS_EUROPE_EMPIRICAL_NEED_INPUTS:pdt-Latn-CA,ADMIT,A_REGIONAL_EXACT_TYPED_PERSON,regional:AMERICAS_EUROPE_EMPIRICAL_NEED_INPUTS:pdt-Latn-CA,AMERICAS_EUROPE_EMPIRICAL_NEED_INPUTS,pdt-Latn-CA,REGIONAL_EMPIRICAL_STRATUM,4bd246c6e9734b4aa0660003293a0b4a62ff1038a52424355d1df60c2bae00c6,b64acaab994f1bd57054b9221ab8cc4229e2c315b2b3d68671b871a882e941ee,889abc50455a75cd1ac2a59e2e3565c89e89dbda17eb6033f4b6011bb9775cdf,f35450abe64e73dc2a3303be1bc4db2ba32112308dec0085cfc7f58ef4fe27cb;d793d2f07999acb0d5869259394377010015523fca2ccea4ef381713cc62bc9b;7e71f12fa5d4b32811d5235352dd285b5b65ce84cf8e71348332d70554a08579;eea9f7d4560e8753e50550dab0d492d07a031f3677f2c3b90c4ab0baf6f6449d;7b3abc9ebea0cc24c9388babcb42b7f81d7267c89597fae3f81348f87154a612,true,false,POINT,,33200,,33200,33200,true,false
edition-target:regional:tsotsil-northwest-Latn-MX,Tsotsil del noroeste in Mexico,tsotsil-northwest-Latn-MX,41289.000000,41289.000000,873.452591,27298.412591,81,191,OUTSIDE,POSSIBLE,DIRECT_OR_DERIVED_PERSON_MEASURE,person_need,L-ID_PARTIAL_IDENTIFICATION_ENVELOPE,auth:regional:AMERICAS_EUROPE_EMPIRICAL_NEED_INPUTS:tsotsil-northwest-Latn-MX,auth:regional:AMERICAS_EUROPE_EMPIRICAL_NEED_INPUTS:tsotsil-northwest-Latn-MX,ADMIT,A_REGIONAL_EXACT_TYPED_PERSON,regional:AMERICAS_EUROPE_EMPIRICAL_NEED_INPUTS:tsotsil-northwest-Latn-MX,AMERICAS_EUROPE_EMPIRICAL_NEED_INPUTS,tsotsil-northwest-Latn-MX,REGIONAL_EMPIRICAL_STRATUM,73d1b1c1d6ca48b961269e9bdb17933d6493878277fe2d9cf890abed666d7ac3,842528bc88dde368774755d3211c2a28c6f2b0fc3959181f9fb110259fd9e9f3,b38219e69e3ace0ba5288c46ba38af6f4a2f71759b681b68f4a2c8205cd9f3ef,4e641a703aef367444cb80fb65e8a9de4bdc3ee0030b6af04da5be43d7d15cdc;4bcfee26bf928ba1873b11464cc67971876216d3b9e6e364a253c1f65fe1c32b;7e71f12fa5d4b32811d5235352dd285b5b65ce84cf8e71348332d70554a08579,true,false,POINT,,41289,,41289,41289,true,false
edition-target:lang:jac-GT,Popti’,jac-GT,32568.000000,32568.000000,3582.480000,24426.000000,82,173,OUTSIDE,POSSIBLE,DIRECT_OR_DERIVED_PERSON_MEASURE,person_need,L-ID_PARTIAL_IDENTIFICATION_ENVELOPE,auth:canonical:canonical:pop:2562598298aa93b8b4ef12ea,auth:canonical:canonical:pop:2562598298aa93b8b4ef12ea,ADMIT,A_DIRECT_TYPED_PERSON,canonical:pop:2562598298aa93b8b4ef12ea,legacy_canonical_population,pop:2562598298aa93b8b4ef12ea,language_population_or_context,7a636d36a61631fd91d17641c804037e0c740dfc169b3f91af7f6fb11a756c06,252776de67034d36c0de2e5bec1276274f35230596c259b011651fd0a5e76d98,a9151ff347c22a0940e362895a5d6d6d5f0621f07cd0c279ad4a01270c55d9c8,4C646DEC532104F47E31C744EDC13A0E85B3FB2C4FBE2C8C0258AC44CD2B7790,true,false,POINT,,32568,,32568,32568,true,false
edition-target:lang:chk-Latn-FM,Chuukese,chk-Latn-FM,27677.000000,27677.000000,4262.258000,21975.538000,83,169,OUTSIDE,POSSIBLE,DIRECT_OR_DERIVED_PERSON_MEASURE,person_need,L-ID_PARTIAL_IDENTIFICATION_ENVELOPE,auth:canonical:canonical:pop:6bb68e65287885e9e6adb078,auth:canonical:canonical:pop:6bb68e65287885e9e6adb078;auth:regional:OCEANIA_CENTRAL_ASIA_EMPIRICAL_INPUTS:chk-Latn-FM,ADMIT,A_DIRECT_TYPED_PERSON,canonical:pop:6bb68e65287885e9e6adb078,legacy_canonical_population,pop:6bb68e65287885e9e6adb078,language_population_or_context,ba4210ee5ff57bef00b071e0904272f2dd504f70fcbaaaf38bbda7cd42fde1d1,86e9fdd832f9bd82d59116daaeee04c0e7898c48c55d6b2adb0e18cf1b0f7286,cf0ed7bbbeb92d4d6d3898f3f37b6fbeb33861fafcb4a725dc386d0ad6ae3720,581B729BAD4DC52E4F607C06D9DD508B7904B213E0F5C4C829E2F1881ECC59FF,true,false,POINT,27677,27677,27677,27677,27677,true,false
edition-target:lang:gub-BR,Guajajara,gub-BR,29212.000000,29212.000000,462.271367,19157.951367,84,195,OUTSIDE,POSSIBLE,DIRECT_OR_DERIVED_PERSON_MEASURE,person_need,L-ID_PARTIAL_IDENTIFICATION_ENVELOPE,auth:canonical:canonical:pop:510d06f83bbb314c4c3d9e6f,auth:canonical:canonical:pop:510d06f83bbb314c4c3d9e6f,ADMIT,A_DIRECT_TYPED_PERSON,canonical:pop:510d06f83bbb314c4c3d9e6f,legacy_canonical_population,pop:510d06f83bbb314c4c3d9e6f,language_population_or_context,ae3f9e1d129546cf9b02e1aadfe34f3bf31a5a8290e0e581f7481a2c7ed24f9b,a514ab799a160fd293da757969828b4bb1a76dc8bca51f22591040d18ac0485e,9bedb67a3a9b037da5a170e953ee4a86e6b2ff84bedd29daacfd2e02a97ebe51,00F27D5EB50DA2CA57FA3A6F052C248DDAD3FC7612C1FDD6568E85590DFD5616,true,false,POINT,,29212,,29212,29212,true,false
edition-target:lang:nzs-NZ,New Zealand Sign Language,nzs-NZ,24678.000000,24678.000000,3306.852000,19100.772000,84,176,OUTSIDE,POSSIBLE,DIRECT_OR_DERIVED_PERSON_MEASURE,person_need,L-ID_PARTIAL_IDENTIFICATION_ENVELOPE,auth:canonical:canonical:pop:2c6b4fbd82a93bd3d3893336,auth:canonical:canonical:pop:2c6b4fbd82a93bd3d3893336,ADMIT,A_DIRECT_TYPED_PERSON,canonical:pop:2c6b4fbd82a93bd3d3893336,legacy_canonical_population,pop:2c6b4fbd82a93bd3d3893336,language_population_or_context,34129d807673f28657eeda8f128024640bacff50c1cef09d0162ccc8c41e8c62,a495c50fdb7f53fe23649484cbe0ab2628c6e82fa9860740f1f5bf0243835430,a9a31b0390650fcdab0bc5ab1c521b1b182db4c8efa1965e58a39470fda87ee0,BD3026B734E96CCA7936D3365171B291F35C6F9E2B1CE74D31B688DABD477D85,true,false,POINT,24678,24678,24678,24678,24678,true,false
edition-target:lang:kgp-BR,Kaingang,kgp-BR,27482.000000,27482.000000,434.894623,18023.374623,85,195,OUTSIDE,POSSIBLE,DIRECT_OR_DERIVED_PERSON_MEASURE,person_need,L-ID_PARTIAL_IDENTIFICATION_ENVELOPE,auth:canonical:canonical:pop:5ec881cf43c86faa9d9f487b,auth:canonical:canonical:pop:5ec881cf43c86faa9d9f487b,ADMIT,A_DIRECT_TYPED_PERSON,canonical:pop:5ec881cf43c86faa9d9f487b,legacy_canonical_population,pop:5ec881cf43c86faa9d9f487b,language_population_or_context,f32528b14b20e0949fc8167a3da8b5164bbd1d47b6375abf6474e04060ce3c32,51f7127abeb673197621d36e3274821eab10d79bf4e679363138c112e549b1ba,2bcab8b5ed3222142a8a9436ad40544cb39f0823cfa7c6adcd9ae4f4643119aa,00F27D5EB50DA2CA57FA3A6F052C248DDAD3FC7612C1FDD6568E85590DFD5616,true,false,POINT,,27482,,27482,27482,true,false
edition-target:regional:chol-southeast-Latn-MX,Chol del sureste in Mexico,chol-southeast-Latn-MX,27199.000000,27199.000000,575.384171,17982.744171,85,195,OUTSIDE,POSSIBLE,DIRECT_OR_DERIVED_PERSON_MEASURE,person_need,L-ID_PARTIAL_IDENTIFICATION_ENVELOPE,auth:regional:AMERICAS_EUROPE_EMPIRICAL_NEED_INPUTS:chol-southeast-Latn-MX,auth:regional:AMERICAS_EUROPE_EMPIRICAL_NEED_INPUTS:chol-southeast-Latn-MX,ADMIT,A_REGIONAL_EXACT_TYPED_PERSON,regional:AMERICAS_EUROPE_EMPIRICAL_NEED_INPUTS:chol-southeast-Latn-MX,AMERICAS_EUROPE_EMPIRICAL_NEED_INPUTS,chol-southeast-Latn-MX,REGIONAL_EMPIRICAL_STRATUM,7a50c13df9492851b456bb26123c812a42b15334bc96a1813e6aad5e148acb52,c3c998194cd332d9ecd0b585e411223612f42b9db17fd0401dd79177c13b8a69,a1208c735f61d3c4c57d1e67e0d6e006f04d753f2de9d0b66d104bb503cc950d,4e641a703aef367444cb80fb65e8a9de4bdc3ee0030b6af04da5be43d7d15cdc;4bcfee26bf928ba1873b11464cc67971876216d3b9e6e364a253c1f65fe1c32b;e24d06eb98d306e3cc02fa8b12f6ecc2e0e6d8a932739eaad977d8ccb97ca1a2;7e71f12fa5d4b32811d5235352dd285b5b65ce84cf8e71348332d70554a08579,true,false,POINT,,27199,,27199,27199,true,false
edition-target:regional:nah-istmo-Latn-MX,Náhuatl del Istmo,nah-istmo-Latn-MX,26636.000000,26636.000000,563.474127,17610.514127,85,195,OUTSIDE,POSSIBLE,DIRECT_OR_DERIVED_PERSON_MEASURE,person_need,L-ID_PARTIAL_IDENTIFICATION_ENVELOPE,auth:regional:AMERICAS_EUROPE_EMPIRICAL_NEED_INPUTS:nah-istmo-Latn-MX,auth:regional:AMERICAS_EUROPE_EMPIRICAL_NEED_INPUTS:nah-istmo-Latn-MX,ADMIT,A_REGIONAL_EXACT_TYPED_PERSON,regional:AMERICAS_EUROPE_EMPIRICAL_NEED_INPUTS:nah-istmo-Latn-MX,AMERICAS_EUROPE_EMPIRICAL_NEED_INPUTS,nah-istmo-Latn-MX,REGIONAL_EMPIRICAL_STRATUM,e32509cfd4ff0c26aeefa17b6ab414b5221aa8d4230fec32767e2fd4a8893f52,93493bb70885823448592472a717821b62fbb8b26cecab5de5d0171dfcc44376,5fb8fef13f6e04f3a63211cc8137e56fc7c218ca3329891fcd1c335a9d8dcdb8,4123ed823122176c1bef6945dc39949d2e15a1878e280bfa299180b4640538ca;911deb36a0f3e8e7d16064d049431821461e16a065d2e17a75593a265e63093e;4e641a703aef367444cb80fb65e8a9de4bdc3ee0030b6af04da5be43d7d15cdc;4bcfee26bf928ba1873b11464cc67971876216d3b9e6e364a253c1f65fe1c32b;72fa9f5310d8320480dd71bbf7c5afcb6ba8e563fd0f255c2c6c888203574b86;1cf6784c00e1387887a6f62822885b4db4171b54d010d96dfbd74e6782572d5e;7e71f12fa5d4b32811d5235352dd285b5b65ce84cf8e71348332d70554a08579;eea9f7d4560e8753e50550dab0d492d07a031f3677f2c3b90c4ab0baf6f6449d;7b3abc9ebea0cc24c9388babcb42b7f81d7267c89597fae3f81348f87154a612,true,false,POINT,,26636,,26636,26636,true,false
edition-target:lang:ccr-GT,Chalchiteko,ccr-GT,21550.000000,21550.000000,2370.500000,16162.500000,86,183,OUTSIDE,POSSIBLE,DIRECT_OR_DERIVED_PERSON_MEASURE,person_need,L-ID_PARTIAL_IDENTIFICATION_ENVELOPE,auth:canonical:canonical:pop:594ab3c4757cd073bd5445a3,auth:canonical:canonical:pop:594ab3c4757cd073bd5445a3,ADMIT,A_DIRECT_TYPED_PERSON,canonical:pop:594ab3c4757cd073bd5445a3,legacy_canonical_population,pop:594ab3c4757cd073bd5445a3,language_population_or_context,9092fe9195dde1ebc655642e82094fc8518663f00959353630468142961caa3f,0ed773cd420a0e7d40b8b5dea55de6d91bace3ea149dad974b2bb27b535e4925,0811f506161e0d3d151f221c29ef5705af1a064b11a082b828d2085fb13298cb,4C646DEC532104F47E31C744EDC13A0E85B3FB2C4FBE2C8C0258AC44CD2B7790,true,false,POINT,,21550,,21550,21550,true,false
edition-target:lang:haw-Latn-US,ʻŌlelo Hawaiʻi,haw-Latn-US,25490.000000,25490.000000,0.000000,15886.302376,86,204,OUTSIDE,POSSIBLE,DIRECT_OR_DERIVED_PERSON_MEASURE,person_need,L-ID_PARTIAL_IDENTIFICATION_ENVELOPE,auth:regional:OCEANIA_CENTRAL_ASIA_EMPIRICAL_INPUTS:haw-Latn-US-HI,auth:regional:OCEANIA_CENTRAL_ASIA_EMPIRICAL_INPUTS:haw-Latn-US-HI,ADMIT,B_REGIONAL_ESTIMATE,regional:OCEANIA_CENTRAL_ASIA_EMPIRICAL_INPUTS:haw-Latn-US-HI,OCEANIA_CENTRAL_ASIA_EMPIRICAL_INPUTS,haw-Latn-US-HI,REGIONAL_EMPIRICAL_STRATUM,a57c42fe7c3b0eb7eed558bdf2c583c658ba2d996d4b811bf6d05572dfeaaa79,127f616fdccff736a5d619af48627025df8e071ab2d860ca630ab0a87263fdc5,73b1b4f8a414a70c20da53af5eac334e8664cd8640decdc56e9644b4e8cd10ae,df4e84a4fe88fcc4a2a3089b6ed111abcdb836cd62a920b345359b98b120d576;f693806991507c6160cbb6b41865e6ae16bf9382db749185e2dddeeda6d0a8ca;e724faea3cb74b0e671a0d40b13b8e655ead901c0f29d963edc6365745751e03;7e71f12fa5d4b32811d5235352dd285b5b65ce84cf8e71348332d70554a08579;3e45c06f376cb8f9cfe88fec638596913deb9d22c05262416a75a978b22f5209,true,false,POINT,25490,25490,25490,25490,25490,true,false
edition-target:lang:gui-BO,Bolivian Guaraní,gui-BO,17592.000000,17592.000000,1935.120000,13194.000000,92,185,OUTSIDE,POSSIBLE,DIRECT_OR_DERIVED_PERSON_MEASURE,person_need,L-ID_PARTIAL_IDENTIFICATION_ENVELOPE,auth:canonical:canonical:pop:5ab79476db66dcaf0ddce85e,auth:canonical:canonical:pop:5ab79476db66dcaf0ddce85e,ADMIT,A_DIRECT_TYPED_PERSON,canonical:pop:5ab79476db66dcaf0ddce85e,legacy_canonical_population,pop:5ab79476db66dcaf0ddce85e,language_population_or_context,b3d7616552ccf338347e67ae0f5a8db6a464b52b6a892a04c330cd72a2bf9328,1f70d4d38424532ba064fb60e4d3b885054accf37702fd1155a92e59249e7bf7,0003389f285d3f25d88384429d2112e2fd2be77bb5128d774ef4101d4d780f1b,924EB98438766B0E33568FCC094801EDFB9FEAE19E22C9C5144F895E93424E8F,true,false,POINT,,17592,,17592,17592,true,false
edition-target:lang:pon-Latn-FM,Pohnpeian,pon-Latn-FM,17787.000000,17787.000000,1956.570000,13340.250000,92,185,OUTSIDE,POSSIBLE,DIRECT_OR_DERIVED_PERSON_MEASURE,person_need,L-ID_PARTIAL_IDENTIFICATION_ENVELOPE,auth:canonical:canonical:pop:13469bc5808556f0312a2d3e,auth:canonical:canonical:pop:13469bc5808556f0312a2d3e,ADMIT,A_DIRECT_TYPED_PERSON,canonical:pop:13469bc5808556f0312a2d3e,legacy_canonical_population,pop:13469bc5808556f0312a2d3e,language_population_or_context,e6c07107a542435f051c65f3e60cacea1a6054b901303c13ec1d6f2d20cf513e,2141ad8dd7c42ce9e9884e6bb6699863087d2a79bb6d935a7b4ecceb16d99100,572cbd7c5c39c39f7cf98cde4e526a036de4051fd4a2304fdcfe042d170461d5,581B729BAD4DC52E4F607C06D9DD508B7904B213E0F5C4C829E2F1881ECC59FF,true,false,POINT,17787,17787,17787,17787,17787,true,false
edition-target:regional:nah-sierra-oeste-puebla-Latn-MX,Náhuatl de la Sierra oeste de Puebla,nah-sierra-oeste-puebla-Latn-MX,19482.000000,19482.000000,412.134064,12880.614064,92,195,OUTSIDE,POSSIBLE,DIRECT_OR_DERIVED_PERSON_MEASURE,person_need,L-ID_PARTIAL_IDENTIFICATION_ENVELOPE,auth:regional:AMERICAS_EUROPE_EMPIRICAL_NEED_INPUTS:nah-sierra-oeste-puebla-Latn-MX,auth:regional:AMERICAS_EUROPE_EMPIRICAL_NEED_INPUTS:nah-sierra-oeste-puebla-Latn-MX,ADMIT,A_REGIONAL_EXACT_TYPED_PERSON,regional:AMERICAS_EUROPE_EMPIRICAL_NEED_INPUTS:nah-sierra-oeste-puebla-Latn-MX,AMERICAS_EUROPE_EMPIRICAL_NEED_INPUTS,nah-sierra-oeste-puebla-Latn-MX,REGIONAL_EMPIRICAL_STRATUM,174444ff341bac4d4f8bae7f3df97bde203bf9660eb8b8a95ac1002ff7854499,75f260187b0c190bbdfee67a71664d87abc9d5373998c1f5844d31ec4a9e11df,8cb4a4145e04a087a9a8cef57e5421d7306d33f8c5cd2134b1748227ad4448a6,4123ed823122176c1bef6945dc39949d2e15a1878e280bfa299180b4640538ca;911deb36a0f3e8e7d16064d049431821461e16a065d2e17a75593a265e63093e;4e641a703aef367444cb80fb65e8a9de4bdc3ee0030b6af04da5be43d7d15cdc;4bcfee26bf928ba1873b11464cc67971876216d3b9e6e364a253c1f65fe1c32b;72fa9f5310d8320480dd71bbf7c5afcb6ba8e563fd0f255c2c6c888203574b86;1cf6784c00e1387887a6f62822885b4db4171b54d010d96dfbd74e6782572d5e;7e71f12fa5d4b32811d5235352dd285b5b65ce84cf8e71348332d70554a08579;eea9f7d4560e8753e50550dab0d492d07a031f3677f2c3b90c4ab0baf6f6449d;7b3abc9ebea0cc24c9388babcb42b7f81d7267c89597fae3f81348f87154a612,true,false,POINT,,19482,,19482,19482,true,false
edition-target:lang:caa-GT,Ch’orti’,caa-GT,16663.000000,16663.000000,1832.930000,12497.250000,94,185,OUTSIDE,POSSIBLE,DIRECT_OR_DERIVED_PERSON_MEASURE,person_need,L-ID_PARTIAL_IDENTIFICATION_ENVELOPE,auth:canonical:canonical:pop:9b57986f4e4befb44530dc24,auth:canonical:canonical:pop:9b57986f4e4befb44530dc24,ADMIT,A_DIRECT_TYPED_PERSON,canonical:pop:9b57986f4e4befb44530dc24,legacy_canonical_population,pop:9b57986f4e4befb44530dc24,language_population_or_context,af97b8228aa8799d15319343577878c15ec319ee6d3d8374a1682d859193724c,b10d422f0bdf5a2b4f3d613d079a6d078147581d28f5b4f09c6c1916bdcf7f34,36e5353105242dcb25d52757fe121c3a1cbd8a4190f82ce6e5beead4efa471cc,4C646DEC532104F47E31C744EDC13A0E85B3FB2C4FBE2C8C0258AC44CD2B7790,true,false,POINT,,16663,,16663,16663,true,false
edition-target:lang:dhv-Latn-NC,Drehu,dhv-Latn-NC,15900.000000,15900.000000,2448.600000,12624.600000,94,183,OUTSIDE,POSSIBLE,DIRECT_OR_DERIVED_PERSON_MEASURE,person_need,L-ID_PARTIAL_IDENTIFICATION_ENVELOPE,auth:canonical:canonical:pop:71024bd452756cac8abda116,auth:canonical:canonical:pop:71024bd452756cac8abda116;auth:regional:OCEANIA_CENTRAL_ASIA_EMPIRICAL_INPUTS:dhv-Latn-NC,ADMIT,A_DIRECT_TYPED_PERSON,canonical:pop:71024bd452756cac8abda116,legacy_canonical_population,pop:71024bd452756cac8abda116,language_population_or_context,372eea232ee5d1576b1afdfba288c872370431faee333e4ced5a369cbebc6dd2,a4a669fa2c0d9914b290f6093ceda496796f6468d781a48ec2c94b3e21655421,4e7bd8f6caee97978ed5c5276c729041d8126770f69decd26a5f3a633cc1a4b6,E4F0C811B058EF6A02BE79BE15EE729E882DAC48148C5FBCADFC9B67C6B80C31,true,false,POINT,15900,15900,15900,15900,15900,true,false
edition-target:regional:nah-mexicano-oriente-central-Latn-MX,Mexicano del oriente central,nah-mexicano-oriente-central-Latn-MX,18909.000000,18909.000000,400.012474,12501.772474,94,195,OUTSIDE,POSSIBLE,DIRECT_OR_DERIVED_PERSON_MEASURE,person_need,L-ID_PARTIAL_IDENTIFICATION_ENVELOPE,auth:regional:AMERICAS_EUROPE_EMPIRICAL_NEED_INPUTS:nah-mexicano-oriente-central-Latn-MX,auth:regional:AMERICAS_EUROPE_EMPIRICAL_NEED_INPUTS:nah-mexicano-oriente-central-Latn-MX,ADMIT,A_REGIONAL_EXACT_TYPED_PERSON,regional:AMERICAS_EUROPE_EMPIRICAL_NEED_INPUTS:nah-mexicano-oriente-central-Latn-MX,AMERICAS_EUROPE_EMPIRICAL_NEED_INPUTS,nah-mexicano-oriente-central-Latn-MX,REGIONAL_EMPIRICAL_STRATUM,90aad3f56567f3f5a586493fbab8dabe3e2e128fa87b7d70c8a1ebb4da9f4073,13010e2665d1250b8d93841db845864d799ad2218d33ade7e2a19945d409bceb,aa75509e9a12797b0ca9a3141d9ab77dd299b75ff64689c13026dd32d0e9fa16,4123ed823122176c1bef6945dc39949d2e15a1878e280bfa299180b4640538ca;911deb36a0f3e8e7d16064d049431821461e16a065d2e17a75593a265e63093e;4e641a703aef367444cb80fb65e8a9de4bdc3ee0030b6af04da5be43d7d15cdc;4bcfee26bf928ba1873b11464cc67971876216d3b9e6e364a253c1f65fe1c32b;72fa9f5310d8320480dd71bbf7c5afcb6ba8e563fd0f255c2c6c888203574b86;1cf6784c00e1387887a6f62822885b4db4171b54d010d96dfbd74e6782572d5e;7e71f12fa5d4b32811d5235352dd285b5b65ce84cf8e71348332d70554a08579;eea9f7d4560e8753e50550dab0d492d07a031f3677f2c3b90c4ab0baf6f6449d;7b3abc9ebea0cc24c9388babcb42b7f81d7267c89597fae3f81348f87154a612,true,false,POINT,,18909,,18909,18909,true,false
edition-target:lang:ojs-CA,Oji-Cree,ojs-CA,15305.000000,15305.000000,1683.550000,11478.750000,96,185,OUTSIDE,POSSIBLE,DIRECT_OR_DERIVED_PERSON_MEASURE,person_need,L-ID_PARTIAL_IDENTIFICATION_ENVELOPE,auth:canonical:canonical:pop:750ff1a1ce930cd090bdce4e,auth:canonical:canonical:pop:750ff1a1ce930cd090bdce4e;auth:regional:AMERICAS_EUROPE_EMPIRICAL_NEED_INPUTS:ojs-script-unresolved-CA,ADMIT,A_DIRECT_TYPED_PERSON,canonical:pop:750ff1a1ce930cd090bdce4e,legacy_canonical_population,pop:750ff1a1ce930cd090bdce4e,language_population_or_context,a8b88dd409446ab72b5044de053e20672963e9571f0e5ed3133cd1d287a259ba,139a5f2b1faf51129b3f291a31369e800b48badec1a917f4182958275b4d8601,81c8244700ab05a32b806db0c30c8e0a2371460434ac18fc510141773cdb6c43,87059F4EDC74D23ECD58E875C042C0C4F79A898243CB5071FA01A64292112D60,true,false,POINT,,15305,,15305,15305,true,false
edition-target:lang:agu-GT,Awakateko,agu-GT,10145.000000,10145.000000,1115.950000,7608.750000,97,190,OUTSIDE,POSSIBLE,DIRECT_OR_DERIVED_PERSON_MEASURE,person_need,L-ID_PARTIAL_IDENTIFICATION_ENVELOPE,auth:canonical:canonical:pop:f71177c091b3e0054383d5d4,auth:canonical:canonical:pop:f71177c091b3e0054383d5d4,ADMIT,A_DIRECT_TYPED_PERSON,canonical:pop:f71177c091b3e0054383d5d4,legacy_canonical_population,pop:f71177c091b3e0054383d5d4,language_population_or_context,6776c37b9558a3ba3a8c19f2fb5389200e41937a7dc2e9e19d041b188b3a22fc,092512b0d00a00abcb6ebb807664447cd147bc3fda40a79b883b4edc970b37b8,3b5c5f7dcdaf5d450bb0dd3578a2d0e08b160aaa10983986d08b670c310420f0,4C646DEC532104F47E31C744EDC13A0E85B3FB2C4FBE2C8C0258AC44CD2B7790,true,false,POINT,,10145,,10145,10145,true,false
edition-target:lang:aoa-Latn-ST,Angolar,aoa-Latn-ST,11377.000000,11377.000000,1251.470000,8532.750000,97,190,OUTSIDE,POSSIBLE,DIRECT_OR_DERIVED_PERSON_MEASURE,person_need,L-ID_PARTIAL_IDENTIFICATION_ENVELOPE,auth:regional:AFRICA_EMPIRICAL_NEED_INPUTS:aoa-Latn-ST,auth:regional:AFRICA_EMPIRICAL_NEED_INPUTS:aoa-Latn-ST,ADMIT,A_REGIONAL_EXACT_TYPED_PERSON,regional:AFRICA_EMPIRICAL_NEED_INPUTS:aoa-Latn-ST,AFRICA_EMPIRICAL_NEED_INPUTS,aoa-Latn-ST,REGIONAL_EMPIRICAL_STRATUM,a874d43c94010343524e53ed4f19d6c3a594bdca235091df8d0133f753159aa5,bf58b9f2a8ad9471ae22c515f125f7c9b465ec73942033cd2649b1540d3b9171,1f34b595e14f9c922e2364807f62fe1b910a63ae99fbf57e452064d1712bddf6,bff4a7760d2e199fe45afc53be54bb8bd7d97a0f5b6d9b3cd053ddd35cf8aebc,true,false,POINT,11377,11377,11377,11377,11377,true,false
edition-target:lang:crk-CA,Nehiyawewin,crk-CA,12005.000000,12005.000000,1320.550000,9003.750000,97,189,OUTSIDE,POSSIBLE,DIRECT_OR_DERIVED_PERSON_MEASURE,person_need,L-ID_PARTIAL_IDENTIFICATION_ENVELOPE,auth:canonical:canonical:pop:29ee505aeed4c97162d1fe98,auth:canonical:canonical:pop:29ee505aeed4c97162d1fe98;auth:regional:AMERICAS_EUROPE_EMPIRICAL_NEED_INPUTS:crk-Latn-CA,ADMIT,A_DIRECT_TYPED_PERSON,canonical:pop:29ee505aeed4c97162d1fe98,legacy_canonical_population,pop:29ee505aeed4c97162d1fe98,language_population_or_context,ba7dc4cc70fece9477e1eda9f93ade2e565d1f05f39030930fee3d0fcc62c1f8,9b23140bf0fd2e53b3f67180de08f0c96c297781463869c66dad8166c2646acf,4cad8ce8d39ab199b857a270ac6fa5667d47c7def706d1f65dd3c66516f1b23b,87059F4EDC74D23ECD58E875C042C0C4F79A898243CB5071FA01A64292112D60,true,false,POINT,,12005,,12005,12005,true,false
edition-target:lang:moe-CA,Innu-Aimun,moe-CA,10740.000000,10740.000000,1181.400000,8055.000000,97,190,OUTSIDE,POSSIBLE,DIRECT_OR_DERIVED_PERSON_MEASURE,person_need,L-ID_PARTIAL_IDENTIFICATION_ENVELOPE,auth:canonical:canonical:pop:1698830a17c6f59ef42306e5,auth:canonical:canonical:pop:1698830a17c6f59ef42306e5,ADMIT,A_DIRECT_TYPED_PERSON,canonical:pop:1698830a17c6f59ef42306e5,legacy_canonical_population,pop:1698830a17c6f59ef42306e5,language_population_or_context,7ba61d4403a7dbff210b6863782bcab45d10ba1ebed64ca59816ec8e9b0ef7c2,356a926a7c8ab9d6bb860cf5e5957be368c1992a0d10aba42a88a78b046803a6,ab4e139781a7e06300ebbeab2e18e378ae6dd459106e48e6fa164b78ccf87192,87059F4EDC74D23ECD58E875C042C0C4F79A898243CB5071FA01A64292112D60,true,false,POINT,,10740,,10740,10740,true,false
edition-target:lang:na-Latn-NR,Nauruan,na-Latn-NR,11009.000000,11019.000000,1695.386000,8749.086000,97,185,OUTSIDE,POSSIBLE,DIRECT_OR_DERIVED_PERSON_MEASURE,person_need,L-ID_PARTIAL_IDENTIFICATION_ENVELOPE,auth:regional:OCEANIA_CENTRAL_ASIA_EMPIRICAL_INPUTS:na-Latn-NR,auth:canonical:canonical:pop:6275ddc5fb49a1ec70eec247;auth:regional:OCEANIA_CENTRAL_ASIA_EMPIRICAL_INPUTS:na-Latn-NR,ADMIT,B_REGIONAL_INTERVAL_TYPED_PERSON,regional:OCEANIA_CENTRAL_ASIA_EMPIRICAL_INPUTS:na-Latn-NR,OCEANIA_CENTRAL_ASIA_EMPIRICAL_INPUTS,na-Latn-NR,REGIONAL_EMPIRICAL_STRATUM,88006f6a4ca5a0dd4ae9ed048d768e2d403c19ceed9dc24be7cf1e65a75064cf,2cf677ce837b07c41a1b40219039452b6cf1b9fb18da61fdd1dc1fb7beda9aae,802942dc62aaa40e46e7d27dcc7cc917cfd4a6b389ec013b6c3c44dec6ff048e,7bf96b6a1f9b7268c79eb09c350c4cefa5200b7ef287af90aacb7aa0b12e0e47;7bf4945d0d3b47f74c0eee60d65b033e624dc3c19f69b969bd4765a85115c28a;9d487ccc585d05289f8d5786fa8a26830e2a84c43bb37cf034ed2eb2ca76c9ff;7e71f12fa5d4b32811d5235352dd285b5b65ce84cf8e71348332d70554a08579;3e45c06f376cb8f9cfe88fec638596913deb9d22c05262416a75a978b22f5209,true,false,INTERVAL,11009,11014,11019,11009,11019,true,false
edition-target:lang:pau-Latn-PW,Palauan,pau-Latn-PW,12399.000000,12399.000000,1909.446000,9844.806000,97,185,OUTSIDE,POSSIBLE,DIRECT_OR_DERIVED_PERSON_MEASURE,person_need,L-ID_PARTIAL_IDENTIFICATION_ENVELOPE,auth:canonical:canonical:pop:e58d5d7fe380971e766c4716,auth:canonical:canonical:pop:e58d5d7fe380971e766c4716;auth:regional:OCEANIA_CENTRAL_ASIA_EMPIRICAL_INPUTS:pau-Latn-PW,ADMIT,A_DIRECT_TYPED_PERSON,canonical:pop:e58d5d7fe380971e766c4716,legacy_canonical_population,pop:e58d5d7fe380971e766c4716,language_population_or_context,054ca825eaca57dc3ccc03e66b83878a7cab31901ce004552153a64d46e200cd,1b262877b6397fdc37de880aa2b662f7ac0cf5009d9fe7e153e8754a448e82c8,e1436a5580472cb40e1dfc7978090f25379eed2d72f87f4df4d5dac989d5d66e,6DFCA7B309721BE0C7D9623D03E8B75295389C737669763FF756F3E2D80EC3DB,true,false,POINT,12399,12399,12399,12399,12399,true,false
edition-target:lang:poc-GT,Poqomam,poc-GT,10787.000000,10787.000000,1186.570000,8090.250000,97,190,OUTSIDE,POSSIBLE,DIRECT_OR_DERIVED_PERSON_MEASURE,person_need,L-ID_PARTIAL_IDENTIFICATION_ENVELOPE,auth:canonical:canonical:pop:6ca2f835abe6c18b9897f4b1,auth:canonical:canonical:pop:6ca2f835abe6c18b9897f4b1,ADMIT,A_DIRECT_TYPED_PERSON,canonical:pop:6ca2f835abe6c18b9897f4b1,legacy_canonical_population,pop:6ca2f835abe6c18b9897f4b1,language_population_or_context,35b10e1901a78bc07a16dd8da37741cc2a3c0e3e408c1d5626595cb8e15f3db4,62ddcd63f7950c73c894dad67b3fc270df2e4131456a77ec0c20f0c3df825f4a,d32436407c3ac345798ced6f1b5f2fedda72bfc76bcc98cb4ffa9fd5547db70f,4C646DEC532104F47E31C744EDC13A0E85B3FB2C4FBE2C8C0258AC44CD2B7790,true,false,POINT,,10787,,10787,10787,true,false
edition-target:lang:prl-PE,Peruvian Sign Language,prl-PE,10447.000000,10447.000000,1399.898000,8085.978000,97,189,OUTSIDE,POSSIBLE,DIRECT_OR_DERIVED_PERSON_MEASURE,person_need,L-ID_PARTIAL_IDENTIFICATION_ENVELOPE,auth:canonical:canonical:pop:bbe199a06c15dc411f4b0e33,auth:canonical:canonical:pop:bbe199a06c15dc411f4b0e33,ADMIT,A_DIRECT_TYPED_PERSON,canonical:pop:bbe199a06c15dc411f4b0e33,legacy_canonical_population,pop:bbe199a06c15dc411f4b0e33,language_population_or_context,fe22ea9cef7b93f417f7daa7058a67b966ccb9a2d86369a12f33f6ad528e0d72,ca85c4a1a22f37d7c9e1761ae283bd609bfed38e8c8145b23aca6a6e6163bd50,702f9e3abe5c8addbde9d4d43a4fd89a08efa5f934e1539f0e8e7d2a052c2839,32BCB76A458D703F2DB69AE332750E3148C68699DDF52C9B5CBCFD62964029FF,true,false,POINT,10447,10447,10447,10447,10447,true,false
edition-target:lang:ch-Latn-MP,CHamoru,ch-Latn-MP,9579.000000,9579.000000,1053.690000,7184.250000,98,190,OUTSIDE,POSSIBLE,DIRECT_OR_DERIVED_PERSON_MEASURE,person_need,L-ID_PARTIAL_IDENTIFICATION_ENVELOPE,auth:canonical:canonical:pop:8abc697a2c611942e19c1d54,auth:canonical:canonical:pop:8abc697a2c611942e19c1d54,ADMIT,A_DIRECT_TYPED_PERSON,canonical:pop:8abc697a2c611942e19c1d54,legacy_canonical_population,pop:8abc697a2c611942e19c1d54,language_population_or_context,7e7997d20c03280ca5d05fbf5883ac2bb0078abab0f1d6c9114edeef97bc2e07,7e00506c4fc90eafa138dbe68aca35e72a45c021551f845cf25ccb9c709072ea,e806a73d178b39fb8f21e31718d73af2ae8d7034843b9730a1017ab7d92a20d0,A3F01D57341FB17D5F3F61E6C5D12C51BF6B9984D57E27069DBB4E515BEA9146,true,false,POINT,9579,9579,9579,9579,9579,true,false
edition-target:lang:mic-CA,Mi’kmaq,mic-CA,9240.000000,9240.000000,1016.400000,6930.000000,99,190,OUTSIDE,POSSIBLE,DIRECT_OR_DERIVED_PERSON_MEASURE,person_need,L-ID_PARTIAL_IDENTIFICATION_ENVELOPE,auth:canonical:canonical:pop:634692347a0d69feca4158b9,auth:canonical:canonical:pop:634692347a0d69feca4158b9,ADMIT,A_DIRECT_TYPED_PERSON,canonical:pop:634692347a0d69feca4158b9,legacy_canonical_population,pop:634692347a0d69feca4158b9,language_population_or_context,ddd6bc6be1ca6b1a992e134c1bf3cb717034798ce54445eaf7757f1fbfea0f87,a6d8aa7b1f18f83d2071265b843f9889c07539f81b589637d72f9d37fce57660,966f9ca952c13abc5690907ce6488b8d37fb76cf93923528ccb63187b022fdb4,87059F4EDC74D23ECD58E875C042C0C4F79A898243CB5071FA01A64292112D60,true,false,POINT,,9240,,9240,9240,true,false
edition-target:lang:nen-Latn-NC,Nengone,nen-Latn-NC,9400.000000,9400.000000,1034.000000,7050.000000,99,190,OUTSIDE,POSSIBLE,DIRECT_OR_DERIVED_PERSON_MEASURE,person_need,L-ID_PARTIAL_IDENTIFICATION_ENVELOPE,auth:canonical:canonical:pop:949e89951282a978265b5aa9,auth:canonical:canonical:pop:949e89951282a978265b5aa9,ADMIT,A_DIRECT_TYPED_PERSON,canonical:pop:949e89951282a978265b5aa9,legacy_canonical_population,pop:949e89951282a978265b5aa9,language_population_or_context,5e127c05db74c6a4ca7efd9ae27c8f4cce7f07f8dd2705a03a34ce57b43d3ce0,f0464677aec2bb14d33a2b23982a13f5cccc346cac57cdd9a4bcc434dd7ad8f7,6637e75fc2d8af62f99b5e9d04d97ddf5dbada6be4a1c2e7f949e53ed503cedc,E4F0C811B058EF6A02BE79BE15EE729E882DAC48148C5FBCADFC9B67C6B80C31,true,false,POINT,9400,9400,9400,9400,9400,true,false
edition-target:lang:acu-EC,Achuar Chicham,acu-EC,9162.000000,9162.000000,1007.820000,6871.500000,100,190,OUTSIDE,POSSIBLE,DIRECT_OR_DERIVED_PERSON_MEASURE,person_need,L-ID_PARTIAL_IDENTIFICATION_ENVELOPE,auth:canonical:canonical:pop:d9df54cbed975c611524c858,auth:canonical:canonical:pop:d9df54cbed975c611524c858,ADMIT,A_DIRECT_TYPED_PERSON,canonical:pop:d9df54cbed975c611524c858,legacy_canonical_population,pop:d9df54cbed975c611524c858,language_population_or_context,4febfedd68c8a3cbfe092ced92f445431e2a01588205e9fdba0ae53c8f36579f,62e58d42ff212fbf357945cdc72cae3838fb22d185dd7d70c135512a37efbe30,73ffa48e30503920f4cc34a69e5333edfb1df5b30c684a25ba30767c966ca491,592E172A4F6A546EBFA54AD4584DF54D56DA4B5378BED2B84422830F972895FB,true,false,POINT,,9162,,9162,9162,true,false
edition-target:lang:chr-US,Cherokee,chr-US,10440.000000,10440.000000,0.000000,6506.590695,100,204,OUTSIDE,POSSIBLE,DIRECT_OR_DERIVED_PERSON_MEASURE,person_need,L-ID_PARTIAL_IDENTIFICATION_ENVELOPE,auth:canonical:canonical:pop:85634c9188e37bf635f6562a,auth:canonical:canonical:pop:85634c9188e37bf635f6562a,ADMIT,A_DIRECT_TYPED_PERSON,canonical:pop:85634c9188e37bf635f6562a,legacy_canonical_population,pop:85634c9188e37bf635f6562a,language_population_or_context,6a7e532582dd566620267216abb4034c8b1de78e7a42ef04352d3bbd752acd99,3d02601d3e58c8eed3e92596de2b5f5fb74850bccc46ace93c87e0d821a73723,fa77b250e4a0500e71619d70bc6dcaec068df0aa581164c780109edfd5f1c823,581629BCBC088D010C7DEDCFA35BA44C4BEC54C56AC1DD4DCB3E219418069DDB,true,false,POINT,,10440,,10440,10440,true,false
edition-target:lang:rop-Latn-AU,Australian Kriol,rop-Latn-AU,7403.000000,7403.000000,814.330000,5552.250000,104,191,OUTSIDE,OUTSIDE,DIRECT_OR_DERIVED_PERSON_MEASURE,person_need,L-ID_PARTIAL_IDENTIFICATION_ENVELOPE,auth:canonical:canonical:pop:676eb50e5ae61c38d3579c6a,auth:canonical:canonical:pop:676eb50e5ae61c38d3579c6a;auth:regional:OCEANIA_CENTRAL_ASIA_EMPIRICAL_INPUTS:rop-Latn-AU,ADMIT,A_DIRECT_TYPED_PERSON,canonical:pop:676eb50e5ae61c38d3579c6a,legacy_canonical_population,pop:676eb50e5ae61c38d3579c6a,language_population_or_context,67521acb0cc0d0aeb66dfd9582cb6f43be917a3285dd317c961943aa2e322e76,c5b6c17b78abc5064a615b3d86869dfd77255da300c492397bd45f8105b3cc55,815f6ad6b8061a2641f0f88c5034b5c69f1b3a6e6d62d335a75463e67bc41d79,DD45651665BFBB13FD4245D42A5FB29D931037692C3522EF2C97DE902B0128B6,true,false,POINT,7403,7403,7403,7403,7403,true,false
edition-target:lang:tcs-Latn-AU,Yumplatok,tcs-Latn-AU,7596.000000,7596.000000,835.560000,5697.000000,104,191,OUTSIDE,OUTSIDE,DIRECT_OR_DERIVED_PERSON_MEASURE,person_need,L-ID_PARTIAL_IDENTIFICATION_ENVELOPE,auth:regional:OCEANIA_CENTRAL_ASIA_EMPIRICAL_INPUTS:tcs-Latn-AU,auth:canonical:canonical:pop:6d1fcf540c56bdb5901784b8;auth:regional:OCEANIA_CENTRAL_ASIA_EMPIRICAL_INPUTS:tcs-Latn-AU,ADMIT,A_REGIONAL_EXACT_TYPED_PERSON,regional:OCEANIA_CENTRAL_ASIA_EMPIRICAL_INPUTS:tcs-Latn-AU,OCEANIA_CENTRAL_ASIA_EMPIRICAL_INPUTS,tcs-Latn-AU,REGIONAL_EMPIRICAL_STRATUM,76c5a5f545329c5e34647bdcc62b5528a27d846e4afc82319579b07196734fb6,2fcf42960c50f5360a8a82fb8936b4f071411439270128a931c501a2e007b4a4,5dcee77b7cef014c032e453ae6b66b5fd49d6bf43ad6cc4b663fb3c142d4e882,3d8e3c793a51645341dcaf8f4747368fbe06857b4478addf29ac043329c498e0;f92d564fea58abc77d68be4ff6fc3f14a366a05a45b2fb68b6a540c879950871;35c01e60387c85e22ca79be32b36a17ba281beb779bf0e2a07646ed795c7bdd0;7e71f12fa5d4b32811d5235352dd285b5b65ce84cf8e71348332d70554a08579;3e45c06f376cb8f9cfe88fec638596913deb9d22c05262416a75a978b22f5209,true,false,POINT,7596,7596,7596,7596,7596,true,false
edition-target:regional:gun-Latn-BR,Guarani Mbyá in Brazil,gun-Latn-BR,8538.000000,8538.000000,135.111356,5599.431356,104,203,OUTSIDE,OUTSIDE,DIRECT_OR_DERIVED_PERSON_MEASURE,person_need,L-ID_PARTIAL_IDENTIFICATION_ENVELOPE,auth:regional:AMERICAS_EUROPE_EMPIRICAL_NEED_INPUTS:gun-Latn-BR,auth:regional:AMERICAS_EUROPE_EMPIRICAL_NEED_INPUTS:gun-Latn-BR,ADMIT,A_REGIONAL_EXACT_TYPED_PERSON,regional:AMERICAS_EUROPE_EMPIRICAL_NEED_INPUTS:gun-Latn-BR,AMERICAS_EUROPE_EMPIRICAL_NEED_INPUTS,gun-Latn-BR,REGIONAL_EMPIRICAL_STRATUM,9b51646ed573cd81e87f3d65179d6670c3fab8f4ead1a7ed9d708a4f0efe13f9,b82b6cb2e0829dc7eae60f4fc13755367aa991f18f66860e28d0e4e3c18c451f,8ac0fb060baf8c4b51576f8b6a16f6564c0c8e8c101e4d193db35c3ac6e740e9,200c5cdc2e7127d3ebb80375040c48af0127bf8fc0fd8cc210db78d27be86070;0fc684d53f8dec13d97333cb39e555d700304dbf102349d4da0f9fad6c3405f1;1cf6784c00e1387887a6f62822885b4db4171b54d010d96dfbd74e6782572d5e;7e71f12fa5d4b32811d5235352dd285b5b65ce84cf8e71348332d70554a08579,true,false,POINT,,8538,,8538,8538,true,false
edition-target:regional:inb-Latn-CO,Inga in Colombia,inb-Latn-CO,7779.000000,7779.000000,516.721608,5495.281608,104,195,OUTSIDE,OUTSIDE,DIRECT_OR_DERIVED_PERSON_MEASURE,person_need,L-ID_PARTIAL_IDENTIFICATION_ENVELOPE,auth:regional:AMERICAS_EUROPE_EMPIRICAL_NEED_INPUTS:inb-Latn-CO,auth:regional:AMERICAS_EUROPE_EMPIRICAL_NEED_INPUTS:inb-Latn-CO,ADMIT,A_REGIONAL_EXACT_TYPED_PERSON,regional:AMERICAS_EUROPE_EMPIRICAL_NEED_INPUTS:inb-Latn-CO,AMERICAS_EUROPE_EMPIRICAL_NEED_INPUTS,inb-Latn-CO,REGIONAL_EMPIRICAL_STRATUM,2e85500e52ac72b1de8f3e5f19c88dc1902b90a49bedcdf96b90b3d2f134cc17,2f1d0aa1edd2f342cf19127c0dce48fb1490bb0f4bbb38bbaef34d0958039a1b,1639ff1d50d3e4683cc5dc183b8b6e7a4a8312cc8c9c1732582ecced4aeafcce,86fbbb88282dd713c78fc059743ffbbe266d8552c5fefbba8a98fb77721399c6;4bf76703dccbbe309dff32b9203d42c741cfd9ac6f068858bffe5933c9b5afdf;7e71f12fa5d4b32811d5235352dd285b5b65ce84cf8e71348332d70554a08579,true,false,POINT,,7779,,7779,7779,true,false
edition-target:lang:rap-Latn-CL,Rapa Nui,rap-Latn-CL,7006.000000,7006.000000,770.660000,5254.500000,106,192,OUTSIDE,OUTSIDE,DIRECT_OR_DERIVED_PERSON_MEASURE,person_need,L-ID_PARTIAL_IDENTIFICATION_ENVELOPE,auth:regional:OCEANIA_CENTRAL_ASIA_EMPIRICAL_INPUTS:rap-Latn-CL-IP,auth:regional:OCEANIA_CENTRAL_ASIA_EMPIRICAL_INPUTS:rap-Latn-CL-IP,ADMIT,A_REGIONAL_EXACT_TYPED_PERSON,regional:OCEANIA_CENTRAL_ASIA_EMPIRICAL_INPUTS:rap-Latn-CL-IP,OCEANIA_CENTRAL_ASIA_EMPIRICAL_INPUTS,rap-Latn-CL-IP,REGIONAL_EMPIRICAL_STRATUM,328078576823355505d06ab903550d526e00bbb7678deb3b189aa18ad4b13ff1,cea38898b1d779d49fa4cffc394e784198f33852f11b9237a56e05acdb5f6a21,25fa43c886be1e412c7721233671d9b6381ef3dc13c9d36b0011d1a7455aeced,b14403805aa65774fe31fb45e4e0be545c8482843caba954c6daa9a127d710e5;37f9fbae13aa0192be138b1b6637d5312abd55562838178ce12d49839380a3a3;7e71f12fa5d4b32811d5235352dd285b5b65ce84cf8e71348332d70554a08579;3e45c06f376cb8f9cfe88fec638596913deb9d22c05262416a75a978b22f5209,true,false,POINT,7006,7006,7006,7006,7006,true,false
edition-target:regional:nah-oaxaca-Latn-MX,Náhuatl de Oaxaca,nah-oaxaca-Latn-MX,8130.000000,8130.000000,171.986959,5375.186959,106,202,OUTSIDE,OUTSIDE,DIRECT_OR_DERIVED_PERSON_MEASURE,person_need,L-ID_PARTIAL_IDENTIFICATION_ENVELOPE,auth:regional:AMERICAS_EUROPE_EMPIRICAL_NEED_INPUTS:nah-oaxaca-Latn-MX,auth:regional:AMERICAS_EUROPE_EMPIRICAL_NEED_INPUTS:nah-oaxaca-Latn-MX,ADMIT,A_REGIONAL_EXACT_TYPED_PERSON,regional:AMERICAS_EUROPE_EMPIRICAL_NEED_INPUTS:nah-oaxaca-Latn-MX,AMERICAS_EUROPE_EMPIRICAL_NEED_INPUTS,nah-oaxaca-Latn-MX,REGIONAL_EMPIRICAL_STRATUM,a26f6e0d05da30e71c687c0d1b9e342d9f21cc7182fc8ccfa58c0f1d031d5f66,e2e0d5899cc9eda555d0cbe7e8e200a5fe50187c6dcecdfdcf6c58aa78e59a78,34badedc5bdd09b89f19f73196cd9f3215d7a57b60d7964eaf769dcb73ea2ef6,4123ed823122176c1bef6945dc39949d2e15a1878e280bfa299180b4640538ca;911deb36a0f3e8e7d16064d049431821461e16a065d2e17a75593a265e63093e;4e641a703aef367444cb80fb65e8a9de4bdc3ee0030b6af04da5be43d7d15cdc;4bcfee26bf928ba1873b11464cc67971876216d3b9e6e364a253c1f65fe1c32b;72fa9f5310d8320480dd71bbf7c5afcb6ba8e563fd0f255c2c6c888203574b86;1cf6784c00e1387887a6f62822885b4db4171b54d010d96dfbd74e6782572d5e;7e71f12fa5d4b32811d5235352dd285b5b65ce84cf8e71348332d70554a08579;eea9f7d4560e8753e50550dab0d492d07a031f3677f2c3b90c4ab0baf6f6449d;7b3abc9ebea0cc24c9388babcb42b7f81d7267c89597fae3f81348f87154a612,true,false,POINT,,8130,,8130,8130,true,false
edition-target:lang:bla-CA,Blackfoot,bla-CA,6680.000000,6680.000000,734.800000,5010.000000,108,192,OUTSIDE,OUTSIDE,DIRECT_OR_DERIVED_PERSON_MEASURE,person_need,L-ID_PARTIAL_IDENTIFICATION_ENVELOPE,auth:canonical:canonical:pop:57c547e17d616f5d3d979a3c,auth:canonical:canonical:pop:57c547e17d616f5d3d979a3c,ADMIT,A_DIRECT_TYPED_PERSON,canonical:pop:57c547e17d616f5d3d979a3c,legacy_canonical_population,pop:57c547e17d616f5d3d979a3c,language_population_or_context,45162c132599956363088fdcb40453c7d826696634d7c1a38069de3adfa2fc32,bd22e52edb150e01afb1c6f8d0097d6920d2bb16d1ed83c502c185b8d88d7a09,f7cdf5f4effedf9c4f394f2e43a4584e6030f5f5845075bab4242b223f97e8d1,87059F4EDC74D23ECD58E875C042C0C4F79A898243CB5071FA01A64292112D60,true,false,POINT,,6680,,6680,6680,true,false
edition-target:lang:pri-Latn-NC,Paicî,pri-Latn-NC,6530.000000,6530.000000,718.300000,4897.500000,108,192,OUTSIDE,OUTSIDE,DIRECT_OR_DERIVED_PERSON_MEASURE,person_need,L-ID_PARTIAL_IDENTIFICATION_ENVELOPE,auth:regional:OCEANIA_CENTRAL_ASIA_EMPIRICAL_INPUTS:pri-Latn-NC,auth:canonical:canonical:pop:bfde747d90b71d839629a249;auth:regional:OCEANIA_CENTRAL_ASIA_EMPIRICAL_INPUTS:pri-Latn-NC,ADMIT,A_REGIONAL_EXACT_TYPED_PERSON,regional:OCEANIA_CENTRAL_ASIA_EMPIRICAL_INPUTS:pri-Latn-NC,OCEANIA_CENTRAL_ASIA_EMPIRICAL_INPUTS,pri-Latn-NC,REGIONAL_EMPIRICAL_STRATUM,56bc51df2222671aaa83204995f7d5b72c14f1dd865818d93c205792a360454f,b5e1c4cf8c580f644c6a77ad848ea8dca527c49c968fecc4c0a35659ae680951,0b3700f6188a0b4e534782acfd64fce9e9ef6d2ea94de37ab48b384419f436f5,c3f91c961928d3c5d4e2e59c582ec57103270177b89b362ea302797bc7f83cbc;1b56c95f29754817c201cc0b58944555d71e2fcb6404cff42a868743b5414db3;b1769abf92350f1ef2fca4f04a72a0f3c909ca67f6598bd23690de4f60b418b9;7e71f12fa5d4b32811d5235352dd285b5b65ce84cf8e71348332d70554a08579;3e45c06f376cb8f9cfe88fec638596913deb9d22c05262416a75a978b22f5209,true,false,POINT,6530,6530,6530,6530,6530,true,false
edition-target:lang:quv-GT,Sakapulteko,quv-GT,6528.000000,6528.000000,718.080000,4896.000000,108,192,OUTSIDE,OUTSIDE,DIRECT_OR_DERIVED_PERSON_MEASURE,person_need,L-ID_PARTIAL_IDENTIFICATION_ENVELOPE,auth:canonical:canonical:pop:414a0eb7fe9109d67a43341f,auth:canonical:canonical:pop:414a0eb7fe9109d67a43341f,ADMIT,A_DIRECT_TYPED_PERSON,canonical:pop:414a0eb7fe9109d67a43341f,legacy_canonical_population,pop:414a0eb7fe9109d67a43341f,language_population_or_context,f22778709c3e30793095277d4c8cbe13a0bf8cdc436da893b706e87f1acee04f,2903f793cc83dd0e0ab4d4710f5675459778c853fc49f61dc271559401a91391,3659e55a742e67ef5989f8374beda28699e09568b3f27d165a5da4722809d243,4C646DEC532104F47E31C744EDC13A0E85B3FB2C4FBE2C8C0258AC44CD2B7790,true,false,POINT,,6528,,6528,6528,true,false
edition-target:lang:zun-US,Zuni,zun-US,8109.000000,8109.000000,0.000000,5053.826048,108,204,OUTSIDE,OUTSIDE,DIRECT_OR_DERIVED_PERSON_MEASURE,person_need,L-ID_PARTIAL_IDENTIFICATION_ENVELOPE,auth:canonical:canonical:pop:0ba8b556e1bc941de0d5d9f6,auth:canonical:canonical:pop:0ba8b556e1bc941de0d5d9f6,ADMIT,A_DIRECT_TYPED_PERSON,canonical:pop:0ba8b556e1bc941de0d5d9f6,legacy_canonical_population,pop:0ba8b556e1bc941de0d5d9f6,language_population_or_context,4f7300edd89f2bda5660b69f073c04be2a1c1886f448fb38daaa8d8c0f23a6f8,735a796a2acc178fe43eec847270300f5164294769b2cfe24e0ba964fdcf9a88,b8de38feb8061532a09be3613ee78c35b839d8cea2dab9c5468bd6d7532301ec,581629BCBC088D010C7DEDCFA35BA44C4BEC54C56AC1DD4DCB3E219418069DDB,true,false,POINT,,8109,,8109,8109,true,false
edition-target:lang:cho-US,Choctaw,cho-US,7260.000000,7260.000000,0.000000,4524.698127,110,204,OUTSIDE,OUTSIDE,DIRECT_OR_DERIVED_PERSON_MEASURE,person_need,L-ID_PARTIAL_IDENTIFICATION_ENVELOPE,auth:canonical:canonical:pop:d738f094b1ea447c2706af5a,auth:canonical:canonical:pop:d738f094b1ea447c2706af5a,ADMIT,A_DIRECT_TYPED_PERSON,canonical:pop:d738f094b1ea447c2706af5a,legacy_canonical_population,pop:d738f094b1ea447c2706af5a,language_population_or_context,85879e4f7f41a987692b40a5473edfb11498d985035fb0a2b3360682aa1c880b,59a0c472cb89f60f578ecd1989592c524c7599a8c17f97cf1d56aa01529046b0,21e3322589581e8089a35e17d96ded8d5276475cc16adb8ac966cc6a3ef35402,581629BCBC088D010C7DEDCFA35BA44C4BEC54C56AC1DD4DCB3E219418069DDB,true,false,POINT,,7260,,7260,7260,true,false
edition-target:lang:hop-US,Hopi,hop-US,7105.000000,7105.000000,0.000000,4428.096445,110,204,OUTSIDE,OUTSIDE,DIRECT_OR_DERIVED_PERSON_MEASURE,person_need,L-ID_PARTIAL_IDENTIFICATION_ENVELOPE,auth:canonical:canonical:pop:4a0f6e4e0a48e2702401f678,auth:canonical:canonical:pop:4a0f6e4e0a48e2702401f678,ADMIT,A_DIRECT_TYPED_PERSON,canonical:pop:4a0f6e4e0a48e2702401f678,legacy_canonical_population,pop:4a0f6e4e0a48e2702401f678,language_population_or_context,4bc3f0a049b5d92f43dd1d90abe4d6d433f9be9c230814028e6d3b27fc2ded30,4aa68daf4acfbdae4bfb2e056a8820b31175facd9b6790e98f62d8b0fdf34bec,fdf3eb4120da2635a2aca32cd160adadbc25074e7e2ecc7af608bd1bd409b92d,581629BCBC088D010C7DEDCFA35BA44C4BEC54C56AC1DD4DCB3E219418069DDB,true,false,POINT,,7105,,7105,7105,true,false
edition-target:regional:nah-istmo-bajo-Latn-MX,Náhuatl del Istmo bajo,nah-istmo-bajo-Latn-MX,6800.000000,6800.000000,143.851331,4495.851331,110,203,OUTSIDE,OUTSIDE,DIRECT_OR_DERIVED_PERSON_MEASURE,person_need,L-ID_PARTIAL_IDENTIFICATION_ENVELOPE,auth:regional:AMERICAS_EUROPE_EMPIRICAL_NEED_INPUTS:nah-istmo-bajo-Latn-MX,auth:regional:AMERICAS_EUROPE_EMPIRICAL_NEED_INPUTS:nah-istmo-bajo-Latn-MX,ADMIT,A_REGIONAL_EXACT_TYPED_PERSON,regional:AMERICAS_EUROPE_EMPIRICAL_NEED_INPUTS:nah-istmo-bajo-Latn-MX,AMERICAS_EUROPE_EMPIRICAL_NEED_INPUTS,nah-istmo-bajo-Latn-MX,REGIONAL_EMPIRICAL_STRATUM,2c1df300b573b5883b14ff8c59db6bd146a381e8ece72e06b0f31c1e35b13d97,723473ae4944d3f56674c2d82f73159199a1a2cb49a88fe3bd65a233b286f10f,516ce030dd28833fd9232e905a6806473365356806f8f710f526e30e754be450,4123ed823122176c1bef6945dc39949d2e15a1878e280bfa299180b4640538ca;911deb36a0f3e8e7d16064d049431821461e16a065d2e17a75593a265e63093e;4e641a703aef367444cb80fb65e8a9de4bdc3ee0030b6af04da5be43d7d15cdc;4bcfee26bf928ba1873b11464cc67971876216d3b9e6e364a253c1f65fe1c32b;72fa9f5310d8320480dd71bbf7c5afcb6ba8e563fd0f255c2c6c888203574b86;1cf6784c00e1387887a6f62822885b4db4171b54d010d96dfbd74e6782572d5e;7e71f12fa5d4b32811d5235352dd285b5b65ce84cf8e71348332d70554a08579;eea9f7d4560e8753e50550dab0d492d07a031f3677f2c3b90c4ab0baf6f6449d;7b3abc9ebea0cc24c9388babcb42b7f81d7267c89597fae3f81348f87154a612,true,false,POINT,,6800,,6800,6800,true,false
edition-target:lang:ane-Latn-NC,Xârâcùù,ane-Latn-NC,5600.000000,5600.000000,616.000000,4200.000000,112,193,OUTSIDE,OUTSIDE,DIRECT_OR_DERIVED_PERSON_MEASURE,person_need,L-ID_PARTIAL_IDENTIFICATION_ENVELOPE,auth:canonical:canonical:pop:5feb25dc931cbca480766caf,auth:canonical:canonical:pop:5feb25dc931cbca480766caf,ADMIT,A_DIRECT_TYPED_PERSON,canonical:pop:5feb25dc931cbca480766caf,legacy_canonical_population,pop:5feb25dc931cbca480766caf,language_population_or_context,156ab9490a4f1f9d87083211ebf6097fd173cba78a8724750c41b9c2dba2111e,4e4662c43595e8aed7ba3ed53bf76eea790f65a9ad290eae2a30065a7f44a9a3,9b52880a13bf67bf15405d8275dc6df0c51c1781747cb0ed909de23e326869b5,E4F0C811B058EF6A02BE79BE15EE729E882DAC48148C5FBCADFC9B67C6B80C31,true,false,POINT,5600,5600,5600,5600,5600,true,false
edition-target:lang:cwd-CA,Nihithawiwin,cwd-CA,5110.000000,5110.000000,562.100000,3832.500000,113,195,OUTSIDE,OUTSIDE,DIRECT_OR_DERIVED_PERSON_MEASURE,person_need,L-ID_PARTIAL_IDENTIFICATION_ENVELOPE,auth:canonical:canonical:pop:3df88cd0f1785f4e70205139,auth:canonical:canonical:pop:3df88cd0f1785f4e70205139;auth:regional:AMERICAS_EUROPE_EMPIRICAL_NEED_INPUTS:cwd-script-unresolved-CA,ADMIT,A_DIRECT_TYPED_PERSON,canonical:pop:3df88cd0f1785f4e70205139,legacy_canonical_population,pop:3df88cd0f1785f4e70205139,language_population_or_context,3f6bd80bbfa5798654eb3ad016b65a7e6504f11e8136f8fcb8a87c72d11c1dc1,40047e31d85bc73a4baa6b8563e34ac82397fd6c1091cf57a119085e6225a7ae,1744cbc9bc5acb520cda06b7e7dc9f2f8145b324da739fc12573043347b15af3,87059F4EDC74D23ECD58E875C042C0C4F79A898243CB5071FA01A64292112D60,true,false,POINT,,5110,,5110,5110,true,false
edition-target:regional:gnh-Latn-BR,Guarani Nhandeva in Brazil,gnh-Latn-BR,6284.000000,6284.000000,99.442464,4121.202464,113,203,OUTSIDE,OUTSIDE,DIRECT_OR_DERIVED_PERSON_MEASURE,person_need,L-ID_PARTIAL_IDENTIFICATION_ENVELOPE,auth:regional:AMERICAS_EUROPE_EMPIRICAL_NEED_INPUTS:gnh-Latn-BR,auth:regional:AMERICAS_EUROPE_EMPIRICAL_NEED_INPUTS:gnh-Latn-BR,ADMIT,A_REGIONAL_EXACT_TYPED_PERSON,regional:AMERICAS_EUROPE_EMPIRICAL_NEED_INPUTS:gnh-Latn-BR,AMERICAS_EUROPE_EMPIRICAL_NEED_INPUTS,gnh-Latn-BR,REGIONAL_EMPIRICAL_STRATUM,0b3b1da90b5cbafa57b4c832ec8dff42a136f8a2f33b99a8a7dfd83bbfca2fef,be057e0362a3309040373ab0de4ec08cd82aa9e2ce916ae5f57aa2b77411aa70,b747f546a074e5112546fc786645929ecba6c9c1887f769cecb99b7ef12b2eb9,200c5cdc2e7127d3ebb80375040c48af0127bf8fc0fd8cc210db78d27be86070;0fc684d53f8dec13d97333cb39e555d700304dbf102349d4da0f9fad6c3405f1;1cf6784c00e1387887a6f62822885b4db4171b54d010d96dfbd74e6782572d5e;7e71f12fa5d4b32811d5235352dd285b5b65ce84cf8e71348332d70554a08579,true,false,POINT,,6284,,6284,6284,true,false
edition-target:lang:crl-CA,Iyiyiw-Ayimiwin,crl-CA,4875.000000,4875.000000,536.250000,3656.250000,114,195,OUTSIDE,OUTSIDE,DIRECT_OR_DERIVED_PERSON_MEASURE,person_need,L-ID_PARTIAL_IDENTIFICATION_ENVELOPE,auth:canonical:canonical:pop:5030754c14aaa74739e846df,auth:canonical:canonical:pop:5030754c14aaa74739e846df;auth:regional:AMERICAS_EUROPE_EMPIRICAL_NEED_INPUTS:crl-script-unresolved-CA,ADMIT,A_DIRECT_TYPED_PERSON,canonical:pop:5030754c14aaa74739e846df,legacy_canonical_population,pop:5030754c14aaa74739e846df,language_population_or_context,c820b69affc8b1204dbdba1dfa1cfdb06c9404c46bac134e0491c3f24b0acca8,1c61bbadeddb4cd0b5d5b2324e98cc16997784655dca65c5745a3c223f9c0c85,dfbe9deeeff13383f3a80a2e82f70c5aa7d5e6d8319efa2b5f1b4047c80f1c1e,87059F4EDC74D23ECD58E875C042C0C4F79A898243CB5071FA01A64292112D60,true,false,POINT,,4875,,4875,4875,true,false
edition-target:lang:csw-CA,Nehinawewin,csw-CA,4670.000000,4670.000000,513.700000,3502.500000,115,195,OUTSIDE,OUTSIDE,DIRECT_OR_DERIVED_PERSON_MEASURE,person_need,L-ID_PARTIAL_IDENTIFICATION_ENVELOPE,auth:canonical:canonical:pop:c13ca84f0a0ea2bced9b52f6,auth:canonical:canonical:pop:c13ca84f0a0ea2bced9b52f6;auth:regional:AMERICAS_EUROPE_EMPIRICAL_NEED_INPUTS:csw-script-unresolved-CA,ADMIT,A_DIRECT_TYPED_PERSON,canonical:pop:c13ca84f0a0ea2bced9b52f6,legacy_canonical_population,pop:c13ca84f0a0ea2bced9b52f6,language_population_or_context,7caf174dbdcc9bbcf851b1a85c308fad4e92306de37b1e341432bc634533d6c8,0fa1182a37b28bc3326ac669c776ca9de528b57a0339ecda708acf8f92d07306,51cd78ce206dcf7809dc879ae2197700e1386ffadc998e40e5b307980fe8eb7c,87059F4EDC74D23ECD58E875C042C0C4F79A898243CB5071FA01A64292112D60,true,false,POINT,,4670,,4670,4670,true,false
edition-target:lang:evn-RU,Evenki,evn-RU,5394.000000,5394.000000,0.000000,3341.853947,115,204,OUTSIDE,OUTSIDE,DIRECT_OR_DERIVED_PERSON_MEASURE,person_need,L-ID_PARTIAL_IDENTIFICATION_ENVELOPE,auth:canonical:canonical:pop:cefc4f3e136ec1fa2702d481,auth:canonical:canonical:pop:cefc4f3e136ec1fa2702d481,ADMIT,A_DIRECT_TYPED_PERSON,canonical:pop:cefc4f3e136ec1fa2702d481,legacy_canonical_population,pop:cefc4f3e136ec1fa2702d481,language_population_or_context,d4c9b303901747778cf36e7b6230769cedb4e625962b16684a153d91efe400da,39c795b220ecd17a3ba0ff941826e8f95eed974473deba4ccdfcbddf61cdf99a,bc55e00c47eca8823afe604e7e1b903e3b808fc16563841591f422913349cdb7,956DCDC4DAFB2C4056DE3215632201BE1048798D53FBDF695D2C1C9E788484A4,true,false,POINT,,5394,,5394,5394,true,false
edition-target:lang:kos-Latn-FM,Kosraean,kos-Latn-FM,4566.000000,4566.000000,502.260000,3424.500000,115,195,OUTSIDE,OUTSIDE,DIRECT_OR_DERIVED_PERSON_MEASURE,person_need,L-ID_PARTIAL_IDENTIFICATION_ENVELOPE,auth:canonical:canonical:pop:02a99eee802df38698abee2d,auth:canonical:canonical:pop:02a99eee802df38698abee2d,ADMIT,A_DIRECT_TYPED_PERSON,canonical:pop:02a99eee802df38698abee2d,legacy_canonical_population,pop:02a99eee802df38698abee2d,language_population_or_context,0053d13a0ef57efc1f414b9d84872c6291f8ae28c1b5ed8bd09ad2b79c1ba0fe,f10009060b006b03ae480b5a85d3e75787e8f45bec69a7fcb6193d700199a8e6,beb2e713f6f1204baa5eaceea1bbb5fa481e67df77280580462fade11f563633,581B729BAD4DC52E4F607C06D9DD508B7904B213E0F5C4C829E2F1881ECC59FF,true,false,POINT,4566,4566,4566,4566,4566,true,false
edition-target:lang:dlg-RU,Dolgan,dlg-RU,4701.000000,4701.000000,0.000000,2912.505637,116,204,OUTSIDE,OUTSIDE,DIRECT_OR_DERIVED_PERSON_MEASURE,person_need,L-ID_PARTIAL_IDENTIFICATION_ENVELOPE,auth:canonical:canonical:pop:e391762eba8c81cb6c0384db,auth:canonical:canonical:pop:e391762eba8c81cb6c0384db,ADMIT,A_DIRECT_TYPED_PERSON,canonical:pop:e391762eba8c81cb6c0384db,legacy_canonical_population,pop:e391762eba8c81cb6c0384db,language_population_or_context,281b3144edeba7c8980fdf06ffae19bcbf29a179e41a972fbf347d12513cb08a,1a0bf031609fb07b3a8178826fbdd51223a1cde1948fdd588ab93d6316dfa90c,2456acd9e1a126cbd2aa9657c49e249b82d0da3f6098cf5cd7c119d798b76841,956DCDC4DAFB2C4056DE3215632201BE1048798D53FBDF695D2C1C9E788484A4,true,false,POINT,,4701,,4701,4701,true,false
edition-target:lang:eve-RU,Even,eve-RU,4645.000000,4645.000000,0.000000,2877.810824,116,204,OUTSIDE,OUTSIDE,DIRECT_OR_DERIVED_PERSON_MEASURE,person_need,L-ID_PARTIAL_IDENTIFICATION_ENVELOPE,auth:canonical:canonical:pop:91cfce1959e1362d9fee24d2,auth:canonical:canonical:pop:91cfce1959e1362d9fee24d2,ADMIT,A_DIRECT_TYPED_PERSON,canonical:pop:91cfce1959e1362d9fee24d2,legacy_canonical_population,pop:91cfce1959e1362d9fee24d2,language_population_or_context,9d8e434c39c81a83f38dc18fe4246b3789a6bf5d3bec252e9f30fc513ea3e1ef,e3a12ea9ab0277778a1e83eefa5dddcc5b95af6522b1906363d6861fb1f8f300,484022061e780b4390c3a5b0abb4355c1a50e477cc188588304e8fc779ff091d,956DCDC4DAFB2C4056DE3215632201BE1048798D53FBDF695D2C1C9E788484A4,true,false,POINT,,4645,,4645,4645,true,false
edition-target:lang:qum-GT,Sipakapense,qum-GT,4155.000000,4155.000000,457.050000,3116.250000,116,195,OUTSIDE,OUTSIDE,DIRECT_OR_DERIVED_PERSON_MEASURE,person_need,L-ID_PARTIAL_IDENTIFICATION_ENVELOPE,auth:canonical:canonical:pop:2eccbeef4cf4351a88626fd5,auth:canonical:canonical:pop:2eccbeef4cf4351a88626fd5,ADMIT,A_DIRECT_TYPED_PERSON,canonical:pop:2eccbeef4cf4351a88626fd5,legacy_canonical_population,pop:2eccbeef4cf4351a88626fd5,language_population_or_context,90f81df4baa54f452216f025f8e2ce7fb6b12b8f27dcab3cfab7b35b47b4e3a9,cfbe79fb7a9996e91d8361f75fc2b3d0697fd16661c2c1c036af841d829e262d,4ad7e36008ca438767db9bf1af7ed7ee1937f5e69151bdc0bce5ee02793536ae,4C646DEC532104F47E31C744EDC13A0E85B3FB2C4FBE2C8C0258AC44CD2B7790,true,false,POINT,,4155,,4155,4155,true,false
edition-target:lang:yap-Latn-FM,Yapese,yap-Latn-FM,4190.000000,4190.000000,460.900000,3142.500000,116,195,OUTSIDE,OUTSIDE,DIRECT_OR_DERIVED_PERSON_MEASURE,person_need,L-ID_PARTIAL_IDENTIFICATION_ENVELOPE,auth:canonical:canonical:pop:d13966a32398741ac4f894d8,auth:canonical:canonical:pop:d13966a32398741ac4f894d8,ADMIT,A_DIRECT_TYPED_PERSON,canonical:pop:d13966a32398741ac4f894d8,legacy_canonical_population,pop:d13966a32398741ac4f894d8,language_population_or_context,6e89daaaf352385d51219a67cdec4fd9e812615e3ba20a2bbf27a94df4b6d2c6,e44c6c370baa5e29b053a111df589921021cb0d047b87e8fdb4556a2382ce4f9,26d4e6b60cca63f7dadab75c85ba4f6f361039bc9f4ba9224427145567346c87,581B729BAD4DC52E4F607C06D9DD508B7904B213E0F5C4C829E2F1881ECC59FF,true,false,POINT,4190,4190,4190,4190,4190,true,false
edition-target:regional:rmf-Latn-FI,Finnish Kalo,rmf-Latn-FI,3000.000000,4000.000000,330.000000,3000.000000,116,196,OUTSIDE,OUTSIDE,DIRECT_OR_DERIVED_PERSON_MEASURE,person_need,L-ID_PARTIAL_IDENTIFICATION_ENVELOPE,auth:regional:AMERICAS_EUROPE_EMPIRICAL_NEED_INPUTS:rmf-Latn-FI,auth:regional:AMERICAS_EUROPE_EMPIRICAL_NEED_INPUTS:rmf-Latn-FI,ADMIT,B_REGIONAL_INTERVAL_TYPED_PERSON,regional:AMERICAS_EUROPE_EMPIRICAL_NEED_INPUTS:rmf-Latn-FI,AMERICAS_EUROPE_EMPIRICAL_NEED_INPUTS,rmf-Latn-FI,REGIONAL_EMPIRICAL_STRATUM,d95d23ae0694f67ff7e74ead39f1c60c1948a10e96fdfd726068a32dcacc0aff,9729d4ef4c4556435361143f98c87f6afd9af9aaf0e9b8bb43539d2c8b77a653,54dda330a716b34c50ee2e3fc8c865785630e843d969ee9575c80c2f68b16566,d2bb1f04c58dea0578c31d74852dbf629babe1ceb41d6cdf676784215868bf9d;5f36383566d8389b935eb11e38c08c3a2b37ed34d1aa50437fff4be388d0153a;2985d58f17c6716f719d01f7da9355e97af86398e5dbca637f77cad3eaffefc4;fd858970ed28e40e60e9cf961e5408d4110c34ef5a12f5129079e589961f7a14;444437752e76a2b414b7d5cd6e7df5f7ef8bdb23f3a1bab9aaeedb09bf491bdc;91ed6f78387f9c08e72331ac7d5740ff4b6aec79387f7bb4715dd09c3e90bc0a;7e71f12fa5d4b32811d5235352dd285b5b65ce84cf8e71348332d70554a08579;eea9f7d4560e8753e50550dab0d492d07a031f3677f2c3b90c4ab0baf6f6449d;7b3abc9ebea0cc24c9388babcb42b7f81d7267c89597fae3f81348f87154a612,true,false,INTERVAL,3000,,4000,3000,4000,true,false
edition-target:lang:mrl-Latn-FM,Mortlockese,mrl-Latn-FM,3709.000000,3709.000000,407.990000,2781.750000,118,195,OUTSIDE,OUTSIDE,DIRECT_OR_DERIVED_PERSON_MEASURE,person_need,L-ID_PARTIAL_IDENTIFICATION_ENVELOPE,auth:canonical:canonical:pop:e433584af1835e762c19a6af,auth:canonical:canonical:pop:e433584af1835e762c19a6af,ADMIT,A_DIRECT_TYPED_PERSON,canonical:pop:e433584af1835e762c19a6af,legacy_canonical_population,pop:e433584af1835e762c19a6af,language_population_or_context,be6faa880fc370e3f43e4c8d87522650ca22850ab6365cb49f8f4ab0f502219c,0a899a98eca4c8b2b3d81cfba85e27d7a7998886c4f1c8f3300ba9a7cba8067f,508fc7e9202a1efcb0aa0eb008bc668a5037f083f5bfee17ff38734c2e863ce4,581B729BAD4DC52E4F607C06D9DD508B7904B213E0F5C4C829E2F1881ECC59FF,true,false,POINT,3709,3709,3709,3709,3709,true,false
edition-target:lang:ojw-CA,Saulteau,ojw-CA,3630.000000,3630.000000,399.300000,2722.500000,118,195,OUTSIDE,OUTSIDE,DIRECT_OR_DERIVED_PERSON_MEASURE,person_need,L-ID_PARTIAL_IDENTIFICATION_ENVELOPE,auth:canonical:canonical:pop:a907d8aa1337cd5dc04f8208,auth:canonical:canonical:pop:a907d8aa1337cd5dc04f8208;auth:regional:AMERICAS_EUROPE_EMPIRICAL_NEED_INPUTS:ojw-script-unresolved-CA,ADMIT,A_DIRECT_TYPED_PERSON,canonical:pop:a907d8aa1337cd5dc04f8208,legacy_canonical_population,pop:a907d8aa1337cd5dc04f8208,language_population_or_context,0ccfe01f2b271f8e196dfd2ace620916647dc49cc767c37e0612b0b6dcc60b7d,8ebbb949d00678c6c9a4f98bf33891687b37952053285f067612f9cb8748e00a,6666232e7c943cc116bed0e10a2378c6b788098e92acf959233268cb93100e17,87059F4EDC74D23ECD58E875C042C0C4F79A898243CB5071FA01A64292112D60,true,false,POINT,,3630,,3630,3630,true,false
edition-target:lang:woe-Latn-FM,Woleaian,woe-Latn-FM,2952.000000,2952.000000,324.720000,2214.000000,122,196,OUTSIDE,OUTSIDE,DIRECT_OR_DERIVED_PERSON_MEASURE,person_need,L-ID_PARTIAL_IDENTIFICATION_ENVELOPE,auth:canonical:canonical:pop:5085c45ea367f771ada6520b,auth:canonical:canonical:pop:5085c45ea367f771ada6520b,ADMIT,A_DIRECT_TYPED_PERSON,canonical:pop:5085c45ea367f771ada6520b,legacy_canonical_population,pop:5085c45ea367f771ada6520b,language_population_or_context,ac400ad2e8ec4f2989e27763e6b2bbccbfd404ef51aea04fc836ad1be0d35447,925a9ed618bc256687789c0977620b98598477d9d4b39e8a5806c1ffbea0da8f,bfba930e39aa2f3356360915e3e4ebfae3d7ea67545b6ec6e670d52bb500cb22,581B729BAD4DC52E4F607C06D9DD508B7904B213E0F5C4C829E2F1881ECC59FF,true,false,POINT,2952,2952,2952,2952,2952,true,false
edition-target:regional:nhd-Latn-BR,Avá Guarani in Brazil,nhd-Latn-BR,3503.000000,3503.000000,55.433952,2297.353952,122,203,OUTSIDE,OUTSIDE,DIRECT_OR_DERIVED_PERSON_MEASURE,person_need,L-ID_PARTIAL_IDENTIFICATION_ENVELOPE,auth:regional:AMERICAS_EUROPE_EMPIRICAL_NEED_INPUTS:nhd-Latn-BR,auth:regional:AMERICAS_EUROPE_EMPIRICAL_NEED_INPUTS:nhd-Latn-BR,ADMIT,A_REGIONAL_EXACT_TYPED_PERSON,regional:AMERICAS_EUROPE_EMPIRICAL_NEED_INPUTS:nhd-Latn-BR,AMERICAS_EUROPE_EMPIRICAL_NEED_INPUTS,nhd-Latn-BR,REGIONAL_EMPIRICAL_STRATUM,2e2dee4688ce2e18254dd095a6c7012a90140056837539febae27a0c591b8bed,87593ab666a8bdebc6b96f876a62cbe47b1214e07ccd94add85ec00952441b2c,6dd6ae59185e01ada0a0a9c6719effa4c192f8f86c3bba21547c20e8f8a1bfc5,200c5cdc2e7127d3ebb80375040c48af0127bf8fc0fd8cc210db78d27be86070;0fc684d53f8dec13d97333cb39e555d700304dbf102349d4da0f9fad6c3405f1;1cf6784c00e1387887a6f62822885b4db4171b54d010d96dfbd74e6782572d5e;7e71f12fa5d4b32811d5235352dd285b5b65ce84cf8e71348332d70554a08579,true,false,POINT,,3503,,3503,3503,true,false
edition-target:lang:ciw-CA,Anishinaabemowin,ciw-CA,2040.000000,2040.000000,224.400000,1530.000000,130,200,OUTSIDE,OUTSIDE,DIRECT_OR_DERIVED_PERSON_MEASURE,person_need,L-ID_PARTIAL_IDENTIFICATION_ENVELOPE,auth:canonical:canonical:pop:036221d53ad09a48edd1d3e2,auth:canonical:canonical:pop:036221d53ad09a48edd1d3e2;auth:regional:AMERICAS_EUROPE_EMPIRICAL_NEED_INPUTS:ciw-script-unresolved-CA,ADMIT,A_DIRECT_TYPED_PERSON,canonical:pop:036221d53ad09a48edd1d3e2,legacy_canonical_population,pop:036221d53ad09a48edd1d3e2,language_population_or_context,8977256458b1f53d01185c43104aa4b07825aaf068a454149ad1fe0c863e19b2,d6e7cfd0e653bd4478b18a4ea6bc2f204e0801fff2e36932219bae11cabd3fbf,b29fae59e25fb75804e3b27375bfc8abd6eddc7bf2963481d0daada5a9317c9d,87059F4EDC74D23ECD58E875C042C0C4F79A898243CB5071FA01A64292112D60,true,false,POINT,,2040,,2040,2040,true,false
edition-target:lang:mop-GT,Mopan,mop-GT,2011.000000,2011.000000,221.210000,1508.250000,130,200,OUTSIDE,OUTSIDE,DIRECT_OR_DERIVED_PERSON_MEASURE,person_need,L-ID_PARTIAL_IDENTIFICATION_ENVELOPE,auth:canonical:canonical:pop:3bc919afd6ce7daa63dbb910,auth:canonical:canonical:pop:3bc919afd6ce7daa63dbb910,ADMIT,A_DIRECT_TYPED_PERSON,canonical:pop:3bc919afd6ce7daa63dbb910,legacy_canonical_population,pop:3bc919afd6ce7daa63dbb910,language_population_or_context,0a2ac156cad3ef2c3c75783b31baf4950eec42499b0c1247607b750384c16ce3,78db6c7e0a0e3584e61d316992708448c2d1c30c18ea4cab335632e412ddf0cc,7e674bbcb3a40779c7dd2d73f87e44ed3ea2254d59702eef05a6afe2b4719c8f,4C646DEC532104F47E31C744EDC13A0E85B3FB2C4FBE2C8C0258AC44CD2B7790,true,false,POINT,,2011,,2011,2011,true,false
edition-target:lang:alq-CA,Anicinabemowin,alq-CA,1955.000000,1955.000000,215.050000,1466.250000,132,200,OUTSIDE,OUTSIDE,DIRECT_OR_DERIVED_PERSON_MEASURE,person_need,L-ID_PARTIAL_IDENTIFICATION_ENVELOPE,auth:canonical:canonical:pop:893286d180740ea6a98491ce,auth:canonical:canonical:pop:893286d180740ea6a98491ce,ADMIT,A_DIRECT_TYPED_PERSON,canonical:pop:893286d180740ea6a98491ce,legacy_canonical_population,pop:893286d180740ea6a98491ce,language_population_or_context,58e0cee47d896449866454fae628ee1efa5813b3ad9a630e1faf0dd665f98db8,ed69ff5b2bb3fdfb9eefe9536a4f8706a807320e4e40463beb5858644a3e35b3,2cf2128e49d8184815dad80bd99a7a6c3d767506d82ba08f3f46fb436d3df663,87059F4EDC74D23ECD58E875C042C0C4F79A898243CB5071FA01A64292112D60,true,false,POINT,,1955,,1955,1955,true,false
edition-target:lang:ckt-RU,Chukchi,ckt-RU,2308.000000,2308.000000,0.000000,1429.921934,132,204,OUTSIDE,OUTSIDE,DIRECT_OR_DERIVED_PERSON_MEASURE,person_need,L-ID_PARTIAL_IDENTIFICATION_ENVELOPE,auth:canonical:canonical:pop:e149dd67e55e6b856bd28cdd,auth:canonical:canonical:pop:e149dd67e55e6b856bd28cdd,ADMIT,A_DIRECT_TYPED_PERSON,canonical:pop:e149dd67e55e6b856bd28cdd,legacy_canonical_population,pop:e149dd67e55e6b856bd28cdd,language_population_or_context,6ed6f354747b2d3927cc540aea1ac78f316a703c1f1ada7d9ef1b128ceacae82,0feba63678f15c06f008f44c17007cf9604c1fbca619b1d5f2dce596985304da,47ed73dd511cef0887fcd0fc3351a724b067f66a1844fc552c5281b4639cf082,956DCDC4DAFB2C4056DE3215632201BE1048798D53FBDF695D2C1C9E788484A4,true,false,POINT,,2308,,2308,2308,true,false
edition-target:lang:pre-Latn-ST,Principense,pre-Latn-ST,1753.000000,1753.000000,192.830000,1314.750000,134,200,OUTSIDE,OUTSIDE,DIRECT_OR_DERIVED_PERSON_MEASURE,person_need,L-ID_PARTIAL_IDENTIFICATION_ENVELOPE,auth:regional:AFRICA_EMPIRICAL_NEED_INPUTS:pre-Latn-ST,auth:regional:AFRICA_EMPIRICAL_NEED_INPUTS:pre-Latn-ST,ADMIT,A_REGIONAL_EXACT_TYPED_PERSON,regional:AFRICA_EMPIRICAL_NEED_INPUTS:pre-Latn-ST,AFRICA_EMPIRICAL_NEED_INPUTS,pre-Latn-ST,REGIONAL_EMPIRICAL_STRATUM,1dd2d073d57c516964557f4d1407fbf4f885df4346319a7566d94311679fa7dc,bdb470af482764a636b9372478a3fa4d88b65065d88fbcfd4716fa73f2cd5bee,13f5c89fcba86970c2934fdfc6483fe10457a65a8e404f365eefbd06722969eb,bff4a7760d2e199fe45afc53be54bb8bd7d97a0f5b6d9b3cd053ddd35cf8aebc,true,false,POINT,1753,1753,1753,1753,1753,true,false
edition-target:lang:cod-PE,Kukama Kukamiria,cod-PE,1185.000000,1185.000000,130.350000,888.750000,143,203,OUTSIDE,OUTSIDE,DIRECT_OR_DERIVED_PERSON_MEASURE,person_need,L-ID_PARTIAL_IDENTIFICATION_ENVELOPE,auth:canonical:canonical:pop:6c8dd118da12dfee079c8fff,auth:canonical:canonical:pop:6c8dd118da12dfee079c8fff,ADMIT,A_DIRECT_TYPED_PERSON,canonical:pop:6c8dd118da12dfee079c8fff,legacy_canonical_population,pop:6c8dd118da12dfee079c8fff,language_population_or_context,fffd68307abe2b7b2a9c2553bbc72cd4cb547ae8c123de24c0261597eae938db,aacc50d79d9200a286759501350239bbb5b1af20403d04b5a2b080a71a4760de,47820ba3fba54c58a98a0dcc49df188ae5de1cdf5b87a8185c0365f788e97e2e,7681F52FD0812D3079C807F0125AD7C09073C6FA576C9FCA21CF93D4E8EA7775,true,false,POINT,,1185,,1185,1185,true,false
edition-target:lang:nsk-CA,Naskapi,nsk-CA,1035.000000,1035.000000,113.850000,776.250000,147,203,OUTSIDE,OUTSIDE,DIRECT_OR_DERIVED_PERSON_MEASURE,person_need,L-ID_PARTIAL_IDENTIFICATION_ENVELOPE,auth:canonical:canonical:pop:5bb1430136a88a1940369a9c,auth:canonical:canonical:pop:5bb1430136a88a1940369a9c,ADMIT,A_DIRECT_TYPED_PERSON,canonical:pop:5bb1430136a88a1940369a9c,legacy_canonical_population,pop:5bb1430136a88a1940369a9c,language_population_or_context,90f33ce6f6224cc4cf52a0e169c2f6ab701872060bcfe8588be08be3d7431460,b5a04a7d29d25a746a96ab42cc666c170190e26e2927acc1052efaf7a3736527,6ff16e6417c65be3ddff3687a771bd9ed9da134eb3d2e311cb4b4f9561455435,87059F4EDC74D23ECD58E875C042C0C4F79A898243CB5071FA01A64292112D60,true,false,POINT,,1035,,1035,1035,true,false
edition-target:lang:crj-CA,Inu Ayimun,crj-CA,895.000000,895.000000,98.450000,671.250000,151,203,OUTSIDE,OUTSIDE,DIRECT_OR_DERIVED_PERSON_MEASURE,person_need,L-ID_PARTIAL_IDENTIFICATION_ENVELOPE,auth:canonical:canonical:pop:756b9d474e64bdcbf1f1eee0,auth:canonical:canonical:pop:756b9d474e64bdcbf1f1eee0;auth:regional:AMERICAS_EUROPE_EMPIRICAL_NEED_INPUTS:crj-script-unresolved-CA,ADMIT,A_DIRECT_TYPED_PERSON,canonical:pop:756b9d474e64bdcbf1f1eee0,legacy_canonical_population,pop:756b9d474e64bdcbf1f1eee0,language_population_or_context,15e83c1eadec784080f33e8097003e6ed6bdb031fe6ac9b1de9dec442b75fe5a,ec0f36ac0bda3fd3a666198c057e21eb656e61162ea1fe27e37865ec9e3b53e3,5eb8f2dbddf7a62f49faafccdbd029373cfc31a26fbd7f63dd3938ef8be26b00,87059F4EDC74D23ECD58E875C042C0C4F79A898243CB5071FA01A64292112D60,true,false,POINT,,895,,895,895,true,false
edition-target:lang:pqm-CA,Wolastoqewi,pqm-CA,820.000000,820.000000,90.200000,615.000000,152,203,OUTSIDE,OUTSIDE,DIRECT_OR_DERIVED_PERSON_MEASURE,person_need,L-ID_PARTIAL_IDENTIFICATION_ENVELOPE,auth:canonical:canonical:pop:5549664281aa46f48a3117c7,auth:canonical:canonical:pop:5549664281aa46f48a3117c7,ADMIT,A_DIRECT_TYPED_PERSON,canonical:pop:5549664281aa46f48a3117c7,legacy_canonical_population,pop:5549664281aa46f48a3117c7,language_population_or_context,eac0f0a0131b423cbc9a8bdf56a8a06e5f7d3acbe3b33d3c5756afc3bae342b8,dd1b1737b85c4d6beb65ac280a0b408a1497a408fca2885f43c2f78e9815722d,3d78d214e0317f562e6b0961acc03fd76c49e8d67666914d64d8b26bed5b52bd,87059F4EDC74D23ECD58E875C042C0C4F79A898243CB5071FA01A64292112D60,true,false,POINT,,820,,820,820,true,false
edition-target:lang:ikt-CA,Inuinnaqtun,ikt-CA,790.000000,790.000000,86.900000,592.500000,153,203,OUTSIDE,OUTSIDE,DIRECT_OR_DERIVED_PERSON_MEASURE,person_need,L-ID_PARTIAL_IDENTIFICATION_ENVELOPE,auth:canonical:canonical:pop:c85173e47bc97f99f5576940,auth:canonical:canonical:pop:c85173e47bc97f99f5576940;auth:regional:AMERICAS_EUROPE_EMPIRICAL_NEED_INPUTS:ikt-Latn-CA,ADMIT,A_DIRECT_TYPED_PERSON,canonical:pop:c85173e47bc97f99f5576940,legacy_canonical_population,pop:c85173e47bc97f99f5576940,language_population_or_context,9d9f035ef5722ec11d038ab419ef534de69d697028c1448e44d30ed104dad1be,27d8a0b004d10739236beb867d19c568e91a2d1a2fe4ea7be57e15b14e9bcb73,53fdcad2e5ea99f22bad808b476c5a5f2b687c834ee9b1ee9792a27c96e0e597,14E3D47EA649DD1E18E8C4B4FE33455B2AC2BE53AF028CD28CA2DD5724049E6E,true,false,POINT,,790,,790,790,true,false
edition-target:regional:jqr-Latn-PE,Jaqaru in Peru,jqr-Latn-PE,448.000000,448.000000,49.280000,336.000000,168,203,OUTSIDE,OUTSIDE,DIRECT_OR_DERIVED_PERSON_MEASURE,person_need,L-ID_PARTIAL_IDENTIFICATION_ENVELOPE,auth:regional:AMERICAS_EUROPE_EMPIRICAL_NEED_INPUTS:jqr-Latn-PE,auth:regional:AMERICAS_EUROPE_EMPIRICAL_NEED_INPUTS:jqr-Latn-PE,ADMIT,A_REGIONAL_EXACT_TYPED_PERSON,regional:AMERICAS_EUROPE_EMPIRICAL_NEED_INPUTS:jqr-Latn-PE,AMERICAS_EUROPE_EMPIRICAL_NEED_INPUTS,jqr-Latn-PE,REGIONAL_EMPIRICAL_STRATUM,7cd6c4d8ee32c4035cda62d960e7fd75a020b72bf701a6f5ad850e32c54f4d93,0c90db08701d08960018c5e0772eab2f750457552bde8faecca6006961bcc2f8,eb783fa366f1083f00a012cae5f4e4e1155faa0a8a7cc4172321785fda6df3a0,5c28e685268c9917c37fedb78b87f6700637e9ed1d424588947f7f18a466013d;3fa723e12678968a21d2573d001d4849308592ae64088600ea19fe002cde40e4;7e71f12fa5d4b32811d5235352dd285b5b65ce84cf8e71348332d70554a08579,true,false,POINT,,448,,448,448,true,false
edition-target:lang:crm-CA,Ilimowin,crm-CA,415.000000,415.000000,45.650000,311.250000,170,203,OUTSIDE,OUTSIDE,DIRECT_OR_DERIVED_PERSON_MEASURE,person_need,L-ID_PARTIAL_IDENTIFICATION_ENVELOPE,auth:canonical:canonical:pop:aac6052dd56799696f7c5694,auth:canonical:canonical:pop:aac6052dd56799696f7c5694;auth:regional:AMERICAS_EUROPE_EMPIRICAL_NEED_INPUTS:crm-script-unresolved-CA,ADMIT,A_DIRECT_TYPED_PERSON,canonical:pop:aac6052dd56799696f7c5694,legacy_canonical_population,pop:aac6052dd56799696f7c5694,language_population_or_context,eef7911fa398dd73464fb764e81cb2ff23ce6aa66f97c3889048c9836cfad954,b067bb7e5a2d13585f550db35b1f8eef66381fde2b37ad7fe9413105b395a7e4,eb1547497af3b7950ee333388c4740323c1cb000d20bc9d4676d6ab147532d99,87059F4EDC74D23ECD58E875C042C0C4F79A898243CB5071FA01A64292112D60,true,false,POINT,,415,,415,415,true,false
edition-target:lang:itl-RU,Itelmen,itl-RU,455.000000,455.000000,0.000000,281.895355,170,204,OUTSIDE,OUTSIDE,DIRECT_OR_DERIVED_PERSON_MEASURE,person_need,L-ID_PARTIAL_IDENTIFICATION_ENVELOPE,auth:canonical:canonical:pop:578fb38428c6d70d7d2b5c3c,auth:canonical:canonical:pop:578fb38428c6d70d7d2b5c3c,ADMIT,A_DIRECT_TYPED_PERSON,canonical:pop:578fb38428c6d70d7d2b5c3c,legacy_canonical_population,pop:578fb38428c6d70d7d2b5c3c,language_population_or_context,4271056718e58e261f849d44d009d727b37df15ad87c0be1445f48b1f5c0fa48,99a388e9942c315dcf44fe2c83af2d7add4f88be47df97f1fc1d9d2d5036d03e,cf5e426e9eab0ac4b2d883fd68bcb75357383d6acdc52f6b35a7e19ba57de721,956DCDC4DAFB2C4056DE3215632201BE1048798D53FBDF695D2C1C9E788484A4,true,false,POINT,,455,,455,455,true,false
edition-target:lang:itz-GT,Itza’,itz-GT,406.000000,406.000000,44.660000,304.500000,170,204,OUTSIDE,OUTSIDE,DIRECT_OR_DERIVED_PERSON_MEASURE,person_need,L-ID_PARTIAL_IDENTIFICATION_ENVELOPE,auth:canonical:canonical:pop:8da230406c25757d1588daac,auth:canonical:canonical:pop:8da230406c25757d1588daac,ADMIT,A_DIRECT_TYPED_PERSON,canonical:pop:8da230406c25757d1588daac,legacy_canonical_population,pop:8da230406c25757d1588daac,language_population_or_context,54a8fdd2af39c272d4c64c1544d04a0c5b91ec7ded238b0ce6187a0b1ee5763f,e6260d5bbdbc5c3a8379ad569bb62aa5539aef4ea6cba73cd7b8e1559fd2b43d,07f0aa2c2b5a911c6c9e0a1f2ebf758ba7af67b6e7e684c9f16666ca69801f95,4C646DEC532104F47E31C744EDC13A0E85B3FB2C4FBE2C8C0258AC44CD2B7790,true,false,POINT,,406,,406,406,true,false
edition-target:regional:inuvialuktun-Latn-CA,Inuvialuktun in Canada,inuvialuktun-Latn-CA,355.000000,355.000000,39.050000,266.250000,170,204,OUTSIDE,OUTSIDE,DIRECT_OR_DERIVED_PERSON_MEASURE,person_need,L-ID_PARTIAL_IDENTIFICATION_ENVELOPE,auth:regional:AMERICAS_EUROPE_EMPIRICAL_NEED_INPUTS:inuvialuktun-Latn-CA,auth:regional:AMERICAS_EUROPE_EMPIRICAL_NEED_INPUTS:inuvialuktun-Latn-CA,ADMIT,A_REGIONAL_EXACT_TYPED_PERSON,regional:AMERICAS_EUROPE_EMPIRICAL_NEED_INPUTS:inuvialuktun-Latn-CA,AMERICAS_EUROPE_EMPIRICAL_NEED_INPUTS,inuvialuktun-Latn-CA,REGIONAL_EMPIRICAL_STRATUM,3261ec7d5c28f140f740e2b6321abaf03db44e33411430ea2f6d1ad6a49b4f7c,d3ed247a658ed4d0149656e5019ae06ebf284c0a43be88981eaefa8a46fae0d5,1b04cc1e6df0f3572dc77c0f355c0b7357c0dd9ec89305c94fb3f41409ee8313,38c8defbe1ce94543d7a8c76d3bbe8d6a8568ad9323a47b4ac922bf5eecc4f6d;d328f607998222bf6ea9daae13add792213436aa07a676130a531a76f7e9582f;ece8b8f0362cde5b733acb8f9afa8f0527903d5aceacc2cc8efe69fe83c18692;526880af77a86e3962924349a13f2c30353780f4748d8960366cebf0461622c5;354352207647eb1c2c3108af79a90ed910f40918113b8ea0f3d728ec01242152;8a80bc2a10f5f22ab5a0d599a6afee2a85f77b5b2f97bb885402e5e71ae089bd;7e71f12fa5d4b32811d5235352dd285b5b65ce84cf8e71348332d70554a08579;eea9f7d4560e8753e50550dab0d492d07a031f3677f2c3b90c4ab0baf6f6449d;7b3abc9ebea0cc24c9388babcb42b7f81d7267c89597fae3f81348f87154a612,true,false,POINT,,355,,355,355,true,false
edition-target:lang:nio-RU,Nganasan,nio-RU,294.000000,294.000000,0.000000,182.147768,174,204,OUTSIDE,OUTSIDE,DIRECT_OR_DERIVED_PERSON_MEASURE,person_need,L-ID_PARTIAL_IDENTIFICATION_ENVELOPE,auth:canonical:canonical:pop:5461824a3bac510b5f3e77c4,auth:canonical:canonical:pop:5461824a3bac510b5f3e77c4,ADMIT,A_DIRECT_TYPED_PERSON,canonical:pop:5461824a3bac510b5f3e77c4,legacy_canonical_population,pop:5461824a3bac510b5f3e77c4,language_population_or_context,423e002da72704844bebe61e0058c14af467a3b4617525be3d4d97b6c2957b0e,9a39290d4456379b616c778b866863a6e54cb51dc3470b490ceb76d87750a05b,fbab8c8fa5c8c68d3b07c1b91326097be2dbdd6da4cb5b3f686e55fe8347b627,956DCDC4DAFB2C4056DE3215632201BE1048798D53FBDF695D2C1C9E788484A4,true,false,POINT,,294,,294,294,true,false
edition-target:lang:zh-Hans-CX,Mandarin Chinese,zh-Hans-CX,235.000000,235.000000,25.850000,176.250000,174,204,OUTSIDE,OUTSIDE,DIRECT_OR_DERIVED_PERSON_MEASURE,person_need,L-ID_PARTIAL_IDENTIFICATION_ENVELOPE,auth:canonical:canonical:pop:64a326212eec15c63f3332c7,auth:canonical:canonical:pop:64a326212eec15c63f3332c7,ADMIT,A_DIRECT_TYPED_PERSON,canonical:pop:64a326212eec15c63f3332c7,legacy_canonical_population,pop:64a326212eec15c63f3332c7,language_population_or_context,5b1229a083640d22e0b9459e816101b2fa4d732c6b05d37002b88b2899857ad1,7c84d716010c02734f58d027ce413081214d2db515b282aceb9242652b109898,45e9a2401997ee67745260e596421ed81710c4a76c057a213d671bee79cb4d51,DAEABDAB0646B6C58E68DD0D63B807824F60F493E19DD5997351CCEB65DB13B1,true,false,POINT,235,235,235,235,235,true,false
edition-target:lang:otw-CA,Daawaamwin,otw-CA,220.000000,220.000000,24.200000,165.000000,175,204,OUTSIDE,OUTSIDE,DIRECT_OR_DERIVED_PERSON_MEASURE,person_need,L-ID_PARTIAL_IDENTIFICATION_ENVELOPE,auth:canonical:canonical:pop:f347529ae7ac1a1b4af03612,auth:canonical:canonical:pop:f347529ae7ac1a1b4af03612;auth:regional:AMERICAS_EUROPE_EMPIRICAL_NEED_INPUTS:otw-script-unresolved-CA,ADMIT,A_DIRECT_TYPED_PERSON,canonical:pop:f347529ae7ac1a1b4af03612,legacy_canonical_population,pop:f347529ae7ac1a1b4af03612,language_population_or_context,ab6be6c9cc536fd689723850920945111ff60b73cf0e923ff75fce8d6a473a5c,3aa2c217e4ace90db3407f396c6e77c2dc45209a150968eda4bcd1fac7b5378c,dbe384449a603d826125c47ad6f521d30cbc7b4992ff55a7bbd18ca7a7faa2ec,87059F4EDC74D23ECD58E875C042C0C4F79A898243CB5071FA01A64292112D60,true,false,POINT,,220,,220,220,true,false
edition-target:lang:ulk-Latn-AU,Meriam Mir,ulk-Latn-AU,60.000000,60.000000,6.600000,45.000000,186,204,OUTSIDE,OUTSIDE,DIRECT_OR_DERIVED_PERSON_MEASURE,person_need,L-ID_PARTIAL_IDENTIFICATION_ENVELOPE,auth:canonical:canonical:pop:e3c11fea5de512f4f92edb48,auth:canonical:canonical:pop:e3c11fea5de512f4f92edb48,ADMIT,A_DIRECT_TYPED_PERSON,canonical:pop:e3c11fea5de512f4f92edb48,legacy_canonical_population,pop:e3c11fea5de512f4f92edb48,language_population_or_context,4e31ef975cad8fc9e1814489f7e26ed7104db080d4daaa8a8b08894f150014e6,b739d286e766cfef20b68053258390658ebde79eaa8471585a1442ed2ae27580,632b4a0d9d00db4d550bb8cb59fde816350c0417563981164b877256d48bc74f,90A71AD4EC09BBF85174BE01958D44D598FF74868458006CCF008490DD3DB3B4,true,false,POINT,60,60,60,60,60,true,false
edition-target:lang:ja-Jpan-JP,Standard Japanese,ja-Jpan-JP,2922969.000000,2922969.000000,627388.940393,1913495.300393,,,STAGE_OPPORTUNITY_SEPARATE_ORDER,STAGE_OPPORTUNITY_SEPARATE_ORDER,DIRECT_STAGE_OR_SECTOR_OPPORTUNITY_MEASURE,stage_opportunity,STAGE_OPPORTUNITY_SEPARATE_ORDER,auth:canonical:llps:LLPS-JA-JP-TERTIARY-OPPORTUNITY-2025,auth:canonical:llps:LLPS-JA-JP-PUPILS-NEEDING-INSTRUCTION-2025;auth:canonical:llps:LLPS-JA-JP-TERTIARY-OPPORTUNITY-2025,STAGE_OPPORTUNITY,STAGE_EXACT_OPPORTUNITY,llps:LLPS-JA-JP-TERTIARY-OPPORTUNITY-2025,large_language_population_strata,LLPS-JA-JP-TERTIARY-OPPORTUNITY-2025,higher_education_opportunity,eceefa302187a984fb6cf9c7370fc41cd83128abc68eaf0249bba7562eb93cda,10d40e909c29bfc0efe761d6ca655687df165a532226dd57afdddf4ad2438759,407485a1f00d276e34e9bbdf5d8eb4b0e54cd65a81097dabf5f666a1a1bb8fec,b7a998e47910f45178689541cbcf0ee34a85db01cac2cc04a97393661eeb0b1c,true,false,POINT,2922969,2922969,2922969,2922969,2922969,true,false
edition-target:lang:zh-Hans-CN:written,Standard Written Chinese,zh-Hans-CN,280404300.000000,280404300.000000,0.000000,177070829.306376,,,STAGE_OPPORTUNITY_SEPARATE_ORDER,STAGE_OPPORTUNITY_SEPARATE_ORDER,DIRECT_STAGE_OR_SECTOR_OPPORTUNITY_MEASURE,stage_opportunity,STAGE_OPPORTUNITY_SEPARATE_ORDER,auth:canonical:llps:LLPS-ZH-HANS-CN-FORMAL-ENROLMENT-2025,auth:canonical:llps:LLPS-ZH-HANS-CN-FORMAL-ENROLMENT-2025,STAGE_OPPORTUNITY,STAGE_EXACT_OPPORTUNITY,llps:LLPS-ZH-HANS-CN-FORMAL-ENROLMENT-2025,large_language_population_strata,LLPS-ZH-HANS-CN-FORMAL-ENROLMENT-2025,formal_education_opportunity,a5cf0c92ef2bcbeea0b5126e5a8bd668d096530b439050f944693d6deb68f813,e7fbe6251a8302ea3679aaa52ac7c02c6cd7bfc857e35332e018b09db4e43103,ab60c2087025f8fa5d9df7a6edc186cd1b768ea2a9a33757be1923ded50697fc,1430f3c53ae14e5de723dc9c1762baa9fa202016829ae5a7ebcae3d1c956c588,true,false,POINT,280404300,280404300,280404300,280404300,280404300,true,false
edition-target:lang:aa-Latn-ET,Afar,aa-Latn-ET,0.000000,7130107.947368,,,,,UNRANKED_PRIMARY_ORDER_GATE,UNRANKED_PRIMARY_ORDER_GATE,MODEL_CONDITIONAL_TERRITORIAL_CEILING,unranked_context,UNRANKED_PRIMARY_ORDER_GATE,,,,,,,,,,,,,false,false,NONE,,,,,,,true
edition-target:lang:ace-Latn-ID,Acehnese,ace-Latn-ID,0.000000,17857577.250000,,,,,UNRANKED_PRIMARY_ORDER_GATE,UNRANKED_PRIMARY_ORDER_GATE,MODEL_CONDITIONAL_TERRITORIAL_CEILING,unranked_context,UNRANKED_PRIMARY_ORDER_GATE,,,,,,,,,,,,,false,false,NONE,,,,,,,true
edition-target:lang:acf-DM,Dominican Kwéyòl,acf-DM,0.000000,8200000000.000000,,,,,UNRANKED_PRIMARY_ORDER_GATE,UNRANKED_PRIMARY_ORDER_GATE,MODEL_CONDITIONAL_WORLD_CEILING,unranked_context,UNRANKED_PRIMARY_ORDER_GATE,,,,,,,,,,,,,false,false,NONE,,,,,,,true
edition-target:lang:acf-LC,Saint Lucian Kwéyòl,acf-LC,0.000000,8200000000.000000,,,,,UNRANKED_PRIMARY_ORDER_GATE,UNRANKED_PRIMARY_ORDER_GATE,MODEL_CONDITIONAL_WORLD_CEILING,unranked_context,UNRANKED_PRIMARY_ORDER_GATE,,,,,,,,,,,,,false,false,NONE,,,,,,,true
edition-target:lang:ach-Latn-UG,Acholi,ach-Latn-UG,0.000000,6423111.750000,,,,,UNRANKED_PRIMARY_ORDER_GATE,UNRANKED_PRIMARY_ORDER_GATE,MODEL_CONDITIONAL_TERRITORIAL_CEILING,unranked_context,UNRANKED_PRIMARY_ORDER_GATE,,,,,,,,,,,,,false,false,NONE,,,,,,,true
edition-target:lang:acm-Arab-IQ,Mesopotamian Arabic — Iraq target,acm-Arab-IQ,0.000000,4100000000.000000,,,,,UNRANKED_PRIMARY_ORDER_GATE,UNRANKED_PRIMARY_ORDER_GATE,MODEL_CONDITIONAL_WORLD_CEILING,unranked_context,UNRANKED_PRIMARY_ORDER_GATE,,,,,,,,,,,,,false,false,NONE,,,,,,,true
edition-target:lang:acq-Arab-YE,Ta'izzi-Adeni Arabic — Yemen,acq-Arab-YE,0.000000,4100000000.000000,,,,,UNRANKED_PRIMARY_ORDER_GATE,UNRANKED_PRIMARY_ORDER_GATE,MODEL_CONDITIONAL_WORLD_CEILING,unranked_context,UNRANKED_PRIMARY_ORDER_GATE,,,,,,,,,,,,,false,false,NONE,,,,,,,true
edition-target:lang:acw-Arab-SA,Hijazi Arabic — Saudi Arabia,acw-Arab-SA,0.000000,4100000000.000000,,,,,UNRANKED_PRIMARY_ORDER_GATE,UNRANKED_PRIMARY_ORDER_GATE,MODEL_CONDITIONAL_WORLD_CEILING,unranked_context,UNRANKED_PRIMARY_ORDER_GATE,,,,,,,,,,,,,false,false,NONE,,,,,,,true
edition-target:lang:acx-Arab-OM,Omani Arabic — Oman,acx-Arab-OM,0.000000,8200000000.000000,,,,,UNRANKED_PRIMARY_ORDER_GATE,UNRANKED_PRIMARY_ORDER_GATE,MODEL_CONDITIONAL_WORLD_CEILING,unranked_context,UNRANKED_PRIMARY_ORDER_GATE,,,,,,,,,,,,,false,false,NONE,,,,,,,true
edition-target:lang:aeb-Arab-TN,Tunisian Arabic,aeb-Arab-TN,0.000000,4100000000.000000,,,,,UNRANKED_PRIMARY_ORDER_GATE,UNRANKED_PRIMARY_ORDER_GATE,MODEL_CONDITIONAL_WORLD_CEILING,unranked_context,UNRANKED_PRIMARY_ORDER_GATE,,,,,,,,,,,,,false,false,NONE,,,,,,,true
edition-target:lang:aeb-Latn-TN,Tunisian Arabic,aeb-Latn-TN,0.000000,4100000000.000000,,,,,UNRANKED_PRIMARY_ORDER_GATE,UNRANKED_PRIMARY_ORDER_GATE,MODEL_CONDITIONAL_WORLD_CEILING,unranked_context,UNRANKED_PRIMARY_ORDER_GATE,,,,,,,,,,,,,false,false,NONE,,,,,,,true
edition-target:lang:af-Latn-ZA,Afrikaans,af-Latn-ZA,0.000000,5395609.916667,,,,,UNRANKED_PRIMARY_ORDER_GATE,UNRANKED_PRIMARY_ORDER_GATE,MODEL_CONDITIONAL_TERRITORIAL_CEILING,unranked_context,UNRANKED_PRIMARY_ORDER_GATE,,,,,,,,,,,,,false,false,NONE,,,,,,,true
edition-target:lang:afb-Arab-AE,Gulf Arabic — United Arab Emirates,afb-Arab-AE,0.000000,8200000000.000000,,,,,UNRANKED_PRIMARY_ORDER_GATE,UNRANKED_PRIMARY_ORDER_GATE,MODEL_CONDITIONAL_WORLD_CEILING,unranked_context,UNRANKED_PRIMARY_ORDER_GATE,,,,,,,,,,,,,false,false,NONE,,,,,,,true
edition-target:lang:afb-Arab-BH,Gulf Arabic — Bahrain,afb-Arab-BH,0.000000,8200000000.000000,,,,,UNRANKED_PRIMARY_ORDER_GATE,UNRANKED_PRIMARY_ORDER_GATE,MODEL_CONDITIONAL_WORLD_CEILING,unranked_context,UNRANKED_PRIMARY_ORDER_GATE,,,,,,,,,,,,,false,false,NONE,,,,,,,true
edition-target:lang:afb-Arab-KW,Gulf Arabic — Kuwait,afb-Arab-KW,0.000000,8200000000.000000,,,,,UNRANKED_PRIMARY_ORDER_GATE,UNRANKED_PRIMARY_ORDER_GATE,MODEL_CONDITIONAL_WORLD_CEILING,unranked_context,UNRANKED_PRIMARY_ORDER_GATE,,,,,,,,,,,,,false,false,NONE,,,,,,,true
edition-target:lang:afb-Arab-QA,Gulf Arabic — Qatar,afb-Arab-QA,0.000000,8200000000.000000,,,,,UNRANKED_PRIMARY_ORDER_GATE,UNRANKED_PRIMARY_ORDER_GATE,MODEL_CONDITIONAL_WORLD_CEILING,unranked_context,UNRANKED_PRIMARY_ORDER_GATE,,,,,,,,,,,,,false,false,NONE,,,,,,,true
edition-target:lang:aji-Latn-NC,Ajië,aji-Latn-NC,0.000000,8200000000.000000,,,,,UNRANKED_PRIMARY_ORDER_GATE,UNRANKED_PRIMARY_ORDER_GATE,MODEL_CONDITIONAL_WORLD_CEILING,unranked_context,UNRANKED_PRIMARY_ORDER_GATE,,,,,,,,,,,,,false,false,NONE,,,,,,,true
edition-target:lang:ajp-Arab-JO,South Levantine Arabic — Jordan,ajp-Arab-JO,0.000000,8200000000.000000,,,,,UNRANKED_PRIMARY_ORDER_GATE,UNRANKED_PRIMARY_ORDER_GATE,MODEL_CONDITIONAL_WORLD_CEILING,unranked_context,UNRANKED_PRIMARY_ORDER_GATE,,,,,,,,,,,,,false,false,NONE,,,,,,,true
edition-target:lang:ajp-Arab-PS,South Levantine,ajp-Arab-PS,0.000000,8200000000.000000,,,,,UNRANKED_PRIMARY_ORDER_GATE,UNRANKED_PRIMARY_ORDER_GATE,MODEL_CONDITIONAL_WORLD_CEILING,unranked_context,UNRANKED_PRIMARY_ORDER_GATE,,,,,,,,,,,,,false,false,NONE,,,,,,,true
edition-target:lang:akl-Latn-PH,Aklanon,akl-Latn-PH,0.000000,6488164.555556,,,,,UNRANKED_PRIMARY_ORDER_GATE,UNRANKED_PRIMARY_ORDER_GATE,MODEL_CONDITIONAL_TERRITORIAL_CEILING,unranked_context,UNRANKED_PRIMARY_ORDER_GATE,,,,,,,,,,,,,false,false,NONE,,,,,,,true
edition-target:lang:alc-CL,Kawésqar,alc-CL,0.000000,1171428571.428571,,,,,UNRANKED_PRIMARY_ORDER_GATE,UNRANKED_PRIMARY_ORDER_GATE,MODEL_CONDITIONAL_WORLD_CEILING,unranked_context,UNRANKED_PRIMARY_ORDER_GATE,,,,,,,,,,,,,false,false,NONE,,,,,,,true
edition-target:lang:ale-US,Unangam Tunuu,ale-US,0.000000,13671394.280000,,,,,UNRANKED_PRIMARY_ORDER_GATE,UNRANKED_PRIMARY_ORDER_GATE,MODEL_CONDITIONAL_TERRITORIAL_CEILING,unranked_context,UNRANKED_PRIMARY_ORDER_GATE,,,,,,,,,,,,,false,false,NONE,,,,,,,true
edition-target:lang:anu-Latn-ET,Anuak,anu-Latn-ET,0.000000,7130107.947368,,,,,UNRANKED_PRIMARY_ORDER_GATE,UNRANKED_PRIMARY_ORDER_GATE,MODEL_CONDITIONAL_TERRITORIAL_CEILING,unranked_context,UNRANKED_PRIMARY_ORDER_GATE,,,,,,,,,,,,,false,false,NONE,,,,,,,true
edition-target:lang:any-Latn-CI,Anyin,any-Latn-CI,0.000000,2733333333.333333,,,,,UNRANKED_PRIMARY_ORDER_GATE,UNRANKED_PRIMARY_ORDER_GATE,MODEL_CONDITIONAL_WORLD_CEILING,unranked_context,UNRANKED_PRIMARY_ORDER_GATE,,,,,,,,,,,,,false,false,NONE,,,,,,,true
edition-target:lang:aoc-VE,Pemón — Taurepán,aoc-VE,0.000000,820000000.000000,,,,,UNRANKED_PRIMARY_ORDER_GATE,UNRANKED_PRIMARY_ORDER_GATE,MODEL_CONDITIONAL_WORLD_CEILING,unranked_context,UNRANKED_PRIMARY_ORDER_GATE,,,,,,,,,,,,,false,false,NONE,,,,,,,true
edition-target:lang:apc-Arab-001,North Levantine Arabic,apc-Arab-001,0.000000,8200000000.000000,,,,,UNRANKED_PRIMARY_ORDER_GATE,UNRANKED_PRIMARY_ORDER_GATE,MODEL_CONDITIONAL_WORLD_CEILING,unranked_context,UNRANKED_PRIMARY_ORDER_GATE,,,,,,,,,,,,,false,false,NONE,,,,,,,true
edition-target:lang:apc-Arab-LB,North Levantine Arabic — Lebanon,apc-Arab-LB,0.000000,8200000000.000000,,,,,UNRANKED_PRIMARY_ORDER_GATE,UNRANKED_PRIMARY_ORDER_GATE,MODEL_CONDITIONAL_WORLD_CEILING,unranked_context,UNRANKED_PRIMARY_ORDER_GATE,,,,,,,,,,,,,false,false,NONE,,,,,,,true
edition-target:lang:apc-Arab-SY,North Levantine Arabic,apc-Arab-SY,0.000000,8200000000.000000,,,,,UNRANKED_PRIMARY_ORDER_GATE,UNRANKED_PRIMARY_ORDER_GATE,MODEL_CONDITIONAL_WORLD_CEILING,unranked_context,UNRANKED_PRIMARY_ORDER_GATE,,,,,,,,,,,,,false,false,NONE,,,,,,,true
edition-target:lang:apd-Arab-SD,Sudanese Arabic,apd-Arab-SD,0.000000,5166214.700000,,,,,UNRANKED_PRIMARY_ORDER_GATE,UNRANKED_PRIMARY_ORDER_GATE,MODEL_CONDITIONAL_TERRITORIAL_CEILING,unranked_context,UNRANKED_PRIMARY_ORDER_GATE,,,,,,,,,,,,,false,false,NONE,,,,,,,true
edition-target:lang:apd-Latn-SD,Sudanese Arabic,apd-Latn-SD,0.000000,5166214.700000,,,,,UNRANKED_PRIMARY_ORDER_GATE,UNRANKED_PRIMARY_ORDER_GATE,MODEL_CONDITIONAL_TERRITORIAL_CEILING,unranked_context,UNRANKED_PRIMARY_ORDER_GATE,,,,,,,,,,,,,false,false,NONE,,,,,,,true
edition-target:lang:aqt-PY,Angaité,aqt-PY,0.000000,745454545.454545,,,,,UNRANKED_PRIMARY_ORDER_GATE,UNRANKED_PRIMARY_ORDER_GATE,MODEL_CONDITIONAL_WORLD_CEILING,unranked_context,UNRANKED_PRIMARY_ORDER_GATE,,,,,,,,,,,,,false,false,NONE,,,,,,,true
edition-target:lang:ar-Arab-001,Modern Standard Arabic,ar-Arab-001,0.000000,8200000000.000000,,,,,UNRANKED_PRIMARY_ORDER_GATE,UNRANKED_PRIMARY_ORDER_GATE,MODEL_CONDITIONAL_WORLD_CEILING,unranked_context,UNRANKED_PRIMARY_ORDER_GATE,,,,,,,,,,,,,false,false,NONE,,,,,,,true
edition-target:lang:arb-Arab-001,Modern Standard Arabic,arb-Arab-001,0.000000,8200000000.000000,,,,,UNRANKED_PRIMARY_ORDER_GATE,UNRANKED_PRIMARY_ORDER_GATE,MODEL_CONDITIONAL_WORLD_CEILING,unranked_context,UNRANKED_PRIMARY_ORDER_GATE,,,,,,,,,,,,,false,false,NONE,,,,,,,true
edition-target:lang:arn-AR,Argentina Mapuche,arn-AR,0.000000,1025000000.000000,,,,,UNRANKED_PRIMARY_ORDER_GATE,UNRANKED_PRIMARY_ORDER_GATE,MODEL_CONDITIONAL_WORLD_CEILING,unranked_context,UNRANKED_PRIMARY_ORDER_GATE,,,,,,,,,,,,,false,false,NONE,,,,,,,true
edition-target:lang:arn-CL:variety:chezungun-williche-mapudungun,Chezungun,arn-CL,0.000000,1171428571.428571,,,,,UNRANKED_PRIMARY_ORDER_GATE,UNRANKED_PRIMARY_ORDER_GATE,MODEL_CONDITIONAL_WORLD_CEILING,unranked_context,UNRANKED_PRIMARY_ORDER_GATE,,,,,,,,,,,,,false,false,NONE,,,,,,,true
edition-target:lang:arn-CL:variety:mapuzugun-exact-regional-variety-required,Mapuzugun — exact regional variety required,arn-CL,0.000000,1171428571.428571,,,,,UNRANKED_PRIMARY_ORDER_GATE,UNRANKED_PRIMARY_ORDER_GATE,MODEL_CONDITIONAL_WORLD_CEILING,unranked_context,UNRANKED_PRIMARY_ORDER_GATE,,,,,,,,,,,,,false,false,NONE,,,,,,,true
edition-target:lang:arq-Arab-DZ,Algerian Darja,arq-Arab-DZ,0.000000,1025000000.000000,,,,,UNRANKED_PRIMARY_ORDER_GATE,UNRANKED_PRIMARY_ORDER_GATE,MODEL_CONDITIONAL_WORLD_CEILING,unranked_context,UNRANKED_PRIMARY_ORDER_GATE,,,,,,,,,,,,,false,false,NONE,,,,,,,true
edition-target:lang:arq-Latn-DZ,Algerian Darja,arq-Latn-DZ,0.000000,1025000000.000000,,,,,UNRANKED_PRIMARY_ORDER_GATE,UNRANKED_PRIMARY_ORDER_GATE,MODEL_CONDITIONAL_WORLD_CEILING,unranked_context,UNRANKED_PRIMARY_ORDER_GATE,,,,,,,,,,,,,false,false,NONE,,,,,,,true
edition-target:lang:ars-Arab-SA,Najdi Arabic — Saudi Arabia,ars-Arab-SA,0.000000,4100000000.000000,,,,,UNRANKED_PRIMARY_ORDER_GATE,UNRANKED_PRIMARY_ORDER_GATE,MODEL_CONDITIONAL_WORLD_CEILING,unranked_context,UNRANKED_PRIMARY_ORDER_GATE,,,,,,,,,,,,,false,false,NONE,,,,,,,true
edition-target:lang:arw-SR,Lokono,arw-SR,0.000000,1171428571.428571,,,,,UNRANKED_PRIMARY_ORDER_GATE,UNRANKED_PRIMARY_ORDER_GATE,MODEL_CONDITIONAL_WORLD_CEILING,unranked_context,UNRANKED_PRIMARY_ORDER_GATE,,,,,,,,,,,,,false,false,NONE,,,,,,,true
edition-target:lang:ary-Latn-MA,Moroccan Darija,ary-Latn-MA,0.000000,820000000.000000,,,,,UNRANKED_PRIMARY_ORDER_GATE,UNRANKED_PRIMARY_ORDER_GATE,MODEL_CONDITIONAL_WORLD_CEILING,unranked_context,UNRANKED_PRIMARY_ORDER_GATE,,,,,,,,,,,,,false,false,NONE,,,,,,,true
edition-target:lang:arz-Arab-EG,Egyptian Arabic,arz-Arab-EG,0.000000,16909427.857143,,,,,UNRANKED_PRIMARY_ORDER_GATE,UNRANKED_PRIMARY_ORDER_GATE,MODEL_CONDITIONAL_TERRITORIAL_CEILING,unranked_context,UNRANKED_PRIMARY_ORDER_GATE,,,,,,,,,,,,,false,false,NONE,,,,,,,true
edition-target:lang:arz-Latn-EG,Egyptian Arabic,arz-Latn-EG,0.000000,16909427.857143,,,,,UNRANKED_PRIMARY_ORDER_GATE,UNRANKED_PRIMARY_ORDER_GATE,MODEL_CONDITIONAL_TERRITORIAL_CEILING,unranked_context,UNRANKED_PRIMARY_ORDER_GATE,,,,,,,,,,,,,false,false,NONE,,,,,,,true
edition-target:lang:ase-CA,American Sign Language in Canada,ase-CA,0.000000,303703703.703704,,,,,UNRANKED_PRIMARY_ORDER_GATE,UNRANKED_PRIMARY_ORDER_GATE,MODEL_CONDITIONAL_WORLD_CEILING,unranked_context,UNRANKED_PRIMARY_ORDER_GATE,,,,,,,,,,,,,false,false,NONE,,,,,,,true
edition-target:lang:ase-US,American Sign Language,ase-US,0.000000,13671394.280000,,,,,UNRANKED_PRIMARY_ORDER_GATE,UNRANKED_PRIMARY_ORDER_GATE,MODEL_CONDITIONAL_TERRITORIAL_CEILING,unranked_context,UNRANKED_PRIMARY_ORDER_GATE,,,,,,,,,,,,,false,false,NONE,,,,,,,true
edition-target:lang:ase-US:community:guam,American Sign Language,ase-US,0.000000,13671394.280000,,,,,UNRANKED_PRIMARY_ORDER_GATE,UNRANKED_PRIMARY_ORDER_GATE,MODEL_CONDITIONAL_TERRITORIAL_CEILING,unranked_context,UNRANKED_PRIMARY_ORDER_GATE,,,,,,,,,,,,,false,false,NONE,,,,,,,true
edition-target:lang:ase-US:community:hawai-i,American Sign Language,ase-US,0.000000,13671394.280000,,,,,UNRANKED_PRIMARY_ORDER_GATE,UNRANKED_PRIMARY_ORDER_GATE,MODEL_CONDITIONAL_TERRITORIAL_CEILING,unranked_context,UNRANKED_PRIMARY_ORDER_GATE,,,,,,,,,,,,,false,false,NONE,,,,,,,true
edition-target:lang:ase-US:community:northern-mariana-islands,American Sign Language,ase-US,0.000000,13671394.280000,,,,,UNRANKED_PRIMARY_ORDER_GATE,UNRANKED_PRIMARY_ORDER_GATE,MODEL_CONDITIONAL_TERRITORIAL_CEILING,unranked_context,UNRANKED_PRIMARY_ORDER_GATE,,,,,,,,,,,,,false,false,NONE,,,,,,,true
edition-target:lang:asf-AU,Auslan,asf-AU,0.000000,1366666666.666667,,,,,UNRANKED_PRIMARY_ORDER_GATE,UNRANKED_PRIMARY_ORDER_GATE,MODEL_CONDITIONAL_WORLD_CEILING,unranked_context,UNRANKED_PRIMARY_ORDER_GATE,,,,,,,,,,,,,false,false,NONE,,,,,,,true
edition-target:lang:auc-EC,Wao Tededo,auc-EC,0.000000,1640000000.000000,,,,,UNRANKED_PRIMARY_ORDER_GATE,UNRANKED_PRIMARY_ORDER_GATE,MODEL_CONDITIONAL_WORLD_CEILING,unranked_context,UNRANKED_PRIMARY_ORDER_GATE,,,,,,,,,,,,,false,false,NONE,,,,,,,true
edition-target:lang:aut-Latn-PF-x-rimatara,Rimatara,aut-Latn-PF-x-rimatara,0.000000,8200000000.000000,,,,,UNRANKED_PRIMARY_ORDER_GATE,UNRANKED_PRIMARY_ORDER_GATE,MODEL_CONDITIONAL_WORLD_CEILING,unranked_context,UNRANKED_PRIMARY_ORDER_GATE,,,,,,,,,,,,,false,false,NONE,,,,,,,true
edition-target:lang:aut-Latn-PF-x-rurutu,Rurutu,aut-Latn-PF-x-rurutu,0.000000,8200000000.000000,,,,,UNRANKED_PRIMARY_ORDER_GATE,UNRANKED_PRIMARY_ORDER_GATE,MODEL_CONDITIONAL_WORLD_CEILING,unranked_context,UNRANKED_PRIMARY_ORDER_GATE,,,,,,,,,,,,,false,false,NONE,,,,,,,true
edition-target:lang:ayl-Arab-LY,Libyan Arabic,ayl-Arab-LY,0.000000,2733333333.333333,,,,,UNRANKED_PRIMARY_ORDER_GATE,UNRANKED_PRIMARY_ORDER_GATE,MODEL_CONDITIONAL_WORLD_CEILING,unranked_context,UNRANKED_PRIMARY_ORDER_GATE,,,,,,,,,,,,,false,false,NONE,,,,,,,true
edition-target:lang:ayl-Latn-LY,Libyan Arabic,ayl-Latn-LY,0.000000,2733333333.333333,,,,,UNRANKED_PRIMARY_ORDER_GATE,UNRANKED_PRIMARY_ORDER_GATE,MODEL_CONDITIONAL_WORLD_CEILING,unranked_context,UNRANKED_PRIMARY_ORDER_GATE,,,,,,,,,,,,,false,false,NONE,,,,,,,true
edition-target:lang:ayn-Arab-YE,Sanaani Arabic — Yemen,ayn-Arab-YE,0.000000,4100000000.000000,,,,,UNRANKED_PRIMARY_ORDER_GATE,UNRANKED_PRIMARY_ORDER_GATE,MODEL_CONDITIONAL_WORLD_CEILING,unranked_context,UNRANKED_PRIMARY_ORDER_GATE,,,,,,,,,,,,,false,false,NONE,,,,,,,true
edition-target:lang:ayo-PY,Ayoreo,ayo-PY,0.000000,745454545.454545,,,,,UNRANKED_PRIMARY_ORDER_GATE,UNRANKED_PRIMARY_ORDER_GATE,MODEL_CONDITIONAL_WORLD_CEILING,unranked_context,UNRANKED_PRIMARY_ORDER_GATE,,,,,,,,,,,,,false,false,NONE,,,,,,,true
edition-target:lang:ayr-AR,Argentina Aymara,ayr-AR,0.000000,1025000000.000000,,,,,UNRANKED_PRIMARY_ORDER_GATE,UNRANKED_PRIMARY_ORDER_GATE,MODEL_CONDITIONAL_WORLD_CEILING,unranked_context,UNRANKED_PRIMARY_ORDER_GATE,,,,,,,,,,,,,false,false,NONE,,,,,,,true
edition-target:lang:ayr-CL,Chilean Aymara,ayr-CL,0.000000,1171428571.428571,,,,,UNRANKED_PRIMARY_ORDER_GATE,UNRANKED_PRIMARY_ORDER_GATE,MODEL_CONDITIONAL_WORLD_CEILING,unranked_context,UNRANKED_PRIMARY_ORDER_GATE,,,,,,,,,,,,,false,false,NONE,,,,,,,true
edition-target:lang:ayr-Latn-BO,Aymara varieties,ayr-Latn-BO,0.000000,1640000000.000000,,,,,UNRANKED_PRIMARY_ORDER_GATE,UNRANKED_PRIMARY_ORDER_GATE,MODEL_CONDITIONAL_WORLD_CEILING,unranked_context,UNRANKED_PRIMARY_ORDER_GATE,,,,,,,,,,,,,false,false,NONE,,,,,,,true
edition-target:lang:az-Latn-AZ,Azerbaijani,az-Latn-AZ,0.000000,8200000000.000000,,,,,UNRANKED_PRIMARY_ORDER_GATE,UNRANKED_PRIMARY_ORDER_GATE,MODEL_CONDITIONAL_WORLD_CEILING,unranked_context,UNRANKED_PRIMARY_ORDER_GATE,,,,,,,,,,,,,false,false,NONE,,,,,,,true
edition-target:lang:bal-Arab-PK,Balochi (Pakistan education pack),bal-Arab-PK,0.000000,25521955.400000,,,,,UNRANKED_PRIMARY_ORDER_GATE,UNRANKED_PRIMARY_ORDER_GATE,MODEL_CONDITIONAL_TERRITORIAL_CEILING,unranked_context,UNRANKED_PRIMARY_ORDER_GATE,,,,,,,,,,,,,false,false,NONE,,,,,,,true
edition-target:lang:ban-Bali-ID,Balinese,ban-Bali-ID,0.000000,17857577.250000,,,,,UNRANKED_PRIMARY_ORDER_GATE,UNRANKED_PRIMARY_ORDER_GATE,MODEL_CONDITIONAL_TERRITORIAL_CEILING,unranked_context,UNRANKED_PRIMARY_ORDER_GATE,,,,,,,,,,,,,false,false,NONE,,,,,,,true
edition-target:lang:ban-Latn-ID,Balinese,ban-Latn-ID,0.000000,17857577.250000,,,,,UNRANKED_PRIMARY_ORDER_GATE,UNRANKED_PRIMARY_ORDER_GATE,MODEL_CONDITIONAL_TERRITORIAL_CEILING,unranked_context,UNRANKED_PRIMARY_ORDER_GATE,,,,,,,,,,,,,false,false,NONE,,,,,,,true
edition-target:lang:bas-Latn-CM,Basaa,bas-Latn-CM,0.000000,630769230.769231,,,,,UNRANKED_PRIMARY_ORDER_GATE,UNRANKED_PRIMARY_ORDER_GATE,MODEL_CONDITIONAL_WORLD_CEILING,unranked_context,UNRANKED_PRIMARY_ORDER_GATE,,,,,,,,,,,,,false,false,NONE,,,,,,,true
edition-target:lang:bba-Latn-BJ,Bariba,bba-Latn-BJ,0.000000,1366666666.666667,,,,,UNRANKED_PRIMARY_ORDER_GATE,UNRANKED_PRIMARY_ORDER_GATE,MODEL_CONDITIONAL_WORLD_CEILING,unranked_context,UNRANKED_PRIMARY_ORDER_GATE,,,,,,,,,,,,,false,false,NONE,,,,,,,true
edition-target:lang:bbj-Latn-CM,Ghomálá',bbj-Latn-CM,0.000000,630769230.769231,,,,,UNRANKED_PRIMARY_ORDER_GATE,UNRANKED_PRIMARY_ORDER_GATE,MODEL_CONDITIONAL_WORLD_CEILING,unranked_context,UNRANKED_PRIMARY_ORDER_GATE,,,,,,,,,,,,,false,false,NONE,,,,,,,true
edition-target:lang:bci-Latn-CI,Baule,bci-Latn-CI,0.000000,2733333333.333333,,,,,UNRANKED_PRIMARY_ORDER_GATE,UNRANKED_PRIMARY_ORDER_GATE,MODEL_CONDITIONAL_WORLD_CEILING,unranked_context,UNRANKED_PRIMARY_ORDER_GATE,,,,,,,,,,,,,false,false,NONE,,,,,,,true
edition-target:lang:bcl-Latn-PH,Central Bikol,bcl-Latn-PH,0.000000,6488164.555556,,,,,UNRANKED_PRIMARY_ORDER_GATE,UNRANKED_PRIMARY_ORDER_GATE,MODEL_CONDITIONAL_TERRITORIAL_CEILING,unranked_context,UNRANKED_PRIMARY_ORDER_GATE,,,,,,,,,,,,,false,false,NONE,,,,,,,true
edition-target:lang:bej-Latn-EG,Beja,bej-Latn-EG,0.000000,16909427.857143,,,,,UNRANKED_PRIMARY_ORDER_GATE,UNRANKED_PRIMARY_ORDER_GATE,MODEL_CONDITIONAL_TERRITORIAL_CEILING,unranked_context,UNRANKED_PRIMARY_ORDER_GATE,,,,,,,,,,,,,false,false,NONE,,,,,,,true
edition-target:lang:bej-Latn-ER,Beja,bej-Latn-ER,0.000000,1171428571.428571,,,,,UNRANKED_PRIMARY_ORDER_GATE,UNRANKED_PRIMARY_ORDER_GATE,MODEL_CONDITIONAL_WORLD_CEILING,unranked_context,UNRANKED_PRIMARY_ORDER_GATE,,,,,,,,,,,,,false,false,NONE,,,,,,,true
edition-target:lang:bej-Latn-SD,Beja,bej-Latn-SD,0.000000,5166214.700000,,,,,UNRANKED_PRIMARY_ORDER_GATE,UNRANKED_PRIMARY_ORDER_GATE,MODEL_CONDITIONAL_TERRITORIAL_CEILING,unranked_context,UNRANKED_PRIMARY_ORDER_GATE,,,,,,,,,,,,,false,false,NONE,,,,,,,true
edition-target:lang:bem-Latn-CD,Bemba,bem-Latn-CD,0.000000,6268470.722222,,,,,UNRANKED_PRIMARY_ORDER_GATE,UNRANKED_PRIMARY_ORDER_GATE,MODEL_CONDITIONAL_TERRITORIAL_CEILING,unranked_context,UNRANKED_PRIMARY_ORDER_GATE,,,,,,,,,,,,,false,false,NONE,,,,,,,true
edition-target:lang:bem-Latn-ZM,Bemba,bem-Latn-ZM,0.000000,1366666666.666667,,,,,UNRANKED_PRIMARY_ORDER_GATE,UNRANKED_PRIMARY_ORDER_GATE,MODEL_CONDITIONAL_WORLD_CEILING,unranked_context,UNRANKED_PRIMARY_ORDER_GATE,,,,,,,,,,,,,false,false,NONE,,,,,,,true
edition-target:lang:bfa-Latn-SS,Bari,bfa-Latn-SS,0.000000,820000000.000000,,,,,UNRANKED_PRIMARY_ORDER_GATE,UNRANKED_PRIMARY_ORDER_GATE,MODEL_CONDITIONAL_WORLD_CEILING,unranked_context,UNRANKED_PRIMARY_ORDER_GATE,,,,,,,,,,,,,false,false,NONE,,,,,,,true
edition-target:lang:bfi-GB,British Sign Language,bfi-GB,0.000000,34743500.000000,,,,,UNRANKED_PRIMARY_ORDER_GATE,UNRANKED_PRIMARY_ORDER_GATE,MODEL_CONDITIONAL_TERRITORIAL_CEILING,unranked_context,UNRANKED_PRIMARY_ORDER_GATE,,,,,,,,,,,,,false,false,NONE,,,,,,,true
edition-target:lang:bho-Deva-MU,Bhojpuri,bho-Deva-MU,0.000000,2050000000.000000,,,,,UNRANKED_PRIMARY_ORDER_GATE,UNRANKED_PRIMARY_ORDER_GATE,MODEL_CONDITIONAL_WORLD_CEILING,unranked_context,UNRANKED_PRIMARY_ORDER_GATE,,,,,,,,,,,,,false,false,NONE,,,,,,,true
edition-target:lang:bi-Latn-VU,Bislama,bi-Latn-VU,0.000000,8200000000.000000,,,,,UNRANKED_PRIMARY_ORDER_GATE,UNRANKED_PRIMARY_ORDER_GATE,MODEL_CONDITIONAL_WORLD_CEILING,unranked_context,UNRANKED_PRIMARY_ORDER_GATE,,,,,,,,,,,,,false,false,NONE,,,,,,,true
edition-target:lang:bin-Latn-NG,Edo,bin-Latn-NG,0.000000,7197811.575758,,,,,UNRANKED_PRIMARY_ORDER_GATE,UNRANKED_PRIMARY_ORDER_GATE,MODEL_CONDITIONAL_TERRITORIAL_CEILING,unranked_context,UNRANKED_PRIMARY_ORDER_GATE,,,,,,,,,,,,,false,false,NONE,,,,,,,true
edition-target:lang:bm-Latn-ML,Bambara,bm-Latn-ML,0.000000,911111111.111111,,,,,UNRANKED_PRIMARY_ORDER_GATE,UNRANKED_PRIMARY_ORDER_GATE,MODEL_CONDITIONAL_WORLD_CEILING,unranked_context,UNRANKED_PRIMARY_ORDER_GATE,,,,,,,,,,,,,false,false,NONE,,,,,,,true
edition-target:lang:bm-Nkoo-ML,Bambara,bm-Nkoo-ML,0.000000,911111111.111111,,,,,UNRANKED_PRIMARY_ORDER_GATE,UNRANKED_PRIMARY_ORDER_GATE,MODEL_CONDITIONAL_WORLD_CEILING,unranked_context,UNRANKED_PRIMARY_ORDER_GATE,,,,,,,,,,,,,false,false,NONE,,,,,,,true
edition-target:lang:bmm-Latn-MG,Northern Betsimisaraka Malagasy,bmm-Latn-MG,0.000000,745454545.454545,,,,,UNRANKED_PRIMARY_ORDER_GATE,UNRANKED_PRIMARY_ORDER_GATE,MODEL_CONDITIONAL_WORLD_CEILING,unranked_context,UNRANKED_PRIMARY_ORDER_GATE,,,,,,,,,,,,,false,false,NONE,,,,,,,true
edition-target:lang:bn-Beng-BD,Bangla (Bangladesh standard),bn-Beng-BD,0.000000,87843449.500000,,,,,UNRANKED_PRIMARY_ORDER_GATE,UNRANKED_PRIMARY_ORDER_GATE,MODEL_CONDITIONAL_TERRITORIAL_CEILING,unranked_context,UNRANKED_PRIMARY_ORDER_GATE,,,,,,,,,,,,,false,false,NONE,,,,,,,true
edition-target:lang:bo-Tibt-CN,Tibetan,bo-Tibt-CN,0.000000,66980238.095238,,,,,UNRANKED_PRIMARY_ORDER_GATE,UNRANKED_PRIMARY_ORDER_GATE,MODEL_CONDITIONAL_TERRITORIAL_CEILING,unranked_context,UNRANKED_PRIMARY_ORDER_GATE,,,,,,,,,,,,,false,false,NONE,,,,,,,true
edition-target:lang:bom-Latn-NG,Berom,bom-Latn-NG,0.000000,7197811.575758,,,,,UNRANKED_PRIMARY_ORDER_GATE,UNRANKED_PRIMARY_ORDER_GATE,MODEL_CONDITIONAL_TERRITORIAL_CEILING,unranked_context,UNRANKED_PRIMARY_ORDER_GATE,,,,,,,,,,,,,false,false,NONE,,,,,,,true
edition-target:lang:brn-CR,Boruca,brn-CR,0.000000,1640000000.000000,,,,,UNRANKED_PRIMARY_ORDER_GATE,UNRANKED_PRIMARY_ORDER_GATE,MODEL_CONDITIONAL_WORLD_CEILING,unranked_context,UNRANKED_PRIMARY_ORDER_GATE,,,,,,,,,,,,,false,false,NONE,,,,,,,true
edition-target:lang:bs-Latn-BA,Bosnian,bs-Latn-BA,0.000000,8200000000.000000,,,,,UNRANKED_PRIMARY_ORDER_GATE,UNRANKED_PRIMARY_ORDER_GATE,MODEL_CONDITIONAL_WORLD_CEILING,unranked_context,UNRANKED_PRIMARY_ORDER_GATE,,,,,,,,,,,,,false,false,NONE,,,,,,,true
edition-target:lang:bsq-Bass-LR,Bassa,bsq-Bass-LR,0.000000,820000000.000000,,,,,UNRANKED_PRIMARY_ORDER_GATE,UNRANKED_PRIMARY_ORDER_GATE,MODEL_CONDITIONAL_WORLD_CEILING,unranked_context,UNRANKED_PRIMARY_ORDER_GATE,,,,,,,,,,,,,false,false,NONE,,,,,,,true
edition-target:lang:bsq-Latn-LR,Bassa,bsq-Latn-LR,0.000000,820000000.000000,,,,,UNRANKED_PRIMARY_ORDER_GATE,UNRANKED_PRIMARY_ORDER_GATE,MODEL_CONDITIONAL_WORLD_CEILING,unranked_context,UNRANKED_PRIMARY_ORDER_GATE,,,,,,,,,,,,,false,false,NONE,,,,,,,true
edition-target:lang:buc-Latn-YT,Kibushi,buc-Latn-YT,0.000000,8200000000.000000,,,,,UNRANKED_PRIMARY_ORDER_GATE,UNRANKED_PRIMARY_ORDER_GATE,MODEL_CONDITIONAL_WORLD_CEILING,unranked_context,UNRANKED_PRIMARY_ORDER_GATE,,,,,,,,,,,,,false,false,NONE,,,,,,,true
edition-target:lang:bug-Bugi-ID,Buginese,bug-Bugi-ID,0.000000,17857577.250000,,,,,UNRANKED_PRIMARY_ORDER_GATE,UNRANKED_PRIMARY_ORDER_GATE,MODEL_CONDITIONAL_TERRITORIAL_CEILING,unranked_context,UNRANKED_PRIMARY_ORDER_GATE,,,,,,,,,,,,,false,false,NONE,,,,,,,true
edition-target:lang:bvb-Latn-GQ,Bube,bvb-Latn-GQ,0.000000,2733333333.333333,,,,,UNRANKED_PRIMARY_ORDER_GATE,UNRANKED_PRIMARY_ORDER_GATE,MODEL_CONDITIONAL_WORLD_CEILING,unranked_context,UNRANKED_PRIMARY_ORDER_GATE,,,,,,,,,,,,,false,false,NONE,,,,,,,true
edition-target:lang:bvl-BO,Bolivian Sign Language,bvl-BO,0.000000,1640000000.000000,,,,,UNRANKED_PRIMARY_ORDER_GATE,UNRANKED_PRIMARY_ORDER_GATE,MODEL_CONDITIONAL_WORLD_CEILING,unranked_context,UNRANKED_PRIMARY_ORDER_GATE,,,,,,,,,,,,,false,false,NONE,,,,,,,true
edition-target:lang:bxk-Latn-KE,Bukusu,bxk-Latn-KE,0.000000,4109463.785714,,,,,UNRANKED_PRIMARY_ORDER_GATE,UNRANKED_PRIMARY_ORDER_GATE,MODEL_CONDITIONAL_TERRITORIAL_CEILING,unranked_context,UNRANKED_PRIMARY_ORDER_GATE,,,,,,,,,,,,,false,false,NONE,,,,,,,true
edition-target:lang:byn-Latn-ER,Bilen,byn-Latn-ER,0.000000,1171428571.428571,,,,,UNRANKED_PRIMARY_ORDER_GATE,UNRANKED_PRIMARY_ORDER_GATE,MODEL_CONDITIONAL_WORLD_CEILING,unranked_context,UNRANKED_PRIMARY_ORDER_GATE,,,,,,,,,,,,,false,false,NONE,,,,,,,true
edition-target:lang:bzc-Latn-MG,Southern Betsimisaraka Malagasy,bzc-Latn-MG,0.000000,745454545.454545,,,,,UNRANKED_PRIMARY_ORDER_GATE,UNRANKED_PRIMARY_ORDER_GATE,MODEL_CONDITIONAL_WORLD_CEILING,unranked_context,UNRANKED_PRIMARY_ORDER_GATE,,,,,,,,,,,,,false,false,NONE,,,,,,,true
edition-target:lang:bzd-CR:variety:bribri-salitre,Bribri — Salitre,bzd-CR,0.000000,1640000000.000000,,,,,UNRANKED_PRIMARY_ORDER_GATE,UNRANKED_PRIMARY_ORDER_GATE,MODEL_CONDITIONAL_WORLD_CEILING,unranked_context,UNRANKED_PRIMARY_ORDER_GATE,,,,,,,,,,,,,false,false,NONE,,,,,,,true
edition-target:lang:bzd-CR:variety:bribri-talamanca,Bribri — Talamanca,bzd-CR,0.000000,1640000000.000000,,,,,UNRANKED_PRIMARY_ORDER_GATE,UNRANKED_PRIMARY_ORDER_GATE,MODEL_CONDITIONAL_WORLD_CEILING,unranked_context,UNRANKED_PRIMARY_ORDER_GATE,,,,,,,,,,,,,false,false,NONE,,,,,,,true
edition-target:lang:bzk-NI,Nicaragua Kriol,bzk-NI,0.000000,4100000000.000000,,,,,UNRANKED_PRIMARY_ORDER_GATE,UNRANKED_PRIMARY_ORDER_GATE,MODEL_CONDITIONAL_WORLD_CEILING,unranked_context,UNRANKED_PRIMARY_ORDER_GATE,,,,,,,,,,,,,false,false,NONE,,,,,,,true
edition-target:lang:bzs-BR,Brazilian Sign Language,bzs-BR,0.000000,11200652.894737,,,,,UNRANKED_PRIMARY_ORDER_GATE,UNRANKED_PRIMARY_ORDER_GATE,MODEL_CONDITIONAL_TERRITORIAL_CEILING,unranked_context,UNRANKED_PRIMARY_ORDER_GATE,,,,,,,,,,,,,false,false,NONE,,,,,,,true
edition-target:lang:caa-HN,Honduras Ch’orti’,caa-HN,0.000000,1640000000.000000,,,,,UNRANKED_PRIMARY_ORDER_GATE,UNRANKED_PRIMARY_ORDER_GATE,MODEL_CONDITIONAL_WORLD_CEILING,unranked_context,UNRANKED_PRIMARY_ORDER_GATE,,,,,,,,,,,,,false,false,NONE,,,,,,,true
edition-target:lang:cab-BZ,Belize Garifuna,cab-BZ,0.000000,1640000000.000000,,,,,UNRANKED_PRIMARY_ORDER_GATE,UNRANKED_PRIMARY_ORDER_GATE,MODEL_CONDITIONAL_WORLD_CEILING,unranked_context,UNRANKED_PRIMARY_ORDER_GATE,,,,,,,,,,,,,false,false,NONE,,,,,,,true
edition-target:lang:cab-HN,Honduras Garifuna,cab-HN,0.000000,1640000000.000000,,,,,UNRANKED_PRIMARY_ORDER_GATE,UNRANKED_PRIMARY_ORDER_GATE,MODEL_CONDITIONAL_WORLD_CEILING,unranked_context,UNRANKED_PRIMARY_ORDER_GATE,,,,,,,,,,,,,false,false,NONE,,,,,,,true
edition-target:lang:cag-AR,Argentina Nivaclé,cag-AR,0.000000,1025000000.000000,,,,,UNRANKED_PRIMARY_ORDER_GATE,UNRANKED_PRIMARY_ORDER_GATE,MODEL_CONDITIONAL_WORLD_CEILING,unranked_context,UNRANKED_PRIMARY_ORDER_GATE,,,,,,,,,,,,,false,false,NONE,,,,,,,true
edition-target:lang:cag-PY,Nivaclé,cag-PY,0.000000,745454545.454545,,,,,UNRANKED_PRIMARY_ORDER_GATE,UNRANKED_PRIMARY_ORDER_GATE,MODEL_CONDITIONAL_WORLD_CEILING,unranked_context,UNRANKED_PRIMARY_ORDER_GATE,,,,,,,,,,,,,false,false,NONE,,,,,,,true
edition-target:lang:cal-Latn-MP,Refaluwasch,cal-Latn-MP,0.000000,8200000000.000000,,,,,UNRANKED_PRIMARY_ORDER_GATE,UNRANKED_PRIMARY_ORDER_GATE,MODEL_CONDITIONAL_WORLD_CEILING,unranked_context,UNRANKED_PRIMARY_ORDER_GATE,,,,,,,,,,,,,false,false,NONE,,,,,,,true
edition-target:lang:caq-Latn-IN,Car Nicobarese,caq-Latn-IN,0.000000,48795517.500000,,,,,UNRANKED_PRIMARY_ORDER_GATE,UNRANKED_PRIMARY_ORDER_GATE,MODEL_CONDITIONAL_TERRITORIAL_CEILING,unranked_context,UNRANKED_PRIMARY_ORDER_GATE,,,,,,,,,,,,,false,false,NONE,,,,,,,true
edition-target:lang:car-SR,Kali’na,car-SR,0.000000,1171428571.428571,,,,,UNRANKED_PRIMARY_ORDER_GATE,UNRANKED_PRIMARY_ORDER_GATE,MODEL_CONDITIONAL_WORLD_CEILING,unranked_context,UNRANKED_PRIMARY_ORDER_GATE,,,,,,,,,,,,,false,false,NONE,,,,,,,true
edition-target:lang:cbi-EC,Cha’palaa,cbi-EC,0.000000,1640000000.000000,,,,,UNRANKED_PRIMARY_ORDER_GATE,UNRANKED_PRIMARY_ORDER_GATE,MODEL_CONDITIONAL_WORLD_CEILING,unranked_context,UNRANKED_PRIMARY_ORDER_GATE,,,,,,,,,,,,,false,false,NONE,,,,,,,true
edition-target:lang:cbk-Latn-PH,Zamboangueño Chavacano,cbk-Latn-PH,0.000000,6488164.555556,,,,,UNRANKED_PRIMARY_ORDER_GATE,UNRANKED_PRIMARY_ORDER_GATE,MODEL_CONDITIONAL_TERRITORIAL_CEILING,unranked_context,UNRANKED_PRIMARY_ORDER_GATE,,,,,,,,,,,,,false,false,NONE,,,,,,,true
edition-target:lang:ceb-Latn-PH,Cebuano,ceb-Latn-PH,0.000000,6488164.555556,,,,,UNRANKED_PRIMARY_ORDER_GATE,UNRANKED_PRIMARY_ORDER_GATE,MODEL_CONDITIONAL_TERRITORIAL_CEILING,unranked_context,UNRANKED_PRIMARY_ORDER_GATE,,,,,,,,,,,,,false,false,NONE,,,,,,,true
edition-target:lang:cfm-Latn-MM,Falam Chin,cfm-Latn-MM,0.000000,4570887.333333,,,,,UNRANKED_PRIMARY_ORDER_GATE,UNRANKED_PRIMARY_ORDER_GATE,MODEL_CONDITIONAL_TERRITORIAL_CEILING,unranked_context,UNRANKED_PRIMARY_ORDER_GATE,,,,,,,,,,,,,false,false,NONE,,,,,,,true
edition-target:lang:cgg-Latn-UG,Rukiga,cgg-Latn-UG,0.000000,6423111.750000,,,,,UNRANKED_PRIMARY_ORDER_GATE,UNRANKED_PRIMARY_ORDER_GATE,MODEL_CONDITIONAL_TERRITORIAL_CEILING,unranked_context,UNRANKED_PRIMARY_ORDER_GATE,,,,,,,,,,,,,false,false,NONE,,,,,,,true
edition-target:lang:ch-Latn-GU,CHamoru,ch-Latn-GU,0.000000,8200000000.000000,,,,,UNRANKED_PRIMARY_ORDER_GATE,UNRANKED_PRIMARY_ORDER_GATE,MODEL_CONDITIONAL_WORLD_CEILING,unranked_context,UNRANKED_PRIMARY_ORDER_GATE,,,,,,,,,,,,,false,false,NONE,,,,,,,true
edition-target:lang:cjk-Latn-AO,Cokwe,cjk-Latn-AO,0.000000,1171428571.428571,,,,,UNRANKED_PRIMARY_ORDER_GATE,UNRANKED_PRIMARY_ORDER_GATE,MODEL_CONDITIONAL_WORLD_CEILING,unranked_context,UNRANKED_PRIMARY_ORDER_GATE,,,,,,,,,,,,,false,false,NONE,,,,,,,true
edition-target:lang:cjk-Latn-CD,Cokwe,cjk-Latn-CD,0.000000,6268470.722222,,,,,UNRANKED_PRIMARY_ORDER_GATE,UNRANKED_PRIMARY_ORDER_GATE,MODEL_CONDITIONAL_TERRITORIAL_CEILING,unranked_context,UNRANKED_PRIMARY_ORDER_GATE,,,,,,,,,,,,,false,false,NONE,,,,,,,true
edition-target:lang:cjk-Latn-ZM,Cokwe,cjk-Latn-ZM,0.000000,1366666666.666667,,,,,UNRANKED_PRIMARY_ORDER_GATE,UNRANKED_PRIMARY_ORDER_GATE,MODEL_CONDITIONAL_WORLD_CEILING,unranked_context,UNRANKED_PRIMARY_ORDER_GATE,,,,,,,,,,,,,false,false,NONE,,,,,,,true
edition-target:lang:cjo-PE,Asheninka variety cjo,cjo-PE,0.000000,356521739.130435,,,,,UNRANKED_PRIMARY_ORDER_GATE,UNRANKED_PRIMARY_ORDER_GATE,MODEL_CONDITIONAL_WORLD_CEILING,unranked_context,UNRANKED_PRIMARY_ORDER_GATE,,,,,,,,,,,,,false,false,NONE,,,,,,,true
edition-target:lang:cjp-CR,Cabécar — Ujarrás,cjp-CR,0.000000,1640000000.000000,,,,,UNRANKED_PRIMARY_ORDER_GATE,UNRANKED_PRIMARY_ORDER_GATE,MODEL_CONDITIONAL_WORLD_CEILING,unranked_context,UNRANKED_PRIMARY_ORDER_GATE,,,,,,,,,,,,,false,false,NONE,,,,,,,true
edition-target:lang:cjy-Hans-CN,Jin Chinese,cjy-Hans-CN,0.000000,66980238.095238,,,,,UNRANKED_PRIMARY_ORDER_GATE,UNRANKED_PRIMARY_ORDER_GATE,MODEL_CONDITIONAL_TERRITORIAL_CEILING,unranked_context,UNRANKED_PRIMARY_ORDER_GATE,,,,,,,,,,,,,false,false,NONE,,,,,,,true
edition-target:lang:cks-Latn-NC,Tayo,cks-Latn-NC,0.000000,8200000000.000000,,,,,UNRANKED_PRIMARY_ORDER_GATE,UNRANKED_PRIMARY_ORDER_GATE,MODEL_CONDITIONAL_WORLD_CEILING,unranked_context,UNRANKED_PRIMARY_ORDER_GATE,,,,,,,,,,,,,false,false,NONE,,,,,,,true
edition-target:lang:cmn-CN:spoken,Putonghua spoken standard Mandarin,cmn-CN,0.000000,66980238.095238,,,,,UNRANKED_PRIMARY_ORDER_GATE,UNRANKED_PRIMARY_ORDER_GATE,MODEL_CONDITIONAL_TERRITORIAL_CEILING,unranked_context,UNRANKED_PRIMARY_ORDER_GATE,,,,,,,,,,,,,false,false,NONE,,,,,,,true
edition-target:lang:cmn-Hans-CN:spoken,"Putonghua, spoken standard Mandarin",cmn-Hans-CN,0.000000,66980238.095238,,,,,UNRANKED_PRIMARY_ORDER_GATE,UNRANKED_PRIMARY_ORDER_GATE,MODEL_CONDITIONAL_TERRITORIAL_CEILING,unranked_context,UNRANKED_PRIMARY_ORDER_GATE,,,,,,,,,,,,,false,false,NONE,,,,,,,true
edition-target:lang:cnh-Latn-MM,Hakha Lai,cnh-Latn-MM,0.000000,4570887.333333,,,,,UNRANKED_PRIMARY_ORDER_GATE,UNRANKED_PRIMARY_ORDER_GATE,MODEL_CONDITIONAL_TERRITORIAL_CEILING,unranked_context,UNRANKED_PRIMARY_ORDER_GATE,,,,,,,,,,,,,false,false,NONE,,,,,,,true
edition-target:lang:cni-PE,Ashaninka — Ene,cni-PE,0.000000,356521739.130435,,,,,UNRANKED_PRIMARY_ORDER_GATE,UNRANKED_PRIMARY_ORDER_GATE,MODEL_CONDITIONAL_WORLD_CEILING,unranked_context,UNRANKED_PRIMARY_ORDER_GATE,,,,,,,,,,,,,false,false,NONE,,,,,,,true
edition-target:lang:cnu-Latn-DZ,Chenoua,cnu-Latn-DZ,0.000000,1025000000.000000,,,,,UNRANKED_PRIMARY_ORDER_GATE,UNRANKED_PRIMARY_ORDER_GATE,MODEL_CONDITIONAL_WORLD_CEILING,unranked_context,UNRANKED_PRIMARY_ORDER_GATE,,,,,,,,,,,,,false,false,NONE,,,,,,,true
edition-target:lang:coa-Arab-CC,Cocos Malay,coa-Arab-CC,0.000000,8200000000.000000,,,,,UNRANKED_PRIMARY_ORDER_GATE,UNRANKED_PRIMARY_ORDER_GATE,MODEL_CONDITIONAL_WORLD_CEILING,unranked_context,UNRANKED_PRIMARY_ORDER_GATE,,,,,,,,,,,,,false,false,NONE,,,,,,,true
edition-target:lang:coa-Latn-CC,Cocos Malay,coa-Latn-CC,0.000000,8200000000.000000,,,,,UNRANKED_PRIMARY_ORDER_GATE,UNRANKED_PRIMARY_ORDER_GATE,MODEL_CONDITIONAL_WORLD_CEILING,unranked_context,UNRANKED_PRIMARY_ORDER_GATE,,,,,,,,,,,,,false,false,NONE,,,,,,,true
edition-target:lang:coa-Latn-CX,Cocos Malay,coa-Latn-CX,0.000000,8200000000.000000,,,,,UNRANKED_PRIMARY_ORDER_GATE,UNRANKED_PRIMARY_ORDER_GATE,MODEL_CONDITIONAL_WORLD_CEILING,unranked_context,UNRANKED_PRIMARY_ORDER_GATE,,,,,,,,,,,,,false,false,NONE,,,,,,,true
edition-target:lang:con-EC,A’ingae,con-EC,0.000000,1640000000.000000,,,,,UNRANKED_PRIMARY_ORDER_GATE,UNRANKED_PRIMARY_ORDER_GATE,MODEL_CONDITIONAL_WORLD_CEILING,unranked_context,UNRANKED_PRIMARY_ORDER_GATE,,,,,,,,,,,,,false,false,NONE,,,,,,,true
edition-target:lang:cpb-PE,Asheninka variety cpb,cpb-PE,0.000000,356521739.130435,,,,,UNRANKED_PRIMARY_ORDER_GATE,UNRANKED_PRIMARY_ORDER_GATE,MODEL_CONDITIONAL_WORLD_CEILING,unranked_context,UNRANKED_PRIMARY_ORDER_GATE,,,,,,,,,,,,,false,false,NONE,,,,,,,true
edition-target:lang:cpc-PE,Asheninka variety cpc,cpc-PE,0.000000,356521739.130435,,,,,UNRANKED_PRIMARY_ORDER_GATE,UNRANKED_PRIMARY_ORDER_GATE,MODEL_CONDITIONAL_WORLD_CEILING,unranked_context,UNRANKED_PRIMARY_ORDER_GATE,,,,,,,,,,,,,false,false,NONE,,,,,,,true
edition-target:lang:cpu-PE,Asheninka variety cpu,cpu-PE,0.000000,356521739.130435,,,,,UNRANKED_PRIMARY_ORDER_GATE,UNRANKED_PRIMARY_ORDER_GATE,MODEL_CONDITIONAL_WORLD_CEILING,unranked_context,UNRANKED_PRIMARY_ORDER_GATE,,,,,,,,,,,,,false,false,NONE,,,,,,,true
edition-target:lang:cpy-PE,Asheninka variety cpy,cpy-PE,0.000000,356521739.130435,,,,,UNRANKED_PRIMARY_ORDER_GATE,UNRANKED_PRIMARY_ORDER_GATE,MODEL_CONDITIONAL_WORLD_CEILING,unranked_context,UNRANKED_PRIMARY_ORDER_GATE,,,,,,,,,,,,,false,false,NONE,,,,,,,true
edition-target:lang:cre-CA,"Cree, not otherwise specified",cre-CA,0.000000,303703703.703704,,,,,UNRANKED_PRIMARY_ORDER_GATE,UNRANKED_PRIMARY_ORDER_GATE,MODEL_CONDITIONAL_WORLD_CEILING,unranked_context,UNRANKED_PRIMARY_ORDER_GATE,,,,,,,,,,,,,false,false,NONE,,,,,,,true
edition-target:lang:cs-Latn-CZ,Czech,cs-Latn-CZ,0.000000,8200000000.000000,,,,,UNRANKED_PRIMARY_ORDER_GATE,UNRANKED_PRIMARY_ORDER_GATE,MODEL_CONDITIONAL_WORLD_CEILING,unranked_context,UNRANKED_PRIMARY_ORDER_GATE,,,,,,,,,,,,,false,false,NONE,,,,,,,true
edition-target:lang:csl-CN,Chinese Sign Language,csl-CN,0.000000,66980238.095238,,,,,UNRANKED_PRIMARY_ORDER_GATE,UNRANKED_PRIMARY_ORDER_GATE,MODEL_CONDITIONAL_TERRITORIAL_CEILING,unranked_context,UNRANKED_PRIMARY_ORDER_GATE,,,,,,,,,,,,,false,false,NONE,,,,,,,true
edition-target:lang:csn-CO,Colombian Sign Language,csn-CO,0.000000,4452136.250000,,,,,UNRANKED_PRIMARY_ORDER_GATE,UNRANKED_PRIMARY_ORDER_GATE,MODEL_CONDITIONAL_TERRITORIAL_CEILING,unranked_context,UNRANKED_PRIMARY_ORDER_GATE,,,,,,,,,,,,,false,false,NONE,,,,,,,true
edition-target:lang:ctd-Latn-MM,Tedim Chin,ctd-Latn-MM,0.000000,4570887.333333,,,,,UNRANKED_PRIMARY_ORDER_GATE,UNRANKED_PRIMARY_ORDER_GATE,MODEL_CONDITIONAL_TERRITORIAL_CEILING,unranked_context,UNRANKED_PRIMARY_ORDER_GATE,,,,,,,,,,,,,false,false,NONE,,,,,,,true
edition-target:lang:cuk-PA,Guna,cuk-PA,0.000000,2050000000.000000,,,,,UNRANKED_PRIMARY_ORDER_GATE,UNRANKED_PRIMARY_ORDER_GATE,MODEL_CONDITIONAL_WORLD_CEILING,unranked_context,UNRANKED_PRIMARY_ORDER_GATE,,,,,,,,,,,,,false,false,NONE,,,,,,,true
edition-target:lang:da-Latn-DK,Danish,da-Latn-DK,0.000000,8200000000.000000,,,,,UNRANKED_PRIMARY_ORDER_GATE,UNRANKED_PRIMARY_ORDER_GATE,MODEL_CONDITIONAL_WORLD_CEILING,unranked_context,UNRANKED_PRIMARY_ORDER_GATE,,,,,,,,,,,,,false,false,NONE,,,,,,,true
edition-target:lang:dag-Latn-GH,Dagbani,dag-Latn-GH,0.000000,820000000.000000,,,,,UNRANKED_PRIMARY_ORDER_GATE,UNRANKED_PRIMARY_ORDER_GATE,MODEL_CONDITIONAL_WORLD_CEILING,unranked_context,UNRANKED_PRIMARY_ORDER_GATE,,,,,,,,,,,,,false,false,NONE,,,,,,,true
edition-target:lang:dak-US,Dakota — exact local variety required,dak-US,0.000000,13671394.280000,,,,,UNRANKED_PRIMARY_ORDER_GATE,UNRANKED_PRIMARY_ORDER_GATE,MODEL_CONDITIONAL_TERRITORIAL_CEILING,unranked_context,UNRANKED_PRIMARY_ORDER_GATE,,,,,,,,,,,,,false,false,NONE,,,,,,,true
edition-target:lang:de-Latn-001,German,de-Latn-001,0.000000,8200000000.000000,,,,,UNRANKED_PRIMARY_ORDER_GATE,UNRANKED_PRIMARY_ORDER_GATE,MODEL_CONDITIONAL_WORLD_CEILING,unranked_context,UNRANKED_PRIMARY_ORDER_GATE,,,,,,,,,,,,,false,false,NONE,,,,,,,true
edition-target:lang:de-Latn-DE,German,de-Latn-DE,0.000000,20872812.250000,,,,,UNRANKED_PRIMARY_ORDER_GATE,UNRANKED_PRIMARY_ORDER_GATE,MODEL_CONDITIONAL_TERRITORIAL_CEILING,unranked_context,UNRANKED_PRIMARY_ORDER_GATE,,,,,,,,,,,,,false,false,NONE,,,,,,,true
edition-target:lang:dga-Latn-GH,Southern Dagaare,dga-Latn-GH,0.000000,820000000.000000,,,,,UNRANKED_PRIMARY_ORDER_GATE,UNRANKED_PRIMARY_ORDER_GATE,MODEL_CONDITIONAL_WORLD_CEILING,unranked_context,UNRANKED_PRIMARY_ORDER_GATE,,,,,,,,,,,,,false,false,NONE,,,,,,,true
edition-target:lang:dgl-Latn-SD,Andaandi,dgl-Latn-SD,0.000000,5166214.700000,,,,,UNRANKED_PRIMARY_ORDER_GATE,UNRANKED_PRIMARY_ORDER_GATE,MODEL_CONDITIONAL_TERRITORIAL_CEILING,unranked_context,UNRANKED_PRIMARY_ORDER_GATE,,,,,,,,,,,,,false,false,NONE,,,,,,,true
edition-target:lang:dib-Latn-SS,South Central Dinka,dib-Latn-SS,0.000000,820000000.000000,,,,,UNRANKED_PRIMARY_ORDER_GATE,UNRANKED_PRIMARY_ORDER_GATE,MODEL_CONDITIONAL_WORLD_CEILING,unranked_context,UNRANKED_PRIMARY_ORDER_GATE,,,,,,,,,,,,,false,false,NONE,,,,,,,true
edition-target:lang:dik-Latn-SS,Southwestern Dinka,dik-Latn-SS,0.000000,820000000.000000,,,,,UNRANKED_PRIMARY_ORDER_GATE,UNRANKED_PRIMARY_ORDER_GATE,MODEL_CONDITIONAL_WORLD_CEILING,unranked_context,UNRANKED_PRIMARY_ORDER_GATE,,,,,,,,,,,,,false,false,NONE,,,,,,,true
edition-target:lang:dip-Latn-SS,Northeastern Dinka,dip-Latn-SS,0.000000,820000000.000000,,,,,UNRANKED_PRIMARY_ORDER_GATE,UNRANKED_PRIMARY_ORDER_GATE,MODEL_CONDITIONAL_WORLD_CEILING,unranked_context,UNRANKED_PRIMARY_ORDER_GATE,,,,,,,,,,,,,false,false,NONE,,,,,,,true
edition-target:lang:diw-Latn-SS,Northwestern Dinka,diw-Latn-SS,0.000000,820000000.000000,,,,,UNRANKED_PRIMARY_ORDER_GATE,UNRANKED_PRIMARY_ORDER_GATE,MODEL_CONDITIONAL_WORLD_CEILING,unranked_context,UNRANKED_PRIMARY_ORDER_GATE,,,,,,,,,,,,,false,false,NONE,,,,,,,true
edition-target:lang:dje-Latn-NE,Zarma,dje-Latn-NE,0.000000,745454545.454545,,,,,UNRANKED_PRIMARY_ORDER_GATE,UNRANKED_PRIMARY_ORDER_GATE,MODEL_CONDITIONAL_WORLD_CEILING,unranked_context,UNRANKED_PRIMARY_ORDER_GATE,,,,,,,,,,,,,false,false,NONE,,,,,,,true
edition-target:lang:djk-SR,Okanisi,djk-SR,0.000000,1171428571.428571,,,,,UNRANKED_PRIMARY_ORDER_GATE,UNRANKED_PRIMARY_ORDER_GATE,MODEL_CONDITIONAL_WORLD_CEILING,unranked_context,UNRANKED_PRIMARY_ORDER_GATE,,,,,,,,,,,,,false,false,NONE,,,,,,,true
edition-target:lang:dks-Latn-SS,Southeastern Dinka,dks-Latn-SS,0.000000,820000000.000000,,,,,UNRANKED_PRIMARY_ORDER_GATE,UNRANKED_PRIMARY_ORDER_GATE,MODEL_CONDITIONAL_WORLD_CEILING,unranked_context,UNRANKED_PRIMARY_ORDER_GATE,,,,,,,,,,,,,false,false,NONE,,,,,,,true
edition-target:lang:drs-Latn-ET,Gedeo,drs-Latn-ET,0.000000,7130107.947368,,,,,UNRANKED_PRIMARY_ORDER_GATE,UNRANKED_PRIMARY_ORDER_GATE,MODEL_CONDITIONAL_TERRITORIAL_CEILING,unranked_context,UNRANKED_PRIMARY_ORDER_GATE,,,,,,,,,,,,,false,false,NONE,,,,,,,true
edition-target:lang:dua-Latn-CM,Duala,dua-Latn-CM,0.000000,630769230.769231,,,,,UNRANKED_PRIMARY_ORDER_GATE,UNRANKED_PRIMARY_ORDER_GATE,MODEL_CONDITIONAL_WORLD_CEILING,unranked_context,UNRANKED_PRIMARY_ORDER_GATE,,,,,,,,,,,,,false,false,NONE,,,,,,,true
edition-target:lang:dv-Thaa-IN-x-mahl,Mahl,dv-Thaa-IN-x-mahl,0.000000,48795517.500000,,,,,UNRANKED_PRIMARY_ORDER_GATE,UNRANKED_PRIMARY_ORDER_GATE,MODEL_CONDITIONAL_TERRITORIAL_CEILING,unranked_context,UNRANKED_PRIMARY_ORDER_GATE,,,,,,,,,,,,,false,false,NONE,,,,,,,true
edition-target:lang:dv-Thaa-MV,Standard Dhivehi,dv-Thaa-MV,0.000000,2050000000.000000,,,,,UNRANKED_PRIMARY_ORDER_GATE,UNRANKED_PRIMARY_ORDER_GATE,MODEL_CONDITIONAL_WORLD_CEILING,unranked_context,UNRANKED_PRIMARY_ORDER_GATE,,,,,,,,,,,,,false,false,NONE,,,,,,,true
edition-target:lang:dv-Thaa-MV-x-addu,Addu Dhivehi,dv-Thaa-MV-x-addu,0.000000,2050000000.000000,,,,,UNRANKED_PRIMARY_ORDER_GATE,UNRANKED_PRIMARY_ORDER_GATE,MODEL_CONDITIONAL_WORLD_CEILING,unranked_context,UNRANKED_PRIMARY_ORDER_GATE,,,,,,,,,,,,,false,false,NONE,,,,,,,true
edition-target:lang:dv-Thaa-MV-x-fuvahmulah,Fuvahmulah Dhivehi,dv-Thaa-MV-x-fuvahmulah,0.000000,2050000000.000000,,,,,UNRANKED_PRIMARY_ORDER_GATE,UNRANKED_PRIMARY_ORDER_GATE,MODEL_CONDITIONAL_WORLD_CEILING,unranked_context,UNRANKED_PRIMARY_ORDER_GATE,,,,,,,,,,,,,false,false,NONE,,,,,,,true
edition-target:lang:dv-Thaa-MV-x-huvadhu,Huvadhu Dhivehi,dv-Thaa-MV-x-huvadhu,0.000000,2050000000.000000,,,,,UNRANKED_PRIMARY_ORDER_GATE,UNRANKED_PRIMARY_ORDER_GATE,MODEL_CONDITIONAL_WORLD_CEILING,unranked_context,UNRANKED_PRIMARY_ORDER_GATE,,,,,,,,,,,,,false,false,NONE,,,,,,,true
edition-target:lang:dyu-Latn-BF,Jula,dyu-Latn-BF,0.000000,4100000000.000000,,,,,UNRANKED_PRIMARY_ORDER_GATE,UNRANKED_PRIMARY_ORDER_GATE,MODEL_CONDITIONAL_WORLD_CEILING,unranked_context,UNRANKED_PRIMARY_ORDER_GATE,,,,,,,,,,,,,false,false,NONE,,,,,,,true
edition-target:lang:dyu-Latn-CI,Jula,dyu-Latn-CI,0.000000,2733333333.333333,,,,,UNRANKED_PRIMARY_ORDER_GATE,UNRANKED_PRIMARY_ORDER_GATE,MODEL_CONDITIONAL_WORLD_CEILING,unranked_context,UNRANKED_PRIMARY_ORDER_GATE,,,,,,,,,,,,,false,false,NONE,,,,,,,true
edition-target:lang:dzg-Latn-NE,Dazaga,dzg-Latn-NE,0.000000,745454545.454545,,,,,UNRANKED_PRIMARY_ORDER_GATE,UNRANKED_PRIMARY_ORDER_GATE,MODEL_CONDITIONAL_WORLD_CEILING,unranked_context,UNRANKED_PRIMARY_ORDER_GATE,,,,,,,,,,,,,false,false,NONE,,,,,,,true
edition-target:lang:dzg-Latn-TD,Dazaga,dzg-Latn-TD,0.000000,585714285.714286,,,,,UNRANKED_PRIMARY_ORDER_GATE,UNRANKED_PRIMARY_ORDER_GATE,MODEL_CONDITIONAL_WORLD_CEILING,unranked_context,UNRANKED_PRIMARY_ORDER_GATE,,,,,,,,,,,,,false,false,NONE,,,,,,,true
edition-target:lang:ee-Latn-GH,Ewe,ee-Latn-GH,0.000000,820000000.000000,,,,,UNRANKED_PRIMARY_ORDER_GATE,UNRANKED_PRIMARY_ORDER_GATE,MODEL_CONDITIONAL_WORLD_CEILING,unranked_context,UNRANKED_PRIMARY_ORDER_GATE,,,,,,,,,,,,,false,false,NONE,,,,,,,true
edition-target:lang:ee-Latn-TG,Ewe,ee-Latn-TG,0.000000,2733333333.333333,,,,,UNRANKED_PRIMARY_ORDER_GATE,UNRANKED_PRIMARY_ORDER_GATE,MODEL_CONDITIONAL_WORLD_CEILING,unranked_context,UNRANKED_PRIMARY_ORDER_GATE,,,,,,,,,,,,,false,false,NONE,,,,,,,true
edition-target:lang:efi-Latn-NG,Efik,efi-Latn-NG,0.000000,7197811.575758,,,,,UNRANKED_PRIMARY_ORDER_GATE,UNRANKED_PRIMARY_ORDER_GATE,MODEL_CONDITIONAL_TERRITORIAL_CEILING,unranked_context,UNRANKED_PRIMARY_ORDER_GATE,,,,,,,,,,,,,false,false,NONE,,,,,,,true
edition-target:lang:el-Grek-GR,Greek,el-Grek-GR,0.000000,8200000000.000000,,,,,UNRANKED_PRIMARY_ORDER_GATE,UNRANKED_PRIMARY_ORDER_GATE,MODEL_CONDITIONAL_WORLD_CEILING,unranked_context,UNRANKED_PRIMARY_ORDER_GATE,,,,,,,,,,,,,false,false,NONE,,,,,,,true
edition-target:lang:emk-Latn-GN,Eastern Maninkakan,emk-Latn-GN,0.000000,1366666666.666667,,,,,UNRANKED_PRIMARY_ORDER_GATE,UNRANKED_PRIMARY_ORDER_GATE,MODEL_CONDITIONAL_WORLD_CEILING,unranked_context,UNRANKED_PRIMARY_ORDER_GATE,,,,,,,,,,,,,false,false,NONE,,,,,,,true
edition-target:lang:en-Latn-001,English (United States home-language cohort),en-Latn-001,0.000000,8200000000.000000,,,,,UNRANKED_PRIMARY_ORDER_GATE,UNRANKED_PRIMARY_ORDER_GATE,MODEL_CONDITIONAL_WORLD_CEILING,unranked_context,UNRANKED_PRIMARY_ORDER_GATE,,,,,,,,,,,,,false,false,NONE,,,,,,,true
edition-target:lang:enf-RU,Forest Enets,enf-RU,0.000000,5979722.000000,,,,,UNRANKED_PRIMARY_ORDER_GATE,UNRANKED_PRIMARY_ORDER_GATE,MODEL_CONDITIONAL_TERRITORIAL_CEILING,unranked_context,UNRANKED_PRIMARY_ORDER_GATE,,,,,,,,,,,,,false,false,NONE,,,,,,,true
edition-target:lang:enh-RU,Tundra Enets,enh-RU,0.000000,5979722.000000,,,,,UNRANKED_PRIMARY_ORDER_GATE,UNRANKED_PRIMARY_ORDER_GATE,MODEL_CONDITIONAL_TERRITORIAL_CEILING,unranked_context,UNRANKED_PRIMARY_ORDER_GATE,,,,,,,,,,,,,false,false,NONE,,,,,,,true
edition-target:lang:enl-PY,Enlhet Norte,enl-PY,0.000000,745454545.454545,,,,,UNRANKED_PRIMARY_ORDER_GATE,UNRANKED_PRIMARY_ORDER_GATE,MODEL_CONDITIONAL_WORLD_CEILING,unranked_context,UNRANKED_PRIMARY_ORDER_GATE,,,,,,,,,,,,,false,false,NONE,,,,,,,true
edition-target:lang:enx-PY,Enxet Sur,enx-PY,0.000000,745454545.454545,,,,,UNRANKED_PRIMARY_ORDER_GATE,UNRANKED_PRIMARY_ORDER_GATE,MODEL_CONDITIONAL_WORLD_CEILING,unranked_context,UNRANKED_PRIMARY_ORDER_GATE,,,,,,,,,,,,,false,false,NONE,,,,,,,true
edition-target:lang:es-Latn-001,Spanish,es-Latn-001,0.000000,8200000000.000000,,,,,UNRANKED_PRIMARY_ORDER_GATE,UNRANKED_PRIMARY_ORDER_GATE,MODEL_CONDITIONAL_WORLD_CEILING,unranked_context,UNRANKED_PRIMARY_ORDER_GATE,,,,,,,,,,,,,false,false,NONE,,,,,,,true
edition-target:lang:es-Latn-419,Spanish — Latin America,es-Latn-419,0.000000,8200000000.000000,,,,,UNRANKED_PRIMARY_ORDER_GATE,UNRANKED_PRIMARY_ORDER_GATE,MODEL_CONDITIONAL_WORLD_CEILING,unranked_context,UNRANKED_PRIMARY_ORDER_GATE,,,,,,,,,,,,,false,false,NONE,,,,,,,true
edition-target:lang:es-Latn-ES,Spanish — Spain,es-Latn-ES,0.000000,2733333333.333333,,,,,UNRANKED_PRIMARY_ORDER_GATE,UNRANKED_PRIMARY_ORDER_GATE,MODEL_CONDITIONAL_WORLD_CEILING,unranked_context,UNRANKED_PRIMARY_ORDER_GATE,,,,,,,,,,,,,false,false,NONE,,,,,,,true
edition-target:lang:esl-EG,Egyptian Sign Language,esl-EG,0.000000,16909427.857143,,,,,UNRANKED_PRIMARY_ORDER_GATE,UNRANKED_PRIMARY_ORDER_GATE,MODEL_CONDITIONAL_TERRITORIAL_CEILING,unranked_context,UNRANKED_PRIMARY_ORDER_GATE,,,,,,,,,,,,,false,false,NONE,,,,,,,true
edition-target:lang:ess-RU,Chaplinski Siberian Yupik,ess-RU,0.000000,5979722.000000,,,,,UNRANKED_PRIMARY_ORDER_GATE,UNRANKED_PRIMARY_ORDER_GATE,MODEL_CONDITIONAL_TERRITORIAL_CEILING,unranked_context,UNRANKED_PRIMARY_ORDER_GATE,,,,,,,,,,,,,false,false,NONE,,,,,,,true
edition-target:lang:ess-US,St. Lawrence Island Yupik,ess-US,0.000000,13671394.280000,,,,,UNRANKED_PRIMARY_ORDER_GATE,UNRANKED_PRIMARY_ORDER_GATE,MODEL_CONDITIONAL_TERRITORIAL_CEILING,unranked_context,UNRANKED_PRIMARY_ORDER_GATE,,,,,,,,,,,,,false,false,NONE,,,,,,,true
edition-target:lang:esu-US,Central Alaskan Yup’ik,esu-US,0.000000,13671394.280000,,,,,UNRANKED_PRIMARY_ORDER_GATE,UNRANKED_PRIMARY_ORDER_GATE,MODEL_CONDITIONAL_TERRITORIAL_CEILING,unranked_context,UNRANKED_PRIMARY_ORDER_GATE,,,,,,,,,,,,,false,false,NONE,,,,,,,true
edition-target:lang:eth-ET,Ethiopian Sign Language,eth-ET,0.000000,7130107.947368,,,,,UNRANKED_PRIMARY_ORDER_GATE,UNRANKED_PRIMARY_ORDER_GATE,MODEL_CONDITIONAL_TERRITORIAL_CEILING,unranked_context,UNRANKED_PRIMARY_ORDER_GATE,,,,,,,,,,,,,false,false,NONE,,,,,,,true
edition-target:lang:ewo-Latn-CM,Ewondo,ewo-Latn-CM,0.000000,630769230.769231,,,,,UNRANKED_PRIMARY_ORDER_GATE,UNRANKED_PRIMARY_ORDER_GATE,MODEL_CONDITIONAL_WORLD_CEILING,unranked_context,UNRANKED_PRIMARY_ORDER_GATE,,,,,,,,,,,,,false,false,NONE,,,,,,,true
edition-target:lang:fa-Arab-IR,Persian — Iran,fa-Arab-IR,0.000000,30805893.666667,,,,,UNRANKED_PRIMARY_ORDER_GATE,UNRANKED_PRIMARY_ORDER_GATE,MODEL_CONDITIONAL_TERRITORIAL_CEILING,unranked_context,UNRANKED_PRIMARY_ORDER_GATE,,,,,,,,,,,,,false,false,NONE,,,,,,,true
edition-target:lang:fak-Latn-CM,Cameroon Fang,fak-Latn-CM,0.000000,630769230.769231,,,,,UNRANKED_PRIMARY_ORDER_GATE,UNRANKED_PRIMARY_ORDER_GATE,MODEL_CONDITIONAL_WORLD_CEILING,unranked_context,UNRANKED_PRIMARY_ORDER_GATE,,,,,,,,,,,,,false,false,NONE,,,,,,,true
edition-target:lang:fan-Latn-GA,Fang,fan-Latn-GA,0.000000,2733333333.333333,,,,,UNRANKED_PRIMARY_ORDER_GATE,UNRANKED_PRIMARY_ORDER_GATE,MODEL_CONDITIONAL_WORLD_CEILING,unranked_context,UNRANKED_PRIMARY_ORDER_GATE,,,,,,,,,,,,,false,false,NONE,,,,,,,true
edition-target:lang:fan-Latn-GQ,Fang,fan-Latn-GQ,0.000000,2733333333.333333,,,,,UNRANKED_PRIMARY_ORDER_GATE,UNRANKED_PRIMARY_ORDER_GATE,MODEL_CONDITIONAL_WORLD_CEILING,unranked_context,UNRANKED_PRIMARY_ORDER_GATE,,,,,,,,,,,,,false,false,NONE,,,,,,,true
edition-target:lang:fat-Latn-GH,Fante,fat-Latn-GH,0.000000,820000000.000000,,,,,UNRANKED_PRIMARY_ORDER_GATE,UNRANKED_PRIMARY_ORDER_GATE,MODEL_CONDITIONAL_WORLD_CEILING,unranked_context,UNRANKED_PRIMARY_ORDER_GATE,,,,,,,,,,,,,false,false,NONE,,,,,,,true
edition-target:lang:fcs-CA,Langue des signes québécoise,fcs-CA,0.000000,303703703.703704,,,,,UNRANKED_PRIMARY_ORDER_GATE,UNRANKED_PRIMARY_ORDER_GATE,MODEL_CONDITIONAL_WORLD_CEILING,unranked_context,UNRANKED_PRIMARY_ORDER_GATE,,,,,,,,,,,,,false,false,NONE,,,,,,,true
edition-target:lang:ffm-Adlm-ML,Maasina Fulfulde,ffm-Adlm-ML,0.000000,911111111.111111,,,,,UNRANKED_PRIMARY_ORDER_GATE,UNRANKED_PRIMARY_ORDER_GATE,MODEL_CONDITIONAL_WORLD_CEILING,unranked_context,UNRANKED_PRIMARY_ORDER_GATE,,,,,,,,,,,,,false,false,NONE,,,,,,,true
edition-target:lang:ffm-Arab-ML,Maasina Fulfulde,ffm-Arab-ML,0.000000,911111111.111111,,,,,UNRANKED_PRIMARY_ORDER_GATE,UNRANKED_PRIMARY_ORDER_GATE,MODEL_CONDITIONAL_WORLD_CEILING,unranked_context,UNRANKED_PRIMARY_ORDER_GATE,,,,,,,,,,,,,false,false,NONE,,,,,,,true
edition-target:lang:ffm-Latn-ML,Maasina Fulfulde,ffm-Latn-ML,0.000000,911111111.111111,,,,,UNRANKED_PRIMARY_ORDER_GATE,UNRANKED_PRIMARY_ORDER_GATE,MODEL_CONDITIONAL_WORLD_CEILING,unranked_context,UNRANKED_PRIMARY_ORDER_GATE,,,,,,,,,,,,,false,false,NONE,,,,,,,true
edition-target:lang:fi-Latn-FI,Finnish,fi-Latn-FI,0.000000,4100000000.000000,,,,,UNRANKED_PRIMARY_ORDER_GATE,UNRANKED_PRIMARY_ORDER_GATE,MODEL_CONDITIONAL_WORLD_CEILING,unranked_context,UNRANKED_PRIMARY_ORDER_GATE,,,,,,,,,,,,,false,false,NONE,,,,,,,true
edition-target:lang:fia-Latn-EG,Nobiin,fia-Latn-EG,0.000000,16909427.857143,,,,,UNRANKED_PRIMARY_ORDER_GATE,UNRANKED_PRIMARY_ORDER_GATE,MODEL_CONDITIONAL_TERRITORIAL_CEILING,unranked_context,UNRANKED_PRIMARY_ORDER_GATE,,,,,,,,,,,,,false,false,NONE,,,,,,,true
edition-target:lang:fia-Latn-SD,Nobiin,fia-Latn-SD,0.000000,5166214.700000,,,,,UNRANKED_PRIMARY_ORDER_GATE,UNRANKED_PRIMARY_ORDER_GATE,MODEL_CONDITIONAL_TERRITORIAL_CEILING,unranked_context,UNRANKED_PRIMARY_ORDER_GATE,,,,,,,,,,,,,false,false,NONE,,,,,,,true
edition-target:lang:fil-Latn-PH,Filipino,fil-Latn-PH,0.000000,6488164.555556,,,,,UNRANKED_PRIMARY_ORDER_GATE,UNRANKED_PRIMARY_ORDER_GATE,MODEL_CONDITIONAL_TERRITORIAL_CEILING,unranked_context,UNRANKED_PRIMARY_ORDER_GATE,,,,,,,,,,,,,false,false,NONE,,,,,,,true
edition-target:lang:fj-Latn-FJ,iTaukei,fj-Latn-FJ,0.000000,2050000000.000000,,,,,UNRANKED_PRIMARY_ORDER_GATE,UNRANKED_PRIMARY_ORDER_GATE,MODEL_CONDITIONAL_WORLD_CEILING,unranked_context,UNRANKED_PRIMARY_ORDER_GATE,,,,,,,,,,,,,false,false,NONE,,,,,,,true
edition-target:lang:fmp-Latn-CM,Fe'fe',fmp-Latn-CM,0.000000,630769230.769231,,,,,UNRANKED_PRIMARY_ORDER_GATE,UNRANKED_PRIMARY_ORDER_GATE,MODEL_CONDITIONAL_WORLD_CEILING,unranked_context,UNRANKED_PRIMARY_ORDER_GATE,,,,,,,,,,,,,false,false,NONE,,,,,,,true
edition-target:lang:fo-Latn-FO,Faroese,fo-Latn-FO,0.000000,8200000000.000000,,,,,UNRANKED_PRIMARY_ORDER_GATE,UNRANKED_PRIMARY_ORDER_GATE,MODEL_CONDITIONAL_WORLD_CEILING,unranked_context,UNRANKED_PRIMARY_ORDER_GATE,,,,,,,,,,,,,false,false,NONE,,,,,,,true
edition-target:lang:fon-Latn-BJ,Fon,fon-Latn-BJ,0.000000,1366666666.666667,,,,,UNRANKED_PRIMARY_ORDER_GATE,UNRANKED_PRIMARY_ORDER_GATE,MODEL_CONDITIONAL_WORLD_CEILING,unranked_context,UNRANKED_PRIMARY_ORDER_GATE,,,,,,,,,,,,,false,false,NONE,,,,,,,true
edition-target:lang:fpe-Latn-GQ,Pichi,fpe-Latn-GQ,0.000000,2733333333.333333,,,,,UNRANKED_PRIMARY_ORDER_GATE,UNRANKED_PRIMARY_ORDER_GATE,MODEL_CONDITIONAL_WORLD_CEILING,unranked_context,UNRANKED_PRIMARY_ORDER_GATE,,,,,,,,,,,,,false,false,NONE,,,,,,,true
edition-target:lang:fr-Latn-001,French,fr-Latn-001,0.000000,8200000000.000000,,,,,UNRANKED_PRIMARY_ORDER_GATE,UNRANKED_PRIMARY_ORDER_GATE,MODEL_CONDITIONAL_WORLD_CEILING,unranked_context,UNRANKED_PRIMARY_ORDER_GATE,,,,,,,,,,,,,false,false,NONE,,,,,,,true
edition-target:lang:fr-Latn-FR,French — France,fr-Latn-FR,0.000000,22906779.000000,,,,,UNRANKED_PRIMARY_ORDER_GATE,UNRANKED_PRIMARY_ORDER_GATE,MODEL_CONDITIONAL_TERRITORIAL_CEILING,unranked_context,UNRANKED_PRIMARY_ORDER_GATE,,,,,,,,,,,,,false,false,NONE,,,,,,,true
edition-target:lang:fsl-FR,French Sign Language,fsl-FR,0.000000,22906779.000000,,,,,UNRANKED_PRIMARY_ORDER_GATE,UNRANKED_PRIMARY_ORDER_GATE,MODEL_CONDITIONAL_TERRITORIAL_CEILING,unranked_context,UNRANKED_PRIMARY_ORDER_GATE,,,,,,,,,,,,,false,false,NONE,,,,,,,true
edition-target:lang:fub-Adlm-CM,Adamawa Fulfulde,fub-Adlm-CM,0.000000,630769230.769231,,,,,UNRANKED_PRIMARY_ORDER_GATE,UNRANKED_PRIMARY_ORDER_GATE,MODEL_CONDITIONAL_WORLD_CEILING,unranked_context,UNRANKED_PRIMARY_ORDER_GATE,,,,,,,,,,,,,false,false,NONE,,,,,,,true
edition-target:lang:fub-Adlm-NG,Adamawa Fulfulde,fub-Adlm-NG,0.000000,7197811.575758,,,,,UNRANKED_PRIMARY_ORDER_GATE,UNRANKED_PRIMARY_ORDER_GATE,MODEL_CONDITIONAL_TERRITORIAL_CEILING,unranked_context,UNRANKED_PRIMARY_ORDER_GATE,,,,,,,,,,,,,false,false,NONE,,,,,,,true
edition-target:lang:fub-Arab-CM,Adamawa Fulfulde,fub-Arab-CM,0.000000,630769230.769231,,,,,UNRANKED_PRIMARY_ORDER_GATE,UNRANKED_PRIMARY_ORDER_GATE,MODEL_CONDITIONAL_WORLD_CEILING,unranked_context,UNRANKED_PRIMARY_ORDER_GATE,,,,,,,,,,,,,false,false,NONE,,,,,,,true
edition-target:lang:fub-Arab-NG,Adamawa Fulfulde,fub-Arab-NG,0.000000,7197811.575758,,,,,UNRANKED_PRIMARY_ORDER_GATE,UNRANKED_PRIMARY_ORDER_GATE,MODEL_CONDITIONAL_TERRITORIAL_CEILING,unranked_context,UNRANKED_PRIMARY_ORDER_GATE,,,,,,,,,,,,,false,false,NONE,,,,,,,true
edition-target:lang:fub-Latn-CM,Adamawa Fulfulde,fub-Latn-CM,0.000000,630769230.769231,,,,,UNRANKED_PRIMARY_ORDER_GATE,UNRANKED_PRIMARY_ORDER_GATE,MODEL_CONDITIONAL_WORLD_CEILING,unranked_context,UNRANKED_PRIMARY_ORDER_GATE,,,,,,,,,,,,,false,false,NONE,,,,,,,true
edition-target:lang:fub-Latn-NG,Adamawa Fulfulde,fub-Latn-NG,0.000000,7197811.575758,,,,,UNRANKED_PRIMARY_ORDER_GATE,UNRANKED_PRIMARY_ORDER_GATE,MODEL_CONDITIONAL_TERRITORIAL_CEILING,unranked_context,UNRANKED_PRIMARY_ORDER_GATE,,,,,,,,,,,,,false,false,NONE,,,,,,,true
edition-target:lang:fuc-Adlm-MR,Pulaar,fuc-Adlm-MR,0.000000,911111111.111111,,,,,UNRANKED_PRIMARY_ORDER_GATE,UNRANKED_PRIMARY_ORDER_GATE,MODEL_CONDITIONAL_WORLD_CEILING,unranked_context,UNRANKED_PRIMARY_ORDER_GATE,,,,,,,,,,,,,false,false,NONE,,,,,,,true
edition-target:lang:fuc-Adlm-SN,Pulaar,fuc-Adlm-SN,0.000000,1171428571.428571,,,,,UNRANKED_PRIMARY_ORDER_GATE,UNRANKED_PRIMARY_ORDER_GATE,MODEL_CONDITIONAL_WORLD_CEILING,unranked_context,UNRANKED_PRIMARY_ORDER_GATE,,,,,,,,,,,,,false,false,NONE,,,,,,,true
edition-target:lang:fuc-Arab-MR,Pulaar,fuc-Arab-MR,0.000000,911111111.111111,,,,,UNRANKED_PRIMARY_ORDER_GATE,UNRANKED_PRIMARY_ORDER_GATE,MODEL_CONDITIONAL_WORLD_CEILING,unranked_context,UNRANKED_PRIMARY_ORDER_GATE,,,,,,,,,,,,,false,false,NONE,,,,,,,true
edition-target:lang:fuc-Arab-SN,Pulaar,fuc-Arab-SN,0.000000,1171428571.428571,,,,,UNRANKED_PRIMARY_ORDER_GATE,UNRANKED_PRIMARY_ORDER_GATE,MODEL_CONDITIONAL_WORLD_CEILING,unranked_context,UNRANKED_PRIMARY_ORDER_GATE,,,,,,,,,,,,,false,false,NONE,,,,,,,true
edition-target:lang:fuc-Latn-MR,Pulaar,fuc-Latn-MR,0.000000,911111111.111111,,,,,UNRANKED_PRIMARY_ORDER_GATE,UNRANKED_PRIMARY_ORDER_GATE,MODEL_CONDITIONAL_WORLD_CEILING,unranked_context,UNRANKED_PRIMARY_ORDER_GATE,,,,,,,,,,,,,false,false,NONE,,,,,,,true
edition-target:lang:fuc-Latn-SN,Pulaar,fuc-Latn-SN,0.000000,1171428571.428571,,,,,UNRANKED_PRIMARY_ORDER_GATE,UNRANKED_PRIMARY_ORDER_GATE,MODEL_CONDITIONAL_WORLD_CEILING,unranked_context,UNRANKED_PRIMARY_ORDER_GATE,,,,,,,,,,,,,false,false,NONE,,,,,,,true
edition-target:lang:fud-Latn-WF,Fakafutuna,fud-Latn-WF,0.000000,8200000000.000000,,,,,UNRANKED_PRIMARY_ORDER_GATE,UNRANKED_PRIMARY_ORDER_GATE,MODEL_CONDITIONAL_WORLD_CEILING,unranked_context,UNRANKED_PRIMARY_ORDER_GATE,,,,,,,,,,,,,false,false,NONE,,,,,,,true
edition-target:lang:fue-Adlm-BJ,Borgu Fulfulde,fue-Adlm-BJ,0.000000,1366666666.666667,,,,,UNRANKED_PRIMARY_ORDER_GATE,UNRANKED_PRIMARY_ORDER_GATE,MODEL_CONDITIONAL_WORLD_CEILING,unranked_context,UNRANKED_PRIMARY_ORDER_GATE,,,,,,,,,,,,,false,false,NONE,,,,,,,true
edition-target:lang:fue-Adlm-NG,Borgu Fulfulde,fue-Adlm-NG,0.000000,7197811.575758,,,,,UNRANKED_PRIMARY_ORDER_GATE,UNRANKED_PRIMARY_ORDER_GATE,MODEL_CONDITIONAL_TERRITORIAL_CEILING,unranked_context,UNRANKED_PRIMARY_ORDER_GATE,,,,,,,,,,,,,false,false,NONE,,,,,,,true
edition-target:lang:fue-Arab-BJ,Borgu Fulfulde,fue-Arab-BJ,0.000000,1366666666.666667,,,,,UNRANKED_PRIMARY_ORDER_GATE,UNRANKED_PRIMARY_ORDER_GATE,MODEL_CONDITIONAL_WORLD_CEILING,unranked_context,UNRANKED_PRIMARY_ORDER_GATE,,,,,,,,,,,,,false,false,NONE,,,,,,,true
edition-target:lang:fue-Arab-NG,Borgu Fulfulde,fue-Arab-NG,0.000000,7197811.575758,,,,,UNRANKED_PRIMARY_ORDER_GATE,UNRANKED_PRIMARY_ORDER_GATE,MODEL_CONDITIONAL_TERRITORIAL_CEILING,unranked_context,UNRANKED_PRIMARY_ORDER_GATE,,,,,,,,,,,,,false,false,NONE,,,,,,,true
edition-target:lang:fue-Latn-BJ,Borgu Fulfulde,fue-Latn-BJ,0.000000,1366666666.666667,,,,,UNRANKED_PRIMARY_ORDER_GATE,UNRANKED_PRIMARY_ORDER_GATE,MODEL_CONDITIONAL_WORLD_CEILING,unranked_context,UNRANKED_PRIMARY_ORDER_GATE,,,,,,,,,,,,,false,false,NONE,,,,,,,true
edition-target:lang:fue-Latn-NG,Borgu Fulfulde,fue-Latn-NG,0.000000,7197811.575758,,,,,UNRANKED_PRIMARY_ORDER_GATE,UNRANKED_PRIMARY_ORDER_GATE,MODEL_CONDITIONAL_TERRITORIAL_CEILING,unranked_context,UNRANKED_PRIMARY_ORDER_GATE,,,,,,,,,,,,,false,false,NONE,,,,,,,true
edition-target:lang:fuf-Adlm-GN,Pular,fuf-Adlm-GN,0.000000,1366666666.666667,,,,,UNRANKED_PRIMARY_ORDER_GATE,UNRANKED_PRIMARY_ORDER_GATE,MODEL_CONDITIONAL_WORLD_CEILING,unranked_context,UNRANKED_PRIMARY_ORDER_GATE,,,,,,,,,,,,,false,false,NONE,,,,,,,true
edition-target:lang:fuf-Arab-GN,Pular,fuf-Arab-GN,0.000000,1366666666.666667,,,,,UNRANKED_PRIMARY_ORDER_GATE,UNRANKED_PRIMARY_ORDER_GATE,MODEL_CONDITIONAL_WORLD_CEILING,unranked_context,UNRANKED_PRIMARY_ORDER_GATE,,,,,,,,,,,,,false,false,NONE,,,,,,,true
edition-target:lang:fuf-Latn-GN,Pular,fuf-Latn-GN,0.000000,1366666666.666667,,,,,UNRANKED_PRIMARY_ORDER_GATE,UNRANKED_PRIMARY_ORDER_GATE,MODEL_CONDITIONAL_WORLD_CEILING,unranked_context,UNRANKED_PRIMARY_ORDER_GATE,,,,,,,,,,,,,false,false,NONE,,,,,,,true
edition-target:lang:fuv-Adlm-NG,Nigerian Fulfulde,fuv-Adlm-NG,0.000000,7197811.575758,,,,,UNRANKED_PRIMARY_ORDER_GATE,UNRANKED_PRIMARY_ORDER_GATE,MODEL_CONDITIONAL_TERRITORIAL_CEILING,unranked_context,UNRANKED_PRIMARY_ORDER_GATE,,,,,,,,,,,,,false,false,NONE,,,,,,,true
edition-target:lang:fuv-Arab-NG,Nigerian Fulfulde,fuv-Arab-NG,0.000000,7197811.575758,,,,,UNRANKED_PRIMARY_ORDER_GATE,UNRANKED_PRIMARY_ORDER_GATE,MODEL_CONDITIONAL_TERRITORIAL_CEILING,unranked_context,UNRANKED_PRIMARY_ORDER_GATE,,,,,,,,,,,,,false,false,NONE,,,,,,,true
edition-target:lang:fuv-Latn-NG,Nigerian Fulfulde,fuv-Latn-NG,0.000000,7197811.575758,,,,,UNRANKED_PRIMARY_ORDER_GATE,UNRANKED_PRIMARY_ORDER_GATE,MODEL_CONDITIONAL_TERRITORIAL_CEILING,unranked_context,UNRANKED_PRIMARY_ORDER_GATE,,,,,,,,,,,,,false,false,NONE,,,,,,,true
edition-target:lang:fvr-Latn-SD,Fur,fvr-Latn-SD,0.000000,5166214.700000,,,,,UNRANKED_PRIMARY_ORDER_GATE,UNRANKED_PRIMARY_ORDER_GATE,MODEL_CONDITIONAL_TERRITORIAL_CEILING,unranked_context,UNRANKED_PRIMARY_ORDER_GATE,,,,,,,,,,,,,false,false,NONE,,,,,,,true
edition-target:lang:fvr-Latn-TD,Fur,fvr-Latn-TD,0.000000,585714285.714286,,,,,UNRANKED_PRIMARY_ORDER_GATE,UNRANKED_PRIMARY_ORDER_GATE,MODEL_CONDITIONAL_WORLD_CEILING,unranked_context,UNRANKED_PRIMARY_ORDER_GATE,,,,,,,,,,,,,false,false,NONE,,,,,,,true
edition-target:lang:fy-Latn-NL,West Frisian,fy-Latn-NL,0.000000,2733333333.333333,,,,,UNRANKED_PRIMARY_ORDER_GATE,UNRANKED_PRIMARY_ORDER_GATE,MODEL_CONDITIONAL_WORLD_CEILING,unranked_context,UNRANKED_PRIMARY_ORDER_GATE,,,,,,,,,,,,,false,false,NONE,,,,,,,true
edition-target:lang:gaa-Latn-GH,Ga,gaa-Latn-GH,0.000000,820000000.000000,,,,,UNRANKED_PRIMARY_ORDER_GATE,UNRANKED_PRIMARY_ORDER_GATE,MODEL_CONDITIONAL_WORLD_CEILING,unranked_context,UNRANKED_PRIMARY_ORDER_GATE,,,,,,,,,,,,,false,false,NONE,,,,,,,true
edition-target:lang:gan-Hans-CN,Gan Chinese,gan-Hans-CN,0.000000,66980238.095238,,,,,UNRANKED_PRIMARY_ORDER_GATE,UNRANKED_PRIMARY_ORDER_GATE,MODEL_CONDITIONAL_TERRITORIAL_CEILING,unranked_context,UNRANKED_PRIMARY_ORDER_GATE,,,,,,,,,,,,,false,false,NONE,,,,,,,true
edition-target:lang:gax-Latn-ET,Borana–Arsi–Guji Oromo,gax-Latn-ET,0.000000,7130107.947368,,,,,UNRANKED_PRIMARY_ORDER_GATE,UNRANKED_PRIMARY_ORDER_GATE,MODEL_CONDITIONAL_TERRITORIAL_CEILING,unranked_context,UNRANKED_PRIMARY_ORDER_GATE,,,,,,,,,,,,,false,false,NONE,,,,,,,true
edition-target:lang:gax-Latn-KE,Kenyan Borana Oromo,gax-Latn-KE,0.000000,4109463.785714,,,,,UNRANKED_PRIMARY_ORDER_GATE,UNRANKED_PRIMARY_ORDER_GATE,MODEL_CONDITIONAL_TERRITORIAL_CEILING,unranked_context,UNRANKED_PRIMARY_ORDER_GATE,,,,,,,,,,,,,false,false,NONE,,,,,,,true
edition-target:lang:gaz-Latn-ET:variety:ethiopian-standard-oromo,Ethiopian Standard Oromo,gaz-Latn-ET,0.000000,7130107.947368,,,,,UNRANKED_PRIMARY_ORDER_GATE,UNRANKED_PRIMARY_ORDER_GATE,MODEL_CONDITIONAL_TERRITORIAL_CEILING,unranked_context,UNRANKED_PRIMARY_ORDER_GATE,,,,,,,,,,,,,false,false,NONE,,,,,,,true
edition-target:lang:gaz-Latn-ET:variety:west-central-oromo,West-Central Oromo,gaz-Latn-ET,0.000000,7130107.947368,,,,,UNRANKED_PRIMARY_ORDER_GATE,UNRANKED_PRIMARY_ORDER_GATE,MODEL_CONDITIONAL_TERRITORIAL_CEILING,unranked_context,UNRANKED_PRIMARY_ORDER_GATE,,,,,,,,,,,,,false,false,NONE,,,,,,,true
edition-target:lang:gbo-Latn-LR,Northern Grebo,gbo-Latn-LR,0.000000,820000000.000000,,,,,UNRANKED_PRIMARY_ORDER_GATE,UNRANKED_PRIMARY_ORDER_GATE,MODEL_CONDITIONAL_WORLD_CEILING,unranked_context,UNRANKED_PRIMARY_ORDER_GATE,,,,,,,,,,,,,false,false,NONE,,,,,,,true
edition-target:lang:gbr-Latn-NG,Gbagyi,gbr-Latn-NG,0.000000,7197811.575758,,,,,UNRANKED_PRIMARY_ORDER_GATE,UNRANKED_PRIMARY_ORDER_GATE,MODEL_CONDITIONAL_TERRITORIAL_CEILING,unranked_context,UNRANKED_PRIMARY_ORDER_GATE,,,,,,,,,,,,,false,false,NONE,,,,,,,true
edition-target:lang:gcf-GP,Guadeloupean Creole,gcf-GP,0.000000,8200000000.000000,,,,,UNRANKED_PRIMARY_ORDER_GATE,UNRANKED_PRIMARY_ORDER_GATE,MODEL_CONDITIONAL_WORLD_CEILING,unranked_context,UNRANKED_PRIMARY_ORDER_GATE,,,,,,,,,,,,,false,false,NONE,,,,,,,true
edition-target:lang:gcf-MQ,Martinican Creole,gcf-MQ,0.000000,8200000000.000000,,,,,UNRANKED_PRIMARY_ORDER_GATE,UNRANKED_PRIMARY_ORDER_GATE,MODEL_CONDITIONAL_WORLD_CEILING,unranked_context,UNRANKED_PRIMARY_ORDER_GATE,,,,,,,,,,,,,false,false,NONE,,,,,,,true
edition-target:lang:gec-Latn-LR,Gboloo Grebo,gec-Latn-LR,0.000000,820000000.000000,,,,,UNRANKED_PRIMARY_ORDER_GATE,UNRANKED_PRIMARY_ORDER_GATE,MODEL_CONDITIONAL_WORLD_CEILING,unranked_context,UNRANKED_PRIMARY_ORDER_GATE,,,,,,,,,,,,,false,false,NONE,,,,,,,true
edition-target:lang:geh-Latn-001,Hutterisch,geh-Latn-001,0.000000,8200000000.000000,,,,,UNRANKED_PRIMARY_ORDER_GATE,UNRANKED_PRIMARY_ORDER_GATE,MODEL_CONDITIONAL_WORLD_CEILING,unranked_context,UNRANKED_PRIMARY_ORDER_GATE,,,,,,,,,,,,,false,false,NONE,,,,,,,true
edition-target:lang:gil-Latn-KI,Te taetae ni Kiribati,gil-Latn-KI,0.000000,8200000000.000000,,,,,UNRANKED_PRIMARY_ORDER_GATE,UNRANKED_PRIMARY_ORDER_GATE,MODEL_CONDITIONAL_WORLD_CEILING,unranked_context,UNRANKED_PRIMARY_ORDER_GATE,,,,,,,,,,,,,false,false,NONE,,,,,,,true
edition-target:lang:gil-Latn-TV-x-nui,Nuian,gil-Latn-TV-x-nui,0.000000,4100000000.000000,,,,,UNRANKED_PRIMARY_ORDER_GATE,UNRANKED_PRIMARY_ORDER_GATE,MODEL_CONDITIONAL_WORLD_CEILING,unranked_context,UNRANKED_PRIMARY_ORDER_GATE,,,,,,,,,,,,,false,false,NONE,,,,,,,true
edition-target:lang:gkp-Latn-GN,Guinea Kpelle,gkp-Latn-GN,0.000000,1366666666.666667,,,,,UNRANKED_PRIMARY_ORDER_GATE,UNRANKED_PRIMARY_ORDER_GATE,MODEL_CONDITIONAL_WORLD_CEILING,unranked_context,UNRANKED_PRIMARY_ORDER_GATE,,,,,,,,,,,,,false,false,NONE,,,,,,,true
edition-target:lang:gmv-Latn-ET,Gamo,gmv-Latn-ET,0.000000,7130107.947368,,,,,UNRANKED_PRIMARY_ORDER_GATE,UNRANKED_PRIMARY_ORDER_GATE,MODEL_CONDITIONAL_TERRITORIAL_CEILING,unranked_context,UNRANKED_PRIMARY_ORDER_GATE,,,,,,,,,,,,,false,false,NONE,,,,,,,true
edition-target:lang:gog-Latn-TZ,Gogo,gog-Latn-TZ,0.000000,5038990.357143,,,,,UNRANKED_PRIMARY_ORDER_GATE,UNRANKED_PRIMARY_ORDER_GATE,MODEL_CONDITIONAL_TERRITORIAL_CEILING,unranked_context,UNRANKED_PRIMARY_ORDER_GATE,,,,,,,,,,,,,false,false,NONE,,,,,,,true
edition-target:lang:gpe-Latn-GH,Ghanaian Pidgin English,gpe-Latn-GH,0.000000,820000000.000000,,,,,UNRANKED_PRIMARY_ORDER_GATE,UNRANKED_PRIMARY_ORDER_GATE,MODEL_CONDITIONAL_WORLD_CEILING,unranked_context,UNRANKED_PRIMARY_ORDER_GATE,,,,,,,,,,,,,false,false,NONE,,,,,,,true
edition-target:lang:grj-Latn-LR,Southern Grebo,grj-Latn-LR,0.000000,820000000.000000,,,,,UNRANKED_PRIMARY_ORDER_GATE,UNRANKED_PRIMARY_ORDER_GATE,MODEL_CONDITIONAL_WORLD_CEILING,unranked_context,UNRANKED_PRIMARY_ORDER_GATE,,,,,,,,,,,,,false,false,NONE,,,,,,,true
edition-target:lang:grv-Latn-LR,Central Grebo,grv-Latn-LR,0.000000,820000000.000000,,,,,UNRANKED_PRIMARY_ORDER_GATE,UNRANKED_PRIMARY_ORDER_GATE,MODEL_CONDITIONAL_WORLD_CEILING,unranked_context,UNRANKED_PRIMARY_ORDER_GATE,,,,,,,,,,,,,false,false,NONE,,,,,,,true
edition-target:lang:gry-Latn-LR,Barclayville Grebo,gry-Latn-LR,0.000000,820000000.000000,,,,,UNRANKED_PRIMARY_ORDER_GATE,UNRANKED_PRIMARY_ORDER_GATE,MODEL_CONDITIONAL_WORLD_CEILING,unranked_context,UNRANKED_PRIMARY_ORDER_GATE,,,,,,,,,,,,,false,false,NONE,,,,,,,true
edition-target:lang:gse-GH,Ghanaian Sign Language,gse-GH,0.000000,820000000.000000,,,,,UNRANKED_PRIMARY_ORDER_GATE,UNRANKED_PRIMARY_ORDER_GATE,MODEL_CONDITIONAL_WORLD_CEILING,unranked_context,UNRANKED_PRIMARY_ORDER_GATE,,,,,,,,,,,,,false,false,NONE,,,,,,,true
edition-target:lang:gsg-DE,German Sign Language,gsg-DE,0.000000,20872812.250000,,,,,UNRANKED_PRIMARY_ORDER_GATE,UNRANKED_PRIMARY_ORDER_GATE,MODEL_CONDITIONAL_TERRITORIAL_CEILING,unranked_context,UNRANKED_PRIMARY_ORDER_GATE,,,,,,,,,,,,,false,false,NONE,,,,,,,true
edition-target:lang:gsw-Latn-CH,Swiss German varieties,gsw-Latn-CH,0.000000,8200000000.000000,,,,,UNRANKED_PRIMARY_ORDER_GATE,UNRANKED_PRIMARY_ORDER_GATE,MODEL_CONDITIONAL_WORLD_CEILING,unranked_context,UNRANKED_PRIMARY_ORDER_GATE,,,,,,,,,,,,,false,false,NONE,,,,,,,true
edition-target:lang:guc-CO,Wayuunaiki,guc-CO,0.000000,4452136.250000,,,,,UNRANKED_PRIMARY_ORDER_GATE,UNRANKED_PRIMARY_ORDER_GATE,MODEL_CONDITIONAL_TERRITORIAL_CEILING,unranked_context,UNRANKED_PRIMARY_ORDER_GATE,,,,,,,,,,,,,false,false,NONE,,,,,,,true
edition-target:lang:guc-VE,Venezuela Wayuunaiki,guc-VE,0.000000,820000000.000000,,,,,UNRANKED_PRIMARY_ORDER_GATE,UNRANKED_PRIMARY_ORDER_GATE,MODEL_CONDITIONAL_WORLD_CEILING,unranked_context,UNRANKED_PRIMARY_ORDER_GATE,,,,,,,,,,,,,false,false,NONE,,,,,,,true
edition-target:lang:gug-PY,Paraguayan Guaraní,gug-PY,0.000000,745454545.454545,,,,,UNRANKED_PRIMARY_ORDER_GATE,UNRANKED_PRIMARY_ORDER_GATE,MODEL_CONDITIONAL_WORLD_CEILING,unranked_context,UNRANKED_PRIMARY_ORDER_GATE,,,,,,,,,,,,,false,false,NONE,,,,,,,true
edition-target:lang:guh-CO,Sikuani,guh-CO,0.000000,4452136.250000,,,,,UNRANKED_PRIMARY_ORDER_GATE,UNRANKED_PRIMARY_ORDER_GATE,MODEL_CONDITIONAL_TERRITORIAL_CEILING,unranked_context,UNRANKED_PRIMARY_ORDER_GATE,,,,,,,,,,,,,false,false,NONE,,,,,,,true
edition-target:lang:guh-VE,Jivi,guh-VE,0.000000,820000000.000000,,,,,UNRANKED_PRIMARY_ORDER_GATE,UNRANKED_PRIMARY_ORDER_GATE,MODEL_CONDITIONAL_WORLD_CEILING,unranked_context,UNRANKED_PRIMARY_ORDER_GATE,,,,,,,,,,,,,false,false,NONE,,,,,,,true
edition-target:lang:gun-AR,Argentina Mbyá Guaraní,gun-AR,0.000000,1025000000.000000,,,,,UNRANKED_PRIMARY_ORDER_GATE,UNRANKED_PRIMARY_ORDER_GATE,MODEL_CONDITIONAL_WORLD_CEILING,unranked_context,UNRANKED_PRIMARY_ORDER_GATE,,,,,,,,,,,,,false,false,NONE,,,,,,,true
edition-target:lang:gun-PY,Mbyá Guaraní,gun-PY,0.000000,745454545.454545,,,,,UNRANKED_PRIMARY_ORDER_GATE,UNRANKED_PRIMARY_ORDER_GATE,MODEL_CONDITIONAL_WORLD_CEILING,unranked_context,UNRANKED_PRIMARY_ORDER_GATE,,,,,,,,,,,,,false,false,NONE,,,,,,,true
edition-target:lang:guq-PY,Aché,guq-PY,0.000000,745454545.454545,,,,,UNRANKED_PRIMARY_ORDER_GATE,UNRANKED_PRIMARY_ORDER_GATE,MODEL_CONDITIONAL_WORLD_CEILING,unranked_context,UNRANKED_PRIMARY_ORDER_GATE,,,,,,,,,,,,,false,false,NONE,,,,,,,true
edition-target:lang:guu-BR,Yanomamö,guu-BR,0.000000,11200652.894737,,,,,UNRANKED_PRIMARY_ORDER_GATE,UNRANKED_PRIMARY_ORDER_GATE,MODEL_CONDITIONAL_TERRITORIAL_CEILING,unranked_context,UNRANKED_PRIMARY_ORDER_GATE,,,,,,,,,,,,,false,false,NONE,,,,,,,true
edition-target:lang:guu-VE,Yanomamö,guu-VE,0.000000,820000000.000000,,,,,UNRANKED_PRIMARY_ORDER_GATE,UNRANKED_PRIMARY_ORDER_GATE,MODEL_CONDITIONAL_WORLD_CEILING,unranked_context,UNRANKED_PRIMARY_ORDER_GATE,,,,,,,,,,,,,false,false,NONE,,,,,,,true
edition-target:lang:gym-CR,Ngäbere,gym-CR,0.000000,1640000000.000000,,,,,UNRANKED_PRIMARY_ORDER_GATE,UNRANKED_PRIMARY_ORDER_GATE,MODEL_CONDITIONAL_WORLD_CEILING,unranked_context,UNRANKED_PRIMARY_ORDER_GATE,,,,,,,,,,,,,false,false,NONE,,,,,,,true
edition-target:lang:gym-PA,Ngäbere,gym-PA,0.000000,2050000000.000000,,,,,UNRANKED_PRIMARY_ORDER_GATE,UNRANKED_PRIMARY_ORDER_GATE,MODEL_CONDITIONAL_WORLD_CEILING,unranked_context,UNRANKED_PRIMARY_ORDER_GATE,,,,,,,,,,,,,false,false,NONE,,,,,,,true
edition-target:lang:gyn-GY,Guyanese Creole,gyn-GY,0.000000,8200000000.000000,,,,,UNRANKED_PRIMARY_ORDER_GATE,UNRANKED_PRIMARY_ORDER_GATE,MODEL_CONDITIONAL_WORLD_CEILING,unranked_context,UNRANKED_PRIMARY_ORDER_GATE,,,,,,,,,,,,,false,false,NONE,,,,,,,true
edition-target:lang:ha-Arab-NE,Niger Hausa,ha-Arab-NE,0.000000,745454545.454545,,,,,UNRANKED_PRIMARY_ORDER_GATE,UNRANKED_PRIMARY_ORDER_GATE,MODEL_CONDITIONAL_WORLD_CEILING,unranked_context,UNRANKED_PRIMARY_ORDER_GATE,,,,,,,,,,,,,false,false,NONE,,,,,,,true
edition-target:lang:ha-Arab-NG,Nigerian Hausa,ha-Arab-NG,0.000000,7197811.575758,,,,,UNRANKED_PRIMARY_ORDER_GATE,UNRANKED_PRIMARY_ORDER_GATE,MODEL_CONDITIONAL_TERRITORIAL_CEILING,unranked_context,UNRANKED_PRIMARY_ORDER_GATE,,,,,,,,,,,,,false,false,NONE,,,,,,,true
edition-target:lang:ha-Arab-TD,Chad Hausa,ha-Arab-TD,0.000000,585714285.714286,,,,,UNRANKED_PRIMARY_ORDER_GATE,UNRANKED_PRIMARY_ORDER_GATE,MODEL_CONDITIONAL_WORLD_CEILING,unranked_context,UNRANKED_PRIMARY_ORDER_GATE,,,,,,,,,,,,,false,false,NONE,,,,,,,true
edition-target:lang:ha-Latn-CM,Cameroon Hausa,ha-Latn-CM,0.000000,630769230.769231,,,,,UNRANKED_PRIMARY_ORDER_GATE,UNRANKED_PRIMARY_ORDER_GATE,MODEL_CONDITIONAL_WORLD_CEILING,unranked_context,UNRANKED_PRIMARY_ORDER_GATE,,,,,,,,,,,,,false,false,NONE,,,,,,,true
edition-target:lang:ha-Latn-GH,Ghana Hausa,ha-Latn-GH,0.000000,820000000.000000,,,,,UNRANKED_PRIMARY_ORDER_GATE,UNRANKED_PRIMARY_ORDER_GATE,MODEL_CONDITIONAL_WORLD_CEILING,unranked_context,UNRANKED_PRIMARY_ORDER_GATE,,,,,,,,,,,,,false,false,NONE,,,,,,,true
edition-target:lang:ha-Latn-NE,Niger Hausa,ha-Latn-NE,0.000000,745454545.454545,,,,,UNRANKED_PRIMARY_ORDER_GATE,UNRANKED_PRIMARY_ORDER_GATE,MODEL_CONDITIONAL_WORLD_CEILING,unranked_context,UNRANKED_PRIMARY_ORDER_GATE,,,,,,,,,,,,,false,false,NONE,,,,,,,true
edition-target:lang:ha-Latn-NG,Hausa,ha-Latn-NG,0.000000,7197811.575758,,,,,UNRANKED_PRIMARY_ORDER_GATE,UNRANKED_PRIMARY_ORDER_GATE,MODEL_CONDITIONAL_TERRITORIAL_CEILING,unranked_context,UNRANKED_PRIMARY_ORDER_GATE,,,,,,,,,,,,,false,false,NONE,,,,,,,true
edition-target:lang:ha-Latn-TD,Chad Hausa,ha-Latn-TD,0.000000,585714285.714286,,,,,UNRANKED_PRIMARY_ORDER_GATE,UNRANKED_PRIMARY_ORDER_GATE,MODEL_CONDITIONAL_WORLD_CEILING,unranked_context,UNRANKED_PRIMARY_ORDER_GATE,,,,,,,,,,,,,false,false,NONE,,,,,,,true
edition-target:lang:hak-Hans-CN,Mainland Hakka,hak-Hans-CN,0.000000,66980238.095238,,,,,UNRANKED_PRIMARY_ORDER_GATE,UNRANKED_PRIMARY_ORDER_GATE,MODEL_CONDITIONAL_TERRITORIAL_CEILING,unranked_context,UNRANKED_PRIMARY_ORDER_GATE,,,,,,,,,,,,,false,false,NONE,,,,,,,true
edition-target:lang:har-Ethi-ET,Harari,har-Ethi-ET,0.000000,7130107.947368,,,,,UNRANKED_PRIMARY_ORDER_GATE,UNRANKED_PRIMARY_ORDER_GATE,MODEL_CONDITIONAL_TERRITORIAL_CEILING,unranked_context,UNRANKED_PRIMARY_ORDER_GATE,,,,,,,,,,,,,false,false,NONE,,,,,,,true
edition-target:lang:hat-HT,Haitian Kreyòl,hat-HT,0.000000,4100000000.000000,,,,,UNRANKED_PRIMARY_ORDER_GATE,UNRANKED_PRIMARY_ORDER_GATE,MODEL_CONDITIONAL_WORLD_CEILING,unranked_context,UNRANKED_PRIMARY_ORDER_GATE,,,,,,,,,,,,,false,false,NONE,,,,,,,true
edition-target:lang:hay-Latn-TZ,Haya,hay-Latn-TZ,0.000000,5038990.357143,,,,,UNRANKED_PRIMARY_ORDER_GATE,UNRANKED_PRIMARY_ORDER_GATE,MODEL_CONDITIONAL_TERRITORIAL_CEILING,unranked_context,UNRANKED_PRIMARY_ORDER_GATE,,,,,,,,,,,,,false,false,NONE,,,,,,,true
edition-target:lang:hdy-Latn-ET,Hadiyya,hdy-Latn-ET,0.000000,7130107.947368,,,,,UNRANKED_PRIMARY_ORDER_GATE,UNRANKED_PRIMARY_ORDER_GATE,MODEL_CONDITIONAL_TERRITORIAL_CEILING,unranked_context,UNRANKED_PRIMARY_ORDER_GATE,,,,,,,,,,,,,false,false,NONE,,,,,,,true
edition-target:lang:heh-Latn-TZ,Hehe,heh-Latn-TZ,0.000000,5038990.357143,,,,,UNRANKED_PRIMARY_ORDER_GATE,UNRANKED_PRIMARY_ORDER_GATE,MODEL_CONDITIONAL_TERRITORIAL_CEILING,unranked_context,UNRANKED_PRIMARY_ORDER_GATE,,,,,,,,,,,,,false,false,NONE,,,,,,,true
edition-target:lang:hi-Deva-FJ,Standard Hindi,hi-Deva-FJ,0.000000,2050000000.000000,,,,,UNRANKED_PRIMARY_ORDER_GATE,UNRANKED_PRIMARY_ORDER_GATE,MODEL_CONDITIONAL_WORLD_CEILING,unranked_context,UNRANKED_PRIMARY_ORDER_GATE,,,,,,,,,,,,,false,false,NONE,,,,,,,true
edition-target:lang:hif-Latn-FJ,Fiji Hindi,hif-Latn-FJ,0.000000,2050000000.000000,,,,,UNRANKED_PRIMARY_ORDER_GATE,UNRANKED_PRIMARY_ORDER_GATE,MODEL_CONDITIONAL_WORLD_CEILING,unranked_context,UNRANKED_PRIMARY_ORDER_GATE,,,,,,,,,,,,,false,false,NONE,,,,,,,true
edition-target:lang:hil-Latn-PH,Hiligaynon,hil-Latn-PH,0.000000,6488164.555556,,,,,UNRANKED_PRIMARY_ORDER_GATE,UNRANKED_PRIMARY_ORDER_GATE,MODEL_CONDITIONAL_TERRITORIAL_CEILING,unranked_context,UNRANKED_PRIMARY_ORDER_GATE,,,,,,,,,,,,,false,false,NONE,,,,,,,true
edition-target:lang:hmn-Latn-LA,Hmong varieties in Lao PDR,hmn-Latn-LA,0.000000,2733333333.333333,,,,,UNRANKED_PRIMARY_ORDER_GATE,UNRANKED_PRIMARY_ORDER_GATE,MODEL_CONDITIONAL_WORLD_CEILING,unranked_context,UNRANKED_PRIMARY_ORDER_GATE,,,,,,,,,,,,,false,false,NONE,,,,,,,true
edition-target:lang:hmn-Latn-VN,Hmong,hmn-Latn-VN,0.000000,8466543.916667,,,,,UNRANKED_PRIMARY_ORDER_GATE,UNRANKED_PRIMARY_ORDER_GATE,MODEL_CONDITIONAL_TERRITORIAL_CEILING,unranked_context,UNRANKED_PRIMARY_ORDER_GATE,,,,,,,,,,,,,false,false,NONE,,,,,,,true
edition-target:lang:hmo-Latn-PG,Hiri Motu,hmo-Latn-PG,0.000000,2733333333.333333,,,,,UNRANKED_PRIMARY_ORDER_GATE,UNRANKED_PRIMARY_ORDER_GATE,MODEL_CONDITIONAL_WORLD_CEILING,unranked_context,UNRANKED_PRIMARY_ORDER_GATE,,,,,,,,,,,,,false,false,NONE,,,,,,,true
edition-target:lang:hnm-Hans-CN,Hainanese or Qiongwen Min,hnm-Hans-CN,0.000000,66980238.095238,,,,,UNRANKED_PRIMARY_ORDER_GATE,UNRANKED_PRIMARY_ORDER_GATE,MODEL_CONDITIONAL_TERRITORIAL_CEILING,unranked_context,UNRANKED_PRIMARY_ORDER_GATE,,,,,,,,,,,,,false,false,NONE,,,,,,,true
edition-target:lang:hr-Latn-HR,Croatian,hr-Latn-HR,0.000000,8200000000.000000,,,,,UNRANKED_PRIMARY_ORDER_GATE,UNRANKED_PRIMARY_ORDER_GATE,MODEL_CONDITIONAL_WORLD_CEILING,unranked_context,UNRANKED_PRIMARY_ORDER_GATE,,,,,,,,,,,,,false,false,NONE,,,,,,,true
edition-target:lang:hsn-Hans-CN,Xiang Chinese,hsn-Hans-CN,0.000000,66980238.095238,,,,,UNRANKED_PRIMARY_ORDER_GATE,UNRANKED_PRIMARY_ORDER_GATE,MODEL_CONDITIONAL_TERRITORIAL_CEILING,unranked_context,UNRANKED_PRIMARY_ORDER_GATE,,,,,,,,,,,,,false,false,NONE,,,,,,,true
edition-target:lang:ht-Latn-HT,Haitian Creole,ht-Latn-HT,0.000000,4100000000.000000,,,,,UNRANKED_PRIMARY_ORDER_GATE,UNRANKED_PRIMARY_ORDER_GATE,MODEL_CONDITIONAL_WORLD_CEILING,unranked_context,UNRANKED_PRIMARY_ORDER_GATE,,,,,,,,,,,,,false,false,NONE,,,,,,,true
edition-target:lang:hts-Latn-TZ,Hadza,hts-Latn-TZ,0.000000,5038990.357143,,,,,UNRANKED_PRIMARY_ORDER_GATE,UNRANKED_PRIMARY_ORDER_GATE,MODEL_CONDITIONAL_TERRITORIAL_CEILING,unranked_context,UNRANKED_PRIMARY_ORDER_GATE,,,,,,,,,,,,,false,false,NONE,,,,,,,true
edition-target:lang:hu-Latn-HU,Hungarian,hu-Latn-HU,0.000000,8200000000.000000,,,,,UNRANKED_PRIMARY_ORDER_GATE,UNRANKED_PRIMARY_ORDER_GATE,MODEL_CONDITIONAL_WORLD_CEILING,unranked_context,UNRANKED_PRIMARY_ORDER_GATE,,,,,,,,,,,,,false,false,NONE,,,,,,,true
edition-target:lang:huu-CO,Muruí,huu-CO,0.000000,4452136.250000,,,,,UNRANKED_PRIMARY_ORDER_GATE,UNRANKED_PRIMARY_ORDER_GATE,MODEL_CONDITIONAL_TERRITORIAL_CEILING,unranked_context,UNRANKED_PRIMARY_ORDER_GATE,,,,,,,,,,,,,false,false,NONE,,,,,,,true
edition-target:lang:hwc-Latn-US,Hawaiʻi Creole English,hwc-Latn-US,0.000000,13671394.280000,,,,,UNRANKED_PRIMARY_ORDER_GATE,UNRANKED_PRIMARY_ORDER_GATE,MODEL_CONDITIONAL_TERRITORIAL_CEILING,unranked_context,UNRANKED_PRIMARY_ORDER_GATE,,,,,,,,,,,,,false,false,NONE,,,,,,,true
edition-target:lang:hz-Latn-AO,Otjiherero,hz-Latn-AO,0.000000,1171428571.428571,,,,,UNRANKED_PRIMARY_ORDER_GATE,UNRANKED_PRIMARY_ORDER_GATE,MODEL_CONDITIONAL_WORLD_CEILING,unranked_context,UNRANKED_PRIMARY_ORDER_GATE,,,,,,,,,,,,,false,false,NONE,,,,,,,true
edition-target:lang:hz-Latn-BW,Otjiherero,hz-Latn-BW,0.000000,1366666666.666667,,,,,UNRANKED_PRIMARY_ORDER_GATE,UNRANKED_PRIMARY_ORDER_GATE,MODEL_CONDITIONAL_WORLD_CEILING,unranked_context,UNRANKED_PRIMARY_ORDER_GATE,,,,,,,,,,,,,false,false,NONE,,,,,,,true
edition-target:lang:hz-Latn-NA,Otjiherero,hz-Latn-NA,0.000000,1366666666.666667,,,,,UNRANKED_PRIMARY_ORDER_GATE,UNRANKED_PRIMARY_ORDER_GATE,MODEL_CONDITIONAL_WORLD_CEILING,unranked_context,UNRANKED_PRIMARY_ORDER_GATE,,,,,,,,,,,,,false,false,NONE,,,,,,,true
edition-target:lang:iai-Latn-NC,Iaai,iai-Latn-NC,0.000000,8200000000.000000,,,,,UNRANKED_PRIMARY_ORDER_GATE,UNRANKED_PRIMARY_ORDER_GATE,MODEL_CONDITIONAL_WORLD_CEILING,unranked_context,UNRANKED_PRIMARY_ORDER_GATE,,,,,,,,,,,,,false,false,NONE,,,,,,,true
edition-target:lang:iba-Latn-MY,Iban,iba-Latn-MY,0.000000,2050000000.000000,,,,,UNRANKED_PRIMARY_ORDER_GATE,UNRANKED_PRIMARY_ORDER_GATE,MODEL_CONDITIONAL_WORLD_CEILING,unranked_context,UNRANKED_PRIMARY_ORDER_GATE,,,,,,,,,,,,,false,false,NONE,,,,,,,true
edition-target:lang:ibb-Latn-NG,Ibibio,ibb-Latn-NG,0.000000,7197811.575758,,,,,UNRANKED_PRIMARY_ORDER_GATE,UNRANKED_PRIMARY_ORDER_GATE,MODEL_CONDITIONAL_TERRITORIAL_CEILING,unranked_context,UNRANKED_PRIMARY_ORDER_GATE,,,,,,,,,,,,,false,false,NONE,,,,,,,true
edition-target:lang:icr-CO,San Andrés–Providencia Creole,icr-CO,0.000000,4452136.250000,,,,,UNRANKED_PRIMARY_ORDER_GATE,UNRANKED_PRIMARY_ORDER_GATE,MODEL_CONDITIONAL_TERRITORIAL_CEILING,unranked_context,UNRANKED_PRIMARY_ORDER_GATE,,,,,,,,,,,,,false,false,NONE,,,,,,,true
edition-target:lang:igl-Latn-NG,Igala,igl-Latn-NG,0.000000,7197811.575758,,,,,UNRANKED_PRIMARY_ORDER_GATE,UNRANKED_PRIMARY_ORDER_GATE,MODEL_CONDITIONAL_TERRITORIAL_CEILING,unranked_context,UNRANKED_PRIMARY_ORDER_GATE,,,,,,,,,,,,,false,false,NONE,,,,,,,true
edition-target:lang:ii-Yiii-CN,Nuosu Yi,ii-Yiii-CN,0.000000,66980238.095238,,,,,UNRANKED_PRIMARY_ORDER_GATE,UNRANKED_PRIMARY_ORDER_GATE,MODEL_CONDITIONAL_TERRITORIAL_CEILING,unranked_context,UNRANKED_PRIMARY_ORDER_GATE,,,,,,,,,,,,,false,false,NONE,,,,,,,true
edition-target:lang:ijc-Latn-NG,Izon,ijc-Latn-NG,0.000000,7197811.575758,,,,,UNRANKED_PRIMARY_ORDER_GATE,UNRANKED_PRIMARY_ORDER_GATE,MODEL_CONDITIONAL_TERRITORIAL_CEILING,unranked_context,UNRANKED_PRIMARY_ORDER_GATE,,,,,,,,,,,,,false,false,NONE,,,,,,,true
edition-target:lang:iks-CA,Inuit Uukturausingit,iks-CA,0.000000,303703703.703704,,,,,UNRANKED_PRIMARY_ORDER_GATE,UNRANKED_PRIMARY_ORDER_GATE,MODEL_CONDITIONAL_WORLD_CEILING,unranked_context,UNRANKED_PRIMARY_ORDER_GATE,,,,,,,,,,,,,false,false,NONE,,,,,,,true
edition-target:lang:ilo-Latn-PH,Ilocano,ilo-Latn-PH,0.000000,6488164.555556,,,,,UNRANKED_PRIMARY_ORDER_GATE,UNRANKED_PRIMARY_ORDER_GATE,MODEL_CONDITIONAL_TERRITORIAL_CEILING,unranked_context,UNRANKED_PRIMARY_ORDER_GATE,,,,,,,,,,,,,false,false,NONE,,,,,,,true
edition-target:lang:ils-001,International Sign,ils-001,0.000000,8200000000.000000,,,,,UNRANKED_PRIMARY_ORDER_GATE,UNRANKED_PRIMARY_ORDER_GATE,MODEL_CONDITIONAL_WORLD_CEILING,unranked_context,UNRANKED_PRIMARY_ORDER_GATE,,,,,,,,,,,,,false,false,NONE,,,,,,,true
edition-target:lang:inl-ID,Indonesian Sign Language,inl-ID,0.000000,17857577.250000,,,,,UNRANKED_PRIMARY_ORDER_GATE,UNRANKED_PRIMARY_ORDER_GATE,MODEL_CONDITIONAL_TERRITORIAL_CEILING,unranked_context,UNRANKED_PRIMARY_ORDER_GATE,,,,,,,,,,,,,false,false,NONE,,,,,,,true
edition-target:lang:ins-IN,Indian Sign Language,ins-IN,0.000000,48795517.500000,,,,,UNRANKED_PRIMARY_ORDER_GATE,UNRANKED_PRIMARY_ORDER_GATE,MODEL_CONDITIONAL_TERRITORIAL_CEILING,unranked_context,UNRANKED_PRIMARY_ORDER_GATE,,,,,,,,,,,,,false,false,NONE,,,,,,,true
edition-target:lang:ipk-US,Iñupiaq,ipk-US,0.000000,13671394.280000,,,,,UNRANKED_PRIMARY_ORDER_GATE,UNRANKED_PRIMARY_ORDER_GATE,MODEL_CONDITIONAL_TERRITORIAL_CEILING,unranked_context,UNRANKED_PRIMARY_ORDER_GATE,,,,,,,,,,,,,false,false,NONE,,,,,,,true
edition-target:lang:is-Latn-IS,Icelandic,is-Latn-IS,0.000000,8200000000.000000,,,,,UNRANKED_PRIMARY_ORDER_GATE,UNRANKED_PRIMARY_ORDER_GATE,MODEL_CONDITIONAL_WORLD_CEILING,unranked_context,UNRANKED_PRIMARY_ORDER_GATE,,,,,,,,,,,,,false,false,NONE,,,,,,,true
edition-target:lang:isg-IE,Irish Sign Language,isg-IE,0.000000,8200000000.000000,,,,,UNRANKED_PRIMARY_ORDER_GATE,UNRANKED_PRIMARY_ORDER_GATE,MODEL_CONDITIONAL_WORLD_CEILING,unranked_context,UNRANKED_PRIMARY_ORDER_GATE,,,,,,,,,,,,,false,false,NONE,,,,,,,true
edition-target:lang:it-Latn-IT,Italian,it-Latn-IT,0.000000,58915656.000000,,,,,UNRANKED_PRIMARY_ORDER_GATE,UNRANKED_PRIMARY_ORDER_GATE,MODEL_CONDITIONAL_TERRITORIAL_CEILING,unranked_context,UNRANKED_PRIMARY_ORDER_GATE,,,,,,,,,,,,,false,false,NONE,,,,,,,true
edition-target:lang:jam-JM,Jamaican Creole,jam-JM,0.000000,4100000000.000000,,,,,UNRANKED_PRIMARY_ORDER_GATE,UNRANKED_PRIMARY_ORDER_GATE,MODEL_CONDITIONAL_WORLD_CEILING,unranked_context,UNRANKED_PRIMARY_ORDER_GATE,,,,,,,,,,,,,false,false,NONE,,,,,,,true
edition-target:lang:jic-HN,Tolupan,jic-HN,0.000000,1640000000.000000,,,,,UNRANKED_PRIMARY_ORDER_GATE,UNRANKED_PRIMARY_ORDER_GATE,MODEL_CONDITIONAL_WORLD_CEILING,unranked_context,UNRANKED_PRIMARY_ORDER_GATE,,,,,,,,,,,,,false,false,NONE,,,,,,,true
edition-target:lang:jls-JM,Jamaican Sign Language,jls-JM,0.000000,4100000000.000000,,,,,UNRANKED_PRIMARY_ORDER_GATE,UNRANKED_PRIMARY_ORDER_GATE,MODEL_CONDITIONAL_WORLD_CEILING,unranked_context,UNRANKED_PRIMARY_ORDER_GATE,,,,,,,,,,,,,false,false,NONE,,,,,,,true
edition-target:lang:jra-Latn-KH,Jarai in Cambodia,jra-Latn-KH,0.000000,2733333333.333333,,,,,UNRANKED_PRIMARY_ORDER_GATE,UNRANKED_PRIMARY_ORDER_GATE,MODEL_CONDITIONAL_WORLD_CEILING,unranked_context,UNRANKED_PRIMARY_ORDER_GATE,,,,,,,,,,,,,false,false,NONE,,,,,,,true
edition-target:lang:jra-Latn-VN,J'rai,jra-Latn-VN,0.000000,8466543.916667,,,,,UNRANKED_PRIMARY_ORDER_GATE,UNRANKED_PRIMARY_ORDER_GATE,MODEL_CONDITIONAL_TERRITORIAL_CEILING,unranked_context,UNRANKED_PRIMARY_ORDER_GATE,,,,,,,,,,,,,false,false,NONE,,,,,,,true
edition-target:lang:jsl-JP,Japanese Sign Language,jsl-JP,0.000000,61683367.000000,,,,,UNRANKED_PRIMARY_ORDER_GATE,UNRANKED_PRIMARY_ORDER_GATE,MODEL_CONDITIONAL_TERRITORIAL_CEILING,unranked_context,UNRANKED_PRIMARY_ORDER_GATE,,,,,,,,,,,,,false,false,NONE,,,,,,,true
edition-target:lang:kab-Latn-DZ,Kabyle,kab-Latn-DZ,0.000000,1025000000.000000,,,,,UNRANKED_PRIMARY_ORDER_GATE,UNRANKED_PRIMARY_ORDER_GATE,MODEL_CONDITIONAL_WORLD_CEILING,unranked_context,UNRANKED_PRIMARY_ORDER_GATE,,,,,,,,,,,,,false,false,NONE,,,,,,,true
edition-target:lang:kab-Tfng-DZ,Kabyle,kab-Tfng-DZ,0.000000,1025000000.000000,,,,,UNRANKED_PRIMARY_ORDER_GATE,UNRANKED_PRIMARY_ORDER_GATE,MODEL_CONDITIONAL_WORLD_CEILING,unranked_context,UNRANKED_PRIMARY_ORDER_GATE,,,,,,,,,,,,,false,false,NONE,,,,,,,true
edition-target:lang:kac-Latn-MM,Jinghpaw,kac-Latn-MM,0.000000,4570887.333333,,,,,UNRANKED_PRIMARY_ORDER_GATE,UNRANKED_PRIMARY_ORDER_GATE,MODEL_CONDITIONAL_TERRITORIAL_CEILING,unranked_context,UNRANKED_PRIMARY_ORDER_GATE,,,,,,,,,,,,,false,false,NONE,,,,,,,true
edition-target:lang:kal-GL,Kalaallisut,kal-GL,0.000000,8200000000.000000,,,,,UNRANKED_PRIMARY_ORDER_GATE,UNRANKED_PRIMARY_ORDER_GATE,MODEL_CONDITIONAL_WORLD_CEILING,unranked_context,UNRANKED_PRIMARY_ORDER_GATE,,,,,,,,,,,,,false,false,NONE,,,,,,,true
edition-target:lang:kam-Latn-KE,Kamba,kam-Latn-KE,0.000000,4109463.785714,,,,,UNRANKED_PRIMARY_ORDER_GATE,UNRANKED_PRIMARY_ORDER_GATE,MODEL_CONDITIONAL_TERRITORIAL_CEILING,unranked_context,UNRANKED_PRIMARY_ORDER_GATE,,,,,,,,,,,,,false,false,NONE,,,,,,,true
edition-target:lang:kbp-Latn-TG,Kabiyè,kbp-Latn-TG,0.000000,2733333333.333333,,,,,UNRANKED_PRIMARY_ORDER_GATE,UNRANKED_PRIMARY_ORDER_GATE,MODEL_CONDITIONAL_WORLD_CEILING,unranked_context,UNRANKED_PRIMARY_ORDER_GATE,,,,,,,,,,,,,false,false,NONE,,,,,,,true
edition-target:lang:kby-Arab-NE,Manga Kanuri,kby-Arab-NE,0.000000,745454545.454545,,,,,UNRANKED_PRIMARY_ORDER_GATE,UNRANKED_PRIMARY_ORDER_GATE,MODEL_CONDITIONAL_WORLD_CEILING,unranked_context,UNRANKED_PRIMARY_ORDER_GATE,,,,,,,,,,,,,false,false,NONE,,,,,,,true
edition-target:lang:kby-Arab-NG,Manga Kanuri,kby-Arab-NG,0.000000,7197811.575758,,,,,UNRANKED_PRIMARY_ORDER_GATE,UNRANKED_PRIMARY_ORDER_GATE,MODEL_CONDITIONAL_TERRITORIAL_CEILING,unranked_context,UNRANKED_PRIMARY_ORDER_GATE,,,,,,,,,,,,,false,false,NONE,,,,,,,true
edition-target:lang:kby-Arab-TD,Manga Kanuri,kby-Arab-TD,0.000000,585714285.714286,,,,,UNRANKED_PRIMARY_ORDER_GATE,UNRANKED_PRIMARY_ORDER_GATE,MODEL_CONDITIONAL_WORLD_CEILING,unranked_context,UNRANKED_PRIMARY_ORDER_GATE,,,,,,,,,,,,,false,false,NONE,,,,,,,true
edition-target:lang:kby-Latn-NE,Manga Kanuri,kby-Latn-NE,0.000000,745454545.454545,,,,,UNRANKED_PRIMARY_ORDER_GATE,UNRANKED_PRIMARY_ORDER_GATE,MODEL_CONDITIONAL_WORLD_CEILING,unranked_context,UNRANKED_PRIMARY_ORDER_GATE,,,,,,,,,,,,,false,false,NONE,,,,,,,true
edition-target:lang:kby-Latn-NG,Manga Kanuri,kby-Latn-NG,0.000000,7197811.575758,,,,,UNRANKED_PRIMARY_ORDER_GATE,UNRANKED_PRIMARY_ORDER_GATE,MODEL_CONDITIONAL_TERRITORIAL_CEILING,unranked_context,UNRANKED_PRIMARY_ORDER_GATE,,,,,,,,,,,,,false,false,NONE,,,,,,,true
edition-target:lang:kby-Latn-TD,Manga Kanuri,kby-Latn-TD,0.000000,585714285.714286,,,,,UNRANKED_PRIMARY_ORDER_GATE,UNRANKED_PRIMARY_ORDER_GATE,MODEL_CONDITIONAL_WORLD_CEILING,unranked_context,UNRANKED_PRIMARY_ORDER_GATE,,,,,,,,,,,,,false,false,NONE,,,,,,,true
edition-target:lang:kca-RU:variety:eastern-khanty,Eastern Khanty,kca-RU,0.000000,5979722.000000,,,,,UNRANKED_PRIMARY_ORDER_GATE,UNRANKED_PRIMARY_ORDER_GATE,MODEL_CONDITIONAL_TERRITORIAL_CEILING,unranked_context,UNRANKED_PRIMARY_ORDER_GATE,,,,,,,,,,,,,false,false,NONE,,,,,,,true
edition-target:lang:kca-RU:variety:northern-khanty,Northern Khanty,kca-RU,0.000000,5979722.000000,,,,,UNRANKED_PRIMARY_ORDER_GATE,UNRANKED_PRIMARY_ORDER_GATE,MODEL_CONDITIONAL_TERRITORIAL_CEILING,unranked_context,UNRANKED_PRIMARY_ORDER_GATE,,,,,,,,,,,,,false,false,NONE,,,,,,,true
edition-target:lang:kca-RU:variety:southern-khanty,Southern Khanty,kca-RU,0.000000,5979722.000000,,,,,UNRANKED_PRIMARY_ORDER_GATE,UNRANKED_PRIMARY_ORDER_GATE,MODEL_CONDITIONAL_TERRITORIAL_CEILING,unranked_context,UNRANKED_PRIMARY_ORDER_GATE,,,,,,,,,,,,,false,false,NONE,,,,,,,true
edition-target:lang:kde-Latn-MZ,Makonde,kde-Latn-MZ,0.000000,1171428571.428571,,,,,UNRANKED_PRIMARY_ORDER_GATE,UNRANKED_PRIMARY_ORDER_GATE,MODEL_CONDITIONAL_WORLD_CEILING,unranked_context,UNRANKED_PRIMARY_ORDER_GATE,,,,,,,,,,,,,false,false,NONE,,,,,,,true
edition-target:lang:kde-Latn-TZ,Makonde,kde-Latn-TZ,0.000000,5038990.357143,,,,,UNRANKED_PRIMARY_ORDER_GATE,UNRANKED_PRIMARY_ORDER_GATE,MODEL_CONDITIONAL_TERRITORIAL_CEILING,unranked_context,UNRANKED_PRIMARY_ORDER_GATE,,,,,,,,,,,,,false,false,NONE,,,,,,,true
edition-target:lang:kea-Latn-CV:variety:cape-verdean-kriolu,Cape Verdean Kriolu,kea-Latn-CV,0.000000,8200000000.000000,,,,,UNRANKED_PRIMARY_ORDER_GATE,UNRANKED_PRIMARY_ORDER_GATE,MODEL_CONDITIONAL_WORLD_CEILING,unranked_context,UNRANKED_PRIMARY_ORDER_GATE,,,,,,,,,,,,,false,false,NONE,,,,,,,true
edition-target:lang:kek-BZ,Belize Q’eqchi’,kek-BZ,0.000000,1640000000.000000,,,,,UNRANKED_PRIMARY_ORDER_GATE,UNRANKED_PRIMARY_ORDER_GATE,MODEL_CONDITIONAL_WORLD_CEILING,unranked_context,UNRANKED_PRIMARY_ORDER_GATE,,,,,,,,,,,,,false,false,NONE,,,,,,,true
edition-target:lang:ki-Latn-KE,Gĩkũyũ,ki-Latn-KE,0.000000,4109463.785714,,,,,UNRANKED_PRIMARY_ORDER_GATE,UNRANKED_PRIMARY_ORDER_GATE,MODEL_CONDITIONAL_TERRITORIAL_CEILING,unranked_context,UNRANKED_PRIMARY_ORDER_GATE,,,,,,,,,,,,,false,false,NONE,,,,,,,true
edition-target:lang:kj-Latn-AO,Oshikwanyama,kj-Latn-AO,0.000000,1171428571.428571,,,,,UNRANKED_PRIMARY_ORDER_GATE,UNRANKED_PRIMARY_ORDER_GATE,MODEL_CONDITIONAL_WORLD_CEILING,unranked_context,UNRANKED_PRIMARY_ORDER_GATE,,,,,,,,,,,,,false,false,NONE,,,,,,,true
edition-target:lang:kj-Latn-NA,Oshikwanyama,kj-Latn-NA,0.000000,1366666666.666667,,,,,UNRANKED_PRIMARY_ORDER_GATE,UNRANKED_PRIMARY_ORDER_GATE,MODEL_CONDITIONAL_WORLD_CEILING,unranked_context,UNRANKED_PRIMARY_ORDER_GATE,,,,,,,,,,,,,false,false,NONE,,,,,,,true
edition-target:lang:kjg-Latn-LA,Khmu,kjg-Latn-LA,0.000000,2733333333.333333,,,,,UNRANKED_PRIMARY_ORDER_GATE,UNRANKED_PRIMARY_ORDER_GATE,MODEL_CONDITIONAL_WORLD_CEILING,unranked_context,UNRANKED_PRIMARY_ORDER_GATE,,,,,,,,,,,,,false,false,NONE,,,,,,,true
edition-target:lang:kl-Latn-GL,Kalaallisut,kl-Latn-GL,0.000000,8200000000.000000,,,,,UNRANKED_PRIMARY_ORDER_GATE,UNRANKED_PRIMARY_ORDER_GATE,MODEL_CONDITIONAL_WORLD_CEILING,unranked_context,UNRANKED_PRIMARY_ORDER_GATE,,,,,,,,,,,,,false,false,NONE,,,,,,,true
edition-target:lang:km-Khmr-VN-x-krom,Khmer Krom,km-Khmr-VN-x-krom,0.000000,8466543.916667,,,,,UNRANKED_PRIMARY_ORDER_GATE,UNRANKED_PRIMARY_ORDER_GATE,MODEL_CONDITIONAL_TERRITORIAL_CEILING,unranked_context,UNRANKED_PRIMARY_ORDER_GATE,,,,,,,,,,,,,false,false,NONE,,,,,,,true
edition-target:lang:kmb-Latn-AO,Kimbundu,kmb-Latn-AO,0.000000,1171428571.428571,,,,,UNRANKED_PRIMARY_ORDER_GATE,UNRANKED_PRIMARY_ORDER_GATE,MODEL_CONDITIONAL_WORLD_CEILING,unranked_context,UNRANKED_PRIMARY_ORDER_GATE,,,,,,,,,,,,,false,false,NONE,,,,,,,true
edition-target:lang:knc-Arab-NE,Yerwa,knc-Arab-NE,0.000000,745454545.454545,,,,,UNRANKED_PRIMARY_ORDER_GATE,UNRANKED_PRIMARY_ORDER_GATE,MODEL_CONDITIONAL_WORLD_CEILING,unranked_context,UNRANKED_PRIMARY_ORDER_GATE,,,,,,,,,,,,,false,false,NONE,,,,,,,true
edition-target:lang:knc-Arab-NG,Yerwa,knc-Arab-NG,0.000000,7197811.575758,,,,,UNRANKED_PRIMARY_ORDER_GATE,UNRANKED_PRIMARY_ORDER_GATE,MODEL_CONDITIONAL_TERRITORIAL_CEILING,unranked_context,UNRANKED_PRIMARY_ORDER_GATE,,,,,,,,,,,,,false,false,NONE,,,,,,,true
edition-target:lang:knc-Arab-TD,Yerwa,knc-Arab-TD,0.000000,585714285.714286,,,,,UNRANKED_PRIMARY_ORDER_GATE,UNRANKED_PRIMARY_ORDER_GATE,MODEL_CONDITIONAL_WORLD_CEILING,unranked_context,UNRANKED_PRIMARY_ORDER_GATE,,,,,,,,,,,,,false,false,NONE,,,,,,,true
edition-target:lang:knc-Latn-CM,Yerwa,knc-Latn-CM,0.000000,630769230.769231,,,,,UNRANKED_PRIMARY_ORDER_GATE,UNRANKED_PRIMARY_ORDER_GATE,MODEL_CONDITIONAL_WORLD_CEILING,unranked_context,UNRANKED_PRIMARY_ORDER_GATE,,,,,,,,,,,,,false,false,NONE,,,,,,,true
edition-target:lang:knc-Latn-NE,Yerwa,knc-Latn-NE,0.000000,745454545.454545,,,,,UNRANKED_PRIMARY_ORDER_GATE,UNRANKED_PRIMARY_ORDER_GATE,MODEL_CONDITIONAL_WORLD_CEILING,unranked_context,UNRANKED_PRIMARY_ORDER_GATE,,,,,,,,,,,,,false,false,NONE,,,,,,,true
edition-target:lang:knc-Latn-NG,Yerwa,knc-Latn-NG,0.000000,7197811.575758,,,,,UNRANKED_PRIMARY_ORDER_GATE,UNRANKED_PRIMARY_ORDER_GATE,MODEL_CONDITIONAL_TERRITORIAL_CEILING,unranked_context,UNRANKED_PRIMARY_ORDER_GATE,,,,,,,,,,,,,false,false,NONE,,,,,,,true
edition-target:lang:knc-Latn-TD,Yerwa,knc-Latn-TD,0.000000,585714285.714286,,,,,UNRANKED_PRIMARY_ORDER_GATE,UNRANKED_PRIMARY_ORDER_GATE,MODEL_CONDITIONAL_WORLD_CEILING,unranked_context,UNRANKED_PRIMARY_ORDER_GATE,,,,,,,,,,,,,false,false,NONE,,,,,,,true
edition-target:lang:kng-Latn-AO,Koongo,kng-Latn-AO,0.000000,1171428571.428571,,,,,UNRANKED_PRIMARY_ORDER_GATE,UNRANKED_PRIMARY_ORDER_GATE,MODEL_CONDITIONAL_WORLD_CEILING,unranked_context,UNRANKED_PRIMARY_ORDER_GATE,,,,,,,,,,,,,false,false,NONE,,,,,,,true
edition-target:lang:ko-Kore-001,Korean,ko-Kore-001,0.000000,8200000000.000000,,,,,UNRANKED_PRIMARY_ORDER_GATE,UNRANKED_PRIMARY_ORDER_GATE,MODEL_CONDITIONAL_WORLD_CEILING,unranked_context,UNRANKED_PRIMARY_ORDER_GATE,,,,,,,,,,,,,false,false,NONE,,,,,,,true
edition-target:lang:kpg-Latn-FM,Kapingamarangi,kpg-Latn-FM,0.000000,630769230.769231,,,,,UNRANKED_PRIMARY_ORDER_GATE,UNRANKED_PRIMARY_ORDER_GATE,MODEL_CONDITIONAL_WORLD_CEILING,unranked_context,UNRANKED_PRIMARY_ORDER_GATE,,,,,,,,,,,,,false,false,NONE,,,,,,,true
edition-target:lang:kpy-RU,Koryak — exact local variety required,kpy-RU,0.000000,5979722.000000,,,,,UNRANKED_PRIMARY_ORDER_GATE,UNRANKED_PRIMARY_ORDER_GATE,MODEL_CONDITIONAL_TERRITORIAL_CEILING,unranked_context,UNRANKED_PRIMARY_ORDER_GATE,,,,,,,,,,,,,false,false,NONE,,,,,,,true
edition-target:lang:kri-Latn-GM:variety:aku,Aku — Gambia,kri-Latn-GM,0.000000,2050000000.000000,,,,,UNRANKED_PRIMARY_ORDER_GATE,UNRANKED_PRIMARY_ORDER_GATE,MODEL_CONDITIONAL_WORLD_CEILING,unranked_context,UNRANKED_PRIMARY_ORDER_GATE,,,,,,,,,,,,,false,false,NONE,,,,,,,true
edition-target:lang:kri-Latn-SL,Krio,kri-Latn-SL,0.000000,2050000000.000000,,,,,UNRANKED_PRIMARY_ORDER_GATE,UNRANKED_PRIMARY_ORDER_GATE,MODEL_CONDITIONAL_WORLD_CEILING,unranked_context,UNRANKED_PRIMARY_ORDER_GATE,,,,,,,,,,,,,false,false,NONE,,,,,,,true
edition-target:lang:krj-Latn-PH,Kinaray-a,krj-Latn-PH,0.000000,6488164.555556,,,,,UNRANKED_PRIMARY_ORDER_GATE,UNRANKED_PRIMARY_ORDER_GATE,MODEL_CONDITIONAL_TERRITORIAL_CEILING,unranked_context,UNRANKED_PRIMARY_ORDER_GATE,,,,,,,,,,,,,false,false,NONE,,,,,,,true
edition-target:lang:ksw-Mymr-MM,S'gaw Karen,ksw-Mymr-MM,0.000000,4570887.333333,,,,,UNRANKED_PRIMARY_ORDER_GATE,UNRANKED_PRIMARY_ORDER_GATE,MODEL_CONDITIONAL_TERRITORIAL_CEILING,unranked_context,UNRANKED_PRIMARY_ORDER_GATE,,,,,,,,,,,,,false,false,NONE,,,,,,,true
edition-target:lang:ktb-Latn-ET,Kambaata,ktb-Latn-ET,0.000000,7130107.947368,,,,,UNRANKED_PRIMARY_ORDER_GATE,UNRANKED_PRIMARY_ORDER_GATE,MODEL_CONDITIONAL_TERRITORIAL_CEILING,unranked_context,UNRANKED_PRIMARY_ORDER_GATE,,,,,,,,,,,,,false,false,NONE,,,,,,,true
edition-target:lang:ktu-Latn-CD,Kikongo ya Leta,ktu-Latn-CD,0.000000,6268470.722222,,,,,UNRANKED_PRIMARY_ORDER_GATE,UNRANKED_PRIMARY_ORDER_GATE,MODEL_CONDITIONAL_TERRITORIAL_CEILING,unranked_context,UNRANKED_PRIMARY_ORDER_GATE,,,,,,,,,,,,,false,false,NONE,,,,,,,true
edition-target:lang:ktz-Latn-BW,Juǀ'hoan,ktz-Latn-BW,0.000000,1366666666.666667,,,,,UNRANKED_PRIMARY_ORDER_GATE,UNRANKED_PRIMARY_ORDER_GATE,MODEL_CONDITIONAL_WORLD_CEILING,unranked_context,UNRANKED_PRIMARY_ORDER_GATE,,,,,,,,,,,,,false,false,NONE,,,,,,,true
edition-target:lang:ktz-Latn-NA,Juǀ'hoan,ktz-Latn-NA,0.000000,1366666666.666667,,,,,UNRANKED_PRIMARY_ORDER_GATE,UNRANKED_PRIMARY_ORDER_GATE,MODEL_CONDITIONAL_WORLD_CEILING,unranked_context,UNRANKED_PRIMARY_ORDER_GATE,,,,,,,,,,,,,false,false,NONE,,,,,,,true
edition-target:lang:ku-001,Kurdish varieties,ku-001,0.000000,28626185.333333,,,,,UNRANKED_PRIMARY_ORDER_GATE,UNRANKED_PRIMARY_ORDER_GATE,MODEL_CONDITIONAL_TERRITORIAL_CEILING,unranked_context,UNRANKED_PRIMARY_ORDER_GATE,,,,,,,,,,,,,false,false,NONE,,,,,,,true
edition-target:lang:kun-Latn-ER,Kunama,kun-Latn-ER,0.000000,1171428571.428571,,,,,UNRANKED_PRIMARY_ORDER_GATE,UNRANKED_PRIMARY_ORDER_GATE,MODEL_CONDITIONAL_WORLD_CEILING,unranked_context,UNRANKED_PRIMARY_ORDER_GATE,,,,,,,,,,,,,false,false,NONE,,,,,,,true
edition-target:lang:kuz-CL,Ckunza,kuz-CL,0.000000,1171428571.428571,,,,,UNRANKED_PRIMARY_ORDER_GATE,UNRANKED_PRIMARY_ORDER_GATE,MODEL_CONDITIONAL_WORLD_CEILING,unranked_context,UNRANKED_PRIMARY_ORDER_GATE,,,,,,,,,,,,,false,false,NONE,,,,,,,true
edition-target:lang:kwy-Latn-AO,San Salvador Kongo,kwy-Latn-AO,0.000000,1171428571.428571,,,,,UNRANKED_PRIMARY_ORDER_GATE,UNRANKED_PRIMARY_ORDER_GATE,MODEL_CONDITIONAL_WORLD_CEILING,unranked_context,UNRANKED_PRIMARY_ORDER_GATE,,,,,,,,,,,,,false,false,NONE,,,,,,,true
edition-target:lang:kxd-Latn-BN,Brunei Malay,kxd-Latn-BN,0.000000,4100000000.000000,,,,,UNRANKED_PRIMARY_ORDER_GATE,UNRANKED_PRIMARY_ORDER_GATE,MODEL_CONDITIONAL_WORLD_CEILING,unranked_context,UNRANKED_PRIMARY_ORDER_GATE,,,,,,,,,,,,,false,false,NONE,,,,,,,true
edition-target:lang:kxm-Khmr-TH,Northern Khmer,kxm-Khmr-TH,0.000000,10231409.000000,,,,,UNRANKED_PRIMARY_ORDER_GATE,UNRANKED_PRIMARY_ORDER_GATE,MODEL_CONDITIONAL_TERRITORIAL_CEILING,unranked_context,UNRANKED_PRIMARY_ORDER_GATE,,,,,,,,,,,,,false,false,NONE,,,,,,,true
edition-target:lang:lb-Latn-LU,Luxembourgish,lb-Latn-LU,0.000000,8200000000.000000,,,,,UNRANKED_PRIMARY_ORDER_GATE,UNRANKED_PRIMARY_ORDER_GATE,MODEL_CONDITIONAL_WORLD_CEILING,unranked_context,UNRANKED_PRIMARY_ORDER_GATE,,,,,,,,,,,,,false,false,NONE,,,,,,,true
edition-target:lang:ldi-Latn-CG,Laari,ldi-Latn-CG,0.000000,2050000000.000000,,,,,UNRANKED_PRIMARY_ORDER_GATE,UNRANKED_PRIMARY_ORDER_GATE,MODEL_CONDITIONAL_WORLD_CEILING,unranked_context,UNRANKED_PRIMARY_ORDER_GATE,,,,,,,,,,,,,false,false,NONE,,,,,,,true
edition-target:lang:lg-Latn-UG,Luganda,lg-Latn-UG,0.000000,6423111.750000,,,,,UNRANKED_PRIMARY_ORDER_GATE,UNRANKED_PRIMARY_ORDER_GATE,MODEL_CONDITIONAL_TERRITORIAL_CEILING,unranked_context,UNRANKED_PRIMARY_ORDER_GATE,,,,,,,,,,,,,false,false,NONE,,,,,,,true
edition-target:lang:lkt-US,Lakota,lkt-US,0.000000,13671394.280000,,,,,UNRANKED_PRIMARY_ORDER_GATE,UNRANKED_PRIMARY_ORDER_GATE,MODEL_CONDITIONAL_TERRITORIAL_CEILING,unranked_context,UNRANKED_PRIMARY_ORDER_GATE,,,,,,,,,,,,,false,false,NONE,,,,,,,true
edition-target:lang:ln-Latn-CD,Lingala — DRC,ln-Latn-CD,0.000000,6268470.722222,,,,,UNRANKED_PRIMARY_ORDER_GATE,UNRANKED_PRIMARY_ORDER_GATE,MODEL_CONDITIONAL_TERRITORIAL_CEILING,unranked_context,UNRANKED_PRIMARY_ORDER_GATE,,,,,,,,,,,,,false,false,NONE,,,,,,,true
edition-target:lang:ln-Latn-CD:variety:drc-standard-lingala,DRC Standard Lingala,ln-Latn-CD,0.000000,6268470.722222,,,,,UNRANKED_PRIMARY_ORDER_GATE,UNRANKED_PRIMARY_ORDER_GATE,MODEL_CONDITIONAL_TERRITORIAL_CEILING,unranked_context,UNRANKED_PRIMARY_ORDER_GATE,,,,,,,,,,,,,false,false,NONE,,,,,,,true
edition-target:lang:ln-Latn-CD:variety:kinshasa-lingala,Kinshasa Lingala,ln-Latn-CD,0.000000,6268470.722222,,,,,UNRANKED_PRIMARY_ORDER_GATE,UNRANKED_PRIMARY_ORDER_GATE,MODEL_CONDITIONAL_TERRITORIAL_CEILING,unranked_context,UNRANKED_PRIMARY_ORDER_GATE,,,,,,,,,,,,,false,false,NONE,,,,,,,true
edition-target:lang:ln-Latn-CG,Republic of Congo Lingala,ln-Latn-CG,0.000000,2050000000.000000,,,,,UNRANKED_PRIMARY_ORDER_GATE,UNRANKED_PRIMARY_ORDER_GATE,MODEL_CONDITIONAL_WORLD_CEILING,unranked_context,UNRANKED_PRIMARY_ORDER_GATE,,,,,,,,,,,,,false,false,NONE,,,,,,,true
edition-target:lang:lns-Latn-CM,Lamnso',lns-Latn-CM,0.000000,630769230.769231,,,,,UNRANKED_PRIMARY_ORDER_GATE,UNRANKED_PRIMARY_ORDER_GATE,MODEL_CONDITIONAL_WORLD_CEILING,unranked_context,UNRANKED_PRIMARY_ORDER_GATE,,,,,,,,,,,,,false,false,NONE,,,,,,,true
edition-target:lang:lo-Laoo-LA,Lao,lo-Laoo-LA,0.000000,2733333333.333333,,,,,UNRANKED_PRIMARY_ORDER_GATE,UNRANKED_PRIMARY_ORDER_GATE,MODEL_CONDITIONAL_WORLD_CEILING,unranked_context,UNRANKED_PRIMARY_ORDER_GATE,,,,,,,,,,,,,false,false,NONE,,,,,,,true
edition-target:lang:lol-Latn-CD,Mongo,lol-Latn-CD,0.000000,6268470.722222,,,,,UNRANKED_PRIMARY_ORDER_GATE,UNRANKED_PRIMARY_ORDER_GATE,MODEL_CONDITIONAL_TERRITORIAL_CEILING,unranked_context,UNRANKED_PRIMARY_ORDER_GATE,,,,,,,,,,,,,false,false,NONE,,,,,,,true
edition-target:lang:loz-Latn-ZM,Lozi,loz-Latn-ZM,0.000000,1366666666.666667,,,,,UNRANKED_PRIMARY_ORDER_GATE,UNRANKED_PRIMARY_ORDER_GATE,MODEL_CONDITIONAL_WORLD_CEILING,unranked_context,UNRANKED_PRIMARY_ORDER_GATE,,,,,,,,,,,,,false,false,NONE,,,,,,,true
edition-target:lang:lsb-BI,Burundian Sign Language,lsb-BI,0.000000,2733333333.333333,,,,,UNRANKED_PRIMARY_ORDER_GATE,UNRANKED_PRIMARY_ORDER_GATE,MODEL_CONDITIONAL_WORLD_CEILING,unranked_context,UNRANKED_PRIMARY_ORDER_GATE,,,,,,,,,,,,,false,false,NONE,,,,,,,true
edition-target:lang:lu-Latn-CD,Luba-Katanga,lu-Latn-CD,0.000000,6268470.722222,,,,,UNRANKED_PRIMARY_ORDER_GATE,UNRANKED_PRIMARY_ORDER_GATE,MODEL_CONDITIONAL_TERRITORIAL_CEILING,unranked_context,UNRANKED_PRIMARY_ORDER_GATE,,,,,,,,,,,,,false,false,NONE,,,,,,,true
edition-target:lang:lua-Latn-CD,Tshiluba,lua-Latn-CD,0.000000,6268470.722222,,,,,UNRANKED_PRIMARY_ORDER_GATE,UNRANKED_PRIMARY_ORDER_GATE,MODEL_CONDITIONAL_TERRITORIAL_CEILING,unranked_context,UNRANKED_PRIMARY_ORDER_GATE,,,,,,,,,,,,,false,false,NONE,,,,,,,true
edition-target:lang:luo-Latn-KE,Dholuo,luo-Latn-KE,0.000000,4109463.785714,,,,,UNRANKED_PRIMARY_ORDER_GATE,UNRANKED_PRIMARY_ORDER_GATE,MODEL_CONDITIONAL_TERRITORIAL_CEILING,unranked_context,UNRANKED_PRIMARY_ORDER_GATE,,,,,,,,,,,,,false,false,NONE,,,,,,,true
edition-target:lang:mas-Latn-KE,Maasai,mas-Latn-KE,0.000000,4109463.785714,,,,,UNRANKED_PRIMARY_ORDER_GATE,UNRANKED_PRIMARY_ORDER_GATE,MODEL_CONDITIONAL_TERRITORIAL_CEILING,unranked_context,UNRANKED_PRIMARY_ORDER_GATE,,,,,,,,,,,,,false,false,NONE,,,,,,,true
edition-target:lang:mas-Latn-TZ,Maasai,mas-Latn-TZ,0.000000,5038990.357143,,,,,UNRANKED_PRIMARY_ORDER_GATE,UNRANKED_PRIMARY_ORDER_GATE,MODEL_CONDITIONAL_TERRITORIAL_CEILING,unranked_context,UNRANKED_PRIMARY_ORDER_GATE,,,,,,,,,,,,,false,false,NONE,,,,,,,true
edition-target:lang:mav-BR,Sateré-Mawé,mav-BR,0.000000,11200652.894737,,,,,UNRANKED_PRIMARY_ORDER_GATE,UNRANKED_PRIMARY_ORDER_GATE,MODEL_CONDITIONAL_TERRITORIAL_CEILING,unranked_context,UNRANKED_PRIMARY_ORDER_GATE,,,,,,,,,,,,,false,false,NONE,,,,,,,true
edition-target:lang:mch-VE,Ye’kwana,mch-VE,0.000000,820000000.000000,,,,,UNRANKED_PRIMARY_ORDER_GATE,UNRANKED_PRIMARY_ORDER_GATE,MODEL_CONDITIONAL_WORLD_CEILING,unranked_context,UNRANKED_PRIMARY_ORDER_GATE,,,,,,,,,,,,,false,false,NONE,,,,,,,true
edition-target:lang:mdh-Latn-PH,Maguindanaon,mdh-Latn-PH,0.000000,6488164.555556,,,,,UNRANKED_PRIMARY_ORDER_GATE,UNRANKED_PRIMARY_ORDER_GATE,MODEL_CONDITIONAL_TERRITORIAL_CEILING,unranked_context,UNRANKED_PRIMARY_ORDER_GATE,,,,,,,,,,,,,false,false,NONE,,,,,,,true
edition-target:lang:mdw-Latn-CG,Mbochi,mdw-Latn-CG,0.000000,2050000000.000000,,,,,UNRANKED_PRIMARY_ORDER_GATE,UNRANKED_PRIMARY_ORDER_GATE,MODEL_CONDITIONAL_WORLD_CEILING,unranked_context,UNRANKED_PRIMARY_ORDER_GATE,,,,,,,,,,,,,false,false,NONE,,,,,,,true
edition-target:lang:men-Latn-SL,Mende,men-Latn-SL,0.000000,2050000000.000000,,,,,UNRANKED_PRIMARY_ORDER_GATE,UNRANKED_PRIMARY_ORDER_GATE,MODEL_CONDITIONAL_WORLD_CEILING,unranked_context,UNRANKED_PRIMARY_ORDER_GATE,,,,,,,,,,,,,false,false,NONE,,,,,,,true
edition-target:lang:men-Mend-SL,Mende,men-Mend-SL,0.000000,2050000000.000000,,,,,UNRANKED_PRIMARY_ORDER_GATE,UNRANKED_PRIMARY_ORDER_GATE,MODEL_CONDITIONAL_WORLD_CEILING,unranked_context,UNRANKED_PRIMARY_ORDER_GATE,,,,,,,,,,,,,false,false,NONE,,,,,,,true
edition-target:lang:mey-Arab-MR,Hassaniya Arabic,mey-Arab-MR,0.000000,911111111.111111,,,,,UNRANKED_PRIMARY_ORDER_GATE,UNRANKED_PRIMARY_ORDER_GATE,MODEL_CONDITIONAL_WORLD_CEILING,unranked_context,UNRANKED_PRIMARY_ORDER_GATE,,,,,,,,,,,,,false,false,NONE,,,,,,,true
edition-target:lang:mey-Latn-MR,Hassaniya Arabic,mey-Latn-MR,0.000000,911111111.111111,,,,,UNRANKED_PRIMARY_ORDER_GATE,UNRANKED_PRIMARY_ORDER_GATE,MODEL_CONDITIONAL_WORLD_CEILING,unranked_context,UNRANKED_PRIMARY_ORDER_GATE,,,,,,,,,,,,,false,false,NONE,,,,,,,true
edition-target:lang:mfa-Arab-TH,Pattani Malay,mfa-Arab-TH,0.000000,10231409.000000,,,,,UNRANKED_PRIMARY_ORDER_GATE,UNRANKED_PRIMARY_ORDER_GATE,MODEL_CONDITIONAL_TERRITORIAL_CEILING,unranked_context,UNRANKED_PRIMARY_ORDER_GATE,,,,,,,,,,,,,false,false,NONE,,,,,,,true
edition-target:lang:mfa-Latn-TH,Pattani Malay,mfa-Latn-TH,0.000000,10231409.000000,,,,,UNRANKED_PRIMARY_ORDER_GATE,UNRANKED_PRIMARY_ORDER_GATE,MODEL_CONDITIONAL_TERRITORIAL_CEILING,unranked_context,UNRANKED_PRIMARY_ORDER_GATE,,,,,,,,,,,,,false,false,NONE,,,,,,,true
edition-target:lang:mfe-Latn-MU-x-agalega,Agalega Creole,mfe-Latn-MU-x-agalega,0.000000,2050000000.000000,,,,,UNRANKED_PRIMARY_ORDER_GATE,UNRANKED_PRIMARY_ORDER_GATE,MODEL_CONDITIONAL_WORLD_CEILING,unranked_context,UNRANKED_PRIMARY_ORDER_GATE,,,,,,,,,,,,,false,false,NONE,,,,,,,true
edition-target:lang:mfe-Latn-MU-x-rodrigues,Kreol Rodriguais,mfe-Latn-MU-x-rodrigues,0.000000,2050000000.000000,,,,,UNRANKED_PRIMARY_ORDER_GATE,UNRANKED_PRIMARY_ORDER_GATE,MODEL_CONDITIONAL_WORLD_CEILING,unranked_context,UNRANKED_PRIMARY_ORDER_GATE,,,,,,,,,,,,,false,false,NONE,,,,,,,true
edition-target:lang:mfs-MX,Mexican Sign Language,mfs-MX,0.000000,4398230.000000,,,,,UNRANKED_PRIMARY_ORDER_GATE,UNRANKED_PRIMARY_ORDER_GATE,MODEL_CONDITIONAL_TERRITORIAL_CEILING,unranked_context,UNRANKED_PRIMARY_ORDER_GATE,,,,,,,,,,,,,false,false,NONE,,,,,,,true
edition-target:lang:miq-HN,Honduras Miskitu,miq-HN,0.000000,1640000000.000000,,,,,UNRANKED_PRIMARY_ORDER_GATE,UNRANKED_PRIMARY_ORDER_GATE,MODEL_CONDITIONAL_WORLD_CEILING,unranked_context,UNRANKED_PRIMARY_ORDER_GATE,,,,,,,,,,,,,false,false,NONE,,,,,,,true
edition-target:lang:miq-NI,Nicaragua Miskitu,miq-NI,0.000000,4100000000.000000,,,,,UNRANKED_PRIMARY_ORDER_GATE,UNRANKED_PRIMARY_ORDER_GATE,MODEL_CONDITIONAL_WORLD_CEILING,unranked_context,UNRANKED_PRIMARY_ORDER_GATE,,,,,,,,,,,,,false,false,NONE,,,,,,,true
edition-target:lang:mkj-Latn-FM,Mokilese,mkj-Latn-FM,0.000000,630769230.769231,,,,,UNRANKED_PRIMARY_ORDER_GATE,UNRANKED_PRIMARY_ORDER_GATE,MODEL_CONDITIONAL_WORLD_CEILING,unranked_context,UNRANKED_PRIMARY_ORDER_GATE,,,,,,,,,,,,,false,false,NONE,,,,,,,true
edition-target:lang:mkw-Latn-CG,Kituba,mkw-Latn-CG,0.000000,2050000000.000000,,,,,UNRANKED_PRIMARY_ORDER_GATE,UNRANKED_PRIMARY_ORDER_GATE,MODEL_CONDITIONAL_WORLD_CEILING,unranked_context,UNRANKED_PRIMARY_ORDER_GATE,,,,,,,,,,,,,false,false,NONE,,,,,,,true
edition-target:lang:ml-Mlym-IN-x-jeseri,Jeseri,ml-Mlym-IN-x-jeseri,0.000000,48795517.500000,,,,,UNRANKED_PRIMARY_ORDER_GATE,UNRANKED_PRIMARY_ORDER_GATE,MODEL_CONDITIONAL_TERRITORIAL_CEILING,unranked_context,UNRANKED_PRIMARY_ORDER_GATE,,,,,,,,,,,,,false,false,NONE,,,,,,,true
edition-target:lang:mls-Latn-SD,Masalit,mls-Latn-SD,0.000000,5166214.700000,,,,,UNRANKED_PRIMARY_ORDER_GATE,UNRANKED_PRIMARY_ORDER_GATE,MODEL_CONDITIONAL_TERRITORIAL_CEILING,unranked_context,UNRANKED_PRIMARY_ORDER_GATE,,,,,,,,,,,,,false,false,NONE,,,,,,,true
edition-target:lang:mls-Latn-TD,Masalit,mls-Latn-TD,0.000000,585714285.714286,,,,,UNRANKED_PRIMARY_ORDER_GATE,UNRANKED_PRIMARY_ORDER_GATE,MODEL_CONDITIONAL_WORLD_CEILING,unranked_context,UNRANKED_PRIMARY_ORDER_GATE,,,,,,,,,,,,,false,false,NONE,,,,,,,true
edition-target:lang:mn-Cyrl-MN,Mongolian — Cyrillic Mongolia,mn-Cyrl-MN,0.000000,8200000000.000000,,,,,UNRANKED_PRIMARY_ORDER_GATE,UNRANKED_PRIMARY_ORDER_GATE,MODEL_CONDITIONAL_WORLD_CEILING,unranked_context,UNRANKED_PRIMARY_ORDER_GATE,,,,,,,,,,,,,false,false,NONE,,,,,,,true
edition-target:lang:mn-Mong-CN,Inner Mongolian — traditional script,mn-Mong-CN,0.000000,66980238.095238,,,,,UNRANKED_PRIMARY_ORDER_GATE,UNRANKED_PRIMARY_ORDER_GATE,MODEL_CONDITIONAL_TERRITORIAL_CEILING,unranked_context,UNRANKED_PRIMARY_ORDER_GATE,,,,,,,,,,,,,false,false,NONE,,,,,,,true
edition-target:lang:mnk-Latn-GM,Mandinka,mnk-Latn-GM,0.000000,2050000000.000000,,,,,UNRANKED_PRIMARY_ORDER_GATE,UNRANKED_PRIMARY_ORDER_GATE,MODEL_CONDITIONAL_WORLD_CEILING,unranked_context,UNRANKED_PRIMARY_ORDER_GATE,,,,,,,,,,,,,false,false,NONE,,,,,,,true
edition-target:lang:mnk-Latn-SN,Mandinka,mnk-Latn-SN,0.000000,1171428571.428571,,,,,UNRANKED_PRIMARY_ORDER_GATE,UNRANKED_PRIMARY_ORDER_GATE,MODEL_CONDITIONAL_WORLD_CEILING,unranked_context,UNRANKED_PRIMARY_ORDER_GATE,,,,,,,,,,,,,false,false,NONE,,,,,,,true
edition-target:lang:mns-RU,Mansi — exact local variety required,mns-RU,0.000000,5979722.000000,,,,,UNRANKED_PRIMARY_ORDER_GATE,UNRANKED_PRIMARY_ORDER_GATE,MODEL_CONDITIONAL_TERRITORIAL_CEILING,unranked_context,UNRANKED_PRIMARY_ORDER_GATE,,,,,,,,,,,,,false,false,NONE,,,,,,,true
edition-target:lang:mnw-Mymr-MM,Mon,mnw-Mymr-MM,0.000000,4570887.333333,,,,,UNRANKED_PRIMARY_ORDER_GATE,UNRANKED_PRIMARY_ORDER_GATE,MODEL_CONDITIONAL_TERRITORIAL_CEILING,unranked_context,UNRANKED_PRIMARY_ORDER_GATE,,,,,,,,,,,,,false,false,NONE,,,,,,,true
edition-target:lang:moc-AR,Moqoit,moc-AR,0.000000,1025000000.000000,,,,,UNRANKED_PRIMARY_ORDER_GATE,UNRANKED_PRIMARY_ORDER_GATE,MODEL_CONDITIONAL_WORLD_CEILING,unranked_context,UNRANKED_PRIMARY_ORDER_GATE,,,,,,,,,,,,,false,false,NONE,,,,,,,true
edition-target:lang:mop-BZ,Belize Mopan,mop-BZ,0.000000,1640000000.000000,,,,,UNRANKED_PRIMARY_ORDER_GATE,UNRANKED_PRIMARY_ORDER_GATE,MODEL_CONDITIONAL_WORLD_CEILING,unranked_context,UNRANKED_PRIMARY_ORDER_GATE,,,,,,,,,,,,,false,false,NONE,,,,,,,true
edition-target:lang:mos-Latn-BF,Mooré,mos-Latn-BF,0.000000,4100000000.000000,,,,,UNRANKED_PRIMARY_ORDER_GATE,UNRANKED_PRIMARY_ORDER_GATE,MODEL_CONDITIONAL_WORLD_CEILING,unranked_context,UNRANKED_PRIMARY_ORDER_GATE,,,,,,,,,,,,,false,false,NONE,,,,,,,true
edition-target:lang:mqm-Latn-PF,ʻeo ʻenata,mqm-Latn-PF,0.000000,8200000000.000000,,,,,UNRANKED_PRIMARY_ORDER_GATE,UNRANKED_PRIMARY_ORDER_GATE,MODEL_CONDITIONAL_WORLD_CEILING,unranked_context,UNRANKED_PRIMARY_ORDER_GATE,,,,,,,,,,,,,false,false,NONE,,,,,,,true
edition-target:lang:mrv-Latn-PF,reo Mangareva,mrv-Latn-PF,0.000000,8200000000.000000,,,,,UNRANKED_PRIMARY_ORDER_GATE,UNRANKED_PRIMARY_ORDER_GATE,MODEL_CONDITIONAL_WORLD_CEILING,unranked_context,UNRANKED_PRIMARY_ORDER_GATE,,,,,,,,,,,,,false,false,NONE,,,,,,,true
edition-target:lang:mrw-Latn-PH,Maranao,mrw-Latn-PH,0.000000,6488164.555556,,,,,UNRANKED_PRIMARY_ORDER_GATE,UNRANKED_PRIMARY_ORDER_GATE,MODEL_CONDITIONAL_TERRITORIAL_CEILING,unranked_context,UNRANKED_PRIMARY_ORDER_GATE,,,,,,,,,,,,,false,false,NONE,,,,,,,true
edition-target:lang:ms-Arab-MY,Malaysian Standard Malay,ms-Arab-MY,0.000000,2050000000.000000,,,,,UNRANKED_PRIMARY_ORDER_GATE,UNRANKED_PRIMARY_ORDER_GATE,MODEL_CONDITIONAL_WORLD_CEILING,unranked_context,UNRANKED_PRIMARY_ORDER_GATE,,,,,,,,,,,,,false,false,NONE,,,,,,,true
edition-target:lang:ms-Latn-BN,Standard Malay in Brunei,ms-Latn-BN,0.000000,4100000000.000000,,,,,UNRANKED_PRIMARY_ORDER_GATE,UNRANKED_PRIMARY_ORDER_GATE,MODEL_CONDITIONAL_WORLD_CEILING,unranked_context,UNRANKED_PRIMARY_ORDER_GATE,,,,,,,,,,,,,false,false,NONE,,,,,,,true
edition-target:lang:ms-Latn-MY,Malaysian Standard Malay,ms-Latn-MY,0.000000,2050000000.000000,,,,,UNRANKED_PRIMARY_ORDER_GATE,UNRANKED_PRIMARY_ORDER_GATE,MODEL_CONDITIONAL_WORLD_CEILING,unranked_context,UNRANKED_PRIMARY_ORDER_GATE,,,,,,,,,,,,,false,false,NONE,,,,,,,true
edition-target:lang:ms-Latn-SG,Singapore Malay,ms-Latn-SG,0.000000,8200000000.000000,,,,,UNRANKED_PRIMARY_ORDER_GATE,UNRANKED_PRIMARY_ORDER_GATE,MODEL_CONDITIONAL_WORLD_CEILING,unranked_context,UNRANKED_PRIMARY_ORDER_GATE,,,,,,,,,,,,,false,false,NONE,,,,,,,true
edition-target:lang:mtp-AR,Weenhayek,mtp-AR,0.000000,1025000000.000000,,,,,UNRANKED_PRIMARY_ORDER_GATE,UNRANKED_PRIMARY_ORDER_GATE,MODEL_CONDITIONAL_WORLD_CEILING,unranked_context,UNRANKED_PRIMARY_ORDER_GATE,,,,,,,,,,,,,false,false,NONE,,,,,,,true
edition-target:lang:mwk-Latn-ML,Kita Maninkakan,mwk-Latn-ML,0.000000,911111111.111111,,,,,UNRANKED_PRIMARY_ORDER_GATE,UNRANKED_PRIMARY_ORDER_GATE,MODEL_CONDITIONAL_WORLD_CEILING,unranked_context,UNRANKED_PRIMARY_ORDER_GATE,,,,,,,,,,,,,false,false,NONE,,,,,,,true
edition-target:lang:mwp-Latn-AU,Kalaw Lagaw Ya,mwp-Latn-AU,0.000000,1366666666.666667,,,,,UNRANKED_PRIMARY_ORDER_GATE,UNRANKED_PRIMARY_ORDER_GATE,MODEL_CONDITIONAL_WORLD_CEILING,unranked_context,UNRANKED_PRIMARY_ORDER_GATE,,,,,,,,,,,,,false,false,NONE,,,,,,,true
edition-target:lang:mwp-Latn-AU-x-kalawkawawya,Kalaw Kawaw Ya,mwp-Latn-AU-x-kalawkawawya,0.000000,1366666666.666667,,,,,UNRANKED_PRIMARY_ORDER_GATE,UNRANKED_PRIMARY_ORDER_GATE,MODEL_CONDITIONAL_WORLD_CEILING,unranked_context,UNRANKED_PRIMARY_ORDER_GATE,,,,,,,,,,,,,false,false,NONE,,,,,,,true
edition-target:lang:mye-Latn-GA,Myene,mye-Latn-GA,0.000000,2733333333.333333,,,,,UNRANKED_PRIMARY_ORDER_GATE,UNRANKED_PRIMARY_ORDER_GATE,MODEL_CONDITIONAL_WORLD_CEILING,unranked_context,UNRANKED_PRIMARY_ORDER_GATE,,,,,,,,,,,,,false,false,NONE,,,,,,,true
edition-target:lang:myu-BR,Munduruku,myu-BR,0.000000,11200652.894737,,,,,UNRANKED_PRIMARY_ORDER_GATE,UNRANKED_PRIMARY_ORDER_GATE,MODEL_CONDITIONAL_TERRITORIAL_CEILING,unranked_context,UNRANKED_PRIMARY_ORDER_GATE,,,,,,,,,,,,,false,false,NONE,,,,,,,true
edition-target:lang:mzb-Latn-DZ,Mozabite,mzb-Latn-DZ,0.000000,1025000000.000000,,,,,UNRANKED_PRIMARY_ORDER_GATE,UNRANKED_PRIMARY_ORDER_GATE,MODEL_CONDITIONAL_WORLD_CEILING,unranked_context,UNRANKED_PRIMARY_ORDER_GATE,,,,,,,,,,,,,false,false,NONE,,,,,,,true
edition-target:lang:mzc-MG,Madagascar Sign Language,mzc-MG,0.000000,745454545.454545,,,,,UNRANKED_PRIMARY_ORDER_GATE,UNRANKED_PRIMARY_ORDER_GATE,MODEL_CONDITIONAL_WORLD_CEILING,unranked_context,UNRANKED_PRIMARY_ORDER_GATE,,,,,,,,,,,,,false,false,NONE,,,,,,,true
edition-target:lang:nah-Latn-MX,Nahuatl varieties,nah-Latn-MX,0.000000,4398230.000000,,,,,UNRANKED_PRIMARY_ORDER_GATE,UNRANKED_PRIMARY_ORDER_GATE,MODEL_CONDITIONAL_TERRITORIAL_CEILING,unranked_context,UNRANKED_PRIMARY_ORDER_GATE,,,,,,,,,,,,,false,false,NONE,,,,,,,true
edition-target:lang:nan-Hans-CN,Mainland Southern Min,nan-Hans-CN,0.000000,66980238.095238,,,,,UNRANKED_PRIMARY_ORDER_GATE,UNRANKED_PRIMARY_ORDER_GATE,MODEL_CONDITIONAL_TERRITORIAL_CEILING,unranked_context,UNRANKED_PRIMARY_ORDER_GATE,,,,,,,,,,,,,false,false,NONE,,,,,,,true
edition-target:lang:naq-Latn-NA,Khoekhoegowab,naq-Latn-NA,0.000000,1366666666.666667,,,,,UNRANKED_PRIMARY_ORDER_GATE,UNRANKED_PRIMARY_ORDER_GATE,MODEL_CONDITIONAL_WORLD_CEILING,unranked_context,UNRANKED_PRIMARY_ORDER_GATE,,,,,,,,,,,,,false,false,NONE,,,,,,,true
edition-target:lang:nb-Latn-NO,Norwegian Bokmål,nb-Latn-NO,0.000000,4100000000.000000,,,,,UNRANKED_PRIMARY_ORDER_GATE,UNRANKED_PRIMARY_ORDER_GATE,MODEL_CONDITIONAL_WORLD_CEILING,unranked_context,UNRANKED_PRIMARY_ORDER_GATE,,,,,,,,,,,,,false,false,NONE,,,,,,,true
edition-target:lang:ncb-Latn-IN,Nancowry Nicobarese,ncb-Latn-IN,0.000000,48795517.500000,,,,,UNRANKED_PRIMARY_ORDER_GATE,UNRANKED_PRIMARY_ORDER_GATE,MODEL_CONDITIONAL_TERRITORIAL_CEILING,unranked_context,UNRANKED_PRIMARY_ORDER_GATE,,,,,,,,,,,,,false,false,NONE,,,,,,,true
edition-target:lang:ndc-Latn-ZW,Ndau,ndc-Latn-ZW,0.000000,911111111.111111,,,,,UNRANKED_PRIMARY_ORDER_GATE,UNRANKED_PRIMARY_ORDER_GATE,MODEL_CONDITIONAL_WORLD_CEILING,unranked_context,UNRANKED_PRIMARY_ORDER_GATE,,,,,,,,,,,,,false,false,NONE,,,,,,,true
edition-target:lang:nds-Latn-DE,Low German,nds-Latn-DE,0.000000,20872812.250000,,,,,UNRANKED_PRIMARY_ORDER_GATE,UNRANKED_PRIMARY_ORDER_GATE,MODEL_CONDITIONAL_TERRITORIAL_CEILING,unranked_context,UNRANKED_PRIMARY_ORDER_GATE,,,,,,,,,,,,,false,false,NONE,,,,,,,true
edition-target:lang:ng-Latn-NA,Oshindonga,ng-Latn-NA,0.000000,1366666666.666667,,,,,UNRANKED_PRIMARY_ORDER_GATE,UNRANKED_PRIMARY_ORDER_GATE,MODEL_CONDITIONAL_WORLD_CEILING,unranked_context,UNRANKED_PRIMARY_ORDER_GATE,,,,,,,,,,,,,false,false,NONE,,,,,,,true
edition-target:lang:ngl-Latn-MZ,eLomwe,ngl-Latn-MZ,0.000000,1171428571.428571,,,,,UNRANKED_PRIMARY_ORDER_GATE,UNRANKED_PRIMARY_ORDER_GATE,MODEL_CONDITIONAL_WORLD_CEILING,unranked_context,UNRANKED_PRIMARY_ORDER_GATE,,,,,,,,,,,,,false,false,NONE,,,,,,,true
edition-target:lang:nhr-Latn-BW,Naro,nhr-Latn-BW,0.000000,1366666666.666667,,,,,UNRANKED_PRIMARY_ORDER_GATE,UNRANKED_PRIMARY_ORDER_GATE,MODEL_CONDITIONAL_WORLD_CEILING,unranked_context,UNRANKED_PRIMARY_ORDER_GATE,,,,,,,,,,,,,false,false,NONE,,,,,,,true
edition-target:lang:niu-Latn-NU,Vagahau Niue,niu-Latn-NU,0.000000,8200000000.000000,,,,,UNRANKED_PRIMARY_ORDER_GATE,UNRANKED_PRIMARY_ORDER_GATE,MODEL_CONDITIONAL_WORLD_CEILING,unranked_context,UNRANKED_PRIMARY_ORDER_GATE,,,,,,,,,,,,,false,false,NONE,,,,,,,true
edition-target:lang:niv-RU:variety:amur-nivkh,Amur Nivkh,niv-RU,0.000000,5979722.000000,,,,,UNRANKED_PRIMARY_ORDER_GATE,UNRANKED_PRIMARY_ORDER_GATE,MODEL_CONDITIONAL_TERRITORIAL_CEILING,unranked_context,UNRANKED_PRIMARY_ORDER_GATE,,,,,,,,,,,,,false,false,NONE,,,,,,,true
edition-target:lang:niv-RU:variety:sakhalin-nivkh,Sakhalin Nivkh,niv-RU,0.000000,5979722.000000,,,,,UNRANKED_PRIMARY_ORDER_GATE,UNRANKED_PRIMARY_ORDER_GATE,MODEL_CONDITIONAL_TERRITORIAL_CEILING,unranked_context,UNRANKED_PRIMARY_ORDER_GATE,,,,,,,,,,,,,false,false,NONE,,,,,,,true
edition-target:lang:nkr-Latn-FM,Nukuoro,nkr-Latn-FM,0.000000,630769230.769231,,,,,UNRANKED_PRIMARY_ORDER_GATE,UNRANKED_PRIMARY_ORDER_GATE,MODEL_CONDITIONAL_WORLD_CEILING,unranked_context,UNRANKED_PRIMARY_ORDER_GATE,,,,,,,,,,,,,false,false,NONE,,,,,,,true
edition-target:lang:nl-Latn-NL,Dutch,nl-Latn-NL,0.000000,2733333333.333333,,,,,UNRANKED_PRIMARY_ORDER_GATE,UNRANKED_PRIMARY_ORDER_GATE,MODEL_CONDITIONAL_WORLD_CEILING,unranked_context,UNRANKED_PRIMARY_ORDER_GATE,,,,,,,,,,,,,false,false,NONE,,,,,,,true
edition-target:lang:nmn-Latn-BW,ǃXóõ,nmn-Latn-BW,0.000000,1366666666.666667,,,,,UNRANKED_PRIMARY_ORDER_GATE,UNRANKED_PRIMARY_ORDER_GATE,MODEL_CONDITIONAL_WORLD_CEILING,unranked_context,UNRANKED_PRIMARY_ORDER_GATE,,,,,,,,,,,,,false,false,NONE,,,,,,,true
edition-target:lang:nn-Latn-NO,Norwegian Nynorsk,nn-Latn-NO,0.000000,4100000000.000000,,,,,UNRANKED_PRIMARY_ORDER_GATE,UNRANKED_PRIMARY_ORDER_GATE,MODEL_CONDITIONAL_WORLD_CEILING,unranked_context,UNRANKED_PRIMARY_ORDER_GATE,,,,,,,,,,,,,false,false,NONE,,,,,,,true
edition-target:lang:nnb-Latn-CD,Nande,nnb-Latn-CD,0.000000,6268470.722222,,,,,UNRANKED_PRIMARY_ORDER_GATE,UNRANKED_PRIMARY_ORDER_GATE,MODEL_CONDITIONAL_TERRITORIAL_CEILING,unranked_context,UNRANKED_PRIMARY_ORDER_GATE,,,,,,,,,,,,,false,false,NONE,,,,,,,true
edition-target:lang:noa-CO,Wounaan,noa-CO,0.000000,4452136.250000,,,,,UNRANKED_PRIMARY_ORDER_GATE,UNRANKED_PRIMARY_ORDER_GATE,MODEL_CONDITIONAL_TERRITORIAL_CEILING,unranked_context,UNRANKED_PRIMARY_ORDER_GATE,,,,,,,,,,,,,false,false,NONE,,,,,,,true
edition-target:lang:nod-Thai-TH,Northern Thai,nod-Thai-TH,0.000000,10231409.000000,,,,,UNRANKED_PRIMARY_ORDER_GATE,UNRANKED_PRIMARY_ORDER_GATE,MODEL_CONDITIONAL_TERRITORIAL_CEILING,unranked_context,UNRANKED_PRIMARY_ORDER_GATE,,,,,,,,,,,,,false,false,NONE,,,,,,,true
edition-target:lang:nr-Latn-ZA,isiNdebele,nr-Latn-ZA,0.000000,5395609.916667,,,,,UNRANKED_PRIMARY_ORDER_GATE,UNRANKED_PRIMARY_ORDER_GATE,MODEL_CONDITIONAL_TERRITORIAL_CEILING,unranked_context,UNRANKED_PRIMARY_ORDER_GATE,,,,,,,,,,,,,false,false,NONE,,,,,,,true
edition-target:lang:nrb-Latn-ER,Nara,nrb-Latn-ER,0.000000,1171428571.428571,,,,,UNRANKED_PRIMARY_ORDER_GATE,UNRANKED_PRIMARY_ORDER_GATE,MODEL_CONDITIONAL_WORLD_CEILING,unranked_context,UNRANKED_PRIMARY_ORDER_GATE,,,,,,,,,,,,,false,false,NONE,,,,,,,true
edition-target:lang:nsi-NG,Nigerian Sign Language,nsi-NG,0.000000,7197811.575758,,,,,UNRANKED_PRIMARY_ORDER_GATE,UNRANKED_PRIMARY_ORDER_GATE,MODEL_CONDITIONAL_TERRITORIAL_CEILING,unranked_context,UNRANKED_PRIMARY_ORDER_GATE,,,,,,,,,,,,,false,false,NONE,,,,,,,true
edition-target:lang:nso-Latn-ZA,Sepedi,nso-Latn-ZA,0.000000,5395609.916667,,,,,UNRANKED_PRIMARY_ORDER_GATE,UNRANKED_PRIMARY_ORDER_GATE,MODEL_CONDITIONAL_TERRITORIAL_CEILING,unranked_context,UNRANKED_PRIMARY_ORDER_GATE,,,,,,,,,,,,,false,false,NONE,,,,,,,true
edition-target:lang:num-Latn-TO,Niuafoʻou,num-Latn-TO,0.000000,4100000000.000000,,,,,UNRANKED_PRIMARY_ORDER_GATE,UNRANKED_PRIMARY_ORDER_GATE,MODEL_CONDITIONAL_WORLD_CEILING,unranked_context,UNRANKED_PRIMARY_ORDER_GATE,,,,,,,,,,,,,false,false,NONE,,,,,,,true
edition-target:lang:nup-Latn-NG,Nupe,nup-Latn-NG,0.000000,7197811.575758,,,,,UNRANKED_PRIMARY_ORDER_GATE,UNRANKED_PRIMARY_ORDER_GATE,MODEL_CONDITIONAL_TERRITORIAL_CEILING,unranked_context,UNRANKED_PRIMARY_ORDER_GATE,,,,,,,,,,,,,false,false,NONE,,,,,,,true
edition-target:lang:nus-Latn-ET,Nuer,nus-Latn-ET,0.000000,7130107.947368,,,,,UNRANKED_PRIMARY_ORDER_GATE,UNRANKED_PRIMARY_ORDER_GATE,MODEL_CONDITIONAL_TERRITORIAL_CEILING,unranked_context,UNRANKED_PRIMARY_ORDER_GATE,,,,,,,,,,,,,false,false,NONE,,,,,,,true
edition-target:lang:nus-Latn-SS,Nuer,nus-Latn-SS,0.000000,820000000.000000,,,,,UNRANKED_PRIMARY_ORDER_GATE,UNRANKED_PRIMARY_ORDER_GATE,MODEL_CONDITIONAL_WORLD_CEILING,unranked_context,UNRANKED_PRIMARY_ORDER_GATE,,,,,,,,,,,,,false,false,NONE,,,,,,,true
edition-target:lang:nut-Latn-VN,Nùng,nut-Latn-VN,0.000000,8466543.916667,,,,,UNRANKED_PRIMARY_ORDER_GATE,UNRANKED_PRIMARY_ORDER_GATE,MODEL_CONDITIONAL_TERRITORIAL_CEILING,unranked_context,UNRANKED_PRIMARY_ORDER_GATE,,,,,,,,,,,,,false,false,NONE,,,,,,,true
edition-target:lang:ny-Latn-MW,Chichewa,ny-Latn-MW,0.000000,2733333333.333333,,,,,UNRANKED_PRIMARY_ORDER_GATE,UNRANKED_PRIMARY_ORDER_GATE,MODEL_CONDITIONAL_WORLD_CEILING,unranked_context,UNRANKED_PRIMARY_ORDER_GATE,,,,,,,,,,,,,false,false,NONE,,,,,,,true
edition-target:lang:ny-Latn-MZ,Mozambique Nyanja,ny-Latn-MZ,0.000000,1171428571.428571,,,,,UNRANKED_PRIMARY_ORDER_GATE,UNRANKED_PRIMARY_ORDER_GATE,MODEL_CONDITIONAL_WORLD_CEILING,unranked_context,UNRANKED_PRIMARY_ORDER_GATE,,,,,,,,,,,,,false,false,NONE,,,,,,,true
edition-target:lang:ny-Latn-ZM,Zambian Nyanja,ny-Latn-ZM,0.000000,1366666666.666667,,,,,UNRANKED_PRIMARY_ORDER_GATE,UNRANKED_PRIMARY_ORDER_GATE,MODEL_CONDITIONAL_WORLD_CEILING,unranked_context,UNRANKED_PRIMARY_ORDER_GATE,,,,,,,,,,,,,false,false,NONE,,,,,,,true
edition-target:lang:nyn-Latn-UG,Runyankore,nyn-Latn-UG,0.000000,6423111.750000,,,,,UNRANKED_PRIMARY_ORDER_GATE,UNRANKED_PRIMARY_ORDER_GATE,MODEL_CONDITIONAL_TERRITORIAL_CEILING,unranked_context,UNRANKED_PRIMARY_ORDER_GATE,,,,,,,,,,,,,false,false,NONE,,,,,,,true
edition-target:lang:oji-CA,"Ojibway, not otherwise specified",oji-CA,0.000000,303703703.703704,,,,,UNRANKED_PRIMARY_ORDER_GATE,UNRANKED_PRIMARY_ORDER_GATE,MODEL_CONDITIONAL_WORLD_CEILING,unranked_context,UNRANKED_PRIMARY_ORDER_GATE,,,,,,,,,,,,,false,false,NONE,,,,,,,true
edition-target:lang:pag-Latn-PH,Pangasinan,pag-Latn-PH,0.000000,6488164.555556,,,,,UNRANKED_PRIMARY_ORDER_GATE,UNRANKED_PRIMARY_ORDER_GATE,MODEL_CONDITIONAL_TERRITORIAL_CEILING,unranked_context,UNRANKED_PRIMARY_ORDER_GATE,,,,,,,,,,,,,false,false,NONE,,,,,,,true
edition-target:lang:pam-Latn-PH,Kapampangan,pam-Latn-PH,0.000000,6488164.555556,,,,,UNRANKED_PRIMARY_ORDER_GATE,UNRANKED_PRIMARY_ORDER_GATE,MODEL_CONDITIONAL_TERRITORIAL_CEILING,unranked_context,UNRANKED_PRIMARY_ORDER_GATE,,,,,,,,,,,,,false,false,NONE,,,,,,,true
edition-target:lang:pap-BQ,Bonaire Papiamentu,pap-BQ,0.000000,8200000000.000000,,,,,UNRANKED_PRIMARY_ORDER_GATE,UNRANKED_PRIMARY_ORDER_GATE,MODEL_CONDITIONAL_WORLD_CEILING,unranked_context,UNRANKED_PRIMARY_ORDER_GATE,,,,,,,,,,,,,false,false,NONE,,,,,,,true
edition-target:lang:pay-HN,Pech,pay-HN,0.000000,1640000000.000000,,,,,UNRANKED_PRIMARY_ORDER_GATE,UNRANKED_PRIMARY_ORDER_GATE,MODEL_CONDITIONAL_WORLD_CEILING,unranked_context,UNRANKED_PRIMARY_ORDER_GATE,,,,,,,,,,,,,false,false,NONE,,,,,,,true
edition-target:lang:pbb-CO,Nasa Yuwe,pbb-CO,0.000000,4452136.250000,,,,,UNRANKED_PRIMARY_ORDER_GATE,UNRANKED_PRIMARY_ORDER_GATE,MODEL_CONDITIONAL_TERRITORIAL_CEILING,unranked_context,UNRANKED_PRIMARY_ORDER_GATE,,,,,,,,,,,,,false,false,NONE,,,,,,,true
edition-target:lang:pcm-Latn-NG,Nigerian Pidgin,pcm-Latn-NG,0.000000,7197811.575758,,,,,UNRANKED_PRIMARY_ORDER_GATE,UNRANKED_PRIMARY_ORDER_GATE,MODEL_CONDITIONAL_TERRITORIAL_CEILING,unranked_context,UNRANKED_PRIMARY_ORDER_GATE,,,,,,,,,,,,,false,false,NONE,,,,,,,true
edition-target:lang:pcm-Latn-NG:variety:niger-delta-nigerian-pidgin,Niger Delta Nigerian Pidgin,pcm-Latn-NG,0.000000,7197811.575758,,,,,UNRANKED_PRIMARY_ORDER_GATE,UNRANKED_PRIMARY_ORDER_GATE,MODEL_CONDITIONAL_TERRITORIAL_CEILING,unranked_context,UNRANKED_PRIMARY_ORDER_GATE,,,,,,,,,,,,,false,false,NONE,,,,,,,true
edition-target:lang:pcm-Latn-NG:variety:nigerian-pidgin-naija,Nigerian Pidgin,pcm-Latn-NG,0.000000,7197811.575758,,,,,UNRANKED_PRIMARY_ORDER_GATE,UNRANKED_PRIMARY_ORDER_GATE,MODEL_CONDITIONAL_TERRITORIAL_CEILING,unranked_context,UNRANKED_PRIMARY_ORDER_GATE,,,,,,,,,,,,,false,false,NONE,,,,,,,true
edition-target:lang:pdc-Latn-US,Pennsylvania Dutch,pdc-Latn-US,0.000000,13671394.280000,,,,,UNRANKED_PRIMARY_ORDER_GATE,UNRANKED_PRIMARY_ORDER_GATE,MODEL_CONDITIONAL_TERRITORIAL_CEILING,unranked_context,UNRANKED_PRIMARY_ORDER_GATE,,,,,,,,,,,,,false,false,NONE,,,,,,,true
edition-target:lang:pdt-Latn-001,Plautdietsch,pdt-Latn-001,0.000000,8200000000.000000,,,,,UNRANKED_PRIMARY_ORDER_GATE,UNRANKED_PRIMARY_ORDER_GATE,MODEL_CONDITIONAL_WORLD_CEILING,unranked_context,UNRANKED_PRIMARY_ORDER_GATE,,,,,,,,,,,,,false,false,NONE,,,,,,,true
edition-target:lang:pes-Arab-IR,Iranian Persian,pes-Arab-IR,0.000000,30805893.666667,,,,,UNRANKED_PRIMARY_ORDER_GATE,UNRANKED_PRIMARY_ORDER_GATE,MODEL_CONDITIONAL_TERRITORIAL_CEILING,unranked_context,UNRANKED_PRIMARY_ORDER_GATE,,,,,,,,,,,,,false,false,NONE,,,,,,,true
edition-target:lang:pga-Arab-SS,Juba Arabic,pga-Arab-SS,0.000000,820000000.000000,,,,,UNRANKED_PRIMARY_ORDER_GATE,UNRANKED_PRIMARY_ORDER_GATE,MODEL_CONDITIONAL_WORLD_CEILING,unranked_context,UNRANKED_PRIMARY_ORDER_GATE,,,,,,,,,,,,,false,false,NONE,,,,,,,true
edition-target:lang:pga-Latn-SS,Juba Arabic,pga-Latn-SS,0.000000,820000000.000000,,,,,UNRANKED_PRIMARY_ORDER_GATE,UNRANKED_PRIMARY_ORDER_GATE,MODEL_CONDITIONAL_WORLD_CEILING,unranked_context,UNRANKED_PRIMARY_ORDER_GATE,,,,,,,,,,,,,false,false,NONE,,,,,,,true
edition-target:lang:pgz,Papua New Guinea Sign Language,pgz,0.000000,2733333333.333333,,,,,UNRANKED_PRIMARY_ORDER_GATE,UNRANKED_PRIMARY_ORDER_GATE,MODEL_CONDITIONAL_WORLD_CEILING,unranked_context,UNRANKED_PRIMARY_ORDER_GATE,,,,,,,,,,,,,false,false,NONE,,,,,,,true
edition-target:lang:pid-VE,Piaroa,pid-VE,0.000000,820000000.000000,,,,,UNRANKED_PRIMARY_ORDER_GATE,UNRANKED_PRIMARY_ORDER_GATE,MODEL_CONDITIONAL_WORLD_CEILING,unranked_context,UNRANKED_PRIMARY_ORDER_GATE,,,,,,,,,,,,,false,false,NONE,,,,,,,true
edition-target:lang:pif-Latn-FM,Pingelapese,pif-Latn-FM,0.000000,630769230.769231,,,,,UNRANKED_PRIMARY_ORDER_GATE,UNRANKED_PRIMARY_ORDER_GATE,MODEL_CONDITIONAL_WORLD_CEILING,unranked_context,UNRANKED_PRIMARY_ORDER_GATE,,,,,,,,,,,,,false,false,NONE,,,,,,,true
edition-target:lang:pih-Latn-NF,Norf’k,pih-Latn-NF,0.000000,8200000000.000000,,,,,UNRANKED_PRIMARY_ORDER_GATE,UNRANKED_PRIMARY_ORDER_GATE,MODEL_CONDITIONAL_WORLD_CEILING,unranked_context,UNRANKED_PRIMARY_ORDER_GATE,,,,,,,,,,,,,false,false,NONE,,,,,,,true
edition-target:lang:pih-Latn-PN,Pitkern,pih-Latn-PN,0.000000,8200000000.000000,,,,,UNRANKED_PRIMARY_ORDER_GATE,UNRANKED_PRIMARY_ORDER_GATE,MODEL_CONDITIONAL_WORLD_CEILING,unranked_context,UNRANKED_PRIMARY_ORDER_GATE,,,,,,,,,,,,,false,false,NONE,,,,,,,true
edition-target:lang:pkp-Latn-CK,Pukapukan,pkp-Latn-CK,0.000000,8200000000.000000,,,,,UNRANKED_PRIMARY_ORDER_GATE,UNRANKED_PRIMARY_ORDER_GATE,MODEL_CONDITIONAL_WORLD_CEILING,unranked_context,UNRANKED_PRIMARY_ORDER_GATE,,,,,,,,,,,,,false,false,NONE,,,,,,,true
edition-target:lang:pks-PK,Pakistan Sign Language,pks-PK,0.000000,25521955.400000,,,,,UNRANKED_PRIMARY_ORDER_GATE,UNRANKED_PRIMARY_ORDER_GATE,MODEL_CONDITIONAL_TERRITORIAL_CEILING,unranked_context,UNRANKED_PRIMARY_ORDER_GATE,,,,,,,,,,,,,false,false,NONE,,,,,,,true
edition-target:lang:pl-Latn-PL,Polish,pl-Latn-PL,0.000000,8200000000.000000,,,,,UNRANKED_PRIMARY_ORDER_GATE,UNRANKED_PRIMARY_ORDER_GATE,MODEL_CONDITIONAL_WORLD_CEILING,unranked_context,UNRANKED_PRIMARY_ORDER_GATE,,,,,,,,,,,,,false,false,NONE,,,,,,,true
edition-target:lang:plg-AR,Pilagá,plg-AR,0.000000,1025000000.000000,,,,,UNRANKED_PRIMARY_ORDER_GATE,UNRANKED_PRIMARY_ORDER_GATE,MODEL_CONDITIONAL_WORLD_CEILING,unranked_context,UNRANKED_PRIMARY_ORDER_GATE,,,,,,,,,,,,,false,false,NONE,,,,,,,true
edition-target:lang:plt-Latn-MG,Official Standard,plt-Latn-MG,0.000000,745454545.454545,,,,,UNRANKED_PRIMARY_ORDER_GATE,UNRANKED_PRIMARY_ORDER_GATE,MODEL_CONDITIONAL_WORLD_CEILING,unranked_context,UNRANKED_PRIMARY_ORDER_GATE,,,,,,,,,,,,,false,false,NONE,,,,,,,true
edition-target:lang:pmt-Latn-PF,reo Paʻumotu,pmt-Latn-PF,0.000000,8200000000.000000,,,,,UNRANKED_PRIMARY_ORDER_GATE,UNRANKED_PRIMARY_ORDER_GATE,MODEL_CONDITIONAL_WORLD_CEILING,unranked_context,UNRANKED_PRIMARY_ORDER_GATE,,,,,,,,,,,,,false,false,NONE,,,,,,,true
edition-target:lang:pnh-Latn-CK,Penrhyn,pnh-Latn-CK,0.000000,8200000000.000000,,,,,UNRANKED_PRIMARY_ORDER_GATE,UNRANKED_PRIMARY_ORDER_GATE,MODEL_CONDITIONAL_WORLD_CEILING,unranked_context,UNRANKED_PRIMARY_ORDER_GATE,,,,,,,,,,,,,false,false,NONE,,,,,,,true
edition-target:lang:prq-PE,Alto Perené Ashaninka (ISO prq),prq-PE,0.000000,356521739.130435,,,,,UNRANKED_PRIMARY_ORDER_GATE,UNRANKED_PRIMARY_ORDER_GATE,MODEL_CONDITIONAL_WORLD_CEILING,unranked_context,UNRANKED_PRIMARY_ORDER_GATE,,,,,,,,,,,,,false,false,NONE,,,,,,,true
edition-target:lang:prs-Arab-AF,Dari,prs-Arab-AF,0.000000,2733333333.333333,,,,,UNRANKED_PRIMARY_ORDER_GATE,UNRANKED_PRIMARY_ORDER_GATE,MODEL_CONDITIONAL_WORLD_CEILING,unranked_context,UNRANKED_PRIMARY_ORDER_GATE,,,,,,,,,,,,,false,false,NONE,,,,,,,true
edition-target:lang:ps-Arab-AF,Pashto (Afghanistan standard),ps-Arab-AF,0.000000,2733333333.333333,,,,,UNRANKED_PRIMARY_ORDER_GATE,UNRANKED_PRIMARY_ORDER_GATE,MODEL_CONDITIONAL_WORLD_CEILING,unranked_context,UNRANKED_PRIMARY_ORDER_GATE,,,,,,,,,,,,,false,false,NONE,,,,,,,true
edition-target:lang:pt-Latn-001,Portuguese,pt-Latn-001,0.000000,8200000000.000000,,,,,UNRANKED_PRIMARY_ORDER_GATE,UNRANKED_PRIMARY_ORDER_GATE,MODEL_CONDITIONAL_WORLD_CEILING,unranked_context,UNRANKED_PRIMARY_ORDER_GATE,,,,,,,,,,,,,false,false,NONE,,,,,,,true
edition-target:lang:pt-Latn-BR,Portuguese — Brazil,pt-Latn-BR,0.000000,11200652.894737,,,,,UNRANKED_PRIMARY_ORDER_GATE,UNRANKED_PRIMARY_ORDER_GATE,MODEL_CONDITIONAL_TERRITORIAL_CEILING,unranked_context,UNRANKED_PRIMARY_ORDER_GATE,,,,,,,,,,,,,false,false,NONE,,,,,,,true
edition-target:lang:pt-Latn-PT,Portuguese — Portugal,pt-Latn-PT,0.000000,8200000000.000000,,,,,UNRANKED_PRIMARY_ORDER_GATE,UNRANKED_PRIMARY_ORDER_GATE,MODEL_CONDITIONAL_WORLD_CEILING,unranked_context,UNRANKED_PRIMARY_ORDER_GATE,,,,,,,,,,,,,false,false,NONE,,,,,,,true
edition-target:lang:pui-CO,Puinave,pui-CO,0.000000,4452136.250000,,,,,UNRANKED_PRIMARY_ORDER_GATE,UNRANKED_PRIMARY_ORDER_GATE,MODEL_CONDITIONAL_TERRITORIAL_CEILING,unranked_context,UNRANKED_PRIMARY_ORDER_GATE,,,,,,,,,,,,,false,false,NONE,,,,,,,true
edition-target:lang:puu-Latn-GA,Punu,puu-Latn-GA,0.000000,2733333333.333333,,,,,UNRANKED_PRIMARY_ORDER_GATE,UNRANKED_PRIMARY_ORDER_GATE,MODEL_CONDITIONAL_WORLD_CEILING,unranked_context,UNRANKED_PRIMARY_ORDER_GATE,,,,,,,,,,,,,false,false,NONE,,,,,,,true
edition-target:lang:puw-Latn-FM,Puluwatese,puw-Latn-FM,0.000000,630769230.769231,,,,,UNRANKED_PRIMARY_ORDER_GATE,UNRANKED_PRIMARY_ORDER_GATE,MODEL_CONDITIONAL_WORLD_CEILING,unranked_context,UNRANKED_PRIMARY_ORDER_GATE,,,,,,,,,,,,,false,false,NONE,,,,,,,true
edition-target:lang:pwo-Mymr-MM,Western Pwo Karen,pwo-Mymr-MM,0.000000,4570887.333333,,,,,UNRANKED_PRIMARY_ORDER_GATE,UNRANKED_PRIMARY_ORDER_GATE,MODEL_CONDITIONAL_TERRITORIAL_CEILING,unranked_context,UNRANKED_PRIMARY_ORDER_GATE,,,,,,,,,,,,,false,false,NONE,,,,,,,true
edition-target:lang:qu-Latn-PE,Quechua varieties,qu-Latn-PE,0.000000,356521739.130435,,,,,UNRANKED_PRIMARY_ORDER_GATE,UNRANKED_PRIMARY_ORDER_GATE,MODEL_CONDITIONAL_WORLD_CEILING,unranked_context,UNRANKED_PRIMARY_ORDER_GATE,,,,,,,,,,,,,false,false,NONE,,,,,,,true
edition-target:lang:quy-PE,Chanka Quechua,quy-PE,0.000000,356521739.130435,,,,,UNRANKED_PRIMARY_ORDER_GATE,UNRANKED_PRIMARY_ORDER_GATE,MODEL_CONDITIONAL_WORLD_CEILING,unranked_context,UNRANKED_PRIMARY_ORDER_GATE,,,,,,,,,,,,,false,false,NONE,,,,,,,true
edition-target:lang:quz-PE,Collao Quechua,quz-PE,0.000000,356521739.130435,,,,,UNRANKED_PRIMARY_ORDER_GATE,UNRANKED_PRIMARY_ORDER_GATE,MODEL_CONDITIONAL_WORLD_CEILING,unranked_context,UNRANKED_PRIMARY_ORDER_GATE,,,,,,,,,,,,,false,false,NONE,,,,,,,true
edition-target:lang:qvc-PE,Cajamarca Quechua,qvc-PE,0.000000,356521739.130435,,,,,UNRANKED_PRIMARY_ORDER_GATE,UNRANKED_PRIMARY_ORDER_GATE,MODEL_CONDITIONAL_WORLD_CEILING,unranked_context,UNRANKED_PRIMARY_ORDER_GATE,,,,,,,,,,,,,false,false,NONE,,,,,,,true
edition-target:lang:qvw-PE,Wanka Quechua,qvw-PE,0.000000,356521739.130435,,,,,UNRANKED_PRIMARY_ORDER_GATE,UNRANKED_PRIMARY_ORDER_GATE,MODEL_CONDITIONAL_WORLD_CEILING,unranked_context,UNRANKED_PRIMARY_ORDER_GATE,,,,,,,,,,,,,false,false,NONE,,,,,,,true
edition-target:lang:qwc-PE,Inkawasi-Kañaris Quechua,qwc-PE,0.000000,356521739.130435,,,,,UNRANKED_PRIMARY_ORDER_GATE,UNRANKED_PRIMARY_ORDER_GATE,MODEL_CONDITIONAL_WORLD_CEILING,unranked_context,UNRANKED_PRIMARY_ORDER_GATE,,,,,,,,,,,,,false,false,NONE,,,,,,,true
edition-target:lang:rad-Latn-VN,Ê Đê,rad-Latn-VN,0.000000,8466543.916667,,,,,UNRANKED_PRIMARY_ORDER_GATE,UNRANKED_PRIMARY_ORDER_GATE,MODEL_CONDITIONAL_TERRITORIAL_CEILING,unranked_context,UNRANKED_PRIMARY_ORDER_GATE,,,,,,,,,,,,,false,false,NONE,,,,,,,true
edition-target:lang:rag-Latn-KE,Logooli,rag-Latn-KE,0.000000,4109463.785714,,,,,UNRANKED_PRIMARY_ORDER_GATE,UNRANKED_PRIMARY_ORDER_GATE,MODEL_CONDITIONAL_TERRITORIAL_CEILING,unranked_context,UNRANKED_PRIMARY_ORDER_GATE,,,,,,,,,,,,,false,false,NONE,,,,,,,true
edition-target:lang:raj-Deva-IN,Rajasthani (Census return),raj-Deva-IN,0.000000,48795517.500000,,,,,UNRANKED_PRIMARY_ORDER_GATE,UNRANKED_PRIMARY_ORDER_GATE,MODEL_CONDITIONAL_TERRITORIAL_CEILING,unranked_context,UNRANKED_PRIMARY_ORDER_GATE,,,,,,,,,,,,,false,false,NONE,,,,,,,true
edition-target:lang:rar-Latn-CK,Rarotongan,rar-Latn-CK,0.000000,8200000000.000000,,,,,UNRANKED_PRIMARY_ORDER_GATE,UNRANKED_PRIMARY_ORDER_GATE,MODEL_CONDITIONAL_WORLD_CEILING,unranked_context,UNRANKED_PRIMARY_ORDER_GATE,,,,,,,,,,,,,false,false,NONE,,,,,,,true
edition-target:lang:rar-Latn-CK-x-aitutaki,Aitutakian,rar-Latn-CK-x-aitutaki,0.000000,8200000000.000000,,,,,UNRANKED_PRIMARY_ORDER_GATE,UNRANKED_PRIMARY_ORDER_GATE,MODEL_CONDITIONAL_WORLD_CEILING,unranked_context,UNRANKED_PRIMARY_ORDER_GATE,,,,,,,,,,,,,false,false,NONE,,,,,,,true
edition-target:lang:rar-Latn-CK-x-atiu,Atiu Cook Islands Māori,rar-Latn-CK-x-atiu,0.000000,8200000000.000000,,,,,UNRANKED_PRIMARY_ORDER_GATE,UNRANKED_PRIMARY_ORDER_GATE,MODEL_CONDITIONAL_WORLD_CEILING,unranked_context,UNRANKED_PRIMARY_ORDER_GATE,,,,,,,,,,,,,false,false,NONE,,,,,,,true
edition-target:lang:rar-Latn-CK-x-mangaia,Mangaian,rar-Latn-CK-x-mangaia,0.000000,8200000000.000000,,,,,UNRANKED_PRIMARY_ORDER_GATE,UNRANKED_PRIMARY_ORDER_GATE,MODEL_CONDITIONAL_WORLD_CEILING,unranked_context,UNRANKED_PRIMARY_ORDER_GATE,,,,,,,,,,,,,false,false,NONE,,,,,,,true
edition-target:lang:rar-Latn-CK-x-mauke,Mauke Cook Islands Māori,rar-Latn-CK-x-mauke,0.000000,8200000000.000000,,,,,UNRANKED_PRIMARY_ORDER_GATE,UNRANKED_PRIMARY_ORDER_GATE,MODEL_CONDITIONAL_WORLD_CEILING,unranked_context,UNRANKED_PRIMARY_ORDER_GATE,,,,,,,,,,,,,false,false,NONE,,,,,,,true
edition-target:lang:rar-Latn-CK-x-mitiaro,Mitiaro Cook Islands Māori,rar-Latn-CK-x-mitiaro,0.000000,8200000000.000000,,,,,UNRANKED_PRIMARY_ORDER_GATE,UNRANKED_PRIMARY_ORDER_GATE,MODEL_CONDITIONAL_WORLD_CEILING,unranked_context,UNRANKED_PRIMARY_ORDER_GATE,,,,,,,,,,,,,false,false,NONE,,,,,,,true
edition-target:lang:rcf-Latn-RE,Kréol Réyoné,rcf-Latn-RE,0.000000,8200000000.000000,,,,,UNRANKED_PRIMARY_ORDER_GATE,UNRANKED_PRIMARY_ORDER_GATE,MODEL_CONDITIONAL_WORLD_CEILING,unranked_context,UNRANKED_PRIMARY_ORDER_GATE,,,,,,,,,,,,,false,false,NONE,,,,,,,true
edition-target:lang:rhg-Arab,Rohingya,rhg-Arab,0.000000,8200000000.000000,,,,,UNRANKED_PRIMARY_ORDER_GATE,UNRANKED_PRIMARY_ORDER_GATE,MODEL_CONDITIONAL_WORLD_CEILING,unranked_context,UNRANKED_PRIMARY_ORDER_GATE,,,,,,,,,,,,,false,false,NONE,,,,,,,true
edition-target:lang:rhg-Latn,Rohingya,rhg-Latn,0.000000,8200000000.000000,,,,,UNRANKED_PRIMARY_ORDER_GATE,UNRANKED_PRIMARY_ORDER_GATE,MODEL_CONDITIONAL_WORLD_CEILING,unranked_context,UNRANKED_PRIMARY_ORDER_GATE,,,,,,,,,,,,,false,false,NONE,,,,,,,true
edition-target:lang:rhg-Rohg,Rohingya,rhg-Rohg,0.000000,4570887.333333,,,,,UNRANKED_PRIMARY_ORDER_GATE,UNRANKED_PRIMARY_ORDER_GATE,MODEL_CONDITIONAL_TERRITORIAL_CEILING,unranked_context,UNRANKED_PRIMARY_ORDER_GATE,,,,,,,,,,,,,false,false,NONE,,,,,,,true
edition-target:lang:rhg-Rohg-BD,Rohingya,rhg-Rohg-BD,0.000000,87843449.500000,,,,,UNRANKED_PRIMARY_ORDER_GATE,UNRANKED_PRIMARY_ORDER_GATE,MODEL_CONDITIONAL_TERRITORIAL_CEILING,unranked_context,UNRANKED_PRIMARY_ORDER_GATE,,,,,,,,,,,,,false,false,NONE,,,,,,,true
edition-target:lang:rif-Latn-MA,Tarifit,rif-Latn-MA,0.000000,820000000.000000,,,,,UNRANKED_PRIMARY_ORDER_GATE,UNRANKED_PRIMARY_ORDER_GATE,MODEL_CONDITIONAL_WORLD_CEILING,unranked_context,UNRANKED_PRIMARY_ORDER_GATE,,,,,,,,,,,,,false,false,NONE,,,,,,,true
edition-target:lang:rif-Tfng-MA,Tarifit,rif-Tfng-MA,0.000000,820000000.000000,,,,,UNRANKED_PRIMARY_ORDER_GATE,UNRANKED_PRIMARY_ORDER_GATE,MODEL_CONDITIONAL_WORLD_CEILING,unranked_context,UNRANKED_PRIMARY_ORDER_GATE,,,,,,,,,,,,,false,false,NONE,,,,,,,true
edition-target:lang:rkh-Latn-CK,Manihiki-Rakahanga,rkh-Latn-CK,0.000000,8200000000.000000,,,,,UNRANKED_PRIMARY_ORDER_GATE,UNRANKED_PRIMARY_ORDER_GATE,MODEL_CONDITIONAL_WORLD_CEILING,unranked_context,UNRANKED_PRIMARY_ORDER_GATE,,,,,,,,,,,,,false,false,NONE,,,,,,,true
edition-target:lang:rki-Mymr-MM,Rakhine,rki-Mymr-MM,0.000000,4570887.333333,,,,,UNRANKED_PRIMARY_ORDER_GATE,UNRANKED_PRIMARY_ORDER_GATE,MODEL_CONDITIONAL_TERRITORIAL_CEILING,unranked_context,UNRANKED_PRIMARY_ORDER_GATE,,,,,,,,,,,,,false,false,NONE,,,,,,,true
edition-target:lang:rn-Latn-BI,Standard Kirundi,rn-Latn-BI,0.000000,2733333333.333333,,,,,UNRANKED_PRIMARY_ORDER_GATE,UNRANKED_PRIMARY_ORDER_GATE,MODEL_CONDITIONAL_WORLD_CEILING,unranked_context,UNRANKED_PRIMARY_ORDER_GATE,,,,,,,,,,,,,false,false,NONE,,,,,,,true
edition-target:lang:rn-Latn-CD,Kirundi,rn-Latn-CD,0.000000,6268470.722222,,,,,UNRANKED_PRIMARY_ORDER_GATE,UNRANKED_PRIMARY_ORDER_GATE,MODEL_CONDITIONAL_TERRITORIAL_CEILING,unranked_context,UNRANKED_PRIMARY_ORDER_GATE,,,,,,,,,,,,,false,false,NONE,,,,,,,true
edition-target:lang:rn-Latn-TZ,Kirundi,rn-Latn-TZ,0.000000,5038990.357143,,,,,UNRANKED_PRIMARY_ORDER_GATE,UNRANKED_PRIMARY_ORDER_GATE,MODEL_CONDITIONAL_TERRITORIAL_CEILING,unranked_context,UNRANKED_PRIMARY_ORDER_GATE,,,,,,,,,,,,,false,false,NONE,,,,,,,true
edition-target:lang:ro-Latn-RO,Romanian,ro-Latn-RO,0.000000,8200000000.000000,,,,,UNRANKED_PRIMARY_ORDER_GATE,UNRANKED_PRIMARY_ORDER_GATE,MODEL_CONDITIONAL_WORLD_CEILING,unranked_context,UNRANKED_PRIMARY_ORDER_GATE,,,,,,,,,,,,,false,false,NONE,,,,,,,true
edition-target:lang:rom-Latn-150,Romani varieties,rom-Latn-150,0.000000,8200000000.000000,,,,,UNRANKED_PRIMARY_ORDER_GATE,UNRANKED_PRIMARY_ORDER_GATE,MODEL_CONDITIONAL_WORLD_CEILING,unranked_context,UNRANKED_PRIMARY_ORDER_GATE,,,,,,,,,,,,,false,false,NONE,,,,,,,true
edition-target:lang:rsl-RU,Russian Sign Language,rsl-RU,0.000000,5979722.000000,,,,,UNRANKED_PRIMARY_ORDER_GATE,UNRANKED_PRIMARY_ORDER_GATE,MODEL_CONDITIONAL_TERRITORIAL_CEILING,unranked_context,UNRANKED_PRIMARY_ORDER_GATE,,,,,,,,,,,,,false,false,NONE,,,,,,,true
edition-target:lang:rsn-RW,Rwandan Sign Language,rsn-RW,0.000000,2733333333.333333,,,,,UNRANKED_PRIMARY_ORDER_GATE,UNRANKED_PRIMARY_ORDER_GATE,MODEL_CONDITIONAL_WORLD_CEILING,unranked_context,UNRANKED_PRIMARY_ORDER_GATE,,,,,,,,,,,,,false,false,NONE,,,,,,,true
edition-target:lang:rtm-Latn-FJ,Rotuman,rtm-Latn-FJ,0.000000,2050000000.000000,,,,,UNRANKED_PRIMARY_ORDER_GATE,UNRANKED_PRIMARY_ORDER_GATE,MODEL_CONDITIONAL_WORLD_CEILING,unranked_context,UNRANKED_PRIMARY_ORDER_GATE,,,,,,,,,,,,,false,false,NONE,,,,,,,true
edition-target:lang:ru-Cyrl-001,Russian,ru-Cyrl-001,0.000000,8200000000.000000,,,,,UNRANKED_PRIMARY_ORDER_GATE,UNRANKED_PRIMARY_ORDER_GATE,MODEL_CONDITIONAL_WORLD_CEILING,unranked_context,UNRANKED_PRIMARY_ORDER_GATE,,,,,,,,,,,,,false,false,NONE,,,,,,,true
edition-target:lang:rw-Latn,Kinyarwanda,rw-Latn,0.000000,8200000000.000000,,,,,UNRANKED_PRIMARY_ORDER_GATE,UNRANKED_PRIMARY_ORDER_GATE,MODEL_CONDITIONAL_WORLD_CEILING,unranked_context,UNRANKED_PRIMARY_ORDER_GATE,,,,,,,,,,,,,false,false,NONE,,,,,,,true
edition-target:lang:sab-PA,Buglere,sab-PA,0.000000,2050000000.000000,,,,,UNRANKED_PRIMARY_ORDER_GATE,UNRANKED_PRIMARY_ORDER_GATE,MODEL_CONDITIONAL_WORLD_CEILING,unranked_context,UNRANKED_PRIMARY_ORDER_GATE,,,,,,,,,,,,,false,false,NONE,,,,,,,true
edition-target:lang:sad-Latn-TZ,Sandawe,sad-Latn-TZ,0.000000,5038990.357143,,,,,UNRANKED_PRIMARY_ORDER_GATE,UNRANKED_PRIMARY_ORDER_GATE,MODEL_CONDITIONAL_TERRITORIAL_CEILING,unranked_context,UNRANKED_PRIMARY_ORDER_GATE,,,,,,,,,,,,,false,false,NONE,,,,,,,true
edition-target:lang:sap-PY,Sanapaná,sap-PY,0.000000,745454545.454545,,,,,UNRANKED_PRIMARY_ORDER_GATE,UNRANKED_PRIMARY_ORDER_GATE,MODEL_CONDITIONAL_WORLD_CEILING,unranked_context,UNRANKED_PRIMARY_ORDER_GATE,,,,,,,,,,,,,false,false,NONE,,,,,,,true
edition-target:lang:saq-Latn-KE,Samburu,saq-Latn-KE,0.000000,4109463.785714,,,,,UNRANKED_PRIMARY_ORDER_GATE,UNRANKED_PRIMARY_ORDER_GATE,MODEL_CONDITIONAL_TERRITORIAL_CEILING,unranked_context,UNRANKED_PRIMARY_ORDER_GATE,,,,,,,,,,,,,false,false,NONE,,,,,,,true
edition-target:lang:sas-Latn-ID,Sasak,sas-Latn-ID,0.000000,17857577.250000,,,,,UNRANKED_PRIMARY_ORDER_GATE,UNRANKED_PRIMARY_ORDER_GATE,MODEL_CONDITIONAL_TERRITORIAL_CEILING,unranked_context,UNRANKED_PRIMARY_ORDER_GATE,,,,,,,,,,,,,false,false,NONE,,,,,,,true
edition-target:lang:sat-Beng-IN,Santali,sat-Beng-IN,0.000000,48795517.500000,,,,,UNRANKED_PRIMARY_ORDER_GATE,UNRANKED_PRIMARY_ORDER_GATE,MODEL_CONDITIONAL_TERRITORIAL_CEILING,unranked_context,UNRANKED_PRIMARY_ORDER_GATE,,,,,,,,,,,,,false,false,NONE,,,,,,,true
edition-target:lang:sat-Deva-IN,Santali,sat-Deva-IN,0.000000,48795517.500000,,,,,UNRANKED_PRIMARY_ORDER_GATE,UNRANKED_PRIMARY_ORDER_GATE,MODEL_CONDITIONAL_TERRITORIAL_CEILING,unranked_context,UNRANKED_PRIMARY_ORDER_GATE,,,,,,,,,,,,,false,false,NONE,,,,,,,true
edition-target:lang:sat-Olck-IN,Santali,sat-Olck-IN,0.000000,48795517.500000,,,,,UNRANKED_PRIMARY_ORDER_GATE,UNRANKED_PRIMARY_ORDER_GATE,MODEL_CONDITIONAL_TERRITORIAL_CEILING,unranked_context,UNRANKED_PRIMARY_ORDER_GATE,,,,,,,,,,,,,false,false,NONE,,,,,,,true
edition-target:lang:sat-Orya-IN,Santali,sat-Orya-IN,0.000000,48795517.500000,,,,,UNRANKED_PRIMARY_ORDER_GATE,UNRANKED_PRIMARY_ORDER_GATE,MODEL_CONDITIONAL_TERRITORIAL_CEILING,unranked_context,UNRANKED_PRIMARY_ORDER_GATE,,,,,,,,,,,,,false,false,NONE,,,,,,,true
edition-target:lang:se-Latn-001,Sami languages,se-Latn-001,0.000000,5979722.000000,,,,,UNRANKED_PRIMARY_ORDER_GATE,UNRANKED_PRIMARY_ORDER_GATE,MODEL_CONDITIONAL_TERRITORIAL_CEILING,unranked_context,UNRANKED_PRIMARY_ORDER_GATE,,,,,,,,,,,,,false,false,NONE,,,,,,,true
edition-target:lang:sea-Latn-MY,Semai,sea-Latn-MY,0.000000,2050000000.000000,,,,,UNRANKED_PRIMARY_ORDER_GATE,UNRANKED_PRIMARY_ORDER_GATE,MODEL_CONDITIONAL_WORLD_CEILING,unranked_context,UNRANKED_PRIMARY_ORDER_GATE,,,,,,,,,,,,,false,false,NONE,,,,,,,true
edition-target:lang:seh-Latn-MZ,Sena,seh-Latn-MZ,0.000000,1171428571.428571,,,,,UNRANKED_PRIMARY_ORDER_GATE,UNRANKED_PRIMARY_ORDER_GATE,MODEL_CONDITIONAL_WORLD_CEILING,unranked_context,UNRANKED_PRIMARY_ORDER_GATE,,,,,,,,,,,,,false,false,NONE,,,,,,,true
edition-target:lang:sel-RU,Selkup — exact local variety required,sel-RU,0.000000,5979722.000000,,,,,UNRANKED_PRIMARY_ORDER_GATE,UNRANKED_PRIMARY_ORDER_GATE,MODEL_CONDITIONAL_TERRITORIAL_CEILING,unranked_context,UNRANKED_PRIMARY_ORDER_GATE,,,,,,,,,,,,,false,false,NONE,,,,,,,true
edition-target:lang:ses-Latn-ML,Koyraboro Senni,ses-Latn-ML,0.000000,911111111.111111,,,,,UNRANKED_PRIMARY_ORDER_GATE,UNRANKED_PRIMARY_ORDER_GATE,MODEL_CONDITIONAL_WORLD_CEILING,unranked_context,UNRANKED_PRIMARY_ORDER_GATE,,,,,,,,,,,,,false,false,NONE,,,,,,,true
edition-target:lang:sfs-ZA,South African Sign Language,sfs-ZA,0.000000,5395609.916667,,,,,UNRANKED_PRIMARY_ORDER_GATE,UNRANKED_PRIMARY_ORDER_GATE,MODEL_CONDITIONAL_TERRITORIAL_CEILING,unranked_context,UNRANKED_PRIMARY_ORDER_GATE,,,,,,,,,,,,,false,false,NONE,,,,,,,true
edition-target:lang:sg-Latn-CF,Sango,sg-Latn-CF,0.000000,4100000000.000000,,,,,UNRANKED_PRIMARY_ORDER_GATE,UNRANKED_PRIMARY_ORDER_GATE,MODEL_CONDITIONAL_WORLD_CEILING,unranked_context,UNRANKED_PRIMARY_ORDER_GATE,,,,,,,,,,,,,false,false,NONE,,,,,,,true
edition-target:lang:shb-BR,Ninam,shb-BR,0.000000,11200652.894737,,,,,UNRANKED_PRIMARY_ORDER_GATE,UNRANKED_PRIMARY_ORDER_GATE,MODEL_CONDITIONAL_TERRITORIAL_CEILING,unranked_context,UNRANKED_PRIMARY_ORDER_GATE,,,,,,,,,,,,,false,false,NONE,,,,,,,true
edition-target:lang:shb-VE,Ninam,shb-VE,0.000000,820000000.000000,,,,,UNRANKED_PRIMARY_ORDER_GATE,UNRANKED_PRIMARY_ORDER_GATE,MODEL_CONDITIONAL_WORLD_CEILING,unranked_context,UNRANKED_PRIMARY_ORDER_GATE,,,,,,,,,,,,,false,false,NONE,,,,,,,true
edition-target:lang:shi-Latn-MA,Tachelhit,shi-Latn-MA,0.000000,820000000.000000,,,,,UNRANKED_PRIMARY_ORDER_GATE,UNRANKED_PRIMARY_ORDER_GATE,MODEL_CONDITIONAL_WORLD_CEILING,unranked_context,UNRANKED_PRIMARY_ORDER_GATE,,,,,,,,,,,,,false,false,NONE,,,,,,,true
edition-target:lang:shi-Tfng-MA,Tachelhit,shi-Tfng-MA,0.000000,820000000.000000,,,,,UNRANKED_PRIMARY_ORDER_GATE,UNRANKED_PRIMARY_ORDER_GATE,MODEL_CONDITIONAL_WORLD_CEILING,unranked_context,UNRANKED_PRIMARY_ORDER_GATE,,,,,,,,,,,,,false,false,NONE,,,,,,,true
edition-target:lang:shn-Mymr-MM,Shan,shn-Mymr-MM,0.000000,4570887.333333,,,,,UNRANKED_PRIMARY_ORDER_GATE,UNRANKED_PRIMARY_ORDER_GATE,MODEL_CONDITIONAL_TERRITORIAL_CEILING,unranked_context,UNRANKED_PRIMARY_ORDER_GATE,,,,,,,,,,,,,false,false,NONE,,,,,,,true
edition-target:lang:shr-Latn-CD,Shi,shr-Latn-CD,0.000000,6268470.722222,,,,,UNRANKED_PRIMARY_ORDER_GATE,UNRANKED_PRIMARY_ORDER_GATE,MODEL_CONDITIONAL_TERRITORIAL_CEILING,unranked_context,UNRANKED_PRIMARY_ORDER_GATE,,,,,,,,,,,,,false,false,NONE,,,,,,,true
edition-target:lang:shu-Arab-TD,Chadian Arabic,shu-Arab-TD,0.000000,585714285.714286,,,,,UNRANKED_PRIMARY_ORDER_GATE,UNRANKED_PRIMARY_ORDER_GATE,MODEL_CONDITIONAL_WORLD_CEILING,unranked_context,UNRANKED_PRIMARY_ORDER_GATE,,,,,,,,,,,,,false,false,NONE,,,,,,,true
edition-target:lang:shu-Latn-TD,Chadian Arabic,shu-Latn-TD,0.000000,585714285.714286,,,,,UNRANKED_PRIMARY_ORDER_GATE,UNRANKED_PRIMARY_ORDER_GATE,MODEL_CONDITIONAL_WORLD_CEILING,unranked_context,UNRANKED_PRIMARY_ORDER_GATE,,,,,,,,,,,,,false,false,NONE,,,,,,,true
edition-target:lang:shy-Latn-DZ,Chaoui,shy-Latn-DZ,0.000000,1025000000.000000,,,,,UNRANKED_PRIMARY_ORDER_GATE,UNRANKED_PRIMARY_ORDER_GATE,MODEL_CONDITIONAL_WORLD_CEILING,unranked_context,UNRANKED_PRIMARY_ORDER_GATE,,,,,,,,,,,,,false,false,NONE,,,,,,,true
edition-target:lang:si-Sinh-LK,Sinhala,si-Sinh-LK,0.000000,2050000000.000000,,,,,UNRANKED_PRIMARY_ORDER_GATE,UNRANKED_PRIMARY_ORDER_GATE,MODEL_CONDITIONAL_WORLD_CEILING,unranked_context,UNRANKED_PRIMARY_ORDER_GATE,,,,,,,,,,,,,false,false,NONE,,,,,,,true
edition-target:lang:sid-Latn-ET,Sidama,sid-Latn-ET,0.000000,7130107.947368,,,,,UNRANKED_PRIMARY_ORDER_GATE,UNRANKED_PRIMARY_ORDER_GATE,MODEL_CONDITIONAL_TERRITORIAL_CEILING,unranked_context,UNRANKED_PRIMARY_ORDER_GATE,,,,,,,,,,,,,false,false,NONE,,,,,,,true
edition-target:lang:siz-Latn-EG,Siwi,siz-Latn-EG,0.000000,16909427.857143,,,,,UNRANKED_PRIMARY_ORDER_GATE,UNRANKED_PRIMARY_ORDER_GATE,MODEL_CONDITIONAL_TERRITORIAL_CEILING,unranked_context,UNRANKED_PRIMARY_ORDER_GATE,,,,,,,,,,,,,false,false,NONE,,,,,,,true
edition-target:lang:sjd,Kildin Sámi,sjd,0.000000,8200000000.000000,,,,,UNRANKED_PRIMARY_ORDER_GATE,UNRANKED_PRIMARY_ORDER_GATE,MODEL_CONDITIONAL_WORLD_CEILING,unranked_context,UNRANKED_PRIMARY_ORDER_GATE,,,,,,,,,,,,,false,false,NONE,,,,,,,true
edition-target:lang:sje,Pite Sámi,sje,0.000000,8200000000.000000,,,,,UNRANKED_PRIMARY_ORDER_GATE,UNRANKED_PRIMARY_ORDER_GATE,MODEL_CONDITIONAL_WORLD_CEILING,unranked_context,UNRANKED_PRIMARY_ORDER_GATE,,,,,,,,,,,,,false,false,NONE,,,,,,,true
edition-target:lang:sju,Ume Sámi,sju,0.000000,8200000000.000000,,,,,UNRANKED_PRIMARY_ORDER_GATE,UNRANKED_PRIMARY_ORDER_GATE,MODEL_CONDITIONAL_WORLD_CEILING,unranked_context,UNRANKED_PRIMARY_ORDER_GATE,,,,,,,,,,,,,false,false,NONE,,,,,,,true
edition-target:lang:sk-Latn-SK,Slovak,sk-Latn-SK,0.000000,8200000000.000000,,,,,UNRANKED_PRIMARY_ORDER_GATE,UNRANKED_PRIMARY_ORDER_GATE,MODEL_CONDITIONAL_WORLD_CEILING,unranked_context,UNRANKED_PRIMARY_ORDER_GATE,,,,,,,,,,,,,false,false,NONE,,,,,,,true
edition-target:lang:skg-Latn-MG,Sakalava Malagasy,skg-Latn-MG,0.000000,745454545.454545,,,,,UNRANKED_PRIMARY_ORDER_GATE,UNRANKED_PRIMARY_ORDER_GATE,MODEL_CONDITIONAL_WORLD_CEILING,unranked_context,UNRANKED_PRIMARY_ORDER_GATE,,,,,,,,,,,,,false,false,NONE,,,,,,,true
edition-target:lang:sm-Latn-WS,Samoan,sm-Latn-WS,0.000000,8200000000.000000,,,,,UNRANKED_PRIMARY_ORDER_GATE,UNRANKED_PRIMARY_ORDER_GATE,MODEL_CONDITIONAL_WORLD_CEILING,unranked_context,UNRANKED_PRIMARY_ORDER_GATE,,,,,,,,,,,,,false,false,NONE,,,,,,,true
edition-target:lang:sma,South Sámi,sma,0.000000,8200000000.000000,,,,,UNRANKED_PRIMARY_ORDER_GATE,UNRANKED_PRIMARY_ORDER_GATE,MODEL_CONDITIONAL_WORLD_CEILING,unranked_context,UNRANKED_PRIMARY_ORDER_GATE,,,,,,,,,,,,,false,false,NONE,,,,,,,true
edition-target:lang:sme,North Sámi,sme,0.000000,8200000000.000000,,,,,UNRANKED_PRIMARY_ORDER_GATE,UNRANKED_PRIMARY_ORDER_GATE,MODEL_CONDITIONAL_WORLD_CEILING,unranked_context,UNRANKED_PRIMARY_ORDER_GATE,,,,,,,,,,,,,false,false,NONE,,,,,,,true
edition-target:lang:smj,Lule Sámi,smj,0.000000,8200000000.000000,,,,,UNRANKED_PRIMARY_ORDER_GATE,UNRANKED_PRIMARY_ORDER_GATE,MODEL_CONDITIONAL_WORLD_CEILING,unranked_context,UNRANKED_PRIMARY_ORDER_GATE,,,,,,,,,,,,,false,false,NONE,,,,,,,true
edition-target:lang:smn,Inari Sámi,smn,0.000000,8200000000.000000,,,,,UNRANKED_PRIMARY_ORDER_GATE,UNRANKED_PRIMARY_ORDER_GATE,MODEL_CONDITIONAL_WORLD_CEILING,unranked_context,UNRANKED_PRIMARY_ORDER_GATE,,,,,,,,,,,,,false,false,NONE,,,,,,,true
edition-target:lang:sms,Skolt Sámi,sms,0.000000,8200000000.000000,,,,,UNRANKED_PRIMARY_ORDER_GATE,UNRANKED_PRIMARY_ORDER_GATE,MODEL_CONDITIONAL_WORLD_CEILING,unranked_context,UNRANKED_PRIMARY_ORDER_GATE,,,,,,,,,,,,,false,false,NONE,,,,,,,true
edition-target:lang:sn-Latn-ZW,Shona,sn-Latn-ZW,0.000000,911111111.111111,,,,,UNRANKED_PRIMARY_ORDER_GATE,UNRANKED_PRIMARY_ORDER_GATE,MODEL_CONDITIONAL_WORLD_CEILING,unranked_context,UNRANKED_PRIMARY_ORDER_GATE,,,,,,,,,,,,,false,false,NONE,,,,,,,true
edition-target:lang:sn-Latn-ZW:variety:karanga-shona,Karanga Shona,sn-Latn-ZW,0.000000,911111111.111111,,,,,UNRANKED_PRIMARY_ORDER_GATE,UNRANKED_PRIMARY_ORDER_GATE,MODEL_CONDITIONAL_WORLD_CEILING,unranked_context,UNRANKED_PRIMARY_ORDER_GATE,,,,,,,,,,,,,false,false,NONE,,,,,,,true
edition-target:lang:sn-Latn-ZW:variety:korekore-shona,Korekore Shona,sn-Latn-ZW,0.000000,911111111.111111,,,,,UNRANKED_PRIMARY_ORDER_GATE,UNRANKED_PRIMARY_ORDER_GATE,MODEL_CONDITIONAL_WORLD_CEILING,unranked_context,UNRANKED_PRIMARY_ORDER_GATE,,,,,,,,,,,,,false,false,NONE,,,,,,,true
edition-target:lang:sn-Latn-ZW:variety:manyika-shona,Manyika Shona,sn-Latn-ZW,0.000000,911111111.111111,,,,,UNRANKED_PRIMARY_ORDER_GATE,UNRANKED_PRIMARY_ORDER_GATE,MODEL_CONDITIONAL_WORLD_CEILING,unranked_context,UNRANKED_PRIMARY_ORDER_GATE,,,,,,,,,,,,,false,false,NONE,,,,,,,true
edition-target:lang:sn-Latn-ZW:variety:standard-shona,Standard Shona,sn-Latn-ZW,0.000000,911111111.111111,,,,,UNRANKED_PRIMARY_ORDER_GATE,UNRANKED_PRIMARY_ORDER_GATE,MODEL_CONDITIONAL_WORLD_CEILING,unranked_context,UNRANKED_PRIMARY_ORDER_GATE,,,,,,,,,,,,,false,false,NONE,,,,,,,true
edition-target:lang:sn-Latn-ZW:variety:zezuru-shona,Zezuru Shona,sn-Latn-ZW,0.000000,911111111.111111,,,,,UNRANKED_PRIMARY_ORDER_GATE,UNRANKED_PRIMARY_ORDER_GATE,MODEL_CONDITIONAL_WORLD_CEILING,unranked_context,UNRANKED_PRIMARY_ORDER_GATE,,,,,,,,,,,,,false,false,NONE,,,,,,,true
edition-target:lang:snk-Latn-ML,Soninke,snk-Latn-ML,0.000000,911111111.111111,,,,,UNRANKED_PRIMARY_ORDER_GATE,UNRANKED_PRIMARY_ORDER_GATE,MODEL_CONDITIONAL_WORLD_CEILING,unranked_context,UNRANKED_PRIMARY_ORDER_GATE,,,,,,,,,,,,,false,false,NONE,,,,,,,true
edition-target:lang:snk-Latn-MR,Soninke,snk-Latn-MR,0.000000,911111111.111111,,,,,UNRANKED_PRIMARY_ORDER_GATE,UNRANKED_PRIMARY_ORDER_GATE,MODEL_CONDITIONAL_WORLD_CEILING,unranked_context,UNRANKED_PRIMARY_ORDER_GATE,,,,,,,,,,,,,false,false,NONE,,,,,,,true
edition-target:lang:so-Latn-DJ,Standard Somali,so-Latn-DJ,0.000000,8200000000.000000,,,,,UNRANKED_PRIMARY_ORDER_GATE,UNRANKED_PRIMARY_ORDER_GATE,MODEL_CONDITIONAL_WORLD_CEILING,unranked_context,UNRANKED_PRIMARY_ORDER_GATE,,,,,,,,,,,,,false,false,NONE,,,,,,,true
edition-target:lang:so-Latn-KE,Standard Somali,so-Latn-KE,0.000000,4109463.785714,,,,,UNRANKED_PRIMARY_ORDER_GATE,UNRANKED_PRIMARY_ORDER_GATE,MODEL_CONDITIONAL_TERRITORIAL_CEILING,unranked_context,UNRANKED_PRIMARY_ORDER_GATE,,,,,,,,,,,,,false,false,NONE,,,,,,,true
edition-target:lang:so-Latn-SO,Somali,so-Latn-SO,0.000000,2050000000.000000,,,,,UNRANKED_PRIMARY_ORDER_GATE,UNRANKED_PRIMARY_ORDER_GATE,MODEL_CONDITIONAL_WORLD_CEILING,unranked_context,UNRANKED_PRIMARY_ORDER_GATE,,,,,,,,,,,,,false,false,NONE,,,,,,,true
edition-target:lang:so-Latn-SO:variety:standard-somali-maxaa,Standard Somali,so-Latn-SO,0.000000,2050000000.000000,,,,,UNRANKED_PRIMARY_ORDER_GATE,UNRANKED_PRIMARY_ORDER_GATE,MODEL_CONDITIONAL_WORLD_CEILING,unranked_context,UNRANKED_PRIMARY_ORDER_GATE,,,,,,,,,,,,,false,false,NONE,,,,,,,true
edition-target:lang:so-Osma-SO,Standard Somali,so-Osma-SO,0.000000,2050000000.000000,,,,,UNRANKED_PRIMARY_ORDER_GATE,UNRANKED_PRIMARY_ORDER_GATE,MODEL_CONDITIONAL_WORLD_CEILING,unranked_context,UNRANKED_PRIMARY_ORDER_GATE,,,,,,,,,,,,,false,false,NONE,,,,,,,true
edition-target:lang:sou-Thai-TH,Southern Thai,sou-Thai-TH,0.000000,10231409.000000,,,,,UNRANKED_PRIMARY_ORDER_GATE,UNRANKED_PRIMARY_ORDER_GATE,MODEL_CONDITIONAL_TERRITORIAL_CEILING,unranked_context,UNRANKED_PRIMARY_ORDER_GATE,,,,,,,,,,,,,false,false,NONE,,,,,,,true
edition-target:lang:sr-Cyrl-RS,Serbian — Cyrillic,sr-Cyrl-RS,0.000000,4100000000.000000,,,,,UNRANKED_PRIMARY_ORDER_GATE,UNRANKED_PRIMARY_ORDER_GATE,MODEL_CONDITIONAL_WORLD_CEILING,unranked_context,UNRANKED_PRIMARY_ORDER_GATE,,,,,,,,,,,,,false,false,NONE,,,,,,,true
edition-target:lang:sr-Latn-RS,Serbian — Latin,sr-Latn-RS,0.000000,4100000000.000000,,,,,UNRANKED_PRIMARY_ORDER_GATE,UNRANKED_PRIMARY_ORDER_GATE,MODEL_CONDITIONAL_WORLD_CEILING,unranked_context,UNRANKED_PRIMARY_ORDER_GATE,,,,,,,,,,,,,false,false,NONE,,,,,,,true
edition-target:lang:srm-SR,Saamaka,srm-SR,0.000000,1171428571.428571,,,,,UNRANKED_PRIMARY_ORDER_GATE,UNRANKED_PRIMARY_ORDER_GATE,MODEL_CONDITIONAL_WORLD_CEILING,unranked_context,UNRANKED_PRIMARY_ORDER_GATE,,,,,,,,,,,,,false,false,NONE,,,,,,,true
edition-target:lang:srn-SR,Sranan Tongo,srn-SR,0.000000,1171428571.428571,,,,,UNRANKED_PRIMARY_ORDER_GATE,UNRANKED_PRIMARY_ORDER_GATE,MODEL_CONDITIONAL_WORLD_CEILING,unranked_context,UNRANKED_PRIMARY_ORDER_GATE,,,,,,,,,,,,,false,false,NONE,,,,,,,true
edition-target:lang:srr-Latn-SN,Seereer,srr-Latn-SN,0.000000,1171428571.428571,,,,,UNRANKED_PRIMARY_ORDER_GATE,UNRANKED_PRIMARY_ORDER_GATE,MODEL_CONDITIONAL_WORLD_CEILING,unranked_context,UNRANKED_PRIMARY_ORDER_GATE,,,,,,,,,,,,,false,false,NONE,,,,,,,true
edition-target:lang:ss-Latn-SZ,siSwati,ss-Latn-SZ,0.000000,8200000000.000000,,,,,UNRANKED_PRIMARY_ORDER_GATE,UNRANKED_PRIMARY_ORDER_GATE,MODEL_CONDITIONAL_WORLD_CEILING,unranked_context,UNRANKED_PRIMARY_ORDER_GATE,,,,,,,,,,,,,false,false,NONE,,,,,,,true
edition-target:lang:ss-Latn-ZA,siSwati,ss-Latn-ZA,0.000000,5395609.916667,,,,,UNRANKED_PRIMARY_ORDER_GATE,UNRANKED_PRIMARY_ORDER_GATE,MODEL_CONDITIONAL_TERRITORIAL_CEILING,unranked_context,UNRANKED_PRIMARY_ORDER_GATE,,,,,,,,,,,,,false,false,NONE,,,,,,,true
edition-target:lang:ssy-Latn-ER,Saho,ssy-Latn-ER,0.000000,1171428571.428571,,,,,UNRANKED_PRIMARY_ORDER_GATE,UNRANKED_PRIMARY_ORDER_GATE,MODEL_CONDITIONAL_WORLD_CEILING,unranked_context,UNRANKED_PRIMARY_ORDER_GATE,,,,,,,,,,,,,false,false,NONE,,,,,,,true
edition-target:lang:st-Latn-LS,Sesotho,st-Latn-LS,0.000000,8200000000.000000,,,,,UNRANKED_PRIMARY_ORDER_GATE,UNRANKED_PRIMARY_ORDER_GATE,MODEL_CONDITIONAL_WORLD_CEILING,unranked_context,UNRANKED_PRIMARY_ORDER_GATE,,,,,,,,,,,,,false,false,NONE,,,,,,,true
edition-target:lang:st-Latn-ZA,Sesotho,st-Latn-ZA,0.000000,5395609.916667,,,,,UNRANKED_PRIMARY_ORDER_GATE,UNRANKED_PRIMARY_ORDER_GATE,MODEL_CONDITIONAL_TERRITORIAL_CEILING,unranked_context,UNRANKED_PRIMARY_ORDER_GATE,,,,,,,,,,,,,false,false,NONE,,,,,,,true
edition-target:lang:stw-Latn-FM,Satawalese,stw-Latn-FM,0.000000,630769230.769231,,,,,UNRANKED_PRIMARY_ORDER_GATE,UNRANKED_PRIMARY_ORDER_GATE,MODEL_CONDITIONAL_WORLD_CEILING,unranked_context,UNRANKED_PRIMARY_ORDER_GATE,,,,,,,,,,,,,false,false,NONE,,,,,,,true
edition-target:lang:suk-Latn-TZ,Kisukuma,suk-Latn-TZ,0.000000,5038990.357143,,,,,UNRANKED_PRIMARY_ORDER_GATE,UNRANKED_PRIMARY_ORDER_GATE,MODEL_CONDITIONAL_TERRITORIAL_CEILING,unranked_context,UNRANKED_PRIMARY_ORDER_GATE,,,,,,,,,,,,,false,false,NONE,,,,,,,true
edition-target:lang:sus-Latn-GN,Susu,sus-Latn-GN,0.000000,1366666666.666667,,,,,UNRANKED_PRIMARY_ORDER_GATE,UNRANKED_PRIMARY_ORDER_GATE,MODEL_CONDITIONAL_WORLD_CEILING,unranked_context,UNRANKED_PRIMARY_ORDER_GATE,,,,,,,,,,,,,false,false,NONE,,,,,,,true
edition-target:lang:sv-Latn-SE,Swedish,sv-Latn-SE,0.000000,8200000000.000000,,,,,UNRANKED_PRIMARY_ORDER_GATE,UNRANKED_PRIMARY_ORDER_GATE,MODEL_CONDITIONAL_WORLD_CEILING,unranked_context,UNRANKED_PRIMARY_ORDER_GATE,,,,,,,,,,,,,false,false,NONE,,,,,,,true
edition-target:lang:sw-Latn-001,Kiswahili,sw-Latn-001,0.000000,8200000000.000000,,,,,UNRANKED_PRIMARY_ORDER_GATE,UNRANKED_PRIMARY_ORDER_GATE,MODEL_CONDITIONAL_WORLD_CEILING,unranked_context,UNRANKED_PRIMARY_ORDER_GATE,,,,,,,,,,,,,false,false,NONE,,,,,,,true
edition-target:lang:sw-Latn-KE,Kiswahili — Kenya,sw-Latn-KE,0.000000,4109463.785714,,,,,UNRANKED_PRIMARY_ORDER_GATE,UNRANKED_PRIMARY_ORDER_GATE,MODEL_CONDITIONAL_TERRITORIAL_CEILING,unranked_context,UNRANKED_PRIMARY_ORDER_GATE,,,,,,,,,,,,,false,false,NONE,,,,,,,true
edition-target:lang:sw-Latn-TZ,Kiswahili — Tanzania,sw-Latn-TZ,0.000000,5038990.357143,,,,,UNRANKED_PRIMARY_ORDER_GATE,UNRANKED_PRIMARY_ORDER_GATE,MODEL_CONDITIONAL_TERRITORIAL_CEILING,unranked_context,UNRANKED_PRIMARY_ORDER_GATE,,,,,,,,,,,,,false,false,NONE,,,,,,,true
edition-target:lang:swb-Arab-YT,Shimaore,swb-Arab-YT,0.000000,8200000000.000000,,,,,UNRANKED_PRIMARY_ORDER_GATE,UNRANKED_PRIMARY_ORDER_GATE,MODEL_CONDITIONAL_WORLD_CEILING,unranked_context,UNRANKED_PRIMARY_ORDER_GATE,,,,,,,,,,,,,false,false,NONE,,,,,,,true
edition-target:lang:swb-Latn-YT,Shimaore,swb-Latn-YT,0.000000,8200000000.000000,,,,,UNRANKED_PRIMARY_ORDER_GATE,UNRANKED_PRIMARY_ORDER_GATE,MODEL_CONDITIONAL_WORLD_CEILING,unranked_context,UNRANKED_PRIMARY_ORDER_GATE,,,,,,,,,,,,,false,false,NONE,,,,,,,true
edition-target:lang:swc-Latn-CD:variety:ituri-kingwana-congo-swahili,Ituri Kingwana,swc-Latn-CD,0.000000,6268470.722222,,,,,UNRANKED_PRIMARY_ORDER_GATE,UNRANKED_PRIMARY_ORDER_GATE,MODEL_CONDITIONAL_TERRITORIAL_CEILING,unranked_context,UNRANKED_PRIMARY_ORDER_GATE,,,,,,,,,,,,,false,false,NONE,,,,,,,true
edition-target:lang:swc-Latn-CD:variety:katanga-lubumbashi-congo-swahili,Katanga,swc-Latn-CD,0.000000,6268470.722222,,,,,UNRANKED_PRIMARY_ORDER_GATE,UNRANKED_PRIMARY_ORDER_GATE,MODEL_CONDITIONAL_TERRITORIAL_CEILING,unranked_context,UNRANKED_PRIMARY_ORDER_GATE,,,,,,,,,,,,,false,false,NONE,,,,,,,true
edition-target:lang:swc-Latn-CD:variety:kivu-congo-swahili,Kivu Congo Swahili,swc-Latn-CD,0.000000,6268470.722222,,,,,UNRANKED_PRIMARY_ORDER_GATE,UNRANKED_PRIMARY_ORDER_GATE,MODEL_CONDITIONAL_TERRITORIAL_CEILING,unranked_context,UNRANKED_PRIMARY_ORDER_GATE,,,,,,,,,,,,,false,false,NONE,,,,,,,true
edition-target:lang:swh-Latn-BI,Burundi Kiswahili,swh-Latn-BI,0.000000,2733333333.333333,,,,,UNRANKED_PRIMARY_ORDER_GATE,UNRANKED_PRIMARY_ORDER_GATE,MODEL_CONDITIONAL_WORLD_CEILING,unranked_context,UNRANKED_PRIMARY_ORDER_GATE,,,,,,,,,,,,,false,false,NONE,,,,,,,true
edition-target:lang:swh-Latn-KE,Kenya Standard Kiswahili,swh-Latn-KE,0.000000,4109463.785714,,,,,UNRANKED_PRIMARY_ORDER_GATE,UNRANKED_PRIMARY_ORDER_GATE,MODEL_CONDITIONAL_TERRITORIAL_CEILING,unranked_context,UNRANKED_PRIMARY_ORDER_GATE,,,,,,,,,,,,,false,false,NONE,,,,,,,true
edition-target:lang:swh-Latn-TZ:variety:tanzania-mainland-standard-kiswahili,Tanzania mainland Standard Kiswahili,swh-Latn-TZ,0.000000,5038990.357143,,,,,UNRANKED_PRIMARY_ORDER_GATE,UNRANKED_PRIMARY_ORDER_GATE,MODEL_CONDITIONAL_TERRITORIAL_CEILING,unranked_context,UNRANKED_PRIMARY_ORDER_GATE,,,,,,,,,,,,,false,false,NONE,,,,,,,true
edition-target:lang:swh-Latn-TZ:variety:zanzibar-kiswahili-institutional-and-curri,Zanzibar Kiswahili institutional and curricular variety,swh-Latn-TZ,0.000000,5038990.357143,,,,,UNRANKED_PRIMARY_ORDER_GATE,UNRANKED_PRIMARY_ORDER_GATE,MODEL_CONDITIONAL_TERRITORIAL_CEILING,unranked_context,UNRANKED_PRIMARY_ORDER_GATE,,,,,,,,,,,,,false,false,NONE,,,,,,,true
edition-target:lang:swh-Latn-UG,Uganda Kiswahili,swh-Latn-UG,0.000000,6423111.750000,,,,,UNRANKED_PRIMARY_ORDER_GATE,UNRANKED_PRIMARY_ORDER_GATE,MODEL_CONDITIONAL_TERRITORIAL_CEILING,unranked_context,UNRANKED_PRIMARY_ORDER_GATE,,,,,,,,,,,,,false,false,NONE,,,,,,,true
edition-target:lang:ta-Taml-LK,Tamil — Sri Lanka,ta-Taml-LK,0.000000,2050000000.000000,,,,,UNRANKED_PRIMARY_ORDER_GATE,UNRANKED_PRIMARY_ORDER_GATE,MODEL_CONDITIONAL_WORLD_CEILING,unranked_context,UNRANKED_PRIMARY_ORDER_GATE,,,,,,,,,,,,,false,false,NONE,,,,,,,true
edition-target:lang:ta-Taml-LK:community:malayaga,Indian Tamil,ta-Taml-LK,0.000000,2050000000.000000,,,,,UNRANKED_PRIMARY_ORDER_GATE,UNRANKED_PRIMARY_ORDER_GATE,MODEL_CONDITIONAL_WORLD_CEILING,unranked_context,UNRANKED_PRIMARY_ORDER_GATE,,,,,,,,,,,,,false,false,NONE,,,,,,,true
edition-target:lang:ta-Taml-LK:community:sri-lanka-tamil,Sri Lanka Tamil,ta-Taml-LK,0.000000,2050000000.000000,,,,,UNRANKED_PRIMARY_ORDER_GATE,UNRANKED_PRIMARY_ORDER_GATE,MODEL_CONDITIONAL_WORLD_CEILING,unranked_context,UNRANKED_PRIMARY_ORDER_GATE,,,,,,,,,,,,,false,false,NONE,,,,,,,true
edition-target:lang:taq-Tfng-ML,Tamasheq,taq-Tfng-ML,0.000000,911111111.111111,,,,,UNRANKED_PRIMARY_ORDER_GATE,UNRANKED_PRIMARY_ORDER_GATE,MODEL_CONDITIONAL_WORLD_CEILING,unranked_context,UNRANKED_PRIMARY_ORDER_GATE,,,,,,,,,,,,,false,false,NONE,,,,,,,true
edition-target:lang:tca-CO,Tikuna,tca-CO,0.000000,4452136.250000,,,,,UNRANKED_PRIMARY_ORDER_GATE,UNRANKED_PRIMARY_ORDER_GATE,MODEL_CONDITIONAL_TERRITORIAL_CEILING,unranked_context,UNRANKED_PRIMARY_ORDER_GATE,,,,,,,,,,,,,false,false,NONE,,,,,,,true
edition-target:lang:tcu-PA,Naso Tjer Di,tcu-PA,0.000000,2050000000.000000,,,,,UNRANKED_PRIMARY_ORDER_GATE,UNRANKED_PRIMARY_ORDER_GATE,MODEL_CONDITIONAL_WORLD_CEILING,unranked_context,UNRANKED_PRIMARY_ORDER_GATE,,,,,,,,,,,,,false,false,NONE,,,,,,,true
edition-target:lang:tdx-Latn-MG,Antandroy Malagasy,tdx-Latn-MG,0.000000,745454545.454545,,,,,UNRANKED_PRIMARY_ORDER_GATE,UNRANKED_PRIMARY_ORDER_GATE,MODEL_CONDITIONAL_WORLD_CEILING,unranked_context,UNRANKED_PRIMARY_ORDER_GATE,,,,,,,,,,,,,false,false,NONE,,,,,,,true
edition-target:lang:tem-Latn-SL,Temne,tem-Latn-SL,0.000000,2050000000.000000,,,,,UNRANKED_PRIMARY_ORDER_GATE,UNRANKED_PRIMARY_ORDER_GATE,MODEL_CONDITIONAL_WORLD_CEILING,unranked_context,UNRANKED_PRIMARY_ORDER_GATE,,,,,,,,,,,,,false,false,NONE,,,,,,,true
edition-target:lang:teo-Latn-KE,Ateso,teo-Latn-KE,0.000000,4109463.785714,,,,,UNRANKED_PRIMARY_ORDER_GATE,UNRANKED_PRIMARY_ORDER_GATE,MODEL_CONDITIONAL_TERRITORIAL_CEILING,unranked_context,UNRANKED_PRIMARY_ORDER_GATE,,,,,,,,,,,,,false,false,NONE,,,,,,,true
edition-target:lang:teo-Latn-UG,Ateso,teo-Latn-UG,0.000000,6423111.750000,,,,,UNRANKED_PRIMARY_ORDER_GATE,UNRANKED_PRIMARY_ORDER_GATE,MODEL_CONDITIONAL_TERRITORIAL_CEILING,unranked_context,UNRANKED_PRIMARY_ORDER_GATE,,,,,,,,,,,,,false,false,NONE,,,,,,,true
edition-target:lang:tg-Cyrl-TJ,Tajik,tg-Cyrl-TJ,0.000000,8200000000.000000,,,,,UNRANKED_PRIMARY_ORDER_GATE,UNRANKED_PRIMARY_ORDER_GATE,MODEL_CONDITIONAL_WORLD_CEILING,unranked_context,UNRANKED_PRIMARY_ORDER_GATE,,,,,,,,,,,,,false,false,NONE,,,,,,,true
edition-target:lang:thv-Tfng-DZ,Tahaggart Tamahaq,thv-Tfng-DZ,0.000000,1025000000.000000,,,,,UNRANKED_PRIMARY_ORDER_GATE,UNRANKED_PRIMARY_ORDER_GATE,MODEL_CONDITIONAL_WORLD_CEILING,unranked_context,UNRANKED_PRIMARY_ORDER_GATE,,,,,,,,,,,,,false,false,NONE,,,,,,,true
edition-target:lang:thz-Tfng-NE,Tayart Tamajeq,thz-Tfng-NE,0.000000,745454545.454545,,,,,UNRANKED_PRIMARY_ORDER_GATE,UNRANKED_PRIMARY_ORDER_GATE,MODEL_CONDITIONAL_WORLD_CEILING,unranked_context,UNRANKED_PRIMARY_ORDER_GATE,,,,,,,,,,,,,false,false,NONE,,,,,,,true
edition-target:lang:ti-Ethi-ER,Tigrinya,ti-Ethi-ER,0.000000,1171428571.428571,,,,,UNRANKED_PRIMARY_ORDER_GATE,UNRANKED_PRIMARY_ORDER_GATE,MODEL_CONDITIONAL_WORLD_CEILING,unranked_context,UNRANKED_PRIMARY_ORDER_GATE,,,,,,,,,,,,,false,false,NONE,,,,,,,true
edition-target:lang:tig-Ethi-ER,Tigre,tig-Ethi-ER,0.000000,1171428571.428571,,,,,UNRANKED_PRIMARY_ORDER_GATE,UNRANKED_PRIMARY_ORDER_GATE,MODEL_CONDITIONAL_WORLD_CEILING,unranked_context,UNRANKED_PRIMARY_ORDER_GATE,,,,,,,,,,,,,false,false,NONE,,,,,,,true
edition-target:lang:tiv-Latn-NG,Tiv,tiv-Latn-NG,0.000000,7197811.575758,,,,,UNRANKED_PRIMARY_ORDER_GATE,UNRANKED_PRIMARY_ORDER_GATE,MODEL_CONDITIONAL_TERRITORIAL_CEILING,unranked_context,UNRANKED_PRIMARY_ORDER_GATE,,,,,,,,,,,,,false,false,NONE,,,,,,,true
edition-target:lang:tkl-Latn-TK,Tokelauan,tkl-Latn-TK,0.000000,8200000000.000000,,,,,UNRANKED_PRIMARY_ORDER_GATE,UNRANKED_PRIMARY_ORDER_GATE,MODEL_CONDITIONAL_WORLD_CEILING,unranked_context,UNRANKED_PRIMARY_ORDER_GATE,,,,,,,,,,,,,false,false,NONE,,,,,,,true
edition-target:lang:tl-Latn-PH,Tagalog,tl-Latn-PH,0.000000,6488164.555556,,,,,UNRANKED_PRIMARY_ORDER_GATE,UNRANKED_PRIMARY_ORDER_GATE,MODEL_CONDITIONAL_TERRITORIAL_CEILING,unranked_context,UNRANKED_PRIMARY_ORDER_GATE,,,,,,,,,,,,,false,false,NONE,,,,,,,true
edition-target:lang:tli-US,Tlingit,tli-US,0.000000,13671394.280000,,,,,UNRANKED_PRIMARY_ORDER_GATE,UNRANKED_PRIMARY_ORDER_GATE,MODEL_CONDITIONAL_TERRITORIAL_CEILING,unranked_context,UNRANKED_PRIMARY_ORDER_GATE,,,,,,,,,,,,,false,false,NONE,,,,,,,true
edition-target:lang:tll-Latn-CD,Tetela,tll-Latn-CD,0.000000,6268470.722222,,,,,UNRANKED_PRIMARY_ORDER_GATE,UNRANKED_PRIMARY_ORDER_GATE,MODEL_CONDITIONAL_TERRITORIAL_CEILING,unranked_context,UNRANKED_PRIMARY_ORDER_GATE,,,,,,,,,,,,,false,false,NONE,,,,,,,true
edition-target:lang:tn-Latn-BW,Setswana,tn-Latn-BW,0.000000,1366666666.666667,,,,,UNRANKED_PRIMARY_ORDER_GATE,UNRANKED_PRIMARY_ORDER_GATE,MODEL_CONDITIONAL_WORLD_CEILING,unranked_context,UNRANKED_PRIMARY_ORDER_GATE,,,,,,,,,,,,,false,false,NONE,,,,,,,true
edition-target:lang:tn-Latn-ZA,Setswana,tn-Latn-ZA,0.000000,5395609.916667,,,,,UNRANKED_PRIMARY_ORDER_GATE,UNRANKED_PRIMARY_ORDER_GATE,MODEL_CONDITIONAL_TERRITORIAL_CEILING,unranked_context,UNRANKED_PRIMARY_ORDER_GATE,,,,,,,,,,,,,false,false,NONE,,,,,,,true
edition-target:lang:to-Latn-TO,Tongan,to-Latn-TO,0.000000,4100000000.000000,,,,,UNRANKED_PRIMARY_ORDER_GATE,UNRANKED_PRIMARY_ORDER_GATE,MODEL_CONDITIONAL_WORLD_CEILING,unranked_context,UNRANKED_PRIMARY_ORDER_GATE,,,,,,,,,,,,,false,false,NONE,,,,,,,true
edition-target:lang:tob-AR,Qom,tob-AR,0.000000,1025000000.000000,,,,,UNRANKED_PRIMARY_ORDER_GATE,UNRANKED_PRIMARY_ORDER_GATE,MODEL_CONDITIONAL_WORLD_CEILING,unranked_context,UNRANKED_PRIMARY_ORDER_GATE,,,,,,,,,,,,,false,false,NONE,,,,,,,true
edition-target:lang:toi-Latn-ZM,Tonga,toi-Latn-ZM,0.000000,1366666666.666667,,,,,UNRANKED_PRIMARY_ORDER_GATE,UNRANKED_PRIMARY_ORDER_GATE,MODEL_CONDITIONAL_WORLD_CEILING,unranked_context,UNRANKED_PRIMARY_ORDER_GATE,,,,,,,,,,,,,false,false,NONE,,,,,,,true
edition-target:lang:toi-Latn-ZW,Tonga,toi-Latn-ZW,0.000000,911111111.111111,,,,,UNRANKED_PRIMARY_ORDER_GATE,UNRANKED_PRIMARY_ORDER_GATE,MODEL_CONDITIONAL_WORLD_CEILING,unranked_context,UNRANKED_PRIMARY_ORDER_GATE,,,,,,,,,,,,,false,false,NONE,,,,,,,true
edition-target:lang:tpi-Latn-PG,Tok Pisin,tpi-Latn-PG,0.000000,2733333333.333333,,,,,UNRANKED_PRIMARY_ORDER_GATE,UNRANKED_PRIMARY_ORDER_GATE,MODEL_CONDITIONAL_WORLD_CEILING,unranked_context,UNRANKED_PRIMARY_ORDER_GATE,,,,,,,,,,,,,false,false,NONE,,,,,,,true
edition-target:lang:tpu-Latn-KH,Tampuan,tpu-Latn-KH,0.000000,2733333333.333333,,,,,UNRANKED_PRIMARY_ORDER_GATE,UNRANKED_PRIMARY_ORDER_GATE,MODEL_CONDITIONAL_WORLD_CEILING,unranked_context,UNRANKED_PRIMARY_ORDER_GATE,,,,,,,,,,,,,false,false,NONE,,,,,,,true
edition-target:lang:tr-Latn-TR,Turkish,tr-Latn-TR,0.000000,28626185.333333,,,,,UNRANKED_PRIMARY_ORDER_GATE,UNRANKED_PRIMARY_ORDER_GATE,MODEL_CONDITIONAL_TERRITORIAL_CEILING,unranked_context,UNRANKED_PRIMARY_ORDER_GATE,,,,,,,,,,,,,false,false,NONE,,,,,,,true
edition-target:lang:trf-TT,Trinidadian English Creole,trf-TT,0.000000,8200000000.000000,,,,,UNRANKED_PRIMARY_ORDER_GATE,UNRANKED_PRIMARY_ORDER_GATE,MODEL_CONDITIONAL_WORLD_CEILING,unranked_context,UNRANKED_PRIMARY_ORDER_GATE,,,,,,,,,,,,,false,false,NONE,,,,,,,true
edition-target:lang:tri-SR,Tiriyó,tri-SR,0.000000,1171428571.428571,,,,,UNRANKED_PRIMARY_ORDER_GATE,UNRANKED_PRIMARY_ORDER_GATE,MODEL_CONDITIONAL_WORLD_CEILING,unranked_context,UNRANKED_PRIMARY_ORDER_GATE,,,,,,,,,,,,,false,false,NONE,,,,,,,true
edition-target:lang:ts-Latn-MZ,Xichangana,ts-Latn-MZ,0.000000,1171428571.428571,,,,,UNRANKED_PRIMARY_ORDER_GATE,UNRANKED_PRIMARY_ORDER_GATE,MODEL_CONDITIONAL_WORLD_CEILING,unranked_context,UNRANKED_PRIMARY_ORDER_GATE,,,,,,,,,,,,,false,false,NONE,,,,,,,true
edition-target:lang:ts-Latn-ZA,itsonga,ts-Latn-ZA,0.000000,5395609.916667,,,,,UNRANKED_PRIMARY_ORDER_GATE,UNRANKED_PRIMARY_ORDER_GATE,MODEL_CONDITIONAL_TERRITORIAL_CEILING,unranked_context,UNRANKED_PRIMARY_ORDER_GATE,,,,,,,,,,,,,false,false,NONE,,,,,,,true
edition-target:lang:tsg-Arab-PH,Tausug,tsg-Arab-PH,0.000000,6488164.555556,,,,,UNRANKED_PRIMARY_ORDER_GATE,UNRANKED_PRIMARY_ORDER_GATE,MODEL_CONDITIONAL_TERRITORIAL_CEILING,unranked_context,UNRANKED_PRIMARY_ORDER_GATE,,,,,,,,,,,,,false,false,NONE,,,,,,,true
edition-target:lang:tsg-Latn-PH,Tausug,tsg-Latn-PH,0.000000,6488164.555556,,,,,UNRANKED_PRIMARY_ORDER_GATE,UNRANKED_PRIMARY_ORDER_GATE,MODEL_CONDITIONAL_TERRITORIAL_CEILING,unranked_context,UNRANKED_PRIMARY_ORDER_GATE,,,,,,,,,,,,,false,false,NONE,,,,,,,true
edition-target:lang:tsi-US,Tsimshian,tsi-US,0.000000,13671394.280000,,,,,UNRANKED_PRIMARY_ORDER_GATE,UNRANKED_PRIMARY_ORDER_GATE,MODEL_CONDITIONAL_TERRITORIAL_CEILING,unranked_context,UNRANKED_PRIMARY_ORDER_GATE,,,,,,,,,,,,,false,false,NONE,,,,,,,true
edition-target:lang:tsm-TR,Turkish Sign Language,tsm-TR,0.000000,28626185.333333,,,,,UNRANKED_PRIMARY_ORDER_GATE,UNRANKED_PRIMARY_ORDER_GATE,MODEL_CONDITIONAL_TERRITORIAL_CEILING,unranked_context,UNRANKED_PRIMARY_ORDER_GATE,,,,,,,,,,,,,false,false,NONE,,,,,,,true
edition-target:lang:ttq-Tfng-NE,Tawallammat Tamajaq,ttq-Tfng-NE,0.000000,745454545.454545,,,,,UNRANKED_PRIMARY_ORDER_GATE,UNRANKED_PRIMARY_ORDER_GATE,MODEL_CONDITIONAL_WORLD_CEILING,unranked_context,UNRANKED_PRIMARY_ORDER_GATE,,,,,,,,,,,,,false,false,NONE,,,,,,,true
edition-target:lang:tts-Thai-TH,Isan,tts-Thai-TH,0.000000,10231409.000000,,,,,UNRANKED_PRIMARY_ORDER_GATE,UNRANKED_PRIMARY_ORDER_GATE,MODEL_CONDITIONAL_TERRITORIAL_CEILING,unranked_context,UNRANKED_PRIMARY_ORDER_GATE,,,,,,,,,,,,,false,false,NONE,,,,,,,true
edition-target:lang:tuf-CO,U’wa,tuf-CO,0.000000,4452136.250000,,,,,UNRANKED_PRIMARY_ORDER_GATE,UNRANKED_PRIMARY_ORDER_GATE,MODEL_CONDITIONAL_TERRITORIAL_CEILING,unranked_context,UNRANKED_PRIMARY_ORDER_GATE,,,,,,,,,,,,,false,false,NONE,,,,,,,true
edition-target:lang:tum-Latn-MW,Tumbuka,tum-Latn-MW,0.000000,2733333333.333333,,,,,UNRANKED_PRIMARY_ORDER_GATE,UNRANKED_PRIMARY_ORDER_GATE,MODEL_CONDITIONAL_WORLD_CEILING,unranked_context,UNRANKED_PRIMARY_ORDER_GATE,,,,,,,,,,,,,false,false,NONE,,,,,,,true
edition-target:lang:tum-Latn-ZM,Tumbuka,tum-Latn-ZM,0.000000,1366666666.666667,,,,,UNRANKED_PRIMARY_ORDER_GATE,UNRANKED_PRIMARY_ORDER_GATE,MODEL_CONDITIONAL_WORLD_CEILING,unranked_context,UNRANKED_PRIMARY_ORDER_GATE,,,,,,,,,,,,,false,false,NONE,,,,,,,true
edition-target:lang:tuo-BR,Tukano,tuo-BR,0.000000,11200652.894737,,,,,UNRANKED_PRIMARY_ORDER_GATE,UNRANKED_PRIMARY_ORDER_GATE,MODEL_CONDITIONAL_TERRITORIAL_CEILING,unranked_context,UNRANKED_PRIMARY_ORDER_GATE,,,,,,,,,,,,,false,false,NONE,,,,,,,true
edition-target:lang:tuq-Latn-LY,Teda,tuq-Latn-LY,0.000000,2733333333.333333,,,,,UNRANKED_PRIMARY_ORDER_GATE,UNRANKED_PRIMARY_ORDER_GATE,MODEL_CONDITIONAL_WORLD_CEILING,unranked_context,UNRANKED_PRIMARY_ORDER_GATE,,,,,,,,,,,,,false,false,NONE,,,,,,,true
edition-target:lang:tuq-Latn-NE,Teda,tuq-Latn-NE,0.000000,745454545.454545,,,,,UNRANKED_PRIMARY_ORDER_GATE,UNRANKED_PRIMARY_ORDER_GATE,MODEL_CONDITIONAL_WORLD_CEILING,unranked_context,UNRANKED_PRIMARY_ORDER_GATE,,,,,,,,,,,,,false,false,NONE,,,,,,,true
edition-target:lang:tuq-Latn-TD,Teda,tuq-Latn-TD,0.000000,585714285.714286,,,,,UNRANKED_PRIMARY_ORDER_GATE,UNRANKED_PRIMARY_ORDER_GATE,MODEL_CONDITIONAL_WORLD_CEILING,unranked_context,UNRANKED_PRIMARY_ORDER_GATE,,,,,,,,,,,,,false,false,NONE,,,,,,,true
edition-target:lang:tuv-Latn-KE,Turkana,tuv-Latn-KE,0.000000,4109463.785714,,,,,UNRANKED_PRIMARY_ORDER_GATE,UNRANKED_PRIMARY_ORDER_GATE,MODEL_CONDITIONAL_TERRITORIAL_CEILING,unranked_context,UNRANKED_PRIMARY_ORDER_GATE,,,,,,,,,,,,,false,false,NONE,,,,,,,true
edition-target:lang:tvl-Latn-TV,Tuvaluan,tvl-Latn-TV,0.000000,4100000000.000000,,,,,UNRANKED_PRIMARY_ORDER_GATE,UNRANKED_PRIMARY_ORDER_GATE,MODEL_CONDITIONAL_WORLD_CEILING,unranked_context,UNRANKED_PRIMARY_ORDER_GATE,,,,,,,,,,,,,false,false,NONE,,,,,,,true
edition-target:lang:tw-Latn-GH:variety:akuapem-twi,Akuapem Twi,tw-Latn-GH,0.000000,820000000.000000,,,,,UNRANKED_PRIMARY_ORDER_GATE,UNRANKED_PRIMARY_ORDER_GATE,MODEL_CONDITIONAL_WORLD_CEILING,unranked_context,UNRANKED_PRIMARY_ORDER_GATE,,,,,,,,,,,,,false,false,NONE,,,,,,,true
edition-target:lang:tw-Latn-GH:variety:asante-twi,Asante Twi,tw-Latn-GH,0.000000,820000000.000000,,,,,UNRANKED_PRIMARY_ORDER_GATE,UNRANKED_PRIMARY_ORDER_GATE,MODEL_CONDITIONAL_WORLD_CEILING,unranked_context,UNRANKED_PRIMARY_ORDER_GATE,,,,,,,,,,,,,false,false,NONE,,,,,,,true
edition-target:lang:ty-Latn-PF,reo Tahiti,ty-Latn-PF,0.000000,8200000000.000000,,,,,UNRANKED_PRIMARY_ORDER_GATE,UNRANKED_PRIMARY_ORDER_GATE,MODEL_CONDITIONAL_WORLD_CEILING,unranked_context,UNRANKED_PRIMARY_ORDER_GATE,,,,,,,,,,,,,false,false,NONE,,,,,,,true
edition-target:lang:tyz-Latn-VN,Tày,tyz-Latn-VN,0.000000,8466543.916667,,,,,UNRANKED_PRIMARY_ORDER_GATE,UNRANKED_PRIMARY_ORDER_GATE,MODEL_CONDITIONAL_TERRITORIAL_CEILING,unranked_context,UNRANKED_PRIMARY_ORDER_GATE,,,,,,,,,,,,,false,false,NONE,,,,,,,true
edition-target:lang:tza-TZ,Tanzanian Sign Language,tza-TZ,0.000000,5038990.357143,,,,,UNRANKED_PRIMARY_ORDER_GATE,UNRANKED_PRIMARY_ORDER_GATE,MODEL_CONDITIONAL_TERRITORIAL_CEILING,unranked_context,UNRANKED_PRIMARY_ORDER_GATE,,,,,,,,,,,,,false,false,NONE,,,,,,,true
edition-target:lang:tzm-Latn-MA,Central Atlas Tamazight,tzm-Latn-MA,0.000000,820000000.000000,,,,,UNRANKED_PRIMARY_ORDER_GATE,UNRANKED_PRIMARY_ORDER_GATE,MODEL_CONDITIONAL_WORLD_CEILING,unranked_context,UNRANKED_PRIMARY_ORDER_GATE,,,,,,,,,,,,,false,false,NONE,,,,,,,true
edition-target:lang:tzm-Tfng-MA,Central Atlas Tamazight,tzm-Tfng-MA,0.000000,820000000.000000,,,,,UNRANKED_PRIMARY_ORDER_GATE,UNRANKED_PRIMARY_ORDER_GATE,MODEL_CONDITIONAL_WORLD_CEILING,unranked_context,UNRANKED_PRIMARY_ORDER_GATE,,,,,,,,,,,,,false,false,NONE,,,,,,,true
edition-target:lang:ug-Arab-CN,Uyghur,ug-Arab-CN,0.000000,66980238.095238,,,,,UNRANKED_PRIMARY_ORDER_GATE,UNRANKED_PRIMARY_ORDER_GATE,MODEL_CONDITIONAL_TERRITORIAL_CEILING,unranked_context,UNRANKED_PRIMARY_ORDER_GATE,,,,,,,,,,,,,false,false,NONE,,,,,,,true
edition-target:lang:ugn-UG,Ugandan Sign Language,ugn-UG,0.000000,6423111.750000,,,,,UNRANKED_PRIMARY_ORDER_GATE,UNRANKED_PRIMARY_ORDER_GATE,MODEL_CONDITIONAL_TERRITORIAL_CEILING,unranked_context,UNRANKED_PRIMARY_ORDER_GATE,,,,,,,,,,,,,false,false,NONE,,,,,,,true
edition-target:lang:uk-Cyrl-UA,Standard Ukrainian — Ukraine,uk-Cyrl-UA,0.000000,8200000000.000000,,,,,UNRANKED_PRIMARY_ORDER_GATE,UNRANKED_PRIMARY_ORDER_GATE,MODEL_CONDITIONAL_WORLD_CEILING,unranked_context,UNRANKED_PRIMARY_ORDER_GATE,,,,,,,,,,,,,false,false,NONE,,,,,,,true
edition-target:lang:uli-Latn-FM,Ulithian,uli-Latn-FM,0.000000,630769230.769231,,,,,UNRANKED_PRIMARY_ORDER_GATE,UNRANKED_PRIMARY_ORDER_GATE,MODEL_CONDITIONAL_WORLD_CEILING,unranked_context,UNRANKED_PRIMARY_ORDER_GATE,,,,,,,,,,,,,false,false,NONE,,,,,,,true
edition-target:lang:umb-Latn-AO,Umbundu,umb-Latn-AO,0.000000,1171428571.428571,,,,,UNRANKED_PRIMARY_ORDER_GATE,UNRANKED_PRIMARY_ORDER_GATE,MODEL_CONDITIONAL_WORLD_CEILING,unranked_context,UNRANKED_PRIMARY_ORDER_GATE,,,,,,,,,,,,,false,false,NONE,,,,,,,true
edition-target:lang:und-AF,"Dari, Pashto, Hazaragi, Uzbek and other Afghan languages",und-AF,0.000000,2733333333.333333,,,,,UNRANKED_PRIMARY_ORDER_GATE,UNRANKED_PRIMARY_ORDER_GATE,MODEL_CONDITIONAL_WORLD_CEILING,unranked_context,UNRANKED_PRIMARY_ORDER_GATE,,,,,,,,,,,,,false,false,NONE,,,,,,,true
edition-target:lang:und-Latn-DG-x-chagossian,Chagossian Creole,und-Latn-DG-x-chagossian,0.000000,8200000000.000000,,,,,UNRANKED_PRIMARY_ORDER_GATE,UNRANKED_PRIMARY_ORDER_GATE,MODEL_CONDITIONAL_WORLD_CEILING,unranked_context,UNRANKED_PRIMARY_ORDER_GATE,,,,,,,,,,,,,false,false,NONE,,,,,,,true
edition-target:lang:und-SD,Sudanese Arabic and multiple Sudanese languages,und-SD,0.000000,5166214.700000,,,,,UNRANKED_PRIMARY_ORDER_GATE,UNRANKED_PRIMARY_ORDER_GATE,MODEL_CONDITIONAL_TERRITORIAL_CEILING,unranked_context,UNRANKED_PRIMARY_ORDER_GATE,,,,,,,,,,,,,false,false,NONE,,,,,,,true
edition-target:lang:unresolved-bajjika-Deva-NP,Bajjika,lang:unresolved-bajjika-Deva-NP,0.000000,8200000000.000000,,,,,UNRANKED_PRIMARY_ORDER_GATE,UNRANKED_PRIMARY_ORDER_GATE,MODEL_CONDITIONAL_WORLD_CEILING,unranked_context,UNRANKED_PRIMARY_ORDER_GATE,,,,,,,,,,,,,false,false,NONE,,,,,,,true
edition-target:lang:unresolved-tag:all-languages-package-must-preserve-every-localized-text-font-caption-si:global-especially-rural-low-income-d,All languages,lang:unresolved-tag:all-languages-package-must-preserve-every-localized-text-font-caption-si:global-especially-rural-low-income-d,0.000000,8200000000.000000,,,,,UNRANKED_PRIMARY_ORDER_GATE,UNRANKED_PRIMARY_ORDER_GATE,MODEL_CONDITIONAL_WORLD_CEILING,unranked_context,UNRANKED_PRIMARY_ORDER_GATE,,,,,,,,,,,,,false,false,NONE,,,,,,,true
edition-target:lang:unresolved-tag:all-spoken-signed-and-written-languages-compression-must-retain-intellig:global-especially-rural-and-low-inco,"All spoken, signed, and written languages",lang:unresolved-tag:all-spoken-signed-and-written-languages-compression-must-retain-intellig:global-especially-rural-and-low-inco,0.000000,8200000000.000000,,,,,UNRANKED_PRIMARY_ORDER_GATE,UNRANKED_PRIMARY_ORDER_GATE,MODEL_CONDITIONAL_WORLD_CEILING,unranked_context,UNRANKED_PRIMARY_ORDER_GATE,,,,,,,,,,,,,false,false,NONE,,,,,,,true
edition-target:lang:unresolved-tag:all-written-languages-page-content-and-metadata-require-localization:global-instantiate-and-test-by-langu,All written languages,lang:unresolved-tag:all-written-languages-page-content-and-metadata-require-localization:global-instantiate-and-test-by-langu,0.000000,8200000000.000000,,,,,UNRANKED_PRIMARY_ORDER_GATE,UNRANKED_PRIMARY_ORDER_GATE,MODEL_CONDITIONAL_WORLD_CEILING,unranked_context,UNRANKED_PRIMARY_ORDER_GATE,,,,,,,,,,,,,false,false,NONE,,,,,,,true
edition-target:lang:unresolved-tag:all-written-languages-text-navigation-metadata-pronunciation-and-directi:global-instantiate-and-test-by-langu,All written languages,lang:unresolved-tag:all-written-languages-text-navigation-metadata-pronunciation-and-directi:global-instantiate-and-test-by-langu,0.000000,8200000000.000000,,,,,UNRANKED_PRIMARY_ORDER_GATE,UNRANKED_PRIMARY_ORDER_GATE,MODEL_CONDITIONAL_WORLD_CEILING,unranked_context,UNRANKED_PRIMARY_ORDER_GATE,,,,,,,,,,,,,false,false,NONE,,,,,,,true
edition-target:lang:unresolved-tag:amazonian-kichwa-exact-regional-variety-required:ecuador-amazonian-kichwa-exact-regio,Amazonian Kichwa — exact regional variety required,lang:unresolved-tag:amazonian-kichwa-exact-regional-variety-required:ecuador-amazonian-kichwa-exact-regio,0.000000,8200000000.000000,,,,,UNRANKED_PRIMARY_ORDER_GATE,UNRANKED_PRIMARY_ORDER_GATE,MODEL_CONDITIONAL_WORLD_CEILING,unranked_context,UNRANKED_PRIMARY_ORDER_GATE,,,,,,,,,,,,,false,false,NONE,,,,,,,true
edition-target:lang:unresolved-tag:amazonian-kichwa-in-peru:peru-amazonian-kichwa-in-peru-educat,Amazonian Kichwa in Peru,lang:unresolved-tag:amazonian-kichwa-in-peru:peru-amazonian-kichwa-in-peru-educat,0.000000,356521739.130435,,,,,UNRANKED_PRIMARY_ORDER_GATE,UNRANKED_PRIMARY_ORDER_GATE,MODEL_CONDITIONAL_WORLD_CEILING,unranked_context,UNRANKED_PRIMARY_ORDER_GATE,,,,,,,,,,,,,false,false,NONE,,,,,,,true
edition-target:lang:unresolved-tag:any-spoken-language-variety-terminology-timing-pronunciation-and-voice-r:global-instantiate-by-media-language,Any spoken language,lang:unresolved-tag:any-spoken-language-variety-terminology-timing-pronunciation-and-voice-r:global-instantiate-by-media-language,0.000000,8200000000.000000,,,,,UNRANKED_PRIMARY_ORDER_GATE,UNRANKED_PRIMARY_ORDER_GATE,MODEL_CONDITIONAL_WORLD_CEILING,unranked_context,UNRANKED_PRIMARY_ORDER_GATE,,,,,,,,,,,,,false,false,NONE,,,,,,,true
edition-target:lang:unresolved-tag:any-target-written-language-descriptions-require-subject-expertise-and-l:global-instantiate-by-language-curri,Any target written language,lang:unresolved-tag:any-target-written-language-descriptions-require-subject-expertise-and-l:global-instantiate-by-language-curri,0.000000,8200000000.000000,,,,,UNRANKED_PRIMARY_ORDER_GATE,UNRANKED_PRIMARY_ORDER_GATE,MODEL_CONDITIONAL_WORLD_CEILING,unranked_context,UNRANKED_PRIMARY_ORDER_GATE,,,,,,,,,,,,,false,false,NONE,,,,,,,true
edition-target:lang:unresolved-tag:any-target-written-language-easy-read-conventions-and-images-require-loc:global-instantiate-by-language-cogni,Any target written language,lang:unresolved-tag:any-target-written-language-easy-read-conventions-and-images-require-loc:global-instantiate-by-language-cogni,0.000000,8200000000.000000,,,,,UNRANKED_PRIMARY_ORDER_GATE,UNRANKED_PRIMARY_ORDER_GATE,MODEL_CONDITIONAL_WORLD_CEILING,unranked_context,UNRANKED_PRIMARY_ORDER_GATE,,,,,,,,,,,,,false,false,NONE,,,,,,,true
edition-target:lang:unresolved-tag:any-target-written-language-font-coverage-line-breaking-directionality-a:global-instantiate-by-language-print,Any target written language,lang:unresolved-tag:any-target-written-language-font-coverage-line-breaking-directionality-a:global-instantiate-by-language-print,0.000000,8200000000.000000,,,,,UNRANKED_PRIMARY_ORDER_GATE,UNRANKED_PRIMARY_ORDER_GATE,MODEL_CONDITIONAL_WORLD_CEILING,unranked_context,UNRANKED_PRIMARY_ORDER_GATE,,,,,,,,,,,,,false,false,NONE,,,,,,,true
edition-target:lang:unresolved-tag:any-target-written-language-rewriting-and-cultural-examples-must-be-loca:global-instantiate-by-language-liter,Any target written language,lang:unresolved-tag:any-target-written-language-rewriting-and-cultural-examples-must-be-loca:global-instantiate-by-language-liter,0.000000,8200000000.000000,,,,,UNRANKED_PRIMARY_ORDER_GATE,UNRANKED_PRIMARY_ORDER_GATE,MODEL_CONDITIONAL_WORLD_CEILING,unranked_context,UNRANKED_PRIMARY_ORDER_GATE,,,,,,,,,,,,,false,false,NONE,,,,,,,true
edition-target:lang:unresolved-tag:any-written-and-spoken-language-variety-narration-pronunciation-accent-n:global-instantiate-by-written-spoken,Any written and spoken language,lang:unresolved-tag:any-written-and-spoken-language-variety-narration-pronunciation-accent-n:global-instantiate-by-written-spoken,0.000000,8200000000.000000,,,,,UNRANKED_PRIMARY_ORDER_GATE,UNRANKED_PRIMARY_ORDER_GATE,MODEL_CONDITIONAL_WORLD_CEILING,unranked_context,UNRANKED_PRIMARY_ORDER_GATE,,,,,,,,,,,,,false,false,NONE,,,,,,,true
edition-target:lang:unresolved-tag:any-written-language-matching-or-deliberately-translating-the-media-lang:global-instantiate-by-media-language,Any written language matching or deliberately translating the media,lang:unresolved-tag:any-written-language-matching-or-deliberately-translating-the-media-lang:global-instantiate-by-media-language,0.000000,8200000000.000000,,,,,UNRANKED_PRIMARY_ORDER_GATE,UNRANKED_PRIMARY_ORDER_GATE,MODEL_CONDITIONAL_WORLD_CEILING,unranked_context,UNRANKED_PRIMARY_ORDER_GATE,,,,,,,,,,,,,false,false,NONE,,,,,,,true
edition-target:lang:unresolved-tag:any-written-language-matching-or-deliberately-translating-the-session-su:global-instantiate-by-session-langua,Any written language matching or deliberately translating the session,lang:unresolved-tag:any-written-language-matching-or-deliberately-translating-the-session-su:global-instantiate-by-session-langua,0.000000,8200000000.000000,,,,,UNRANKED_PRIMARY_ORDER_GATE,UNRANKED_PRIMARY_ORDER_GATE,MODEL_CONDITIONAL_WORLD_CEILING,unranked_context,UNRANKED_PRIMARY_ORDER_GATE,,,,,,,,,,,,,false,false,NONE,,,,,,,true
edition-target:lang:unresolved-tag:argentina-quechua-exact-local-variety-required:argentina-people-self-identifying-as,Argentina Quechua — exact local variety required,lang:unresolved-tag:argentina-quechua-exact-local-variety-required:argentina-people-self-identifying-as,0.000000,8200000000.000000,,,,,UNRANKED_PRIMARY_ORDER_GATE,UNRANKED_PRIMARY_ORDER_GATE,MODEL_CONDITIONAL_WORLD_CEILING,unranked_context,UNRANKED_PRIMARY_ORDER_GATE,,,,,,,,,,,,,false,false,NONE,,,,,,,true
edition-target:lang:unresolved-tag:arha:new-caledonia-arha-using-communities,Arhâ,lang:unresolved-tag:arha:new-caledonia-arha-using-communities,0.000000,8200000000.000000,,,,,UNRANKED_PRIMARY_ORDER_GATE,UNRANKED_PRIMARY_ORDER_GATE,MODEL_CONDITIONAL_WORLD_CEILING,unranked_context,UNRANKED_PRIMARY_ORDER_GATE,,,,,,,,,,,,,false,false,NONE,,,,,,,true
edition-target:lang:unresolved-tag:ava-guarani:paraguay-ava-guarani-people,Ava Guaraní,lang:unresolved-tag:ava-guarani:paraguay-ava-guarani-people,0.000000,8200000000.000000,,,,,UNRANKED_PRIMARY_ORDER_GATE,UNRANKED_PRIMARY_ORDER_GATE,MODEL_CONDITIONAL_WORLD_CEILING,unranked_context,UNRANKED_PRIMARY_ORDER_GATE,,,,,,,,,,,,,false,false,NONE,,,,,,,true
edition-target:lang:unresolved-tag:ba-na:viet-nam-ba-na-ethnicity-proxy,Ba Na,lang:unresolved-tag:ba-na:viet-nam-ba-na-ethnicity-proxy,0.000000,8466543.916667,,,,,UNRANKED_PRIMARY_ORDER_GATE,UNRANKED_PRIMARY_ORDER_GATE,MODEL_CONDITIONAL_TERRITORIAL_CEILING,unranked_context,UNRANKED_PRIMARY_ORDER_GATE,,,,,,,,,,,,,false,false,NONE,,,,,,,true
edition-target:lang:unresolved-tag:bai-coca:ecuador-bai-coca-communities,Bai Coca,lang:unresolved-tag:bai-coca:ecuador-bai-coca-communities,0.000000,8200000000.000000,,,,,UNRANKED_PRIMARY_ORDER_GATE,UNRANKED_PRIMARY_ORDER_GATE,MODEL_CONDITIONAL_WORLD_CEILING,unranked_context,UNRANKED_PRIMARY_ORDER_GATE,,,,,,,,,,,,,false,false,NONE,,,,,,,true
edition-target:lang:unresolved-tag:baikenu-uab-meto:timor-leste-baikenu-uab-meto-l1-comm,Baikenu,lang:unresolved-tag:baikenu-uab-meto:timor-leste-baikenu-uab-meto-l1-comm,0.000000,8200000000.000000,,,,,UNRANKED_PRIMARY_ORDER_GATE,UNRANKED_PRIMARY_ORDER_GATE,MODEL_CONDITIONAL_WORLD_CEILING,unranked_context,UNRANKED_PRIMARY_ORDER_GATE,,,,,,,,,,,,,false,false,NONE,,,,,,,true
edition-target:lang:unresolved-tag:betsileo-malagasy:madagascar-betsileo-communities,Betsileo Malagasy,lang:unresolved-tag:betsileo-malagasy:madagascar-betsileo-communities,0.000000,745454545.454545,,,,,UNRANKED_PRIMARY_ORDER_GATE,UNRANKED_PRIMARY_ORDER_GATE,MODEL_CONDITIONAL_WORLD_CEILING,unranked_context,UNRANKED_PRIMARY_ORDER_GATE,,,,,,,,,,,,,false,false,NONE,,,,,,,true
edition-target:lang:unresolved-tag:betsileo-malagasy:madagascar-betsileo-malagasy-learner,Betsileo Malagasy,lang:unresolved-tag:betsileo-malagasy:madagascar-betsileo-malagasy-learner,0.000000,745454545.454545,,,,,UNRANKED_PRIMARY_ORDER_GATE,UNRANKED_PRIMARY_ORDER_GATE,MODEL_CONDITIONAL_WORLD_CEILING,unranked_context,UNRANKED_PRIMARY_ORDER_GATE,,,,,,,,,,,,,false,false,NONE,,,,,,,true
edition-target:lang:unresolved-tag:betsimisaraka-malagasy:madagascar-betsimisaraka-malagasy-le,Betsimisaraka Malagasy,lang:unresolved-tag:betsimisaraka-malagasy:madagascar-betsimisaraka-malagasy-le,0.000000,745454545.454545,,,,,UNRANKED_PRIMARY_ORDER_GATE,UNRANKED_PRIMARY_ORDER_GATE,MODEL_CONDITIONAL_WORLD_CEILING,unranked_context,UNRANKED_PRIMARY_ORDER_GATE,,,,,,,,,,,,,false,false,NONE,,,,,,,true
edition-target:lang:unresolved-tag:bolivian-quechua-exact-regional-variety-required:bolivia-named-language-communities,Bolivian Quechua — exact regional variety required,lang:unresolved-tag:bolivian-quechua-exact-regional-variety-required:bolivia-named-language-communities,0.000000,1640000000.000000,,,,,UNRANKED_PRIMARY_ORDER_GATE,UNRANKED_PRIMARY_ORDER_GATE,MODEL_CONDITIONAL_WORLD_CEILING,unranked_context,UNRANKED_PRIMARY_ORDER_GATE,,,,,,,,,,,,,false,false,NONE,,,,,,,true
edition-target:lang:unresolved-tag:bunong-mnong-variety-to-be-fixed-by-locale:cambodia-bunong-mnong-communities-wi,Bunong,lang:unresolved-tag:bunong-mnong-variety-to-be-fixed-by-locale:cambodia-bunong-mnong-communities-wi,0.000000,8200000000.000000,,,,,UNRANKED_PRIMARY_ORDER_GATE,UNRANKED_PRIMARY_ORDER_GATE,MODEL_CONDITIONAL_WORLD_CEILING,unranked_context,UNRANKED_PRIMARY_ORDER_GATE,,,,,,,,,,,,,false,false,NONE,,,,,,,true
edition-target:lang:unresolved-tag:central-quechua-ancash:peru-central-quechua-ancash-educatio,Central Quechua — Áncash,lang:unresolved-tag:central-quechua-ancash:peru-central-quechua-ancash-educatio,0.000000,356521739.130435,,,,,UNRANKED_PRIMARY_ORDER_GATE,UNRANKED_PRIMARY_ORDER_GATE,MODEL_CONDITIONAL_WORLD_CEILING,unranked_context,UNRANKED_PRIMARY_ORDER_GATE,,,,,,,,,,,,,false,false,NONE,,,,,,,true
edition-target:lang:unresolved-tag:central-quechua-huanuco:peru-central-quechua-huanuco-educati,Central Quechua — Huánuco,lang:unresolved-tag:central-quechua-huanuco:peru-central-quechua-huanuco-educati,0.000000,356521739.130435,,,,,UNRANKED_PRIMARY_ORDER_GATE,UNRANKED_PRIMARY_ORDER_GATE,MODEL_CONDITIONAL_WORLD_CEILING,unranked_context,UNRANKED_PRIMARY_ORDER_GATE,,,,,,,,,,,,,false,false,NONE,,,,,,,true
edition-target:lang:unresolved-tag:chilean-quechua-exact-local-variety-required:chile-chilean-quechua-exact-local-va,Chilean Quechua — exact local variety required,lang:unresolved-tag:chilean-quechua-exact-local-variety-required:chile-chilean-quechua-exact-local-va,0.000000,8200000000.000000,,,,,UNRANKED_PRIMARY_ORDER_GATE,UNRANKED_PRIMARY_ORDER_GATE,MODEL_CONDITIONAL_WORLD_CEILING,unranked_context,UNRANKED_PRIMARY_ORDER_GATE,,,,,,,,,,,,,false,false,NONE,,,,,,,true
edition-target:lang:unresolved-tag:chinese-varieties-among-hoa-communities:viet-nam-hoa-ethnicity-proxy,Chinese varieties among Hoa communities,lang:unresolved-tag:chinese-varieties-among-hoa-communities:viet-nam-hoa-ethnicity-proxy,0.000000,8466543.916667,,,,,UNRANKED_PRIMARY_ORDER_GATE,UNRANKED_PRIMARY_ORDER_GATE,MODEL_CONDITIONAL_TERRITORIAL_CEILING,unranked_context,UNRANKED_PRIMARY_ORDER_GATE,,,,,,,,,,,,,false,false,NONE,,,,,,,true
edition-target:lang:unresolved-tag:chorote:argentina-people-self-identifying-as,Chorote,lang:unresolved-tag:chorote:argentina-people-self-identifying-as,0.000000,8200000000.000000,,,,,UNRANKED_PRIMARY_ORDER_GATE,UNRANKED_PRIMARY_ORDER_GATE,MODEL_CONDITIONAL_WORLD_CEILING,unranked_context,UNRANKED_PRIMARY_ORDER_GATE,,,,,,,,,,,,,false,false,NONE,,,,,,,true
edition-target:lang:unresolved-tag:cross-language-mathematical-structure-speech-rules-variable-names-decima:global-instantiate-by-language-local,Cross-language mathematical structure,lang:unresolved-tag:cross-language-mathematical-structure-speech-rules-variable-names-decima:global-instantiate-by-language-local,0.000000,8200000000.000000,,,,,UNRANKED_PRIMARY_ORDER_GATE,UNRANKED_PRIMARY_ORDER_GATE,MODEL_CONDITIONAL_WORLD_CEILING,unranked_context,UNRANKED_PRIMARY_ORDER_GATE,,,,,,,,,,,,,false,false,NONE,,,,,,,true
edition-target:lang:unresolved-tag:cup-ik-cu-pig:united-states-cup-ik-cu-pig-communit,Cup’ik,lang:unresolved-tag:cup-ik-cu-pig:united-states-cup-ik-cu-pig-communit,0.000000,13671394.280000,,,,,UNRANKED_PRIMARY_ORDER_GATE,UNRANKED_PRIMARY_ORDER_GATE,MODEL_CONDITIONAL_TERRITORIAL_CEILING,unranked_context,UNRANKED_PRIMARY_ORDER_GATE,,,,,,,,,,,,,false,false,NONE,,,,,,,true
edition-target:lang:unresolved-tag:dao-census-category:viet-nam-dao-ethnicity-proxy,Dao census category,lang:unresolved-tag:dao-census-category:viet-nam-dao-ethnicity-proxy,0.000000,8466543.916667,,,,,UNRANKED_PRIMARY_ORDER_GATE,UNRANKED_PRIMARY_ORDER_GATE,MODEL_CONDITIONAL_TERRITORIAL_CEILING,unranked_context,UNRANKED_PRIMARY_ORDER_GATE,,,,,,,,,,,,,false,false,NONE,,,,,,,true
edition-target:lang:unresolved-tag:fataluku:timor-leste-fataluku-l1-communities,Fataluku,lang:unresolved-tag:fataluku:timor-leste-fataluku-l1-communities,0.000000,8200000000.000000,,,,,UNRANKED_PRIMARY_ORDER_GATE,UNRANKED_PRIMARY_ORDER_GATE,MODEL_CONDITIONAL_WORLD_CEILING,unranked_context,UNRANKED_PRIMARY_ORDER_GATE,,,,,,,,,,,,,false,false,NONE,,,,,,,true
edition-target:lang:unresolved-tag:forest-nenets:russian-arctic-and-sub-arctic-forest,Forest Nenets,lang:unresolved-tag:forest-nenets:russian-arctic-and-sub-arctic-forest,0.000000,8200000000.000000,,,,,UNRANKED_PRIMARY_ORDER_GATE,UNRANKED_PRIMARY_ORDER_GATE,MODEL_CONDITIONAL_WORLD_CEILING,unranked_context,UNRANKED_PRIMARY_ORDER_GATE,,,,,,,,,,,,,false,false,NONE,,,,,,,true
edition-target:lang:unresolved-tag:galoli:timor-leste-galoli-l1-communities,Galoli,lang:unresolved-tag:galoli:timor-leste-galoli-l1-communities,0.000000,8200000000.000000,,,,,UNRANKED_PRIMARY_ORDER_GATE,UNRANKED_PRIMARY_ORDER_GATE,MODEL_CONDITIONAL_WORLD_CEILING,unranked_context,UNRANKED_PRIMARY_ORDER_GATE,,,,,,,,,,,,,false,false,NONE,,,,,,,true
edition-target:lang:unresolved-tag:guarani-nandeva:paraguay-guarani-nandeva-people,Guaraní Ñandéva,lang:unresolved-tag:guarani-nandeva:paraguay-guarani-nandeva-people,0.000000,8200000000.000000,,,,,UNRANKED_PRIMARY_ORDER_GATE,UNRANKED_PRIMARY_ORDER_GATE,MODEL_CONDITIONAL_WORLD_CEILING,unranked_context,UNRANKED_PRIMARY_ORDER_GATE,,,,,,,,,,,,,false,false,NONE,,,,,,,true
edition-target:lang:unresolved-tag:guarani-occidental:paraguay-guarani-occidental-people,Guaraní Occidental,lang:unresolved-tag:guarani-occidental:paraguay-guarani-occidental-people,0.000000,8200000000.000000,,,,,UNRANKED_PRIMARY_ORDER_GATE,UNRANKED_PRIMARY_ORDER_GATE,MODEL_CONDITIONAL_WORLD_CEILING,unranked_context,UNRANKED_PRIMARY_ORDER_GATE,,,,,,,,,,,,,false,false,NONE,,,,,,,true
edition-target:lang:unresolved-tag:haida-alaska-variety-required:united-states-haida-alaska-variety-r,Haida — Alaska variety required,lang:unresolved-tag:haida-alaska-variety-required:united-states-haida-alaska-variety-r,0.000000,13671394.280000,,,,,UNRANKED_PRIMARY_ORDER_GATE,UNRANKED_PRIMARY_ORDER_GATE,MODEL_CONDITIONAL_TERRITORIAL_CEILING,unranked_context,UNRANKED_PRIMARY_ORDER_GATE,,,,,,,,,,,,,false,false,NONE,,,,,,,true
edition-target:lang:unresolved-tag:highland-kichwa-exact-regional-variety-required:ecuador-highland-kichwa-exact-region,Highland Kichwa — exact regional variety required,lang:unresolved-tag:highland-kichwa-exact-regional-variety-required:ecuador-highland-kichwa-exact-region,0.000000,8200000000.000000,,,,,UNRANKED_PRIMARY_ORDER_GATE,UNRANKED_PRIMARY_ORDER_GATE,MODEL_CONDITIONAL_WORLD_CEILING,unranked_context,UNRANKED_PRIMARY_ORDER_GATE,,,,,,,,,,,,,false,false,NONE,,,,,,,true
edition-target:lang:unresolved-tag:hindko-census-category:pakistan-especially-khyber-pakhtunkh,Hindko (Census category),lang:unresolved-tag:hindko-census-category:pakistan-especially-khyber-pakhtunkh,0.000000,25521955.400000,,,,,UNRANKED_PRIMARY_ORDER_GATE,UNRANKED_PRIMARY_ORDER_GATE,MODEL_CONDITIONAL_TERRITORIAL_CEILING,unranked_context,UNRANKED_PRIMARY_ORDER_GATE,,,,,,,,,,,,,false,false,NONE,,,,,,,true
edition-target:lang:unresolved-tag:inuktun-avanersuarmiutut:qaanaaq-avanersuaq-greenland,Inuktun,lang:unresolved-tag:inuktun-avanersuarmiutut:qaanaaq-avanersuaq-greenland,0.000000,8200000000.000000,,,,,UNRANKED_PRIMARY_ORDER_GATE,UNRANKED_PRIMARY_ORDER_GATE,MODEL_CONDITIONAL_WORLD_CEILING,unranked_context,UNRANKED_PRIMARY_ORDER_GATE,,,,,,,,,,,,,false,false,NONE,,,,,,,true
edition-target:lang:unresolved-tag:inuvialuktun:canada-inuvialuktun-communities-and,Inuvialuktun,lang:unresolved-tag:inuvialuktun:canada-inuvialuktun-communities-and,0.000000,303703703.703704,,,,,UNRANKED_PRIMARY_ORDER_GATE,UNRANKED_PRIMARY_ORDER_GATE,MODEL_CONDITIONAL_WORLD_CEILING,unranked_context,UNRANKED_PRIMARY_ORDER_GATE,,,,,,,,,,,,,false,false,NONE,,,,,,,true
edition-target:lang:unresolved-tag:iogys:argentina-people-self-identifying-as,Iogys,lang:unresolved-tag:iogys:argentina-people-self-identifying-as,0.000000,8200000000.000000,,,,,UNRANKED_PRIMARY_ORDER_GATE,UNRANKED_PRIMARY_ORDER_GATE,MODEL_CONDITIONAL_WORLD_CEILING,unranked_context,UNRANKED_PRIMARY_ORDER_GATE,,,,,,,,,,,,,false,false,NONE,,,,,,,true
edition-target:lang:unresolved-tag:jamaican-country-sign-konchri-sain:st-elizabeth-jamaica,Jamaican Country Sign,lang:unresolved-tag:jamaican-country-sign-konchri-sain:st-elizabeth-jamaica,0.000000,8200000000.000000,,,,,UNRANKED_PRIMARY_ORDER_GATE,UNRANKED_PRIMARY_ORDER_GATE,MODEL_CONDITIONAL_WORLD_CEILING,unranked_context,UNRANKED_PRIMARY_ORDER_GATE,,,,,,,,,,,,,false,false,NONE,,,,,,,true
edition-target:lang:unresolved-tag:ka-apor-sign-language:brazil-ka-apor-community,Ka’apor Sign Language,lang:unresolved-tag:ka-apor-sign-language:brazil-ka-apor-community,0.000000,11200652.894737,,,,,UNRANKED_PRIMARY_ORDER_GATE,UNRANKED_PRIMARY_ORDER_GATE,MODEL_CONDITIONAL_TERRITORIAL_CEILING,unranked_context,UNRANKED_PRIMARY_ORDER_GATE,,,,,,,,,,,,,false,false,NONE,,,,,,,true
edition-target:lang:unresolved-tag:kadazandusun-varieties:sabah-malaysia-kadazandusun-communit,Kadazandusun varieties,lang:unresolved-tag:kadazandusun-varieties:sabah-malaysia-kadazandusun-communit,0.000000,8200000000.000000,,,,,UNRANKED_PRIMARY_ORDER_GATE,UNRANKED_PRIMARY_ORDER_GATE,MODEL_CONDITIONAL_WORLD_CEILING,unranked_context,UNRANKED_PRIMARY_ORDER_GATE,,,,,,,,,,,,,false,false,NONE,,,,,,,true
edition-target:lang:unresolved-tag:kavet:cambodia-kavet-communities-within-mi,Kavet,lang:unresolved-tag:kavet:cambodia-kavet-communities-within-mi,0.000000,8200000000.000000,,,,,UNRANKED_PRIMARY_ORDER_GATE,UNRANKED_PRIMARY_ORDER_GATE,MODEL_CONDITIONAL_WORLD_CEILING,unranked_context,UNRANKED_PRIMARY_ORDER_GATE,,,,,,,,,,,,,false,false,NONE,,,,,,,true
edition-target:lang:unresolved-tag:kreung:cambodia-kreung-communities-within-m,Kreung,lang:unresolved-tag:kreung:cambodia-kreung-communities-within-m,0.000000,8200000000.000000,,,,,UNRANKED_PRIMARY_ORDER_GATE,UNRANKED_PRIMARY_ORDER_GATE,MODEL_CONDITIONAL_WORLD_CEILING,unranked_context,UNRANKED_PRIMARY_ORDER_GATE,,,,,,,,,,,,,false,false,NONE,,,,,,,true
edition-target:lang:unresolved-tag:localized-labels-in-one-declared-written-braille-language-tactile-geomet:global-instantiate-by-curriculum-dia,Localized labels in one declared written,lang:unresolved-tag:localized-labels-in-one-declared-written-braille-language-tactile-geomet:global-instantiate-by-curriculum-dia,0.000000,8200000000.000000,,,,,UNRANKED_PRIMARY_ORDER_GATE,UNRANKED_PRIMARY_ORDER_GATE,MODEL_CONDITIONAL_WORLD_CEILING,unranked_context,UNRANKED_PRIMARY_ORDER_GATE,,,,,,,,,,,,,false,false,NONE,,,,,,,true
edition-target:lang:unresolved-tag:mapuche-tehuelche:argentina-people-self-identifying-as,Mapuche-Tehuelche,lang:unresolved-tag:mapuche-tehuelche:argentina-people-self-identifying-as,0.000000,8200000000.000000,,,,,UNRANKED_PRIMARY_ORDER_GATE,UNRANKED_PRIMARY_ORDER_GATE,MODEL_CONDITIONAL_WORLD_CEILING,unranked_context,UNRANKED_PRIMARY_ORDER_GATE,,,,,,,,,,,,,false,false,NONE,,,,,,,true
edition-target:lang:unresolved-tag:mayangna-exact-local-variety-required:nicaragua-mayangna-communities,Mayangna — exact local variety required,lang:unresolved-tag:mayangna-exact-local-variety-required:nicaragua-mayangna-communities,0.000000,8200000000.000000,,,,,UNRANKED_PRIMARY_ORDER_GATE,UNRANKED_PRIMARY_ORDER_GATE,MODEL_CONDITIONAL_WORLD_CEILING,unranked_context,UNRANKED_PRIMARY_ORDER_GATE,,,,,,,,,,,,,false,false,NONE,,,,,,,true
edition-target:lang:unresolved-tag:midiki:timor-leste-midiki-l1-communities,Midiki,lang:unresolved-tag:midiki:timor-leste-midiki-l1-communities,0.000000,8200000000.000000,,,,,UNRANKED_PRIMARY_ORDER_GATE,UNRANKED_PRIMARY_ORDER_GATE,MODEL_CONDITIONAL_WORLD_CEILING,unranked_context,UNRANKED_PRIMARY_ORDER_GATE,,,,,,,,,,,,,false,false,NONE,,,,,,,true
edition-target:lang:unresolved-tag:multilingual-mainland-population-zh-hans-cn-capable-subset-unmeasured:mainland-china-people-offline-in-the,Multilingual mainland population,lang:unresolved-tag:multilingual-mainland-population-zh-hans-cn-capable-subset-unmeasured:mainland-china-people-offline-in-the,0.000000,66980238.095238,,,,,UNRANKED_PRIMARY_ORDER_GATE,UNRANKED_PRIMARY_ORDER_GATE,MODEL_CONDITIONAL_TERRITORIAL_CEILING,unranked_context,UNRANKED_PRIMARY_ORDER_GATE,,,,,,,,,,,,,false,false,NONE,,,,,,,true
edition-target:lang:unresolved-tag:multilingual-older-population-zh-hans-cn-capable-subset-unmeasured:mainland-china-people-aged-60-or-old,Multilingual older population,lang:unresolved-tag:multilingual-older-population-zh-hans-cn-capable-subset-unmeasured:mainland-china-people-aged-60-or-old,0.000000,66980238.095238,,,,,UNRANKED_PRIMARY_ORDER_GATE,UNRANKED_PRIMARY_ORDER_GATE,MODEL_CONDITIONAL_TERRITORIAL_CEILING,unranked_context,UNRANKED_PRIMARY_ORDER_GATE,,,,,,,,,,,,,false,false,NONE,,,,,,,true
edition-target:lang:unresolved-tag:multilingual-rural-population-zh-hans-cn-capable-subset-unmeasured:mainland-china-rural-residents-offli,Multilingual rural population,lang:unresolved-tag:multilingual-rural-population-zh-hans-cn-capable-subset-unmeasured:mainland-china-rural-residents-offli,0.000000,66980238.095238,,,,,UNRANKED_PRIMARY_ORDER_GATE,UNRANKED_PRIMARY_ORDER_GATE,MODEL_CONDITIONAL_TERRITORIAL_CEILING,unranked_context,UNRANKED_PRIMARY_ORDER_GATE,,,,,,,,,,,,,false,false,NONE,,,,,,,true
edition-target:lang:unresolved-tag:muong-varieties:viet-nam-muong-ethnicity-proxy,Mường varieties,lang:unresolved-tag:muong-varieties:viet-nam-muong-ethnicity-proxy,0.000000,8466543.916667,,,,,UNRANKED_PRIMARY_ORDER_GATE,UNRANKED_PRIMARY_ORDER_GATE,MODEL_CONDITIONAL_TERRITORIAL_CEILING,unranked_context,UNRANKED_PRIMARY_ORDER_GATE,,,,,,,,,,,,,false,false,NONE,,,,,,,true
edition-target:lang:unresolved-tag:named-sign-language-required-instantiate-one-candidate-per-identified-la:named-deaf-community-and-territory-m,NAMED SIGN LANGUAGE REQUIRED,lang:unresolved-tag:named-sign-language-required-instantiate-one-candidate-per-identified-la:named-deaf-community-and-territory-m,0.000000,8200000000.000000,,,,,UNRANKED_PRIMARY_ORDER_GATE,UNRANKED_PRIMARY_ORDER_GATE,MODEL_CONDITIONAL_WORLD_CEILING,unranked_context,UNRANKED_PRIMARY_ORDER_GATE,,,,,,,,,,,,,false,false,NONE,,,,,,,true
edition-target:lang:unresolved-tag:national-and-indigenous-sign-languages:worldwide-signing-deaf-communities,National and Indigenous sign languages,lang:unresolved-tag:national-and-indigenous-sign-languages:worldwide-signing-deaf-communities,0.000000,8200000000.000000,,,,,UNRANKED_PRIMARY_ORDER_GATE,UNRANKED_PRIMARY_ORDER_GATE,MODEL_CONDITIONAL_WORLD_CEILING,unranked_context,UNRANKED_PRIMARY_ORDER_GATE,,,,,,,,,,,,,false,false,NONE,,,,,,,true
edition-target:lang:unresolved-tag:naueti:timor-leste-naueti-l1-communities,Naueti,lang:unresolved-tag:naueti:timor-leste-naueti-l1-communities,0.000000,8200000000.000000,,,,,UNRANKED_PRIMARY_ORDER_GATE,UNRANKED_PRIMARY_ORDER_GATE,MODEL_CONDITIONAL_WORLD_CEILING,unranked_context,UNRANKED_PRIMARY_ORDER_GATE,,,,,,,,,,,,,false,false,NONE,,,,,,,true
edition-target:lang:unresolved-tag:neku:new-caledonia-neku-using-communities,Nèku,lang:unresolved-tag:neku:new-caledonia-neku-using-communities,0.000000,8200000000.000000,,,,,UNRANKED_PRIMARY_ORDER_GATE,UNRANKED_PRIMARY_ORDER_GATE,MODEL_CONDITIONAL_WORLD_CEILING,unranked_context,UNRANKED_PRIMARY_ORDER_GATE,,,,,,,,,,,,,false,false,NONE,,,,,,,true
edition-target:lang:unresolved-tag:ngatikese:federated-states-of-micronesia-ngati,Ngatikese,lang:unresolved-tag:ngatikese:federated-states-of-micronesia-ngati,0.000000,8200000000.000000,,,,,UNRANKED_PRIMARY_ORDER_GATE,UNRANKED_PRIMARY_ORDER_GATE,MODEL_CONDITIONAL_WORLD_CEILING,unranked_context,UNRANKED_PRIMARY_ORDER_GATE,,,,,,,,,,,,,false,false,NONE,,,,,,,true
edition-target:lang:unresolved-tag:northern-pwo-karen:myanmar-and-displaced-northern-pwo-c,Northern Pwo Karen,lang:unresolved-tag:northern-pwo-karen:myanmar-and-displaced-northern-pwo-c,0.000000,4570887.333333,,,,,UNRANKED_PRIMARY_ORDER_GATE,UNRANKED_PRIMARY_ORDER_GATE,MODEL_CONDITIONAL_TERRITORIAL_CEILING,unranked_context,UNRANKED_PRIMARY_ORDER_GATE,,,,,,,,,,,,,false,false,NONE,,,,,,,true
edition-target:lang:unresolved-tag:one-named-written-language-and-braille-code-per-edition-contraction-leve:global-instantiate-by-language-count,One named written language and braille code per edition,lang:unresolved-tag:one-named-written-language-and-braille-code-per-edition-contraction-leve:global-instantiate-by-language-count,0.000000,8200000000.000000,,,,,UNRANKED_PRIMARY_ORDER_GATE,UNRANKED_PRIMARY_ORDER_GATE,MODEL_CONDITIONAL_WORLD_CEILING,unranked_context,UNRANKED_PRIMARY_ORDER_GATE,,,,,,,,,,,,,false,false,NONE,,,,,,,true
edition-target:lang:unresolved-tag:pai-tavytera:paraguay-pai-tavytera-people,Paĩ Tavyterã,lang:unresolved-tag:pai-tavytera:paraguay-pai-tavytera-people,0.000000,8200000000.000000,,,,,UNRANKED_PRIMARY_ORDER_GATE,UNRANKED_PRIMARY_ORDER_GATE,MODEL_CONDITIONAL_WORLD_CEILING,unranked_context,UNRANKED_PRIMARY_ORDER_GATE,,,,,,,,,,,,,false,false,NONE,,,,,,,true
edition-target:lang:unresolved-tag:paikoka:ecuador-paikoka-communities,Paikoka,lang:unresolved-tag:paikoka:ecuador-paikoka-communities,0.000000,8200000000.000000,,,,,UNRANKED_PRIMARY_ORDER_GATE,UNRANKED_PRIMARY_ORDER_GATE,MODEL_CONDITIONAL_WORLD_CEILING,unranked_context,UNRANKED_PRIMARY_ORDER_GATE,,,,,,,,,,,,,false,false,NONE,,,,,,,true
edition-target:lang:unresolved-tag:paramaccan:suriname-paramaccan-communities,Paramaccan,lang:unresolved-tag:paramaccan:suriname-paramaccan-communities,0.000000,8200000000.000000,,,,,UNRANKED_PRIMARY_ORDER_GATE,UNRANKED_PRIMARY_ORDER_GATE,MODEL_CONDITIONAL_WORLD_CEILING,unranked_context,UNRANKED_PRIMARY_ORDER_GATE,,,,,,,,,,,,,false,false,NONE,,,,,,,true
edition-target:lang:unresolved-tag:pasco-quechua:peru-pasco-quechua-education-communi,Pasco Quechua,lang:unresolved-tag:pasco-quechua:peru-pasco-quechua-education-communi,0.000000,356521739.130435,,,,,UNRANKED_PRIMARY_ORDER_GATE,UNRANKED_PRIMARY_ORDER_GATE,MODEL_CONDITIONAL_WORLD_CEILING,unranked_context,UNRANKED_PRIMARY_ORDER_GATE,,,,,,,,,,,,,false,false,NONE,,,,,,,true
edition-target:lang:unresolved-tag:pemon-arekuna:venezuela-pemon-arekuna-communities,Pemón — Arekuna,lang:unresolved-tag:pemon-arekuna:venezuela-pemon-arekuna-communities,0.000000,8200000000.000000,,,,,UNRANKED_PRIMARY_ORDER_GATE,UNRANKED_PRIMARY_ORDER_GATE,MODEL_CONDITIONAL_WORLD_CEILING,unranked_context,UNRANKED_PRIMARY_ORDER_GATE,,,,,,,,,,,,,false,false,NONE,,,,,,,true
edition-target:lang:unresolved-tag:pemon-kamarakoto:venezuela-pemon-kamarakoto-communiti,Pemón — Kamarakoto,lang:unresolved-tag:pemon-kamarakoto:venezuela-pemon-kamarakoto-communiti,0.000000,8200000000.000000,,,,,UNRANKED_PRIMARY_ORDER_GATE,UNRANKED_PRIMARY_ORDER_GATE,MODEL_CONDITIONAL_WORLD_CEILING,unranked_context,UNRANKED_PRIMARY_ORDER_GATE,,,,,,,,,,,,,false,false,NONE,,,,,,,true
edition-target:lang:unresolved-tag:phou-tai-tai-dam-census-related-labels:lao-pdr-phou-tai-ethnicity-proxy,Phou Tai,lang:unresolved-tag:phou-tai-tai-dam-census-related-labels:lao-pdr-phou-tai-ethnicity-proxy,0.000000,8200000000.000000,,,,,UNRANKED_PRIMARY_ORDER_GATE,UNRANKED_PRIMARY_ORDER_GATE,MODEL_CONDITIONAL_WORLD_CEILING,unranked_context,UNRANKED_PRIMARY_ORDER_GATE,,,,,,,,,,,,,false,false,NONE,,,,,,,true
edition-target:lang:unresolved-tag:pije:new-caledonia-pije-using-communities,Pije,lang:unresolved-tag:pije:new-caledonia-pije-using-communities,0.000000,8200000000.000000,,,,,UNRANKED_PRIMARY_ORDER_GATE,UNRANKED_PRIMARY_ORDER_GATE,MODEL_CONDITIONAL_WORLD_CEILING,unranked_context,UNRANKED_PRIMARY_ORDER_GATE,,,,,,,,,,,,,false,false,NONE,,,,,,,true
edition-target:lang:unresolved-tag:providencia-island-sign-network-proposed-island-sign-language:providencia-island-colombia,Providencia Island sign network,lang:unresolved-tag:providencia-island-sign-network-proposed-island-sign-language:providencia-island-colombia,0.000000,4452136.250000,,,,,UNRANKED_PRIMARY_ORDER_GATE,UNRANKED_PRIMARY_ORDER_GATE,MODEL_CONDITIONAL_TERRITORIAL_CEILING,unranked_context,UNRANKED_PRIMARY_ORDER_GATE,,,,,,,,,,,,,false,false,NONE,,,,,,,true
edition-target:lang:unresolved-tag:pwapwa:new-caledonia-pwapwa-using-communiti,Pwâpwâ,lang:unresolved-tag:pwapwa:new-caledonia-pwapwa-using-communiti,0.000000,8200000000.000000,,,,,UNRANKED_PRIMARY_ORDER_GATE,UNRANKED_PRIMARY_ORDER_GATE,MODEL_CONDITIONAL_WORLD_CEILING,unranked_context,UNRANKED_PRIMARY_ORDER_GATE,,,,,,,,,,,,,false,false,NONE,,,,,,,true
edition-target:lang:unresolved-tag:shiwiar-chicham:ecuador-shiwiar-chicham-communities,Shiwiar Chicham,lang:unresolved-tag:shiwiar-chicham:ecuador-shiwiar-chicham-communities,0.000000,8200000000.000000,,,,,UNRANKED_PRIMARY_ORDER_GATE,UNRANKED_PRIMARY_ORDER_GATE,MODEL_CONDITIONAL_WORLD_CEILING,unranked_context,UNRANKED_PRIMARY_ORDER_GATE,,,,,,,,,,,,,false,false,NONE,,,,,,,true
edition-target:lang:unresolved-tag:sishee:new-caledonia-sishee-using-communiti,Sîshëë,lang:unresolved-tag:sishee:new-caledonia-sishee-using-communiti,0.000000,8200000000.000000,,,,,UNRANKED_PRIMARY_ORDER_GATE,UNRANKED_PRIMARY_ORDER_GATE,MODEL_CONDITIONAL_WORLD_CEILING,unranked_context,UNRANKED_PRIMARY_ORDER_GATE,,,,,,,,,,,,,false,false,NONE,,,,,,,true
edition-target:lang:unresolved-tag:somali-sign-language:somalia-and-somali-communities,Somali Sign Language,lang:unresolved-tag:somali-sign-language:somalia-and-somali-communities,0.000000,8200000000.000000,,,,,UNRANKED_PRIMARY_ORDER_GATE,UNRANKED_PRIMARY_ORDER_GATE,MODEL_CONDITIONAL_WORLD_CEILING,unranked_context,UNRANKED_PRIMARY_ORDER_GATE,,,,,,,,,,,,,false,false,NONE,,,,,,,true
edition-target:lang:unresolved-tag:tawahka:honduras-respective-language-communi,Tawahka,lang:unresolved-tag:tawahka:honduras-respective-language-communi,0.000000,8200000000.000000,,,,,UNRANKED_PRIMARY_ORDER_GATE,UNRANKED_PRIMARY_ORDER_GATE,MODEL_CONDITIONAL_WORLD_CEILING,unranked_context,UNRANKED_PRIMARY_ORDER_GATE,,,,,,,,,,,,,false,false,NONE,,,,,,,true
edition-target:lang:unresolved-tag:tetun-terik:timor-leste-tetun-terik-l1-communiti,Tetun Terik,lang:unresolved-tag:tetun-terik:timor-leste-tetun-terik-l1-communiti,0.000000,8200000000.000000,,,,,UNRANKED_PRIMARY_ORDER_GATE,UNRANKED_PRIMARY_ORDER_GATE,MODEL_CONDITIONAL_WORLD_CEILING,unranked_context,UNRANKED_PRIMARY_ORDER_GATE,,,,,,,,,,,,,false,false,NONE,,,,,,,true
edition-target:lang:unresolved-tag:thai-census-category:viet-nam-thai-ethnicity-proxy,Thái census category,lang:unresolved-tag:thai-census-category:viet-nam-thai-ethnicity-proxy,0.000000,8466543.916667,,,,,UNRANKED_PRIMARY_ORDER_GATE,UNRANKED_PRIMARY_ORDER_GATE,MODEL_CONDITIONAL_TERRITORIAL_CEILING,unranked_context,UNRANKED_PRIMARY_ORDER_GATE,,,,,,,,,,,,,false,false,NONE,,,,,,,true
edition-target:lang:unresolved-tag:tharu-census-category:nepal-tharu-communities,Tharu (Census category),lang:unresolved-tag:tharu-census-category:nepal-tharu-communities,0.000000,8200000000.000000,,,,,UNRANKED_PRIMARY_ORDER_GATE,UNRANKED_PRIMARY_ORDER_GATE,MODEL_CONDITIONAL_WORLD_CEILING,unranked_context,UNRANKED_PRIMARY_ORDER_GATE,,,,,,,,,,,,,false,false,NONE,,,,,,,true
edition-target:lang:unresolved-tag:tobagonian-english-creole:tobago,Tobagonian English Creole,lang:unresolved-tag:tobagonian-english-creole:tobago,0.000000,8200000000.000000,,,,,UNRANKED_PRIMARY_ORDER_GATE,UNRANKED_PRIMARY_ORDER_GATE,MODEL_CONDITIONAL_WORLD_CEILING,unranked_context,UNRANKED_PRIMARY_ORDER_GATE,,,,,,,,,,,,,false,false,NONE,,,,,,,true
edition-target:lang:unresolved-tag:tunumiisut-east-greenlandic:east-greenland,Tunumiisut,lang:unresolved-tag:tunumiisut-east-greenlandic:east-greenland,0.000000,8200000000.000000,,,,,UNRANKED_PRIMARY_ORDER_GATE,UNRANKED_PRIMARY_ORDER_GATE,MODEL_CONDITIONAL_WORLD_CEILING,unranked_context,UNRANKED_PRIMARY_ORDER_GATE,,,,,,,,,,,,,false,false,NONE,,,,,,,true
edition-target:lang:unresolved-tag:waima-a:timor-leste-waima-a-l1-communities,Waima'a,lang:unresolved-tag:waima-a:timor-leste-waima-a-l1-communities,0.000000,8200000000.000000,,,,,UNRANKED_PRIMARY_ORDER_GATE,UNRANKED_PRIMARY_ORDER_GATE,MODEL_CONDITIONAL_WORLD_CEILING,unranked_context,UNRANKED_PRIMARY_ORDER_GATE,,,,,,,,,,,,,false,false,NONE,,,,,,,true
edition-target:lang:unresolved-tag:wichi:argentina-people-self-identifying-as,Wichí,lang:unresolved-tag:wichi:argentina-people-self-identifying-as,0.000000,8200000000.000000,,,,,UNRANKED_PRIMARY_ORDER_GATE,UNRANKED_PRIMARY_ORDER_GATE,MODEL_CONDITIONAL_WORLD_CEILING,unranked_context,UNRANKED_PRIMARY_ORDER_GATE,,,,,,,,,,,,,false,false,NONE,,,,,,,true
edition-target:lang:unresolved-tag:yucatec-maya-village-sign-language-exact-village-system-required:yucatan-peninsula-mexico-exact-villa,Yucatec Maya village sign language — exact village system required,lang:unresolved-tag:yucatec-maya-village-sign-language-exact-village-system-required:yucatan-peninsula-mexico-exact-villa,0.000000,4398230.000000,,,,,UNRANKED_PRIMARY_ORDER_GATE,UNRANKED_PRIMARY_ORDER_GATE,MODEL_CONDITIONAL_TERRITORIAL_CEILING,unranked_context,UNRANKED_PRIMARY_ORDER_GATE,,,,,,,,,,,,,false,false,NONE,,,,,,,true
edition-target:lang:urh-Latn-NG,Urhobo,urh-Latn-NG,0.000000,7197811.575758,,,,,UNRANKED_PRIMARY_ORDER_GATE,UNRANKED_PRIMARY_ORDER_GATE,MODEL_CONDITIONAL_TERRITORIAL_CEILING,unranked_context,UNRANKED_PRIMARY_ORDER_GATE,,,,,,,,,,,,,false,false,NONE,,,,,,,true
edition-target:lang:vai-Latn-LR,Vai,vai-Latn-LR,0.000000,820000000.000000,,,,,UNRANKED_PRIMARY_ORDER_GATE,UNRANKED_PRIMARY_ORDER_GATE,MODEL_CONDITIONAL_WORLD_CEILING,unranked_context,UNRANKED_PRIMARY_ORDER_GATE,,,,,,,,,,,,,false,false,NONE,,,,,,,true
edition-target:lang:vai-Vaii-LR,Vai,vai-Vaii-LR,0.000000,820000000.000000,,,,,UNRANKED_PRIMARY_ORDER_GATE,UNRANKED_PRIMARY_ORDER_GATE,MODEL_CONDITIONAL_WORLD_CEILING,unranked_context,UNRANKED_PRIMARY_ORDER_GATE,,,,,,,,,,,,,false,false,NONE,,,,,,,true
edition-target:lang:ve-Latn-ZA,Tshivenda,ve-Latn-ZA,0.000000,5395609.916667,,,,,UNRANKED_PRIMARY_ORDER_GATE,UNRANKED_PRIMARY_ORDER_GATE,MODEL_CONDITIONAL_TERRITORIAL_CEILING,unranked_context,UNRANKED_PRIMARY_ORDER_GATE,,,,,,,,,,,,,false,false,NONE,,,,,,,true
edition-target:lang:ve-Latn-ZW,Tshivenda,ve-Latn-ZW,0.000000,911111111.111111,,,,,UNRANKED_PRIMARY_ORDER_GATE,UNRANKED_PRIMARY_ORDER_GATE,MODEL_CONDITIONAL_WORLD_CEILING,unranked_context,UNRANKED_PRIMARY_ORDER_GATE,,,,,,,,,,,,,false,false,NONE,,,,,,,true
edition-target:lang:vi-Latn-VN,Vietnamese,vi-Latn-VN,0.000000,8466543.916667,,,,,UNRANKED_PRIMARY_ORDER_GATE,UNRANKED_PRIMARY_ORDER_GATE,MODEL_CONDITIONAL_TERRITORIAL_CEILING,unranked_context,UNRANKED_PRIMARY_ORDER_GATE,,,,,,,,,,,,,false,false,NONE,,,,,,,true
edition-target:lang:vmw-Latn-MZ,Emakhuwa,vmw-Latn-MZ,0.000000,1171428571.428571,,,,,UNRANKED_PRIMARY_ORDER_GATE,UNRANKED_PRIMARY_ORDER_GATE,MODEL_CONDITIONAL_WORLD_CEILING,unranked_context,UNRANKED_PRIMARY_ORDER_GATE,,,,,,,,,,,,,false,false,NONE,,,,,,,true
edition-target:lang:wal-Latn-ET,Wolaytta,wal-Latn-ET,0.000000,7130107.947368,,,,,UNRANKED_PRIMARY_ORDER_GATE,UNRANKED_PRIMARY_ORDER_GATE,MODEL_CONDITIONAL_TERRITORIAL_CEILING,unranked_context,UNRANKED_PRIMARY_ORDER_GATE,,,,,,,,,,,,,false,false,NONE,,,,,,,true
edition-target:lang:war-Latn-PH,Waray,war-Latn-PH,0.000000,6488164.555556,,,,,UNRANKED_PRIMARY_ORDER_GATE,UNRANKED_PRIMARY_ORDER_GATE,MODEL_CONDITIONAL_TERRITORIAL_CEILING,unranked_context,UNRANKED_PRIMARY_ORDER_GATE,,,,,,,,,,,,,false,false,NONE,,,,,,,true
edition-target:lang:way-SR,Wayana,way-SR,0.000000,1171428571.428571,,,,,UNRANKED_PRIMARY_ORDER_GATE,UNRANKED_PRIMARY_ORDER_GATE,MODEL_CONDITIONAL_WORLD_CEILING,unranked_context,UNRANKED_PRIMARY_ORDER_GATE,,,,,,,,,,,,,false,false,NONE,,,,,,,true
edition-target:lang:wba-VE,Warao,wba-VE,0.000000,820000000.000000,,,,,UNRANKED_PRIMARY_ORDER_GATE,UNRANKED_PRIMARY_ORDER_GATE,MODEL_CONDITIONAL_WORLD_CEILING,unranked_context,UNRANKED_PRIMARY_ORDER_GATE,,,,,,,,,,,,,false,false,NONE,,,,,,,true
edition-target:lang:wca-BR,Yanomámi,wca-BR,0.000000,11200652.894737,,,,,UNRANKED_PRIMARY_ORDER_GATE,UNRANKED_PRIMARY_ORDER_GATE,MODEL_CONDITIONAL_TERRITORIAL_CEILING,unranked_context,UNRANKED_PRIMARY_ORDER_GATE,,,,,,,,,,,,,false,false,NONE,,,,,,,true
edition-target:lang:wca-VE,Yanomámi,wca-VE,0.000000,820000000.000000,,,,,UNRANKED_PRIMARY_ORDER_GATE,UNRANKED_PRIMARY_ORDER_GATE,MODEL_CONDITIONAL_WORLD_CEILING,unranked_context,UNRANKED_PRIMARY_ORDER_GATE,,,,,,,,,,,,,false,false,NONE,,,,,,,true
edition-target:lang:wes-Latn-CM,Cameroon Pidgin English,wes-Latn-CM,0.000000,630769230.769231,,,,,UNRANKED_PRIMARY_ORDER_GATE,UNRANKED_PRIMARY_ORDER_GATE,MODEL_CONDITIONAL_WORLD_CEILING,unranked_context,UNRANKED_PRIMARY_ORDER_GATE,,,,,,,,,,,,,false,false,NONE,,,,,,,true
edition-target:lang:wlc-Arab-KM,Shimwali,wlc-Arab-KM,0.000000,1366666666.666667,,,,,UNRANKED_PRIMARY_ORDER_GATE,UNRANKED_PRIMARY_ORDER_GATE,MODEL_CONDITIONAL_WORLD_CEILING,unranked_context,UNRANKED_PRIMARY_ORDER_GATE,,,,,,,,,,,,,false,false,NONE,,,,,,,true
edition-target:lang:wlc-Latn-KM,Shimwali,wlc-Latn-KM,0.000000,1366666666.666667,,,,,UNRANKED_PRIMARY_ORDER_GATE,UNRANKED_PRIMARY_ORDER_GATE,MODEL_CONDITIONAL_WORLD_CEILING,unranked_context,UNRANKED_PRIMARY_ORDER_GATE,,,,,,,,,,,,,false,false,NONE,,,,,,,true
edition-target:lang:wls-Latn-WF,Fakaʻuvea,wls-Latn-WF,0.000000,8200000000.000000,,,,,UNRANKED_PRIMARY_ORDER_GATE,UNRANKED_PRIMARY_ORDER_GATE,MODEL_CONDITIONAL_WORLD_CEILING,unranked_context,UNRANKED_PRIMARY_ORDER_GATE,,,,,,,,,,,,,false,false,NONE,,,,,,,true
edition-target:lang:wni-Arab-KM,Shindzuani,wni-Arab-KM,0.000000,1366666666.666667,,,,,UNRANKED_PRIMARY_ORDER_GATE,UNRANKED_PRIMARY_ORDER_GATE,MODEL_CONDITIONAL_WORLD_CEILING,unranked_context,UNRANKED_PRIMARY_ORDER_GATE,,,,,,,,,,,,,false,false,NONE,,,,,,,true
edition-target:lang:wni-Latn-KM,Shindzuani,wni-Latn-KM,0.000000,1366666666.666667,,,,,UNRANKED_PRIMARY_ORDER_GATE,UNRANKED_PRIMARY_ORDER_GATE,MODEL_CONDITIONAL_WORLD_CEILING,unranked_context,UNRANKED_PRIMARY_ORDER_GATE,,,,,,,,,,,,,false,false,NONE,,,,,,,true
edition-target:lang:wni-Latn-YT,Shindzuani,wni-Latn-YT,0.000000,8200000000.000000,,,,,UNRANKED_PRIMARY_ORDER_GATE,UNRANKED_PRIMARY_ORDER_GATE,MODEL_CONDITIONAL_WORLD_CEILING,unranked_context,UNRANKED_PRIMARY_ORDER_GATE,,,,,,,,,,,,,false,false,NONE,,,,,,,true
edition-target:lang:wo-Arab-GM,Wolof,wo-Arab-GM,0.000000,2050000000.000000,,,,,UNRANKED_PRIMARY_ORDER_GATE,UNRANKED_PRIMARY_ORDER_GATE,MODEL_CONDITIONAL_WORLD_CEILING,unranked_context,UNRANKED_PRIMARY_ORDER_GATE,,,,,,,,,,,,,false,false,NONE,,,,,,,true
edition-target:lang:wo-Arab-MR,Wolof,wo-Arab-MR,0.000000,911111111.111111,,,,,UNRANKED_PRIMARY_ORDER_GATE,UNRANKED_PRIMARY_ORDER_GATE,MODEL_CONDITIONAL_WORLD_CEILING,unranked_context,UNRANKED_PRIMARY_ORDER_GATE,,,,,,,,,,,,,false,false,NONE,,,,,,,true
edition-target:lang:wo-Arab-SN,Wolof,wo-Arab-SN,0.000000,1171428571.428571,,,,,UNRANKED_PRIMARY_ORDER_GATE,UNRANKED_PRIMARY_ORDER_GATE,MODEL_CONDITIONAL_WORLD_CEILING,unranked_context,UNRANKED_PRIMARY_ORDER_GATE,,,,,,,,,,,,,false,false,NONE,,,,,,,true
edition-target:lang:wo-Latn-GM,Wolof,wo-Latn-GM,0.000000,2050000000.000000,,,,,UNRANKED_PRIMARY_ORDER_GATE,UNRANKED_PRIMARY_ORDER_GATE,MODEL_CONDITIONAL_WORLD_CEILING,unranked_context,UNRANKED_PRIMARY_ORDER_GATE,,,,,,,,,,,,,false,false,NONE,,,,,,,true
edition-target:lang:wo-Latn-MR,Wolof,wo-Latn-MR,0.000000,911111111.111111,,,,,UNRANKED_PRIMARY_ORDER_GATE,UNRANKED_PRIMARY_ORDER_GATE,MODEL_CONDITIONAL_WORLD_CEILING,unranked_context,UNRANKED_PRIMARY_ORDER_GATE,,,,,,,,,,,,,false,false,NONE,,,,,,,true
edition-target:lang:wo-Latn-SN,Wolof,wo-Latn-SN,0.000000,1171428571.428571,,,,,UNRANKED_PRIMARY_ORDER_GATE,UNRANKED_PRIMARY_ORDER_GATE,MODEL_CONDITIONAL_WORLD_CEILING,unranked_context,UNRANKED_PRIMARY_ORDER_GATE,,,,,,,,,,,,,false,false,NONE,,,,,,,true
edition-target:lang:wuu-Hans-CN,Wu Chinese,wuu-Hans-CN,0.000000,66980238.095238,,,,,UNRANKED_PRIMARY_ORDER_GATE,UNRANKED_PRIMARY_ORDER_GATE,MODEL_CONDITIONAL_TERRITORIAL_CEILING,unranked_context,UNRANKED_PRIMARY_ORDER_GATE,,,,,,,,,,,,,false,false,NONE,,,,,,,true
edition-target:lang:xav-BR,Xavante,xav-BR,0.000000,11200652.894737,,,,,UNRANKED_PRIMARY_ORDER_GATE,UNRANKED_PRIMARY_ORDER_GATE,MODEL_CONDITIONAL_TERRITORIAL_CEILING,unranked_context,UNRANKED_PRIMARY_ORDER_GATE,,,,,,,,,,,,,false,false,NONE,,,,,,,true
edition-target:lang:xki-KE,Kenyan Sign Language,xki-KE,0.000000,4109463.785714,,,,,UNRANKED_PRIMARY_ORDER_GATE,UNRANKED_PRIMARY_ORDER_GATE,MODEL_CONDITIONAL_TERRITORIAL_CEILING,unranked_context,UNRANKED_PRIMARY_ORDER_GATE,,,,,,,,,,,,,false,false,NONE,,,,,,,true
edition-target:lang:xmr-Latn-PF,ʻeo ʻenana,xmr-Latn-PF,0.000000,8200000000.000000,,,,,UNRANKED_PRIMARY_ORDER_GATE,UNRANKED_PRIMARY_ORDER_GATE,MODEL_CONDITIONAL_WORLD_CEILING,unranked_context,UNRANKED_PRIMARY_ORDER_GATE,,,,,,,,,,,,,false,false,NONE,,,,,,,true
edition-target:lang:xmw-Latn-MG,Tsimihety Malagasy,xmw-Latn-MG,0.000000,745454545.454545,,,,,UNRANKED_PRIMARY_ORDER_GATE,UNRANKED_PRIMARY_ORDER_GATE,MODEL_CONDITIONAL_WORLD_CEILING,unranked_context,UNRANKED_PRIMARY_ORDER_GATE,,,,,,,,,,,,,false,false,NONE,,,,,,,true
edition-target:lang:xnz-Latn-EG,Kenzi,xnz-Latn-EG,0.000000,16909427.857143,,,,,UNRANKED_PRIMARY_ORDER_GATE,UNRANKED_PRIMARY_ORDER_GATE,MODEL_CONDITIONAL_TERRITORIAL_CEILING,unranked_context,UNRANKED_PRIMARY_ORDER_GATE,,,,,,,,,,,,,false,false,NONE,,,,,,,true
edition-target:lang:xog-Latn-UG,Lusoga,xog-Latn-UG,0.000000,6423111.750000,,,,,UNRANKED_PRIMARY_ORDER_GATE,UNRANKED_PRIMARY_ORDER_GATE,MODEL_CONDITIONAL_TERRITORIAL_CEILING,unranked_context,UNRANKED_PRIMARY_ORDER_GATE,,,,,,,,,,,,,false,false,NONE,,,,,,,true
edition-target:lang:xpe-Latn-LR,Liberia Kpelle,xpe-Latn-LR,0.000000,820000000.000000,,,,,UNRANKED_PRIMARY_ORDER_GATE,UNRANKED_PRIMARY_ORDER_GATE,MODEL_CONDITIONAL_WORLD_CEILING,unranked_context,UNRANKED_PRIMARY_ORDER_GATE,,,,,,,,,,,,,false,false,NONE,,,,,,,true
edition-target:lang:xsu-BR,Sanumá,xsu-BR,0.000000,11200652.894737,,,,,UNRANKED_PRIMARY_ORDER_GATE,UNRANKED_PRIMARY_ORDER_GATE,MODEL_CONDITIONAL_TERRITORIAL_CEILING,unranked_context,UNRANKED_PRIMARY_ORDER_GATE,,,,,,,,,,,,,false,false,NONE,,,,,,,true
edition-target:lang:xsu-VE,Sanumá,xsu-VE,0.000000,820000000.000000,,,,,UNRANKED_PRIMARY_ORDER_GATE,UNRANKED_PRIMARY_ORDER_GATE,MODEL_CONDITIONAL_WORLD_CEILING,unranked_context,UNRANKED_PRIMARY_ORDER_GATE,,,,,,,,,,,,,false,false,NONE,,,,,,,true
edition-target:lang:xuu-Latn-BW,Khwedam,xuu-Latn-BW,0.000000,1366666666.666667,,,,,UNRANKED_PRIMARY_ORDER_GATE,UNRANKED_PRIMARY_ORDER_GATE,MODEL_CONDITIONAL_WORLD_CEILING,unranked_context,UNRANKED_PRIMARY_ORDER_GATE,,,,,,,,,,,,,false,false,NONE,,,,,,,true
edition-target:lang:xuu-Latn-NA,Khwedam,xuu-Latn-NA,0.000000,1366666666.666667,,,,,UNRANKED_PRIMARY_ORDER_GATE,UNRANKED_PRIMARY_ORDER_GATE,MODEL_CONDITIONAL_WORLD_CEILING,unranked_context,UNRANKED_PRIMARY_ORDER_GATE,,,,,,,,,,,,,false,false,NONE,,,,,,,true
edition-target:lang:yag-CL,Yagán,yag-CL,0.000000,1171428571.428571,,,,,UNRANKED_PRIMARY_ORDER_GATE,UNRANKED_PRIMARY_ORDER_GATE,MODEL_CONDITIONAL_WORLD_CEILING,unranked_context,UNRANKED_PRIMARY_ORDER_GATE,,,,,,,,,,,,,false,false,NONE,,,,,,,true
edition-target:lang:yao-Latn-MW,Chiyao,yao-Latn-MW,0.000000,2733333333.333333,,,,,UNRANKED_PRIMARY_ORDER_GATE,UNRANKED_PRIMARY_ORDER_GATE,MODEL_CONDITIONAL_WORLD_CEILING,unranked_context,UNRANKED_PRIMARY_ORDER_GATE,,,,,,,,,,,,,false,false,NONE,,,,,,,true
edition-target:lang:yao-Latn-MZ,Chiyao,yao-Latn-MZ,0.000000,1171428571.428571,,,,,UNRANKED_PRIMARY_ORDER_GATE,UNRANKED_PRIMARY_ORDER_GATE,MODEL_CONDITIONAL_WORLD_CEILING,unranked_context,UNRANKED_PRIMARY_ORDER_GATE,,,,,,,,,,,,,false,false,NONE,,,,,,,true
edition-target:lang:yao-Latn-TZ,Chiyao,yao-Latn-TZ,0.000000,5038990.357143,,,,,UNRANKED_PRIMARY_ORDER_GATE,UNRANKED_PRIMARY_ORDER_GATE,MODEL_CONDITIONAL_TERRITORIAL_CEILING,unranked_context,UNRANKED_PRIMARY_ORDER_GATE,,,,,,,,,,,,,false,false,NONE,,,,,,,true
edition-target:lang:yer-Latn-NG,Tarok,yer-Latn-NG,0.000000,7197811.575758,,,,,UNRANKED_PRIMARY_ORDER_GATE,UNRANKED_PRIMARY_ORDER_GATE,MODEL_CONDITIONAL_TERRITORIAL_CEILING,unranked_context,UNRANKED_PRIMARY_ORDER_GATE,,,,,,,,,,,,,false,false,NONE,,,,,,,true
edition-target:lang:yi-Hebr-001,Yiddish,yi-Hebr-001,0.000000,8200000000.000000,,,,,UNRANKED_PRIMARY_ORDER_GATE,UNRANKED_PRIMARY_ORDER_GATE,MODEL_CONDITIONAL_WORLD_CEILING,unranked_context,UNRANKED_PRIMARY_ORDER_GATE,,,,,,,,,,,,,false,false,NONE,,,,,,,true
edition-target:lang:ykg-RU,Tundra Yukaghir,ykg-RU,0.000000,5979722.000000,,,,,UNRANKED_PRIMARY_ORDER_GATE,UNRANKED_PRIMARY_ORDER_GATE,MODEL_CONDITIONAL_TERRITORIAL_CEILING,unranked_context,UNRANKED_PRIMARY_ORDER_GATE,,,,,,,,,,,,,false,false,NONE,,,,,,,true
edition-target:lang:ymm-Latn-SO,Maay,ymm-Latn-SO,0.000000,2050000000.000000,,,,,UNRANKED_PRIMARY_ORDER_GATE,UNRANKED_PRIMARY_ORDER_GATE,MODEL_CONDITIONAL_WORLD_CEILING,unranked_context,UNRANKED_PRIMARY_ORDER_GATE,,,,,,,,,,,,,false,false,NONE,,,,,,,true
edition-target:lang:ynk-RU,Naukan Yupik,ynk-RU,0.000000,5979722.000000,,,,,UNRANKED_PRIMARY_ORDER_GATE,UNRANKED_PRIMARY_ORDER_GATE,MODEL_CONDITIONAL_TERRITORIAL_CEILING,unranked_context,UNRANKED_PRIMARY_ORDER_GATE,,,,,,,,,,,,,false,false,NONE,,,,,,,true
edition-target:lang:yo-Latn-BJ,Benin Yoruba,yo-Latn-BJ,0.000000,1366666666.666667,,,,,UNRANKED_PRIMARY_ORDER_GATE,UNRANKED_PRIMARY_ORDER_GATE,MODEL_CONDITIONAL_WORLD_CEILING,unranked_context,UNRANKED_PRIMARY_ORDER_GATE,,,,,,,,,,,,,false,false,NONE,,,,,,,true
edition-target:lang:yo-Latn-TG,Togo Yoruba,yo-Latn-TG,0.000000,2733333333.333333,,,,,UNRANKED_PRIMARY_ORDER_GATE,UNRANKED_PRIMARY_ORDER_GATE,MODEL_CONDITIONAL_WORLD_CEILING,unranked_context,UNRANKED_PRIMARY_ORDER_GATE,,,,,,,,,,,,,false,false,NONE,,,,,,,true
edition-target:lang:yrk-RU,Tundra Nenets,yrk-RU,0.000000,5979722.000000,,,,,UNRANKED_PRIMARY_ORDER_GATE,UNRANKED_PRIMARY_ORDER_GATE,MODEL_CONDITIONAL_TERRITORIAL_CEILING,unranked_context,UNRANKED_PRIMARY_ORDER_GATE,,,,,,,,,,,,,false,false,NONE,,,,,,,true
edition-target:lang:yrl-BR,Nheengatu,yrl-BR,0.000000,11200652.894737,,,,,UNRANKED_PRIMARY_ORDER_GATE,UNRANKED_PRIMARY_ORDER_GATE,MODEL_CONDITIONAL_TERRITORIAL_CEILING,unranked_context,UNRANKED_PRIMARY_ORDER_GATE,,,,,,,,,,,,,false,false,NONE,,,,,,,true
edition-target:lang:yua-BZ,Belize Yucatec Maya,yua-BZ,0.000000,1640000000.000000,,,,,UNRANKED_PRIMARY_ORDER_GATE,UNRANKED_PRIMARY_ORDER_GATE,MODEL_CONDITIONAL_WORLD_CEILING,unranked_context,UNRANKED_PRIMARY_ORDER_GATE,,,,,,,,,,,,,false,false,NONE,,,,,,,true
edition-target:lang:yue-Hans-CN,Cantonese (Yue),yue-Hans-CN,0.000000,66980238.095238,,,,,UNRANKED_PRIMARY_ORDER_GATE,UNRANKED_PRIMARY_ORDER_GATE,MODEL_CONDITIONAL_TERRITORIAL_CEILING,unranked_context,UNRANKED_PRIMARY_ORDER_GATE,,,,,,,,,,,,,false,false,NONE,,,,,,,true
edition-target:lang:yue-Hant-CX,Cantonese,yue-Hant-CX,0.000000,8200000000.000000,,,,,UNRANKED_PRIMARY_ORDER_GATE,UNRANKED_PRIMARY_ORDER_GATE,MODEL_CONDITIONAL_WORLD_CEILING,unranked_context,UNRANKED_PRIMARY_ORDER_GATE,,,,,,,,,,,,,false,false,NONE,,,,,,,true
edition-target:lang:yux-RU,Forest Yukaghir,yux-RU,0.000000,5979722.000000,,,,,UNRANKED_PRIMARY_ORDER_GATE,UNRANKED_PRIMARY_ORDER_GATE,MODEL_CONDITIONAL_TERRITORIAL_CEILING,unranked_context,UNRANKED_PRIMARY_ORDER_GATE,,,,,,,,,,,,,false,false,NONE,,,,,,,true
edition-target:lang:za-Latn-CN,Zhuang,za-Latn-CN,0.000000,66980238.095238,,,,,UNRANKED_PRIMARY_ORDER_GATE,UNRANKED_PRIMARY_ORDER_GATE,MODEL_CONDITIONAL_TERRITORIAL_CEILING,unranked_context,UNRANKED_PRIMARY_ORDER_GATE,,,,,,,,,,,,,false,false,NONE,,,,,,,true
edition-target:lang:zag-Berf-SD,Zaghawa,zag-Berf-SD,0.000000,5166214.700000,,,,,UNRANKED_PRIMARY_ORDER_GATE,UNRANKED_PRIMARY_ORDER_GATE,MODEL_CONDITIONAL_TERRITORIAL_CEILING,unranked_context,UNRANKED_PRIMARY_ORDER_GATE,,,,,,,,,,,,,false,false,NONE,,,,,,,true
edition-target:lang:zag-Berf-TD,Zaghawa,zag-Berf-TD,0.000000,585714285.714286,,,,,UNRANKED_PRIMARY_ORDER_GATE,UNRANKED_PRIMARY_ORDER_GATE,MODEL_CONDITIONAL_WORLD_CEILING,unranked_context,UNRANKED_PRIMARY_ORDER_GATE,,,,,,,,,,,,,false,false,NONE,,,,,,,true
edition-target:lang:zag-Latn-SD,Zaghawa,zag-Latn-SD,0.000000,5166214.700000,,,,,UNRANKED_PRIMARY_ORDER_GATE,UNRANKED_PRIMARY_ORDER_GATE,MODEL_CONDITIONAL_TERRITORIAL_CEILING,unranked_context,UNRANKED_PRIMARY_ORDER_GATE,,,,,,,,,,,,,false,false,NONE,,,,,,,true
edition-target:lang:zag-Latn-TD,Zaghawa,zag-Latn-TD,0.000000,585714285.714286,,,,,UNRANKED_PRIMARY_ORDER_GATE,UNRANKED_PRIMARY_ORDER_GATE,MODEL_CONDITIONAL_WORLD_CEILING,unranked_context,UNRANKED_PRIMARY_ORDER_GATE,,,,,,,,,,,,,false,false,NONE,,,,,,,true
edition-target:lang:zdj-Arab-KM,Shingazidja,zdj-Arab-KM,0.000000,1366666666.666667,,,,,UNRANKED_PRIMARY_ORDER_GATE,UNRANKED_PRIMARY_ORDER_GATE,MODEL_CONDITIONAL_WORLD_CEILING,unranked_context,UNRANKED_PRIMARY_ORDER_GATE,,,,,,,,,,,,,false,false,NONE,,,,,,,true
edition-target:lang:zdj-Latn-KM,Shingazidja,zdj-Latn-KM,0.000000,1366666666.666667,,,,,UNRANKED_PRIMARY_ORDER_GATE,UNRANKED_PRIMARY_ORDER_GATE,MODEL_CONDITIONAL_WORLD_CEILING,unranked_context,UNRANKED_PRIMARY_ORDER_GATE,,,,,,,,,,,,,false,false,NONE,,,,,,,true
edition-target:lang:zen-Latn-MR,Zenaga,zen-Latn-MR,0.000000,911111111.111111,,,,,UNRANKED_PRIMARY_ORDER_GATE,UNRANKED_PRIMARY_ORDER_GATE,MODEL_CONDITIONAL_WORLD_CEILING,unranked_context,UNRANKED_PRIMARY_ORDER_GATE,,,,,,,,,,,,,false,false,NONE,,,,,,,true
edition-target:lang:zgh-Latn-MA,Standard Moroccan Amazigh,zgh-Latn-MA,0.000000,820000000.000000,,,,,UNRANKED_PRIMARY_ORDER_GATE,UNRANKED_PRIMARY_ORDER_GATE,MODEL_CONDITIONAL_WORLD_CEILING,unranked_context,UNRANKED_PRIMARY_ORDER_GATE,,,,,,,,,,,,,false,false,NONE,,,,,,,true
edition-target:lang:zh-Hans-CN,Standard Written Chinese base,zh-Hans-CN,0.000000,66980238.095238,,,,,UNRANKED_PRIMARY_ORDER_GATE,UNRANKED_PRIMARY_ORDER_GATE,MODEL_CONDITIONAL_TERRITORIAL_CEILING,unranked_context,UNRANKED_PRIMARY_ORDER_GATE,,,,,,,,,,,,,false,false,NONE,,,,,,,true
edition-target:lang:zh-Hant-HK:written,Traditional Chinese written standard — Hong Kong,zh-Hant-HK,0.000000,8200000000.000000,,,,,UNRANKED_PRIMARY_ORDER_GATE,UNRANKED_PRIMARY_ORDER_GATE,MODEL_CONDITIONAL_WORLD_CEILING,unranked_context,UNRANKED_PRIMARY_ORDER_GATE,,,,,,,,,,,,,false,false,NONE,,,,,,,true
edition-target:lang:zh-Hant-MO:written,Traditional Chinese written standard — Macao,zh-Hant-MO,0.000000,8200000000.000000,,,,,UNRANKED_PRIMARY_ORDER_GATE,UNRANKED_PRIMARY_ORDER_GATE,MODEL_CONDITIONAL_WORLD_CEILING,unranked_context,UNRANKED_PRIMARY_ORDER_GATE,,,,,,,,,,,,,false,false,NONE,,,,,,,true
edition-target:lang:zh-Hant-TW:written,Traditional Chinese written standard — Taiwan,zh-Hant-TW,0.000000,8200000000.000000,,,,,UNRANKED_PRIMARY_ORDER_GATE,UNRANKED_PRIMARY_ORDER_GATE,MODEL_CONDITIONAL_WORLD_CEILING,unranked_context,UNRANKED_PRIMARY_ORDER_GATE,,,,,,,,,,,,,false,false,NONE,,,,,,,true
edition-target:lang:zne-Latn-CD,Zande,zne-Latn-CD,0.000000,6268470.722222,,,,,UNRANKED_PRIMARY_ORDER_GATE,UNRANKED_PRIMARY_ORDER_GATE,MODEL_CONDITIONAL_TERRITORIAL_CEILING,unranked_context,UNRANKED_PRIMARY_ORDER_GATE,,,,,,,,,,,,,false,false,NONE,,,,,,,true
edition-target:lang:zne-Latn-CF,Zande,zne-Latn-CF,0.000000,4100000000.000000,,,,,UNRANKED_PRIMARY_ORDER_GATE,UNRANKED_PRIMARY_ORDER_GATE,MODEL_CONDITIONAL_WORLD_CEILING,unranked_context,UNRANKED_PRIMARY_ORDER_GATE,,,,,,,,,,,,,false,false,NONE,,,,,,,true
edition-target:lang:zne-Latn-SS,Zande,zne-Latn-SS,0.000000,820000000.000000,,,,,UNRANKED_PRIMARY_ORDER_GATE,UNRANKED_PRIMARY_ORDER_GATE,MODEL_CONDITIONAL_WORLD_CEILING,unranked_context,UNRANKED_PRIMARY_ORDER_GATE,,,,,,,,,,,,,false,false,NONE,,,,,,,true
edition-target:macro:AMAR_MEX_MAZATEC_LOCALITY_REQUIRED,Mazatec — exact local tonal variety unresolved,macro:AMAR_MEX_MAZATEC_LOCALITY_REQUIRED,0.000000,4398230.000000,,,,,UNRANKED_PRIMARY_ORDER_GATE,UNRANKED_PRIMARY_ORDER_GATE,MODEL_CONDITIONAL_TERRITORIAL_CEILING,unranked_context,UNRANKED_PRIMARY_ORDER_GATE,,,,,,,,,,,,,false,false,NONE,,,,,,,true
edition-target:macro:AMAR_MEX_MIXTEC_LOCALITY_REQUIRED,Mixtec — exact local variety unresolved,macro:AMAR_MEX_MIXTEC_LOCALITY_REQUIRED,0.000000,4398230.000000,,,,,UNRANKED_PRIMARY_ORDER_GATE,UNRANKED_PRIMARY_ORDER_GATE,MODEL_CONDITIONAL_TERRITORIAL_CEILING,unranked_context,UNRANKED_PRIMARY_ORDER_GATE,,,,,,,,,,,,,false,false,NONE,,,,,,,true
edition-target:macro:AMAR_MEX_NAHUATL_LOCALITY_REQUIRED,Nahuatl — exact INALI variety,macro:AMAR_MEX_NAHUATL_LOCALITY_REQUIRED,0.000000,4398230.000000,,,,,UNRANKED_PRIMARY_ORDER_GATE,UNRANKED_PRIMARY_ORDER_GATE,MODEL_CONDITIONAL_TERRITORIAL_CEILING,unranked_context,UNRANKED_PRIMARY_ORDER_GATE,,,,,,,,,,,,,false,false,NONE,,,,,,,true
edition-target:macro:AMAR_MEX_OTOMI_LOCALITY_REQUIRED,Otomí — exact local variety unresolved,macro:AMAR_MEX_OTOMI_LOCALITY_REQUIRED,0.000000,4398230.000000,,,,,UNRANKED_PRIMARY_ORDER_GATE,UNRANKED_PRIMARY_ORDER_GATE,MODEL_CONDITIONAL_TERRITORIAL_CEILING,unranked_context,UNRANKED_PRIMARY_ORDER_GATE,,,,,,,,,,,,,false,false,NONE,,,,,,,true
edition-target:macro:AMAR_MEX_TOTONAC_LOCALITY_REQUIRED,Totonac — exact local variety unresolved,macro:AMAR_MEX_TOTONAC_LOCALITY_REQUIRED,0.000000,4398230.000000,,,,,UNRANKED_PRIMARY_ORDER_GATE,UNRANKED_PRIMARY_ORDER_GATE,MODEL_CONDITIONAL_TERRITORIAL_CEILING,unranked_context,UNRANKED_PRIMARY_ORDER_GATE,,,,,,,,,,,,,false,false,NONE,,,,,,,true
edition-target:macro:AMAR_MEX_ZAPOTEC_LOCALITY_REQUIRED,Zapotec — exact local variety unresolved,macro:AMAR_MEX_ZAPOTEC_LOCALITY_REQUIRED,0.000000,4398230.000000,,,,,UNRANKED_PRIMARY_ORDER_GATE,UNRANKED_PRIMARY_ORDER_GATE,MODEL_CONDITIONAL_TERRITORIAL_CEILING,unranked_context,UNRANKED_PRIMARY_ORDER_GATE,,,,,,,,,,,,,false,false,NONE,,,,,,,true
edition-target:macro:IDN_NON_INDONESIAN_SPEAKER_ACCESS,Regional and other non-Indonesian languages (aggregate),macro:IDN_NON_INDONESIAN_SPEAKER_ACCESS,0.000000,17857577.250000,,,,,UNRANKED_PRIMARY_ORDER_GATE,UNRANKED_PRIMARY_ORDER_GATE,MODEL_CONDITIONAL_TERRITORIAL_CEILING,unranked_context,UNRANKED_PRIMARY_ORDER_GATE,,,,,,,,,,,,,false,false,NONE,,,,,,,true
edition-target:macro:IDN_REGIONAL_FIRST_COMPANION,Regional languages of Indonesia (aggregate,macro:IDN_REGIONAL_FIRST_COMPANION,0.000000,17857577.250000,,,,,UNRANKED_PRIMARY_ORDER_GATE,UNRANKED_PRIMARY_ORDER_GATE,MODEL_CONDITIONAL_TERRITORIAL_CEILING,unranked_context,UNRANKED_PRIMARY_ORDER_GATE,,,,,,,,,,,,,false,false,NONE,,,,,,,true
edition-target:macro:IDN_SIGN_LANGUAGE_ACCESS,Sign languages in Indonesia (aggregate census category),macro:IDN_SIGN_LANGUAGE_ACCESS,0.000000,17857577.250000,,,,,UNRANKED_PRIMARY_ORDER_GATE,UNRANKED_PRIMARY_ORDER_GATE,MODEL_CONDITIONAL_TERRITORIAL_CEILING,unranked_context,UNRANKED_PRIMARY_ORDER_GATE,,,,,,,,,,,,,false,false,NONE,,,,,,,true
edition-target:macro:SEA_PH_BISAYA_MACRO_SCREEN,Bisaya,macro:SEA_PH_BISAYA_MACRO_SCREEN,0.000000,6488164.555556,,,,,UNRANKED_PRIMARY_ORDER_GATE,UNRANKED_PRIMARY_ORDER_GATE,MODEL_CONDITIONAL_TERRITORIAL_CEILING,unranked_context,UNRANKED_PRIMARY_ORDER_GATE,,,,,,,,,,,,,false,false,NONE,,,,,,,true
edition-target:regional:bah-Latn-BS,Bahamian Creole,bah-Latn-BS,0.000000,8200000000.000000,,,,,UNRANKED_PRIMARY_ORDER_GATE,UNRANKED_PRIMARY_ORDER_GATE,MODEL_CONDITIONAL_WORLD_CEILING,unranked_context,UNRANKED_PRIMARY_ORDER_GATE,,,,,,,,,,,,,false,false,NONE,,,,,,,true
edition-target:regional:es-US-EL,U.S. Spanish-home-language English learner education-need cohort,es-US-EL,0.000000,13671394.280000,,,,,UNRANKED_PRIMARY_ORDER_GATE,UNRANKED_PRIMARY_ORDER_GATE,MODEL_CONDITIONAL_TERRITORIAL_CEILING,unranked_context,UNRANKED_PRIMARY_ORDER_GATE,,,,,,,,,,,,,false,false,NONE,,,,,,,true
edition-target:regional:fy-Latn-NL-FRY,West Frisian in Fryslân,fy-Latn-NL-FRY,0.000000,2733333333.333333,,,,,UNRANKED_PRIMARY_ORDER_GATE,UNRANKED_PRIMARY_ORDER_GATE,MODEL_CONDITIONAL_WORLD_CEILING,unranked_context,UNRANKED_PRIMARY_ORDER_GATE,,,,,,,,,,,,,false,false,NONE,,,,,,,true
edition-target:regional:ko-Kore-KP,Korean in the DPRK,ko-Kore-KP,0.000000,8200000000.000000,,,,,UNRANKED_PRIMARY_ORDER_GATE,UNRANKED_PRIMARY_ORDER_GATE,MODEL_CONDITIONAL_WORLD_CEILING,unranked_context,UNRANKED_PRIMARY_ORDER_GATE,,,,,,,,,,,,,false,false,NONE,,,,,,,true
edition-target:regional:mart1259-Latn-MQ,Martinican Creole,mart1259-Latn-MQ,0.000000,8200000000.000000,,,,,UNRANKED_PRIMARY_ORDER_GATE,UNRANKED_PRIMARY_ORDER_GATE,MODEL_CONDITIONAL_WORLD_CEILING,unranked_context,UNRANKED_PRIMARY_ORDER_GATE,,,,,,,,,,,,,false,false,NONE,,,,,,,true
edition-target:regional:nhd-Latn-PY,Ava Guaraní pueblo,nhd-Latn-PY,0.000000,745454545.454545,,,,,UNRANKED_PRIMARY_ORDER_GATE,UNRANKED_PRIMARY_ORDER_GATE,MODEL_CONDITIONAL_WORLD_CEILING,unranked_context,UNRANKED_PRIMARY_ORDER_GATE,,,,,,,,,,,,,false,false,NONE,,,,,,,true
edition-target:regional:rom-arlije-Latn-AT-RS,Arlije Romani teaching variety,rom-arlije-Latn-AT-RS,0.000000,8200000000.000000,,,,,UNRANKED_PRIMARY_ORDER_GATE,UNRANKED_PRIMARY_ORDER_GATE,MODEL_CONDITIONAL_WORLD_CEILING,unranked_context,UNRANKED_PRIMARY_ORDER_GATE,,,,,,,,,,,,,false,false,NONE,,,,,,,true
edition-target:regional:rom-east-slovak-Latn-SK-CZ-AT,East Slovak Romani teaching variety,rom-east-slovak-Latn-SK-CZ-AT,0.000000,8200000000.000000,,,,,UNRANKED_PRIMARY_ORDER_GATE,UNRANKED_PRIMARY_ORDER_GATE,MODEL_CONDITIONAL_WORLD_CEILING,unranked_context,UNRANKED_PRIMARY_ORDER_GATE,,,,,,,,,,,,,false,false,NONE,,,,,,,true
edition-target:regional:rom-gurbet-cs-Latn-RS,"Gurbet Romani, Central Serbia teaching variety",rom-gurbet-cs-Latn-RS,0.000000,8200000000.000000,,,,,UNRANKED_PRIMARY_ORDER_GATE,UNRANKED_PRIMARY_ORDER_GATE,MODEL_CONDITIONAL_WORLD_CEILING,unranked_context,UNRANKED_PRIMARY_ORDER_GATE,,,,,,,,,,,,,false,false,NONE,,,,,,,true
edition-target:regional:rom-gurbet-vo-Latn-RS,"Gurbet Romani, Vojvodina teaching variety",rom-gurbet-vo-Latn-RS,0.000000,8200000000.000000,,,,,UNRANKED_PRIMARY_ORDER_GATE,UNRANKED_PRIMARY_ORDER_GATE,MODEL_CONDITIONAL_WORLD_CEILING,unranked_context,UNRANKED_PRIMARY_ORDER_GATE,,,,,,,,,,,,,false,false,NONE,,,,,,,true
edition-target:regional:rom-kalderas-Latn-AT,Kalderaš Romani teaching variety,rom-kalderas-Latn-AT,0.000000,8200000000.000000,,,,,UNRANKED_PRIMARY_ORDER_GATE,UNRANKED_PRIMARY_ORDER_GATE,MODEL_CONDITIONAL_WORLD_CEILING,unranked_context,UNRANKED_PRIMARY_ORDER_GATE,,,,,,,,,,,,,false,false,NONE,,,,,,,true
edition-target:regional:rom-lovara-Latn-AT-CZ,Lovara,rom-lovara-Latn-AT-CZ,0.000000,8200000000.000000,,,,,UNRANKED_PRIMARY_ORDER_GATE,UNRANKED_PRIMARY_ORDER_GATE,MODEL_CONDITIONAL_WORLD_CEILING,unranked_context,UNRANKED_PRIMARY_ORDER_GATE,,,,,,,,,,,,,false,false,NONE,,,,,,,true
edition-target:regional:stq-Latn-DE-NI,Sater Frisian in Saterland,stq-Latn-DE-NI,0.000000,20872812.250000,,,,,UNRANKED_PRIMARY_ORDER_GATE,UNRANKED_PRIMARY_ORDER_GATE,MODEL_CONDITIONAL_TERRITORIAL_CEILING,unranked_context,UNRANKED_PRIMARY_ORDER_GATE,,,,,,,,,,,,,false,false,NONE,,,,,,,true
edition-target:regional:svc-Latn-VC,Vincentian Creole,svc-Latn-VC,0.000000,8200000000.000000,,,,,UNRANKED_PRIMARY_ORDER_GATE,UNRANKED_PRIMARY_ORDER_GATE,MODEL_CONDITIONAL_WORLD_CEILING,unranked_context,UNRANKED_PRIMARY_ORDER_GATE,,,,,,,,,,,,,false,false,NONE,,,,,,,true
edition-target:regional:uk-Cyrl-EU-TEMP,Ukrainian-language,uk-Cyrl-EU-TEMP,0.000000,8200000000.000000,,,,,UNRANKED_PRIMARY_ORDER_GATE,UNRANKED_PRIMARY_ORDER_GATE,MODEL_CONDITIONAL_WORLD_CEILING,unranked_context,UNRANKED_PRIMARY_ORDER_GATE,,,,,,,,,,,,,false,false,NONE,,,,,,,true
edition-target:supplement:en-Latn-ET-secondary-higher-exposure-2025,English secondary and higher-education exposure ceiling — Ethiopia,en-Latn-ET-secondary-higher-exposure-2025,0.000000,7130107.947368,,,,,UNRANKED_PRIMARY_ORDER_GATE,UNRANKED_PRIMARY_ORDER_GATE,MODEL_CONDITIONAL_TERRITORIAL_CEILING,unranked_context,UNRANKED_PRIMARY_ORDER_GATE,,,,,,,,,,,,,false,false,NONE,,,,,,,true
edition-target:supplement:en-Latn-IN-reported-L123-2011,"English reported in first, second or third language position — India",en-Latn-IN-reported-L123-2011,0.000000,48795517.500000,,,,,UNRANKED_PRIMARY_ORDER_GATE,UNRANKED_PRIMARY_ORDER_GATE,MODEL_CONDITIONAL_TERRITORIAL_CEILING,unranked_context,UNRANKED_PRIMARY_ORDER_GATE,,,,,,,,,,,,,false,false,NONE,,,,,,,true
edition-target:supplement:en-Latn-NG-education-exposure-2025,English national education-language exposure ceiling — Nigeria,en-Latn-NG-education-exposure-2025,0.000000,7197811.575758,,,,,UNRANKED_PRIMARY_ORDER_GATE,UNRANKED_PRIMARY_ORDER_GATE,MODEL_CONDITIONAL_TERRITORIAL_CEILING,unranked_context,UNRANKED_PRIMARY_ORDER_GATE,,,,,,,,,,,,,false,false,NONE,,,,,,,true
edition-target:supplement:en-Latn-PH-education-exposure-2024,English co-medium education exposure ceiling — Philippines,en-Latn-PH-education-exposure-2024,0.000000,6488164.555556,,,,,UNRANKED_PRIMARY_ORDER_GATE,UNRANKED_PRIMARY_ORDER_GATE,MODEL_CONDITIONAL_TERRITORIAL_CEILING,unranked_context,UNRANKED_PRIMARY_ORDER_GATE,,,,,,,,,,,,,false,false,NONE,,,,,,,true
edition-target:supplement:en-Latn-PK-education-exposure-2023,English education-language exposure ceiling — Pakistan,en-Latn-PK-education-exposure-2023,0.000000,25521955.400000,,,,,UNRANKED_PRIMARY_ORDER_GATE,UNRANKED_PRIMARY_ORDER_GATE,MODEL_CONDITIONAL_TERRITORIAL_CEILING,unranked_context,UNRANKED_PRIMARY_ORDER_GATE,,,,,,,,,,,,,false,false,NONE,,,,,,,true
edition-target:supplement:en-Latn-US-home-2023,United States English-only home-language population age 5+,en-Latn-US-home-2023,0.000000,13671394.280000,,,,,UNRANKED_PRIMARY_ORDER_GATE,UNRANKED_PRIMARY_ORDER_GATE,MODEL_CONDITIONAL_TERRITORIAL_CEILING,unranked_context,UNRANKED_PRIMARY_ORDER_GATE,,,,,,,,,,,,,false,false,NONE,,,,,,,true
edition-target:supplement:fr-Latn-CD-education-exposure-2025,French education-language exposure ceiling — Democratic Republic of the Congo,fr-Latn-CD-education-exposure-2025,0.000000,6268470.722222,,,,,UNRANKED_PRIMARY_ORDER_GATE,UNRANKED_PRIMARY_ORDER_GATE,MODEL_CONDITIONAL_TERRITORIAL_CEILING,unranked_context,UNRANKED_PRIMARY_ORDER_GATE,,,,,,,,,,,,,false,false,NONE,,,,,,,true
