evidence_identity_id,source_lane,source_record_id,edition_target_id,evidence_role,measure_class,population_unit,population_low_persons,population_base_persons,population_high_persons,population_definition,reference_year,territory,script_or_mode,source_ids,source_urls,source_locators,additivity_class,overlap_group,disposition,rank_eligible,row_sha256,normalized_edition_target_id,supplement_stratum_id,empirical_stratum_id,intervention_target_id,roster_target_id
canonical:pop:0006fc3c2360f33c129c35cd,v2_population,pop:0006fc3c2360f33c129c35cd,edition-target:lang:unresolved-tag:tharu-census-category:nepal-tharu-communities,POPULATION_OR_CONTEXT,macro_l1,persons_L1,1714091,1714091,1714091,Census mother-tongue category; internal variety and script split unavailable,2021,,,NPL_LANG_2021,https://censusnepal.cbs.gov.np/results/files/result-folder/Language%20in%20Nepal.pdf,,non_additive; never sum with another measure or measure class without a proved disjoint-person crosswalk,,V2_CANONICAL_EVIDENCE,false,d4f8a1065c3e6c73ad9b68a51f6c36390476d6fe7e3d9b611fcd036cb95ab75f,edition-target:lang:unresolved-tag:tharu-census-category:nepal-tharu-communities,,,edition-target:lang:unresolved-tag:tharu-census-category:nepal-tharu-communities,edition-target:lang:unresolved-tag:tharu-census-category:nepal-tharu-communities
canonical:pop:00fa6825d0212d4eeb8f73cd,v2_population,pop:00fa6825d0212d4eeb8f73cd,edition-target:lang:ms-Arab-MY,POPULATION_OR_CONTEXT,ethnicity_or_identity_proxy,persons_ethnicity_proxy_range_nonadditive,17600000,,18500000,Same proxy range as Rumi row; non-additive script-access edition.,,,,MYS_DOSM_POP,https://open.dosm.gov.my/data-catalogue/population_malaysia,,non_additive; never sum with another measure or measure class without a proved disjoint-person crosswalk,,V2_CANONICAL_EVIDENCE,false,9c9631d6bab04cd270e15d9875415fb9962a2a1fc9692fe04d34cf2489de8146,edition-target:lang:ms-Arab-MY,,,edition-target:lang:ms-Arab-MY,edition-target:lang:ms-Arab-MY
canonical:pop:01315a880f1036004da81749,v2_population,pop:01315a880f1036004da81749,edition-target:lang:zh-Hans-CN,POPULATION_OR_CONTEXT,enrolment,persons,,4299500,,Master's and doctoral students enrolled in 2025,2025,,,SRC_MOE_EDU_2025,https://www.moe.gov.cn/jyb_sjzl/sjzl_fztjgb/202607/t20260706_1442870.html,,non_additive; never sum with another measure or measure class without a proved disjoint-person crosswalk,,V2_CANONICAL_EVIDENCE,false,c9106b020cd9805435fcc02b3cd8c564b3b2f76020bd23f73dd54d09b9e42c26,edition-target:lang:zh-Hans-CN,,,edition-target:lang:zh-Hans-CN,edition-target:lang:zh-Hans-CN
canonical:pop:01627a2b4bbb684f46bf933a,v2_population,pop:01627a2b4bbb684f46bf933a,edition-target:lang:raj-Deva-IN,POPULATION_OR_CONTEXT,macro_l1,persons_L1,25806344,25806344,25806344,Mother-tongue return inside Hindi umbrella; internal variety split and overlap uncertain,2011,,,IND_C16_2011,https://censusindia.gov.in/nada/index.php/catalog/10191,,non_additive; never sum with another measure or measure class without a proved disjoint-person crosswalk,,V2_CANONICAL_EVIDENCE,false,f47e93d7208a235ffc91068a998d0b30ff675034fa4a419089676d3bf46ede5b,edition-target:lang:raj-Deva-IN,,,edition-target:lang:raj-Deva-IN,edition-target:lang:raj-Deva-IN
canonical:pop:022c5db3543e69d7ed7c95eb,v2_population,pop:022c5db3543e69d7ed7c95eb,edition-target:lang:id-Latn-ID,POPULATION_OR_CONTEXT,workforce_cohort,million employed persons,,42.6,,"People employed in agriculture, forestry and fishing in May 2026; published rounded estimate.",2026-05,,,BPS_LABOUR_MAY_2026,https://www.bps.go.id/en/pressrelease/2026/08/05/2606/tingkat-pengangguran-terbuka--tpt--sebesar-4-65-persen---rata-rata-upah-buruh-sebesar-3-39-juta-rupiah-.html,,non_additive; never sum with another measure or measure class without a proved disjoint-person crosswalk,,V2_CANONICAL_EVIDENCE,false,32ded1fbca2f457c86d44c6d91711ab184359ced028818ba319176bf4a54f702,edition-target:lang:id-Latn-ID,,,edition-target:lang:id-Latn-ID,edition-target:lang:id-Latn-ID
canonical:pop:023ca1bc8561beb2e8fa088a,v2_population,pop:023ca1bc8561beb2e8fa088a,edition-target:lang:pt-Latn-001,POPULATION_OR_CONTEXT,macro_speaker_estimate,people,265000000,265000000,265000000,Institutional worldwide speaker estimate.,2026,,,SRC_UN_PORTUGUESE_2026,https://www.un.org/sg/en/content/sg/statements/2026-05-05/secretary-generals-message-world-portuguese-language-day,,non_additive; never sum with another measure or measure class without a proved disjoint-person crosswalk,,V2_CANONICAL_EVIDENCE,false,ac11ac10a2b04a8bff29f93cb85c2cc04947444aaabccc6892ef64bcc4dc3a63,edition-target:lang:pt-Latn-001,,,edition-target:lang:pt-Latn-001,edition-target:lang:pt-Latn-001
canonical:pop:02a99eee802df38698abee2d,v2_population,pop:02a99eee802df38698abee2d,edition-target:lang:kos-Latn-FM,POPULATION_OR_CONTEXT,home_or_first_language,persons_age5plus_home_language,4566,4566,4566,People aged 5+ reporting the named home language,2023,,,OIO_EA133B14931A,https://www.pacificweb.org/library/preview.php?file=fsm/states/2023FSMMunicipality.xlsx,,non_additive; never sum with another measure or measure class without a proved disjoint-person crosswalk,,V2_CANONICAL_EVIDENCE,false,7726674aa54b6a9902f610e05e7ac991078a57b9ed5de97a6dcc64fe111006b6,edition-target:lang:kos-Latn-FM,,,edition-target:lang:kos-Latn-FM,edition-target:lang:kos-Latn-FM
canonical:pop:02c4cac428d92de70bae2606,v2_population,pop:02c4cac428d92de70bae2606,edition-target:lang:tzo-MX,POPULATION_OR_CONTEXT,speaker_or_reported_ability,persons_age3plus_language_speakers,,550274,,People age 3+ reported Tsotsil.,2020,,,SRC_AMAR_MEX_INEGI_2020,https://www.inegi.org.mx/contenidos/programas/ccpv/2020/doc/Censo2020_Principales_resultados_EUM.pdf,,non_additive; never sum with another measure or measure class without a proved disjoint-person crosswalk,,V2_CANONICAL_EVIDENCE,false,6016778e47b05a8951985f959bbba49d987235aca2de6f9a22b913287253a74f,edition-target:lang:tzo-MX,,,edition-target:lang:tzo-MX,edition-target:lang:tzo-MX
canonical:pop:0319e0c2dcfc2a946200d997,v2_population,pop:0319e0c2dcfc2a946200d997,edition-target:lang:oji-CA,POPULATION_OR_CONTEXT,speaker_or_reported_ability,persons_2021_language_knowledge,,20715,,"People reporting knowledge of Ojibway, not otherwise specified; mother-tongue count 12500. Counts randomly rounded.",2021,,,SRC_AMAR_CAN_ALGONQ_2021,https://www150.statcan.gc.ca/n1/pub/41-20-0002/412000022025002-eng.htm,,non_additive; never sum with another measure or measure class without a proved disjoint-person crosswalk,,V2_CANONICAL_EVIDENCE,false,416bf7c1dd8ad98925f30c6bfab4b10d256af31c671cdd35b4fefb6fbd7c9df7,edition-target:lang:oji-CA,,,edition-target:lang:oji-CA,edition-target:lang:oji-CA
canonical:pop:034692087acb25c6eafbc401,v2_population,pop:034692087acb25c6eafbc401,edition-target:lang:mag-Deva-NP,POPULATION_OR_CONTEXT,l1,persons_L1,230117,230117,230117,Census mother-tongue count,2021,,,NPL_LANG_2021,https://censusnepal.cbs.gov.np/results/files/result-folder/Language%20in%20Nepal.pdf,,non_additive; never sum with another measure or measure class without a proved disjoint-person crosswalk,,V2_CANONICAL_EVIDENCE,false,9cf36f63955262e41bd018c5e886249899920b3fb7251399ee9eebbe522f74d8,edition-target:lang:mag-Deva-NP,,,edition-target:lang:mag-Deva-NP,edition-target:lang:mag-Deva-NP
canonical:pop:036221d53ad09a48edd1d3e2,v2_population,pop:036221d53ad09a48edd1d3e2,edition-target:lang:ciw-CA,POPULATION_OR_CONTEXT,speaker_or_reported_ability,persons_2021_language_knowledge,,2040,,People reporting knowledge of Anishinaabemowin / Chippewa; mother-tongue count 765. Counts randomly rounded.,2021,,,SRC_AMAR_CAN_ALGONQ_2021,https://www150.statcan.gc.ca/n1/pub/41-20-0002/412000022025002-eng.htm,,non_additive; never sum with another measure or measure class without a proved disjoint-person crosswalk,,V2_CANONICAL_EVIDENCE,false,9664dfc46d219ef7efb36384537184758bbea2049441268cc7621672be679809,edition-target:lang:ciw-CA,,,edition-target:lang:ciw-CA,edition-target:lang:ciw-CA
canonical:pop:04283d29e33f25b5fd2e9344,v2_population,pop:04283d29e33f25b5fd2e9344,edition-target:lang:sme,POPULATION_OR_CONTEXT,speaker_or_reported_ability,persons_language_users_literature_range,20000,,25000,Peer-reviewed speaker estimate or range; not harmonized census count.,,,,SRC_AMAR_SAMI_REVIEW_2025,https://www.tandfonline.com/doi/abs/10.1080/14790718.2025.2517902,,non_additive; never sum with another measure or measure class without a proved disjoint-person crosswalk,,V2_CANONICAL_EVIDENCE,false,8a92e728500b00a8a961370dce242c298b838e570189b7c89d801b5f9450450d,edition-target:lang:sme,,,edition-target:lang:sme,edition-target:lang:sme
canonical:pop:048524fec04276d0618e84c3,v2_population,pop:048524fec04276d0618e84c3,edition-target:lang:ms-Latn-MY,POPULATION_OR_CONTEXT,ethnicity_or_identity_proxy,persons_ethnicity_proxy_range,17600000,,18500000,Approximate ethnic-Malay planning range from Malaysian population data; not a direct language-use count and smaller than national exposure.,,,,MYS_DOSM_POP,https://open.dosm.gov.my/data-catalogue/population_malaysia,,non_additive; never sum with another measure or measure class without a proved disjoint-person crosswalk,,V2_CANONICAL_EVIDENCE,false,41b6c22546854c476e305c195a3d4c8dee279114331f56db94f8193e910c56e1,edition-target:lang:ms-Latn-MY,,,edition-target:lang:ms-Latn-MY,edition-target:lang:ms-Latn-MY
canonical:pop:04b6889e80d1ae18e50eb6fd,v2_population,pop:04b6889e80d1ae18e50eb6fd,edition-target:lang:kem-Latn-TL,POPULATION_OR_CONTEXT,home_or_first_language,persons_L1,,68995,,2015 census L1 count reproduced in an open peer-reviewed study.,2015,,,TLS_CENSUS_LANGUAGE_STUDY,https://pmc.ncbi.nlm.nih.gov/articles/PMC9411783/,,non_additive; never sum with another measure or measure class without a proved disjoint-person crosswalk,,V2_CANONICAL_EVIDENCE,false,d7b25eaf3d89a9d74de5f92baf11289079181f166142d6e193b0128da9f0f6bf,edition-target:lang:kem-Latn-TL,,,edition-target:lang:kem-Latn-TL,edition-target:lang:kem-Latn-TL
canonical:pop:05c20aff41345522bcbcdfc4,v2_population,pop:05c20aff41345522bcbcdfc4,edition-target:lang:ta-Taml-LK:community:sri-lanka-tamil,POPULATION_OR_CONTEXT,ethnicity_proxy,persons_ethnicity_proxy,2681627,2681627,2681627,Sri Lanka Tamil ethnicity count; L1 equivalence not enumerated,2024,,,LKA_CENSUS_2024,https://www.statistics.gov.lk/Resource/en/Population/CPH_2024/CPH2024_Final_Eng.pdf,,non_additive; never sum with another measure or measure class without a proved disjoint-person crosswalk,,V2_CANONICAL_EVIDENCE,false,634643999a4c2ca9f1b5630e8930fca739a9ec02b1409cb7c2b7bc25831cc2d7,edition-target:lang:ta-Taml-LK:community:sri-lanka-tamil,,,edition-target:lang:ta-Taml-LK:community:sri-lanka-tamil,edition-target:lang:ta-Taml-LK:community:sri-lanka-tamil
canonical:pop:067a026b2b1f291099c85232,v2_population,pop:067a026b2b1f291099c85232,edition-target:lang:hil-Latn-PH,POPULATION_OR_CONTEXT,ethnicity_or_identity_proxy,persons_ethnicity_proxy,,8608191,,"2020 ethnicity proxy; the census also reports 1,933,512 home-language households, not persons.",2020,,,PH_PSA_ETHNICITY_2020,https://psa.gov.ph/content/ethnicity-philippines-2020-census-population-and-housing,,non_additive; never sum with another measure or measure class without a proved disjoint-person crosswalk,,V2_CANONICAL_EVIDENCE,false,caab413ed4d0d6baa702e6959511019f9c4b8a22d5159bde6815dec54541a571,edition-target:lang:hil-Latn-PH,,,edition-target:lang:hil-Latn-PH,edition-target:lang:hil-Latn-PH
canonical:pop:07dba49c932795d75471c5e8,v2_population,pop:07dba49c932795d75471c5e8,edition-target:lang:sid-Latn-ET,POPULATION_OR_CONTEXT,persons_basis_not_stated,people,,2981471,,2007 Ethiopia mother-tongue count,2007,,,SRC_ESS_CENSUS_2007,https://drs.ess.gov.et/bitstreams/61d74990-69a7-4f11-8e91-9234ca31d94f/download,,non_additive; never sum with another measure or measure class without a proved disjoint-person crosswalk,,V2_CANONICAL_EVIDENCE,false,e147444c23f7b9d56e2683c03bde943fa9bfbe9ce3cf7d0bc7193ae16790f0b8,edition-target:lang:sid-Latn-ET,,,edition-target:lang:sid-Latn-ET,edition-target:lang:sid-Latn-ET
canonical:pop:07e3cc4eb493772ea61be502,v2_population,pop:07e3cc4eb493772ea61be502,edition-target:lang:unresolved-tag:multilingual-mainland-population-zh-hans-cn-capable-subset-unmeasured:mainland-china-people-offline-in-the,POPULATION_OR_CONTEXT,offline_population_estimate,persons,,279900000,,Approximate offline population derived from rounded NBS year-end population and CNNIC internet-user count,2025,,,SRC_CNNIC_57_2025,https://www3.cnnic.cn/n4/2026/0304/c88-11549.html,,non_additive; never sum with another measure or measure class without a proved disjoint-person crosswalk,,V2_CANONICAL_EVIDENCE,false,65de852b2f6d3c3294a0abfbf8880e0b08212bbd005ae75e90b051662224a1f8,edition-target:lang:unresolved-tag:multilingual-mainland-population-zh-hans-cn-capable-subset-unmeasured:mainland-china-people-offline-in-the,,,edition-target:lang:unresolved-tag:multilingual-mainland-population-zh-hans-cn-capable-subset-unmeasured:mainland-china-people-offline-in-the,edition-target:lang:unresolved-tag:multilingual-mainland-population-zh-hans-cn-capable-subset-unmeasured:mainland-china-people-offline-in-the
canonical:pop:08314d40297a9bc50863eb49,v2_population,pop:08314d40297a9bc50863eb49,edition-target:lang:zh-Hans-CN:written,POPULATION_OR_CONTEXT,enrolment,persons,,8059000,,Adult undergraduate and associate learners enrolled in 2025,2025,,,SRC_MOE_EDU_2025,https://www.moe.gov.cn/jyb_sjzl/sjzl_fztjgb/202607/t20260706_1442870.html,,non_additive; never sum with another measure or measure class without a proved disjoint-person crosswalk,,V2_CANONICAL_EVIDENCE,false,24e068e1758019801c942eb7ae0b900f4c070b7eadd1e41936070aadbece10fb,edition-target:lang:zh-Hans-CN:written,,,edition-target:lang:zh-Hans-CN:written,edition-target:lang:zh-Hans-CN:written
canonical:pop:086035c2c540a39c8767d8f5,v2_population,pop:086035c2c540a39c8767d8f5,edition-target:lang:cuk-PA,POPULATION_OR_CONTEXT,ethnicity_or_identity_proxy,persons_indigenous_identity_proxy,,112319,,People identifying with the Guna people; not a speaker count.,2023,,,SRC_AMAR_PAN_INEC_2023,https://www.inec.gob.pa/Publicaciones/Default3.aspx?ID_CATEGORIA=19&ID_PUBLICACION=1212&ID_SUBCATEGORIA=71,,non_additive; never sum with another measure or measure class without a proved disjoint-person crosswalk,,V2_CANONICAL_EVIDENCE,false,4a441fa5643a47ac99ab9f448d51fb3fce3f15ac971853bf4ab8cb2f748ae24d,edition-target:lang:cuk-PA,,,edition-target:lang:cuk-PA,edition-target:lang:cuk-PA
canonical:pop:098f8cc1eee32013c992f2ab,v2_population,pop:098f8cc1eee32013c992f2ab,edition-target:lang:st-Latn-ZA,POPULATION_OR_CONTEXT,percentage_only,percent,,7.8,,Share of South Africa population reporting Sesotho as household language,2022,,,SRC_STATSSA_CENSUS_2022,https://www.statssa.gov.za/wp-content/uploads/2023/11/Mbalo-brief-November.pdf,,non_additive; never sum with another measure or measure class without a proved disjoint-person crosswalk,,V2_CANONICAL_EVIDENCE,false,8ba359fa38f47ec2d5f299956c59a68682b75a0eac3c84368d791cb779a5a92f,edition-target:lang:st-Latn-ZA,,,edition-target:lang:st-Latn-ZA,edition-target:lang:st-Latn-ZA
canonical:pop:0ba3c9b0647aa75ce1659d19,v2_population,pop:0ba3c9b0647aa75ce1659d19,edition-target:lang:bzj-BZ,POPULATION_OR_CONTEXT,percentage_only,percent_population_age4plus_multiple_response_speaking_ability,,49,,"Share of population age 4+ reporting ability to speak Belize Kriol; multiple languages allowed, not a mother-tongue share.",2022,,,SRC_AMAR_BLZ_SIB_2022,https://sib.org.bz/wp-content/uploads/CensusKeyFindingsReport_2022.pdf,,non_additive; never sum with another measure or measure class without a proved disjoint-person crosswalk,,V2_CANONICAL_EVIDENCE,false,e5b4df37db38decb29aa7c60efb69c8363fbdfcd934ac981a2209d0b7fad2ff5,edition-target:lang:bzj-BZ,,,edition-target:lang:bzj-BZ,edition-target:lang:bzj-BZ
canonical:pop:0ba8b556e1bc941de0d5d9f6,v2_population,pop:0ba8b556e1bc941de0d5d9f6,edition-target:lang:zun-US,POPULATION_OR_CONTEXT,home_or_first_language,persons_age5plus_home_language,,8109,,People age 5+ reporting Zuni at home in the 2017–2021 ACS.,2017-2021,,,SRC_AMAR_US_ACS_2017_2021,https://www.census.gov/library/stories/2025/06/native-american-language-use.html,,non_additive; never sum with another measure or measure class without a proved disjoint-person crosswalk,,V2_CANONICAL_EVIDENCE,false,e94b6d4e3442d331a30c9d44c2681f684a69ded65346c3de3f484466e8aa9186,edition-target:lang:zun-US,,,edition-target:lang:zun-US,edition-target:lang:zun-US
canonical:pop:0bc384a44a55e0b2b57a72bd,v2_population,pop:0bc384a44a55e0b2b57a72bd,edition-target:lang:plg-AR,POPULATION_OR_CONTEXT,percentage_only,percent_of_self_identified_people_speak_or_understand_own_language,,89,,Share of the self-identified Pilagá people who speak or understand the people's language; denominator count is not encoded here.,2022,,,SRC_AMAR_ARG_INDEC_2022,https://www.indec.gob.ar/ftp/cuadros/poblacion/censo2022_poblacion_indigena.pdf,,non_additive; never sum with another measure or measure class without a proved disjoint-person crosswalk,,V2_CANONICAL_EVIDENCE,false,9afe5100e66a86698a255c522be6cd961f6841ce6edf6255e21dc73ec86378c2,edition-target:lang:plg-AR,,,edition-target:lang:plg-AR,edition-target:lang:plg-AR
canonical:pop:0d1a88a9d77adca9e17f7173,v2_population,pop:0d1a88a9d77adca9e17f7173,edition-target:lang:lo-Laoo-LA,POPULATION_OR_CONTEXT,ethnicity_or_identity_proxy,persons_ethnicity_proxy,,3450000,,Rounded ethnic-Lao count derived from 53.2% of the 2015 census population; not a language-use census.,2015,,,LAO_CENSUS_2015,https://lao.unfpa.org/en/publications/results-population-and-housing-census-2015-english-version,,non_additive; never sum with another measure or measure class without a proved disjoint-person crosswalk,,V2_CANONICAL_EVIDENCE,false,5f2c7306d0ecf69553344024bd77e081c796deea13a96bd770eae37292ea40df,edition-target:lang:lo-Laoo-LA,,,edition-target:lang:lo-Laoo-LA,edition-target:lang:lo-Laoo-LA
canonical:pop:0ea1c757685c2d2d888ffedf,v2_population,pop:0ea1c757685c2d2d888ffedf,edition-target:lang:mh-Latn-MH,POPULATION_OR_CONTEXT,percentage_only,percent_age5plus_speaking,,96,,People aged 5+ reported speaking Marshallese,2021,,,OIO_F4F04B63A55A,https://prdrse4all.spc.int/sites/default/files/marshall_islands_census_report_2021.pdf,,non_additive; never sum with another measure or measure class without a proved disjoint-person crosswalk,,V2_CANONICAL_EVIDENCE,false,1272f1273ec781349ebc129c5e581316aeb4228b9c09b94b651064f218c8ea2e,edition-target:lang:mh-Latn-MH,,,edition-target:lang:mh-Latn-MH,edition-target:lang:mh-Latn-MH
canonical:pop:0febc04682405966e45d0186,v2_population,pop:0febc04682405966e45d0186,edition-target:lang:ja-Jpan-JP,POPULATION_OR_CONTEXT,enrolment,persons,,92442,,Residence-status Student holders enrolled in university undergraduate programs,2025,,,JPN-S007,https://www.studyinjapan.go.jp/ja/statistics/enrollment/data/2605291000.html,,non_additive; never sum with another measure or measure class without a proved disjoint-person crosswalk,,V2_CANONICAL_EVIDENCE,false,c744697bbc2baef4e3d326f0b72eb8a72d9dd473389efb56e5dd3bf8c9144b12,edition-target:lang:ja-Jpan-JP,,,edition-target:lang:ja-Jpan-JP,edition-target:lang:ja-Jpan-JP
canonical:pop:122da67a31b6e9f10514b3b8,v2_population,pop:122da67a31b6e9f10514b3b8,edition-target:lang:zh-Hans-CN:written,POPULATION_OR_CONTEXT,enrolment,persons,,5423500,,Web-based higher-education learners enrolled in 2025,2025,,,SRC_MOE_EDU_2025,https://www.moe.gov.cn/jyb_sjzl/sjzl_fztjgb/202607/t20260706_1442870.html,,non_additive; never sum with another measure or measure class without a proved disjoint-person crosswalk,,V2_CANONICAL_EVIDENCE,false,715762f50591d92ab12509b3f617145f398dc275c7b2e1717f3b5ce364c9c2eb,edition-target:lang:zh-Hans-CN:written,,,edition-target:lang:zh-Hans-CN:written,edition-target:lang:zh-Hans-CN:written
canonical:pop:124acde14997257ccf4fbab1,v2_population,pop:124acde14997257ccf4fbab1,edition-target:lang:tca-CO,POPULATION_OR_CONTEXT,speaker_or_reported_ability,persons_named_language_speaker_estimate,,4512,,Named-language speaker estimate in the national decennial language plan.,,,,SRC_AMAR_COL_LANG_PLAN,https://dokumen.pub/plan-decenal-de-lenguas-nativas-de-colombia-9789587534948.html,,non_additive; never sum with another measure or measure class without a proved disjoint-person crosswalk,,V2_CANONICAL_EVIDENCE,false,a259f1bfe2a24e8de9a8ab7a5db29135f6419e5f81c898dc9d7f233c1bb3d672,edition-target:lang:tca-CO,,,edition-target:lang:tca-CO,edition-target:lang:tca-CO
canonical:pop:132d9d37cb993953ece8aff0,v2_population,pop:132d9d37cb993953ece8aff0,edition-target:lang:mtp-AR,POPULATION_OR_CONTEXT,percentage_only,percent_of_self_identified_people_speak_or_understand_own_language,,63.1,,Share of the self-identified Weenhayek people who speak or understand the people's language; denominator count is not encoded here.,2022,,,SRC_AMAR_ARG_INDEC_2022,https://www.indec.gob.ar/ftp/cuadros/poblacion/censo2022_poblacion_indigena.pdf,,non_additive; never sum with another measure or measure class without a proved disjoint-person crosswalk,,V2_CANONICAL_EVIDENCE,false,95483689e2ff91d6d298935ebe66f26ed48dd74769a72d8262bcb88ac0bf9b1f,edition-target:lang:mtp-AR,,,edition-target:lang:mtp-AR,edition-target:lang:mtp-AR
canonical:pop:13469bc5808556f0312a2d3e,v2_population,pop:13469bc5808556f0312a2d3e,edition-target:lang:pon-Latn-FM,POPULATION_OR_CONTEXT,home_or_first_language,persons_age5plus_home_language,17787,17787,17787,People aged 5+ reporting the named home language,2023,,,OIO_EA133B14931A,https://www.pacificweb.org/library/preview.php?file=fsm/states/2023FSMMunicipality.xlsx,,non_additive; never sum with another measure or measure class without a proved disjoint-person crosswalk,,V2_CANONICAL_EVIDENCE,false,e932ead4d59cddddcd2b895af4faf10e12077af881839d6d432e1adbf00847f3,edition-target:lang:pon-Latn-FM,,,edition-target:lang:pon-Latn-FM,edition-target:lang:pon-Latn-FM
canonical:pop:13a2f93c14c2492f765ccdd3,v2_population,pop:13a2f93c14c2492f765ccdd3,edition-target:macro:AMAR_MEX_NAHUATL_LOCALITY_REQUIRED,POPULATION_OR_CONTEXT,speaker_or_reported_ability,persons_age3plus_language_speakers_aggregate,,1651958,,People age 3+ reported under the census aggregate Náhuatl; not assignable to an INALI variety.,2020,,,SRC_AMAR_MEX_INEGI_2020,https://www.inegi.org.mx/contenidos/programas/ccpv/2020/doc/Censo2020_Principales_resultados_EUM.pdf,,non_additive; never sum with another measure or measure class without a proved disjoint-person crosswalk,,V2_CANONICAL_EVIDENCE,false,c73e2681444cf6ffed78ca8ba204a058ea40ad919eab32d92d399b54324da976,edition-target:macro:AMAR_MEX_NAHUATL_LOCALITY_REQUIRED,,,edition-target:macro:AMAR_MEX_NAHUATL_LOCALITY_REQUIRED,edition-target:macro:AMAR_MEX_NAHUATL_LOCALITY_REQUIRED
canonical:pop:141c2af19850479410aacb44,v2_population,pop:141c2af19850479410aacb44,edition-target:lang:rap-Latn-CL,POPULATION_OR_CONTEXT,speaker_or_reported_ability,persons_age5plus_speak_or_understand,7006,7006,7006,People age 5+ nationwide reporting that they speak or understand Rapa Nui; combined ability question,2024,,,OIO_A7D1D42EC130,https://censo2024.ine.gob.cl/wp-content/uploads/2025/12/sintesis_resultados_censo2024.pdf,,non_additive; never sum with another measure or measure class without a proved disjoint-person crosswalk,,V2_CANONICAL_EVIDENCE,false,2abf537042225f1c69b5ae142dd47302422ebe29469b317c163101a6964b7ca8,edition-target:lang:rap-Latn-CL,,,edition-target:lang:rap-Latn-CL,edition-target:lang:rap-Latn-CL
canonical:pop:14603b503b0999e150581667,v2_population,pop:14603b503b0999e150581667,edition-target:lang:cac-GT,POPULATION_OR_CONTEXT,home_or_first_language,persons_age4plus_mother_tongue,,58592,,People age 4+ reporting Chuj as mother tongue.,2018,,,SRC_AMAR_GTM_INE_2018,https://censo2018.ine.gob.gt/archivos/resultados_censo2018.pdf,,non_additive; never sum with another measure or measure class without a proved disjoint-person crosswalk,,V2_CANONICAL_EVIDENCE,false,fd89eaab09158084648d42eb0d4e414d64c39babf5c30ace2c4a59c0a11527ca,edition-target:lang:cac-GT,,,edition-target:lang:cac-GT,edition-target:lang:cac-GT
canonical:pop:1575dbef18144b6e088d695f,v2_population,pop:1575dbef18144b6e088d695f,edition-target:lang:bho-Deva-NP,POPULATION_OR_CONTEXT,l1,persons_L1,1820795,1820795,1820795,Census mother-tongue count,2021,,,NPL_LANG_2021,https://censusnepal.cbs.gov.np/results/files/result-folder/Language%20in%20Nepal.pdf,,non_additive; never sum with another measure or measure class without a proved disjoint-person crosswalk,,V2_CANONICAL_EVIDENCE,false,97ae06ad602132745cff8be55a066d611b5df6b06ab05568d05b09f23c758be2,edition-target:lang:bho-Deva-NP,,,edition-target:lang:bho-Deva-NP,edition-target:lang:bho-Deva-NP
canonical:pop:1599a45394c261baef7f6b5d,v2_population,pop:1599a45394c261baef7f6b5d,edition-target:lang:so-Latn-ET,POPULATION_OR_CONTEXT,persons_basis_not_stated,people,,4609274,,2007 Ethiopia mother-tongue count for Somali overall,2007,,,SRC_ESS_CENSUS_2007,https://drs.ess.gov.et/bitstreams/61d74990-69a7-4f11-8e91-9234ca31d94f/download,,non_additive; never sum with another measure or measure class without a proved disjoint-person crosswalk,,V2_CANONICAL_EVIDENCE,false,8ef4818d60bb155fa4a4f4484f804766a4d11d332a1e3e415b24d15b16368b4d,edition-target:lang:so-Latn-ET,,,edition-target:lang:so-Latn-ET,edition-target:lang:so-Latn-ET
canonical:pop:159fe34a7c15edc5d3942d40,v2_population,pop:159fe34a7c15edc5d3942d40,edition-target:macro:AMAR_MEX_ZAPOTEC_LOCALITY_REQUIRED,POPULATION_OR_CONTEXT,speaker_or_reported_ability,persons_age3plus_language_speakers_aggregate,,490845,,People age 3+ reported under the census aggregate Zapotec; not assignable to a local variety.,2020,,,SRC_AMAR_MEX_INEGI_2020,https://www.inegi.org.mx/contenidos/programas/ccpv/2020/doc/Censo2020_Principales_resultados_EUM.pdf,,non_additive; never sum with another measure or measure class without a proved disjoint-person crosswalk,,V2_CANONICAL_EVIDENCE,false,30a4dabc94fed028201480513ed654b155ac238cdaf8499d18ea0e767cbcd5ee,edition-target:macro:AMAR_MEX_ZAPOTEC_LOCALITY_REQUIRED,,,edition-target:macro:AMAR_MEX_ZAPOTEC_LOCALITY_REQUIRED,edition-target:macro:AMAR_MEX_ZAPOTEC_LOCALITY_REQUIRED
canonical:pop:15ce6665932281053a92aacb,v2_population,pop:15ce6665932281053a92aacb,edition-target:lang:gcf-GP,POPULATION_OR_CONTEXT,percentage_only,percent_adults_age15plus_language_mastery,,88,,Adult age 15+ mastery share in 2019–2020; not a headcount.,2019-2020,,,SRC_AMAR_FRA_CREOLE_2019_20,https://www.bnsp.insee.fr/ark:/12148/bc6p089kb96/f1.pdf,,non_additive; never sum with another measure or measure class without a proved disjoint-person crosswalk,,V2_CANONICAL_EVIDENCE,false,3b8063218e569be112815a883f85ef6a183239a9c5c5c0262c7a81a4c9af6b0d,edition-target:lang:gcf-GP,,,edition-target:lang:gcf-GP,edition-target:lang:gcf-GP
canonical:pop:15f112591a81374743bc3e66,v2_population,pop:15f112591a81374743bc3e66,edition-target:lang:ha-Latn-NG,POPULATION_OR_CONTEXT,speaker_estimate_lower_bound,people,80000000,,,Institutional lower-bound estimate for Nigeria; upper bound not stated.,2026,,,SRC_UNESCO_HAUSA_2026,https://www.unesco.org/en/articles/african-languages-blind-spot-ai,,non_additive; never sum with another measure or measure class without a proved disjoint-person crosswalk,,V2_CANONICAL_EVIDENCE,false,1da76af3a1c38cc7a6c7880592aaecf94d5100d99e1e077204b4c5108593ae7f,edition-target:lang:ha-Latn-NG,,,edition-target:lang:ha-Latn-NG,edition-target:lang:ha-Latn-NG
canonical:pop:161c1a9a3b5fe3578f628f35,v2_population,pop:161c1a9a3b5fe3578f628f35,edition-target:lang:cab-BZ,POPULATION_OR_CONTEXT,percentage_only,percent_population_age4plus_multiple_response_speaking_ability,,2,,"Share of population age 4+ reporting ability to speak Belize Garifuna; multiple languages allowed, not a mother-tongue share.",2022,,,SRC_AMAR_BLZ_SIB_2022,https://sib.org.bz/wp-content/uploads/CensusKeyFindingsReport_2022.pdf,,non_additive; never sum with another measure or measure class without a proved disjoint-person crosswalk,,V2_CANONICAL_EVIDENCE,false,c46f6ef0cc78af00db62fda32c1399b14e04a0d8d6c3b03f84be569261f7c324,edition-target:lang:cab-BZ,,,edition-target:lang:cab-BZ,edition-target:lang:cab-BZ
canonical:pop:166940960f3e75dade277ada,v2_population,pop:166940960f3e75dade277ada,edition-target:lang:gil-Latn-TV-x-nui,POPULATION_OR_CONTEXT,percentage_only,percent_age5plus_literate,,19,,People aged 5+ reported literate in Nuian,2022,,,OIO_0C068ED806B3,https://stats.gov.tv/download/85/population-and-housing-census/1836/tuvalu_2022_census_report,,non_additive; never sum with another measure or measure class without a proved disjoint-person crosswalk,,V2_CANONICAL_EVIDENCE,false,3d3351601d7a2612b727b78346c5e34eb3fbe993298fedc270db44e9924a105a,edition-target:lang:gil-Latn-TV-x-nui,,,edition-target:lang:gil-Latn-TV-x-nui,edition-target:lang:gil-Latn-TV-x-nui
canonical:pop:1698830a17c6f59ef42306e5,v2_population,pop:1698830a17c6f59ef42306e5,edition-target:lang:moe-CA,POPULATION_OR_CONTEXT,speaker_or_reported_ability,persons_2021_language_knowledge,,10740,,People reporting knowledge of Innu-Aimun; mother-tongue count 9430. Counts randomly rounded.,2021,,,SRC_AMAR_CAN_ALGONQ_2021,https://www150.statcan.gc.ca/n1/pub/41-20-0002/412000022025002-eng.htm,,non_additive; never sum with another measure or measure class without a proved disjoint-person crosswalk,,V2_CANONICAL_EVIDENCE,false,9c3f7db0eb4d3b365b5cb7b29cd3c2a8f48b6ed6c06d6dc9c0f5cfdc63340fa0,edition-target:lang:moe-CA,,,edition-target:lang:moe-CA,edition-target:lang:moe-CA
canonical:pop:17cf10e73d97cfe655727995,v2_population,pop:17cf10e73d97cfe655727995,edition-target:lang:tkl-Latn-TK,POPULATION_OR_CONTEXT,proxy,persons_population_count_scope,1647,1647,1647,"Population count including Tokelau public-service families based in Samoa; 1,480 were on atolls on census night",2019,,,OIO_6B422DE3E061,https://www.tokelau.org.nz/site/tokelau/2019%20Tokelau%20Population%20Count.pdf,,non_additive; never sum with another measure or measure class without a proved disjoint-person crosswalk,,V2_CANONICAL_EVIDENCE,false,047a30b872498c716aba7c797e152b1b6fa7953638897eb3783925f3659c2f37,edition-target:lang:tkl-Latn-TK,,,edition-target:lang:tkl-Latn-TK,edition-target:lang:tkl-Latn-TK
canonical:pop:1890df4e838ba013835e1dac,v2_population,pop:1890df4e838ba013835e1dac,edition-target:lang:ig-Latn-NG,POPULATION_OR_CONTEXT,speaker_estimate,people,23000000,25000000,27000000,"Approximate federal-government speaker estimate, around 25m.",2026,,,SRC_NIGERIA_FMACCE,https://www.fmacce.gov.ng/indigenous-language,,non_additive; never sum with another measure or measure class without a proved disjoint-person crosswalk,,V2_CANONICAL_EVIDENCE,false,b10fe807fc0ea8a0e75015c3771220a6c9f72d68a505dc4b1ecc69317f6b8232,edition-target:lang:ig-Latn-NG,,,edition-target:lang:ig-Latn-NG,edition-target:lang:ig-Latn-NG
canonical:pop:18db243036b830db09e6124f,v2_population,pop:18db243036b830db09e6124f,edition-target:lang:bho-Deva-IN,POPULATION_OR_CONTEXT,l1,persons_L1,50579447,50579447,50579447,Raw mother-tongue return inside Census Hindi umbrella,2011,,,IND_C16_2011,https://censusindia.gov.in/nada/index.php/catalog/10191,,non_additive; never sum with another measure or measure class without a proved disjoint-person crosswalk,,V2_CANONICAL_EVIDENCE,false,48e51e3f441da160755434eb5d6c3846a9dc6ff2a734a7476a9f7617500ea5ba,edition-target:lang:bho-Deva-IN,,,edition-target:lang:bho-Deva-IN,edition-target:lang:bho-Deva-IN
canonical:pop:1992ed381313830db0336e77,v2_population,pop:1992ed381313830db0336e77,edition-target:lang:fcs-CA,POPULATION_OR_CONTEXT,home_or_first_language,persons_sign_language_mother_tongue,,990,,LSQ mother-tongue respondents; not all users.,2021,,,SRC_AMAR_CAN_SIGN_2021,https://www12.statcan.gc.ca/census-recensement/2021/dp-pd/prof/details/page.cfm?DGUIDlist=2021A000224%2C2021A000011124&GENDERlist=1%2C2%2C3&HEADERlist=15%2C13%2C18%2C12%2C16%2C14%2C17&Lang=E&STATISTIClist=1%2C4&SearchText=,,non_additive; never sum with another measure or measure class without a proved disjoint-person crosswalk,,V2_CANONICAL_EVIDENCE,false,06e598e69c2a5dabb249df11150167e0a38b707817510dfe95c76a66610b8a40,edition-target:lang:fcs-CA,,,edition-target:lang:fcs-CA,edition-target:lang:fcs-CA
canonical:pop:1a114d556942633b24d14186,v2_population,pop:1a114d556942633b24d14186,edition-target:lang:bzs-BR,POPULATION_OR_CONTEXT,disability_proxy,deaf_hard_of_hearing_deafblind_school_cohort_proxy,,62100,,"Pupils classified deaf, hard of hearing, or deafblind; not a Libras-user count. 55,900 were in common classes and 6,300 in exclusive/bilingual classes.",2023,,,SRC_AMAR_BRA_DEAF_2023,https://www.gov.br/planejamento/pt-br/assuntos/planejamento/plano-plurianual/arquivos/arquivos-ppa-2024-2027/agenda_crianca_adolescente_completa.pdf,,non_additive; never sum with another measure or measure class without a proved disjoint-person crosswalk,,V2_CANONICAL_EVIDENCE,false,9a1a4bd43053ea79e2968e5b428bada56003c35c69c0da0b447197848d1eb077,edition-target:lang:bzs-BR,,,edition-target:lang:bzs-BR,edition-target:lang:bzs-BR
canonical:pop:1a296b1f7b12ec1ef607f53a,v2_population,pop:1a296b1f7b12ec1ef607f53a,edition-target:lang:sm-Latn-AS,POPULATION_OR_CONTEXT,home_or_first_language,persons_age5plus_households_home_language,38835,38835,38835,People aged 5+ in households reporting Samoan at home; group-quarters residents excluded,2020,,,OIO_EC058330AB8F,https://data.census.gov/table/DECENNIALDHCAS2020.PBG5,,non_additive; never sum with another measure or measure class without a proved disjoint-person crosswalk,,V2_CANONICAL_EVIDENCE,false,a7f55f52a2d929d0275fbe89aff353577b966ee46ae42b7d1d1efcdec1e70bab,edition-target:lang:sm-Latn-AS,,,edition-target:lang:sm-Latn-AS,edition-target:lang:sm-Latn-AS
canonical:pop:1b0fedae1f0166ba231953b3,v2_population,pop:1b0fedae1f0166ba231953b3,edition-target:lang:bn-Beng-IN,POPULATION_OR_CONTEXT,l1,persons_L1,96177835,96177835,96177835,Raw Census mother-tongue count,2011,,,IND_C16_2011,https://censusindia.gov.in/nada/index.php/catalog/10191,,non_additive; never sum with another measure or measure class without a proved disjoint-person crosswalk,,V2_CANONICAL_EVIDENCE,false,44d09a687d7d7b51712f1a9a08fd575ab4c288bbd51e50a70248b8fde3611ce8,edition-target:lang:bn-Beng-IN,,,edition-target:lang:bn-Beng-IN,edition-target:lang:bn-Beng-IN
canonical:pop:1b92c887d8521d60126ccce5,v2_population,pop:1b92c887d8521d60126ccce5,edition-target:lang:unresolved-tag:national-and-indigenous-sign-languages:worldwide-signing-deaf-communities,POPULATION_OR_CONTEXT,macro_community_estimate,people,70000000,,,WFD lower-bound estimate: more than 70m people in signing Deaf communities; not one language.,2026,,,SRC_WFD_FAQ,https://wfdeaf.org/contact/faqs/,,non_additive; never sum with another measure or measure class without a proved disjoint-person crosswalk,,V2_CANONICAL_EVIDENCE,false,364371b2119bd8ca158277b63c4988906a360ce7ca3b9629c263c2539f662341,edition-target:lang:unresolved-tag:national-and-indigenous-sign-languages:worldwide-signing-deaf-communities,,,edition-target:lang:unresolved-tag:national-and-indigenous-sign-languages:worldwide-signing-deaf-communities,edition-target:lang:unresolved-tag:national-and-indigenous-sign-languages:worldwide-signing-deaf-communities
canonical:pop:1ce287c71d58f413f7dec02d,v2_population,pop:1ce287c71d58f413f7dec02d,edition-target:lang:sg-Latn-CF,POPULATION_OR_CONTEXT,home_or_first_language,people,5000000,5500000,6000000,Rounded bridge-reach range; not an L1-only count,,,,,,,non_additive; never sum with another measure or measure class without a proved disjoint-person crosswalk,,V2_CANONICAL_EVIDENCE,false,e6dd346a83c8c5a602bf126c69b2824cdc672eabd0f33e1e1bd69b4ceeff3e6a,edition-target:lang:sg-Latn-CF,,,edition-target:lang:sg-Latn-CF,edition-target:lang:sg-Latn-CF
canonical:pop:1d9828107f5af2e12cdc538d,v2_population,pop:1d9828107f5af2e12cdc538d,edition-target:lang:ynk-RU,POPULATION_OR_CONTEXT,speaker_or_reported_ability,persons_within_named_people_reporting_same_named_language_knowledge_shared_where_noted,,160,,"Shared census 'Eskimo' language-knowledge count; ethnic population 1,659; not split from Chaplinski.",2021,,,SRC_AMAR_RUS_ROSSTAT_2021,https://rosstat.gov.ru/storage/mediabank/Tom5_tab18_VPN-2020.xlsx,,non_additive; never sum with another measure or measure class without a proved disjoint-person crosswalk,,V2_CANONICAL_EVIDENCE,false,b410de6ad7c42911ece8d96730d9f9e68612dd6790f5241d0798181769db2e0b,edition-target:lang:ynk-RU,,,edition-target:lang:ynk-RU,edition-target:lang:ynk-RU
canonical:pop:1dda9969087ea2a16ee06645,v2_population,pop:1dda9969087ea2a16ee06645,edition-target:lang:tpi-Latn-PG,POPULATION_OR_CONTEXT,percentage_only,percent_plan_reported_literacy,,57,,Reported literacy in Tok Pisin; overlapping with other language-literacy measures and not a speaker headcount,2020 plan using available national evidence,,,OIO_4D280718188B,https://planipolis.iiep.unesco.org/sites/default/files/ressources/papua_new_guinea_nep_2020-2029.pdf,,non_additive; never sum with another measure or measure class without a proved disjoint-person crosswalk,,V2_CANONICAL_EVIDENCE,false,580e314697f24e8e0e25082f56b63f676d3c2cf68c60715579f959a5ccdfc279,edition-target:lang:tpi-Latn-PG,,,edition-target:lang:tpi-Latn-PG,edition-target:lang:tpi-Latn-PG
canonical:pop:1eba93df0b84d1dadf945ee6,v2_population,pop:1eba93df0b84d1dadf945ee6,edition-target:lang:cre-CA,POPULATION_OR_CONTEXT,speaker_or_reported_ability,persons_2021_language_knowledge,,61000,,"People reporting knowledge of Cree, not otherwise specified; mother-tongue count 47855. Counts randomly rounded.",2021,,,SRC_AMAR_CAN_ALGONQ_2021,https://www150.statcan.gc.ca/n1/pub/41-20-0002/412000022025002-eng.htm,,non_additive; never sum with another measure or measure class without a proved disjoint-person crosswalk,,V2_CANONICAL_EVIDENCE,false,19436ebb5ef431e71d224388ea223cd5b7d6b485739c38d81e0ca045d542c01f,edition-target:lang:cre-CA,,,edition-target:lang:cre-CA,edition-target:lang:cre-CA
canonical:pop:1ed848c1d928c4559fb89df2,v2_population,pop:1ed848c1d928c4559fb89df2,edition-target:lang:zh-Hans-CN:written,POPULATION_OR_CONTEXT,enrolment,persons,,101782900,,Learners enrolled in primary education in 2025,2025,,,SRC_MOE_EDU_2025,https://www.moe.gov.cn/jyb_sjzl/sjzl_fztjgb/202607/t20260706_1442870.html,,non_additive; never sum with another measure or measure class without a proved disjoint-person crosswalk,,V2_CANONICAL_EVIDENCE,false,eb0c211bd26b79487026564f3d2f0486b05251ebc2b8f40a293eecb4582127b2,edition-target:lang:zh-Hans-CN:written,,,edition-target:lang:zh-Hans-CN:written,edition-target:lang:zh-Hans-CN:written
canonical:pop:1f81f0627da3dae77a4627f9,v2_population,pop:1f81f0627da3dae77a4627f9,edition-target:lang:mdh-Latn-PH,POPULATION_OR_CONTEXT,ethnicity_or_identity_proxy,persons_ethnicity_proxy,,2021099,,"2020 ethnicity proxy; the census also reports 365,032 Maguindanao home-language households.",2020,,,PH_PSA_ETHNICITY_2020,https://psa.gov.ph/content/ethnicity-philippines-2020-census-population-and-housing,,non_additive; never sum with another measure or measure class without a proved disjoint-person crosswalk,,V2_CANONICAL_EVIDENCE,false,de142e56fd61683480bde2aea76b08d8f03d5c68f226de5ef712c5b343b8713b,edition-target:lang:mdh-Latn-PH,,,edition-target:lang:mdh-Latn-PH,edition-target:lang:mdh-Latn-PH
canonical:pop:1fa5cc2a9b5ee05d1da3cc72,v2_population,pop:1fa5cc2a9b5ee05d1da3cc72,edition-target:lang:yux-RU,POPULATION_OR_CONTEXT,speaker_or_reported_ability,persons_within_named_people_reporting_same_named_language_knowledge_shared_where_noted,,300,,"Shared Yukaghir language-knowledge count; ethnic population 1,813; not split from Tundra Yukaghir.",2021,,,SRC_AMAR_RUS_ROSSTAT_2021,https://rosstat.gov.ru/storage/mediabank/Tom5_tab18_VPN-2020.xlsx,,non_additive; never sum with another measure or measure class without a proved disjoint-person crosswalk,,V2_CANONICAL_EVIDENCE,false,35a4a1155bc18c75286c5371f85313d98ea604a4e2e2a62fcc6627d086e3aaae,edition-target:lang:yux-RU,,,edition-target:lang:yux-RU,edition-target:lang:yux-RU
canonical:pop:1fc814504dc4aaaeb4aa8518,v2_population,pop:1fc814504dc4aaaeb4aa8518,edition-target:lang:tet-Latn-TL,POPULATION_OR_CONTEXT,home_or_first_language,persons_L1,,361027,,2015 census L1 count reproduced in an open peer-reviewed study.,2015,,,TLS_CENSUS_LANGUAGE_STUDY,https://pmc.ncbi.nlm.nih.gov/articles/PMC9411783/,,non_additive; never sum with another measure or measure class without a proved disjoint-person crosswalk,,V2_CANONICAL_EVIDENCE,false,bf0415d56c80688315df527fdc1db99b0028c958e5465b4e981ebe93f6ec3898,edition-target:lang:tet-Latn-TL,,,edition-target:lang:tet-Latn-TL,edition-target:lang:tet-Latn-TL
canonical:pop:2289a36bf1a824781abfef99,v2_population,pop:2289a36bf1a824781abfef99,edition-target:lang:pam-Latn-PH,POPULATION_OR_CONTEXT,ethnicity_or_identity_proxy,persons_ethnicity_proxy,,3209738,,"2020 ethnicity proxy; 639,687 home-language households were separately reported.",2020,,,PH_PSA_ETHNICITY_2020,https://psa.gov.ph/content/ethnicity-philippines-2020-census-population-and-housing,,non_additive; never sum with another measure or measure class without a proved disjoint-person crosswalk,,V2_CANONICAL_EVIDENCE,false,56a8e526ef7ed107958c8f97cab7058e586c137532c06e52a545de52cfde7dd3,edition-target:lang:pam-Latn-PH,,,edition-target:lang:pam-Latn-PH,edition-target:lang:pam-Latn-PH
canonical:pop:245bf7d282801a8855f10e95,v2_population,pop:245bf7d282801a8855f10e95,edition-target:lang:unresolved-tag:paikoka:ecuador-paikoka-communities,POPULATION_OR_CONTEXT,speaker_or_reported_ability,persons_named_language_speakers,,580,,Speakers; associated population 720.,2022,,,SRC_AMAR_ECU_PLAN_2024,https://www.secretariapueblosynacionalidades.gob.ec/wp-content/uploads/2024/07/EPF-Sintesis-de-plan-decenal-correccion3-final-18-junio-2024.pdf,,non_additive; never sum with another measure or measure class without a proved disjoint-person crosswalk,,V2_CANONICAL_EVIDENCE,false,9820b027f340731d85b7355ba742619fbbaea58f463cd08a3ca9aedaabc7a565,edition-target:lang:unresolved-tag:paikoka:ecuador-paikoka-communities,,,edition-target:lang:unresolved-tag:paikoka:ecuador-paikoka-communities,edition-target:lang:unresolved-tag:paikoka:ecuador-paikoka-communities
canonical:pop:24e8e3425266fe71334da050,v2_population,pop:24e8e3425266fe71334da050,edition-target:lang:ilo-Latn-PH,POPULATION_OR_CONTEXT,ethnicity_or_identity_proxy,persons_ethnicity_proxy,,8746169,,"2020 ethnicity proxy; the census also reports 1,863,409 home-language households, not persons.",2020,,,PH_PSA_ETHNICITY_2020,https://psa.gov.ph/content/ethnicity-philippines-2020-census-population-and-housing,,non_additive; never sum with another measure or measure class without a proved disjoint-person crosswalk,,V2_CANONICAL_EVIDENCE,false,8fc5ae5eac726c282ea7f97cdd42c2f4fe76770777f795a60d6ad42618d94cb4,edition-target:lang:ilo-Latn-PH,,,edition-target:lang:ilo-Latn-PH,edition-target:lang:ilo-Latn-PH
canonical:pop:2562598298aa93b8b4ef12ea,v2_population,pop:2562598298aa93b8b4ef12ea,edition-target:lang:jac-GT,POPULATION_OR_CONTEXT,home_or_first_language,persons_age4plus_mother_tongue,,32568,,People age 4+ reporting Popti’ / Jakalteko as mother tongue.,2018,,,SRC_AMAR_GTM_INE_2018,https://censo2018.ine.gob.gt/archivos/resultados_censo2018.pdf,,non_additive; never sum with another measure or measure class without a proved disjoint-person crosswalk,,V2_CANONICAL_EVIDENCE,false,9a1fa6f4be2e6bdd22a54494760448e6e7684f99fcf184238a8e020021f83b27,edition-target:lang:jac-GT,,,edition-target:lang:jac-GT,edition-target:lang:jac-GT
canonical:pop:25f5ed879f82a38f50dcd2f0,v2_population,pop:25f5ed879f82a38f50dcd2f0,edition-target:lang:nso-Latn-ZA,POPULATION_OR_CONTEXT,percentage_only,percent,,10,,Share of South Africa population reporting Sepedi/Northern Sotho as household language,2022,,,SRC_STATSSA_CENSUS_2022,https://www.statssa.gov.za/wp-content/uploads/2023/11/Mbalo-brief-November.pdf,,non_additive; never sum with another measure or measure class without a proved disjoint-person crosswalk,,V2_CANONICAL_EVIDENCE,false,6e42573cc2198cf8e8a8fe8000a58d86120c37d7e407b7b744e8ac80cb27feca,edition-target:lang:nso-Latn-ZA,,,edition-target:lang:nso-Latn-ZA,edition-target:lang:nso-Latn-ZA
canonical:pop:2627a877bd76541188fc187c,v2_population,pop:2627a877bd76541188fc187c,edition-target:lang:tts-Thai-TH,POPULATION_OR_CONTEXT,home_or_first_language,persons_L1_planning_range,15000000,,22000000,Public planning range anchored in the older Mahidol ethnolinguistic mapping context; no recent official language census.,,,,THA_UNICEF_BRIDGE_FULL,https://www.unicef.org/thailand/media/1282/file/Bridge%20to%20a%20Brighter%20Tomorrow%20%28Full%20Report%29.pdf,,non_additive; never sum with another measure or measure class without a proved disjoint-person crosswalk,,V2_CANONICAL_EVIDENCE,false,ec944b467c5a996445c413527cb7e1e25411b252d651854f30e1c12a06718310,edition-target:lang:tts-Thai-TH,,,edition-target:lang:tts-Thai-TH,edition-target:lang:tts-Thai-TH
canonical:pop:265ad12ab34505a5caa42599,v2_population,pop:265ad12ab34505a5caa42599,edition-target:lang:unresolved-tag:waima-a:timor-leste-waima-a-l1-communities,POPULATION_OR_CONTEXT,home_or_first_language,persons_L1,,21227,,2015 census L1 count reproduced in an open peer-reviewed study.,2015,,,TLS_CENSUS_LANGUAGE_STUDY,https://pmc.ncbi.nlm.nih.gov/articles/PMC9411783/,,non_additive; never sum with another measure or measure class without a proved disjoint-person crosswalk,,V2_CANONICAL_EVIDENCE,false,532c2104758f3962f02d99ddd17887f44c337d41b073ab4393687d7c08fe9a56,edition-target:lang:unresolved-tag:waima-a:timor-leste-waima-a-l1-communities,,,edition-target:lang:unresolved-tag:waima-a:timor-leste-waima-a-l1-communities,edition-target:lang:unresolved-tag:waima-a:timor-leste-waima-a-l1-communities
canonical:pop:26c11abff362ef9cb6d287c2,v2_population,pop:26c11abff362ef9cb6d287c2,edition-target:lang:zh-Hans-CN:written,POPULATION_OR_CONTEXT,enrolment,persons,,753600,,Doctoral students enrolled in 2025,2025,,,SRC_MOE_EDU_2025,https://www.moe.gov.cn/jyb_sjzl/sjzl_fztjgb/202607/t20260706_1442870.html,,non_additive; never sum with another measure or measure class without a proved disjoint-person crosswalk,,V2_CANONICAL_EVIDENCE,false,3d9a6d414efbe4a7c0e204fb100e463facff5cd7d50e65fb9257970c553a9b77,edition-target:lang:zh-Hans-CN:written,,,edition-target:lang:zh-Hans-CN:written,edition-target:lang:zh-Hans-CN:written
canonical:pop:278f62597452eca626dc0521,v2_population,pop:278f62597452eca626dc0521,edition-target:lang:prs-Arab-AF,POPULATION_OR_CONTEXT,percentage_only,percent_adult_survey_respondents,,53.8,,Native-language share in nationally representative adult survey; no census-quality headcount,2019,,,AFG_MDS_2019,https://asiafoundation.org/wp-content/uploads/2020/05/Afghanistan_2019-Model-Disability-Survey.pdf,,non_additive; never sum with another measure or measure class without a proved disjoint-person crosswalk,,V2_CANONICAL_EVIDENCE,false,87f5407fcf0206466826de5ae57921f9ab086f29a402acaffad45278b88c58a9,edition-target:lang:prs-Arab-AF,,,edition-target:lang:prs-Arab-AF,edition-target:lang:prs-Arab-AF
canonical:pop:292607b924bd2ee5422ae070,v2_population,pop:292607b924bd2ee5422ae070,edition-target:lang:ne-Deva-NP,POPULATION_OR_CONTEXT,l1,persons_L1,13084457,13084457,13084457,Census mother-tongue count,2021,,,NPL_LANG_2021,https://censusnepal.cbs.gov.np/results/files/result-folder/Language%20in%20Nepal.pdf,,non_additive; never sum with another measure or measure class without a proved disjoint-person crosswalk,,V2_CANONICAL_EVIDENCE,false,ec25c90754a0c1c0c3aea8d65a681a30e1bc774a47568d75f37b3b2d795e6e33,edition-target:lang:ne-Deva-NP,,,edition-target:lang:ne-Deva-NP,edition-target:lang:ne-Deva-NP
canonical:pop:2974f21008f0ddd3c01de93a,v2_population,pop:2974f21008f0ddd3c01de93a,edition-target:lang:mop-BZ,POPULATION_OR_CONTEXT,percentage_only,percent_population_age4plus_multiple_response_speaking_ability,,3.9,,"Share of population age 4+ reporting ability to speak Belize Mopan; multiple languages allowed, not a mother-tongue share.",2022,,,SRC_AMAR_BLZ_SIB_2022,https://sib.org.bz/wp-content/uploads/CensusKeyFindingsReport_2022.pdf,,non_additive; never sum with another measure or measure class without a proved disjoint-person crosswalk,,V2_CANONICAL_EVIDENCE,false,28ad58be77b1438dba2207e75c79f42580a3f4fdbb7c518f788571dcec9b707d,edition-target:lang:mop-BZ,,,edition-target:lang:mop-BZ,edition-target:lang:mop-BZ
canonical:pop:29bbd4ea4d0add8fe3f4306e,v2_population,pop:29bbd4ea4d0add8fe3f4306e,edition-target:lang:ur-Arab-PK,POPULATION_OR_CONTEXT,l1,persons_L1,22249307,22249307,22249307,Census mother-tongue count; wider functional reach uncounted,2023,,,PBS_MT_2023,https://www.pbs.gov.pk/wp-content/uploads/census_tables/tables/table_11_national.pdf,,non_additive; never sum with another measure or measure class without a proved disjoint-person crosswalk,,V2_CANONICAL_EVIDENCE,false,3c3259c77b348effb47a4ac0248fb9f4c287853e3afca09dba891db3dea71a06,edition-target:lang:ur-Arab-PK,,,edition-target:lang:ur-Arab-PK,edition-target:lang:ur-Arab-PK
canonical:pop:29ee505aeed4c97162d1fe98,v2_population,pop:29ee505aeed4c97162d1fe98,edition-target:lang:crk-CA,POPULATION_OR_CONTEXT,speaker_or_reported_ability,persons_2021_language_knowledge,,12005,,People reporting knowledge of Nehiyawewin / Plains Cree; mother-tongue count 6730. Counts randomly rounded.,2021,,,SRC_AMAR_CAN_ALGONQ_2021,https://www150.statcan.gc.ca/n1/pub/41-20-0002/412000022025002-eng.htm,,non_additive; never sum with another measure or measure class without a proved disjoint-person crosswalk,,V2_CANONICAL_EVIDENCE,false,1cf0315de93f76871ff21a1f18525f53fafdf60db94cadba079473597804e65b,edition-target:lang:crk-CA,,,edition-target:lang:crk-CA,edition-target:lang:crk-CA
canonical:pop:2a4c2070f3c2a5974847ce06,v2_population,pop:2a4c2070f3c2a5974847ce06,edition-target:lang:rad-Latn-VN,POPULATION_OR_CONTEXT,ethnicity_or_identity_proxy,persons_ethnicity_proxy,,398671,,2019 ethnicity proxy.,2019,,,VNM_CENSUS_2019,https://tongdieutradanso.vn/uploads/data/6/files/files/Population%20and%20Housing%20Census%202019_final%20report.pdf,,non_additive; never sum with another measure or measure class without a proved disjoint-person crosswalk,,V2_CANONICAL_EVIDENCE,false,76f6ad208b30b91180636634e245d06055a2e9e0de2094396bd440c495ef7419,edition-target:lang:rad-Latn-VN,,,edition-target:lang:rad-Latn-VN,edition-target:lang:rad-Latn-VN
canonical:pop:2a74f45f01adcf93b5498742,v2_population,pop:2a74f45f01adcf93b5498742,edition-target:lang:pnb-Arab-PK,POPULATION_OR_CONTEXT,l1,persons_L1,88915544,88915544,88915544,Census mother-tongue count; script not enumerated,2023,,,PBS_MT_2023,https://www.pbs.gov.pk/wp-content/uploads/census_tables/tables/table_11_national.pdf,,non_additive; never sum with another measure or measure class without a proved disjoint-person crosswalk,,V2_CANONICAL_EVIDENCE,false,8b5825fffb1d656d164f4977515677987be5dabdb0e746a175d4786981e0a3e1,edition-target:lang:pnb-Arab-PK,,,edition-target:lang:pnb-Arab-PK,edition-target:lang:pnb-Arab-PK
canonical:pop:2a8065ee99c2977b6ca489e4,v2_population,pop:2a8065ee99c2977b6ca489e4,edition-target:lang:acr-GT,POPULATION_OR_CONTEXT,home_or_first_language,persons_age4plus_mother_tongue,,124338,,People age 4+ reporting Achi as mother tongue.,2018,,,SRC_AMAR_GTM_INE_2018,https://censo2018.ine.gob.gt/archivos/resultados_censo2018.pdf,,non_additive; never sum with another measure or measure class without a proved disjoint-person crosswalk,,V2_CANONICAL_EVIDENCE,false,c5a8b1fc5f4fc5e031ba922e29a093f7be7120e4852c95c26c022ca3e2145c1a,edition-target:lang:acr-GT,,,edition-target:lang:acr-GT,edition-target:lang:acr-GT
canonical:pop:2bd626bb58b8f546687ec0e3,v2_population,pop:2bd626bb58b8f546687ec0e3,edition-target:lang:bug-Bugi-ID,POPULATION_OR_CONTEXT,home_or_first_language,persons_daily_home_language_age5plus_nonadditive,,3510000,,Same population basis as the Latin Buginese row; this is a non-additive script access edition.,2010,,,IDN_BPS_LANG_2010,https://www.bps.go.id/en/publication/2012/05/23/55eca38b7fe0830834605b35/nationality--ethnicity--religion--and-dailylanguage-of-indonesian-population.html,,non_additive; never sum with another measure or measure class without a proved disjoint-person crosswalk,,V2_CANONICAL_EVIDENCE,false,760331e9bc3717a5b2b145b95a1e4bc76d2f58f5807b03427224b6d6a728dce7,edition-target:lang:bug-Bugi-ID,,,edition-target:lang:bug-Bugi-ID,edition-target:lang:bug-Bugi-ID
canonical:pop:2c6b4fbd82a93bd3d3893336,v2_population,pop:2c6b4fbd82a93bd3d3893336,edition-target:lang:nzs-NZ,POPULATION_OR_CONTEXT,nonexclusive_use,people,24678,24678,24678,People reporting NZSL use in Census 2023 summary.,2023,,,SRC_NZ_CENSUS_2023,https://tools.summaries.stats.govt.nz/ethnic-group/maori,,non_additive; never sum with another measure or measure class without a proved disjoint-person crosswalk,,V2_CANONICAL_EVIDENCE,false,b15020f22eaa016eb4d78f7b04087cbbcc921bb48513a82f81df4fb13c0d9855,edition-target:lang:nzs-NZ,,,edition-target:lang:nzs-NZ,edition-target:lang:nzs-NZ
canonical:pop:2cb02fc39902ed72029da51a,v2_population,pop:2cb02fc39902ed72029da51a,edition-target:lang:ta-Taml-IN,POPULATION_OR_CONTEXT,l1,persons_L1,68888839,68888839,68888839,Raw Census mother-tongue count,2011,,,IND_C16_2011,https://censusindia.gov.in/nada/index.php/catalog/10191,,non_additive; never sum with another measure or measure class without a proved disjoint-person crosswalk,,V2_CANONICAL_EVIDENCE,false,6ee5574daa7328de9d0b89fbf29cfec02520f725b923996e3df7f43329215410,edition-target:lang:ta-Taml-IN,,,edition-target:lang:ta-Taml-IN,edition-target:lang:ta-Taml-IN
canonical:pop:2ced7cd7a5d230f765177570,v2_population,pop:2ced7cd7a5d230f765177570,edition-target:lang:mch-VE,POPULATION_OR_CONTEXT,ethnicity_or_identity_proxy,persons_indigenous_identity_stale_proxy,,7997,,Ye’kwana identity count; not a speaker count.,2011,,,SRC_AMAR_VEN_INE_2011,https://celade.cepal.org/censosinfo/manuales/VE_EmpadronPobIndigena_2011.pdf,,non_additive; never sum with another measure or measure class without a proved disjoint-person crosswalk,,V2_CANONICAL_EVIDENCE,false,c44f8ca00be6a99a7671875a04c91270a9080d7917de2a3d226aae71573f81f2,edition-target:lang:mch-VE,,,edition-target:lang:mch-VE,edition-target:lang:mch-VE
canonical:pop:2d0b4ab1f76b6ddf5293fef8,v2_population,pop:2d0b4ab1f76b6ddf5293fef8,edition-target:lang:unresolved-tag:fataluku:timor-leste-fataluku-l1-communities,POPULATION_OR_CONTEXT,home_or_first_language,persons_L1,,41500,,2015 census L1 count reproduced in an open peer-reviewed study.,2015,,,TLS_CENSUS_LANGUAGE_STUDY,https://pmc.ncbi.nlm.nih.gov/articles/PMC9411783/,,non_additive; never sum with another measure or measure class without a proved disjoint-person crosswalk,,V2_CANONICAL_EVIDENCE,false,23bde40501a911abb007bbc505be6b6790aab4d29106881020f5db0ca4785226,edition-target:lang:unresolved-tag:fataluku:timor-leste-fataluku-l1-communities,,,edition-target:lang:unresolved-tag:fataluku:timor-leste-fataluku-l1-communities,edition-target:lang:unresolved-tag:fataluku:timor-leste-fataluku-l1-communities
canonical:pop:2d407ad3f659e88495e45953,v2_population,pop:2d407ad3f659e88495e45953,edition-target:lang:sn-Latn-ZA,POPULATION_OR_CONTEXT,home_language,people,,716967,,Shona home-language users in South Africa,2022,,,SRC_STATSSA_CENSUS_2022,https://www.statssa.gov.za/wp-content/uploads/2023/11/Mbalo-brief-November.pdf,,non_additive; never sum with another measure or measure class without a proved disjoint-person crosswalk,,V2_CANONICAL_EVIDENCE,false,161ca83fd1cbeb6c83711f1e81b15ee82e573dc83ee2326b345c906b40985060,edition-target:lang:sn-Latn-ZA,,,edition-target:lang:sn-Latn-ZA,edition-target:lang:sn-Latn-ZA
canonical:pop:2eccbeef4cf4351a88626fd5,v2_population,pop:2eccbeef4cf4351a88626fd5,edition-target:lang:qum-GT,POPULATION_OR_CONTEXT,home_or_first_language,persons_age4plus_mother_tongue,,4155,,People age 4+ reporting Sipakapense as mother tongue.,2018,,,SRC_AMAR_GTM_INE_2018,https://censo2018.ine.gob.gt/archivos/resultados_censo2018.pdf,,non_additive; never sum with another measure or measure class without a proved disjoint-person crosswalk,,V2_CANONICAL_EVIDENCE,false,7e99cc355a80c5cd9cd9dec6ff443ba8bdfda7995f47ad7c686bc38f29af6ea3,edition-target:lang:qum-GT,,,edition-target:lang:qum-GT,edition-target:lang:qum-GT
canonical:pop:2fe16dbd21183f349bceb5e0,v2_population,pop:2fe16dbd21183f349bceb5e0,edition-target:lang:yo-Latn-NG,POPULATION_OR_CONTEXT,speaker_estimate,people,28000000,30000000,32000000,"Approximate federal-government speaker estimate, around 30m.",2026,,,SRC_NIGERIA_FMACCE,https://www.fmacce.gov.ng/indigenous-language,,non_additive; never sum with another measure or measure class without a proved disjoint-person crosswalk,,V2_CANONICAL_EVIDENCE,false,29b5c46b36d659e5c20030098d90589efdee1040a8b992dcb08f730c934e0ee2,edition-target:lang:yo-Latn-NG,,,edition-target:lang:yo-Latn-NG,edition-target:lang:yo-Latn-NG
canonical:pop:30b85d161825c7e8d14ec148,v2_population,pop:30b85d161825c7e8d14ec148,edition-target:lang:ta-Taml-LK:community:malayaga,POPULATION_OR_CONTEXT,ethnicity_proxy,persons_ethnicity_proxy,600360,600360,600360,Indian Tamil/Malayaga Thamilar ethnicity count; L1 equivalence not enumerated,2024,,,LKA_CENSUS_2024,https://www.statistics.gov.lk/Resource/en/Population/CPH_2024/CPH2024_Final_Eng.pdf,,non_additive; never sum with another measure or measure class without a proved disjoint-person crosswalk,,V2_CANONICAL_EVIDENCE,false,b073d6db1336ce74776306a640ba712e26414ecaf664f41f7efe5a9168e3d6e0,edition-target:lang:ta-Taml-LK:community:malayaga,,,edition-target:lang:ta-Taml-LK:community:malayaga,edition-target:lang:ta-Taml-LK:community:malayaga
canonical:pop:30fcbd66ba7792f401b8b510,v2_population,pop:30fcbd66ba7792f401b8b510,edition-target:lang:guq-PY,POPULATION_OR_CONTEXT,ethnicity_or_identity_proxy,persons_indigenous_identity_proxy,,2604,,People identifying with the Aché people; not a speaker count.,2022,,,SRC_AMAR_PRY_INDIG_2022,https://www.ine.gov.py/Publicaciones/Biblioteca/documento/237/Resultados-Finales-Censo-Indigena.pdf,,non_additive; never sum with another measure or measure class without a proved disjoint-person crosswalk,,V2_CANONICAL_EVIDENCE,false,13b6bfa2e9c9b1bd3ae0fd5969214f580710e093701b95f376899f4f8066c8dc,edition-target:lang:guq-PY,,,edition-target:lang:guq-PY,edition-target:lang:guq-PY
canonical:pop:31bc491cca7b26a0a2d9dbb0,v2_population,pop:31bc491cca7b26a0a2d9dbb0,edition-target:lang:ess-RU,POPULATION_OR_CONTEXT,speaker_or_reported_ability,persons_within_named_people_reporting_same_named_language_knowledge_shared_where_noted,,160,,"Shared census 'Eskimo' language-knowledge count; ethnic population 1,659; not split from Naukan.",2021,,,SRC_AMAR_RUS_ROSSTAT_2021,https://rosstat.gov.ru/storage/mediabank/Tom5_tab18_VPN-2020.xlsx,,non_additive; never sum with another measure or measure class without a proved disjoint-person crosswalk,,V2_CANONICAL_EVIDENCE,false,10607d7d98f7c48a00d922af72d718d8b33d9b04816a0134448d4226ddd4fd5c,edition-target:lang:ess-RU,,,edition-target:lang:ess-RU,edition-target:lang:ess-RU
canonical:pop:31da6dc1ef3d162e04c21b2f,v2_population,pop:31da6dc1ef3d162e04c21b2f,edition-target:lang:sat-Olck-IN,POPULATION_OR_CONTEXT,l1_ceiling_not_script_specific,persons_L1_ceiling,,,6973345,Raw Santali L1 total is an upper bound; census does not enumerate Ol Chiki use,2011,,,IND_C16_2011,https://censusindia.gov.in/nada/index.php/catalog/10191,,non_additive; never sum with another measure or measure class without a proved disjoint-person crosswalk,,V2_CANONICAL_EVIDENCE,false,ef4c40ea977ebb31bb2137b3214a7cb18b130c11cd35c162890a529164c004d5,edition-target:lang:sat-Olck-IN,,,edition-target:lang:sat-Olck-IN,edition-target:lang:sat-Olck-IN
canonical:pop:332bfb8cba99b2012fc8420f,v2_population,pop:332bfb8cba99b2012fc8420f,edition-target:lang:unresolved-tag:inuktun-avanersuarmiutut:qaanaaq-avanersuaq-greenland,POPULATION_OR_CONTEXT,speaker_or_reported_ability,persons_language_users_literature_upper_bound,,,999,"Literature estimate below 1,000; no official count.",,,,SRC_AMAR_GRL_MERCATOR,https://wiki.mercator-research.eu/languages%3Atunumiisiut_in_greenland,,non_additive; never sum with another measure or measure class without a proved disjoint-person crosswalk,,V2_CANONICAL_EVIDENCE,false,044f500aef26211e33ff285789a6a9192fa48ead066aeac5cca65195b8534abf,edition-target:lang:unresolved-tag:inuktun-avanersuarmiutut:qaanaaq-avanersuaq-greenland,,,edition-target:lang:unresolved-tag:inuktun-avanersuarmiutut:qaanaaq-avanersuaq-greenland,edition-target:lang:unresolved-tag:inuktun-avanersuarmiutut:qaanaaq-avanersuaq-greenland
canonical:pop:336d98a6d4f1f727b401fb9c,v2_population,pop:336d98a6d4f1f727b401fb9c,edition-target:lang:mi-Latn-NZ,POPULATION_OR_CONTEXT,reported_ability,people,213849,213849,213849,People reporting ability to speak te reo Maori in Census 2023.,2023,,,SRC_NZ_CENSUS_2023,https://tools.summaries.stats.govt.nz/ethnic-group/maori,,non_additive; never sum with another measure or measure class without a proved disjoint-person crosswalk,,V2_CANONICAL_EVIDENCE,false,5d6e4db4930c1597684790599b8e110caafccda0d7174cd42add41233f3ecfeb,edition-target:lang:mi-Latn-NZ,,,edition-target:lang:mi-Latn-NZ,edition-target:lang:mi-Latn-NZ
canonical:pop:34208bc4845e950505b1123f,v2_population,pop:34208bc4845e950505b1123f,edition-target:lang:si-Sinh-LK,POPULATION_OR_CONTEXT,ethnicity_proxy,persons_ethnicity_proxy,16144037,16144037,16144037,Sinhalese ethnicity count used as Sinhala population proxy,2024,,,LKA_CENSUS_2024,https://www.statistics.gov.lk/Resource/en/Population/CPH_2024/CPH2024_Final_Eng.pdf,,non_additive; never sum with another measure or measure class without a proved disjoint-person crosswalk,,V2_CANONICAL_EVIDENCE,false,d30ea8ac95df7c38cb182b38f721305f004c05e9287bf87c864c4aa27c6ac015,edition-target:lang:si-Sinh-LK,,,edition-target:lang:si-Sinh-LK,edition-target:lang:si-Sinh-LK
canonical:pop:34ea3c317e2d72a46c043c6f,v2_population,pop:34ea3c317e2d72a46c043c6f,edition-target:lang:mg-Latn-MG,POPULATION_OR_CONTEXT,territorial_exposure_ceiling,persons_resident_territory_ceiling,25674196,25674196,25674196,Madagascar resident population; not a Standard Malagasy speaker count,2018,,,OIO_989DA9582176,https://www.instat.mg/p/resultats-definitifs-du-rgph-3-2018-troisieme-recensement-general-de-la-population-et-de-lhabitation,,non_additive; never sum with another measure or measure class without a proved disjoint-person crosswalk,,V2_CANONICAL_EVIDENCE,false,74fa911d1cbfffa757c3d4acafd34317e0b6182126050337b71a8491ae4dc619,edition-target:lang:mg-Latn-MG,,,edition-target:lang:mg-Latn-MG,edition-target:lang:mg-Latn-MG
canonical:pop:3516458bf214aaf7d61b51f9,v2_population,pop:3516458bf214aaf7d61b51f9,edition-target:lang:fr-Latn-001,POPULATION_OR_CONTEXT,macro_speaker_estimate,people,396000000,396000000,396000000,Institutional worldwide speaker estimate.,2026,,,SRC_OIF_2026,https://www.francophonie.org/lancement-du-rapport-la-langue-francaise-dans-le-monde-2026-8426,,non_additive; never sum with another measure or measure class without a proved disjoint-person crosswalk,,V2_CANONICAL_EVIDENCE,false,e0223e57a80ce5d2493307ad06a76437f165acb82fa595e943cbc6edc1195f38,edition-target:lang:fr-Latn-001,,,edition-target:lang:fr-Latn-001,edition-target:lang:fr-Latn-001
canonical:pop:3914b0ebff1e8cdf7ab97738,v2_population,pop:3914b0ebff1e8cdf7ab97738,edition-target:lang:uz-Latn-UZ,POPULATION_OR_CONTEXT,l1,people,35700000,35700000,35700000,Preliminary 2026 census native-language count; 91.3% of enumerated population.,2026,,,SRC_UZBEKISTAN_CENSUS_2026,https://stat.uz/en/press-center/news-of-committee/68979-a-oli-va-ishlo-kh-zhaligini-r-jkhatga-olish-tadbirining-dastlabki-natizhalariga-ba-ishlangan-konferentsiya-tkazildi-4,,non_additive; never sum with another measure or measure class without a proved disjoint-person crosswalk,,V2_CANONICAL_EVIDENCE,false,697f1ebe2a845751bc5d7bff272d30bc4bfcc944d5a7c83bbb3d0194b19d8946,edition-target:lang:uz-Latn-UZ,,,edition-target:lang:uz-Latn-UZ,edition-target:lang:uz-Latn-UZ
canonical:pop:39de2462a63d58bf0aa760b4,v2_population,pop:39de2462a63d58bf0aa760b4,edition-target:lang:id-Latn-ID,POPULATION_OR_CONTEXT,home_language,people,42682566,42682566,42682566,Home language among population age 5+ in Census 2010.,2010,,,SRC_BPS_ID_2010,https://www.bps.go.id/id/publication/2012/05/23/55eca38b7fe0830834605b35/kewarganegaraan-suku-bangsa-agama-dan-bahasa-%20sehari-hari-penduduk-indonesia.html,,non_additive; never sum with another measure or measure class without a proved disjoint-person crosswalk,,V2_CANONICAL_EVIDENCE,false,9f257dcecc97c43aa3ed324aba404576af1d7ab8f294198561aa09dfc6419bea,edition-target:lang:id-Latn-ID,,,edition-target:lang:id-Latn-ID,edition-target:lang:id-Latn-ID
canonical:pop:39ef977a7da59a3b5457900f,v2_population,pop:39ef977a7da59a3b5457900f,edition-target:lang:niv-RU:variety:sakhalin-nivkh,POPULATION_OR_CONTEXT,speaker_or_reported_ability,persons_within_named_people_reporting_same_named_language_knowledge_shared_where_noted,,683,,"Shared Nivkh language-knowledge count; ethnic population 3,863; not split from Amur Nivkh.",2021,,,SRC_AMAR_RUS_ROSSTAT_2021,https://rosstat.gov.ru/storage/mediabank/Tom5_tab18_VPN-2020.xlsx,,non_additive; never sum with another measure or measure class without a proved disjoint-person crosswalk,,V2_CANONICAL_EVIDENCE,false,d849cb2797e6f4ab1fcb66cabf9e8e7f5ad8810b94337b98b13823b791bbd691,edition-target:lang:niv-RU:variety:sakhalin-nivkh,,,edition-target:lang:niv-RU:variety:sakhalin-nivkh,edition-target:lang:niv-RU:variety:sakhalin-nivkh
canonical:pop:3ab4abcd70234f2930fd086d,v2_population,pop:3ab4abcd70234f2930fd086d,edition-target:lang:pap-CW,POPULATION_OR_CONTEXT,percentage_only,percent_respondents_first_home_language,,78,,"Of 147,498 respondents, 78.0% named Papiamentu first/most spoken; 9.9% second and 2.0% third.",2023,,,SRC_AMAR_CUW_CENSUS_2023,https://senso.cbs.cw/talen-gesproken-in-curacao-resultaten-census-2023,,non_additive; never sum with another measure or measure class without a proved disjoint-person crosswalk,,V2_CANONICAL_EVIDENCE,false,5e441bbb2b6e34c6db45ac248d0c5c59ed674b8674a3e4c9df03fac9b797cb75,edition-target:lang:pap-CW,,,edition-target:lang:pap-CW,edition-target:lang:pap-CW
canonical:pop:3afe7dfddc13c5a9184212e6,v2_population,pop:3afe7dfddc13c5a9184212e6,edition-target:lang:unresolved-tag:thai-census-category:viet-nam-thai-ethnicity-proxy,POPULATION_OR_CONTEXT,ethnicity_or_identity_proxy,persons_ethnicity_proxy,,1820950,,2019 ethnicity proxy covering multiple varieties such as Tai Dam and Tai Don; not one production language.,2019,,,VNM_CENSUS_2019,https://tongdieutradanso.vn/uploads/data/6/files/files/Population%20and%20Housing%20Census%202019_final%20report.pdf,,non_additive; never sum with another measure or measure class without a proved disjoint-person crosswalk,,V2_CANONICAL_EVIDENCE,false,8fc6216a452919c6e8770ba8f979217bcd484fcc2001be19a0f9dcbaff7f0639,edition-target:lang:unresolved-tag:thai-census-category:viet-nam-thai-ethnicity-proxy,,,edition-target:lang:unresolved-tag:thai-census-category:viet-nam-thai-ethnicity-proxy,edition-target:lang:unresolved-tag:thai-census-category:viet-nam-thai-ethnicity-proxy
canonical:pop:3b435aec900de0ed5e6efe1f,v2_population,pop:3b435aec900de0ed5e6efe1f,edition-target:lang:ja-Jpan-JP,POPULATION_OR_CONTEXT,persons_basis_not_stated,persons,,912800,,Researchers as of 2025-03-31 in the national Survey of Research and Development; sector and time-allocation definitions apply,2025,,,JPN-S026,https://www.stat.go.jp/english/data/kagaku/pdf/2025summary.pdf,,non_additive; never sum with another measure or measure class without a proved disjoint-person crosswalk,,V2_CANONICAL_EVIDENCE,false,7c946386b40361de2a2cbde5d531768e38e3869ae104b82582ff1bdafc392696,edition-target:lang:ja-Jpan-JP,,,edition-target:lang:ja-Jpan-JP,edition-target:lang:ja-Jpan-JP
canonical:pop:3bc919afd6ce7daa63dbb910,v2_population,pop:3bc919afd6ce7daa63dbb910,edition-target:lang:mop-GT,POPULATION_OR_CONTEXT,home_or_first_language,persons_age4plus_mother_tongue,,2011,,People age 4+ reporting Mopan as mother tongue.,2018,,,SRC_AMAR_GTM_INE_2018,https://censo2018.ine.gob.gt/archivos/resultados_censo2018.pdf,,non_additive; never sum with another measure or measure class without a proved disjoint-person crosswalk,,V2_CANONICAL_EVIDENCE,false,1c9565c74283b752ebea7d967956c36881db8c4a579afa0379434448a5603680,edition-target:lang:mop-GT,,,edition-target:lang:mop-GT,edition-target:lang:mop-GT
canonical:pop:3bf522d2edfee3ccaec5efd5,v2_population,pop:3bf522d2edfee3ccaec5efd5,edition-target:lang:yua-BZ,POPULATION_OR_CONTEXT,percentage_only,percent_population_age4plus_multiple_response_speaking_ability,,0.5,,"Share of population age 4+ reporting ability to speak Belize Yucatec Maya; multiple languages allowed, not a mother-tongue share.",2022,,,SRC_AMAR_BLZ_SIB_2022,https://sib.org.bz/wp-content/uploads/CensusKeyFindingsReport_2022.pdf,,non_additive; never sum with another measure or measure class without a proved disjoint-person crosswalk,,V2_CANONICAL_EVIDENCE,false,c030cfa5c2111bc7bc6a058c9e6c879aed107ba124b7157135acdf6f0ae6e75a,edition-target:lang:yua-BZ,,,edition-target:lang:yua-BZ,edition-target:lang:yua-BZ
canonical:pop:3c3715a5a99b2c64dc7046b5,v2_population,pop:3c3715a5a99b2c64dc7046b5,edition-target:lang:unresolved-tag:hindko-census-category:pakistan-especially-khyber-pakhtunkh,POPULATION_OR_CONTEXT,macro_l1,persons_L1,5590559,5590559,5590559,Census Hindko category; internal variety split unavailable,2023,,,PBS_MT_2023,https://www.pbs.gov.pk/wp-content/uploads/census_tables/tables/table_11_national.pdf,,non_additive; never sum with another measure or measure class without a proved disjoint-person crosswalk,,V2_CANONICAL_EVIDENCE,false,61e0ca8de184d09d55820bf2c13f5ef752faaf969921ef03a33ce1d1ac290794,edition-target:lang:unresolved-tag:hindko-census-category:pakistan-especially-khyber-pakhtunkh,,,edition-target:lang:unresolved-tag:hindko-census-category:pakistan-especially-khyber-pakhtunkh,edition-target:lang:unresolved-tag:hindko-census-category:pakistan-especially-khyber-pakhtunkh
canonical:pop:3c5fd6014d2f93f61f5858b0,v2_population,pop:3c5fd6014d2f93f61f5858b0,edition-target:lang:jls-JM,POPULATION_OR_CONTEXT,enrolment,students_in_deaf_schools_proxy,,310,,"2014/15 school census count in Deaf schools, plus 51 omitted at one centre; not a JSL-user count.",2014-2015,,,SRC_AMAR_JAM_DEAF_ED,https://lms.jamdeaf.org.jm/mod/resource/view.php?id=730,,non_additive; never sum with another measure or measure class without a proved disjoint-person crosswalk,,V2_CANONICAL_EVIDENCE,false,13b8f19742785686778eac6199a9d4c9be9a4c9e6dda55ae0d08ae4a75e2d9f2,edition-target:lang:jls-JM,,,edition-target:lang:jls-JM,edition-target:lang:jls-JM
canonical:pop:3cedcc0195aed3dc4ab95d12,v2_population,pop:3cedcc0195aed3dc4ab95d12,edition-target:lang:ayr-Latn-BO,POPULATION_OR_CONTEXT,macro_nonexclusive_use,people,1477654,1477654,1477654,Age 6+ non-exclusive spoken-language count in Census 2024.,2024,,,SRC_BOLIVIA_CENSUS_2024,https://nimbus.ine.gob.bo/index.php/s/WXC7si7z5sWsfMf/download,,non_additive; never sum with another measure or measure class without a proved disjoint-person crosswalk,,V2_CANONICAL_EVIDENCE,false,eefe8cbb913997d45551369bb5cbf77f83167a587cc80e7ec9b27a81a0d7cc9e,edition-target:lang:ayr-Latn-BO,,,edition-target:lang:ayr-Latn-BO,edition-target:lang:ayr-Latn-BO
canonical:pop:3dbb0ea3594e28b76172dace,v2_population,pop:3dbb0ea3594e28b76172dace,edition-target:lang:mai-Deva-IN,POPULATION_OR_CONTEXT,l1,persons_L1,13353347,13353347,13353347,Raw Census mother-tongue count,2011,,,IND_C16_2011,https://censusindia.gov.in/nada/index.php/catalog/10191,,non_additive; never sum with another measure or measure class without a proved disjoint-person crosswalk,,V2_CANONICAL_EVIDENCE,false,d73d4fce4a6f15e58bda110566b4aa7bd73907b1b545778b17c3f74db5c740c5,edition-target:lang:mai-Deva-IN,,,edition-target:lang:mai-Deva-IN,edition-target:lang:mai-Deva-IN
canonical:pop:3df88cd0f1785f4e70205139,v2_population,pop:3df88cd0f1785f4e70205139,edition-target:lang:cwd-CA,POPULATION_OR_CONTEXT,speaker_or_reported_ability,persons_2021_language_knowledge,,5110,,People reporting knowledge of Nihithawiwin / Woods Cree; mother-tongue count 3760. Counts randomly rounded.,2021,,,SRC_AMAR_CAN_ALGONQ_2021,https://www150.statcan.gc.ca/n1/pub/41-20-0002/412000022025002-eng.htm,,non_additive; never sum with another measure or measure class without a proved disjoint-person crosswalk,,V2_CANONICAL_EVIDENCE,false,0d2889a1cc3fe575a92e8af9507dc7f1ca2d3db147fd590e495ae475e2047f8f,edition-target:lang:cwd-CA,,,edition-target:lang:cwd-CA,edition-target:lang:cwd-CA
canonical:pop:3e233fc2bd1412401107766d,v2_population,pop:3e233fc2bd1412401107766d,edition-target:lang:enx-PY,POPULATION_OR_CONTEXT,ethnicity_or_identity_proxy,persons_indigenous_identity_proxy,,8189,,People identifying with the Enxet Sur people; not a speaker count.,2022,,,SRC_AMAR_PRY_INDIG_2022,https://www.ine.gov.py/Publicaciones/Biblioteca/documento/237/Resultados-Finales-Censo-Indigena.pdf,,non_additive; never sum with another measure or measure class without a proved disjoint-person crosswalk,,V2_CANONICAL_EVIDENCE,false,0651ae5004910be857bd3025db5f9834648e7848089d6e85be350e01d13acd62,edition-target:lang:enx-PY,,,edition-target:lang:enx-PY,edition-target:lang:enx-PY
canonical:pop:3e2e7060fae0d760bbc002b3,v2_population,pop:3e2e7060fae0d760bbc002b3,edition-target:lang:wal-Latn-ET,POPULATION_OR_CONTEXT,persons_basis_not_stated,people,,1627955,,2007 Ethiopia mother-tongue count,2007,,,SRC_ESS_CENSUS_2007,https://drs.ess.gov.et/bitstreams/61d74990-69a7-4f11-8e91-9234ca31d94f/download,,non_additive; never sum with another measure or measure class without a proved disjoint-person crosswalk,,V2_CANONICAL_EVIDENCE,false,4e5518ef727af2473adebdb2c158efc74570586e214921cf114f2be4c4183405,edition-target:lang:wal-Latn-ET,,,edition-target:lang:wal-Latn-ET,edition-target:lang:wal-Latn-ET
canonical:pop:3e335a3b5526f21c1f7a22bd,v2_population,pop:3e335a3b5526f21c1f7a22bd,edition-target:lang:unresolved-tag:any-target-written-language-descriptions-require-subject-expertise-and-l:global-instantiate-by-language-curri,POPULATION_OR_CONTEXT,disability_proxy,persons_blind_GBD_2020_proxy,,43000000,,Approximate number of blind people in the 2020 VLEG/GBD vision-loss model; proxy only and not a count of text-description users.,2020,,,IAPB_VISION_2020,https://www.iapb.org/wp-content/uploads/2021/05/Vision-Atlas_Global-Snapshot_18052021.pdf,,non_additive; never sum with another measure or measure class without a proved disjoint-person crosswalk,,V2_CANONICAL_EVIDENCE,false,7db03bad9e04c41cd8bb391ce44df9e5ae0af13b19ceaa994e85c522d786ceb2,edition-target:lang:unresolved-tag:any-target-written-language-descriptions-require-subject-expertise-and-l:global-instantiate-by-language-curri,,,edition-target:lang:unresolved-tag:any-target-written-language-descriptions-require-subject-expertise-and-l:global-instantiate-by-language-curri,edition-target:lang:unresolved-tag:any-target-written-language-descriptions-require-subject-expertise-and-l:global-instantiate-by-language-curri
canonical:pop:40966e32f54b2ca66a3ffc5c,v2_population,pop:40966e32f54b2ca66a3ffc5c,edition-target:lang:war-Latn-PH,POPULATION_OR_CONTEXT,ethnicity_or_identity_proxy,persons_ethnicity_proxy,,4106539,,"2020 ethnicity proxy; 698,745 home-language households were separately reported.",2020,,,PH_PSA_ETHNICITY_2020,https://psa.gov.ph/content/ethnicity-philippines-2020-census-population-and-housing,,non_additive; never sum with another measure or measure class without a proved disjoint-person crosswalk,,V2_CANONICAL_EVIDENCE,false,d8a5d6f086b7a427e810dbb308df39a71c1ba1a18a34a772f5e89cc6ad602d91,edition-target:lang:war-Latn-PH,,,edition-target:lang:war-Latn-PH,edition-target:lang:war-Latn-PH
canonical:pop:4097728726692320ac91b42f,v2_population,pop:4097728726692320ac91b42f,edition-target:lang:iu-Cans-CA,POPULATION_OR_CONTEXT,reported_ability,people,41675,41675,41675,People reporting ability in Inuktitut in Census 2021.,2021,,,SRC_CANADA_CENSUS_2021,https://www150.statcan.gc.ca/n1/daily-quotidien/250331/dq250331a-eng.htm,,non_additive; never sum with another measure or measure class without a proved disjoint-person crosswalk,,V2_CANONICAL_EVIDENCE,false,1332a6e638bddf4a2024a83010c6429d002678f22f2d42aa40b89cb5ee8bfdd7,edition-target:lang:iu-Cans-CA,,,edition-target:lang:iu-Cans-CA,edition-target:lang:iu-Cans-CA
canonical:pop:40a7ec6c0f9ce1c0f1a86902,v2_population,pop:40a7ec6c0f9ce1c0f1a86902,edition-target:lang:arn-CL:variety:chezungun-williche-mapudungun,POPULATION_OR_CONTEXT,speaker_or_reported_ability,persons_age5plus_speak_or_understand,,381762,,Shared Mapuzugun speaks-or-understands aggregate; no Williche allocation.,2024,,,SRC_AMAR_CHL_INE_2024,https://censo2024.ine.gob.cl/wp-content/uploads/2025/12/sintesis_resultados_censo2024.pdf,,non_additive; never sum with another measure or measure class without a proved disjoint-person crosswalk,,V2_CANONICAL_EVIDENCE,false,2b1ffe11fb3092a197474e67f217eae8bb1e1e68c99463bf41f5f27b53ab2476,edition-target:lang:arn-CL:variety:chezungun-williche-mapudungun,,,edition-target:lang:arn-CL:variety:chezungun-williche-mapudungun,edition-target:lang:arn-CL:variety:chezungun-williche-mapudungun
canonical:pop:40c446ddfd3acffc7697db5d,v2_population,pop:40c446ddfd3acffc7697db5d,edition-target:lang:unresolved-tag:naueti:timor-leste-naueti-l1-communities,POPULATION_OR_CONTEXT,home_or_first_language,persons_L1,,16507,,2015 census L1 count reproduced in an open peer-reviewed study.,2015,,,TLS_CENSUS_LANGUAGE_STUDY,https://pmc.ncbi.nlm.nih.gov/articles/PMC9411783/,,non_additive; never sum with another measure or measure class without a proved disjoint-person crosswalk,,V2_CANONICAL_EVIDENCE,false,ecbb4ee3af71f6ecc6d0030863aa7c07357c542116fc08ff7b98670cba995a0f,edition-target:lang:unresolved-tag:naueti:timor-leste-naueti-l1-communities,,,edition-target:lang:unresolved-tag:naueti:timor-leste-naueti-l1-communities,edition-target:lang:unresolved-tag:naueti:timor-leste-naueti-l1-communities
canonical:pop:414a0eb7fe9109d67a43341f,v2_population,pop:414a0eb7fe9109d67a43341f,edition-target:lang:quv-GT,POPULATION_OR_CONTEXT,home_or_first_language,persons_age4plus_mother_tongue,,6528,,People age 4+ reporting Sakapulteko as mother tongue.,2018,,,SRC_AMAR_GTM_INE_2018,https://censo2018.ine.gob.gt/archivos/resultados_censo2018.pdf,,non_additive; never sum with another measure or measure class without a proved disjoint-person crosswalk,,V2_CANONICAL_EVIDENCE,false,865eda9385e307090ef815ce59b9e0087fcaf00529e3bcfabb23dbab4f14af7d,edition-target:lang:quv-GT,,,edition-target:lang:quv-GT,edition-target:lang:quv-GT
canonical:pop:415b6076857c8a5c166526ca,v2_population,pop:415b6076857c8a5c166526ca,edition-target:lang:hmn-Latn-LA,POPULATION_OR_CONTEXT,ethnicity_or_identity_proxy,persons_ethnicity_proxy,,597000,,Rounded Hmong ethnicity proxy from the 2015 census; the census category does not identify exact variety or orthography.,2015,,,LAO_CENSUS_2015,https://lao.unfpa.org/en/publications/results-population-and-housing-census-2015-english-version,,non_additive; never sum with another measure or measure class without a proved disjoint-person crosswalk,,V2_CANONICAL_EVIDENCE,false,0a5b26da932eea4130e42f41e9285ce038ac3edde92a30fecc8338a1f2df96e4,edition-target:lang:hmn-Latn-LA,,,edition-target:lang:hmn-Latn-LA,edition-target:lang:hmn-Latn-LA
canonical:pop:41b47dba1a7724b70bd30501,v2_population,pop:41b47dba1a7724b70bd30501,edition-target:lang:mfa-Latn-TH,POPULATION_OR_CONTEXT,home_or_first_language,persons_L1_planning_range,1000000,,1500000,Planning range in the report; the cited UIL source supports the bilingual-program context.,,,,THA_UIL_PATANI,https://www.uil.unesco.org/en/litbase/patani-malay-thai-bilingual/multilingual-education-thailand,,non_additive; never sum with another measure or measure class without a proved disjoint-person crosswalk,,V2_CANONICAL_EVIDENCE,false,1bd5c80cea3d8306786eaaf16197648b998de802ff2562fee4e6262631bfba9e,edition-target:lang:mfa-Latn-TH,,,edition-target:lang:mfa-Latn-TH,edition-target:lang:mfa-Latn-TH
canonical:pop:421866eb9d82223b614f4f64,v2_population,pop:421866eb9d82223b614f4f64,edition-target:lang:unresolved-tag:phou-tai-tai-dam-census-related-labels:lao-pdr-phou-tai-ethnicity-proxy,POPULATION_OR_CONTEXT,ethnicity_or_identity_proxy,persons_ethnicity_proxy,,220000,,Rounded 3.4% Phou Tai ethnicity proxy from the 2015 census; not one language/orthography count.,2015,,,LAO_CENSUS_2015,https://lao.unfpa.org/en/publications/results-population-and-housing-census-2015-english-version,,non_additive; never sum with another measure or measure class without a proved disjoint-person crosswalk,,V2_CANONICAL_EVIDENCE,false,2bdc928e3284e7edac37513a224d03fb3007ea38f7123e9613961eacab3f63a7,edition-target:lang:unresolved-tag:phou-tai-tai-dam-census-related-labels:lao-pdr-phou-tai-ethnicity-proxy,,,edition-target:lang:unresolved-tag:phou-tai-tai-dam-census-related-labels:lao-pdr-phou-tai-ethnicity-proxy,edition-target:lang:unresolved-tag:phou-tai-tai-dam-census-related-labels:lao-pdr-phou-tai-ethnicity-proxy
canonical:pop:4245f610c4891898b10b1429,v2_population,pop:4245f610c4891898b10b1429,edition-target:lang:icr-CO,POPULATION_OR_CONTEXT,ethnicity_or_identity_proxy,persons_raizal_identity_proxy,,25515,,Self-identified Raizal people; not a Creole speaker count.,2018,,,SRC_AMAR_COL_RAIZAL_2018,https://www.dane.gov.co/files/investigaciones/experimentales/demografia-poblacion/pertenencia-etnica/pertenencia-etnica-presentacion-contexto-resultados-junio-2021.pdf,,non_additive; never sum with another measure or measure class without a proved disjoint-person crosswalk,,V2_CANONICAL_EVIDENCE,false,93c027fc4a0c77afd20cf823e3dd25253ce927003b3e4044e492015250b8c020,edition-target:lang:icr-CO,,,edition-target:lang:icr-CO,edition-target:lang:icr-CO
canonical:pop:4291438f9dc0e89a2c84c958,v2_population,pop:4291438f9dc0e89a2c84c958,edition-target:lang:id-Latn-ID,POPULATION_OR_CONTEXT,reported_ability,persons age 5+,,248501794,,"People aged five or older reported able to speak Indonesian under BPS's conversational definition; this is a reach ceiling, not a count needing every curriculum bundle.",2022,,,BPS_LANG_SPEAK_2022,https://sensus.bps.go.id/topik/tabular/sp2022/196/1/0,,non_additive; never sum with another measure or measure class without a proved disjoint-person crosswalk,,V2_CANONICAL_EVIDENCE,false,40fab0da641fc6531cfa2df2e836f3dc55f1a054f91ec6a77f1126d355a42212,edition-target:lang:id-Latn-ID,,,edition-target:lang:id-Latn-ID,edition-target:lang:id-Latn-ID
canonical:pop:438614b1ab9b06d39ce06b38,v2_population,pop:438614b1ab9b06d39ce06b38,edition-target:lang:unresolved-tag:mapuche-tehuelche:argentina-people-self-identifying-as,POPULATION_OR_CONTEXT,percentage_only,percent_of_self_identified_people_speak_or_understand_own_language,,10.5,,Share of the self-identified Mapuche-Tehuelche people who speak or understand the people's language; denominator count is not encoded here.,2022,,,SRC_AMAR_ARG_INDEC_2022,https://www.indec.gob.ar/ftp/cuadros/poblacion/censo2022_poblacion_indigena.pdf,,non_additive; never sum with another measure or measure class without a proved disjoint-person crosswalk,,V2_CANONICAL_EVIDENCE,false,5dec7037be0c4acd119a11ed32e41243af3f261d059dfd5c0a1f0684ed027962,edition-target:lang:unresolved-tag:mapuche-tehuelche:argentina-people-self-identifying-as,,,edition-target:lang:unresolved-tag:mapuche-tehuelche:argentina-people-self-identifying-as,edition-target:lang:unresolved-tag:mapuche-tehuelche:argentina-people-self-identifying-as
canonical:pop:43e20343174a2345397541d1,v2_population,pop:43e20343174a2345397541d1,edition-target:lang:esu-US,POPULATION_OR_CONTEXT,speaker_or_reported_ability,persons_language_speaker_approximate,,10000,,Approximate public estimate attributed to Alaska Native Language Center data; not an ACS exact count.,,,,SRC_AMAR_US_ALASKA_EST,https://www.elections.ca/content.aspx?dir=comp%2Fmar2922&document=p8&lang=e&section=abo,,non_additive; never sum with another measure or measure class without a proved disjoint-person crosswalk,,V2_CANONICAL_EVIDENCE,false,ce90a99f8db3ce337277f31a6b61ed5767dc530fbc6374865e90621d55b8b5b3,edition-target:lang:esu-US,,,edition-target:lang:esu-US,edition-target:lang:esu-US
canonical:pop:440843fbee079050026b3b10,v2_population,pop:440843fbee079050026b3b10,edition-target:lang:crs-Latn-SC,POPULATION_OR_CONTEXT,percentage_only,percent_main_first_home_language,,85.1,,Share reporting Kreol Seselwa as main first home language,2022,,,OIO_2D14CD7A1E98,https://www.diva-portal.org/smash/get/diva2%3A1899546/FULLTEXT01.pdf,,non_additive; never sum with another measure or measure class without a proved disjoint-person crosswalk,,V2_CANONICAL_EVIDENCE,false,504922a31ff859929c5b6d5d4bbf026f0f8728b5b9de5fc5a166de2a6e2e6aee,edition-target:lang:crs-Latn-SC,,,edition-target:lang:crs-Latn-SC,edition-target:lang:crs-Latn-SC
canonical:pop:4448dc9abee1b95bb61b0981,v2_population,pop:4448dc9abee1b95bb61b0981,edition-target:lang:rhg-Rohg,POPULATION_OR_CONTEXT,displacement_status_cohort,persons_UNHCR_operational_populations,,1848647,,"Sum of 1,329,000 stateless Rohingya refugees/asylum-seekers abroad and 519,647 stateless Rohingya inside Myanmar at end-2025; operational categories, not a speaker census.",2025,,,MMR_UNHCR_SITUATION_2025,https://data.unhcr.org/en/situations/myanmar,,non_additive; never sum with another measure or measure class without a proved disjoint-person crosswalk,,V2_CANONICAL_EVIDENCE,false,c0756a24bbb45aa997e88c85216789f0201f9ceb5f84ee8acba7df427c958ab7,edition-target:lang:rhg-Rohg,,,edition-target:lang:rhg-Rohg,edition-target:lang:rhg-Rohg
canonical:pop:446248a30efaa0315810ada0,v2_population,pop:446248a30efaa0315810ada0,edition-target:lang:enh-RU,POPULATION_OR_CONTEXT,speaker_or_reported_ability,persons_within_named_people_reporting_same_named_language_knowledge_shared_where_noted,,91,,Shared Enets language-knowledge count; ethnic population 203; not split from Forest Enets.,2021,,,SRC_AMAR_RUS_ROSSTAT_2021,https://rosstat.gov.ru/storage/mediabank/Tom5_tab18_VPN-2020.xlsx,,non_additive; never sum with another measure or measure class without a proved disjoint-person crosswalk,,V2_CANONICAL_EVIDENCE,false,d9651460b0e14dc33867959b3805cd933ef4e6151ed02b41d6ccb4d65193e9d7,edition-target:lang:enh-RU,,,edition-target:lang:enh-RU,edition-target:lang:enh-RU
canonical:pop:4696e193fad557c6e8f559e5,v2_population,pop:4696e193fad557c6e8f559e5,edition-target:lang:ayr-CL,POPULATION_OR_CONTEXT,speaker_or_reported_ability,persons_age5plus_speak_or_understand,,60605,,People age 5+ who speak or understand Aymara.,2024,,,SRC_AMAR_CHL_INE_2024,https://censo2024.ine.gob.cl/wp-content/uploads/2025/12/sintesis_resultados_censo2024.pdf,,non_additive; never sum with another measure or measure class without a proved disjoint-person crosswalk,,V2_CANONICAL_EVIDENCE,false,cfb84ae7287c90f3d8efe8f9d648682c3ab1a408d19b13e7dec888835849d563,edition-target:lang:ayr-CL,,,edition-target:lang:ayr-CL,edition-target:lang:ayr-CL
canonical:pop:46e9066df0dffefa128de506,v2_population,pop:46e9066df0dffefa128de506,edition-target:lang:agr-PE,POPULATION_OR_CONTEXT,speaker_or_reported_ability,persons_named_language_speakers,,56584,,Childhood or mother-tongue speakers reported by BDPI.,2017,,,SRC_AMAR_PER_BDPI_AWAJUN,https://bdpi.cultura.gob.pe/pueblos/awajun,,non_additive; never sum with another measure or measure class without a proved disjoint-person crosswalk,,V2_CANONICAL_EVIDENCE,false,f39e2e4631a38d19b2c258dec08029a39da09028fe25af43fd22730e21ea2b75,edition-target:lang:agr-PE,,,edition-target:lang:agr-PE,edition-target:lang:agr-PE
canonical:pop:4855aa023e1d1724a773a0f8,v2_population,pop:4855aa023e1d1724a773a0f8,edition-target:lang:zh-Hans-CN:written,POPULATION_OR_CONTEXT,enrolment,persons,,55093400,,Learners enrolled in junior-secondary education in 2025,2025,,,SRC_MOE_EDU_2025,https://www.moe.gov.cn/jyb_sjzl/sjzl_fztjgb/202607/t20260706_1442870.html,,non_additive; never sum with another measure or measure class without a proved disjoint-person crosswalk,,V2_CANONICAL_EVIDENCE,false,3e4d5b4340bf0af98f478fd860a3c247c6fbe5f96e5757c8743c3389a5e52651,edition-target:lang:zh-Hans-CN:written,,,edition-target:lang:zh-Hans-CN:written,edition-target:lang:zh-Hans-CN:written
canonical:pop:49c095f665acad8a8b200ced,v2_population,pop:49c095f665acad8a8b200ced,edition-target:lang:unresolved-tag:bai-coca:ecuador-bai-coca-communities,POPULATION_OR_CONTEXT,speaker_or_reported_ability,persons_named_language_speakers,,379,,Speakers; associated population 959.,2022,,,SRC_AMAR_ECU_PLAN_2024,https://www.secretariapueblosynacionalidades.gob.ec/wp-content/uploads/2024/07/EPF-Sintesis-de-plan-decenal-correccion3-final-18-junio-2024.pdf,,non_additive; never sum with another measure or measure class without a proved disjoint-person crosswalk,,V2_CANONICAL_EVIDENCE,false,74b2b4b1e4a3a6257d0d856ae00ad3967ea0670f58df1f9d3b67435e0095b067,edition-target:lang:unresolved-tag:bai-coca:ecuador-bai-coca-communities,,,edition-target:lang:unresolved-tag:bai-coca:ecuador-bai-coca-communities,edition-target:lang:unresolved-tag:bai-coca:ecuador-bai-coca-communities
canonical:pop:4a0f6e4e0a48e2702401f678,v2_population,pop:4a0f6e4e0a48e2702401f678,edition-target:lang:hop-US,POPULATION_OR_CONTEXT,home_or_first_language,persons_age5plus_home_language,,7105,,People age 5+ reporting Hopi at home in the 2017–2021 ACS.,2017-2021,,,SRC_AMAR_US_ACS_2017_2021,https://www.census.gov/library/stories/2025/06/native-american-language-use.html,,non_additive; never sum with another measure or measure class without a proved disjoint-person crosswalk,,V2_CANONICAL_EVIDENCE,false,e86225a963b9e2f6764026b270805d3be5016ece804161590e6373711cfaefb4,edition-target:lang:hop-US,,,edition-target:lang:hop-US,edition-target:lang:hop-US
canonical:pop:4a925a70570d27fc5479fe72,v2_population,pop:4a925a70570d27fc5479fe72,edition-target:lang:pbb-CO,POPULATION_OR_CONTEXT,speaker_or_reported_ability,persons_named_language_speaker_estimate,,80805,,Named-language speaker estimate in the national decennial language plan.,,,,SRC_AMAR_COL_LANG_PLAN,https://dokumen.pub/plan-decenal-de-lenguas-nativas-de-colombia-9789587534948.html,,non_additive; never sum with another measure or measure class without a proved disjoint-person crosswalk,,V2_CANONICAL_EVIDENCE,false,78ba2cff3a61ef3284e5d1e3e43253cd3f5ca5aaf4d17dd10b91fc959d4944be,edition-target:lang:pbb-CO,,,edition-target:lang:pbb-CO,edition-target:lang:pbb-CO
canonical:pop:4afa24c6ab2cdad5027f4042,v2_population,pop:4afa24c6ab2cdad5027f4042,edition-target:lang:kgk-BR,POPULATION_OR_CONTEXT,speaker_or_reported_ability,persons_age5plus_named_indigenous_language_speakers,,38658,,People age 5+ speaking Guarani Kaiowá in the 2022 census language release.,2022,,,SRC_AMAR_BRA_IBGE_2022,https://agenciadenoticias.ibge.gov.br/en/agencia-press-room/2184-news-agency/news/44866-2022-census-brazil-has-391-indigenous-ethnicities-and-295-indigenous-languages.html,,non_additive; never sum with another measure or measure class without a proved disjoint-person crosswalk,,V2_CANONICAL_EVIDENCE,false,06c5f9748f48ef2d1313b242937fe60522c044fd4a26396363d7e8ed30f9a93b,edition-target:lang:kgk-BR,,,edition-target:lang:kgk-BR,edition-target:lang:kgk-BR
canonical:pop:4b1ca9d977739838884c98b2,v2_population,pop:4b1ca9d977739838884c98b2,edition-target:lang:zh-Hans-CN:written,POPULATION_OR_CONTEXT,fte_person_years,FTE_person_years,,7950000,,"R&D labour input in 2025 measured as full-time-equivalent person-years, not distinct researchers",2025,,,SRC_NBS_RD_2025,https://www.stats.gov.cn/sj/sjjd/202606/t20260602_1963861.html,,non_additive; never sum with another measure or measure class without a proved disjoint-person crosswalk,,V2_CANONICAL_EVIDENCE,false,add414ba7d640221f8db23c86c0a09451905a4295185125d5344c5b7352f30cb,edition-target:lang:zh-Hans-CN:written,,,edition-target:lang:zh-Hans-CN:written,edition-target:lang:zh-Hans-CN:written
canonical:pop:4e1c52904ba348afbd5b6354,v2_population,pop:4e1c52904ba348afbd5b6354,edition-target:lang:zh-Hans-CN:written,POPULATION_OR_CONTEXT,low_literacy_cohort,persons,,37750200,,People aged 15 or older who could not read under the 2020 census definition,2020,,,SRC_NBS_CENSUS_LITERACY_2020,https://www.stats.gov.cn/sj/zxfb/202302/t20230203_1901086.html,,non_additive; never sum with another measure or measure class without a proved disjoint-person crosswalk,,V2_CANONICAL_EVIDENCE,false,66d2059a48f53904674a5e97730fa505469a20ec1df321567c0d852176315e70,edition-target:lang:zh-Hans-CN:written,,,edition-target:lang:zh-Hans-CN:written,edition-target:lang:zh-Hans-CN:written
canonical:pop:4e562b4f261e959e1a6ab1a7,v2_population,pop:4e562b4f261e959e1a6ab1a7,edition-target:lang:unresolved-tag:any-target-written-language-rewriting-and-cultural-examples-must-be-loca:global-instantiate-by-language-liter,POPULATION_OR_CONTEXT,literacy_proxy,persons_adults_15plus_lacking_basic_literacy_proxy,,739000000,,UIS 2025 global estimate of adults aged 15+ lacking basic literacy skills; underlying literacy data are largely self- or proxy-declared and may understate functional difficulty; proxy only.,2025,,,UNESCO_LITERACY_2025,https://www.unesco.org/en/literacy?hub=68243,,non_additive; never sum with another measure or measure class without a proved disjoint-person crosswalk,,V2_CANONICAL_EVIDENCE,false,b004e793950f73e9efa7c50fcf025b01b17ca35c1e25bc3acf805722cad1eb0e,edition-target:lang:unresolved-tag:any-target-written-language-rewriting-and-cultural-examples-must-be-loca:global-instantiate-by-language-liter,,,edition-target:lang:unresolved-tag:any-target-written-language-rewriting-and-cultural-examples-must-be-loca:global-instantiate-by-language-liter,edition-target:lang:unresolved-tag:any-target-written-language-rewriting-and-cultural-examples-must-be-loca:global-instantiate-by-language-liter
canonical:pop:4ebc95cb211f680b94972294,v2_population,pop:4ebc95cb211f680b94972294,edition-target:lang:sma,POPULATION_OR_CONTEXT,speaker_or_reported_ability,persons_language_users_literature_range,500,,1000,Peer-reviewed speaker estimate or range; not harmonized census count.,,,,SRC_AMAR_SAMI_REVIEW_2025,https://www.tandfonline.com/doi/abs/10.1080/14790718.2025.2517902,,non_additive; never sum with another measure or measure class without a proved disjoint-person crosswalk,,V2_CANONICAL_EVIDENCE,false,e1e5ab41020ca70eb8b106840075e93fd7231fa54022dfc2e1829e9f3637d12d,edition-target:lang:sma,,,edition-target:lang:sma,edition-target:lang:sma
canonical:pop:4edca46abad0fcb53fa16ed6,v2_population,pop:4edca46abad0fcb53fa16ed6,edition-target:lang:zh-Hans-CN:written,POPULATION_OR_CONTEXT,enrolment,persons,,30395000,,Learners enrolled in ordinary senior-secondary education in 2025,2025,,,SRC_MOE_EDU_2025,https://www.moe.gov.cn/jyb_sjzl/sjzl_fztjgb/202607/t20260706_1442870.html,,non_additive; never sum with another measure or measure class without a proved disjoint-person crosswalk,,V2_CANONICAL_EVIDENCE,false,5206b0420a9119844c61740c5effd02ca36bfd7e125414ac63189bd408a2fb3c,edition-target:lang:zh-Hans-CN:written,,,edition-target:lang:zh-Hans-CN:written,edition-target:lang:zh-Hans-CN:written
canonical:pop:5030754c14aaa74739e846df,v2_population,pop:5030754c14aaa74739e846df,edition-target:lang:crl-CA,POPULATION_OR_CONTEXT,speaker_or_reported_ability,persons_2021_language_knowledge,,4875,,People reporting knowledge of Iyiyiw-Ayimiwin / Northern East Cree; mother-tongue count 3855. Counts randomly rounded.,2021,,,SRC_AMAR_CAN_ALGONQ_2021,https://www150.statcan.gc.ca/n1/pub/41-20-0002/412000022025002-eng.htm,,non_additive; never sum with another measure or measure class without a proved disjoint-person crosswalk,,V2_CANONICAL_EVIDENCE,false,b5cd3b5444e96d7e5c3cd0fa6a6a559f5a692281b541938385b280fab3a64e42,edition-target:lang:crl-CA,,,edition-target:lang:crl-CA,edition-target:lang:crl-CA
canonical:pop:5085c45ea367f771ada6520b,v2_population,pop:5085c45ea367f771ada6520b,edition-target:lang:woe-Latn-FM,POPULATION_OR_CONTEXT,home_or_first_language,persons_age5plus_home_language,2952,2952,2952,People aged 5+ reporting the named home language,2023,,,OIO_EA133B14931A,https://www.pacificweb.org/library/preview.php?file=fsm/states/2023FSMMunicipality.xlsx,,non_additive; never sum with another measure or measure class without a proved disjoint-person crosswalk,,V2_CANONICAL_EVIDENCE,false,27fc6964b7cf640246349b2ccabcac09d20f95c97f7228a47b0f468e62544a30,edition-target:lang:woe-Latn-FM,,,edition-target:lang:woe-Latn-FM,edition-target:lang:woe-Latn-FM
canonical:pop:50c2333e77bc18cc63456b5f,v2_population,pop:50c2333e77bc18cc63456b5f,edition-target:lang:kpy-RU,POPULATION_OR_CONTEXT,speaker_or_reported_ability,persons_within_named_people_reporting_same_named_language_knowledge_shared_where_noted,,2205,,"Koryak people reporting knowledge of Koryak; ethnic population 7,498.",2021,,,SRC_AMAR_RUS_ROSSTAT_2021,https://rosstat.gov.ru/storage/mediabank/Tom5_tab18_VPN-2020.xlsx,,non_additive; never sum with another measure or measure class without a proved disjoint-person crosswalk,,V2_CANONICAL_EVIDENCE,false,7f880377d71671b05f1913f9283946accc175ad5e04ef88fce0c9a4389950f40,edition-target:lang:kpy-RU,,,edition-target:lang:kpy-RU,edition-target:lang:kpy-RU
canonical:pop:510d06f83bbb314c4c3d9e6f,v2_population,pop:510d06f83bbb314c4c3d9e6f,edition-target:lang:gub-BR,POPULATION_OR_CONTEXT,speaker_or_reported_ability,persons_age5plus_named_indigenous_language_speakers,,29212,,People age 5+ speaking Guajajara in the 2022 census language release.,2022,,,SRC_AMAR_BRA_IBGE_2022,https://agenciadenoticias.ibge.gov.br/en/agencia-press-room/2184-news-agency/news/44866-2022-census-brazil-has-391-indigenous-ethnicities-and-295-indigenous-languages.html,,non_additive; never sum with another measure or measure class without a proved disjoint-person crosswalk,,V2_CANONICAL_EVIDENCE,false,670df6c1b03a4c9539df3e2431d092aa637b5dbc103b05e8ab6776be8bf540a5,edition-target:lang:gub-BR,,,edition-target:lang:gub-BR,edition-target:lang:gub-BR
canonical:pop:51564c1b6cbb87ae2ad4be3e,v2_population,pop:51564c1b6cbb87ae2ad4be3e,edition-target:lang:unresolved-tag:iogys:argentina-people-self-identifying-as,POPULATION_OR_CONTEXT,percentage_only,percent_of_self_identified_people_speak_or_understand_own_language,,55.1,,Share of the self-identified Iogys people who speak or understand the people's language; denominator count is not encoded here.,2022,,,SRC_AMAR_ARG_INDEC_2022,https://www.indec.gob.ar/ftp/cuadros/poblacion/censo2022_poblacion_indigena.pdf,,non_additive; never sum with another measure or measure class without a proved disjoint-person crosswalk,,V2_CANONICAL_EVIDENCE,false,17ad5d0ed4536d1de8ad46ea855a8f2bd9a1f165515e38bb4884d4f1b329ac9d,edition-target:lang:unresolved-tag:iogys:argentina-people-self-identifying-as,,,edition-target:lang:unresolved-tag:iogys:argentina-people-self-identifying-as,edition-target:lang:unresolved-tag:iogys:argentina-people-self-identifying-as
canonical:pop:51abe077d0139899162234df,v2_population,pop:51abe077d0139899162234df,edition-target:lang:sd-Arab-PK,POPULATION_OR_CONTEXT,l1,persons_L1,34401564,34401564,34401564,Census mother-tongue count,2023,,,PBS_MT_2023,https://www.pbs.gov.pk/wp-content/uploads/census_tables/tables/table_11_national.pdf,,non_additive; never sum with another measure or measure class without a proved disjoint-person crosswalk,,V2_CANONICAL_EVIDENCE,false,d92186bad43a779e0b214172362c8cf1893f92466f87b2377b0def9246e96b5b,edition-target:lang:sd-Arab-PK,,,edition-target:lang:sd-Arab-PK,edition-target:lang:sd-Arab-PK
canonical:pop:51ce191923afe3566b322cf7,v2_population,pop:51ce191923afe3566b322cf7,edition-target:lang:unresolved-tag:midiki:timor-leste-midiki-l1-communities,POPULATION_OR_CONTEXT,home_or_first_language,persons_L1,,14616,,2015 census L1 count reproduced in an open peer-reviewed study.,2015,,,TLS_CENSUS_LANGUAGE_STUDY,https://pmc.ncbi.nlm.nih.gov/articles/PMC9411783/,,non_additive; never sum with another measure or measure class without a proved disjoint-person crosswalk,,V2_CANONICAL_EVIDENCE,false,d127f75d0388aa48ec9136bf8dc5ee033a653339f1690c54079e8783ddc828db,edition-target:lang:unresolved-tag:midiki:timor-leste-midiki-l1-communities,,,edition-target:lang:unresolved-tag:midiki:timor-leste-midiki-l1-communities,edition-target:lang:unresolved-tag:midiki:timor-leste-midiki-l1-communities
canonical:pop:51dcc5418ed706a8636dffd7,v2_population,pop:51dcc5418ed706a8636dffd7,edition-target:lang:hmn-Latn-VN,POPULATION_OR_CONTEXT,ethnicity_or_identity_proxy,persons_ethnicity_proxy,,1393547,,2019 Hmong ethnicity proxy; not an exact variety or speaker count.,2019,,,VNM_CENSUS_2019,https://tongdieutradanso.vn/uploads/data/6/files/files/Population%20and%20Housing%20Census%202019_final%20report.pdf,,non_additive; never sum with another measure or measure class without a proved disjoint-person crosswalk,,V2_CANONICAL_EVIDENCE,false,5abcc3708e8b8cdd03e493c7432e069aac139e6c20bf35e110ed14acf4d35cff,edition-target:lang:hmn-Latn-VN,,,edition-target:lang:hmn-Latn-VN,edition-target:lang:hmn-Latn-VN
canonical:pop:52238851e27f8441cb8c0bee,v2_population,pop:52238851e27f8441cb8c0bee,edition-target:lang:ca-Latn-ES,POPULATION_OR_CONTEXT,speaker_estimate,people,9000000,10000000,11000000,Institutional estimate of approximately 10m speakers.,2026,,,SRC_COE_CATALAN_2026,https://llengua.gencat.cat/en/detalls/noticia/Language-Policy-Forum-2026,,non_additive; never sum with another measure or measure class without a proved disjoint-person crosswalk,,V2_CANONICAL_EVIDENCE,false,a87d831f89860a32fabbcecaed31ad3123d0e0f6796c22ab838169d960cb4b78,edition-target:lang:ca-Latn-ES,,,edition-target:lang:ca-Latn-ES,edition-target:lang:ca-Latn-ES
canonical:pop:526c335b85433cc82bd0954a,v2_population,pop:526c335b85433cc82bd0954a,edition-target:lang:cy-Latn-GB,POPULATION_OR_CONTEXT,reported_ability,people,538000,538000,538000,Approximate number age 3+ able to speak Welsh in Census 2021.,2021,,,SRC_ONS_WELSH_2021,https://www.ons.gov.uk/census/aboutcensus/census2021generalreport/census2021inwales,,non_additive; never sum with another measure or measure class without a proved disjoint-person crosswalk,,V2_CANONICAL_EVIDENCE,false,4f4efe57192929c10753447609decbd005f55a717803c3dd49e3b35cffa5d10b,edition-target:lang:cy-Latn-GB,,,edition-target:lang:cy-Latn-GB,edition-target:lang:cy-Latn-GB
canonical:pop:53621e583804f6885ca7ecbc,v2_population,pop:53621e583804f6885ca7ecbc,edition-target:lang:kek-Latn-GT,POPULATION_OR_CONTEXT,first_learned,people,1127387,1127387,1127387,First-learned language among population age 4+ in Census 2018.,2018,,,SRC_GUATEMALA_CENSUS_2018,https://censo2018.ine.gob.gt/archivos/Principales_resultados_Censo2018.pdf,,non_additive; never sum with another measure or measure class without a proved disjoint-person crosswalk,,V2_CANONICAL_EVIDENCE,false,198051ce208cb41c02f93771bf2a44c9fbf01b5b9c3a64da07248583b67c6c37,edition-target:lang:kek-Latn-GT,,,edition-target:lang:kek-Latn-GT,edition-target:lang:kek-Latn-GT
canonical:pop:53a179b46780da099f22cb87,v2_population,pop:53a179b46780da099f22cb87,edition-target:lang:ceb-Latn-PH,POPULATION_OR_CONTEXT,ethnicity_or_identity_proxy,persons_ethnicity_proxy,,8680000,,Rounded Cebuano ethnicity proxy; not automatically additive with the separately reported Bisaya/Binisaya category.,2020,,,PH_PSA_ETHNICITY_2020,https://psa.gov.ph/content/ethnicity-philippines-2020-census-population-and-housing,,non_additive; never sum with another measure or measure class without a proved disjoint-person crosswalk,,V2_CANONICAL_EVIDENCE,false,dc84288efe402c4a8edc110321672ca0bff72214449f5e08c9560a997bedc30e,edition-target:lang:ceb-Latn-PH,,,edition-target:lang:ceb-Latn-PH,edition-target:lang:ceb-Latn-PH
canonical:pop:5461824a3bac510b5f3e77c4,v2_population,pop:5461824a3bac510b5f3e77c4,edition-target:lang:nio-RU,POPULATION_OR_CONTEXT,speaker_or_reported_ability,persons_within_named_people_reporting_same_named_language_knowledge_shared_where_noted,,294,,Nganasan people reporting knowledge of Nganasan; ethnic population 693.,2021,,,SRC_AMAR_RUS_ROSSTAT_2021,https://rosstat.gov.ru/storage/mediabank/Tom5_tab18_VPN-2020.xlsx,,non_additive; never sum with another measure or measure class without a proved disjoint-person crosswalk,,V2_CANONICAL_EVIDENCE,false,a3cb45d5dd15bb6884ee50fa7812d61760415b0bf8b6e17f73f87c03c6c8e7e2,edition-target:lang:nio-RU,,,edition-target:lang:nio-RU,edition-target:lang:nio-RU
canonical:pop:54d104e0216101913c7bd838,v2_population,pop:54d104e0216101913c7bd838,edition-target:lang:ajp-Arab-PS,POPULATION_OR_CONTEXT,status_cohort,people,6000000,6000000,6000000,"Palestine refugees under UNRWA mandate at end-2025; status population, not current cross-border displacement or language count.",2025,,,SRC_UNHCR_GLOBAL_2025,https://www.unhcr.org/global-trends,,non_additive; never sum with another measure or measure class without a proved disjoint-person crosswalk,,V2_CANONICAL_EVIDENCE,false,dd3c5dc6e37d49f66ce9bece3011cdd384943fdada2162b00977f3dbc2e98804,edition-target:lang:ajp-Arab-PS,,,edition-target:lang:ajp-Arab-PS,edition-target:lang:ajp-Arab-PS
canonical:pop:54e9e2b29ce82bb19316c6db,v2_population,pop:54e9e2b29ce82bb19316c6db,edition-target:lang:gug-Latn-PY,POPULATION_OR_CONTEXT,home_language_nonexclusive,people,3792294,3792294,3792294,Age 5+ using Guarani alone or with Castilian at home in EPHC 2025 covered population.,2025,,,SRC_PARAGUAY_EPHC_2025,https://www.ine.gov.py/ende/contenido.php?c=2754&title=El_Paraguay_mantiene_su_diversidad_ling%C3%BC%C3%ADstica_con_predominio_del_biling%C3%BC%C3%ADsmo_en_los_hogares,,non_additive; never sum with another measure or measure class without a proved disjoint-person crosswalk,,V2_CANONICAL_EVIDENCE,false,f2c6352d1ea4d18e1489cdcd1eca86d886f2ed47be29b65c0e1d91a8b5295a97,edition-target:lang:gug-Latn-PY,,,edition-target:lang:gug-Latn-PY,edition-target:lang:gug-Latn-PY
canonical:pop:55005a88af1c01149d486731,v2_population,pop:55005a88af1c01149d486731,edition-target:lang:se-Latn-001,POPULATION_OR_CONTEXT,macro_speaker_estimate,people,20000,25000,30000,Institutional total across Sami languages.,2026,,,SRC_SAMI_PARLIAMENT,https://samediggi.fi/vastuualueet/saamen-kielet/gollegiella/,,non_additive; never sum with another measure or measure class without a proved disjoint-person crosswalk,,V2_CANONICAL_EVIDENCE,false,8206562ae9e7c36def227a4c85489c7eba794102921d4d5d22b09c2112bf31ef,edition-target:lang:se-Latn-001,,,edition-target:lang:se-Latn-001,edition-target:lang:se-Latn-001
canonical:pop:5549664281aa46f48a3117c7,v2_population,pop:5549664281aa46f48a3117c7,edition-target:lang:pqm-CA,POPULATION_OR_CONTEXT,speaker_or_reported_ability,persons_2021_language_knowledge,,820,,People reporting knowledge of Wolastoqewi; mother-tongue count 445. Counts randomly rounded.,2021,,,SRC_AMAR_CAN_ALGONQ_2021,https://www150.statcan.gc.ca/n1/pub/41-20-0002/412000022025002-eng.htm,,non_additive; never sum with another measure or measure class without a proved disjoint-person crosswalk,,V2_CANONICAL_EVIDENCE,false,95cc7cfb864334c5f8bb9ed78388239ff0f380e038bba26652a9beaa82cb0a00,edition-target:lang:pqm-CA,,,edition-target:lang:pqm-CA,edition-target:lang:pqm-CA
canonical:pop:56b541179f9129b8fbc7fb72,v2_population,pop:56b541179f9129b8fbc7fb72,edition-target:lang:mam-GT,POPULATION_OR_CONTEXT,home_or_first_language,persons_age4plus_mother_tongue,,590641,,People age 4+ reporting Mam as mother tongue.,2018,,,SRC_AMAR_GTM_INE_2018,https://censo2018.ine.gob.gt/archivos/resultados_censo2018.pdf,,non_additive; never sum with another measure or measure class without a proved disjoint-person crosswalk,,V2_CANONICAL_EVIDENCE,false,c18fb0e93c37fd4ac0b0d56aa78ad6589c2e1d4a3767e492a5dcf21c5666bcef,edition-target:lang:mam-GT,,,edition-target:lang:mam-GT,edition-target:lang:mam-GT
canonical:pop:56df0d5868975b16faa7bc4f,v2_population,pop:56df0d5868975b16faa7bc4f,edition-target:lang:unresolved-tag:argentina-quechua-exact-local-variety-required:argentina-people-self-identifying-as,POPULATION_OR_CONTEXT,percentage_only,percent_of_self_identified_people_speak_or_understand_own_language,,51.3,,Share of the self-identified Argentina Quechua — exact local variety required people who speak or understand the people's language; denominator count is not encoded here.,2022,,,SRC_AMAR_ARG_INDEC_2022,https://www.indec.gob.ar/ftp/cuadros/poblacion/censo2022_poblacion_indigena.pdf,,non_additive; never sum with another measure or measure class without a proved disjoint-person crosswalk,,V2_CANONICAL_EVIDENCE,false,7ac8140db133515c15a79f13c5af2eeb73c39a912fc5527729f2bdff96fb2005,edition-target:lang:unresolved-tag:argentina-quechua-exact-local-variety-required:argentina-people-self-identifying-as,,,edition-target:lang:unresolved-tag:argentina-quechua-exact-local-variety-required:argentina-people-self-identifying-as,edition-target:lang:unresolved-tag:argentina-quechua-exact-local-variety-required:argentina-people-self-identifying-as
canonical:pop:57213f04a98fc39df0fc30b9,v2_population,pop:57213f04a98fc39df0fc30b9,edition-target:lang:aqt-PY,POPULATION_OR_CONTEXT,ethnicity_or_identity_proxy,persons_indigenous_identity_proxy,,7239,,People identifying with the Angaité people; not a speaker count.,2022,,,SRC_AMAR_PRY_INDIG_2022,https://www.ine.gov.py/Publicaciones/Biblioteca/documento/237/Resultados-Finales-Censo-Indigena.pdf,,non_additive; never sum with another measure or measure class without a proved disjoint-person crosswalk,,V2_CANONICAL_EVIDENCE,false,53894079578432e28f3d02aa1407794f36b41fbf8e5858afd6c286b7a0a2285a,edition-target:lang:aqt-PY,,,edition-target:lang:aqt-PY,edition-target:lang:aqt-PY
canonical:pop:5780338acfc9c90fac9277bc,v2_population,pop:5780338acfc9c90fac9277bc,edition-target:macro:SEA_PH_BISAYA_MACRO_SCREEN,POPULATION_OR_CONTEXT,ethnicity_or_identity_proxy,persons_ethnicity_proxy,,15520000,,Rounded ethnicity proxy under an overlapping sociolinguistic macro-label; not a production language and not additive with Cebuano.,2020,,,PH_PSA_ETHNICITY_2020,https://psa.gov.ph/content/ethnicity-philippines-2020-census-population-and-housing,,non_additive; never sum with another measure or measure class without a proved disjoint-person crosswalk,,V2_CANONICAL_EVIDENCE,false,ae51f95768151c2b8e7941f6ccc629a83ec79db9f08d5d406f27e138da287011,edition-target:macro:SEA_PH_BISAYA_MACRO_SCREEN,,,edition-target:macro:SEA_PH_BISAYA_MACRO_SCREEN,edition-target:macro:SEA_PH_BISAYA_MACRO_SCREEN
canonical:pop:578fb38428c6d70d7d2b5c3c,v2_population,pop:578fb38428c6d70d7d2b5c3c,edition-target:lang:itl-RU,POPULATION_OR_CONTEXT,speaker_or_reported_ability,persons_within_named_people_reporting_same_named_language_knowledge_shared_where_noted,,455,,"Itelmen people reporting knowledge of Itelmen; ethnic population 2,622.",2021,,,SRC_AMAR_RUS_ROSSTAT_2021,https://rosstat.gov.ru/storage/mediabank/Tom5_tab18_VPN-2020.xlsx,,non_additive; never sum with another measure or measure class without a proved disjoint-person crosswalk,,V2_CANONICAL_EVIDENCE,false,82f04e062a29d80fe2633c8681ab8ed3cb7cb0ba70abb0d16354f504ca1f2158,edition-target:lang:itl-RU,,,edition-target:lang:itl-RU,edition-target:lang:itl-RU
canonical:pop:57c547e17d616f5d3d979a3c,v2_population,pop:57c547e17d616f5d3d979a3c,edition-target:lang:bla-CA,POPULATION_OR_CONTEXT,speaker_or_reported_ability,persons_2021_language_knowledge,,6680,,People reporting knowledge of Blackfoot; mother-tongue count 4945. Counts randomly rounded.,2021,,,SRC_AMAR_CAN_ALGONQ_2021,https://www150.statcan.gc.ca/n1/pub/41-20-0002/412000022025002-eng.htm,,non_additive; never sum with another measure or measure class without a proved disjoint-person crosswalk,,V2_CANONICAL_EVIDENCE,false,852ca1f987b30e4e42f5d7553a2d84991cda6f1b4a61f2461d6d2cb1ca00a4e8,edition-target:lang:bla-CA,,,edition-target:lang:bla-CA,edition-target:lang:bla-CA
canonical:pop:57dd95e71d2dbeecc7445fa8,v2_population,pop:57dd95e71d2dbeecc7445fa8,edition-target:lang:enf-RU,POPULATION_OR_CONTEXT,speaker_or_reported_ability,persons_within_named_people_reporting_same_named_language_knowledge_shared_where_noted,,91,,Shared Enets language-knowledge count; ethnic population 203; not split from Tundra Enets.,2021,,,SRC_AMAR_RUS_ROSSTAT_2021,https://rosstat.gov.ru/storage/mediabank/Tom5_tab18_VPN-2020.xlsx,,non_additive; never sum with another measure or measure class without a proved disjoint-person crosswalk,,V2_CANONICAL_EVIDENCE,false,53b6a30ad3c6dacb737be68ab6c426b4920c78507a9564604896f4644f35df83,edition-target:lang:enf-RU,,,edition-target:lang:enf-RU,edition-target:lang:enf-RU
canonical:pop:582fa60ee0213da7709061b6,v2_population,pop:582fa60ee0213da7709061b6,edition-target:lang:unresolved-tag:tunumiisut-east-greenlandic:east-greenland,POPULATION_OR_CONTEXT,speaker_or_reported_ability,persons_language_users_literature_estimate,,3000,,Approximate literature-scale estimate; not an official census count.,,,,SRC_AMAR_GRL_MERCATOR,https://wiki.mercator-research.eu/languages%3Atunumiisiut_in_greenland,,non_additive; never sum with another measure or measure class without a proved disjoint-person crosswalk,,V2_CANONICAL_EVIDENCE,false,9dae89b76234e31f0f7fe84f99547a14441e6289ef702a2174d575f49333fb0d,edition-target:lang:unresolved-tag:tunumiisut-east-greenlandic:east-greenland,,,edition-target:lang:unresolved-tag:tunumiisut-east-greenlandic:east-greenland,edition-target:lang:unresolved-tag:tunumiisut-east-greenlandic:east-greenland
canonical:pop:58ae1bc0db268e791513c4e3,v2_population,pop:58ae1bc0db268e791513c4e3,edition-target:lang:nut-Latn-VN,POPULATION_OR_CONTEXT,ethnicity_or_identity_proxy,persons_ethnicity_proxy,,1083298,,2019 ethnicity proxy; not a direct speaker count.,2019,,,VNM_CENSUS_2019,https://tongdieutradanso.vn/uploads/data/6/files/files/Population%20and%20Housing%20Census%202019_final%20report.pdf,,non_additive; never sum with another measure or measure class without a proved disjoint-person crosswalk,,V2_CANONICAL_EVIDENCE,false,d1d55268d3cfa676261c0d34903bc9d349121d6fc97953f177678dcd3ea5838f,edition-target:lang:nut-Latn-VN,,,edition-target:lang:nut-Latn-VN,edition-target:lang:nut-Latn-VN
canonical:pop:590072f1240016501b6ef243,v2_population,pop:590072f1240016501b6ef243,edition-target:lang:rap-CL,POPULATION_OR_CONTEXT,speaker_or_reported_ability,persons_age5plus_speak_or_understand,,7006,,People age 5+ who speak or understand Rapa Nui.,2024,,,SRC_AMAR_CHL_INE_2024,https://censo2024.ine.gob.cl/wp-content/uploads/2025/12/sintesis_resultados_censo2024.pdf,,non_additive; never sum with another measure or measure class without a proved disjoint-person crosswalk,,V2_CANONICAL_EVIDENCE,false,b14c02f14f1b1c2478d3a67365a8615b2570ee1d7b9dd524da31d11143b9ee0e,edition-target:lang:rap-CL,,,edition-target:lang:rap-CL,edition-target:lang:rap-CL
canonical:pop:594ab3c4757cd073bd5445a3,v2_population,pop:594ab3c4757cd073bd5445a3,edition-target:lang:ccr-GT,POPULATION_OR_CONTEXT,home_or_first_language,persons_age4plus_mother_tongue,,21550,,People age 4+ reporting Chalchiteko as mother tongue.,2018,,,SRC_AMAR_GTM_INE_2018,https://censo2018.ine.gob.gt/archivos/resultados_censo2018.pdf,,non_additive; never sum with another measure or measure class without a proved disjoint-person crosswalk,,V2_CANONICAL_EVIDENCE,false,33ace33c4dd67ad07a346e1a96a1cae2473e7ae95c2af5036a03647b0bc5b1a4,edition-target:lang:ccr-GT,,,edition-target:lang:ccr-GT,edition-target:lang:ccr-GT
canonical:pop:59fd95d70bc81b8b81dec710,v2_population,pop:59fd95d70bc81b8b81dec710,edition-target:lang:zh-Hans-CN:written,POPULATION_OR_CONTEXT,enrolment_subcohort,persons,,4124200,,Migrant workers' accompanying children enrolled in junior secondary in 2025 under MOE's rural-registration and co-residence definition,2025,,,SRC_MOE_EDU_2025,https://www.moe.gov.cn/jyb_sjzl/sjzl_fztjgb/202607/t20260706_1442870.html,,non_additive; never sum with another measure or measure class without a proved disjoint-person crosswalk,,V2_CANONICAL_EVIDENCE,false,86190743cccbd55497fd84d2f9ad5b4ed11bbbb9754dc56418952894148ea1a6,edition-target:lang:zh-Hans-CN:written,,,edition-target:lang:zh-Hans-CN:written,edition-target:lang:zh-Hans-CN:written
canonical:pop:5a244b29b3c95c6a0978706e,v2_population,pop:5a244b29b3c95c6a0978706e,edition-target:lang:ja-Jpan-JP,POPULATION_OR_CONTEXT,enrolment,persons,,20681,,Public lower-secondary pupils officially identified as needing Japanese instruction; foreign and Japanese nationality combined,2025,,,JPN-S003,https://www.mext.go.jp/b_menu/houdou/31/09/1421569_00007.htm,,non_additive; never sum with another measure or measure class without a proved disjoint-person crosswalk,,V2_CANONICAL_EVIDENCE,false,b648d2483c439e403f4e88ca5eb171d9823661abd28d30069a093632a320af82,edition-target:lang:ja-Jpan-JP,,,edition-target:lang:ja-Jpan-JP,edition-target:lang:ja-Jpan-JP
canonical:pop:5ab79476db66dcaf0ddce85e,v2_population,pop:5ab79476db66dcaf0ddce85e,edition-target:lang:gui-BO,POPULATION_OR_CONTEXT,speaker_or_reported_ability,persons_age6plus_greatest_use_language,,17592,,People age 6+ reporting Bolivian Guaraní as language of greatest use; not mother tongue.,2024,,,SRC_AMAR_BOL_INE_2024,https://anda.ine.gob.bo/index.php/catalog/163/variable/F8/V742?name=s01a_07_1,,non_additive; never sum with another measure or measure class without a proved disjoint-person crosswalk,,V2_CANONICAL_EVIDENCE,false,e8cf294903e95e1dbe58e81c4d5ac16b57a1a66ca647a1c7f724cc1e59a9a207,edition-target:lang:gui-BO,,,edition-target:lang:gui-BO,edition-target:lang:gui-BO
canonical:pop:5b5db6d3139b8324785a3cd9,v2_population,pop:5b5db6d3139b8324785a3cd9,edition-target:lang:unresolved-tag:multilingual-older-population-zh-hans-cn-capable-subset-unmeasured:mainland-china-people-aged-60-or-old,POPULATION_OR_CONTEXT,offline_population_estimate,persons,,149700000,,Approximate older non-user population derived by applying the reported 46.3 percent non-use share to the NBS year-end population aged 60 or older,2025,,,SRC_CNNIC_57_2025,https://www3.cnnic.cn/n4/2026/0304/c88-11549.html,,non_additive; never sum with another measure or measure class without a proved disjoint-person crosswalk,,V2_CANONICAL_EVIDENCE,false,6c957b0c3380c8cb14ec491fa27a26e759fe3854d16b0f5a8c3a05619255fd38,edition-target:lang:unresolved-tag:multilingual-older-population-zh-hans-cn-capable-subset-unmeasured:mainland-china-people-aged-60-or-old,,,edition-target:lang:unresolved-tag:multilingual-older-population-zh-hans-cn-capable-subset-unmeasured:mainland-china-people-aged-60-or-old,edition-target:lang:unresolved-tag:multilingual-older-population-zh-hans-cn-capable-subset-unmeasured:mainland-china-people-aged-60-or-old
canonical:pop:5bb1430136a88a1940369a9c,v2_population,pop:5bb1430136a88a1940369a9c,edition-target:lang:nsk-CA,POPULATION_OR_CONTEXT,speaker_or_reported_ability,persons_2021_language_knowledge,,1035,,People reporting knowledge of Naskapi; mother-tongue count 740. Counts randomly rounded.,2021,,,SRC_AMAR_CAN_ALGONQ_2021,https://www150.statcan.gc.ca/n1/pub/41-20-0002/412000022025002-eng.htm,,non_additive; never sum with another measure or measure class without a proved disjoint-person crosswalk,,V2_CANONICAL_EVIDENCE,false,130ee658c1825a7b7da4f6243ee1a06f564210b007ce053ebb44673a84dc93d9,edition-target:lang:nsk-CA,,,edition-target:lang:nsk-CA,edition-target:lang:nsk-CA
canonical:pop:5beff93e02e8070bb5af630c,v2_population,pop:5beff93e02e8070bb5af630c,edition-target:lang:awa-Deva-NP,POPULATION_OR_CONTEXT,l1,persons_L1,864276,864276,864276,Census mother-tongue count,2021,,,NPL_LANG_2021,https://censusnepal.cbs.gov.np/results/files/result-folder/Language%20in%20Nepal.pdf,,non_additive; never sum with another measure or measure class without a proved disjoint-person crosswalk,,V2_CANONICAL_EVIDENCE,false,431b8b81811295bfd8356ccdd5addc2abf857aca7bb6d302ff16ad99875a5961,edition-target:lang:awa-Deva-NP,,,edition-target:lang:awa-Deva-NP,edition-target:lang:awa-Deva-NP
canonical:pop:5c4e339deb8ea665726f83c6,v2_population,pop:5c4e339deb8ea665726f83c6,edition-target:lang:gun-AR,POPULATION_OR_CONTEXT,percentage_only,percent_of_self_identified_people_speak_or_understand_own_language,,83.6,,Share of the self-identified Argentina Mbyá Guaraní people who speak or understand the people's language; denominator count is not encoded here.,2022,,,SRC_AMAR_ARG_INDEC_2022,https://www.indec.gob.ar/ftp/cuadros/poblacion/censo2022_poblacion_indigena.pdf,,non_additive; never sum with another measure or measure class without a proved disjoint-person crosswalk,,V2_CANONICAL_EVIDENCE,false,e6fe10d61104b0b54d69fcd86fe83d4e334d6cd9cb4ef6b45abb3e51eb61d7a7,edition-target:lang:gun-AR,,,edition-target:lang:gun-AR,edition-target:lang:gun-AR
canonical:pop:5d18e76493b2bae5aacee1a7,v2_population,pop:5d18e76493b2bae5aacee1a7,edition-target:lang:gu-Gujr-IN,POPULATION_OR_CONTEXT,l1,persons_L1,55036204,55036204,55036204,Raw Census mother-tongue count,2011,,,IND_C16_2011,https://censusindia.gov.in/nada/index.php/catalog/10191,,non_additive; never sum with another measure or measure class without a proved disjoint-person crosswalk,,V2_CANONICAL_EVIDENCE,false,e24914073d9bbd121e2462b05e4eba981661108bcd68051aaffb7838096c3e25,edition-target:lang:gu-Gujr-IN,,,edition-target:lang:gu-Gujr-IN,edition-target:lang:gu-Gujr-IN
canonical:pop:5d92b5222c46900120e3dd7a,v2_population,pop:5d92b5222c46900120e3dd7a,edition-target:lang:tzh-MX,POPULATION_OR_CONTEXT,speaker_or_reported_ability,persons_age3plus_language_speakers,,589144,,People age 3+ reported Tseltal.,2020,,,SRC_AMAR_MEX_INEGI_2020,https://www.inegi.org.mx/contenidos/programas/ccpv/2020/doc/Censo2020_Principales_resultados_EUM.pdf,,non_additive; never sum with another measure or measure class without a proved disjoint-person crosswalk,,V2_CANONICAL_EVIDENCE,false,3e1d13266a898c86cacbf39ed68e54efebc948c43af9e0ae23c7011da462771e,edition-target:lang:tzh-MX,,,edition-target:lang:tzh-MX,edition-target:lang:tzh-MX
canonical:pop:5dc065acfd7a7f4aff4a610f,v2_population,pop:5dc065acfd7a7f4aff4a610f,edition-target:lang:ti-Ethi-ET,POPULATION_OR_CONTEXT,persons_basis_not_stated,people,,4324933,,2007 Ethiopia mother-tongue count,2007,,,SRC_ESS_CENSUS_2007,https://drs.ess.gov.et/bitstreams/61d74990-69a7-4f11-8e91-9234ca31d94f/download,,non_additive; never sum with another measure or measure class without a proved disjoint-person crosswalk,,V2_CANONICAL_EVIDENCE,false,d0be8121aa9c3608e14d9eb2ef9baa754c18add195a06ee3d60fccd7bf75fa87,edition-target:lang:ti-Ethi-ET,,,edition-target:lang:ti-Ethi-ET,edition-target:lang:ti-Ethi-ET
canonical:pop:5ec881cf43c86faa9d9f487b,v2_population,pop:5ec881cf43c86faa9d9f487b,edition-target:lang:kgp-BR,POPULATION_OR_CONTEXT,speaker_or_reported_ability,persons_age5plus_named_indigenous_language_speakers,,27482,,People age 5+ speaking Kaingang in the 2022 census language release.,2022,,,SRC_AMAR_BRA_IBGE_2022,https://agenciadenoticias.ibge.gov.br/en/agencia-press-room/2184-news-agency/news/44866-2022-census-brazil-has-391-indigenous-ethnicities-and-295-indigenous-languages.html,,non_additive; never sum with another measure or measure class without a proved disjoint-person crosswalk,,V2_CANONICAL_EVIDENCE,false,b1aabaa0a71cfa198998bce2696b27fbcb1585872d72e479a6aeb93d821c522c,edition-target:lang:kgp-BR,,,edition-target:lang:kgp-BR,edition-target:lang:kgp-BR
canonical:pop:5f028d359abc55820816b399,v2_population,pop:5f028d359abc55820816b399,edition-target:lang:niu-Latn-NU,POPULATION_OR_CONTEXT,percentage_only,percent_residents_spoken_proficiency,,69.7,,Residents reported proficient in spoken Niuean,2022,,,OIO_441142AEE043,https://niuestatistics.nu/download/35/census/2793/2022-niue-census-of-population-and-housing-report.pdf,,non_additive; never sum with another measure or measure class without a proved disjoint-person crosswalk,,V2_CANONICAL_EVIDENCE,false,2ca48d72b06d7c8fb32411909578b0375ca3c20606af25655f05f871f1879473,edition-target:lang:niu-Latn-NU,,,edition-target:lang:niu-Latn-NU,edition-target:lang:niu-Latn-NU
canonical:pop:5f953b7fd675c43bc50e85cf,v2_population,pop:5f953b7fd675c43bc50e85cf,edition-target:lang:ja-Jpan-JP,POPULATION_OR_CONTEXT,territorial_or_age_exposure_ceiling,persons,,2645837,,All university undergraduates; opportunity universe rather than measured need count,2025,,,JPN-S002,https://www.mext.go.jp/b_menu/toukei/chousa01/kihon/kekka/k_detail/2025.htm,,non_additive; never sum with another measure or measure class without a proved disjoint-person crosswalk,,V2_CANONICAL_EVIDENCE,false,8db745e39de29d9f569acfe04db05bb5f9c87eae796aad9e1e64c5c4ad25a6a6,edition-target:lang:ja-Jpan-JP,,,edition-target:lang:ja-Jpan-JP,edition-target:lang:ja-Jpan-JP
canonical:pop:5fe49fd527fe941f30a21b94,v2_population,pop:5fe49fd527fe941f30a21b94,edition-target:lang:moc-AR,POPULATION_OR_CONTEXT,percentage_only,percent_of_self_identified_people_speak_or_understand_own_language,,24.2,,Share of the self-identified Moqoit people who speak or understand the people's language; denominator count is not encoded here.,2022,,,SRC_AMAR_ARG_INDEC_2022,https://www.indec.gob.ar/ftp/cuadros/poblacion/censo2022_poblacion_indigena.pdf,,non_additive; never sum with another measure or measure class without a proved disjoint-person crosswalk,,V2_CANONICAL_EVIDENCE,false,fe3663bf3d75a44b5c8937d8ae9ef063bdc506c5a08b63598b3990f78b1fd60c,edition-target:lang:moc-AR,,,edition-target:lang:moc-AR,edition-target:lang:moc-AR
canonical:pop:5feb25dc931cbca480766caf,v2_population,pop:5feb25dc931cbca480766caf,edition-target:lang:ane-Latn-NC,POPULATION_OR_CONTEXT,speaker_or_reported_ability,persons_age15plus_speaking,5600,5600,5600,People aged 15+ reported speaking the named language,2019,,,OIO_9D74E354F4EB,https://www.isee.nc/component/phocadownload/category/269-recensement-de-la-population?download=2186%3Arp-2019-la-population-vivant-en-tribus,,non_additive; never sum with another measure or measure class without a proved disjoint-person crosswalk,,V2_CANONICAL_EVIDENCE,false,ca2e2679f5f98ea1a6e43ebedc035766403783846a0c31483e530d4857c1bd11,edition-target:lang:ane-Latn-NC,,,edition-target:lang:ane-Latn-NC,edition-target:lang:ane-Latn-NC
canonical:pop:607c7246ca92e1c71804bcec,v2_population,pop:607c7246ca92e1c71804bcec,edition-target:lang:mkz-Latn-TL,POPULATION_OR_CONTEXT,home_or_first_language,persons_L1,,123840,,2015 census L1 count reproduced in an open peer-reviewed study.,2015,,,TLS_CENSUS_LANGUAGE_STUDY,https://pmc.ncbi.nlm.nih.gov/articles/PMC9411783/,,non_additive; never sum with another measure or measure class without a proved disjoint-person crosswalk,,V2_CANONICAL_EVIDENCE,false,2d394ce079e9eb50ac6a4255ff709d44903da7d42070683b97b6fe3d2adf7a45,edition-target:lang:mkz-Latn-TL,,,edition-target:lang:mkz-Latn-TL,edition-target:lang:mkz-Latn-TL
canonical:pop:60dad2dc31f8b63629c2d3fb,v2_population,pop:60dad2dc31f8b63629c2d3fb,edition-target:lang:tvl-Latn-TV,POPULATION_OR_CONTEXT,percentage_only,percent_age5plus_literate,,97.1,,People aged 5+ reported literate in Tuvaluan,2022,,,OIO_0C068ED806B3,https://stats.gov.tv/download/85/population-and-housing-census/1836/tuvalu_2022_census_report,,non_additive; never sum with another measure or measure class without a proved disjoint-person crosswalk,,V2_CANONICAL_EVIDENCE,false,a025759ffdb6070db4709752256f409a0c171d4db0c20ef0ab9f435d5fed35ec,edition-target:lang:tvl-Latn-TV,,,edition-target:lang:tvl-Latn-TV,edition-target:lang:tvl-Latn-TV
canonical:pop:612fd63dbfcf42d2e3ab271a,v2_population,pop:612fd63dbfcf42d2e3ab271a,edition-target:lang:sw-Latn-001,POPULATION_OR_CONTEXT,macro_speaker_estimate_lower_bound,people,200000000,,,Institutional lower-bound estimate: more than 200m speakers.,2026,,,SRC_UNESCO_SWAHILI_2026,https://www.unesco.org/en/articles/kiswahili-bridge-cultural-diversity-dialogue-and-digital-innovation,,non_additive; never sum with another measure or measure class without a proved disjoint-person crosswalk,,V2_CANONICAL_EVIDENCE,false,1425c0739f8a3d4b255de5d8b416569d2901e62359411aa8a2b7601c18c44b1d,edition-target:lang:sw-Latn-001,,,edition-target:lang:sw-Latn-001,edition-target:lang:sw-Latn-001
canonical:pop:61854d3f48ebb05e46c5b292,v2_population,pop:61854d3f48ebb05e46c5b292,edition-target:lang:ms-Latn-BN,POPULATION_OR_CONTEXT,ethnicity_or_identity_proxy,persons_race_category_proxy,,297016,,"2021 Malay race-category count from a population of 440,715; category combines several groups and is not a speaker count.",2021,,,BRN_YEARBOOK_2021,https://deps.mofe.gov.bn/wp-content/uploads/2025/12/BDSYB-2021.pdf,,non_additive; never sum with another measure or measure class without a proved disjoint-person crosswalk,,V2_CANONICAL_EVIDENCE,false,947c9f438f73b89aa26fb112133d92afd205d8c4c68c705e81173240314b2421,edition-target:lang:ms-Latn-BN,,,edition-target:lang:ms-Latn-BN,edition-target:lang:ms-Latn-BN
canonical:pop:6275ddc5fb49a1ec70eec247,v2_population,pop:6275ddc5fb49a1ec70eec247,edition-target:lang:na-Latn-NR,POPULATION_OR_CONTEXT,speaker_or_reported_ability,persons_ages5_14_speaking,2880,2880,2880,"Sum of disjoint census age groups: 1,466 speakers ages 5–9 and 1,414 ages 10–14",2021,,,OIO_495458A1273D,https://stats.gov.nr/download/49/2021/359/nauru-2021-population-and-housing-census-analytical-report.pdf,,non_additive; never sum with another measure or measure class without a proved disjoint-person crosswalk,,V2_CANONICAL_EVIDENCE,false,564d610b9992842a57ac63d140b89bbfa8e36076749d28c9bde2cbc7b21bdbd6,edition-target:lang:na-Latn-NR,,,edition-target:lang:na-Latn-NR,edition-target:lang:na-Latn-NR
canonical:pop:634692347a0d69feca4158b9,v2_population,pop:634692347a0d69feca4158b9,edition-target:lang:mic-CA,POPULATION_OR_CONTEXT,speaker_or_reported_ability,persons_2021_language_knowledge,,9240,,People reporting knowledge of Mi’kmaq; mother-tongue count 6495. Counts randomly rounded.,2021,,,SRC_AMAR_CAN_ALGONQ_2021,https://www150.statcan.gc.ca/n1/pub/41-20-0002/412000022025002-eng.htm,,non_additive; never sum with another measure or measure class without a proved disjoint-person crosswalk,,V2_CANONICAL_EVIDENCE,false,7c6594bfa965eb61fc389613cf7f2f99207cb4d10277f339daca52f3ed8847ba,edition-target:lang:mic-CA,,,edition-target:lang:mic-CA,edition-target:lang:mic-CA
canonical:pop:63bde9c6eab7e933216dba6d,v2_population,pop:63bde9c6eab7e933216dba6d,edition-target:lang:pap-AW,POPULATION_OR_CONTEXT,persons_basis_not_stated,persons_total_population_proxy,,101484,,Total 2010 population; Papiamento was most often spoken in 68% of households; no speaker count derived.,2010,,,SRC_AMAR_ABW_CENSUS_2010,https://cbs.aw/wp/wp-content/uploads/2015/10/Social_Atlas_Aruba_2010.pdf,,non_additive; never sum with another measure or measure class without a proved disjoint-person crosswalk,,V2_CANONICAL_EVIDENCE,false,c369f7d05d22a74fcb9b3bc343e607d9b5f15e0b4c204de244bdcbd48d96e37e,edition-target:lang:pap-AW,,,edition-target:lang:pap-AW,edition-target:lang:pap-AW
canonical:pop:63c7ddb5313a6147a9f454ef,v2_population,pop:63c7ddb5313a6147a9f454ef,edition-target:lang:ja-Jpan-JP,POPULATION_OR_CONTEXT,enrolment,persons,,294198,,"Learners reported by 2,669 responding MEXT-known Japanese-language education institutions",2024,,,JPN-S008,https://www.mext.go.jp/b_menu/toukei/chousa01/nihongokyoiku_jittai/kekka/mext_03374.html,,non_additive; never sum with another measure or measure class without a proved disjoint-person crosswalk,,V2_CANONICAL_EVIDENCE,false,ae3aadf2b64c7dea1a431024e530e0d0e5a437eb34532481f498463e14db7d68,edition-target:lang:ja-Jpan-JP,,,edition-target:lang:ja-Jpan-JP,edition-target:lang:ja-Jpan-JP
canonical:pop:64a326212eec15c63f3332c7,v2_population,pop:64a326212eec15c63f3332c7,edition-target:lang:zh-Hans-CX,POPULATION_OR_CONTEXT,home_or_first_language,persons_home_language,235,235,235,People reporting Mandarin at home,2021,,,OIO_6D23AF4D0F5F,https://www.abs.gov.au/census/find-census-data/quickstats/2021/SAL90001,,non_additive; never sum with another measure or measure class without a proved disjoint-person crosswalk,,V2_CANONICAL_EVIDENCE,false,4ab76d23ecc515a6705c37cb68282ccd4bf91dead8b1244cb6fd2eb2c5523edb,edition-target:lang:zh-Hans-CX,,,edition-target:lang:zh-Hans-CX,edition-target:lang:zh-Hans-CX
canonical:pop:64df0e1a866a4363b2c14c88,v2_population,pop:64df0e1a866a4363b2c14c88,edition-target:lang:unresolved-tag:galoli:timor-leste-galoli-l1-communities,POPULATION_OR_CONTEXT,home_or_first_language,persons_L1,,16266,,2015 census L1 count reproduced in an open peer-reviewed study.,2015,,,TLS_CENSUS_LANGUAGE_STUDY,https://pmc.ncbi.nlm.nih.gov/articles/PMC9411783/,,non_additive; never sum with another measure or measure class without a proved disjoint-person crosswalk,,V2_CANONICAL_EVIDENCE,false,24050a49b0310e781d09a9892fcbfc51e40583f4f4271243b777e075f290ac77,edition-target:lang:unresolved-tag:galoli:timor-leste-galoli-l1-communities,,,edition-target:lang:unresolved-tag:galoli:timor-leste-galoli-l1-communities,edition-target:lang:unresolved-tag:galoli:timor-leste-galoli-l1-communities
canonical:pop:65440f6d5ae67ed8635141ba,v2_population,pop:65440f6d5ae67ed8635141ba,edition-target:lang:qu-Latn-PE,POPULATION_OR_CONTEXT,macro_l1,people,3735682,3735682,3735682,Direct census umbrella mother-tongue count.,2017,,,SRC_PERU_CENSUS_2017,https://www.inei.gob.pe/media/MenuRecursivo/publicaciones_digitales/Est/Lib1803/libro.pdf,,non_additive; never sum with another measure or measure class without a proved disjoint-person crosswalk,,V2_CANONICAL_EVIDENCE,false,8ec4dbc9487334a421492c654ee657471930a475b32b38c1e8d24a61cd83cd0e,edition-target:lang:qu-Latn-PE,,,edition-target:lang:qu-Latn-PE,edition-target:lang:qu-Latn-PE
canonical:pop:65d626538f3dfe7c6fa3f4d2,v2_population,pop:65d626538f3dfe7c6fa3f4d2,edition-target:lang:unresolved-tag:wichi:argentina-people-self-identifying-as,POPULATION_OR_CONTEXT,percentage_only,percent_of_self_identified_people_speak_or_understand_own_language,,73.4,,Share of the self-identified Wichí people who speak or understand the people's language; denominator count is not encoded here.,2022,,,SRC_AMAR_ARG_INDEC_2022,https://www.indec.gob.ar/ftp/cuadros/poblacion/censo2022_poblacion_indigena.pdf,,non_additive; never sum with another measure or measure class without a proved disjoint-person crosswalk,,V2_CANONICAL_EVIDENCE,false,7b6829b5a668fc92841c5f480f04cb997043c9b857e766f6ea7db81ec2daacd1,edition-target:lang:unresolved-tag:wichi:argentina-people-self-identifying-as,,,edition-target:lang:unresolved-tag:wichi:argentina-people-self-identifying-as,edition-target:lang:unresolved-tag:wichi:argentina-people-self-identifying-as
canonical:pop:6675ca49ad1364558f62562f,v2_population,pop:6675ca49ad1364558f62562f,edition-target:lang:quc-GT,POPULATION_OR_CONTEXT,home_or_first_language,persons_age4plus_mother_tongue,,1054818,,People age 4+ reporting K’iche’ as mother tongue.,2018,,,SRC_AMAR_GTM_INE_2018,https://censo2018.ine.gob.gt/archivos/resultados_censo2018.pdf,,non_additive; never sum with another measure or measure class without a proved disjoint-person crosswalk,,V2_CANONICAL_EVIDENCE,false,aff9b7d26cbc1d3d6ffd986eaaa074d568e3879a2069462fde44b3b9d87ae97e,edition-target:lang:quc-GT,,,edition-target:lang:quc-GT,edition-target:lang:quc-GT
canonical:pop:67404d2abc972f5d86dad902,v2_population,pop:67404d2abc972f5d86dad902,edition-target:lang:ht-Latn-HT,POPULATION_OR_CONTEXT,l1_proxy,people,11500000,11667880,11800000,Derived screening estimate: 98% primary-language share applied to 2025 Haiti population.,2025,,,SRC_HAITI_IBE,https://www.ibe.unesco.org/en/articles/towards-inclusive-education-and-learning-success-embracing-creole-haitian-schools,,non_additive; never sum with another measure or measure class without a proved disjoint-person crosswalk,,V2_CANONICAL_EVIDENCE,false,88cc93c05b2ee8a1eaf35c74180f6ec80770808929e6caa4916c74f6a1645442,edition-target:lang:ht-Latn-HT,,,edition-target:lang:ht-Latn-HT,edition-target:lang:ht-Latn-HT
canonical:pop:676eb50e5ae61c38d3579c6a,v2_population,pop:676eb50e5ae61c38d3579c6a,edition-target:lang:rop-Latn-AU,POPULATION_OR_CONTEXT,home_or_first_language,persons_home_language,7403,7403,7403,Australia-wide people reporting Kriol at home,2021,,,OIO_53E72381DA9F,https://www.abs.gov.au/statistics/people/aboriginal-and-torres-strait-islander-peoples/language-statistics-aboriginal-and-torres-strait-islander-peoples/latest-release,,non_additive; never sum with another measure or measure class without a proved disjoint-person crosswalk,,V2_CANONICAL_EVIDENCE,false,38d2c649f566501b81d09c716c9848b0b0b54ce11f7c42476a8d558005bd5717,edition-target:lang:rop-Latn-AU,,,edition-target:lang:rop-Latn-AU,edition-target:lang:rop-Latn-AU
canonical:pop:6856048a68c7c861e30df37f,v2_population,pop:6856048a68c7c861e30df37f,edition-target:lang:rom-Latn-150,POPULATION_OR_CONTEXT,macro_community_estimate,people,10000000,11000000,12000000,Roma/Romani language-community screen; local proficiency and dialect require direct measurement.,2023,,,SRC_COE_ROMANI,https://www.coe.int/en/web/roma-and-travellers/-/secretary-general-calls-on-member-states-to-recognise-protect-and-promote-romani-language,,non_additive; never sum with another measure or measure class without a proved disjoint-person crosswalk,,V2_CANONICAL_EVIDENCE,false,1f56431455eadbf58c806b1100503ac13d1cdc6d0f4ebbd02b40e7d713361a21,edition-target:lang:rom-Latn-150,,,edition-target:lang:rom-Latn-150,edition-target:lang:rom-Latn-150
canonical:pop:68b8a9378c9d4fa802baa927,v2_population,pop:68b8a9378c9d4fa802baa927,edition-target:lang:prq-PE,POPULATION_OR_CONTEXT,home_or_first_language,persons_mother_tongue_aggregate_shared,,73567,,Shared Ashaninka count; no separate prq count in the source.,2017,,,SRC_AMAR_PER_BDPI_ASHANINKA,https://bdpi.cultura.gob.pe/lenguas/ashaninka,,non_additive; never sum with another measure or measure class without a proved disjoint-person crosswalk,,V2_CANONICAL_EVIDENCE,false,51aef3c57c6a1852714e688074e02f980bfd4b028f17aa82ca443f66f40b0983,edition-target:lang:prq-PE,,,edition-target:lang:prq-PE,edition-target:lang:prq-PE
canonical:pop:68c95f250799504f13650768,v2_population,pop:68c95f250799504f13650768,edition-target:lang:ja-Jpan-JP,POPULATION_OR_CONTEXT,enrolment,persons,,140174,,Residence-status Student holders enrolled in Japanese-language institutions,2025,,,JPN-S007,https://www.studyinjapan.go.jp/ja/statistics/enrollment/data/2605291000.html,,non_additive; never sum with another measure or measure class without a proved disjoint-person crosswalk,,V2_CANONICAL_EVIDENCE,false,355d615755fe1991ba34dd327954a6155a9e91dea0b474b83c9caf6d85d4e8d3,edition-target:lang:ja-Jpan-JP,,,edition-target:lang:ja-Jpan-JP,edition-target:lang:ja-Jpan-JP
canonical:pop:690404cf96ccb815a67471e7,v2_population,pop:690404cf96ccb815a67471e7,edition-target:lang:unresolved-tag:guarani-nandeva:paraguay-guarani-nandeva-people,POPULATION_OR_CONTEXT,ethnicity_or_identity_proxy,persons_indigenous_identity_proxy,,3266,,People identifying with the Guaraní Ñandéva people; not a speaker count.,2022,,,SRC_AMAR_PRY_INDIG_2022,https://www.ine.gov.py/Publicaciones/Biblioteca/documento/237/Resultados-Finales-Censo-Indigena.pdf,,non_additive; never sum with another measure or measure class without a proved disjoint-person crosswalk,,V2_CANONICAL_EVIDENCE,false,6cee6cb41a43dff1794b5ac24b5f969ec1ec4287a50084f33663dfda17bea8d9,edition-target:lang:unresolved-tag:guarani-nandeva:paraguay-guarani-nandeva-people,,,edition-target:lang:unresolved-tag:guarani-nandeva:paraguay-guarani-nandeva-people,edition-target:lang:unresolved-tag:guarani-nandeva:paraguay-guarani-nandeva-people
canonical:pop:6a8813be5e963ebc6fdf8815,v2_population,pop:6a8813be5e963ebc6fdf8815,edition-target:lang:tkd-Latn-TL,POPULATION_OR_CONTEXT,home_or_first_language,persons_L1,,46784,,2015 census L1 count reproduced in an open peer-reviewed study.,2015,,,TLS_CENSUS_LANGUAGE_STUDY,https://pmc.ncbi.nlm.nih.gov/articles/PMC9411783/,,non_additive; never sum with another measure or measure class without a proved disjoint-person crosswalk,,V2_CANONICAL_EVIDENCE,false,1c801a04822e8b686253ab5025c2343a6d6326cf08db5ba2a6873c7555ca6a3d,edition-target:lang:tkd-Latn-TL,,,edition-target:lang:tkd-Latn-TL,edition-target:lang:tkd-Latn-TL
canonical:pop:6b66635ca3d0f392431e86ff,v2_population,pop:6b66635ca3d0f392431e86ff,edition-target:lang:enl-PY,POPULATION_OR_CONTEXT,ethnicity_or_identity_proxy,persons_indigenous_identity_proxy,,9874,,People identifying with the Enlhet Norte people; not a speaker count.,2022,,,SRC_AMAR_PRY_INDIG_2022,https://www.ine.gov.py/Publicaciones/Biblioteca/documento/237/Resultados-Finales-Censo-Indigena.pdf,,non_additive; never sum with another measure or measure class without a proved disjoint-person crosswalk,,V2_CANONICAL_EVIDENCE,false,99271221966b34a56faa76f3ad320cee771cca307e8dba59839c001bca8b90f7,edition-target:lang:enl-PY,,,edition-target:lang:enl-PY,edition-target:lang:enl-PY
canonical:pop:6bb68e65287885e9e6adb078,v2_population,pop:6bb68e65287885e9e6adb078,edition-target:lang:chk-Latn-FM,POPULATION_OR_CONTEXT,home_or_first_language,persons_age5plus_home_language,27677,27677,27677,People aged 5+ reporting the named home language,2023,,,OIO_EA133B14931A,https://www.pacificweb.org/library/preview.php?file=fsm/states/2023FSMMunicipality.xlsx,,non_additive; never sum with another measure or measure class without a proved disjoint-person crosswalk,,V2_CANONICAL_EVIDENCE,false,3353933ed913cf5ac72c10b47f7076a3cb0c85b2374020cc5a6ea1bd34198b6b,edition-target:lang:chk-Latn-FM,,,edition-target:lang:chk-Latn-FM,edition-target:lang:chk-Latn-FM
canonical:pop:6c4b63050e598299d1fd63dc,v2_population,pop:6c4b63050e598299d1fd63dc,edition-target:lang:sap-PY,POPULATION_OR_CONTEXT,ethnicity_or_identity_proxy,persons_indigenous_identity_proxy,,3523,,People identifying with the Sanapaná people; not a speaker count.,2022,,,SRC_AMAR_PRY_INDIG_2022,https://www.ine.gov.py/Publicaciones/Biblioteca/documento/237/Resultados-Finales-Censo-Indigena.pdf,,non_additive; never sum with another measure or measure class without a proved disjoint-person crosswalk,,V2_CANONICAL_EVIDENCE,false,5e362d0a23df6e5131fd2643418e07abfd806a9bee45243a80e892df84234394,edition-target:lang:sap-PY,,,edition-target:lang:sap-PY,edition-target:lang:sap-PY
canonical:pop:6c74f03410c71c2ae9888b61,v2_population,pop:6c74f03410c71c2ae9888b61,edition-target:macro:AMAR_MEX_MAZATEC_LOCALITY_REQUIRED,POPULATION_OR_CONTEXT,speaker_or_reported_ability,persons_age3plus_language_speakers_aggregate,,237212,,People age 3+ reported under the census aggregate Mazatec; not assignable to a local tonal variety.,2020,,,SRC_AMAR_MEX_INEGI_2020,https://www.inegi.org.mx/contenidos/programas/ccpv/2020/doc/Censo2020_Principales_resultados_EUM.pdf,,non_additive; never sum with another measure or measure class without a proved disjoint-person crosswalk,,V2_CANONICAL_EVIDENCE,false,5a7dc63ed1dc0a02b096ba0ac60aa28e1113a5c5178ae34f68b8463d47873956,edition-target:macro:AMAR_MEX_MAZATEC_LOCALITY_REQUIRED,,,edition-target:macro:AMAR_MEX_MAZATEC_LOCALITY_REQUIRED,edition-target:macro:AMAR_MEX_MAZATEC_LOCALITY_REQUIRED
canonical:pop:6c8dd118da12dfee079c8fff,v2_population,pop:6c8dd118da12dfee079c8fff,edition-target:lang:cod-PE,POPULATION_OR_CONTEXT,speaker_or_reported_ability,persons_named_language_speakers,,1185,,Mother-tongue speakers; serious endangerment.,2017,,,SRC_AMAR_PER_BDPI_KUKAMA,https://bdpi.cultura.gob.pe/lenguas/kukama-kukamiria,,non_additive; never sum with another measure or measure class without a proved disjoint-person crosswalk,,V2_CANONICAL_EVIDENCE,false,b5c00e1866099ebc3484d4c563d15bc44374df250510aa2da4fa99df58550b01,edition-target:lang:cod-PE,,,edition-target:lang:cod-PE,edition-target:lang:cod-PE
canonical:pop:6ca2f835abe6c18b9897f4b1,v2_population,pop:6ca2f835abe6c18b9897f4b1,edition-target:lang:poc-GT,POPULATION_OR_CONTEXT,home_or_first_language,persons_age4plus_mother_tongue,,10787,,People age 4+ reporting Poqomam as mother tongue.,2018,,,SRC_AMAR_GTM_INE_2018,https://censo2018.ine.gob.gt/archivos/resultados_censo2018.pdf,,non_additive; never sum with another measure or measure class without a proved disjoint-person crosswalk,,V2_CANONICAL_EVIDENCE,false,bf731323d8c1d1fe17c28b60845de7e859662a26e5ce79d482c4c11e7684245e,edition-target:lang:poc-GT,,,edition-target:lang:poc-GT,edition-target:lang:poc-GT
canonical:pop:6d1fcf540c56bdb5901784b8,v2_population,pop:6d1fcf540c56bdb5901784b8,edition-target:lang:tcs-Latn-AU,POPULATION_OR_CONTEXT,home_or_first_language,persons_home_language,2922,2922,2922,People reporting Yumplatok at home in the Torres Strait Islands statistical area,2021,,,OIO_F0734199AAAD,https://www.abs.gov.au/census/find-census-data/quickstats/2021/315011402,,non_additive; never sum with another measure or measure class without a proved disjoint-person crosswalk,,V2_CANONICAL_EVIDENCE,false,9dbabf24540c2a260e98207c5c37d2421aa3a30448553e9c1e86c60f3fbfed7b,edition-target:lang:tcs-Latn-AU,,,edition-target:lang:tcs-Latn-AU,edition-target:lang:tcs-Latn-AU
canonical:pop:6d450b53f8ac016988b885fe,v2_population,pop:6d450b53f8ac016988b885fe,edition-target:lang:zh-Hans-CN:written,POPULATION_OR_CONTEXT,enrolment,persons,,32255200,,Children enrolled in preschool in 2025,2025,,,SRC_MOE_EDU_2025,https://www.moe.gov.cn/jyb_sjzl/sjzl_fztjgb/202607/t20260706_1442870.html,,non_additive; never sum with another measure or measure class without a proved disjoint-person crosswalk,,V2_CANONICAL_EVIDENCE,false,893ab73ac8a8a923d9a134d323ed8ec85f204abd7c85647dde18c62e887cbec2,edition-target:lang:zh-Hans-CN:written,,,edition-target:lang:zh-Hans-CN:written,edition-target:lang:zh-Hans-CN:written
canonical:pop:6da76c51604b91f1834156bd,v2_population,pop:6da76c51604b91f1834156bd,edition-target:lang:kjg-Latn-LA,POPULATION_OR_CONTEXT,ethnicity_or_identity_proxy,persons_ethnicity_proxy,,714000,,Rounded 11.0% ethnic-Khmu proxy from the 2015 census; not a direct speaker count.,2015,,,LAO_CENSUS_2015,https://lao.unfpa.org/en/publications/results-population-and-housing-census-2015-english-version,,non_additive; never sum with another measure or measure class without a proved disjoint-person crosswalk,,V2_CANONICAL_EVIDENCE,false,56103d8d4a61542b5c90dfe735496d2e4e7d31d4d0644d9ba178907b06f2b106,edition-target:lang:kjg-Latn-LA,,,edition-target:lang:kjg-Latn-LA,edition-target:lang:kjg-Latn-LA
canonical:pop:6e05b3aa9849035e1a61b5c3,v2_population,pop:6e05b3aa9849035e1a61b5c3,edition-target:lang:ja-Jpan-JP,POPULATION_OR_CONTEXT,enrolment,persons,,9153,,"Foreign compulsory-age children possibly not enrolled: 911 confirmed not enrolled plus 8,013 status unascertainable plus 229 register/report difference",2025,,,JPN-S004,https://www.mext.go.jp/content/20260525-mxt_kyokoku-000049808_02.pdf,,non_additive; never sum with another measure or measure class without a proved disjoint-person crosswalk,,V2_CANONICAL_EVIDENCE,false,b9759658f7394b98980a4fc957afd79581656d21a3f7277a6b3451756477f790,edition-target:lang:ja-Jpan-JP,,,edition-target:lang:ja-Jpan-JP,edition-target:lang:ja-Jpan-JP
canonical:pop:6e5b557d1a518ccf04e6a05b,v2_population,pop:6e5b557d1a518ccf04e6a05b,edition-target:lang:unresolved-tag:ka-apor-sign-language:brazil-ka-apor-community,POPULATION_OR_CONTEXT,named_sign_language_users_approximate,persons_deaf_kaapor_signers_approximate,,18,,"Approximately 18 deaf Ka’apor signers; kept separate from the 2,000–2,300 community-population range.",,,,SRC_AMAR_BRA_KAAPOR_SIGN,https://periodicos.sbu.unicamp.br/ojs/index.php/liames/article/view/8667939,,non_additive; never sum with another measure or measure class without a proved disjoint-person crosswalk,,V2_CANONICAL_EVIDENCE,false,d5d8b01829e3f0c4e5ee7899ec98a7688cc79a2de427a4f2156baae5f8fe517c,edition-target:lang:unresolved-tag:ka-apor-sign-language:brazil-ka-apor-community,,,edition-target:lang:unresolved-tag:ka-apor-sign-language:brazil-ka-apor-community,edition-target:lang:unresolved-tag:ka-apor-sign-language:brazil-ka-apor-community
canonical:pop:6ee9fba24ce0a4217136538a,v2_population,pop:6ee9fba24ce0a4217136538a,edition-target:lang:wls-Latn-WF,POPULATION_OR_CONTEXT,territorial_exposure_ceiling,persons_island_population_ceiling,8088,8088,8088,Wallis resident population; not a Wallisian-speaker count,2023,,,OIO_AEAB1D32F6F8,https://www.insee.fr/fr/statistiques/8272934,,non_additive; never sum with another measure or measure class without a proved disjoint-person crosswalk,,V2_CANONICAL_EVIDENCE,false,f7fd5a23d42f6cff1530b52b516bde33096711bb3c7578978dca7325c44165d4,edition-target:lang:wls-Latn-WF,,,edition-target:lang:wls-Latn-WF,edition-target:lang:wls-Latn-WF
canonical:pop:6f36389cba5cbef67b902ed5,v2_population,pop:6f36389cba5cbef67b902ed5,edition-target:lang:iks-CA,POPULATION_OR_CONTEXT,speaker_or_reported_ability,persons_sign_language_users_stale_estimate,,47,,Stale 2000 estimate among Nunavut deaf residents; not current.,2000,,,SRC_AMAR_CAN_IUR,https://www.gov.nu.ca/sites/default/files/publications/2024-09/2019-2020_-_Minister_of_Languages_Annual_Report.pdf,,non_additive; never sum with another measure or measure class without a proved disjoint-person crosswalk,,V2_CANONICAL_EVIDENCE,false,b3b9bc7cf4972f8d119bb0f0c10ef837e5e267cf8579eac407eb54ccff25d6cb,edition-target:lang:iks-CA,,,edition-target:lang:iks-CA,edition-target:lang:iks-CA
canonical:pop:6f451dcfe4e6e9cdbf5b0054,v2_population,pop:6f451dcfe4e6e9cdbf5b0054,edition-target:macro:AMAR_MEX_MIXTEC_LOCALITY_REQUIRED,POPULATION_OR_CONTEXT,speaker_or_reported_ability,persons_age3plus_language_speakers_aggregate,,526593,,People age 3+ reported under the census aggregate Mixtec; not assignable to a local variety.,2020,,,SRC_AMAR_MEX_INEGI_2020,https://www.inegi.org.mx/contenidos/programas/ccpv/2020/doc/Censo2020_Principales_resultados_EUM.pdf,,non_additive; never sum with another measure or measure class without a proved disjoint-person crosswalk,,V2_CANONICAL_EVIDENCE,false,eb3e0d6395c7d39819ff5cb223bec92faf61bb46bfc0460dfcc4247964f8b9b6,edition-target:macro:AMAR_MEX_MIXTEC_LOCALITY_REQUIRED,,,edition-target:macro:AMAR_MEX_MIXTEC_LOCALITY_REQUIRED,edition-target:macro:AMAR_MEX_MIXTEC_LOCALITY_REQUIRED
canonical:pop:71024bd452756cac8abda116,v2_population,pop:71024bd452756cac8abda116,edition-target:lang:dhv-Latn-NC,POPULATION_OR_CONTEXT,speaker_or_reported_ability,persons_age15plus_speaking,15900,15900,15900,People aged 15+ reported speaking the named language,2019,,,OIO_9D74E354F4EB,https://www.isee.nc/component/phocadownload/category/269-recensement-de-la-population?download=2186%3Arp-2019-la-population-vivant-en-tribus,,non_additive; never sum with another measure or measure class without a proved disjoint-person crosswalk,,V2_CANONICAL_EVIDENCE,false,447fd942778e243b12285b858eb035ca8902afdf87450d432feb18ff62a6741c,edition-target:lang:dhv-Latn-NC,,,edition-target:lang:dhv-Latn-NC,edition-target:lang:dhv-Latn-NC
canonical:pop:718c3cb44e2abc255092f749,v2_population,pop:718c3cb44e2abc255092f749,edition-target:lang:ayr-PE,POPULATION_OR_CONTEXT,home_or_first_language,persons_age5plus_mother_tongue,,444389,,People age 5+ reporting Aymara as mother tongue.,2017,,,SRC_AMAR_PER_INEI_2017,https://www.inei.gob.pe/media/MenuRecursivo/publicaciones_digitales/Est/Lib1539/libro.pdf,,non_additive; never sum with another measure or measure class without a proved disjoint-person crosswalk,,V2_CANONICAL_EVIDENCE,false,c09b22bdce345de491126f09b6b272e093ba97e4b4d5ee70af6b32dcc0582256,edition-target:lang:ayr-PE,,,edition-target:lang:ayr-PE,edition-target:lang:ayr-PE
canonical:pop:72124029940f05b9672cd1cc,v2_population,pop:72124029940f05b9672cd1cc,edition-target:lang:ja-Jpan-JP,POPULATION_OR_CONTEXT,enrolment,persons,,277132,,"All graduate students: 174,961 masters 79,560 doctoral and 22,611 professional-degree",2025,,,JPN-S002,https://www.mext.go.jp/b_menu/toukei/chousa01/kihon/kekka/k_detail/2025.htm,,non_additive; never sum with another measure or measure class without a proved disjoint-person crosswalk,,V2_CANONICAL_EVIDENCE,false,d9a0970da989baacbebfb43e56adebf6efaa99396b7d81d6f3dbe7239e24fa13,edition-target:lang:ja-Jpan-JP,,,edition-target:lang:ja-Jpan-JP,edition-target:lang:ja-Jpan-JP
canonical:pop:72cd2e5e95e96b7ce1bbe3f4,v2_population,pop:72cd2e5e95e96b7ce1bbe3f4,edition-target:lang:apc-Arab-SY,POPULATION_OR_CONTEXT,status_cohort,people,4900000,4900000,4900000,"Refugees from Syria at end-2025; status cohort, not direct language count.",2025,,,SRC_UNHCR_GLOBAL_2025,https://www.unhcr.org/global-trends,,non_additive; never sum with another measure or measure class without a proved disjoint-person crosswalk,,V2_CANONICAL_EVIDENCE,false,24ddda72915c2bfa76e197a94e4b79b8bb78d31505d54fef289cd31c656f0048,edition-target:lang:apc-Arab-SY,,,edition-target:lang:apc-Arab-SY,edition-target:lang:apc-Arab-SY
canonical:pop:738f89ca064484dc7f7dce70,v2_population,pop:738f89ca064484dc7f7dce70,edition-target:lang:ur-Arab-IN,POPULATION_OR_CONTEXT,l1,persons_L1,50725762,50725762,50725762,Raw Census mother-tongue count,2011,,,IND_C16_2011,https://censusindia.gov.in/nada/index.php/catalog/10191,,non_additive; never sum with another measure or measure class without a proved disjoint-person crosswalk,,V2_CANONICAL_EVIDENCE,false,25dee6441f22b474cca6f51dc4ac9416cb5bf1880ca4b5ffe14d7c685b359533,edition-target:lang:ur-Arab-IN,,,edition-target:lang:ur-Arab-IN,edition-target:lang:ur-Arab-IN
canonical:pop:74895a35a692128b18139fec,v2_population,pop:74895a35a692128b18139fec,edition-target:lang:yua-MX,POPULATION_OR_CONTEXT,speaker_or_reported_ability,persons_age3plus_language_speakers,,774755,,"People age 3+ reported Maya in the Mexico census; retained as Maayat’aan/Yucatec, not pan-Maya.",2020,,,SRC_AMAR_MEX_INEGI_2020,https://www.inegi.org.mx/contenidos/programas/ccpv/2020/doc/Censo2020_Principales_resultados_EUM.pdf,,non_additive; never sum with another measure or measure class without a proved disjoint-person crosswalk,,V2_CANONICAL_EVIDENCE,false,3dfcb2808eea93f700ca290be34c10b700e5e2ce8aace8b60c99129db4631149,edition-target:lang:yua-MX,,,edition-target:lang:yua-MX,edition-target:lang:yua-MX
canonical:pop:74d87a3c3c52f75acf4ca24e,v2_population,pop:74d87a3c3c52f75acf4ca24e,edition-target:lang:ess-US,POPULATION_OR_CONTEXT,speaker_or_reported_ability,persons_language_speaker_approximate,,1000,,Approximate public estimate attributed to Alaska Native Language Center data; not an ACS exact count.,,,,SRC_AMAR_US_ALASKA_EST,https://www.elections.ca/content.aspx?dir=comp%2Fmar2922&document=p8&lang=e&section=abo,,non_additive; never sum with another measure or measure class without a proved disjoint-person crosswalk,,V2_CANONICAL_EVIDENCE,false,ec2326f17e7f4d74070745e638bfb1e998650ed60e8c937079fb49aee1e033fb,edition-target:lang:ess-US,,,edition-target:lang:ess-US,edition-target:lang:ess-US
canonical:pop:74e206acae57a0362a5a68db,v2_population,pop:74e206acae57a0362a5a68db,edition-target:lang:noa-CO,POPULATION_OR_CONTEXT,speaker_or_reported_ability,persons_named_language_speaker_estimate,,13445,,Named-language speaker estimate in the national decennial language plan.,,,,SRC_AMAR_COL_LANG_PLAN,https://dokumen.pub/plan-decenal-de-lenguas-nativas-de-colombia-9789587534948.html,,non_additive; never sum with another measure or measure class without a proved disjoint-person crosswalk,,V2_CANONICAL_EVIDENCE,false,3eb475836d058c4855bf8b046b525ab541015e2eed5b54da6703dbda440186c9,edition-target:lang:noa-CO,,,edition-target:lang:noa-CO,edition-target:lang:noa-CO
canonical:pop:74e4bf043ec5ed6103fe5b6b,v2_population,pop:74e4bf043ec5ed6103fe5b6b,edition-target:lang:tca-BR,POPULATION_OR_CONTEXT,speaker_or_reported_ability,persons_age5plus_named_indigenous_language_speakers,,51978,,People age 5+ speaking Tikúna in the 2022 census language release.,2022,,,SRC_AMAR_BRA_IBGE_2022,https://agenciadenoticias.ibge.gov.br/en/agencia-press-room/2184-news-agency/news/44866-2022-census-brazil-has-391-indigenous-ethnicities-and-295-indigenous-languages.html,,non_additive; never sum with another measure or measure class without a proved disjoint-person crosswalk,,V2_CANONICAL_EVIDENCE,false,2e10997925d14ab290a65f09878434f338fe555c1cac83bdb8f85b251329dc33,edition-target:lang:tca-BR,,,edition-target:lang:tca-BR,edition-target:lang:tca-BR
canonical:pop:74fe3ccf03d19b829e44191b,v2_population,pop:74fe3ccf03d19b829e44191b,edition-target:lang:es-Latn-001,POPULATION_OR_CONTEXT,macro_speaker_estimate,people,520000000,520000000,520000000,Institutional estimate of native Spanish speakers; potential-user estimate exceeds 630m and is recorded only in notes.,2025,,,SRC_CERVANTES_2025,https://cvc.cervantes.es/lengua/anuario/anuario_25/elm/p01.htm,,non_additive; never sum with another measure or measure class without a proved disjoint-person crosswalk,,V2_CANONICAL_EVIDENCE,false,7604fe114577366c27b0054b7d1fad738b39097046c1a84317b3cf9650f31f6e,edition-target:lang:es-Latn-001,,,edition-target:lang:es-Latn-001,edition-target:lang:es-Latn-001
canonical:pop:750ff1a1ce930cd090bdce4e,v2_population,pop:750ff1a1ce930cd090bdce4e,edition-target:lang:ojs-CA,POPULATION_OR_CONTEXT,speaker_or_reported_ability,persons_2021_language_knowledge,,15305,,People reporting knowledge of Oji-Cree / Anishininiimowin; mother-tongue count 11930. Counts randomly rounded.,2021,,,SRC_AMAR_CAN_ALGONQ_2021,https://www150.statcan.gc.ca/n1/pub/41-20-0002/412000022025002-eng.htm,,non_additive; never sum with another measure or measure class without a proved disjoint-person crosswalk,,V2_CANONICAL_EVIDENCE,false,7b3061a614d855b428de8ad97b521e0638416849e110a4344654b02cc0686054,edition-target:lang:ojs-CA,,,edition-target:lang:ojs-CA,edition-target:lang:ojs-CA
canonical:pop:756b9d474e64bdcbf1f1eee0,v2_population,pop:756b9d474e64bdcbf1f1eee0,edition-target:lang:crj-CA,POPULATION_OR_CONTEXT,speaker_or_reported_ability,persons_2021_language_knowledge,,895,,People reporting knowledge of Inu Ayimun / Southern East Cree; mother-tongue count 700. Counts randomly rounded.,2021,,,SRC_AMAR_CAN_ALGONQ_2021,https://www150.statcan.gc.ca/n1/pub/41-20-0002/412000022025002-eng.htm,,non_additive; never sum with another measure or measure class without a proved disjoint-person crosswalk,,V2_CANONICAL_EVIDENCE,false,fe6f17aa14092c5fe9072aee453a858ff0899554aa10e360def25bc308451790,edition-target:lang:crj-CA,,,edition-target:lang:crj-CA,edition-target:lang:crj-CA
canonical:pop:7719f7ddfb91816b3c902d90,v2_population,pop:7719f7ddfb91816b3c902d90,edition-target:lang:coa-Latn-CC,POPULATION_OR_CONTEXT,home_or_first_language,persons_home_language_malay_category,363,363,363,People reporting the census Malay home-language category; category may include Malay varieties and is not explicitly Cocos-Malay-only,2021,,,OIO_0CC9AE5B448F,https://www.abs.gov.au/census/find-census-data/quickstats/2021/90102,,non_additive; never sum with another measure or measure class without a proved disjoint-person crosswalk,,V2_CANONICAL_EVIDENCE,false,d2056c45678f0c50a5603b1a322410437d29e1bce7bb43603b4d9ab561879c0d,edition-target:lang:coa-Latn-CC,,,edition-target:lang:coa-Latn-CC,edition-target:lang:coa-Latn-CC
canonical:pop:772a28555c45f896d1403526,v2_population,pop:772a28555c45f896d1403526,edition-target:lang:pag-Latn-PH,POPULATION_OR_CONTEXT,ethnicity_or_identity_proxy,persons_ethnicity_proxy,,2010000,,"Rounded 2020 ethnicity proxy; 334,759 home-language households were separately reported.",2020,,,PH_PSA_ETHNICITY_2020,https://psa.gov.ph/content/ethnicity-philippines-2020-census-population-and-housing,,non_additive; never sum with another measure or measure class without a proved disjoint-person crosswalk,,V2_CANONICAL_EVIDENCE,false,c915ed5fd01ce2f9fc45fc9cfdaf1dabbcffe19a205428c3b70a6f6838d0c466,edition-target:lang:pag-Latn-PH,,,edition-target:lang:pag-Latn-PH,edition-target:lang:pag-Latn-PH
canonical:pop:776aba066231b7a9ec2cbd5f,v2_population,pop:776aba066231b7a9ec2cbd5f,edition-target:lang:sab-PA,POPULATION_OR_CONTEXT,ethnicity_or_identity_proxy,persons_indigenous_identity_proxy,,23898,,People identifying with the Buglere people; not a speaker count.,2023,,,SRC_AMAR_PAN_INEC_2023,https://www.inec.gob.pa/Publicaciones/Default3.aspx?ID_CATEGORIA=19&ID_PUBLICACION=1212&ID_SUBCATEGORIA=71,,non_additive; never sum with another measure or measure class without a proved disjoint-person crosswalk,,V2_CANONICAL_EVIDENCE,false,b3b30b8473bb675c10bb781125e940fad656c0acad30759326b66abb3bfdca9a,edition-target:lang:sab-PA,,,edition-target:lang:sab-PA,edition-target:lang:sab-PA
canonical:pop:78fb5d4ae3e4f19bf50a1c9d,v2_population,pop:78fb5d4ae3e4f19bf50a1c9d,edition-target:lang:mr-Deva-IN,POPULATION_OR_CONTEXT,l1,persons_L1,82801140,82801140,82801140,Raw Census mother-tongue count,2011,,,IND_C16_2011,https://censusindia.gov.in/nada/index.php/catalog/10191,,non_additive; never sum with another measure or measure class without a proved disjoint-person crosswalk,,V2_CANONICAL_EVIDENCE,false,be4d11fff3c9c4de18283ac9dd4e73cd7f8d9161e38c8627cbd4f63f1030fe6c,edition-target:lang:mr-Deva-IN,,,edition-target:lang:mr-Deva-IN,edition-target:lang:mr-Deva-IN
canonical:pop:78ffc41680a2047f6d68850f,v2_population,pop:78ffc41680a2047f6d68850f,edition-target:lang:wba-VE,POPULATION_OR_CONTEXT,ethnicity_or_identity_proxy,persons_indigenous_identity_stale_proxy,,48771,,Warao identity count; not a speaker count.,2011,,,SRC_AMAR_VEN_INE_2011,https://celade.cepal.org/censosinfo/manuales/VE_EmpadronPobIndigena_2011.pdf,,non_additive; never sum with another measure or measure class without a proved disjoint-person crosswalk,,V2_CANONICAL_EVIDENCE,false,fce2d7c2b88a16b06932e33222daaa858609d1f024c2ad692662c90e61894cb8,edition-target:lang:wba-VE,,,edition-target:lang:wba-VE,edition-target:lang:wba-VE
canonical:pop:791abb978d3b5da49c019629,v2_population,pop:791abb978d3b5da49c019629,edition-target:lang:guh-VE,POPULATION_OR_CONTEXT,ethnicity_or_identity_proxy,persons_indigenous_identity_stale_proxy,,23953,,Jivi/Guajibo/Sikwani identity count; not a speaker count.,2011,,,SRC_AMAR_VEN_INE_2011,https://celade.cepal.org/censosinfo/manuales/VE_EmpadronPobIndigena_2011.pdf,,non_additive; never sum with another measure or measure class without a proved disjoint-person crosswalk,,V2_CANONICAL_EVIDENCE,false,64db5e1399e3f9660c5aa43962ffff4a0991ee101f83a939b75107e0fdf87ee8,edition-target:lang:guh-VE,,,edition-target:lang:guh-VE,edition-target:lang:guh-VE
canonical:pop:79b686e9e90dad241cae7192,v2_population,pop:79b686e9e90dad241cae7192,edition-target:lang:jiv-EC,POPULATION_OR_CONTEXT,speaker_or_reported_ability,persons_named_language_speakers,,58770,,"Speakers; associated population 136,463.",2022,,,SRC_AMAR_ECU_PLAN_2024,https://www.secretariapueblosynacionalidades.gob.ec/wp-content/uploads/2024/07/EPF-Sintesis-de-plan-decenal-correccion3-final-18-junio-2024.pdf,,non_additive; never sum with another measure or measure class without a proved disjoint-person crosswalk,,V2_CANONICAL_EVIDENCE,false,ff8b49b87f58d1bf078f06e46e99c993dc05f9e0e1b0b229fccd76b69619963f,edition-target:lang:jiv-EC,,,edition-target:lang:jiv-EC,edition-target:lang:jiv-EC
canonical:pop:79b9f1fabb784fc34161a23a,v2_population,pop:79b9f1fabb784fc34161a23a,edition-target:lang:bi-Latn-VU,POPULATION_OR_CONTEXT,percentage_only,percent_age15plus_literate,,90.1,,People aged 15+ reported literate in Bislama; multilingual literacy percentages overlap,2020,,,OIO_7A5576553308,https://vnso.gov.vu/sites/default/files/2020_Vanuatu_National_Population_and_Housing_Census_-_Analytical_report_Volume_2.pdf,,non_additive; never sum with another measure or measure class without a proved disjoint-person crosswalk,,V2_CANONICAL_EVIDENCE,false,de2e629cc29b7fc170005328f3cd8b9a36bfb1b892ee9dbb016cf0db37dbdc60,edition-target:lang:bi-Latn-VU,,,edition-target:lang:bi-Latn-VU,edition-target:lang:bi-Latn-VU
canonical:pop:79cbadc85977c341fee6db2f,v2_population,pop:79cbadc85977c341fee6db2f,edition-target:lang:kjb-GT,POPULATION_OR_CONTEXT,home_or_first_language,persons_age4plus_mother_tongue,,166261,,People age 4+ reporting Q’anjob’al as mother tongue.,2018,,,SRC_AMAR_GTM_INE_2018,https://censo2018.ine.gob.gt/archivos/resultados_censo2018.pdf,,non_additive; never sum with another measure or measure class without a proved disjoint-person crosswalk,,V2_CANONICAL_EVIDENCE,false,e0597389d2836151bf977d238a10a07f5f20eabffb9bad1d6b3056d647e9427b,edition-target:lang:kjb-GT,,,edition-target:lang:kjb-GT,edition-target:lang:kjb-GT
canonical:pop:7a16ec27a0b4e90413dad0c5,v2_population,pop:7a16ec27a0b4e90413dad0c5,edition-target:lang:ja-Jpan-JP,POPULATION_OR_CONTEXT,enrolment,persons,,106829,,Residence-status Student holders enrolled in professional training colleges,2025,,,JPN-S007,https://www.studyinjapan.go.jp/ja/statistics/enrollment/data/2605291000.html,,non_additive; never sum with another measure or measure class without a proved disjoint-person crosswalk,,V2_CANONICAL_EVIDENCE,false,148ec12092820ddfee5e643c790f9193d44ea722a1d7e6a5a5e76d29303fac2c,edition-target:lang:ja-Jpan-JP,,,edition-target:lang:ja-Jpan-JP,edition-target:lang:ja-Jpan-JP
canonical:pop:7aac019da3d37434d58f59a9,v2_population,pop:7aac019da3d37434d58f59a9,edition-target:lang:zu-Latn-ZA,POPULATION_OR_CONTEXT,percentage_only,percent,,24.4,,Share of South Africa population reporting isiZulu as household language,2022,,,SRC_STATSSA_CENSUS_2022,https://www.statssa.gov.za/wp-content/uploads/2023/11/Mbalo-brief-November.pdf,,non_additive; never sum with another measure or measure class without a proved disjoint-person crosswalk,,V2_CANONICAL_EVIDENCE,false,e5b539fc8fb4796b02985081c5b420157cad7ebe3f4888cd57b5a797ade8d52d,edition-target:lang:zu-Latn-ZA,,,edition-target:lang:zu-Latn-ZA,edition-target:lang:zu-Latn-ZA
canonical:pop:7ab9eda9219c62fd7341e2e3,v2_population,pop:7ab9eda9219c62fd7341e2e3,edition-target:lang:ja-Jpan-JP,POPULATION_OR_CONTEXT,enrolment,persons,,7313,,Public upper-secondary pupils officially identified as needing Japanese instruction; foreign and Japanese nationality combined,2025,,,JPN-S003,https://www.mext.go.jp/b_menu/houdou/31/09/1421569_00007.htm,,non_additive; never sum with another measure or measure class without a proved disjoint-person crosswalk,,V2_CANONICAL_EVIDENCE,false,83ea600d4b0bc269a0d524bf506fc6679253779a561b770b89ec469dd1922b6d,edition-target:lang:ja-Jpan-JP,,,edition-target:lang:ja-Jpan-JP,edition-target:lang:ja-Jpan-JP
canonical:pop:7d54223293228859a8359468,v2_population,pop:7d54223293228859a8359468,edition-target:lang:cak-GT,POPULATION_OR_CONTEXT,home_or_first_language,persons_age4plus_mother_tongue,,411089,,People age 4+ reporting Kaqchikel as mother tongue.,2018,,,SRC_AMAR_GTM_INE_2018,https://censo2018.ine.gob.gt/archivos/resultados_censo2018.pdf,,non_additive; never sum with another measure or measure class without a proved disjoint-person crosswalk,,V2_CANONICAL_EVIDENCE,false,335ef11bfbf221075f51430d6deb0f51cce5b3762def246f78190ed23cb14051,edition-target:lang:cak-GT,,,edition-target:lang:cak-GT,edition-target:lang:cak-GT
canonical:pop:7e60a110e78e419e9a877fc1,v2_population,pop:7e60a110e78e419e9a877fc1,edition-target:lang:skr-Arab-PK,POPULATION_OR_CONTEXT,l1,persons_L1,28849579,28849579,28849579,Census mother-tongue count,2023,,,PBS_MT_2023,https://www.pbs.gov.pk/wp-content/uploads/census_tables/tables/table_11_national.pdf,,non_additive; never sum with another measure or measure class without a proved disjoint-person crosswalk,,V2_CANONICAL_EVIDENCE,false,b5305d8f7f0dec58445f73ec886e1ee07722a0f24061aefd5cc9d35a9eabf809,edition-target:lang:skr-Arab-PK,,,edition-target:lang:skr-Arab-PK,edition-target:lang:skr-Arab-PK
canonical:pop:8030e201c92658d206a92ee2,v2_population,pop:8030e201c92658d206a92ee2,edition-target:macro:IDN_REGIONAL_FIRST_COMPANION,POPULATION_OR_CONTEXT,macro_first_language,persons age 5+,,181082044,,People aged five or older whose first language was a regional language in the 2022 long-form census.,2022,,,BPS_LANG_FIRST_2022,https://sensus.bps.go.id/topik/tabular/sp2022/197/0/0,,non_additive; never sum with another measure or measure class without a proved disjoint-person crosswalk,,V2_CANONICAL_EVIDENCE,false,47d6e038fb71427965d38b12f0811f5ef9f8eae5a8913a524363f08e43c89fbd,edition-target:macro:IDN_REGIONAL_FIRST_COMPANION,,,edition-target:macro:IDN_REGIONAL_FIRST_COMPANION,edition-target:macro:IDN_REGIONAL_FIRST_COMPANION
canonical:pop:812b9427cb5aa5b12e1f9dbb,v2_population,pop:812b9427cb5aa5b12e1f9dbb,edition-target:lang:ja-Jpan-JP,POPULATION_OR_CONTEXT,enrolment,persons,,158910,,Students enrolled in special-needs schools,2025,,,JPN-S002,https://www.mext.go.jp/b_menu/toukei/chousa01/kihon/kekka/k_detail/2025.htm,,non_additive; never sum with another measure or measure class without a proved disjoint-person crosswalk,,V2_CANONICAL_EVIDENCE,false,29eb451b5a7d580e8d3028d6d7b43f309000d1ab217e78aac0349d05fca7b395,edition-target:lang:ja-Jpan-JP,,,edition-target:lang:ja-Jpan-JP,edition-target:lang:ja-Jpan-JP
canonical:pop:81c2eb0deb82a255d760e37e,v2_population,pop:81c2eb0deb82a255d760e37e,edition-target:lang:su-Latn-ID,POPULATION_OR_CONTEXT,home_or_first_language,persons_daily_home_language_age5plus,,32412752,,BPS daily-home-language count for people age five and above.,2010,,,IDN_BPS_LANG_2010,https://www.bps.go.id/en/publication/2012/05/23/55eca38b7fe0830834605b35/nationality--ethnicity--religion--and-dailylanguage-of-indonesian-population.html,,non_additive; never sum with another measure or measure class without a proved disjoint-person crosswalk,,V2_CANONICAL_EVIDENCE,false,e7508a7dbb294a5268e09281602183726770962f7d87df19af49c4e5a0c89a2e,edition-target:lang:su-Latn-ID,,,edition-target:lang:su-Latn-ID,edition-target:lang:su-Latn-ID
canonical:pop:81c9c91ab2b61116c0c8eea1,v2_population,pop:81c9c91ab2b61116c0c8eea1,edition-target:lang:zh-Hans-CN:written,POPULATION_OR_CONTEXT,enrolment,persons,,11187700,,Learners in secondary-vocational institutions within MOE's 2025 statistical scope,2025,,,SRC_MOE_EDU_2025,https://www.moe.gov.cn/jyb_sjzl/sjzl_fztjgb/202607/t20260706_1442870.html,,non_additive; never sum with another measure or measure class without a proved disjoint-person crosswalk,,V2_CANONICAL_EVIDENCE,false,7e95970585ff1358b6453201265a0c17ac773abc6a90207bfb6a7b1f41cff4e6,edition-target:lang:zh-Hans-CN:written,,,edition-target:lang:zh-Hans-CN:written,edition-target:lang:zh-Hans-CN:written
canonical:pop:81ca85f5ec5499fbe388de6a,v2_population,pop:81ca85f5ec5499fbe388de6a,edition-target:lang:mi-Latn-NZ,POPULATION_OR_CONTEXT,enrolment,learners_maori_medium_majority_curriculum,28382,28382,28382,Learners receiving at least 51% of curriculum time in Māori-medium schooling,2025,,,OIO_3B937BEFED23,https://www.educationcounts.govt.nz/statistics/maori-language-in-schooling,,non_additive; never sum with another measure or measure class without a proved disjoint-person crosswalk,,V2_CANONICAL_EVIDENCE,false,2d1befb86e73d2a5abaa97fb04b9753a8cd3fbc16fb43c5deae7490c09deb469,edition-target:lang:mi-Latn-NZ,,,edition-target:lang:mi-Latn-NZ,edition-target:lang:mi-Latn-NZ
canonical:pop:829e89a5b7bd29ca2ea6f3a9,v2_population,pop:829e89a5b7bd29ca2ea6f3a9,edition-target:lang:huu-CO,POPULATION_OR_CONTEXT,speaker_or_reported_ability,persons_named_language_speaker_estimate,,4321,,Named-language speaker estimate in the national decennial language plan.,,,,SRC_AMAR_COL_LANG_PLAN,https://dokumen.pub/plan-decenal-de-lenguas-nativas-de-colombia-9789587534948.html,,non_additive; never sum with another measure or measure class without a proved disjoint-person crosswalk,,V2_CANONICAL_EVIDENCE,false,6e58e4e19bb704d344269026249cf3ceb146f6702073775a9385c49f48bfa480,edition-target:lang:huu-CO,,,edition-target:lang:huu-CO,edition-target:lang:huu-CO
canonical:pop:82ca357c6144d49cb99324e4,v2_population,pop:82ca357c6144d49cb99324e4,edition-target:lang:zh-Hans-CN:written,POPULATION_OR_CONTEXT,enrolment,persons,,21357700,,Ordinary bachelor's students enrolled in 2025,2025,,,SRC_MOE_EDU_2025,https://www.moe.gov.cn/jyb_sjzl/sjzl_fztjgb/202607/t20260706_1442870.html,,non_additive; never sum with another measure or measure class without a proved disjoint-person crosswalk,,V2_CANONICAL_EVIDENCE,false,54d18216ff1748f88c482be20cf8bf588d38f43d01d7d11f70866f4b5ad4f7dc,edition-target:lang:zh-Hans-CN:written,,,edition-target:lang:zh-Hans-CN:written,edition-target:lang:zh-Hans-CN:written
canonical:pop:83243c196d1726fea40aa644,v2_population,pop:83243c196d1726fea40aa644,edition-target:lang:unresolved-tag:ba-na:viet-nam-ba-na-ethnicity-proxy,POPULATION_OR_CONTEXT,ethnicity_or_identity_proxy,persons_ethnicity_proxy,,286910,,2019 ethnicity proxy.,2019,,,VNM_CENSUS_2019,https://tongdieutradanso.vn/uploads/data/6/files/files/Population%20and%20Housing%20Census%202019_final%20report.pdf,,non_additive; never sum with another measure or measure class without a proved disjoint-person crosswalk,,V2_CANONICAL_EVIDENCE,false,985f7d4a0f2fa8ce39230d25797cf387a94d7d3b7f5db28e3432ea101ae8ead1,edition-target:lang:unresolved-tag:ba-na:viet-nam-ba-na-ethnicity-proxy,,,edition-target:lang:unresolved-tag:ba-na:viet-nam-ba-na-ethnicity-proxy,edition-target:lang:unresolved-tag:ba-na:viet-nam-ba-na-ethnicity-proxy
canonical:pop:83b4eae8f6760a35b659c4b3,v2_population,pop:83b4eae8f6760a35b659c4b3,edition-target:lang:arn-AR,POPULATION_OR_CONTEXT,percentage_only,percent_of_self_identified_people_speak_or_understand_own_language,,17.9,,Share of the self-identified Argentina Mapuche people who speak or understand the people's language; denominator count is not encoded here.,2022,,,SRC_AMAR_ARG_INDEC_2022,https://www.indec.gob.ar/ftp/cuadros/poblacion/censo2022_poblacion_indigena.pdf,,non_additive; never sum with another measure or measure class without a proved disjoint-person crosswalk,,V2_CANONICAL_EVIDENCE,false,66f477d31f0ccf8cd3f29805f40f02387b3012a38653584e6ab2855c0a227368,edition-target:lang:arn-AR,,,edition-target:lang:arn-AR,edition-target:lang:arn-AR
canonical:pop:83d3a17e71d31556e2e7662d,v2_population,pop:83d3a17e71d31556e2e7662d,edition-target:lang:zh-Hans-CN:written,POPULATION_OR_CONTEXT,enrolment_subcohort,persons,,8617500,,Migrant workers' accompanying children enrolled in primary education in 2025 under MOE's rural-registration and co-residence definition,2025,,,SRC_MOE_EDU_2025,https://www.moe.gov.cn/jyb_sjzl/sjzl_fztjgb/202607/t20260706_1442870.html,,non_additive; never sum with another measure or measure class without a proved disjoint-person crosswalk,,V2_CANONICAL_EVIDENCE,false,e82c00cc9e1cbddf23ca2f1d48504136ab83dd01885bd47e1a89f8b2d4ddd5c7,edition-target:lang:zh-Hans-CN:written,,,edition-target:lang:zh-Hans-CN:written,edition-target:lang:zh-Hans-CN:written
canonical:pop:84110d26424c42789440d5af,v2_population,pop:84110d26424c42789440d5af,edition-target:lang:kuz-CL,POPULATION_OR_CONTEXT,speaker_or_reported_ability,persons_age5plus_speak_or_understand,,2616,,"People age 5+ who speak or understand Ckunza, including reclamation/passive knowledge.",2024,,,SRC_AMAR_CHL_INE_2024,https://censo2024.ine.gob.cl/wp-content/uploads/2025/12/sintesis_resultados_censo2024.pdf,,non_additive; never sum with another measure or measure class without a proved disjoint-person crosswalk,,V2_CANONICAL_EVIDENCE,false,42888c7e20d46ae4b82d78f3eed86221703cc7e9f2bbc0057e4537c30679fcf3,edition-target:lang:kuz-CL,,,edition-target:lang:kuz-CL,edition-target:lang:kuz-CL
canonical:pop:845779acbc07291d72562c10,v2_population,pop:845779acbc07291d72562c10,edition-target:lang:unresolved-tag:any-target-written-language-font-coverage-line-breaking-directionality-a:global-instantiate-by-language-print,POPULATION_OR_CONTEXT,disability_proxy,persons_vision_loss_VLEG_GBD_2020_proxy,,1106000000,,"Total people with vision loss in the 2020 VLEG/GBD model: approximately 43 million blind, 295 million with moderate-to-severe distance loss, 258 million with mild distance loss, and 510 million with near vision loss; proxy only.",2020,,,IAPB_VISION_2020,https://www.iapb.org/wp-content/uploads/2021/05/Vision-Atlas_Global-Snapshot_18052021.pdf,,non_additive; never sum with another measure or measure class without a proved disjoint-person crosswalk,,V2_CANONICAL_EVIDENCE,false,adece0021a644611dea7055520639ef96b6e13ac3cc4efe93a243bab2ece75b0,edition-target:lang:unresolved-tag:any-target-written-language-font-coverage-line-breaking-directionality-a:global-instantiate-by-language-print,,,edition-target:lang:unresolved-tag:any-target-written-language-font-coverage-line-breaking-directionality-a:global-instantiate-by-language-print,edition-target:lang:unresolved-tag:any-target-written-language-font-coverage-line-breaking-directionality-a:global-instantiate-by-language-print
canonical:pop:8501139cbc2b24bb6e1f24a8,v2_population,pop:8501139cbc2b24bb6e1f24a8,edition-target:lang:ta-Taml-LK:community:sri-lanka-tamil,POPULATION_OR_CONTEXT,ethnicity_ceiling,persons_ethnicity_ceiling,,,2283246,Moor/Muslim ethnicity count is an upper bound; Tamil L1/use share unknown,2024,,,LKA_CENSUS_2024,https://www.statistics.gov.lk/Resource/en/Population/CPH_2024/CPH2024_Final_Eng.pdf,,non_additive; never sum with another measure or measure class without a proved disjoint-person crosswalk,,V2_CANONICAL_EVIDENCE,false,836cde00e5a879fadfd8f845645ca35db00572a9bf161eaf373a6ed310eb82b0,edition-target:lang:ta-Taml-LK:community:sri-lanka-tamil,,,edition-target:lang:ta-Taml-LK:community:sri-lanka-tamil,edition-target:lang:ta-Taml-LK:community:sri-lanka-tamil
canonical:pop:852e2cb279a84514cf61316c,v2_population,pop:852e2cb279a84514cf61316c,edition-target:lang:zh-Hans-CN:written,POPULATION_OR_CONTEXT,enrolment_subcohort,persons,,927000,,"Students enrolled in special education in 2025 across special schools, special classes, mainstream inclusion, and home delivery",2025,,,SRC_MOE_EDU_2025,https://www.moe.gov.cn/jyb_sjzl/sjzl_fztjgb/202607/t20260706_1442870.html,,non_additive; never sum with another measure or measure class without a proved disjoint-person crosswalk,,V2_CANONICAL_EVIDENCE,false,569d080636912aa2c19744f1a32c48c2bf06c87ddf0eb2151e4a3aa51cb4990a,edition-target:lang:zh-Hans-CN:written,,,edition-target:lang:zh-Hans-CN:written,edition-target:lang:zh-Hans-CN:written
canonical:pop:85634c9188e37bf635f6562a,v2_population,pop:85634c9188e37bf635f6562a,edition-target:lang:chr-US,POPULATION_OR_CONTEXT,home_or_first_language,persons_age5plus_home_language,,10440,,People age 5+ reporting Cherokee at home in the 2017–2021 ACS.,2017-2021,,,SRC_AMAR_US_ACS_2017_2021,https://www.census.gov/library/stories/2025/06/native-american-language-use.html,,non_additive; never sum with another measure or measure class without a proved disjoint-person crosswalk,,V2_CANONICAL_EVIDENCE,false,c372c24662656191375b15439fa4bf54da03e2fc5ec39776125da0d2260b5374,edition-target:lang:chr-US,,,edition-target:lang:chr-US,edition-target:lang:chr-US
canonical:pop:86f6cdacda0f4a0a6c2ffb72,v2_population,pop:86f6cdacda0f4a0a6c2ffb72,edition-target:lang:ja-Jpan-JP,POPULATION_OR_CONTEXT,enrolment,persons,,137704,,Elementary pupils absent 30 or more days in FY2024 for psychological emotional physical or social factors other than illness or economic reason,2024,,,JPN-S005,https://www.mext.go.jp/a_menu/shotou/seitoshidou/1302902.htm,,non_additive; never sum with another measure or measure class without a proved disjoint-person crosswalk,,V2_CANONICAL_EVIDENCE,false,5f964336f83a2ad1fa5b001445cf94ffd8c84ccbc8b167528a1cefd43ad22c85,edition-target:lang:ja-Jpan-JP,,,edition-target:lang:ja-Jpan-JP,edition-target:lang:ja-Jpan-JP
canonical:pop:8769a570123aa3d669d927d9,v2_population,pop:8769a570123aa3d669d927d9,edition-target:lang:jv-Latn-ID,POPULATION_OR_CONTEXT,home_language,people,68044660,68044660,68044660,Home language among population age 5+ in Census 2010.,2010,,,SRC_BPS_ID_2010,https://www.bps.go.id/id/publication/2012/05/23/55eca38b7fe0830834605b35/kewarganegaraan-suku-bangsa-agama-dan-bahasa-%20sehari-hari-penduduk-indonesia.html,,non_additive; never sum with another measure or measure class without a proved disjoint-person crosswalk,,V2_CANONICAL_EVIDENCE,false,70817abc82ad0a3d7b2fa84e0a9926c90d1f26a7b18dcbc3f1c137a0b658ffee,edition-target:lang:jv-Latn-ID,,,edition-target:lang:jv-Latn-ID,edition-target:lang:jv-Latn-ID
canonical:pop:87881892ce158ae9e61abad0,v2_population,pop:87881892ce158ae9e61abad0,edition-target:lang:ja-Jpan-JP,POPULATION_OR_CONTEXT,enrolment,persons,,1969,,Students enrolled in 52 public night junior high schools,2024,,,JPN-S010,https://www.mext.go.jp/a_menu/shotou/yakan/1408539_00002.htm,,non_additive; never sum with another measure or measure class without a proved disjoint-person crosswalk,,V2_CANONICAL_EVIDENCE,false,b37d1422f53e957daaad1c164fb13eb26ec0ecb2c80ef92dfff1682c5cadca82,edition-target:lang:ja-Jpan-JP,,,edition-target:lang:ja-Jpan-JP,edition-target:lang:ja-Jpan-JP
canonical:pop:87d45218db3bdc03ab4590e8,v2_population,pop:87d45218db3bdc03ab4590e8,edition-target:lang:quc-Latn-GT,POPULATION_OR_CONTEXT,first_learned,people,1054818,1054818,1054818,First-learned language among population age 4+ in Census 2018.,2018,,,SRC_GUATEMALA_CENSUS_2018,https://censo2018.ine.gob.gt/archivos/Principales_resultados_Censo2018.pdf,,non_additive; never sum with another measure or measure class without a proved disjoint-person crosswalk,,V2_CANONICAL_EVIDENCE,false,616c6f26e4adabdabcc57510d82adfe1c1a5740c64698d35fa2ad1abdabb457e,edition-target:lang:quc-Latn-GT,,,edition-target:lang:quc-Latn-GT,edition-target:lang:quc-Latn-GT
canonical:pop:8815ac0802fae5121c3cd522,v2_population,pop:8815ac0802fae5121c3cd522,edition-target:lang:ja-Jpan-JP,POPULATION_OR_CONTEXT,enrolment,persons,,3946,,Residence-status Student holders enrolled in preparatory courses,2025,,,JPN-S007,https://www.studyinjapan.go.jp/ja/statistics/enrollment/data/2605291000.html,,non_additive; never sum with another measure or measure class without a proved disjoint-person crosswalk,,V2_CANONICAL_EVIDENCE,false,186ca194f9328a706fa9dca2241b48cd8f8a882c60d126ba05805bc68f864bbd,edition-target:lang:ja-Jpan-JP,,,edition-target:lang:ja-Jpan-JP,edition-target:lang:ja-Jpan-JP
canonical:pop:8829b36bed74faa08907aa59,v2_population,pop:8829b36bed74faa08907aa59,edition-target:lang:tl-Latn-PH,POPULATION_OR_CONTEXT,ethnicity_or_identity_proxy,persons_ethnicity_proxy,,28270000,,"Rounded person-level Tagalog ethnicity proxy; not proof of first-language use. The same census reports 10,522,507 Tagalog-home-language households, which are not persons.",2020,,,PH_PSA_ETHNICITY_2020,https://psa.gov.ph/content/ethnicity-philippines-2020-census-population-and-housing,,non_additive; never sum with another measure or measure class without a proved disjoint-person crosswalk,,V2_CANONICAL_EVIDENCE,false,6e25084924dc6c6a7ee80ec3603380b6f2a65027e037d8ffba911dabc87cf40a,edition-target:lang:tl-Latn-PH,,,edition-target:lang:tl-Latn-PH,edition-target:lang:tl-Latn-PH
canonical:pop:892115d7fee11b1c6d7b3027,v2_population,pop:892115d7fee11b1c6d7b3027,edition-target:lang:tcu-PA,POPULATION_OR_CONTEXT,ethnicity_or_identity_proxy,persons_indigenous_identity_proxy,,6899,,People identifying with the Naso Tjer Di people; not a speaker count.,2023,,,SRC_AMAR_PAN_INEC_2023,https://www.inec.gob.pa/Publicaciones/Default3.aspx?ID_CATEGORIA=19&ID_PUBLICACION=1212&ID_SUBCATEGORIA=71,,non_additive; never sum with another measure or measure class without a proved disjoint-person crosswalk,,V2_CANONICAL_EVIDENCE,false,3f5ac8189f912025c065830856989fee4a80a3c8c2f0775864dcd8e9f4b9cdfb,edition-target:lang:tcu-PA,,,edition-target:lang:tcu-PA,edition-target:lang:tcu-PA
canonical:pop:893286d180740ea6a98491ce,v2_population,pop:893286d180740ea6a98491ce,edition-target:lang:alq-CA,POPULATION_OR_CONTEXT,speaker_or_reported_ability,persons_2021_language_knowledge,,1955,,People reporting knowledge of Anicinabemowin / Algonquin; mother-tongue count 1085. Counts randomly rounded.,2021,,,SRC_AMAR_CAN_ALGONQ_2021,https://www150.statcan.gc.ca/n1/pub/41-20-0002/412000022025002-eng.htm,,non_additive; never sum with another measure or measure class without a proved disjoint-person crosswalk,,V2_CANONICAL_EVIDENCE,false,bb9a791cc49b0e89d6b0281c80fa26fe8b226256591bad5279998becd4041ccf,edition-target:lang:alq-CA,,,edition-target:lang:alq-CA,edition-target:lang:alq-CA
canonical:pop:8995695f4fb3e3afc983cbf4,v2_population,pop:8995695f4fb3e3afc983cbf4,edition-target:lang:lua-Latn-CD,POPULATION_OR_CONTEXT,persons_basis_not_stated,people,10000000,,,Plausible direct or bridge lower bound; rounded report synthesis,,,,,,,non_additive; never sum with another measure or measure class without a proved disjoint-person crosswalk,,V2_CANONICAL_EVIDENCE,false,06e98b3c44c835e205ee0dd22d103871902e26ff2f45f48e7f2666a18d5d2ccd,edition-target:lang:lua-Latn-CD,,,edition-target:lang:lua-Latn-CD,edition-target:lang:lua-Latn-CD
canonical:pop:8abc697a2c611942e19c1d54,v2_population,pop:8abc697a2c611942e19c1d54,edition-target:lang:ch-Latn-MP,POPULATION_OR_CONTEXT,home_or_first_language,persons_age5plus_home_language,9579,9579,9579,People aged 5+ reporting Chamorro at home in census table CT25,2020,,,OIO_300FF612F3CD,https://data.census.gov/table/DECENNIALCROSSTABMP2020.CT25,,non_additive; never sum with another measure or measure class without a proved disjoint-person crosswalk,,V2_CANONICAL_EVIDENCE,false,c13d75066e0ca3a2a433b84551753587b34fef6fd67d58d06f81ac2af48cc3ff,edition-target:lang:ch-Latn-MP,,,edition-target:lang:ch-Latn-MP,edition-target:lang:ch-Latn-MP
canonical:pop:8b058efc7ea0d98e7600a46a,v2_population,pop:8b058efc7ea0d98e7600a46a,edition-target:lang:ixl-GT,POPULATION_OR_CONTEXT,home_or_first_language,persons_age4plus_mother_tongue,,114997,,People age 4+ reporting Ixil as mother tongue.,2018,,,SRC_AMAR_GTM_INE_2018,https://censo2018.ine.gob.gt/archivos/resultados_censo2018.pdf,,non_additive; never sum with another measure or measure class without a proved disjoint-person crosswalk,,V2_CANONICAL_EVIDENCE,false,50e51091e9bb168a7025cd17597e40d3448b5c104d27c257068adaf5aad2c9b9,edition-target:lang:ixl-GT,,,edition-target:lang:ixl-GT,edition-target:lang:ixl-GT
canonical:pop:8c451478ea0cd432fc92e3d0,v2_population,pop:8c451478ea0cd432fc92e3d0,edition-target:lang:tsg-Arab-PH,POPULATION_OR_CONTEXT,ethnicity_or_identity_proxy,persons_ethnicity_proxy_nonadditive,,1615680,,Same ethnicity proxy as Latin row; non-additive script-access edition.,2020,,,PH_PSA_ETHNICITY_2020,https://psa.gov.ph/content/ethnicity-philippines-2020-census-population-and-housing,,non_additive; never sum with another measure or measure class without a proved disjoint-person crosswalk,,V2_CANONICAL_EVIDENCE,false,f1becb294fd43ce96ec4eb21e3bc42ece9df88023fc16d207211c32462cd6c53,edition-target:lang:tsg-Arab-PH,,,edition-target:lang:tsg-Arab-PH,edition-target:lang:tsg-Arab-PH
canonical:pop:8da230406c25757d1588daac,v2_population,pop:8da230406c25757d1588daac,edition-target:lang:itz-GT,POPULATION_OR_CONTEXT,home_or_first_language,persons_age4plus_mother_tongue,,406,,People age 4+ reporting Itza’ as mother tongue.,2018,,,SRC_AMAR_GTM_INE_2018,https://censo2018.ine.gob.gt/archivos/resultados_censo2018.pdf,,non_additive; never sum with another measure or measure class without a proved disjoint-person crosswalk,,V2_CANONICAL_EVIDENCE,false,32b673f4a0d5591998a7eb984dc8de7f89873a5d5dd286b9042ca5d43eec1b04,edition-target:lang:itz-GT,,,edition-target:lang:itz-GT,edition-target:lang:itz-GT
canonical:pop:8db6cc1f8fdc117b746f67c1,v2_population,pop:8db6cc1f8fdc117b746f67c1,edition-target:lang:unresolved-tag:inuvialuktun:canada-inuvialuktun-communities-and,POPULATION_OR_CONTEXT,speaker_or_reported_ability,persons_2021_language_knowledge,,355,,People reporting knowledge of Inuvialuktun; mother-tongue count 305. Counts randomly rounded.,2021,,,SRC_AMAR_CAN_INUKTUT_2021,https://www150.statcan.gc.ca/n1/pub/41-20-0002/412000022025004-eng.htm,,non_additive; never sum with another measure or measure class without a proved disjoint-person crosswalk,,V2_CANONICAL_EVIDENCE,false,36a4d2c8bc300a1fc885573a34def15ed68da52e7878fdb7e6627e3d102273a7,edition-target:lang:unresolved-tag:inuvialuktun:canada-inuvialuktun-communities-and,,,edition-target:lang:unresolved-tag:inuvialuktun:canada-inuvialuktun-communities-and,edition-target:lang:unresolved-tag:inuvialuktun:canada-inuvialuktun-communities-and
canonical:pop:8e4bc445ca800bc0bff1b5a0,v2_population,pop:8e4bc445ca800bc0bff1b5a0,edition-target:lang:niv-RU:variety:amur-nivkh,POPULATION_OR_CONTEXT,speaker_or_reported_ability,persons_within_named_people_reporting_same_named_language_knowledge_shared_where_noted,,683,,"Shared Nivkh language-knowledge count; ethnic population 3,863; not split from Sakhalin Nivkh.",2021,,,SRC_AMAR_RUS_ROSSTAT_2021,https://rosstat.gov.ru/storage/mediabank/Tom5_tab18_VPN-2020.xlsx,,non_additive; never sum with another measure or measure class without a proved disjoint-person crosswalk,,V2_CANONICAL_EVIDENCE,false,a9478b35999f8b40117ac190591122994dc4ea3a7460650f1a3da96f114b822a,edition-target:lang:niv-RU:variety:amur-nivkh,,,edition-target:lang:niv-RU:variety:amur-nivkh,edition-target:lang:niv-RU:variety:amur-nivkh
canonical:pop:8f306fff71417542c7369c36,v2_population,pop:8f306fff71417542c7369c36,edition-target:lang:cag-AR,POPULATION_OR_CONTEXT,percentage_only,percent_of_self_identified_people_speak_or_understand_own_language,,75.1,,Share of the self-identified Argentina Nivaclé people who speak or understand the people's language; denominator count is not encoded here.,2022,,,SRC_AMAR_ARG_INDEC_2022,https://www.indec.gob.ar/ftp/cuadros/poblacion/censo2022_poblacion_indigena.pdf,,non_additive; never sum with another measure or measure class without a proved disjoint-person crosswalk,,V2_CANONICAL_EVIDENCE,false,504e808f602f41bcbdc5fb93d645a36ff31eaea73730a354cce4a87ad70493b8,edition-target:lang:cag-AR,,,edition-target:lang:cag-AR,edition-target:lang:cag-AR
canonical:pop:8fef3cf7bd7d08c8995990c4,v2_population,pop:8fef3cf7bd7d08c8995990c4,edition-target:lang:ja-Jpan-JP,POPULATION_OR_CONTEXT,enrolment,persons,,54888,,Public elementary pupils officially identified as needing Japanese instruction; foreign and Japanese nationality combined,2025,,,JPN-S003,https://www.mext.go.jp/b_menu/houdou/31/09/1421569_00007.htm,,non_additive; never sum with another measure or measure class without a proved disjoint-person crosswalk,,V2_CANONICAL_EVIDENCE,false,d59b0f7a66688480a4daaac5f69509981daed6d6d8156a95509945b04a408646,edition-target:lang:ja-Jpan-JP,,,edition-target:lang:ja-Jpan-JP,edition-target:lang:ja-Jpan-JP
canonical:pop:9040a65326137c80f9465566,v2_population,pop:9040a65326137c80f9465566,edition-target:lang:kek-BZ,POPULATION_OR_CONTEXT,percentage_only,percent_population_age4plus_multiple_response_speaking_ability,,6.3,,"Share of population age 4+ reporting ability to speak Belize Q’eqchi’; multiple languages allowed, not a mother-tongue share.",2022,,,SRC_AMAR_BLZ_SIB_2022,https://sib.org.bz/wp-content/uploads/CensusKeyFindingsReport_2022.pdf,,non_additive; never sum with another measure or measure class without a proved disjoint-person crosswalk,,V2_CANONICAL_EVIDENCE,false,aa0d5f97c188bc69171422c7edb0b87d1fd627f47551cae002d4068ffe50d825,edition-target:lang:kek-BZ,,,edition-target:lang:kek-BZ,edition-target:lang:kek-BZ
canonical:pop:906ddb6aa03210a07475e7c8,v2_population,pop:906ddb6aa03210a07475e7c8,edition-target:lang:unresolved-tag:ka-apor-sign-language:brazil-ka-apor-community,POPULATION_OR_CONTEXT,community_population_context,persons_kaapor_community_context,2000,,2300,Ka’apor community population range; context only and not the sign-language user count.,,,,SRC_AMAR_BRA_KAAPOR_SIGN,https://periodicos.sbu.unicamp.br/ojs/index.php/liames/article/view/8667939,,non_additive; never sum with another measure or measure class without a proved disjoint-person crosswalk,,V2_CANONICAL_EVIDENCE,false,05f54c89985f74035209fb7e6c4195a01accefe58cbe74fe35726640f401d252,edition-target:lang:unresolved-tag:ka-apor-sign-language:brazil-ka-apor-community,,,edition-target:lang:unresolved-tag:ka-apor-sign-language:brazil-ka-apor-community,edition-target:lang:unresolved-tag:ka-apor-sign-language:brazil-ka-apor-community
canonical:pop:91cfce1959e1362d9fee24d2,v2_population,pop:91cfce1959e1362d9fee24d2,edition-target:lang:eve-RU,POPULATION_OR_CONTEXT,speaker_or_reported_ability,persons_within_named_people_reporting_same_named_language_knowledge_shared_where_noted,,4645,,"Even people reporting knowledge of Even; ethnic population 19,975.",2021,,,SRC_AMAR_RUS_ROSSTAT_2021,https://rosstat.gov.ru/storage/mediabank/Tom5_tab18_VPN-2020.xlsx,,non_additive; never sum with another measure or measure class without a proved disjoint-person crosswalk,,V2_CANONICAL_EVIDENCE,false,d61e036760a18813fbc18d05689462ffbaffb0876dc090318a262641bc772d89,edition-target:lang:eve-RU,,,edition-target:lang:eve-RU,edition-target:lang:eve-RU
canonical:pop:9224e603e1f11ab52ebba918,v2_population,pop:9224e603e1f11ab52ebba918,edition-target:lang:gil-Latn-KI,POPULATION_OR_CONTEXT,territorial_exposure_ceiling,persons_resident_territory_ceiling,119981,119981,119981,Kiribati resident population; not a language-speaker count,2020,,,OIO_145762DD5ECE,https://www.mfed.gov.ki/sites/default/files/Kiribati%20NIIP_web_full%20version.pdf,,non_additive; never sum with another measure or measure class without a proved disjoint-person crosswalk,,V2_CANONICAL_EVIDENCE,false,30a0770527fbd750c08a3af0a2fe8118ff796308147f305a27b1d22f1d343c3f,edition-target:lang:gil-Latn-KI,,,edition-target:lang:gil-Latn-KI,edition-target:lang:gil-Latn-KI
canonical:pop:923776de7b107f6ce3c0c03a,v2_population,pop:923776de7b107f6ce3c0c03a,edition-target:lang:und-SD,POPULATION_OR_CONTEXT,status_cohort,people,9100000,9100000,9100000,Conflict/violence IDPs in Sudan at end-2025; not a language count.,2025,,,SRC_UNHCR_GLOBAL_2025,https://www.unhcr.org/global-trends,,non_additive; never sum with another measure or measure class without a proved disjoint-person crosswalk,,V2_CANONICAL_EVIDENCE,false,6a00375814d9821c61b755dfff2f74506fed9f5f2f64c4519ce94d92a17026c0,edition-target:lang:und-SD,,,edition-target:lang:und-SD,edition-target:lang:und-SD
canonical:pop:94146a163ffd03be00c97ee2,v2_population,pop:94146a163ffd03be00c97ee2,edition-target:lang:gug-PY,POPULATION_OR_CONTEXT,persons_basis_not_stated,persons_age5plus_predominantly_guarani_household_language,,1587817,,"People age 5+ in predominantly Guaraní-speaking households; an additional 2,204,477 lived in bilingual Guaraní-Spanish households; excluded areas prevent national total.",2025,,,SRC_AMAR_PRY_INE_2025,https://www.ine.gov.py/ende/contenido.php?c=2754&title=El_Paraguay_mantiene_su_diversidad_ling%C3%BC%C3%ADstica_con_predominio_del_bilinguismo_en_los_hogares,,non_additive; never sum with another measure or measure class without a proved disjoint-person crosswalk,,V2_CANONICAL_EVIDENCE,false,038fb86cb87f7b2c5bbf0e3b5a0d8d2eb4d7a34118eaf1687ab16478617f8fd5,edition-target:lang:gug-PY,,,edition-target:lang:gug-PY,edition-target:lang:gug-PY
canonical:pop:949e89951282a978265b5aa9,v2_population,pop:949e89951282a978265b5aa9,edition-target:lang:nen-Latn-NC,POPULATION_OR_CONTEXT,speaker_or_reported_ability,persons_age15plus_speaking,9400,9400,9400,People aged 15+ reported speaking the named language,2019,,,OIO_9D74E354F4EB,https://www.isee.nc/component/phocadownload/category/269-recensement-de-la-population?download=2186%3Arp-2019-la-population-vivant-en-tribus,,non_additive; never sum with another measure or measure class without a proved disjoint-person crosswalk,,V2_CANONICAL_EVIDENCE,false,4b942141603c2f06960e3c8665c34f4532ec43b9bab8e62f1b2d8222820a29e6,edition-target:lang:nen-Latn-NC,,,edition-target:lang:nen-Latn-NC,edition-target:lang:nen-Latn-NC
canonical:pop:94b7d73fd9b3ff84c43fb5c0,v2_population,pop:94b7d73fd9b3ff84c43fb5c0,edition-target:lang:ja-Jpan-JP,POPULATION_OR_CONTEXT,persons_basis_not_stated,persons,,5229000,,Approximate 7 percent of the 74.7 million adults represented by OECD Survey of Adult Skills 2023,2022-23,,,JPN-S015,https://www.oecd.org/en/publications/2024/12/survey-of-adults-skills-2023-country-notes_df7b4a60/japan_c63b2ef1.html,,non_additive; never sum with another measure or measure class without a proved disjoint-person crosswalk,,V2_CANONICAL_EVIDENCE,false,2d31c0311c3ed7b1063f8e551e93fc942a6261c58267a63c2c4f186ebbab7e98,edition-target:lang:ja-Jpan-JP,,,edition-target:lang:ja-Jpan-JP,edition-target:lang:ja-Jpan-JP
canonical:pop:954585fc4acbb2ba4709f754,v2_population,pop:954585fc4acbb2ba4709f754,edition-target:lang:unresolved-tag:providencia-island-sign-network-proposed-island-sign-language:providencia-island-colombia,POPULATION_OR_CONTEXT,disability_proxy,deaf_residents_small_island_cohort,,13,,"Thirteen deaf residents in an island population about 4,500; 11 deaf and five hearing signers recorded; language status disputed.",2019,,,SRC_AMAR_PROVIDENCIA_SIGN,https://www.researchgate.net/publication/379127221_Sampling_Signers_in_Providence_Island_Reflections_on_a_Small-Scale_Documentation_Project,,non_additive; never sum with another measure or measure class without a proved disjoint-person crosswalk,,V2_CANONICAL_EVIDENCE,false,6081d6d20d753c4911d5b8f35416595d1102b074f700f2f463836ce1de9ce01a,edition-target:lang:unresolved-tag:providencia-island-sign-network-proposed-island-sign-language:providencia-island-colombia,,,edition-target:lang:unresolved-tag:providencia-island-sign-network-proposed-island-sign-language:providencia-island-colombia,edition-target:lang:unresolved-tag:providencia-island-sign-network-proposed-island-sign-language:providencia-island-colombia
canonical:pop:967cd12ca72068ea73e6449d,v2_population,pop:967cd12ca72068ea73e6449d,edition-target:lang:am-Ethi-ET,POPULATION_OR_CONTEXT,persons_basis_not_stated,people,,21634396,,2007 Ethiopia mother-tongue count,2007,,,SRC_ESS_CENSUS_2007,https://drs.ess.gov.et/bitstreams/61d74990-69a7-4f11-8e91-9234ca31d94f/download,,non_additive; never sum with another measure or measure class without a proved disjoint-person crosswalk,,V2_CANONICAL_EVIDENCE,false,aafe435a5205bc25bf4a670882818d94ff87003d267797d047828983fb2a0af5,edition-target:lang:am-Ethi-ET,,,edition-target:lang:am-Ethi-ET,edition-target:lang:am-Ethi-ET
canonical:pop:97d5d3542876336b204505b1,v2_population,pop:97d5d3542876336b204505b1,edition-target:lang:ase-CA,POPULATION_OR_CONTEXT,home_or_first_language,persons_sign_language_mother_tongue,,4965,,ASL mother-tongue respondents; not all users.,2021,,,SRC_AMAR_CAN_SIGN_2021,https://www12.statcan.gc.ca/census-recensement/2021/dp-pd/prof/details/page.cfm?DGUIDlist=2021A000224%2C2021A000011124&GENDERlist=1%2C2%2C3&HEADERlist=15%2C13%2C18%2C12%2C16%2C14%2C17&Lang=E&STATISTIClist=1%2C4&SearchText=,,non_additive; never sum with another measure or measure class without a proved disjoint-person crosswalk,,V2_CANONICAL_EVIDENCE,false,20ccc6eca62ec1d79978c20641f49fabc6a657aeef228bd86c4d198e7bc614df,edition-target:lang:ase-CA,,,edition-target:lang:ase-CA,edition-target:lang:ase-CA
canonical:pop:986f139dd9ee10ddd7948966,v2_population,pop:986f139dd9ee10ddd7948966,edition-target:lang:ary-Arab-MA,POPULATION_OR_CONTEXT,nonexclusive_use,people,33000000,34000000,35000000,Derived screening band from 91.9% non-exclusive Darija use in RGPH 2024 and national population; not L1.,2024,,,SRC_MOROCCO_RGPH_2024,https://www.hcp.ma/region-agadir/docs/docs/Note%20de%20synthese-%20Resultats%20du%20RGPH%202024%20%28Version%20Francaise%29%20%281.pdf,,non_additive; never sum with another measure or measure class without a proved disjoint-person crosswalk,,V2_CANONICAL_EVIDENCE,false,1403f0e06bec3ec669ae593b9d2b8000339b75c9c1ff7cee65a39c6e302c824c,edition-target:lang:ary-Arab-MA,,,edition-target:lang:ary-Arab-MA,edition-target:lang:ary-Arab-MA
canonical:pop:996d913ccbe65d80921b8e2d,v2_population,pop:996d913ccbe65d80921b8e2d,edition-target:lang:unresolved-tag:arha:new-caledonia-arha-using-communities,POPULATION_OR_CONTEXT,speaker_or_reported_ability,persons_age15plus_speaking,20,20,20,People aged 15+ reported speaking the named language,2019,,,OIO_9D74E354F4EB,https://www.isee.nc/component/phocadownload/category/269-recensement-de-la-population?download=2186%3Arp-2019-la-population-vivant-en-tribus,,non_additive; never sum with another measure or measure class without a proved disjoint-person crosswalk,,V2_CANONICAL_EVIDENCE,false,dd6275da4e09cae7ba4718bc52ae13b4930d5cf4eaf1cd6192a0ef8b80e87f1d,edition-target:lang:unresolved-tag:arha:new-caledonia-arha-using-communities,,,edition-target:lang:unresolved-tag:arha:new-caledonia-arha-using-communities,edition-target:lang:unresolved-tag:arha:new-caledonia-arha-using-communities
canonical:pop:9b57986f4e4befb44530dc24,v2_population,pop:9b57986f4e4befb44530dc24,edition-target:lang:caa-GT,POPULATION_OR_CONTEXT,home_or_first_language,persons_age4plus_mother_tongue,,16663,,People age 4+ reporting Ch’orti’ as mother tongue.,2018,,,SRC_AMAR_GTM_INE_2018,https://censo2018.ine.gob.gt/archivos/resultados_censo2018.pdf,,non_additive; never sum with another measure or measure class without a proved disjoint-person crosswalk,,V2_CANONICAL_EVIDENCE,false,045b87c827d38be5b4d979278a31577add494817ddc9036ee2c091a94051cae3,edition-target:lang:caa-GT,,,edition-target:lang:caa-GT,edition-target:lang:caa-GT
canonical:pop:9bb7e4d888ff8605ae272c35,v2_population,pop:9bb7e4d888ff8605ae272c35,edition-target:lang:unresolved-tag:all-languages-package-must-preserve-every-localized-text-font-caption-si:global-especially-rural-low-income-d,POPULATION_OR_CONTEXT,offline_population_proxy,persons_not_using_internet_previous_3_months,,2200000000,,"ITU 2025 modelled estimate of people who did not use the Internet in the previous three months; Internet use, coverage, household access, device ownership, affordability, and skill are distinct measures.",2025,,,ITU_FF_2025,https://www.itu.int/itu-d/reports/statistics/facts-figures-2025/,,non_additive; never sum with another measure or measure class without a proved disjoint-person crosswalk,,V2_CANONICAL_EVIDENCE,false,aca1cb56765754f4d4a8ae8aa33fce0c2ef70569bb068f0d7a86d5af0d12eb4f,edition-target:lang:unresolved-tag:all-languages-package-must-preserve-every-localized-text-font-caption-si:global-especially-rural-low-income-d,,,edition-target:lang:unresolved-tag:all-languages-package-must-preserve-every-localized-text-font-caption-si:global-especially-rural-low-income-d,edition-target:lang:unresolved-tag:all-languages-package-must-preserve-every-localized-text-font-caption-si:global-especially-rural-low-income-d
canonical:pop:9c716ea01474c94ecbdbc6b0,v2_population,pop:9c716ea01474c94ecbdbc6b0,edition-target:lang:mad-Latn-ID,POPULATION_OR_CONTEXT,home_or_first_language,persons_daily_home_language_age5plus,,7743533,,BPS daily-home-language count for people age five and above.,2010,,,IDN_BPS_LANG_2010,https://www.bps.go.id/en/publication/2012/05/23/55eca38b7fe0830834605b35/nationality--ethnicity--religion--and-dailylanguage-of-indonesian-population.html,,non_additive; never sum with another measure or measure class without a proved disjoint-person crosswalk,,V2_CANONICAL_EVIDENCE,false,bcb7614672781999b6d994c189b71653dddc134e2c5e6b07a7b224b9481f809c,edition-target:lang:mad-Latn-ID,,,edition-target:lang:mad-Latn-ID,edition-target:lang:mad-Latn-ID
canonical:pop:9d4ded733152910f1b3b0d5a,v2_population,pop:9d4ded733152910f1b3b0d5a,edition-target:lang:gym-PA,POPULATION_OR_CONTEXT,ethnicity_or_identity_proxy,persons_indigenous_identity_proxy,,444878,,People identifying with the Ngäbere people; not a speaker count.,2023,,,SRC_AMAR_PAN_INEC_2023,https://www.inec.gob.pa/Publicaciones/Default3.aspx?ID_CATEGORIA=19&ID_PUBLICACION=1212&ID_SUBCATEGORIA=71,,non_additive; never sum with another measure or measure class without a proved disjoint-person crosswalk,,V2_CANONICAL_EVIDENCE,false,aa071d2494252ddefcaefa37f9836aecf86f34193ef62c4c94f341ee3d85617f,edition-target:lang:gym-PA,,,edition-target:lang:gym-PA,edition-target:lang:gym-PA
canonical:pop:9d8ad92cc3e2a7fd2d6fd8be,v2_population,pop:9d8ad92cc3e2a7fd2d6fd8be,edition-target:lang:id-Latn-ID,POPULATION_OR_CONTEXT,enrolment,SMK learner records,,4991122,,Administrative SMK student total displayed in the ministry dashboard snapshot.,2026-04-16 snapshot,,,KEMDIK_DAPODIK_2026,https://pd.data.kemdikbud.go.id/index.php?r=site%2Fdata,,non_additive; never sum with another measure or measure class without a proved disjoint-person crosswalk,,V2_CANONICAL_EVIDENCE,false,1c8a0b02ebadae83d699b8e35b80f5b7df9f4a8f88310680cbfc69c683188d2a,edition-target:lang:id-Latn-ID,,,edition-target:lang:id-Latn-ID,edition-target:lang:id-Latn-ID
canonical:pop:9db074df99ff7d37d3e242a7,v2_population,pop:9db074df99ff7d37d3e242a7,edition-target:macro:AMAR_MEX_OTOMI_LOCALITY_REQUIRED,POPULATION_OR_CONTEXT,speaker_or_reported_ability,persons_age3plus_language_speakers_aggregate,,298861,,People age 3+ reported under the census aggregate Otomí; not assignable to a local variety.,2020,,,SRC_AMAR_MEX_INEGI_2020,https://www.inegi.org.mx/contenidos/programas/ccpv/2020/doc/Censo2020_Principales_resultados_EUM.pdf,,non_additive; never sum with another measure or measure class without a proved disjoint-person crosswalk,,V2_CANONICAL_EVIDENCE,false,edc4fe38d92655da841e0ae1eaff2adc66a7ba414425669f3b5621dab2656ea6,edition-target:macro:AMAR_MEX_OTOMI_LOCALITY_REQUIRED,,,edition-target:macro:AMAR_MEX_OTOMI_LOCALITY_REQUIRED,edition-target:macro:AMAR_MEX_OTOMI_LOCALITY_REQUIRED
canonical:pop:9de4feeb1da6e16d31b714f6,v2_population,pop:9de4feeb1da6e16d31b714f6,edition-target:lang:zh-Hans-CN:written,POPULATION_OR_CONTEXT,enrolment,persons,,3546000,,Master's students enrolled in 2025,2025,,,SRC_MOE_EDU_2025,https://www.moe.gov.cn/jyb_sjzl/sjzl_fztjgb/202607/t20260706_1442870.html,,non_additive; never sum with another measure or measure class without a proved disjoint-person crosswalk,,V2_CANONICAL_EVIDENCE,false,5baf385a0c3a601d47fa82a71b454f90ac3a0e722d245a6a0d4cb8d8c0ef6aaf,edition-target:lang:zh-Hans-CN:written,,,edition-target:lang:zh-Hans-CN:written,edition-target:lang:zh-Hans-CN:written
canonical:pop:9e349abef5cd58a8ac3f2848,v2_population,pop:9e349abef5cd58a8ac3f2848,edition-target:lang:tk-Latn-TM,POPULATION_OR_CONTEXT,l1,people,6297965,6297965,6297965,Direct mother-tongue count in Census 2022.,2022,,,SRC_TURKMEN_CENSUS_2022,https://www.stat.gov.tm/population-census-pdfs/results/en/4.pdf,,non_additive; never sum with another measure or measure class without a proved disjoint-person crosswalk,,V2_CANONICAL_EVIDENCE,false,19b63d6eab8c8cb9fd7a4f916585765fdfcde1fd882c5b50d5600f5673588186,edition-target:lang:tk-Latn-TM,,,edition-target:lang:tk-Latn-TM,edition-target:lang:tk-Latn-TM
canonical:pop:9e445627cad3fa302ddb05c6,v2_population,pop:9e445627cad3fa302ddb05c6,edition-target:lang:unresolved-tag:bolivian-quechua-exact-regional-variety-required:bolivia-named-language-communities,POPULATION_OR_CONTEXT,speaker_or_reported_ability,persons_age6plus_greatest_use_language,,1170119,,People age 6+ reporting Bolivian Quechua as language of greatest use; not mother tongue.,2024,,,SRC_AMAR_BOL_INE_2024,https://anda.ine.gob.bo/index.php/catalog/163/variable/F8/V742?name=s01a_07_1,,non_additive; never sum with another measure or measure class without a proved disjoint-person crosswalk,,V2_CANONICAL_EVIDENCE,false,d881f3fddc200cf8657bcb5418b99107aef597f7351e95327e490ddfa6ca02e3,edition-target:lang:unresolved-tag:bolivian-quechua-exact-regional-variety-required:bolivia-named-language-communities,,,edition-target:lang:unresolved-tag:bolivian-quechua-exact-regional-variety-required:bolivia-named-language-communities,edition-target:lang:unresolved-tag:bolivian-quechua-exact-regional-variety-required:bolivia-named-language-communities
canonical:pop:9ef36b874f6ef94a6573a71b,v2_population,pop:9ef36b874f6ef94a6573a71b,edition-target:lang:mag-Deva-IN,POPULATION_OR_CONTEXT,l1,persons_L1,12706825,12706825,12706825,Mother-tongue return inside Hindi umbrella,2011,,,IND_C16_2011,https://censusindia.gov.in/nada/index.php/catalog/10191,,non_additive; never sum with another measure or measure class without a proved disjoint-person crosswalk,,V2_CANONICAL_EVIDENCE,false,4cd1ea150de05779268ade90d8a82c10f63351a3026c1cd53619359672c2eca5,edition-target:lang:mag-Deva-IN,,,edition-target:lang:mag-Deva-IN,edition-target:lang:mag-Deva-IN
canonical:pop:9f3f028bdf12a1289408abe3,v2_population,pop:9f3f028bdf12a1289408abe3,edition-target:lang:pui-CO,POPULATION_OR_CONTEXT,speaker_or_reported_ability,persons_named_language_speaker_estimate,,6468,,Named-language speaker estimate in the national decennial language plan.,,,,SRC_AMAR_COL_LANG_PLAN,https://dokumen.pub/plan-decenal-de-lenguas-nativas-de-colombia-9789587534948.html,,non_additive; never sum with another measure or measure class without a proved disjoint-person crosswalk,,V2_CANONICAL_EVIDENCE,false,ee1c8de2239d0b8afcffed7530a000c99896b78588e52bb3691087cdc7bc3aa9,edition-target:lang:pui-CO,,,edition-target:lang:pui-CO,edition-target:lang:pui-CO
canonical:pop:a03709d73062a925ce93d4af,v2_population,pop:a03709d73062a925ce93d4af,edition-target:lang:ipk-US,POPULATION_OR_CONTEXT,speaker_or_reported_ability,persons_language_speaker_approximate,,2144,,Approximate public estimate attributed to Alaska Native Language Center data; not an ACS exact count.,,,,SRC_AMAR_US_ALASKA_EST,https://www.elections.ca/content.aspx?dir=comp%2Fmar2922&document=p8&lang=e&section=abo,,non_additive; never sum with another measure or measure class without a proved disjoint-person crosswalk,,V2_CANONICAL_EVIDENCE,false,ef9e7e71907df98398496c95789cb8a856fcfd65e70d7fe98dfdd0e2e328cf78,edition-target:lang:ipk-US,,,edition-target:lang:ipk-US,edition-target:lang:ipk-US
canonical:pop:a0f69540c8c94eecf78cc8a8,v2_population,pop:a0f69540c8c94eecf78cc8a8,edition-target:lang:ss-Latn-ZA,POPULATION_OR_CONTEXT,percentage_only,percent,,2.8,,Share of South Africa population reporting siSwati as household language,2022,,,SRC_STATSSA_CENSUS_2022,https://www.statssa.gov.za/wp-content/uploads/2023/11/Mbalo-brief-November.pdf,,non_additive; never sum with another measure or measure class without a proved disjoint-person crosswalk,,V2_CANONICAL_EVIDENCE,false,6b95134e986a73578c01727ce2ca0718f1d2376bf0d5b3ef2b4b90f00ce481ab,edition-target:lang:ss-Latn-ZA,,,edition-target:lang:ss-Latn-ZA,edition-target:lang:ss-Latn-ZA
canonical:pop:a15c6e4ee31082c4afde22dc,v2_population,pop:a15c6e4ee31082c4afde22dc,edition-target:lang:kn-Knda-IN,POPULATION_OR_CONTEXT,l1,persons_L1,43506272,43506272,43506272,Raw Census mother-tongue count,2011,,,IND_C16_2011,https://censusindia.gov.in/nada/index.php/catalog/10191,,non_additive; never sum with another measure or measure class without a proved disjoint-person crosswalk,,V2_CANONICAL_EVIDENCE,false,f061ae3f1f27c9cca54fcf1879dd7e43e05c19dda164bb4068533318bd1be187,edition-target:lang:kn-Knda-IN,,,edition-target:lang:kn-Knda-IN,edition-target:lang:kn-Knda-IN
canonical:pop:a6b6435d855be4c853c0c779,v2_population,pop:a6b6435d855be4c853c0c779,edition-target:lang:unresolved-tag:chorote:argentina-people-self-identifying-as,POPULATION_OR_CONTEXT,percentage_only,percent_of_self_identified_people_speak_or_understand_own_language,,75.1,,Share of the self-identified Chorote people who speak or understand the people's language; denominator count is not encoded here.,2022,,,SRC_AMAR_ARG_INDEC_2022,https://www.indec.gob.ar/ftp/cuadros/poblacion/censo2022_poblacion_indigena.pdf,,non_additive; never sum with another measure or measure class without a proved disjoint-person crosswalk,,V2_CANONICAL_EVIDENCE,false,358d6b016f91e208cac69b4f07ee03dfaf4481bd2d051ac95a2428f0ec5508ff,edition-target:lang:unresolved-tag:chorote:argentina-people-self-identifying-as,,,edition-target:lang:unresolved-tag:chorote:argentina-people-self-identifying-as,edition-target:lang:unresolved-tag:chorote:argentina-people-self-identifying-as
canonical:pop:a7ccf6f53787d76698104186,v2_population,pop:a7ccf6f53787d76698104186,edition-target:lang:vmw-Latn-MZ,POPULATION_OR_CONTEXT,direct_reach_synthesis,people,6000000,7000000,8000000,Rounded direct-reach range for Emakhuwa,,,,,,,non_additive; never sum with another measure or measure class without a proved disjoint-person crosswalk,,V2_CANONICAL_EVIDENCE,false,079d5540bb8be022fcc88f4b19959e14eba8a6461cea25bfbf381b27973d7ed1,edition-target:lang:vmw-Latn-MZ,,,edition-target:lang:vmw-Latn-MZ,edition-target:lang:vmw-Latn-MZ
canonical:pop:a835e077ba3e6c32efee6233,v2_population,pop:a835e077ba3e6c32efee6233,edition-target:lang:srn-SR,POPULATION_OR_CONTEXT,households,households_main_language,,11802,,"Households using Sranan as main language; 50,143 households reported it second; not unique speakers.",2012,,,SRC_AMAR_SUR_CENSUS_2012,https://unstats.un.org/unsd/demographic-social/census/documents/Suriname/SUR-Census2012-vol3.pdf,,non_additive; never sum with another measure or measure class without a proved disjoint-person crosswalk,,V2_CANONICAL_EVIDENCE,false,f00ca9985205c7fe11a4ecf565fe1f31af503f97b0b8ef1ad2517a3f924fb706,edition-target:lang:srn-SR,,,edition-target:lang:srn-SR,edition-target:lang:srn-SR
canonical:pop:a8afbb883774ec362df03bd6,v2_population,pop:a8afbb883774ec362df03bd6,edition-target:lang:yag-CL,POPULATION_OR_CONTEXT,speaker_or_reported_ability,persons_age5plus_speak_or_understand,,785,,People age 5+ who speak or understand Yagán.,2024,,,SRC_AMAR_CHL_INE_2024,https://censo2024.ine.gob.cl/wp-content/uploads/2025/12/sintesis_resultados_censo2024.pdf,,non_additive; never sum with another measure or measure class without a proved disjoint-person crosswalk,,V2_CANONICAL_EVIDENCE,false,02cbd42dbe563ceecb13ea6c9ff874296cac1fa6d9054862f2861a7a3fb101e0,edition-target:lang:yag-CL,,,edition-target:lang:yag-CL,edition-target:lang:yag-CL
canonical:pop:a907d8aa1337cd5dc04f8208,v2_population,pop:a907d8aa1337cd5dc04f8208,edition-target:lang:ojw-CA,POPULATION_OR_CONTEXT,speaker_or_reported_ability,persons_2021_language_knowledge,,3630,,People reporting knowledge of Saulteau / Western Ojibway; mother-tongue count 2590. Counts randomly rounded.,2021,,,SRC_AMAR_CAN_ALGONQ_2021,https://www150.statcan.gc.ca/n1/pub/41-20-0002/412000022025002-eng.htm,,non_additive; never sum with another measure or measure class without a proved disjoint-person crosswalk,,V2_CANONICAL_EVIDENCE,false,5841595e8955a6b24611b5a064c3a4b196079eecc9150a64850dc2200ae24d8c,edition-target:lang:ojw-CA,,,edition-target:lang:ojw-CA,edition-target:lang:ojw-CA
canonical:pop:aa3625f74f46b80865bc80f1,v2_population,pop:aa3625f74f46b80865bc80f1,edition-target:lang:zh-Hans-CN:written,POPULATION_OR_CONTEXT,enrolment,persons,,18701000,,Full-time teachers in formal education in 2025,2025,,,SRC_MOE_EDU_2025,https://www.moe.gov.cn/jyb_sjzl/sjzl_fztjgb/202607/t20260706_1442870.html,,non_additive; never sum with another measure or measure class without a proved disjoint-person crosswalk,,V2_CANONICAL_EVIDENCE,false,5660ca8bb04e8b8d00176b120b21657c6b8b7e1e4808c240ebe0b2ceed8d2993,edition-target:lang:zh-Hans-CN:written,,,edition-target:lang:zh-Hans-CN:written,edition-target:lang:zh-Hans-CN:written
canonical:pop:aa904709cd64ce9f123a7a1e,v2_population,pop:aa904709cd64ce9f123a7a1e,edition-target:lang:nah-Latn-MX,POPULATION_OR_CONTEXT,macro_speaker_count,people,1651958,1651958,1651958,Age 3+ census-group speaker count.,2020,,,SRC_MEXICO_CENSUS_2020,https://cuentame.inegi.org.mx/descubre/poblacion/hablantes_de_lengua_indigena/,,non_additive; never sum with another measure or measure class without a proved disjoint-person crosswalk,,V2_CANONICAL_EVIDENCE,false,661c6908f42d285435a486f33895527937b10179580697b7dfcc3e8c7b092db6,edition-target:lang:nah-Latn-MX,,,edition-target:lang:nah-Latn-MX,edition-target:lang:nah-Latn-MX
canonical:pop:aac6052dd56799696f7c5694,v2_population,pop:aac6052dd56799696f7c5694,edition-target:lang:crm-CA,POPULATION_OR_CONTEXT,speaker_or_reported_ability,persons_2021_language_knowledge,,415,,People reporting knowledge of Ilimowin / Moose Cree; mother-tongue count 185. Counts randomly rounded.,2021,,,SRC_AMAR_CAN_ALGONQ_2021,https://www150.statcan.gc.ca/n1/pub/41-20-0002/412000022025002-eng.htm,,non_additive; never sum with another measure or measure class without a proved disjoint-person crosswalk,,V2_CANONICAL_EVIDENCE,false,301c340da3ae4bb2fb93c7c182e70a150ab8722e880867469441cc6883dbfcea,edition-target:lang:crm-CA,,,edition-target:lang:crm-CA,edition-target:lang:crm-CA
canonical:pop:aacdbe0f9297248b46d20583,v2_population,pop:aacdbe0f9297248b46d20583,edition-target:lang:zh-Hans-CN:written,POPULATION_OR_CONTEXT,enrolment,persons,,17663600,,Higher-vocational and associate students enrolled in 2025,2025,,,SRC_MOE_EDU_2025,https://www.moe.gov.cn/jyb_sjzl/sjzl_fztjgb/202607/t20260706_1442870.html,,non_additive; never sum with another measure or measure class without a proved disjoint-person crosswalk,,V2_CANONICAL_EVIDENCE,false,d7ff11e4039eb119e681181ed0f74d9c3cd056c13e2c51358827585c14f1fd97,edition-target:lang:zh-Hans-CN:written,,,edition-target:lang:zh-Hans-CN:written,edition-target:lang:zh-Hans-CN:written
canonical:pop:ab3f7ea7e89b8bb0fa118829,v2_population,pop:ab3f7ea7e89b8bb0fa118829,edition-target:lang:unresolved-tag:baikenu-uab-meto:timor-leste-baikenu-uab-meto-l1-comm,POPULATION_OR_CONTEXT,home_or_first_language,persons_L1,,69190,,2015 census L1 count reproduced in an open peer-reviewed study.,2015,,,TLS_CENSUS_LANGUAGE_STUDY,https://pmc.ncbi.nlm.nih.gov/articles/PMC9411783/,,non_additive; never sum with another measure or measure class without a proved disjoint-person crosswalk,,V2_CANONICAL_EVIDENCE,false,05d4f7cd96b37c02cb2180446059124b82b28f6b0f5895c61fae4f96524943e8,edition-target:lang:unresolved-tag:baikenu-uab-meto:timor-leste-baikenu-uab-meto-l1-comm,,,edition-target:lang:unresolved-tag:baikenu-uab-meto:timor-leste-baikenu-uab-meto-l1-comm,edition-target:lang:unresolved-tag:baikenu-uab-meto:timor-leste-baikenu-uab-meto-l1-comm
canonical:pop:ab4c9448490115421d6fbaf7,v2_population,pop:ab4c9448490115421d6fbaf7,edition-target:lang:sm-Latn-WS,POPULATION_OR_CONTEXT,territorial_exposure_ceiling,persons_resident_territory_ceiling,205557,205557,205557,Samoa resident population; not a Samoan-speaker count,2021,,,OIO_B1D3F3F2A172,https://www.sbs.gov.ws/documents/census/2021/Census_2021_Final_Report.pdf,,non_additive; never sum with another measure or measure class without a proved disjoint-person crosswalk,,V2_CANONICAL_EVIDENCE,false,049c0b325234bd621104a540ae3a39dfc911be8bad540a67b81d45e8e14ddc2f,edition-target:lang:sm-Latn-WS,,,edition-target:lang:sm-Latn-WS,edition-target:lang:sm-Latn-WS
canonical:pop:ad4aa2a6b7a507fecbac9d31,v2_population,pop:ad4aa2a6b7a507fecbac9d31,edition-target:lang:mfe-Latn-MU,POPULATION_OR_CONTEXT,home_language_aggregate,persons_primary_or_only_creole_aggregate,968952,968952,968952,Census primary/only 'Creole' category for Republic tables excluding Agalega; includes Rodrigues and is not an exact Kreol Morisien count,2022,,,OIO_CA36C5E73C30,https://statsmauritius.govmu.org/Documents/Census_and_Surveys/Census2022/HPC_TR_Vol2_Demography_Yr22.pdf,,non_additive; never sum with another measure or measure class without a proved disjoint-person crosswalk,,V2_CANONICAL_EVIDENCE,false,978df4724a30fade848df060eb52246d768d02bbb18777c7d6acf227b3705bf1,edition-target:lang:mfe-Latn-MU,,,edition-target:lang:mfe-Latn-MU,edition-target:lang:mfe-Latn-MU
canonical:pop:adc307888f76840dde175608,v2_population,pop:adc307888f76840dde175608,edition-target:lang:ja-Jpan-JP,POPULATION_OR_CONTEXT,territorial_or_age_exposure_ceiling,persons,,36243000,,Residents aged 65 and older; opportunity universe rather than measured educational-need count,2024,,,JPN-S001,https://www.stat.go.jp/data/jinsui/2024np/index.html,,non_additive; never sum with another measure or measure class without a proved disjoint-person crosswalk,,V2_CANONICAL_EVIDENCE,false,36b874195a74982d1159494cb158cef74537e23134dd6dc3bdf8f8aca6de6ca2,edition-target:lang:ja-Jpan-JP,,,edition-target:lang:ja-Jpan-JP,edition-target:lang:ja-Jpan-JP
canonical:pop:afafea95dd275726c602c270,v2_population,pop:afafea95dd275726c602c270,edition-target:lang:unresolved-tag:forest-nenets:russian-arctic-and-sub-arctic-forest,POPULATION_OR_CONTEXT,speaker_or_reported_ability,persons_within_named_people_reporting_same_named_language_knowledge_shared_where_noted,,23768,,"Shared same-named Nenets language-knowledge count; ethnic population 49,787; not split from Tundra Nenets.",2021,,,SRC_AMAR_RUS_ROSSTAT_2021,https://rosstat.gov.ru/storage/mediabank/Tom5_tab18_VPN-2020.xlsx,,non_additive; never sum with another measure or measure class without a proved disjoint-person crosswalk,,V2_CANONICAL_EVIDENCE,false,4f460e21b242e5163f211ed0e58a2fc3ba31515642c38131b2e63a6d08476df3,edition-target:lang:unresolved-tag:forest-nenets:russian-arctic-and-sub-arctic-forest,,,edition-target:lang:unresolved-tag:forest-nenets:russian-arctic-and-sub-arctic-forest,edition-target:lang:unresolved-tag:forest-nenets:russian-arctic-and-sub-arctic-forest
canonical:pop:b0d44a4ede0d71d52fcd5788,v2_population,pop:b0d44a4ede0d71d52fcd5788,edition-target:lang:unresolved-tag:guarani-occidental:paraguay-guarani-occidental-people,POPULATION_OR_CONTEXT,ethnicity_or_identity_proxy,persons_indigenous_identity_proxy,,4090,,People identifying with the Guaraní Occidental people; not a speaker count.,2022,,,SRC_AMAR_PRY_INDIG_2022,https://www.ine.gov.py/Publicaciones/Biblioteca/documento/237/Resultados-Finales-Censo-Indigena.pdf,,non_additive; never sum with another measure or measure class without a proved disjoint-person crosswalk,,V2_CANONICAL_EVIDENCE,false,549846b8bbe02f5e7884e85eb96aa45f114228a698b8eb1daf415af549a129c7,edition-target:lang:unresolved-tag:guarani-occidental:paraguay-guarani-occidental-people,,,edition-target:lang:unresolved-tag:guarani-occidental:paraguay-guarani-occidental-people,edition-target:lang:unresolved-tag:guarani-occidental:paraguay-guarani-occidental-people
canonical:pop:b133abe0a852d079e781a91f,v2_population,pop:b133abe0a852d079e781a91f,edition-target:lang:bfn-Latn-TL,POPULATION_OR_CONTEXT,home_or_first_language,persons_L1,,64686,,2015 census L1 count reproduced in an open peer-reviewed study.,2015,,,TLS_CENSUS_LANGUAGE_STUDY,https://pmc.ncbi.nlm.nih.gov/articles/PMC9411783/,,non_additive; never sum with another measure or measure class without a proved disjoint-person crosswalk,,V2_CANONICAL_EVIDENCE,false,bcf0038277de4a508178728f3b5df1ec37a770221c2e34f4d5dbfe7d1211c2d2,edition-target:lang:bfn-Latn-TL,,,edition-target:lang:bfn-Latn-TL,edition-target:lang:bfn-Latn-TL
canonical:pop:b1345564bfe8cd3e3207cfd3,v2_population,pop:b1345564bfe8cd3e3207cfd3,edition-target:lang:id-Latn-ID,POPULATION_OR_CONTEXT,enrolment,master's plus doctoral enrolments,,479045,,"Sum of 405,551 master's and 73,494 doctoral programme enrolments reported by PDDikti for 2025.",2025,,,PDDIKTI_HE_2025,https://lldikti3.kemdiktisaintek.go.id/wp-content/uploads/2026/05/Buku-Statistik-Pendidikan-Tinggi-Tahun-2025.pdf,,non_additive; never sum with another measure or measure class without a proved disjoint-person crosswalk,,V2_CANONICAL_EVIDENCE,false,fb4a0326c19aa9c2e1f36d73df0112a110dedf8dbf125f815a824bc4c5d0c83a,edition-target:lang:id-Latn-ID,,,edition-target:lang:id-Latn-ID,edition-target:lang:id-Latn-ID
canonical:pop:b198cd8a95b8f03c4f6ba425,v2_population,pop:b198cd8a95b8f03c4f6ba425,edition-target:lang:nr-Latn-ZA,POPULATION_OR_CONTEXT,percentage_only,percent,,1.7,,Share of South Africa population reporting isiNdebele as household language,2022,,,SRC_STATSSA_CENSUS_2022,https://www.statssa.gov.za/wp-content/uploads/2023/11/Mbalo-brief-November.pdf,,non_additive; never sum with another measure or measure class without a proved disjoint-person crosswalk,,V2_CANONICAL_EVIDENCE,false,607f90027366a212663d222312d120207c51060c7a0d630c3a86dc60e1cda7e8,edition-target:lang:nr-Latn-ZA,,,edition-target:lang:nr-Latn-ZA,edition-target:lang:nr-Latn-ZA
canonical:pop:b2bc51a8af09b7a1857ac96d,v2_population,pop:b2bc51a8af09b7a1857ac96d,edition-target:lang:id-Latn-ID,POPULATION_OR_CONTEXT,enrolment,represented in-school 15-year-olds,,3790800,,"PISA 2022 weighted target population represented by 13,439 sampled students in 410 schools; about 85% of all Indonesian 15-year-olds.",2022,,,OECD_PISA_2022,https://www.oecd.org/en/publications/pisa-2022-results-volume-i-and-ii-country-notes_ed6fbcc5-en/indonesia_c2e1ae0e-en.html,,non_additive; never sum with another measure or measure class without a proved disjoint-person crosswalk,,V2_CANONICAL_EVIDENCE,false,d8f21dfa48849e958a5e0ddfe70662618f267faf0fcea8d6dd7cede824ec692f,edition-target:lang:id-Latn-ID,,,edition-target:lang:id-Latn-ID,edition-target:lang:id-Latn-ID
canonical:pop:b2c1241d17e3e0cd61e9536b,v2_population,pop:b2c1241d17e3e0cd61e9536b,edition-target:lang:fud-Latn-WF,POPULATION_OR_CONTEXT,territorial_exposure_ceiling,persons_island_population_ceiling,3063,3063,3063,Futuna resident population; not a Futunan-speaker count,2023,,,OIO_AEAB1D32F6F8,https://www.insee.fr/fr/statistiques/8272934,,non_additive; never sum with another measure or measure class without a proved disjoint-person crosswalk,,V2_CANONICAL_EVIDENCE,false,779bedcacb392dc4b04c38139e2a24598cc367daa99366d4b4f7669efc21ca38,edition-target:lang:fud-Latn-WF,,,edition-target:lang:fud-Latn-WF,edition-target:lang:fud-Latn-WF
canonical:pop:b32ab588ff384a47fb4e0d3d,v2_population,pop:b32ab588ff384a47fb4e0d3d,edition-target:lang:as-Beng-IN,POPULATION_OR_CONTEXT,l1,persons_L1,14816414,14816414,14816414,Raw Census mother-tongue count,2011,,,IND_C16_2011,https://censusindia.gov.in/nada/index.php/catalog/10191,,non_additive; never sum with another measure or measure class without a proved disjoint-person crosswalk,,V2_CANONICAL_EVIDENCE,false,035cb74873a32b78198a6aa1fbaca2b07c4758f0e87efc6ed785d37d88d22d55,edition-target:lang:as-Beng-IN,,,edition-target:lang:as-Beng-IN,edition-target:lang:as-Beng-IN
canonical:pop:b48441f340bdabc0377d6cd6,v2_population,pop:b48441f340bdabc0377d6cd6,edition-target:lang:id-Latn-ID,POPULATION_OR_CONTEXT,status_cohort,reported people affected or displaced,,8136271,,BNPB's finalized 2024 sum of people affected or displaced across recorded disasters.,2024,,,BNPB_DISASTER_2024,https://bnpb.go.id/storage/app/media/Buletin%20Info%20Bencana/Buku%20Data%20Bencana%202024/20250613_Buku%20Data%202024.pdf,,non_additive; never sum with another measure or measure class without a proved disjoint-person crosswalk,,V2_CANONICAL_EVIDENCE,false,035dcf5919a91f818124c07be0bc44980e3993f6fe6161b18fc7a1dc2e19ca8b,edition-target:lang:id-Latn-ID,,,edition-target:lang:id-Latn-ID,edition-target:lang:id-Latn-ID
canonical:pop:b55df3c620acbeaa7bc68f6c,v2_population,pop:b55df3c620acbeaa7bc68f6c,edition-target:lang:tn-Latn-ZA,POPULATION_OR_CONTEXT,percentage_only,percent,,8.3,,Share of South Africa population reporting Setswana as household language,2022,,,SRC_STATSSA_CENSUS_2022,https://www.statssa.gov.za/wp-content/uploads/2023/11/Mbalo-brief-November.pdf,,non_additive; never sum with another measure or measure class without a proved disjoint-person crosswalk,,V2_CANONICAL_EVIDENCE,false,30caef33b30e2824fc545f89611cdef4483f0ebc50ec76c72557144dc3d1dcc0,edition-target:lang:tn-Latn-ZA,,,edition-target:lang:tn-Latn-ZA,edition-target:lang:tn-Latn-ZA
canonical:pop:b6d0c116290d0ccb5c33f5fe,v2_population,pop:b6d0c116290d0ccb5c33f5fe,edition-target:lang:alc-CL,POPULATION_OR_CONTEXT,speaker_or_reported_ability,persons_age5plus_speak_or_understand,,656,,People age 5+ who speak or understand Kawésqar.,2024,,,SRC_AMAR_CHL_INE_2024,https://censo2024.ine.gob.cl/wp-content/uploads/2025/12/sintesis_resultados_censo2024.pdf,,non_additive; never sum with another measure or measure class without a proved disjoint-person crosswalk,,V2_CANONICAL_EVIDENCE,false,9f75d452f72926136ba5149d5a414745dc88075b927318fef1f7ad8b630fa598,edition-target:lang:alc-CL,,,edition-target:lang:alc-CL,edition-target:lang:alc-CL
canonical:pop:b7c1eaea387e73b8613377ef,v2_population,pop:b7c1eaea387e73b8613377ef,edition-target:lang:mns-RU,POPULATION_OR_CONTEXT,speaker_or_reported_ability,persons_within_named_people_reporting_same_named_language_knowledge_shared_where_noted,,1236,,"Mansi people reporting knowledge of Mansi; ethnic population 12,308.",2021,,,SRC_AMAR_RUS_ROSSTAT_2021,https://rosstat.gov.ru/storage/mediabank/Tom5_tab18_VPN-2020.xlsx,,non_additive; never sum with another measure or measure class without a proved disjoint-person crosswalk,,V2_CANONICAL_EVIDENCE,false,27d6bdc802fc811b47a4b42fb4c38fedbdb3a495d69acdd9363e3c3251030ba8,edition-target:lang:mns-RU,,,edition-target:lang:mns-RU,edition-target:lang:mns-RU
canonical:pop:b8c01a4124e6739102ae7d98,v2_population,pop:b8c01a4124e6739102ae7d98,edition-target:lang:ml-Mlym-IN,POPULATION_OR_CONTEXT,l1,persons_L1,34776533,34776533,34776533,Raw Census mother-tongue count,2011,,,IND_C16_2011,https://censusindia.gov.in/nada/index.php/catalog/10191,,non_additive; never sum with another measure or measure class without a proved disjoint-person crosswalk,,V2_CANONICAL_EVIDENCE,false,49ad30ce46e88662d809e4f616eea9866106e4d14bd3f7f49c1749a0b5c71d33,edition-target:lang:ml-Mlym-IN,,,edition-target:lang:ml-Mlym-IN,edition-target:lang:ml-Mlym-IN
canonical:pop:b90d6a7e151accd0a7ca3e09,v2_population,pop:b90d6a7e151accd0a7ca3e09,edition-target:lang:haw-Latn-US,POPULATION_OR_CONTEXT,enrolment,learners_hawaiian_medium,3772,3772,3772,"2,452 department-school plus 1,320 charter-school Hawaiian-medium learners",2024–25,,,OIO_E48D7AE0994A,https://hawaiipublicschools.org/academics/hawaiian-education/mo%CA%BBaukala-o-ka-papahana-kaiapuni/,,non_additive; never sum with another measure or measure class without a proved disjoint-person crosswalk,,V2_CANONICAL_EVIDENCE,false,3c81b9b6c30b4398262b1afefe84d27d4fb905be882f746e15f15b76bbfe4cdc,edition-target:lang:haw-Latn-US,,,edition-target:lang:haw-Latn-US,edition-target:lang:haw-Latn-US
canonical:pop:b9782224e35c51f20fff91e0,v2_population,pop:b9782224e35c51f20fff91e0,edition-target:lang:pcm-Latn-NG,POPULATION_OR_CONTEXT,speaker_estimate_lower_bound,people,60000000,,,Institutional lower-bound statement: well over 60m residents speak Nigerian Pidgin effortlessly.,2025,,,SRC_NBC_PIDGIN_2025,https://www.nbc.gov.ng/wp-content/uploads/2025/10/ABJ-Complete-Vol-3-No-1-September-2025.pdf,,non_additive; never sum with another measure or measure class without a proved disjoint-person crosswalk,,V2_CANONICAL_EVIDENCE,false,122f91def2a59eaa51488f1973a74bddaa4b34ec0099096869fec357b6636ad2,edition-target:lang:pcm-Latn-NG,,,edition-target:lang:pcm-Latn-NG,edition-target:lang:pcm-Latn-NG
canonical:pop:ba4061fcdecd26b34bbe6489,v2_population,pop:ba4061fcdecd26b34bbe6489,edition-target:lang:yrk-RU,POPULATION_OR_CONTEXT,speaker_or_reported_ability,persons_within_named_people_reporting_same_named_language_knowledge_shared_where_noted,,23768,,"Shared same-named Nenets language-knowledge count; ethnic population 49,787; not split from Forest Nenets.",2021,,,SRC_AMAR_RUS_ROSSTAT_2021,https://rosstat.gov.ru/storage/mediabank/Tom5_tab18_VPN-2020.xlsx,,non_additive; never sum with another measure or measure class without a proved disjoint-person crosswalk,,V2_CANONICAL_EVIDENCE,false,af63678dea76eef3801b464e9edbd744c3920365be69a2f6e10136be193fc255,edition-target:lang:yrk-RU,,,edition-target:lang:yrk-RU,edition-target:lang:yrk-RU
canonical:pop:bb11c7c009055ee8da5fbca3,v2_population,pop:bb11c7c009055ee8da5fbca3,edition-target:lang:aa-Latn-ET,POPULATION_OR_CONTEXT,persons_basis_not_stated,people,,1281284,,2007 Ethiopia mother-tongue count,2007,,,SRC_ESS_CENSUS_2007,https://drs.ess.gov.et/bitstreams/61d74990-69a7-4f11-8e91-9234ca31d94f/download,,non_additive; never sum with another measure or measure class without a proved disjoint-person crosswalk,,V2_CANONICAL_EVIDENCE,false,253b10023ecd9ed891294e6ebb6ceee304e791995b9b7a50ffa567ca4335077d,edition-target:lang:aa-Latn-ET,,,edition-target:lang:aa-Latn-ET,edition-target:lang:aa-Latn-ET
canonical:pop:bb1f9c37fb86a780512196e9,v2_population,pop:bb1f9c37fb86a780512196e9,edition-target:lang:min-Latn-ID,POPULATION_OR_CONTEXT,home_or_first_language,persons_daily_home_language_age5plus,,4230000,,Rounded BPS daily-home-language count for people age five and above.,2010,,,IDN_BPS_LANG_2010,https://www.bps.go.id/en/publication/2012/05/23/55eca38b7fe0830834605b35/nationality--ethnicity--religion--and-dailylanguage-of-indonesian-population.html,,non_additive; never sum with another measure or measure class without a proved disjoint-person crosswalk,,V2_CANONICAL_EVIDENCE,false,bdc8270f365f61c8ff75a7f92ee48df7ade3f0ce8abaa26eff675c7bef39424f,edition-target:lang:min-Latn-ID,,,edition-target:lang:min-Latn-ID,edition-target:lang:min-Latn-ID
canonical:pop:bb761324b92645d05f18b46e,v2_population,pop:bb761324b92645d05f18b46e,edition-target:lang:id-Latn-ID,POPULATION_OR_CONTEXT,enrolment,higher-education enrolments,,10754154,,All programme enrolments reported by PDDikti for 2025.,2025,,,PDDIKTI_HE_2025,https://lldikti3.kemdiktisaintek.go.id/wp-content/uploads/2026/05/Buku-Statistik-Pendidikan-Tinggi-Tahun-2025.pdf,,non_additive; never sum with another measure or measure class without a proved disjoint-person crosswalk,,V2_CANONICAL_EVIDENCE,false,f8feb8dbbb728d679309233439c1be38c29113329acf8f0af03a39f96c6f8ebd,edition-target:lang:id-Latn-ID,,,edition-target:lang:id-Latn-ID,edition-target:lang:id-Latn-ID
canonical:pop:bbe199a06c15dc411f4b0e33,v2_population,pop:bbe199a06c15dc411f4b0e33,edition-target:lang:prl-PE,POPULATION_OR_CONTEXT,l1,people,10447,10447,10447,People returning Peruvian Sign Language as mother tongue in Census 2017.,2017,,,SRC_PERU_CENSUS_2017,https://www.inei.gob.pe/media/MenuRecursivo/publicaciones_digitales/Est/Lib1803/libro.pdf,,non_additive; never sum with another measure or measure class without a proved disjoint-person crosswalk,,V2_CANONICAL_EVIDENCE,false,467affd0b495a7c8227b836996454a6a1344cdad78f8ecef19be9bfc4e124ddd,edition-target:lang:prl-PE,,,edition-target:lang:prl-PE,edition-target:lang:prl-PE
canonical:pop:becc4683c53126aa8e06ec32,v2_population,pop:becc4683c53126aa8e06ec32,edition-target:lang:kek-GT,POPULATION_OR_CONTEXT,home_or_first_language,persons_age4plus_mother_tongue,,1127387,,People age 4+ reporting Q’eqchi’ as mother tongue.,2018,,,SRC_AMAR_GTM_INE_2018,https://censo2018.ine.gob.gt/archivos/resultados_censo2018.pdf,,non_additive; never sum with another measure or measure class without a proved disjoint-person crosswalk,,V2_CANONICAL_EVIDENCE,false,5b32fc8b950c8ec24d692ede02c809d54e0fa858ee88ff00b8e5cb72d276eb58,edition-target:lang:kek-GT,,,edition-target:lang:kek-GT,edition-target:lang:kek-GT
canonical:pop:bf362e50303e45ff779d28ae,v2_population,pop:bf362e50303e45ff779d28ae,edition-target:lang:guc-VE,POPULATION_OR_CONTEXT,ethnicity_or_identity_proxy,persons_indigenous_identity_stale_proxy,,413437,,Wayuu identity count; not a Wayuunaiki speaker count.,2011,,,SRC_AMAR_VEN_INE_2011,https://celade.cepal.org/censosinfo/manuales/VE_EmpadronPobIndigena_2011.pdf,,non_additive; never sum with another measure or measure class without a proved disjoint-person crosswalk,,V2_CANONICAL_EVIDENCE,false,647dbde5343a101096f527083af0277bdfece59419fd6ffa1981ca8f74d764df,edition-target:lang:guc-VE,,,edition-target:lang:guc-VE,edition-target:lang:guc-VE
canonical:pop:bf3f6da85b3c7e110622c2a9,v2_population,pop:bf3f6da85b3c7e110622c2a9,edition-target:lang:pid-VE,POPULATION_OR_CONTEXT,ethnicity_or_identity_proxy,persons_indigenous_identity_stale_proxy,,19293,,Piaroa identity count; not a speaker count.,2011,,,SRC_AMAR_VEN_INE_2011,https://celade.cepal.org/censosinfo/manuales/VE_EmpadronPobIndigena_2011.pdf,,non_additive; never sum with another measure or measure class without a proved disjoint-person crosswalk,,V2_CANONICAL_EVIDENCE,false,d7f7ba84f06125cd215c0b8d79e8d130b565703af78eb6bd438ac20ce2bfa9ee,edition-target:lang:pid-VE,,,edition-target:lang:pid-VE,edition-target:lang:pid-VE
canonical:pop:bfde747d90b71d839629a249,v2_population,pop:bfde747d90b71d839629a249,edition-target:lang:pri-Latn-NC,POPULATION_OR_CONTEXT,speaker_or_reported_ability,persons_age15plus_speaking,6500,6500,6500,People aged 15+ reported speaking the named language,2019,,,OIO_9D74E354F4EB,https://www.isee.nc/component/phocadownload/category/269-recensement-de-la-population?download=2186%3Arp-2019-la-population-vivant-en-tribus,,non_additive; never sum with another measure or measure class without a proved disjoint-person crosswalk,,V2_CANONICAL_EVIDENCE,false,21e223405042d174746cfbaa5ca0b56eaf9dc4f6d7da82676c1ea62cb07deae0,edition-target:lang:pri-Latn-NC,,,edition-target:lang:pri-Latn-NC,edition-target:lang:pri-Latn-NC
canonical:pop:c106b99899cbaa7a7dff7d35,v2_population,pop:c106b99899cbaa7a7dff7d35,edition-target:lang:ayr-BO,POPULATION_OR_CONTEXT,speaker_or_reported_ability,persons_age6plus_greatest_use_language,,457358,,People age 6+ reporting Bolivian Aymara as language of greatest use; not mother tongue.,2024,,,SRC_AMAR_BOL_INE_2024,https://anda.ine.gob.bo/index.php/catalog/163/variable/F8/V742?name=s01a_07_1,,non_additive; never sum with another measure or measure class without a proved disjoint-person crosswalk,,V2_CANONICAL_EVIDENCE,false,88e1c15846e2f8a7fee86c42c13d6fa6f7ea2d4c777965c9010898375ca4ac59,edition-target:lang:ayr-BO,,,edition-target:lang:ayr-BO,edition-target:lang:ayr-BO
canonical:pop:c13ca84f0a0ea2bced9b52f6,v2_population,pop:c13ca84f0a0ea2bced9b52f6,edition-target:lang:csw-CA,POPULATION_OR_CONTEXT,speaker_or_reported_ability,persons_2021_language_knowledge,,4670,,People reporting knowledge of Nehinawewin / Swampy Cree; mother-tongue count 3135. Counts randomly rounded.,2021,,,SRC_AMAR_CAN_ALGONQ_2021,https://www150.statcan.gc.ca/n1/pub/41-20-0002/412000022025002-eng.htm,,non_additive; never sum with another measure or measure class without a proved disjoint-person crosswalk,,V2_CANONICAL_EVIDENCE,false,eb49ca2416e380bc2205af0bf6a2cd5841defa4d102385d4a6cceecb4368cf7c,edition-target:lang:csw-CA,,,edition-target:lang:csw-CA,edition-target:lang:csw-CA
canonical:pop:c1fc631ccd236095a8a9e2f6,v2_population,pop:c1fc631ccd236095a8a9e2f6,edition-target:lang:unresolved-tag:sishee:new-caledonia-sishee-using-communiti,POPULATION_OR_CONTEXT,speaker_or_reported_ability,persons_age15plus_speaking,10,10,10,People aged 15+ reported speaking the named language,2019,,,OIO_9D74E354F4EB,https://www.isee.nc/component/phocadownload/category/269-recensement-de-la-population?download=2186%3Arp-2019-la-population-vivant-en-tribus,,non_additive; never sum with another measure or measure class without a proved disjoint-person crosswalk,,V2_CANONICAL_EVIDENCE,false,e40a4de3d67c269d36e24db6f0125553b0064a131dd7dba6f5a9e9931d49fe0a,edition-target:lang:unresolved-tag:sishee:new-caledonia-sishee-using-communiti,,,edition-target:lang:unresolved-tag:sishee:new-caledonia-sishee-using-communiti,edition-target:lang:unresolved-tag:sishee:new-caledonia-sishee-using-communiti
canonical:pop:c2ba79cb9b626b5f9ce2846a,v2_population,pop:c2ba79cb9b626b5f9ce2846a,edition-target:lang:unresolved-tag:pai-tavytera:paraguay-pai-tavytera-people,POPULATION_OR_CONTEXT,ethnicity_or_identity_proxy,persons_indigenous_identity_proxy,,15706,,People identifying with the Paĩ Tavyterã people; not a speaker count.,2022,,,SRC_AMAR_PRY_INDIG_2022,https://www.ine.gov.py/Publicaciones/Biblioteca/documento/237/Resultados-Finales-Censo-Indigena.pdf,,non_additive; never sum with another measure or measure class without a proved disjoint-person crosswalk,,V2_CANONICAL_EVIDENCE,false,a279f679a75c9e499f6c3f473761a1678ad9d873bcb0c57f5e53a3f679907320,edition-target:lang:unresolved-tag:pai-tavytera:paraguay-pai-tavytera-people,,,edition-target:lang:unresolved-tag:pai-tavytera:paraguay-pai-tavytera-people,edition-target:lang:unresolved-tag:pai-tavytera:paraguay-pai-tavytera-people
canonical:pop:c32dbfb48e27c345279800e1,v2_population,pop:c32dbfb48e27c345279800e1,edition-target:lang:hat-HT,POPULATION_OR_CONTEXT,territorial_exposure_ceiling,persons_total_national_population_proxy,,11867032,,"Official 2024 population; UNESCO cites Kreyòl as primary for 98%, including 80% exclusive, but no count is derived here.",2024,,,SRC_AMAR_HTI_IHSI_2024,https://ihsi.gouv.ht/public/storage/document-views/March2025/Oan4m17p5LEKtsGEnHgt.pdf,,non_additive; never sum with another measure or measure class without a proved disjoint-person crosswalk,,V2_CANONICAL_EVIDENCE,false,82ae7d2cfb063909b8733690493f6cefa0148c51b32ec6182eaeb04ecc284e6a,edition-target:lang:hat-HT,,,edition-target:lang:hat-HT,edition-target:lang:hat-HT
canonical:pop:c3af1aadbac0a0947cc2bc4e,v2_population,pop:c3af1aadbac0a0947cc2bc4e,edition-target:lang:az-Latn-AZ,POPULATION_OR_CONTEXT,l1_proxy,people,9436100,9436100,9436100,Ethnic Azerbaijanis reporting their ethnic language as native in Census 2019.,2019,,,SRC_AZERBAIJAN_2019,https://www.stat.gov.az/menu/6/statistical_yearbooks/source/stat-yearbook_2024.pdf,,non_additive; never sum with another measure or measure class without a proved disjoint-person crosswalk,,V2_CANONICAL_EVIDENCE,false,f4d36028dd7842353fdb3a8651ff51ac4aedcc98020a6055a29a8073063b7e68,edition-target:lang:az-Latn-AZ,,,edition-target:lang:az-Latn-AZ,edition-target:lang:az-Latn-AZ
canonical:pop:c591f725fcf8e0af6e59fe1f,v2_population,pop:c591f725fcf8e0af6e59fe1f,edition-target:lang:eu-Latn-ES,POPULATION_OR_CONTEXT,reported_ability,people,936812,936812,936812,People speaking or understanding Basque well in Census 2021.,2021,,,SRC_EUSTAT_BASQUE_2021,https://en.eustat.eus/estad/id_16/ti_Population%20and%20housing%20census.%20Basque/latest-press-release.html,,non_additive; never sum with another measure or measure class without a proved disjoint-person crosswalk,,V2_CANONICAL_EVIDENCE,false,d02ff9ce44c9b4e3e756302c21ee4614696ca890563bf8cdaed2d61c78141d07,edition-target:lang:eu-Latn-ES,,,edition-target:lang:eu-Latn-ES,edition-target:lang:eu-Latn-ES
canonical:pop:c5dda9e4ddf9846934b7f971,v2_population,pop:c5dda9e4ddf9846934b7f971,edition-target:lang:pap-BQ,POPULATION_OR_CONTEXT,percentage_only,percent_residents_age15plus_main_language_sample,,62.4,,2021 sample share age 15+ naming Papiamentu main language; 88.4% could speak it and 91.4% were multilingual.,2021,,,SRC_AMAR_BON_CBS_2021,https://www.cbs.nl/en-gb/longread/diversen/2025/the-dutch-caribbean-15-years-after-the-dissolution-of-the-netherlands-antilles/3-population,,non_additive; never sum with another measure or measure class without a proved disjoint-person crosswalk,,V2_CANONICAL_EVIDENCE,false,d01c05ebc2c11c506669591f5c1af712e63febde135f9cf566a9c9af916f31ef,edition-target:lang:pap-BQ,,,edition-target:lang:pap-BQ,edition-target:lang:pap-BQ
canonical:pop:c5f8aac39879ab4441abf389,v2_population,pop:c5f8aac39879ab4441abf389,edition-target:lang:jam-JM,POPULATION_OR_CONTEXT,percentage_only,percent_adults_jamaican_only_competence_survey,,36.5,,Representative 2007 survey share Jamaican-only; 46.4% bilingual and 17.1% Standard Jamaican English-only; not a current population count.,2007,,,SRC_AMAR_JAM_JLU_2007,https://www.mona.uwi.edu/dllp/sites/default/files/dllp/The%20Language%20Competence%20Survey%20of%20Jamaica%20-%20Data%20Analysis.pdf,,non_additive; never sum with another measure or measure class without a proved disjoint-person crosswalk,,V2_CANONICAL_EVIDENCE,false,776dadd740f3653872a106705e8eeccdab3b6e350213116e922438e295858d10,edition-target:lang:jam-JM,,,edition-target:lang:jam-JM,edition-target:lang:jam-JM
canonical:pop:c729e20bba5b319d043754c8,v2_population,pop:c729e20bba5b319d043754c8,edition-target:lang:ts-Latn-ZA,POPULATION_OR_CONTEXT,percentage_only,percent,,4.7,,Share of South Africa population reporting itsonga as household language,2022,,,SRC_STATSSA_CENSUS_2022,https://www.statssa.gov.za/wp-content/uploads/2023/11/Mbalo-brief-November.pdf,,non_additive; never sum with another measure or measure class without a proved disjoint-person crosswalk,,V2_CANONICAL_EVIDENCE,false,c31ed5036ba59e53503d005206ef57b28bef36da5410aa1b7e361a992e805fbb,edition-target:lang:ts-Latn-ZA,,,edition-target:lang:ts-Latn-ZA,edition-target:lang:ts-Latn-ZA
canonical:pop:c77ff8879f08726640f78e00,v2_population,pop:c77ff8879f08726640f78e00,edition-target:lang:tuf-CO,POPULATION_OR_CONTEXT,speaker_or_reported_ability,persons_named_language_speaker_estimate,,8713,,Named-language speaker estimate in the national decennial language plan.,,,,SRC_AMAR_COL_LANG_PLAN,https://dokumen.pub/plan-decenal-de-lenguas-nativas-de-colombia-9789587534948.html,,non_additive; never sum with another measure or measure class without a proved disjoint-person crosswalk,,V2_CANONICAL_EVIDENCE,false,9e4b9331e3fb4a5ee9c1a234e6d272b792e7e373eaae4628c838cefeaf52e6ec,edition-target:lang:tuf-CO,,,edition-target:lang:tuf-CO,edition-target:lang:tuf-CO
canonical:pop:c79b7c07655504542a6a59e7,v2_population,pop:c79b7c07655504542a6a59e7,edition-target:macro:AMAR_MEX_TOTONAC_LOCALITY_REQUIRED,POPULATION_OR_CONTEXT,speaker_or_reported_ability,persons_age3plus_language_speakers_aggregate,,256344,,People age 3+ reported under the census aggregate Totonac; not assignable to a local variety.,2020,,,SRC_AMAR_MEX_INEGI_2020,https://www.inegi.org.mx/contenidos/programas/ccpv/2020/doc/Censo2020_Principales_resultados_EUM.pdf,,non_additive; never sum with another measure or measure class without a proved disjoint-person crosswalk,,V2_CANONICAL_EVIDENCE,false,2bce5672d422deb63c1aa3e4b95bbce6e6b2d6251105d1b84be3f53a23c335e7,edition-target:macro:AMAR_MEX_TOTONAC_LOCALITY_REQUIRED,,,edition-target:macro:AMAR_MEX_TOTONAC_LOCALITY_REQUIRED,edition-target:macro:AMAR_MEX_TOTONAC_LOCALITY_REQUIRED
canonical:pop:c79d42a751eb7a4d58189e79,v2_population,pop:c79d42a751eb7a4d58189e79,edition-target:lang:ms-Latn-SG,POPULATION_OR_CONTEXT,ethnicity_or_identity_proxy,persons_ethnicity_proxy_age5plus,,496659,,"2020 Malay residents age five and above; ethnicity, not direct speaker count.",2020,,,SGP_CENSUS_2020,https://www.singstat.gov.sg/-/media/files/publications/cop2020/sr1/cop2020sr1.pdf,,non_additive; never sum with another measure or measure class without a proved disjoint-person crosswalk,,V2_CANONICAL_EVIDENCE,false,84012feb54b6c76f37f975e1c6e9f5e35bba03bb643dc838f46613dfe28bcc8d,edition-target:lang:ms-Latn-SG,,,edition-target:lang:ms-Latn-SG,edition-target:lang:ms-Latn-SG
canonical:pop:c85173e47bc97f99f5576940,v2_population,pop:c85173e47bc97f99f5576940,edition-target:lang:ikt-CA,POPULATION_OR_CONTEXT,speaker_or_reported_ability,persons_2021_language_knowledge,,790,,People reporting knowledge of Inuinnaqtun; mother-tongue count 500. Counts randomly rounded.,2021,,,SRC_AMAR_CAN_INUKTUT_2021,https://www150.statcan.gc.ca/n1/pub/41-20-0002/412000022025004-eng.htm,,non_additive; never sum with another measure or measure class without a proved disjoint-person crosswalk,,V2_CANONICAL_EVIDENCE,false,1d4705b02f875c673d45673777f5b18bda1774b4763a4afd878fe3b7df63b7d8,edition-target:lang:ikt-CA,,,edition-target:lang:ikt-CA,edition-target:lang:ikt-CA
canonical:pop:c86b2fd35785f5e5da7724cf,v2_population,pop:c86b2fd35785f5e5da7724cf,edition-target:lang:unresolved-tag:any-target-written-language-easy-read-conventions-and-images-require-loc:global-instantiate-by-language-cogni,POPULATION_OR_CONTEXT,disability_proxy,persons_per_1000_population_intellectual_disability_meta_analysis,9.55,10.37,11.18,"Pooled intellectual-disability prevalence per 1,000 population from 52 population-based studies published 1980-2009; 95% CI 9.55-11.18; heterogeneous definitions, ascertainment, settings, ages, and income groups.",1980-2009,,,MAULIK_ID_2011,https://pubmed.ncbi.nlm.nih.gov/21236634/,,non_additive; never sum with another measure or measure class without a proved disjoint-person crosswalk,,V2_CANONICAL_EVIDENCE,false,4800727ba96cfa684733df8e811ec39866bd598ddcaa6fee36a81044e47598c5,edition-target:lang:unresolved-tag:any-target-written-language-easy-read-conventions-and-images-require-loc:global-instantiate-by-language-cogni,,,edition-target:lang:unresolved-tag:any-target-written-language-easy-read-conventions-and-images-require-loc:global-instantiate-by-language-cogni,edition-target:lang:unresolved-tag:any-target-written-language-easy-read-conventions-and-images-require-loc:global-instantiate-by-language-cogni
canonical:pop:c8a807b2f8dcd796e65bffee,v2_population,pop:c8a807b2f8dcd796e65bffee,edition-target:lang:jv-Latn-ID,POPULATION_OR_CONTEXT,home_or_first_language,persons_daily_home_language_age5plus,,68044660,,BPS daily-home-language count for people age five and above.,2010,,,IDN_BPS_LANG_2010,https://www.bps.go.id/en/publication/2012/05/23/55eca38b7fe0830834605b35/nationality--ethnicity--religion--and-dailylanguage-of-indonesian-population.html,,non_additive; never sum with another measure or measure class without a proved disjoint-person crosswalk,,V2_CANONICAL_EVIDENCE,false,17d1694e57874ce43748cb5b5601c558675a63a3f4eafe08880413c73e88d74b,edition-target:lang:jv-Latn-ID,,,edition-target:lang:jv-Latn-ID,edition-target:lang:jv-Latn-ID
canonical:pop:c90e9d86277f4f8a8e33d223,v2_population,pop:c90e9d86277f4f8a8e33d223,edition-target:lang:km-Khmr-VN-x-krom,POPULATION_OR_CONTEXT,ethnicity_or_identity_proxy,persons_ethnicity_proxy,,1319652,,2019 Khmer ethnicity proxy; it does not isolate every Khmer Krom language-use pattern.,2019,,,VNM_CENSUS_2019,https://tongdieutradanso.vn/uploads/data/6/files/files/Population%20and%20Housing%20Census%202019_final%20report.pdf,,non_additive; never sum with another measure or measure class without a proved disjoint-person crosswalk,,V2_CANONICAL_EVIDENCE,false,092a2d575caea3ac41c1544e8e862d3246fa13fb68404341de5a39fec1ca2a57,edition-target:lang:km-Khmr-VN-x-krom,,,edition-target:lang:km-Khmr-VN-x-krom,edition-target:lang:km-Khmr-VN-x-krom
canonical:pop:c91769bd9652ba96fdb7fcc5,v2_population,pop:c91769bd9652ba96fdb7fcc5,edition-target:lang:bal-Arab-PK,POPULATION_OR_CONTEXT,macro_l1,persons_L1,8117795,8117795,8117795,Census mother-tongue count; dialect split unavailable,2023,,,PBS_MT_2023,https://www.pbs.gov.pk/wp-content/uploads/census_tables/tables/table_11_national.pdf,,non_additive; never sum with another measure or measure class without a proved disjoint-person crosswalk,,V2_CANONICAL_EVIDENCE,false,8ab901594534c7c257556740760650efd8872a22d596f303f90f2a5969f49319,edition-target:lang:bal-Arab-PK,,,edition-target:lang:bal-Arab-PK,edition-target:lang:bal-Arab-PK
canonical:pop:c95b5c0c1c9254756b4dddcf,v2_population,pop:c95b5c0c1c9254756b4dddcf,edition-target:lang:iku-CA,POPULATION_OR_CONTEXT,speaker_or_reported_ability,persons_2021_language_knowledge,,41675,,People reporting knowledge of Inuktitut; mother-tongue count 37520. Counts randomly rounded.,2021,,,SRC_AMAR_CAN_INUKTUT_2021,https://www150.statcan.gc.ca/n1/pub/41-20-0002/412000022025004-eng.htm,,non_additive; never sum with another measure or measure class without a proved disjoint-person crosswalk,,V2_CANONICAL_EVIDENCE,false,9186bda153e6b17f474a96db5535551433ea077d61635019fb9dde989665da12,edition-target:lang:iku-CA,,,edition-target:lang:iku-CA,edition-target:lang:iku-CA
canonical:pop:ca276ac0780596aa9a7d1712,v2_population,pop:ca276ac0780596aa9a7d1712,edition-target:lang:ja-Jpan-JP,POPULATION_OR_CONTEXT,enrolment,persons,,2873619,,All upper-secondary students; opportunity universe rather than measured language-need count,2025,,,JPN-S002,https://www.mext.go.jp/b_menu/toukei/chousa01/kihon/kekka/k_detail/2025.htm,,non_additive; never sum with another measure or measure class without a proved disjoint-person crosswalk,,V2_CANONICAL_EVIDENCE,false,0b19e5116e4e50e10c49feee2f394c753e365ee60dd59e4dde8fb340e0f7255e,edition-target:lang:ja-Jpan-JP,,,edition-target:lang:ja-Jpan-JP,edition-target:lang:ja-Jpan-JP
canonical:pop:cbb44940330a64b52c1b4568,v2_population,pop:cbb44940330a64b52c1b4568,edition-target:lang:ko-Kore-001,POPULATION_OR_CONTEXT,combined_territorial_exposure,people,74000000,77000000,80000000,Combined territorial national/education exposure ceiling; not direct speaker count.,2024,,,SRC_WPP_2024,https://www.un.org/development/desa/pd/content/world-population-prospects-2024-dataset,,non_additive; never sum with another measure or measure class without a proved disjoint-person crosswalk,,V2_CANONICAL_EVIDENCE,false,65d1162693adca4912afdbdbe240af28a2f37c75568a7ff5dac301047a2a3eb7,edition-target:lang:ko-Kore-001,,,edition-target:lang:ko-Kore-001,edition-target:lang:ko-Kore-001
canonical:pop:cc607bc6838ff4211cf2ec30,v2_population,pop:cc607bc6838ff4211cf2ec30,edition-target:lang:nav-US,POPULATION_OR_CONTEXT,home_or_first_language,persons_age5plus_home_language,,161174,,People age 5+ reporting Diné Bizaad / Navajo at home in the 2017–2021 ACS.,2017-2021,,,SRC_AMAR_US_ACS_2017_2021,https://www.census.gov/library/stories/2025/06/native-american-language-use.html,,non_additive; never sum with another measure or measure class without a proved disjoint-person crosswalk,,V2_CANONICAL_EVIDENCE,false,4ec7392304617a52be941a0cba8b7b7247d5d56112e5ea4dba7f79f44aebf6e9,edition-target:lang:nav-US,,,edition-target:lang:nav-US,edition-target:lang:nav-US
canonical:pop:cc81651e8d8e3964a51cd6da,v2_population,pop:cc81651e8d8e3964a51cd6da,edition-target:lang:id-Latn-ID,POPULATION_OR_CONTEXT,territorial_exposure,million residents,,284.67,,"Total resident population from SUPAS 2025; this is a broad public-health audience universe, not the number with a health-literacy deficit.",2025,,,BPS_SUPAS_2025,https://www.bps.go.id/en/news/2026/08/07/927/supas-2025-jadi-fondasi-penguatan-kebijakan-penurunan-kematian-ibu-dan-anak.html,,non_additive; never sum with another measure or measure class without a proved disjoint-person crosswalk,,V2_CANONICAL_EVIDENCE,false,5b3539f5a971992b257750c91dcdbb37a0f5cd3fedb97a0fcd4683b091dea42b,edition-target:lang:id-Latn-ID,,,edition-target:lang:id-Latn-ID,edition-target:lang:id-Latn-ID
canonical:pop:cd6728809402b21335a03334,v2_population,pop:cd6728809402b21335a03334,edition-target:lang:mfe-Latn-MU-x-agalega,POPULATION_OR_CONTEXT,territorial_exposure_ceiling,persons_resident_territory_ceiling,330,330,330,Agalega resident population; census language tables exclude Agalega and this is not a language count,2022,,,OIO_CA36C5E73C30,https://statsmauritius.govmu.org/Documents/Census_and_Surveys/Census2022/HPC_TR_Vol2_Demography_Yr22.pdf,,non_additive; never sum with another measure or measure class without a proved disjoint-person crosswalk,,V2_CANONICAL_EVIDENCE,false,3c9d12654f2943b0e01d646befc94a0fe93b5283cfd435e412badafc7f1b499d,edition-target:lang:mfe-Latn-MU-x-agalega,,,edition-target:lang:mfe-Latn-MU-x-agalega,edition-target:lang:mfe-Latn-MU-x-agalega
canonical:pop:cddde9629c086ca9cefcabed,v2_population,pop:cddde9629c086ca9cefcabed,edition-target:lang:mrw-Latn-PH,POPULATION_OR_CONTEXT,ethnicity_or_identity_proxy,persons_ethnicity_proxy,,1800130,,2020 ethnicity proxy; not a home-language count.,2020,,,PH_PSA_ETHNICITY_2020,https://psa.gov.ph/content/ethnicity-philippines-2020-census-population-and-housing,,non_additive; never sum with another measure or measure class without a proved disjoint-person crosswalk,,V2_CANONICAL_EVIDENCE,false,bc82dbc1e8a14fc2bd23d2e54f67e12e6c5e8238914455feb2914cefb361b579,edition-target:lang:mrw-Latn-PH,,,edition-target:lang:mrw-Latn-PH,edition-target:lang:mrw-Latn-PH
canonical:pop:cde21dd6a4e6823e4c17442c,v2_population,pop:cde21dd6a4e6823e4c17442c,edition-target:lang:ru-Cyrl-001,POPULATION_OR_CONTEXT,macro_speaker_estimate_lower_bound,people,250000000,,,Institutional lower-bound estimate: more than 250m speakers globally.,2024,,,SRC_UNESCO_RUSSIAN_2024,https://www.unesco.org/sites/default/files/medias/fichiers/2024/06/0606_russian%20language.pdf,,non_additive; never sum with another measure or measure class without a proved disjoint-person crosswalk,,V2_CANONICAL_EVIDENCE,false,6d5eee58859b988a4a6a78cbf8f66f128309aff501a1c6287331cc5b4d35a854,edition-target:lang:ru-Cyrl-001,,,edition-target:lang:ru-Cyrl-001,edition-target:lang:ru-Cyrl-001
canonical:pop:ce31e2e9824311f19db5adb1,v2_population,pop:ce31e2e9824311f19db5adb1,edition-target:lang:jra-Latn-VN,POPULATION_OR_CONTEXT,ethnicity_or_identity_proxy,persons_ethnicity_proxy,,513930,,2019 ethnicity proxy.,2019,,,VNM_CENSUS_2019,https://tongdieutradanso.vn/uploads/data/6/files/files/Population%20and%20Housing%20Census%202019_final%20report.pdf,,non_additive; never sum with another measure or measure class without a proved disjoint-person crosswalk,,V2_CANONICAL_EVIDENCE,false,c720950cdc21ecdbb699b73ea8f058e14839fd08f214fc05694959a73f89ffdd,edition-target:lang:jra-Latn-VN,,,edition-target:lang:jra-Latn-VN,edition-target:lang:jra-Latn-VN
canonical:pop:cecf7f37c1730d64adeed622,v2_population,pop:cecf7f37c1730d64adeed622,edition-target:lang:zh-Hans-CN,POPULATION_OR_CONTEXT,status_cohort,persons,,138000000,,"Rounded published total of migrant, rural left-behind, and urban left-behind children affected by migration in the 2020 census-based analysis",2020,,,SRC_NBS_CHILD_MOBILITY_2020,https://www.stats.gov.cn/zs/tjwh/tjkw/tjzl/202304/P020230419425666818737.pdf,,non_additive; never sum with another measure or measure class without a proved disjoint-person crosswalk,,V2_CANONICAL_EVIDENCE,false,a1c563e4466b1acadf906c61fd6d09b4e999b48d708eb8b1e5db7a0c06380c9f,edition-target:lang:zh-Hans-CN,,,edition-target:lang:zh-Hans-CN,edition-target:lang:zh-Hans-CN
canonical:pop:ced1a14b6775629fe2b395e3,v2_population,pop:ced1a14b6775629fe2b395e3,edition-target:lang:poh-GT,POPULATION_OR_CONTEXT,home_or_first_language,persons_age4plus_mother_tongue,,133074,,People age 4+ reporting Poqomchi’ as mother tongue.,2018,,,SRC_AMAR_GTM_INE_2018,https://censo2018.ine.gob.gt/archivos/resultados_censo2018.pdf,,non_additive; never sum with another measure or measure class without a proved disjoint-person crosswalk,,V2_CANONICAL_EVIDENCE,false,5fcf803d714ffcf5d6e5d59f1b55b2a6d2f27b0f7033151968209a354dd23f11,edition-target:lang:poh-GT,,,edition-target:lang:poh-GT,edition-target:lang:poh-GT
canonical:pop:cefc4f3e136ec1fa2702d481,v2_population,pop:cefc4f3e136ec1fa2702d481,edition-target:lang:evn-RU,POPULATION_OR_CONTEXT,speaker_or_reported_ability,persons_within_named_people_reporting_same_named_language_knowledge_shared_where_noted,,5394,,"Evenki people reporting knowledge of Evenki; ethnic population 39,420.",2021,,,SRC_AMAR_RUS_ROSSTAT_2021,https://rosstat.gov.ru/storage/mediabank/Tom5_tab18_VPN-2020.xlsx,,non_additive; never sum with another measure or measure class without a proved disjoint-person crosswalk,,V2_CANONICAL_EVIDENCE,false,906589f37f55a93affba9e08f6f3dba5b5ef908690f5475e19b5f35e91d45305,edition-target:lang:evn-RU,,,edition-target:lang:evn-RU,edition-target:lang:evn-RU
canonical:pop:cf3112ce4f20670def11f58d,v2_population,pop:cf3112ce4f20670def11f58d,edition-target:lang:awa-Deva-IN,POPULATION_OR_CONTEXT,l1,persons_L1,3850906,3850906,3850906,Mother-tongue return inside Hindi umbrella,2011,,,IND_C16_2011,https://censusindia.gov.in/nada/index.php/catalog/10191,,non_additive; never sum with another measure or measure class without a proved disjoint-person crosswalk,,V2_CANONICAL_EVIDENCE,false,bd95a7cc945aa994c37f0eccd17e4c8e4357c06d0f7b1a8811a9140375573a3a,edition-target:lang:awa-Deva-IN,,,edition-target:lang:awa-Deva-IN,edition-target:lang:awa-Deva-IN
canonical:pop:cfd49ccfa509189ed47f4dee,v2_population,pop:cfd49ccfa509189ed47f4dee,edition-target:lang:pa-Guru-IN,POPULATION_OR_CONTEXT,l1,persons_L1,31144095,31144095,31144095,Raw Census mother-tongue count; script not enumerated,2011,,,IND_C16_2011,https://censusindia.gov.in/nada/index.php/catalog/10191,,non_additive; never sum with another measure or measure class without a proved disjoint-person crosswalk,,V2_CANONICAL_EVIDENCE,false,9a2e8dc75200ba416f4ace8cac419e75e9dc99568ce1cbf67246597b2e2214dc,edition-target:lang:pa-Guru-IN,,,edition-target:lang:pa-Guru-IN,edition-target:lang:pa-Guru-IN
canonical:pop:d0b15f9fbe3faaf8c928a1e0,v2_population,pop:d0b15f9fbe3faaf8c928a1e0,edition-target:lang:su-Latn-ID,POPULATION_OR_CONTEXT,home_language,people,32412752,32412752,32412752,Home language among population age 5+ in Census 2010.,2010,,,SRC_BPS_ID_2010,https://www.bps.go.id/id/publication/2012/05/23/55eca38b7fe0830834605b35/kewarganegaraan-suku-bangsa-agama-dan-bahasa-%20sehari-hari-penduduk-indonesia.html,,non_additive; never sum with another measure or measure class without a proved disjoint-person crosswalk,,V2_CANONICAL_EVIDENCE,false,a0b8da474f1cced7a748d1249d33dfad167e685daa9e8d556ff13b00bf9f6253,edition-target:lang:su-Latn-ID,,,edition-target:lang:su-Latn-ID,edition-target:lang:su-Latn-ID
canonical:pop:d13966a32398741ac4f894d8,v2_population,pop:d13966a32398741ac4f894d8,edition-target:lang:yap-Latn-FM,POPULATION_OR_CONTEXT,home_or_first_language,persons_age5plus_home_language,4190,4190,4190,People aged 5+ reporting the named home language,2023,,,OIO_EA133B14931A,https://www.pacificweb.org/library/preview.php?file=fsm/states/2023FSMMunicipality.xlsx,,non_additive; never sum with another measure or measure class without a proved disjoint-person crosswalk,,V2_CANONICAL_EVIDENCE,false,3b712658920c7989481700f95731703e2d9db177ba5b5984f7265cf927035546,edition-target:lang:yap-Latn-FM,,,edition-target:lang:yap-Latn-FM,edition-target:lang:yap-Latn-FM
canonical:pop:d13a7085a4e2cc561361a665,v2_population,pop:d13a7085a4e2cc561361a665,edition-target:lang:yue-Hant-HK,POPULATION_OR_CONTEXT,usual_spoken,people,6328947,6328947,6328947,Usual spoken language among population age 5+ in Hong Kong Census 2021.,2021,,,SRC_HK_CENSUS_2021,https://www.censtatd.gov.hk/en/data/stat_report/product/B1120106/att/B11201062021XXXXB01.pdf,,non_additive; never sum with another measure or measure class without a proved disjoint-person crosswalk,,V2_CANONICAL_EVIDENCE,false,c9db9ce4f367241f164392ed352c5fd266a8a4a306af358d7c9787e28cb48bcd,edition-target:lang:yue-Hant-HK,,,edition-target:lang:yue-Hant-HK,edition-target:lang:yue-Hant-HK
canonical:pop:d16073117461a91c1e0b7843,v2_population,pop:d16073117461a91c1e0b7843,edition-target:lang:unresolved-tag:tetun-terik:timor-leste-tetun-terik-l1-communiti,POPULATION_OR_CONTEXT,home_or_first_language,persons_L1,,71418,,2015 census L1 count reproduced in an open peer-reviewed study.,2015,,,TLS_CENSUS_LANGUAGE_STUDY,https://pmc.ncbi.nlm.nih.gov/articles/PMC9411783/,,non_additive; never sum with another measure or measure class without a proved disjoint-person crosswalk,,V2_CANONICAL_EVIDENCE,false,14e1b90cfbd126d4f3444061a7e60b1cffcdbdf3efab3b71a92331390da4cb6d,edition-target:lang:unresolved-tag:tetun-terik:timor-leste-tetun-terik-l1-communiti,,,edition-target:lang:unresolved-tag:tetun-terik:timor-leste-tetun-terik-l1-communiti,edition-target:lang:unresolved-tag:tetun-terik:timor-leste-tetun-terik-l1-communiti
canonical:pop:d1a0cc4a0b69844ffd32a751,v2_population,pop:d1a0cc4a0b69844ffd32a751,edition-target:lang:vi-Latn-VN,POPULATION_OR_CONTEXT,home_or_first_language,persons_total_population_exposure_ceiling,,96208984,,"2019 total population; an exposure ceiling, not a Vietnamese L1 or proficiency count.",2019,,,VNM_CENSUS_2019,https://tongdieutradanso.vn/uploads/data/6/files/files/Population%20and%20Housing%20Census%202019_final%20report.pdf,,non_additive; never sum with another measure or measure class without a proved disjoint-person crosswalk,,V2_CANONICAL_EVIDENCE,false,553fef56bfc913dfee3800b343851d702b211a4029057b41b10d93d56adc2eb0,edition-target:lang:vi-Latn-VN,,,edition-target:lang:vi-Latn-VN,edition-target:lang:vi-Latn-VN
canonical:pop:d3ca0b8bb185751c92431b02,v2_population,pop:d3ca0b8bb185751c92431b02,edition-target:lang:te-Telu-IN,POPULATION_OR_CONTEXT,l1,persons_L1,80912459,80912459,80912459,Raw Census mother-tongue count,2011,,,IND_C16_2011,https://censusindia.gov.in/nada/index.php/catalog/10191,,non_additive; never sum with another measure or measure class without a proved disjoint-person crosswalk,,V2_CANONICAL_EVIDENCE,false,a866b50d80850d8514eeb7566495168b9793c2d606404386f182e0e04f5958a6,edition-target:lang:te-Telu-IN,,,edition-target:lang:te-Telu-IN,edition-target:lang:te-Telu-IN
canonical:pop:d3d3e4eb548b08cae47f514f,v2_population,pop:d3d3e4eb548b08cae47f514f,edition-target:lang:id-Latn-ID,POPULATION_OR_CONTEXT,home_or_first_language,persons_daily_home_language_age5plus,,42680000,,Rounded daily-home-language count reported by BPS for people age five and above; national L2 educational reach is much larger and must be represented separately.,2010,,,IDN_BPS_LANG_2010,https://www.bps.go.id/en/publication/2012/05/23/55eca38b7fe0830834605b35/nationality--ethnicity--religion--and-dailylanguage-of-indonesian-population.html,,non_additive; never sum with another measure or measure class without a proved disjoint-person crosswalk,,V2_CANONICAL_EVIDENCE,false,9f926f9778fa7d92839372ae028c6e2d1fefa689fac2d2a78dee3ebd860cebd1,edition-target:lang:id-Latn-ID,,,edition-target:lang:id-Latn-ID,edition-target:lang:id-Latn-ID
canonical:pop:d5582df55f058a8b13437661,v2_population,pop:d5582df55f058a8b13437661,edition-target:lang:id-Latn-ID,POPULATION_OR_CONTEXT,enrolment,higher-education enrolments,,10754154,,All programme enrolments reported by PDDikti for 2025; used as the directly observed formal higher-education audience.,2025,,,PDDIKTI_HE_2025,https://lldikti3.kemdiktisaintek.go.id/wp-content/uploads/2026/05/Buku-Statistik-Pendidikan-Tinggi-Tahun-2025.pdf,,non_additive; never sum with another measure or measure class without a proved disjoint-person crosswalk,,V2_CANONICAL_EVIDENCE,false,1225d5841620d094aa2fcaeb69008fb014c0026e8cc0a07f896f56c635b330e1,edition-target:lang:id-Latn-ID,,,edition-target:lang:id-Latn-ID,edition-target:lang:id-Latn-ID
canonical:pop:d5906c79415770327e34d6e3,v2_population,pop:d5906c79415770327e34d6e3,edition-target:lang:hi-Deva-IN,POPULATION_OR_CONTEXT,l1,persons_L1,322230097,322230097,322230097,Raw Hindi mother-tongue return; excludes separately returned varieties inside Hindi umbrella,2011,,,IND_C16_2011,https://censusindia.gov.in/nada/index.php/catalog/10191,,non_additive; never sum with another measure or measure class without a proved disjoint-person crosswalk,,V2_CANONICAL_EVIDENCE,false,1497602ce3bb3f37ddbd4486a39e3ef96877ddf75d418d4b1a0c553a8abd5442,edition-target:lang:hi-Deva-IN,,,edition-target:lang:hi-Deva-IN,edition-target:lang:hi-Deva-IN
canonical:pop:d5a37d6de497b898b07d8a53,v2_population,pop:d5a37d6de497b898b07d8a53,edition-target:lang:mfe-Latn-MU-x-rodrigues,POPULATION_OR_CONTEXT,home_language_aggregate,persons_creole_response_including_combinations,43423,43423,43423,Rodrigues residents in the census Creole category including combinations; census label does not distinguish Rodriguais from Morisien,2022,,,OIO_CA36C5E73C30,https://statsmauritius.govmu.org/Documents/Census_and_Surveys/Census2022/HPC_TR_Vol2_Demography_Yr22.pdf,,non_additive; never sum with another measure or measure class without a proved disjoint-person crosswalk,,V2_CANONICAL_EVIDENCE,false,6d4edd28d970842e5f249434f59c97b978790e3417a298789c5eb0bb42890611,edition-target:lang:mfe-Latn-MU-x-rodrigues,,,edition-target:lang:mfe-Latn-MU-x-rodrigues,edition-target:lang:mfe-Latn-MU-x-rodrigues
canonical:pop:d5bdbe591b46c9e042cfea1d,v2_population,pop:d5bdbe591b46c9e042cfea1d,edition-target:lang:unresolved-tag:pwapwa:new-caledonia-pwapwa-using-communiti,POPULATION_OR_CONTEXT,speaker_or_reported_ability,persons_age15plus_speaking,80,80,80,People aged 15+ reported speaking the named language,2019,,,OIO_9D74E354F4EB,https://www.isee.nc/component/phocadownload/category/269-recensement-de-la-population?download=2186%3Arp-2019-la-population-vivant-en-tribus,,non_additive; never sum with another measure or measure class without a proved disjoint-person crosswalk,,V2_CANONICAL_EVIDENCE,false,1933bb03ea165587a57796e0aed22f4dc4c124ea62874abf4965bb19b356d479,edition-target:lang:unresolved-tag:pwapwa:new-caledonia-pwapwa-using-communiti,,,edition-target:lang:unresolved-tag:pwapwa:new-caledonia-pwapwa-using-communiti,edition-target:lang:unresolved-tag:pwapwa:new-caledonia-pwapwa-using-communiti
canonical:pop:d60c6882a71c3f2bcc71f547,v2_population,pop:d60c6882a71c3f2bcc71f547,edition-target:lang:bn-Beng-BD,POPULATION_OR_CONTEXT,l1_proxy,persons_L1_proxy,,168419331,,Derived: 99.17% Bangla mother tongue multiplied by post-enumeration-adjusted population 169828911,2022-2023,,,BBS_BN_PROXY_2022_23,https://bbs.portal.gov.bd/pages/static-pages/6922e0ff933eb65569e297dc,,non_additive; never sum with another measure or measure class without a proved disjoint-person crosswalk,,V2_CANONICAL_EVIDENCE,false,7e085795997d22c98c8b618b9ef5b587c8f01059e07f50a1082be8b198c2e730,edition-target:lang:bn-Beng-BD,,,edition-target:lang:bn-Beng-BD,edition-target:lang:bn-Beng-BD
canonical:pop:d738f094b1ea447c2706af5a,v2_population,pop:d738f094b1ea447c2706af5a,edition-target:lang:cho-US,POPULATION_OR_CONTEXT,home_or_first_language,persons_age5plus_home_language,,7260,,People age 5+ reporting Choctaw at home in the 2017–2021 ACS.,2017-2021,,,SRC_AMAR_US_ACS_2017_2021,https://www.census.gov/library/stories/2025/06/native-american-language-use.html,,non_additive; never sum with another measure or measure class without a proved disjoint-person crosswalk,,V2_CANONICAL_EVIDENCE,false,10c08926dc2e21cbd436dcc482107a177e18381c0f16885958a50368e2615f82,edition-target:lang:cho-US,,,edition-target:lang:cho-US,edition-target:lang:cho-US
canonical:pop:d79e422b4e68a9b093d4fc64,v2_population,pop:d79e422b4e68a9b093d4fc64,edition-target:lang:pis-Latn-SB,POPULATION_OR_CONTEXT,home_or_first_language,persons_age5plus_first_language,101588,101588,101588,People aged 5+ reporting Pijin as the first language learned,2019,,,OIO_E645DBB4D613,https://statistics.gov.sb/english-is-solomon-islands-most-predominant-language-in-communication/,,non_additive; never sum with another measure or measure class without a proved disjoint-person crosswalk,,V2_CANONICAL_EVIDENCE,false,fa9b90dc5e3ca7bd7b7769c4d410ad3e7a8ec9ef1562e75843c164b7d7f11f3f,edition-target:lang:pis-Latn-SB,,,edition-target:lang:pis-Latn-SB,edition-target:lang:pis-Latn-SB
canonical:pop:d7f5183d757509437b0ec0f8,v2_population,pop:d7f5183d757509437b0ec0f8,edition-target:lang:bug-Latn-ID,POPULATION_OR_CONTEXT,home_or_first_language,persons_daily_home_language_age5plus,,3510000,,Rounded BPS daily-home-language count for people age five and above.,2010,,,IDN_BPS_LANG_2010,https://www.bps.go.id/en/publication/2012/05/23/55eca38b7fe0830834605b35/nationality--ethnicity--religion--and-dailylanguage-of-indonesian-population.html,,non_additive; never sum with another measure or measure class without a proved disjoint-person crosswalk,,V2_CANONICAL_EVIDENCE,false,0b02eea41f918e6f3a626a0746c588cd74e95c3e86404170c4005b1fcb8f6dc1,edition-target:lang:bug-Latn-ID,,,edition-target:lang:bug-Latn-ID,edition-target:lang:bug-Latn-ID
canonical:pop:d8420a6d768543b755df90ec,v2_population,pop:d8420a6d768543b755df90ec,edition-target:macro:IDN_SIGN_LANGUAGE_ACCESS,POPULATION_OR_CONTEXT,sign_language_aggregate,persons age 5+,,283662,,People aged five or older whose first language was reported as a sign language in the 2022 long-form census.,2022,,,BPS_LANG_FIRST_2022,https://sensus.bps.go.id/topik/tabular/sp2022/197/0/0,,non_additive; never sum with another measure or measure class without a proved disjoint-person crosswalk,,V2_CANONICAL_EVIDENCE,false,5816fd4dc8d4011461908848708927cff431c0f68bb6d507eaf730dc6d5342dd,edition-target:macro:IDN_SIGN_LANGUAGE_ACCESS,,,edition-target:macro:IDN_SIGN_LANGUAGE_ACCESS,edition-target:macro:IDN_SIGN_LANGUAGE_ACCESS
canonical:pop:d88183abc8ad013a2b2be4c2,v2_population,pop:d88183abc8ad013a2b2be4c2,edition-target:lang:shp-PE,POPULATION_OR_CONTEXT,speaker_or_reported_ability,persons_named_language_speakers,,34152,,Mother-tongue speakers reported by BDPI.,2017,,,SRC_AMAR_PER_BDPI_SHIPIBO,https://bdpi.cultura.gob.pe/pueblos/shipibo-konibo,,non_additive; never sum with another measure or measure class without a proved disjoint-person crosswalk,,V2_CANONICAL_EVIDENCE,false,56a583222aca524728424921c12c27e12f3eb2f58a4c0649bdf975c93a220fb6,edition-target:lang:shp-PE,,,edition-target:lang:shp-PE,edition-target:lang:shp-PE
canonical:pop:d899bc3b8e4a64408c17b95c,v2_population,pop:d899bc3b8e4a64408c17b95c,edition-target:lang:id-Latn-ID,POPULATION_OR_CONTEXT,workforce_cohort,million employed persons,,148.19,,"Employed population in May 2026; published rounded estimate used as the broad adult-work audience, not a count with low financial literacy.",2026-05,,,BPS_LABOUR_MAY_2026,https://www.bps.go.id/en/pressrelease/2026/08/05/2606/tingkat-pengangguran-terbuka--tpt--sebesar-4-65-persen---rata-rata-upah-buruh-sebesar-3-39-juta-rupiah-.html,,non_additive; never sum with another measure or measure class without a proved disjoint-person crosswalk,,V2_CANONICAL_EVIDENCE,false,80de3faaa435fa9d55389979e3139f383337df5fcc8a0ddb7743f7bbef5b2f32,edition-target:lang:id-Latn-ID,,,edition-target:lang:id-Latn-ID,edition-target:lang:id-Latn-ID
canonical:pop:d951eb285e704c973144d735,v2_population,pop:d951eb285e704c973144d735,edition-target:lang:tob-AR,POPULATION_OR_CONTEXT,percentage_only,percent_of_self_identified_people_speak_or_understand_own_language,,49.2,,Share of the self-identified Qom / Toba people who speak or understand the people's language; denominator count is not encoded here.,2022,,,SRC_AMAR_ARG_INDEC_2022,https://www.indec.gob.ar/ftp/cuadros/poblacion/censo2022_poblacion_indigena.pdf,,non_additive; never sum with another measure or measure class without a proved disjoint-person crosswalk,,V2_CANONICAL_EVIDENCE,false,bf60daaa58a9db79e9e7bfa5c8acb37d1b941fc97ef320a812ec74f8dbfb956d,edition-target:lang:tob-AR,,,edition-target:lang:tob-AR,edition-target:lang:tob-AR
canonical:pop:d95d2c325348f5008419587f,v2_population,pop:d95d2c325348f5008419587f,edition-target:lang:ps-Arab-AF,POPULATION_OR_CONTEXT,percentage_only,percent_adult_survey_respondents,,35.2,,Native-language share in nationally representative adult survey; no census-quality headcount,2019,,,AFG_MDS_2019,https://asiafoundation.org/wp-content/uploads/2020/05/Afghanistan_2019-Model-Disability-Survey.pdf,,non_additive; never sum with another measure or measure class without a proved disjoint-person crosswalk,,V2_CANONICAL_EVIDENCE,false,3d2a1603f7ca23934029e8e50258e15a33a87d802a19a9a574f0fe4a96696280,edition-target:lang:ps-Arab-AF,,,edition-target:lang:ps-Arab-AF,edition-target:lang:ps-Arab-AF
canonical:pop:d9b4e09ae223c3234b7760ec,v2_population,pop:d9b4e09ae223c3234b7760ec,edition-target:lang:unresolved-tag:multilingual-rural-population-zh-hans-cn-capable-subset-unmeasured:mainland-china-rural-residents-offli,POPULATION_OR_CONTEXT,offline_population_estimate,persons,,137600000,,Approximate rural offline population derived by applying the reported 30.5 percent rural non-use share to the NBS year-end rural population,2025,,,SRC_CNNIC_57_2025,https://www3.cnnic.cn/n4/2026/0304/c88-11549.html,,non_additive; never sum with another measure or measure class without a proved disjoint-person crosswalk,,V2_CANONICAL_EVIDENCE,false,4ebc27e8f3cdd0e912fbcff8e3e89fa9d4685e25101facd84cfbdbd7949ff16d,edition-target:lang:unresolved-tag:multilingual-rural-population-zh-hans-cn-capable-subset-unmeasured:mainland-china-rural-residents-offli,,,edition-target:lang:unresolved-tag:multilingual-rural-population-zh-hans-cn-capable-subset-unmeasured:mainland-china-rural-residents-offli,edition-target:lang:unresolved-tag:multilingual-rural-population-zh-hans-cn-capable-subset-unmeasured:mainland-china-rural-residents-offli
canonical:pop:d9df54cbed975c611524c858,v2_population,pop:d9df54cbed975c611524c858,edition-target:lang:acu-EC,POPULATION_OR_CONTEXT,speaker_or_reported_ability,persons_named_language_speakers,,9162,,"Speakers; associated population 12,703.",2022,,,SRC_AMAR_ECU_PLAN_2024,https://www.secretariapueblosynacionalidades.gob.ec/wp-content/uploads/2024/07/EPF-Sintesis-de-plan-decenal-correccion3-final-18-junio-2024.pdf,,non_additive; never sum with another measure or measure class without a proved disjoint-person crosswalk,,V2_CANONICAL_EVIDENCE,false,86c58730bbdb1ac137f2ef733beccf0e44654fcc764c6dd7de4b30412530a108,edition-target:lang:acu-EC,,,edition-target:lang:acu-EC,edition-target:lang:acu-EC
canonical:pop:da45950f41bcde67fe785d65,v2_population,pop:da45950f41bcde67fe785d65,edition-target:lang:ne-Deva-IN,POPULATION_OR_CONTEXT,l1,persons_L1,2925796,2925796,2925796,Raw Census mother-tongue count,2011,,,IND_C16_2011,https://censusindia.gov.in/nada/index.php/catalog/10191,,non_additive; never sum with another measure or measure class without a proved disjoint-person crosswalk,,V2_CANONICAL_EVIDENCE,false,5b82aeac9e4785ed46bb1768c57ea90044a72c5f510fd16e3386583078930de7,edition-target:lang:ne-Deva-IN,,,edition-target:lang:ne-Deva-IN,edition-target:lang:ne-Deva-IN
canonical:pop:dace4f94ac62bece6ffd5fa9,v2_population,pop:dace4f94ac62bece6ffd5fa9,edition-target:lang:id-Latn-ID,POPULATION_OR_CONTEXT,status_cohort,persons ages 15–24,,9002930,,"Youth not employed, enrolled in education or participating in training in August 2024; denominator 44,328,216 youth.",2024-08,,,BPS_DECENT_WORK_2024,https://www.bps.go.id/id/publication/2025/04/28/1ecc9dec1ef7a591babf5962/indikator-,,non_additive; never sum with another measure or measure class without a proved disjoint-person crosswalk,,V2_CANONICAL_EVIDENCE,false,a2c45ba1ab7a4fd666b68fd1a6d027d7d836685f24d1c7994c6d9a99872849c0,edition-target:lang:id-Latn-ID,,,edition-target:lang:id-Latn-ID,edition-target:lang:id-Latn-ID
canonical:pop:db35179e618eb2555175a856,v2_population,pop:db35179e618eb2555175a856,edition-target:lang:sel-RU,POPULATION_OR_CONTEXT,speaker_or_reported_ability,persons_within_named_people_reporting_same_named_language_knowledge_shared_where_noted,,924,,"Selkup people reporting knowledge of Selkup; ethnic population 3,491.",2021,,,SRC_AMAR_RUS_ROSSTAT_2021,https://rosstat.gov.ru/storage/mediabank/Tom5_tab18_VPN-2020.xlsx,,non_additive; never sum with another measure or measure class without a proved disjoint-person crosswalk,,V2_CANONICAL_EVIDENCE,false,60f177d9515c73055f98b6d405631939a2a6ce55203008ad373ccdc035ec8e08,edition-target:lang:sel-RU,,,edition-target:lang:sel-RU,edition-target:lang:sel-RU
canonical:pop:db49ffe17b002b4c7f6f445e,v2_population,pop:db49ffe17b002b4c7f6f445e,edition-target:lang:knj-GT,POPULATION_OR_CONTEXT,home_or_first_language,persons_age4plus_mother_tongue,,55290,,People age 4+ reporting Akateko as mother tongue.,2018,,,SRC_AMAR_GTM_INE_2018,https://censo2018.ine.gob.gt/archivos/resultados_censo2018.pdf,,non_additive; never sum with another measure or measure class without a proved disjoint-person crosswalk,,V2_CANONICAL_EVIDENCE,false,e7d3512865c4e0bad79ffaa086f2a4980ff8e4830624c8d54b8c7eb08a500820,edition-target:lang:knj-GT,,,edition-target:lang:knj-GT,edition-target:lang:knj-GT
canonical:pop:db810d459548a43cdfacbe9c,v2_population,pop:db810d459548a43cdfacbe9c,edition-target:lang:cag-PY,POPULATION_OR_CONTEXT,ethnicity_or_identity_proxy,persons_indigenous_identity_proxy,,18280,,People identifying with the Nivaclé people; not a speaker count.,2022,,,SRC_AMAR_PRY_INDIG_2022,https://www.ine.gov.py/Publicaciones/Biblioteca/documento/237/Resultados-Finales-Censo-Indigena.pdf,,non_additive; never sum with another measure or measure class without a proved disjoint-person crosswalk,,V2_CANONICAL_EVIDENCE,false,22baa637efaecff79c4529a6ec0f81cce5f9db1fd2b0bfff7d56d5a3be9fec43,edition-target:lang:cag-PY,,,edition-target:lang:cag-PY,edition-target:lang:cag-PY
canonical:pop:db9a140a68322945679808d3,v2_population,pop:db9a140a68322945679808d3,edition-target:lang:or-Orya-IN,POPULATION_OR_CONTEXT,l1,persons_L1,34059266,34059266,34059266,Raw Odia mother-tongue count; excludes separately returned Sambalpuri and others,2011,,,IND_C16_2011,https://censusindia.gov.in/nada/index.php/catalog/10191,,non_additive; never sum with another measure or measure class without a proved disjoint-person crosswalk,,V2_CANONICAL_EVIDENCE,false,51c8a6dc714931e4c18da338b7f73a04966ea3d3916a2470c3477686610fdade,edition-target:lang:or-Orya-IN,,,edition-target:lang:or-Orya-IN,edition-target:lang:or-Orya-IN
canonical:pop:dc971b1872aea29db9028ce9,v2_population,pop:dc971b1872aea29db9028ce9,edition-target:lang:zh-Hans-CN:written,POPULATION_OR_CONTEXT,workforce_cohort,persons,,196950000,,"Approximate number of migrant workers with junior-secondary education or less, derived from the rounded 301.15 million total and 65.4 percent share",2025,,,SRC_NBS_MIGRANT_WORKERS_2025,https://www.stats.gov.cn/sj/zxfb/202604/t20260430_1963472.html,,non_additive; never sum with another measure or measure class without a proved disjoint-person crosswalk,,V2_CANONICAL_EVIDENCE,false,ea113cfabcd619f8364f851f248ed7aed802d0ce512545be6394978b9046694a,edition-target:lang:zh-Hans-CN:written,,,edition-target:lang:zh-Hans-CN:written,edition-target:lang:zh-Hans-CN:written
canonical:pop:dcc30527548d032f43f70bb3,v2_population,pop:dcc30527548d032f43f70bb3,edition-target:lang:es-Latn-US,POPULATION_OR_CONTEXT,home_language,people,43369734,43369734,43369734,People age 5+ speaking Spanish at home in ACS 2023.,2023,,,SRC_US_ACS_2023,https://data.census.gov/table/ACSDT1Y2023.B16001,,non_additive; never sum with another measure or measure class without a proved disjoint-person crosswalk,,V2_CANONICAL_EVIDENCE,false,df88dfe98ae14d493fa2a9611c714079adc5d46acc9c9534f12fcf1a9d63de86,edition-target:lang:es-Latn-US,,,edition-target:lang:es-Latn-US,edition-target:lang:es-Latn-US
canonical:pop:dd30e4e76fd221a92624b236,v2_population,pop:dd30e4e76fd221a92624b236,edition-target:lang:ctu-MX,POPULATION_OR_CONTEXT,speaker_or_reported_ability,persons_age3plus_language_speakers,,254715,,People age 3+ reported Chol.,2020,,,SRC_AMAR_MEX_INEGI_2020,https://www.inegi.org.mx/contenidos/programas/ccpv/2020/doc/Censo2020_Principales_resultados_EUM.pdf,,non_additive; never sum with another measure or measure class without a proved disjoint-person crosswalk,,V2_CANONICAL_EVIDENCE,false,0398100c2124430b2d6a00e51acd5093a173e797e3b9f53d484ec2a32d2fb759,edition-target:lang:ctu-MX,,,edition-target:lang:ctu-MX,edition-target:lang:ctu-MX
canonical:pop:dd6b9addc7eb4916565a1ecd,v2_population,pop:dd6b9addc7eb4916565a1ecd,edition-target:lang:id-Latn-ID,POPULATION_OR_CONTEXT,enrolment,higher-education enrolments,,10754154,,"All programme enrolments reported by PDDikti for 2025; used as the directly measured learner anchor, not as the full adult benefit population.",2025,,,PDDIKTI_HE_2025,https://lldikti3.kemdiktisaintek.go.id/wp-content/uploads/2026/05/Buku-Statistik-Pendidikan-Tinggi-Tahun-2025.pdf,,non_additive; never sum with another measure or measure class without a proved disjoint-person crosswalk,,V2_CANONICAL_EVIDENCE,false,a4e4b4e9bd52899e06ee7d446085afa36fe70aa68265263fbe36865de736cef4,edition-target:lang:id-Latn-ID,,,edition-target:lang:id-Latn-ID,edition-target:lang:id-Latn-ID
canonical:pop:ddbf4374fd1e7665fe985b34,v2_population,pop:ddbf4374fd1e7665fe985b34,edition-target:lang:unresolved-tag:chinese-varieties-among-hoa-communities:viet-nam-hoa-ethnicity-proxy,POPULATION_OR_CONTEXT,ethnicity_or_identity_proxy,persons_ethnicity_proxy,,749466,,"2019 Hoa ethnicity proxy; not a Mandarin, Cantonese or literacy count.",2019,,,VNM_CENSUS_2019,https://tongdieutradanso.vn/uploads/data/6/files/files/Population%20and%20Housing%20Census%202019_final%20report.pdf,,non_additive; never sum with another measure or measure class without a proved disjoint-person crosswalk,,V2_CANONICAL_EVIDENCE,false,dd105cb8f5b4fadd46dd58b4ae65c00a28bc23782162994fde22d4e68d035114,edition-target:lang:unresolved-tag:chinese-varieties-among-hoa-communities:viet-nam-hoa-ethnicity-proxy,,,edition-target:lang:unresolved-tag:chinese-varieties-among-hoa-communities:viet-nam-hoa-ethnicity-proxy,edition-target:lang:unresolved-tag:chinese-varieties-among-hoa-communities:viet-nam-hoa-ethnicity-proxy
canonical:pop:df071d36eb967c2a669129a2,v2_population,pop:df071d36eb967c2a669129a2,edition-target:lang:ja-Jpan-JP,POPULATION_OR_CONTEXT,education_status_cohort,persons,,216266,,"Derived lower-secondary nonattendance count: 353,970 elementary-plus-lower-secondary total minus 137,704 elementary",2024,,,JPN-S005,https://www.mext.go.jp/a_menu/shotou/seitoshidou/1302902.htm,,non_additive; never sum with another measure or measure class without a proved disjoint-person crosswalk,,V2_CANONICAL_EVIDENCE,false,406ff6116d2a2e4921a16f161dcae604c3f3f43bbe88af9ae83157c3b3d3231e,edition-target:lang:ja-Jpan-JP,,,edition-target:lang:ja-Jpan-JP,edition-target:lang:ja-Jpan-JP
canonical:pop:df5903907af81ffc92e9c592,v2_population,pop:df5903907af81ffc92e9c592,edition-target:lang:guh-CO,POPULATION_OR_CONTEXT,speaker_or_reported_ability,persons_named_language_speaker_estimate,,42919,,Named-language speaker estimate in the national decennial language plan.,,,,SRC_AMAR_COL_LANG_PLAN,https://dokumen.pub/plan-decenal-de-lenguas-nativas-de-colombia-9789587534948.html,,non_additive; never sum with another measure or measure class without a proved disjoint-person crosswalk,,V2_CANONICAL_EVIDENCE,false,08e853a50ffa32d4e8af02f8355fb5a6482bc46dca47adca2e653994cee2c021,edition-target:lang:guh-CO,,,edition-target:lang:guh-CO,edition-target:lang:guh-CO
canonical:pop:e04766d5e05c064e85caef46,v2_population,pop:e04766d5e05c064e85caef46,edition-target:lang:hne-Deva-IN,POPULATION_OR_CONTEXT,l1,persons_L1,16245190,16245190,16245190,Mother-tongue return inside Hindi umbrella,2011,,,IND_C16_2011,https://censusindia.gov.in/nada/index.php/catalog/10191,,non_additive; never sum with another measure or measure class without a proved disjoint-person crosswalk,,V2_CANONICAL_EVIDENCE,false,77011f3c73fddaad268d6abf57b5066e63445afbc5f99f912d3d2c8bd59999d1,edition-target:lang:hne-Deva-IN,,,edition-target:lang:hne-Deva-IN,edition-target:lang:hne-Deva-IN
canonical:pop:e101bec822df045348d62ddc,v2_population,pop:e101bec822df045348d62ddc,edition-target:lang:und-AF,POPULATION_OR_CONTEXT,status_cohort,people,3700000,3700000,3700000,Afghan refugees or others needing international protection at end-2025; not a language count.,2025,,,SRC_UNHCR_GLOBAL_2025,https://www.unhcr.org/global-trends,,non_additive; never sum with another measure or measure class without a proved disjoint-person crosswalk,,V2_CANONICAL_EVIDENCE,false,dfe52bcbc4e7fe9c1ce6499af7aa5168e4d8b9f47aa5d169c82b87ebbf9aa139,edition-target:lang:und-AF,,,edition-target:lang:und-AF,edition-target:lang:und-AF
canonical:pop:e149dd67e55e6b856bd28cdd,v2_population,pop:e149dd67e55e6b856bd28cdd,edition-target:lang:ckt-RU,POPULATION_OR_CONTEXT,speaker_or_reported_ability,persons_within_named_people_reporting_same_named_language_knowledge_shared_where_noted,,2308,,"Chukchi people reporting knowledge of Chukchi; ethnic population 16,228.",2021,,,SRC_AMAR_RUS_ROSSTAT_2021,https://rosstat.gov.ru/storage/mediabank/Tom5_tab18_VPN-2020.xlsx,,non_additive; never sum with another measure or measure class without a proved disjoint-person crosswalk,,V2_CANONICAL_EVIDENCE,false,fa78b55faf1df4f3bc90999eea5cff3ee5405e62c183030c92fe46903c7f45e6,edition-target:lang:ckt-RU,,,edition-target:lang:ckt-RU,edition-target:lang:ckt-RU
canonical:pop:e1bedb0d8ee5913d81ff00e7,v2_population,pop:e1bedb0d8ee5913d81ff00e7,edition-target:lang:to-Latn-TO,POPULATION_OR_CONTEXT,percentage_only,percent_age5plus_simple_sentence_literacy,,96,,People aged 5+ meeting the census simple-sentence literacy threshold in Tongan,2021,,,OIO_95DD37B89EA1,https://tongastats.gov.to/statistics/social-statistics/,,non_additive; never sum with another measure or measure class without a proved disjoint-person crosswalk,,V2_CANONICAL_EVIDENCE,false,9af5a99d90032b86a3018c8f8c42466e71a2d0d7fa38d140d6c0fcf92b8ea664,edition-target:lang:to-Latn-TO,,,edition-target:lang:to-Latn-TO,edition-target:lang:to-Latn-TO
canonical:pop:e2902b667a19167f3901d80b,v2_population,pop:e2902b667a19167f3901d80b,edition-target:lang:unresolved-bajjika-Deva-NP,POPULATION_OR_CONTEXT,l1,persons_L1,1133764,1133764,1133764,Census mother-tongue count,2021,,,NPL_LANG_2021,https://censusnepal.cbs.gov.np/results/files/result-folder/Language%20in%20Nepal.pdf,,non_additive; never sum with another measure or measure class without a proved disjoint-person crosswalk,,V2_CANONICAL_EVIDENCE,false,fee0b8247ccb43a3e4d92717c8002dd85407048560592b64baf9fd5f3697193c,edition-target:lang:unresolved-bajjika-Deva-NP,,,edition-target:lang:unresolved-bajjika-Deva-NP,edition-target:lang:unresolved-bajjika-Deva-NP
canonical:pop:e2c41808e133111192795ee5,v2_population,pop:e2c41808e133111192795ee5,edition-target:lang:cni-PE,POPULATION_OR_CONTEXT,home_or_first_language,persons_mother_tongue_aggregate_ashaninka,,73567,,Official Ashaninka mother-tongue count; not safely allocable between cni and Alto Perené prq.,2017,,,SRC_AMAR_PER_BDPI_ASHANINKA,https://bdpi.cultura.gob.pe/lenguas/ashaninka,,non_additive; never sum with another measure or measure class without a proved disjoint-person crosswalk,,V2_CANONICAL_EVIDENCE,false,34ae7b0572d52805e375b0ecf09504a1627a18abbfadc40eb34cb0b617a634b7,edition-target:lang:cni-PE,,,edition-target:lang:cni-PE,edition-target:lang:cni-PE
canonical:pop:e391762eba8c81cb6c0384db,v2_population,pop:e391762eba8c81cb6c0384db,edition-target:lang:dlg-RU,POPULATION_OR_CONTEXT,speaker_or_reported_ability,persons_within_named_people_reporting_same_named_language_knowledge_shared_where_noted,,4701,,"Dolgan people reporting knowledge of Dolgan; ethnic population 8,182.",2021,,,SRC_AMAR_RUS_ROSSTAT_2021,https://rosstat.gov.ru/storage/mediabank/Tom5_tab18_VPN-2020.xlsx,,non_additive; never sum with another measure or measure class without a proved disjoint-person crosswalk,,V2_CANONICAL_EVIDENCE,false,19df426f6fc8bad448bb7e8c1d6c2085c07f3c395931c72c35119b9f4e2e3a9a,edition-target:lang:dlg-RU,,,edition-target:lang:dlg-RU,edition-target:lang:dlg-RU
canonical:pop:e3bc081c783f1e024f3f41b5,v2_population,pop:e3bc081c783f1e024f3f41b5,edition-target:lang:gcf-MQ,POPULATION_OR_CONTEXT,percentage_only,percent_adults_age15plus_language_mastery,,90,,Adult age 15+ mastery share in 2019–2020; not a headcount.,2019-2020,,,SRC_AMAR_FRA_CREOLE_2019_20,https://www.bnsp.insee.fr/ark:/12148/bc6p089kb96/f1.pdf,,non_additive; never sum with another measure or measure class without a proved disjoint-person crosswalk,,V2_CANONICAL_EVIDENCE,false,a3bbcacd7f433ba0465335d1c076979dfeafdd8d390202a06b5064e64898679e,edition-target:lang:gcf-MQ,,,edition-target:lang:gcf-MQ,edition-target:lang:gcf-MQ
canonical:pop:e3c11fea5de512f4f92edb48,v2_population,pop:e3c11fea5de512f4f92edb48,edition-target:lang:ulk-Latn-AU,POPULATION_OR_CONTEXT,home_or_first_language,persons_home_language,60,60,60,People reporting Meriam Mir at home in the Torres Strait Islands statistical area,2021,,,OIO_F0734199AAAD,https://www.abs.gov.au/census/find-census-data/quickstats/2021/315011402,,non_additive; never sum with another measure or measure class without a proved disjoint-person crosswalk,,V2_CANONICAL_EVIDENCE,false,4a7aecbaf8a6774faac0ead3090ba07c547fa6621d42987f965db72ae5b64ef3,edition-target:lang:ulk-Latn-AU,,,edition-target:lang:ulk-Latn-AU,edition-target:lang:ulk-Latn-AU
canonical:pop:e3f894f75b6a554ee80eb8be,v2_population,pop:e3f894f75b6a554ee80eb8be,edition-target:lang:xh-Latn-ZA,POPULATION_OR_CONTEXT,percentage_only,percent,,16.3,,Share of South Africa population reporting isiXhosa as household language,2022,,,SRC_STATSSA_CENSUS_2022,https://www.statssa.gov.za/wp-content/uploads/2023/11/Mbalo-brief-November.pdf,,non_additive; never sum with another measure or measure class without a proved disjoint-person crosswalk,,V2_CANONICAL_EVIDENCE,false,ae5c0dfd4ef0ec1de34b885e4e792d7e9ff1c567584f97286421cfb61406f4e7,edition-target:lang:xh-Latn-ZA,,,edition-target:lang:xh-Latn-ZA,edition-target:lang:xh-Latn-ZA
canonical:pop:e433584af1835e762c19a6af,v2_population,pop:e433584af1835e762c19a6af,edition-target:lang:mrl-Latn-FM,POPULATION_OR_CONTEXT,home_or_first_language,persons_age5plus_home_language,3709,3709,3709,People aged 5+ reporting the named home language,2023,,,OIO_EA133B14931A,https://www.pacificweb.org/library/preview.php?file=fsm/states/2023FSMMunicipality.xlsx,,non_additive; never sum with another measure or measure class without a proved disjoint-person crosswalk,,V2_CANONICAL_EVIDENCE,false,a3381616bfef394b6f39085d6775ef9c86de84ea8180004b788d8775ef1fc1ac,edition-target:lang:mrl-Latn-FM,,,edition-target:lang:mrl-Latn-FM,edition-target:lang:mrl-Latn-FM
canonical:pop:e58d5d7fe380971e766c4716,v2_population,pop:e58d5d7fe380971e766c4716,edition-target:lang:pau-Latn-PW,POPULATION_OR_CONTEXT,home_language_response,persons_language_response,12399,12399,12399,"Sum of disjoint census categories Palauan only (7,205) and Palauan plus another language (5,194)",2020,,,OIO_A4F28AF4858F,https://www.palaugov.pw/wp-content/uploads/2022/09/2020-Census-of-Population-and-Housing.pdf,,non_additive; never sum with another measure or measure class without a proved disjoint-person crosswalk,,V2_CANONICAL_EVIDENCE,false,c5b87a39e74b401fa27d838080eb755ae2a2f6b4ca74fd50969a183abf5e41c3,edition-target:lang:pau-Latn-PW,,,edition-target:lang:pau-Latn-PW,edition-target:lang:pau-Latn-PW
canonical:pop:e5ce23e04310977f9e30a710,v2_population,pop:e5ce23e04310977f9e30a710,edition-target:lang:my-Mymr-MM,POPULATION_OR_CONTEXT,home_or_first_language,persons_regular_household_use_estimate,36000000,,41000000,Planning range inferred in the cited World Bank report from about 80% current household use and an older estimate near 70%; not a census L1 count.,2022,,,MMR_WB_PHONE_2023_24,https://documents1.worldbank.org/curated/en/099070124012035856/pdf/P50066314cb91a0d4199041567b48f877da.pdf,,non_additive; never sum with another measure or measure class without a proved disjoint-person crosswalk,,V2_CANONICAL_EVIDENCE,false,34c55521f06d2eb54146ee2a8c5d4810fdd019a94c98243118f42e16e9b25d5c,edition-target:lang:my-Mymr-MM,,,edition-target:lang:my-Mymr-MM,edition-target:lang:my-Mymr-MM
canonical:pop:e5ce8c4383365b538104aca6,v2_population,pop:e5ce8c4383365b538104aca6,edition-target:lang:tsg-Latn-PH,POPULATION_OR_CONTEXT,ethnicity_or_identity_proxy,persons_ethnicity_proxy,,1615680,,2020 ethnicity proxy; not a home-language count.,2020,,,PH_PSA_ETHNICITY_2020,https://psa.gov.ph/content/ethnicity-philippines-2020-census-population-and-housing,,non_additive; never sum with another measure or measure class without a proved disjoint-person crosswalk,,V2_CANONICAL_EVIDENCE,false,aa9c6a80b163c7dce409c0fe165d034f8e9bb569cd42ca12c2721639c7ff7bd4,edition-target:lang:tsg-Latn-PH,,,edition-target:lang:tsg-Latn-PH,edition-target:lang:tsg-Latn-PH
canonical:pop:e5ee609ea99bb1d9e81365c4,v2_population,pop:e5ee609ea99bb1d9e81365c4,edition-target:lang:mos-Latn-BF,POPULATION_OR_CONTEXT,direct_reach_synthesis,people,8000000,9000000,10000000,Rounded direct-reach range for Mooré,,,,,,,non_additive; never sum with another measure or measure class without a proved disjoint-person crosswalk,,V2_CANONICAL_EVIDENCE,false,36caeb6a02c6d746cfcef4c210b81402653c0b783e54cfff1cbb86b589ada873,edition-target:lang:mos-Latn-BF,,,edition-target:lang:mos-Latn-BF,edition-target:lang:mos-Latn-BF
canonical:pop:e5fc83a67ae49b2e9b6c29c2,v2_population,pop:e5fc83a67ae49b2e9b6c29c2,edition-target:lang:gun-PY,POPULATION_OR_CONTEXT,ethnicity_or_identity_proxy,persons_indigenous_identity_proxy,,28123,,People identifying with the Mbyá Guaraní people; not a speaker count.,2022,,,SRC_AMAR_PRY_INDIG_2022,https://www.ine.gov.py/Publicaciones/Biblioteca/documento/237/Resultados-Finales-Censo-Indigena.pdf,,non_additive; never sum with another measure or measure class without a proved disjoint-person crosswalk,,V2_CANONICAL_EVIDENCE,false,2d976e86c77fce41006ab4e9fe0af143649d31ed48ba75f8e00d151cbcb4c459,edition-target:lang:gun-PY,,,edition-target:lang:gun-PY,edition-target:lang:gun-PY
canonical:pop:e66c33ef9027d53a5e9a0943,v2_population,pop:e66c33ef9027d53a5e9a0943,edition-target:lang:unresolved-tag:dao-census-category:viet-nam-dao-ethnicity-proxy,POPULATION_OR_CONTEXT,ethnicity_or_identity_proxy,persons_ethnicity_proxy,,891151,,2019 ethnicity proxy covering internal variety diversity; not one production language.,2019,,,VNM_CENSUS_2019,https://tongdieutradanso.vn/uploads/data/6/files/files/Population%20and%20Housing%20Census%202019_final%20report.pdf,,non_additive; never sum with another measure or measure class without a proved disjoint-person crosswalk,,V2_CANONICAL_EVIDENCE,false,61bd896a181aa38881c9d592eeb81b95a1dfbe197d40fe8f9f892b8b92cb9b4f,edition-target:lang:unresolved-tag:dao-census-category:viet-nam-dao-ethnicity-proxy,,,edition-target:lang:unresolved-tag:dao-census-category:viet-nam-dao-ethnicity-proxy,edition-target:lang:unresolved-tag:dao-census-category:viet-nam-dao-ethnicity-proxy
canonical:pop:e78a63ffe8e4f60bb46091d4,v2_population,pop:e78a63ffe8e4f60bb46091d4,edition-target:lang:tyz-Latn-VN,POPULATION_OR_CONTEXT,ethnicity_or_identity_proxy,persons_ethnicity_proxy,,1845492,,2019 ethnicity proxy; not a direct speaker count.,2019,,,VNM_CENSUS_2019,https://tongdieutradanso.vn/uploads/data/6/files/files/Population%20and%20Housing%20Census%202019_final%20report.pdf,,non_additive; never sum with another measure or measure class without a proved disjoint-person crosswalk,,V2_CANONICAL_EVIDENCE,false,5aeb1e04938b71d6f1a9a29857033c79569d77e703f7b699b75c81e0ec98a7c6,edition-target:lang:tyz-Latn-VN,,,edition-target:lang:tyz-Latn-VN,edition-target:lang:tyz-Latn-VN
canonical:pop:e9136f447407e9ca2a8b907c,v2_population,pop:e9136f447407e9ca2a8b907c,edition-target:lang:kal-GL,POPULATION_OR_CONTEXT,territorial_exposure_ceiling,persons_total_territory_population_proxy,,56740,,Total Greenland population on 1 January 2026; not a Kalaallisut speaker count.,2026,,,SRC_AMAR_GRL_POP_2026,https://stat.gl/publ/da/BE/202601/oversigt/Befolkningsstatus.htm,,non_additive; never sum with another measure or measure class without a proved disjoint-person crosswalk,,V2_CANONICAL_EVIDENCE,false,f509e0fcb900269b6094790efc269eb5a475a47d753244a3d84a6ad36165904a,edition-target:lang:kal-GL,,,edition-target:lang:kal-GL,edition-target:lang:kal-GL
canonical:pop:e9424fb70a292753ff215798,v2_population,pop:e9424fb70a292753ff215798,edition-target:lang:umb-Latn-AO,POPULATION_OR_CONTEXT,direct_reach_synthesis,people,6000000,7000000,8000000,Rounded direct-reach range for Umbundu,,,,,,,non_additive; never sum with another measure or measure class without a proved disjoint-person crosswalk,,V2_CANONICAL_EVIDENCE,false,83c9061c1e6b1698a9decbcb881c67c2ce72e652d74078beb5fb38d06be39326,edition-target:lang:umb-Latn-AO,,,edition-target:lang:umb-Latn-AO,edition-target:lang:umb-Latn-AO
canonical:pop:e971c0d9ad86571a6d181fcc,v2_population,pop:e971c0d9ad86571a6d181fcc,edition-target:lang:mwr-Deva-IN,POPULATION_OR_CONTEXT,l1,persons_L1,7831749,7831749,7831749,Separate mother-tongue return inside Hindi umbrella,2011,,,IND_C16_2011,https://censusindia.gov.in/nada/index.php/catalog/10191,,non_additive; never sum with another measure or measure class without a proved disjoint-person crosswalk,,V2_CANONICAL_EVIDENCE,false,20bf8887162cb06e5ae8257a7fcb3966af50fc3a4fd7fa3f56b86aa9678dee33,edition-target:lang:mwr-Deva-IN,,,edition-target:lang:mwr-Deva-IN,edition-target:lang:mwr-Deva-IN
canonical:pop:e9bab391381d2c7e6fff1b58,v2_population,pop:e9bab391381d2c7e6fff1b58,edition-target:lang:kk-Cyrl-KZ,POPULATION_OR_CONTEXT,alternative_definition_mix,people,12670407,13380107,13380107,"Low is fluent Kazakh speakers age 5+; base/high is own-nationality native-language count. These are alternative definitions, not sampling bounds.",2021,,,SRC_KAZAKHSTAN_CENSUS_2021,https://stat.gov.kz/upload/medialibrary/cee/3rsfg8ps3xo19orb284esg4rx27ihqf7/%D0%9D%D0%B0%D1%86%D0%B8%D0%BE%D0%BD%D0%B0%D0%BB%D1%8C%D0%BD%D1%8B%D0%B9%20%D1%81%D0%BE%D1%81%D1%82%D0%B0%D0%B2.pdf,,non_additive; never sum with another measure or measure class without a proved disjoint-person crosswalk,,V2_CANONICAL_EVIDENCE,false,cda9246d89659fc880446d82abfacd2384925c4bf3aa9faf405739a9374a59f0,edition-target:lang:kk-Cyrl-KZ,,,edition-target:lang:kk-Cyrl-KZ,edition-target:lang:kk-Cyrl-KZ
canonical:pop:ea8bdabcef8f924abe03dc20,v2_population,pop:ea8bdabcef8f924abe03dc20,edition-target:lang:zh-Hans-CN:written,POPULATION_OR_CONTEXT,person_times,person_times,,4544200,,"Registrations for higher-education self-study examinations in 2025, reported as person-times rather than distinct people",2025,,,SRC_MOE_EDU_2025,https://www.moe.gov.cn/jyb_sjzl/sjzl_fztjgb/202607/t20260706_1442870.html,,non_additive; never sum with another measure or measure class without a proved disjoint-person crosswalk,,V2_CANONICAL_EVIDENCE,false,7c708b17b458a01d1f20920f27f3f83b6da4df8ea429e6c6620e929671d211e6,edition-target:lang:zh-Hans-CN:written,,,edition-target:lang:zh-Hans-CN:written,edition-target:lang:zh-Hans-CN:written
canonical:pop:eb8f51b0ea8da14dc32c0bbd,v2_population,pop:eb8f51b0ea8da14dc32c0bbd,edition-target:lang:mfa-Arab-TH,POPULATION_OR_CONTEXT,home_or_first_language,persons_L1_planning_range_nonadditive,1000000,,1500000,Same planning range as Rumi row; non-additive script-access edition.,,,,THA_UIL_PATANI,https://www.uil.unesco.org/en/litbase/patani-malay-thai-bilingual/multilingual-education-thailand,,non_additive; never sum with another measure or measure class without a proved disjoint-person crosswalk,,V2_CANONICAL_EVIDENCE,false,e45af9e073e3b30944fee8210a97ebc59f5ec897be5039e6d7a56ace279c749a,edition-target:lang:mfa-Arab-TH,,,edition-target:lang:mfa-Arab-TH,edition-target:lang:mfa-Arab-TH
canonical:pop:edfec6339bd840e51c26a58e,v2_population,pop:edfec6339bd840e51c26a58e,edition-target:lang:bjn-Latn-ID,POPULATION_OR_CONTEXT,home_or_first_language,persons_daily_home_language_age5plus,,3650000,,Rounded BPS daily-home-language count for people age five and above.,2010,,,IDN_BPS_LANG_2010,https://www.bps.go.id/en/publication/2012/05/23/55eca38b7fe0830834605b35/nationality--ethnicity--religion--and-dailylanguage-of-indonesian-population.html,,non_additive; never sum with another measure or measure class without a proved disjoint-person crosswalk,,V2_CANONICAL_EVIDENCE,false,7d80f852002ba4faec827216771b94f9646fe87817d9e609c4b11b14cc785ca5,edition-target:lang:bjn-Latn-ID,,,edition-target:lang:bjn-Latn-ID,edition-target:lang:bjn-Latn-ID
canonical:pop:ee91bd6a1245bdc50af0ab7e,v2_population,pop:ee91bd6a1245bdc50af0ab7e,edition-target:lang:ja-Jpan-JP,POPULATION_OR_CONTEXT,enrolment,persons,,59377,,Higher-education students with disability certificate or diagnosis/health examination establishing disability,2025,,,JPN-S012,https://www.jasso.go.jp/statistics/gakusei_shogai_syugaku/2025.html,,non_additive; never sum with another measure or measure class without a proved disjoint-person crosswalk,,V2_CANONICAL_EVIDENCE,false,5656577200a888e725dba1a87943a1a762f6ccd18514024777aa86325e8ac320,edition-target:lang:ja-Jpan-JP,,,edition-target:lang:ja-Jpan-JP,edition-target:lang:ja-Jpan-JP
canonical:pop:eeb104969546c4a01a2c60b5,v2_population,pop:eeb104969546c4a01a2c60b5,edition-target:lang:unresolved-tag:any-spoken-language-variety-terminology-timing-pronunciation-and-voice-r:global-instantiate-by-media-language,POPULATION_OR_CONTEXT,disability_proxy,persons_blind_GBD_2020_proxy,,43000000,,Approximate number of blind people in the 2020 VLEG/GBD vision-loss model; proxy only and not a count of audio-description users.,2020,,,IAPB_VISION_2020,https://www.iapb.org/wp-content/uploads/2021/05/Vision-Atlas_Global-Snapshot_18052021.pdf,,non_additive; never sum with another measure or measure class without a proved disjoint-person crosswalk,,V2_CANONICAL_EVIDENCE,false,ac083c2251dabe64be2688577ae5643a72fbd0ad1b1b2e5fe4981067c8331e86,edition-target:lang:unresolved-tag:any-spoken-language-variety-terminology-timing-pronunciation-and-voice-r:global-instantiate-by-media-language,,,edition-target:lang:unresolved-tag:any-spoken-language-variety-terminology-timing-pronunciation-and-voice-r:global-instantiate-by-media-language,edition-target:lang:unresolved-tag:any-spoken-language-variety-terminology-timing-pronunciation-and-voice-r:global-instantiate-by-media-language
canonical:pop:ef654c1ae1b22e0badd557a9,v2_population,pop:ef654c1ae1b22e0badd557a9,edition-target:lang:ayo-PY,POPULATION_OR_CONTEXT,ethnicity_or_identity_proxy,persons_indigenous_identity_proxy,,2520,,People identifying with the Ayoreo people; not a speaker count.,2022,,,SRC_AMAR_PRY_INDIG_2022,https://www.ine.gov.py/Publicaciones/Biblioteca/documento/237/Resultados-Finales-Censo-Indigena.pdf,,non_additive; never sum with another measure or measure class without a proved disjoint-person crosswalk,,V2_CANONICAL_EVIDENCE,false,fd57e12bee9cff218655fa5f8d05ced819b971542da7383e51aca6e4f12bffb2,edition-target:lang:ayo-PY,,,edition-target:lang:ayo-PY,edition-target:lang:ayo-PY
canonical:pop:efac9649b3a5f457238c9b94,v2_population,pop:efac9649b3a5f457238c9b94,edition-target:lang:id-Latn-ID,POPULATION_OR_CONTEXT,enrolment,bachelor's enrolments,,8542317,,Bachelor's programme enrolment stock reported by PDDikti for 2025.,2025,,,PDDIKTI_HE_2025,https://lldikti3.kemdiktisaintek.go.id/wp-content/uploads/2026/05/Buku-Statistik-Pendidikan-Tinggi-Tahun-2025.pdf,,non_additive; never sum with another measure or measure class without a proved disjoint-person crosswalk,,V2_CANONICAL_EVIDENCE,false,91e7411ae36b2af979359586a121ac96832b2a9bc42cf977e818e4e2e118edb7,edition-target:lang:id-Latn-ID,,,edition-target:lang:id-Latn-ID,edition-target:lang:id-Latn-ID
canonical:pop:efff62121285d2edd7f73e45,v2_population,pop:efff62121285d2edd7f73e45,edition-target:lang:tl-Latn-PH,POPULATION_OR_CONTEXT,household_count,households,10523000,10523000,10523000,Households reporting Tagalog generally spoken at home; not people.,2020,,,SRC_PSA_PH_2020,https://psa.gov.ph/system/files/phcd/02%20-Press%20Release%20on%20Language_Dialect%20Generally%20Spoken%20at%20Home_030323_PMMJ_CRD.pdf,,non_additive; never sum with another measure or measure class without a proved disjoint-person crosswalk,,V2_CANONICAL_EVIDENCE,false,be2b720cf461bef1f24a791704a4f721c38edcb8c6bd7b1bbebeaaf1c5c5e96b,edition-target:lang:tl-Latn-PH,,,edition-target:lang:tl-Latn-PH,edition-target:lang:tl-Latn-PH
canonical:pop:f05f95e48ae76f4d336fd2e4,v2_population,pop:f05f95e48ae76f4d336fd2e4,edition-target:lang:zh-Hans-CN:written,POPULATION_OR_CONTEXT,disability_population_ceiling,persons,85000000,,,Official plan states that China has more than 85 million disabled people,2021,,,SRC_CDPF_DISABILITY_PLAN,https://www.cdpf.org.cn/zwgk/ghjh/af85c8a4edd744159b1a60f659a36d9b.htm,,non_additive; never sum with another measure or measure class without a proved disjoint-person crosswalk,,V2_CANONICAL_EVIDENCE,false,e1d3a6e8b8e5f00e5ab25056c33e9bc7bfd48fc157775f6d51a49a663fefd5aa,edition-target:lang:zh-Hans-CN:written,,,edition-target:lang:zh-Hans-CN:written,edition-target:lang:zh-Hans-CN:written
canonical:pop:f11bb07a90bf383e717ecdce,v2_population,pop:f11bb07a90bf383e717ecdce,edition-target:lang:rhg-Rohg-BD,POPULATION_OR_CONTEXT,status_cohort,people,1800000,1800000,1800000,"Reported stateless Rohingya at mid-2025; status cohort, not script-specific language count.",2025,,,SRC_UNHCR_MID_2025,https://www.unhcr.org/mid-year-trends,,non_additive; never sum with another measure or measure class without a proved disjoint-person crosswalk,,V2_CANONICAL_EVIDENCE,false,ec57fd670173a358cfedd4aa371ca86dd4e192b8cba30bec316b7b7a99fa8a2a,edition-target:lang:rhg-Rohg-BD,,,edition-target:lang:rhg-Rohg-BD,edition-target:lang:rhg-Rohg-BD
canonical:pop:f13a1e88b606ae7fd303c7c9,v2_population,pop:f13a1e88b606ae7fd303c7c9,edition-target:lang:ps-Arab-PK,POPULATION_OR_CONTEXT,l1,persons_L1,43633946,43633946,43633946,Census mother-tongue count,2023,,,PBS_MT_2023,https://www.pbs.gov.pk/wp-content/uploads/census_tables/tables/table_11_national.pdf,,non_additive; never sum with another measure or measure class without a proved disjoint-person crosswalk,,V2_CANONICAL_EVIDENCE,false,18159c8cf70fcd0634495bf3499d60d8ce43aeffbae0faefe9874cbe39235eea,edition-target:lang:ps-Arab-PK,,,edition-target:lang:ps-Arab-PK,edition-target:lang:ps-Arab-PK
canonical:pop:f20f2aed448b7b634e9f5fb0,v2_population,pop:f20f2aed448b7b634e9f5fb0,edition-target:lang:de-Latn-001,POPULATION_OR_CONTEXT,macro_speaker_estimate,people,95000000,100000000,105000000,"Institutional estimate of native speakers, around 100m.",2013,,,SRC_GOETHE_GERMAN,https://www.goethe.de/resources/files/pdf21/gi_04-13_en-web.pdf,,non_additive; never sum with another measure or measure class without a proved disjoint-person crosswalk,,V2_CANONICAL_EVIDENCE,false,4cb774a4e7ec73d1187bf341ea3088b1cf35771d66d76b0a225092405eb5945f,edition-target:lang:de-Latn-001,,,edition-target:lang:de-Latn-001,edition-target:lang:de-Latn-001
canonical:pop:f28e7b6aa0216b33c197d307,v2_population,pop:f28e7b6aa0216b33c197d307,edition-target:lang:guc-CO,POPULATION_OR_CONTEXT,speaker_or_reported_ability,persons_named_language_speaker_estimate,,334939,,Named-language speaker estimate in the national decennial language plan.,,,,SRC_AMAR_COL_LANG_PLAN,https://dokumen.pub/plan-decenal-de-lenguas-nativas-de-colombia-9789587534948.html,,non_additive; never sum with another measure or measure class without a proved disjoint-person crosswalk,,V2_CANONICAL_EVIDENCE,false,1fee6c5f7745d5d491cd3dd2d03702f9442f327314830dc158f9df5db3c67d5b,edition-target:lang:guc-CO,,,edition-target:lang:guc-CO,edition-target:lang:guc-CO
canonical:pop:f2908250e7250cb593a3f5da,v2_population,pop:f2908250e7250cb593a3f5da,edition-target:macro:IDN_NON_INDONESIAN_SPEAKER_ACCESS,POPULATION_OR_CONTEXT,negative_ability_aggregate,persons age 5+,,5177554,,People aged five or older reported unable to speak Indonesian under the BPS conversational definition.,2022,,,BPS_LANG_SPEAK_2022,https://sensus.bps.go.id/topik/tabular/sp2022/196/1/0,,non_additive; never sum with another measure or measure class without a proved disjoint-person crosswalk,,V2_CANONICAL_EVIDENCE,false,b5415152d194e71f58ce6750c7730145fface59c1754dfe64611e08cb40ab623,edition-target:macro:IDN_NON_INDONESIAN_SPEAKER_ACCESS,,,edition-target:macro:IDN_NON_INDONESIAN_SPEAKER_ACCESS,edition-target:macro:IDN_NON_INDONESIAN_SPEAKER_ACCESS
canonical:pop:f2fb2cb4b3319348b3b7b6bc,v2_population,pop:f2fb2cb4b3319348b3b7b6bc,edition-target:lang:rcf-Latn-RE,POPULATION_OR_CONTEXT,percentage_only,percent_age18_64_childhood_home_creole_only,,48,,Adults ages 18–64 reporting only Creole in the childhood home; a separate 22% reported both Creole and French,survey reported 2024,,,OIO_7390EBB1C54E,https://www.insee.fr/fr/statistiques/8279889,,non_additive; never sum with another measure or measure class without a proved disjoint-person crosswalk,,V2_CANONICAL_EVIDENCE,false,e8c5a8bdb26f037ca9332868e015d8ad30e1dbf4dca4d298830b890b713d2d95,edition-target:lang:rcf-Latn-RE,,,edition-target:lang:rcf-Latn-RE,edition-target:lang:rcf-Latn-RE
canonical:pop:f306bc4090e9b57f2dbd3a80,v2_population,pop:f306bc4090e9b57f2dbd3a80,edition-target:lang:unresolved-tag:muong-varieties:viet-nam-muong-ethnicity-proxy,POPULATION_OR_CONTEXT,ethnicity_or_identity_proxy,persons_ethnicity_proxy,,1452095,,2019 ethnicity proxy; not an exact variety or direct speaker count.,2019,,,VNM_CENSUS_2019,https://tongdieutradanso.vn/uploads/data/6/files/files/Population%20and%20Housing%20Census%202019_final%20report.pdf,,non_additive; never sum with another measure or measure class without a proved disjoint-person crosswalk,,V2_CANONICAL_EVIDENCE,false,ee44e64de9c24fc40fdb84707baf34ad3918a80e0ebc6230904d78e3e1d49770,edition-target:lang:unresolved-tag:muong-varieties:viet-nam-muong-ethnicity-proxy,,,edition-target:lang:unresolved-tag:muong-varieties:viet-nam-muong-ethnicity-proxy,edition-target:lang:unresolved-tag:muong-varieties:viet-nam-muong-ethnicity-proxy
canonical:pop:f30ea6d4f591134989fc8933,v2_population,pop:f30ea6d4f591134989fc8933,edition-target:lang:ve-Latn-ZA,POPULATION_OR_CONTEXT,percentage_only,percent,,2.5,,Share of South Africa population reporting Tshivenda as household language,2022,,,SRC_STATSSA_CENSUS_2022,https://www.statssa.gov.za/wp-content/uploads/2023/11/Mbalo-brief-November.pdf,,non_additive; never sum with another measure or measure class without a proved disjoint-person crosswalk,,V2_CANONICAL_EVIDENCE,false,467d7e41ee7fd96fd3161c57134259d18b85c494badbc3f71870c5d292f213b8,edition-target:lang:ve-Latn-ZA,,,edition-target:lang:ve-Latn-ZA,edition-target:lang:ve-Latn-ZA
canonical:pop:f33bbaa1682c2f12b998e134,v2_population,pop:f33bbaa1682c2f12b998e134,edition-target:lang:prl-PE,POPULATION_OR_CONTEXT,home_or_first_language,persons_sign_language_mother_tongue,,10447,,People reporting LSP as mother tongue; not all LSP users.,2017,,,SRC_AMAR_PER_INEI_LSP_2017,https://www.inei.gob.pe/media/MenuRecursivo/publicaciones_digitales/Est/Lib1676/03.pdf,,non_additive; never sum with another measure or measure class without a proved disjoint-person crosswalk,,V2_CANONICAL_EVIDENCE,false,70d7d1a4b1836ab6dbad30de030ea30dced7a59810f3a86cc56b9c1562430696,edition-target:lang:prl-PE,,,edition-target:lang:prl-PE,edition-target:lang:prl-PE
canonical:pop:f347529ae7ac1a1b4af03612,v2_population,pop:f347529ae7ac1a1b4af03612,edition-target:lang:otw-CA,POPULATION_OR_CONTEXT,speaker_or_reported_ability,persons_2021_language_knowledge,,220,,People reporting knowledge of Daawaamwin / Odawa; mother-tongue count 130. Counts randomly rounded.,2021,,,SRC_AMAR_CAN_ALGONQ_2021,https://www150.statcan.gc.ca/n1/pub/41-20-0002/412000022025002-eng.htm,,non_additive; never sum with another measure or measure class without a proved disjoint-person crosswalk,,V2_CANONICAL_EVIDENCE,false,d9c2447d1f561254782465c651e9b90a9e0a3f16f127c6d97eeacd48a06afee9,edition-target:lang:otw-CA,,,edition-target:lang:otw-CA,edition-target:lang:otw-CA
canonical:pop:f49bada43f82f2e1749e84ce,v2_population,pop:f49bada43f82f2e1749e84ce,edition-target:lang:ayr-AR,POPULATION_OR_CONTEXT,percentage_only,percent_of_self_identified_people_speak_or_understand_own_language,,50.8,,Share of the self-identified Argentina Aymara people who speak or understand the people's language; denominator count is not encoded here.,2022,,,SRC_AMAR_ARG_INDEC_2022,https://www.indec.gob.ar/ftp/cuadros/poblacion/censo2022_poblacion_indigena.pdf,,non_additive; never sum with another measure or measure class without a proved disjoint-person crosswalk,,V2_CANONICAL_EVIDENCE,false,f6fc5c253abc173dbe047ebadd4f3e48bdc594474922167e90349382fe5e67ab,edition-target:lang:ayr-AR,,,edition-target:lang:ayr-AR,edition-target:lang:ayr-AR
canonical:pop:f5f0ed99d5d08d292b1bdd8c,v2_population,pop:f5f0ed99d5d08d292b1bdd8c,edition-target:lang:unresolved-tag:ava-guarani:paraguay-ava-guarani-people,POPULATION_OR_CONTEXT,ethnicity_or_identity_proxy,persons_indigenous_identity_proxy,,22694,,People identifying with the Ava Guaraní people; not a speaker count.,2022,,,SRC_AMAR_PRY_INDIG_2022,https://www.ine.gov.py/Publicaciones/Biblioteca/documento/237/Resultados-Finales-Censo-Indigena.pdf,,non_additive; never sum with another measure or measure class without a proved disjoint-person crosswalk,,V2_CANONICAL_EVIDENCE,false,98a3d2bc669cc01d7ef08e7e14e54c6a7f9e62317d65c2ad648a5eb30ccc8a4f,edition-target:lang:unresolved-tag:ava-guarani:paraguay-ava-guarani-people,,,edition-target:lang:unresolved-tag:ava-guarani:paraguay-ava-guarani-people,edition-target:lang:unresolved-tag:ava-guarani:paraguay-ava-guarani-people
canonical:pop:f5fe74bef65af636ea7f2c74,v2_population,pop:f5fe74bef65af636ea7f2c74,edition-target:lang:mai-Deva-NP,POPULATION_OR_CONTEXT,l1,persons_L1,3222389,3222389,3222389,Census mother-tongue count,2021,,,NPL_LANG_2021,https://censusnepal.cbs.gov.np/results/files/result-folder/Language%20in%20Nepal.pdf,,non_additive; never sum with another measure or measure class without a proved disjoint-person crosswalk,,V2_CANONICAL_EVIDENCE,false,9d18b1e6d561c5d73dd104e509b2aebd6ab01cfb9c62bbe27e5e6f20267461c6,edition-target:lang:mai-Deva-NP,,,edition-target:lang:mai-Deva-NP,edition-target:lang:mai-Deva-NP
canonical:pop:f6619caf8327caf3d2a22960,v2_population,pop:f6619caf8327caf3d2a22960,edition-target:lang:mgm-Latn-TL,POPULATION_OR_CONTEXT,home_or_first_language,persons_L1,,195778,,2015 census L1 count reproduced in an open peer-reviewed study.,2015,,,TLS_CENSUS_LANGUAGE_STUDY,https://pmc.ncbi.nlm.nih.gov/articles/PMC9411783/,,non_additive; never sum with another measure or measure class without a proved disjoint-person crosswalk,,V2_CANONICAL_EVIDENCE,false,833ab0bf240b4a0fc14c419a86f22726384b4c21a191b7ec1880c7fb41f674dd,edition-target:lang:mgm-Latn-TL,,,edition-target:lang:mgm-Latn-TL,edition-target:lang:mgm-Latn-TL
canonical:pop:f71177c091b3e0054383d5d4,v2_population,pop:f71177c091b3e0054383d5d4,edition-target:lang:agu-GT,POPULATION_OR_CONTEXT,home_or_first_language,persons_age4plus_mother_tongue,,10145,,People age 4+ reporting Awakateko as mother tongue.,2018,,,SRC_AMAR_GTM_INE_2018,https://censo2018.ine.gob.gt/archivos/resultados_censo2018.pdf,,non_additive; never sum with another measure or measure class without a proved disjoint-person crosswalk,,V2_CANONICAL_EVIDENCE,false,214b230dda384335906f6fbe4b87e53d65ed2e017a85f069d690b9baac678cc6,edition-target:lang:agu-GT,,,edition-target:lang:agu-GT,edition-target:lang:agu-GT
canonical:pop:f880a4d5c4b969242e52968f,v2_population,pop:f880a4d5c4b969242e52968f,edition-target:lang:unresolved-tag:jamaican-country-sign-konchri-sain:st-elizabeth-jamaica,POPULATION_OR_CONTEXT,disability_proxy,deaf_adult_users_stale_estimate,,40,,Approximate deaf adult users in 2009; many hearing community members also signed.,2009,,,SRC_AMAR_JAM_COUNTRY_SIGN,https://lms.jamdeaf.org.jm/pluginfile.php/1562/mod_resource/content/1/Socio%20linguistic%20profile%20of%20the%20Deaf%20community.pdf,,non_additive; never sum with another measure or measure class without a proved disjoint-person crosswalk,,V2_CANONICAL_EVIDENCE,false,8b8425d56f8135b3f5bfe0c7832299fa44984369c49eabea701d0ca0338de2a2,edition-target:lang:unresolved-tag:jamaican-country-sign-konchri-sain:st-elizabeth-jamaica,,,edition-target:lang:unresolved-tag:jamaican-country-sign-konchri-sain:st-elizabeth-jamaica,edition-target:lang:unresolved-tag:jamaican-country-sign-konchri-sain:st-elizabeth-jamaica
canonical:pop:f88e047ae9f91bef2d8dc9a3,v2_population,pop:f88e047ae9f91bef2d8dc9a3,edition-target:lang:ja-Jpan-JP,POPULATION_OR_CONTEXT,enrolment,persons,,60013,,Residence-status Student holders enrolled in graduate schools,2025,,,JPN-S007,https://www.studyinjapan.go.jp/ja/statistics/enrollment/data/2605291000.html,,non_additive; never sum with another measure or measure class without a proved disjoint-person crosswalk,,V2_CANONICAL_EVIDENCE,false,60af0776368728a41b97cfb0a80006b0a567bf955808dd36bf58169566a6e66c,edition-target:lang:ja-Jpan-JP,,,edition-target:lang:ja-Jpan-JP,edition-target:lang:ja-Jpan-JP
canonical:pop:f947d8b186ac763530534d7c,v2_population,pop:f947d8b186ac763530534d7c,edition-target:lang:ykg-RU,POPULATION_OR_CONTEXT,speaker_or_reported_ability,persons_within_named_people_reporting_same_named_language_knowledge_shared_where_noted,,300,,"Shared Yukaghir language-knowledge count; ethnic population 1,813; not split from Forest Yukaghir.",2021,,,SRC_AMAR_RUS_ROSSTAT_2021,https://rosstat.gov.ru/storage/mediabank/Tom5_tab18_VPN-2020.xlsx,,non_additive; never sum with another measure or measure class without a proved disjoint-person crosswalk,,V2_CANONICAL_EVIDENCE,false,20dbe92e0c2516f1884a6e5e6061cb0ef934be99eb0f95c06990232491222fd8,edition-target:lang:ykg-RU,,,edition-target:lang:ykg-RU,edition-target:lang:ykg-RU
canonical:pop:f954ecbfa521ac0984f243a1,v2_population,pop:f954ecbfa521ac0984f243a1,edition-target:lang:ky-Cyrl-KG,POPULATION_OR_CONTEXT,l1,people,5360056,5360056,5360056,Own-nationality native-language count in Census 2022.,2022,,,SRC_KYRGYZ_CENSUS_2022,https://stat.gov.kg/media/publicationarchive/0f717d2d-5078-4e18-8b56-fb2a530462a2.pdf,,non_additive; never sum with another measure or measure class without a proved disjoint-person crosswalk,,V2_CANONICAL_EVIDENCE,false,3746a2708526a67f9d25f1777ddf7e7b4c238cc985fa0b77d3d6016af5247776,edition-target:lang:ky-Cyrl-KG,,,edition-target:lang:ky-Cyrl-KG,edition-target:lang:ky-Cyrl-KG
canonical:pop:f95fbedf90f373eca0f79dec,v2_population,pop:f95fbedf90f373eca0f79dec,edition-target:lang:brh-Arab-PK,POPULATION_OR_CONTEXT,l1,persons_L1,2778670,2778670,2778670,Census mother-tongue count,2023,,,PBS_MT_2023,https://www.pbs.gov.pk/wp-content/uploads/census_tables/tables/table_11_national.pdf,,non_additive; never sum with another measure or measure class without a proved disjoint-person crosswalk,,V2_CANONICAL_EVIDENCE,false,de3379fb6da3a31a74d15fa4f9b137ad1ad0936bad081facef40a5f205714958,edition-target:lang:brh-Arab-PK,,,edition-target:lang:brh-Arab-PK,edition-target:lang:brh-Arab-PK
canonical:pop:f9cec7ee185d0e3cd5d487b3,v2_population,pop:f9cec7ee185d0e3cd5d487b3,edition-target:lang:vi-Latn-VN,POPULATION_OR_CONTEXT,ethnicity_or_identity_proxy,persons_ethnicity_proxy,,82085826,,2019 Kinh ethnicity count; not a direct language-use measure.,2019,,,VNM_CENSUS_2019,https://tongdieutradanso.vn/uploads/data/6/files/files/Population%20and%20Housing%20Census%202019_final%20report.pdf,,non_additive; never sum with another measure or measure class without a proved disjoint-person crosswalk,,V2_CANONICAL_EVIDENCE,false,ca9415167089a3bf789c2ef38f2c8baa3e95ce6778ebaa0a1f8a35393c886fbb,edition-target:lang:vi-Latn-VN,,,edition-target:lang:vi-Latn-VN,edition-target:lang:vi-Latn-VN
canonical:pop:fa5e0e45f5ed8fcab6218f60,v2_population,pop:fa5e0e45f5ed8fcab6218f60,edition-target:lang:unresolved-tag:chilean-quechua-exact-local-variety-required:chile-chilean-quechua-exact-local-va,POPULATION_OR_CONTEXT,speaker_or_reported_ability,persons_age5plus_speak_or_understand,,39430,,People age 5+ who speak or understand Quechua; variety unresolved.,2024,,,SRC_AMAR_CHL_INE_2024,https://censo2024.ine.gob.cl/wp-content/uploads/2025/12/sintesis_resultados_censo2024.pdf,,non_additive; never sum with another measure or measure class without a proved disjoint-person crosswalk,,V2_CANONICAL_EVIDENCE,false,24f562728d93db6017a69d36464f097e3772139509acf9c43a66d369c4ad3283,edition-target:lang:unresolved-tag:chilean-quechua-exact-local-variety-required:chile-chilean-quechua-exact-local-va,,,edition-target:lang:unresolved-tag:chilean-quechua-exact-local-variety-required:chile-chilean-quechua-exact-local-va,edition-target:lang:unresolved-tag:chilean-quechua-exact-local-variety-required:chile-chilean-quechua-exact-local-va
canonical:pop:fa7099c1ec31ba95cc929ed5,v2_population,pop:fa7099c1ec31ba95cc929ed5,edition-target:lang:arn-CL:variety:mapuzugun-exact-regional-variety-required,POPULATION_OR_CONTEXT,speaker_or_reported_ability,persons_age5plus_speak_or_understand,,381762,,People age 5+ who speak or understand Mapuzugun; shared across regional varieties.,2024,,,SRC_AMAR_CHL_INE_2024,https://censo2024.ine.gob.cl/wp-content/uploads/2025/12/sintesis_resultados_censo2024.pdf,,non_additive; never sum with another measure or measure class without a proved disjoint-person crosswalk,,V2_CANONICAL_EVIDENCE,false,a52d8f47fbdac40dd39c5b32830655f8ffd14da5518f855a882b040645b08574,edition-target:lang:arn-CL:variety:mapuzugun-exact-regional-variety-required,,,edition-target:lang:arn-CL:variety:mapuzugun-exact-regional-variety-required,edition-target:lang:arn-CL:variety:mapuzugun-exact-regional-variety-required
canonical:pop:fa9596007dbae216303039ae,v2_population,pop:fa9596007dbae216303039ae,edition-target:lang:dv-Thaa-MV,POPULATION_OR_CONTEXT,percentage_only,percent_maldivians_age10plus_dhivehi_literate,,98.6,,"Maldivians age 10+ reported Dhivehi literacy; national aggregate, not Malé-standard-only",2022,,,OIO_7EC90A4A2993,https://census.gov.mv/2022/wp-content/uploads/2024/02/Education_Census-2022_Report.pdf,,non_additive; never sum with another measure or measure class without a proved disjoint-person crosswalk,,V2_CANONICAL_EVIDENCE,false,7903b27c0b713ec76fcbd2e25bb85053c9ff6ffc346e2c03562d0c289cfe8ccd,edition-target:lang:dv-Thaa-MV,,,edition-target:lang:dv-Thaa-MV,edition-target:lang:dv-Thaa-MV
canonical:pop:fbb027ef08e3e292ed1996b5,v2_population,pop:fbb027ef08e3e292ed1996b5,edition-target:lang:bho-Deva-MU,POPULATION_OR_CONTEXT,home_language_response,persons_language_response_including_combinations,106583,106583,106583,Census Bhojpuri category including combination responses in Republic tables excluding Agalega,2022,,,OIO_CA36C5E73C30,https://statsmauritius.govmu.org/Documents/Census_and_Surveys/Census2022/HPC_TR_Vol2_Demography_Yr22.pdf,,non_additive; never sum with another measure or measure class without a proved disjoint-person crosswalk,,V2_CANONICAL_EVIDENCE,false,2bd34e50c4572a70945867d4ee4523766dcb93736bbfd5f62aeed365ff60d7f7,edition-target:lang:bho-Deva-MU,,,edition-target:lang:bho-Deva-MU,edition-target:lang:bho-Deva-MU
canonical:pop:fbb33431deb7c63768ba4a52,v2_population,pop:fbb33431deb7c63768ba4a52,edition-target:lang:ja-Jpan-JP,POPULATION_OR_CONTEXT,enrolment,persons,,1877,,Combined pupils needing Japanese instruction in compulsory-education schools 811; secondary-education schools 99; special-needs schools 967,2025,,,JPN-S003,https://www.mext.go.jp/b_menu/houdou/31/09/1421569_00007.htm,,non_additive; never sum with another measure or measure class without a proved disjoint-person crosswalk,,V2_CANONICAL_EVIDENCE,false,649152585b47757c7676c8a29b1e92b21c0f06d935f2d2f5db0cae2e3ebee5b7,edition-target:lang:ja-Jpan-JP,,,edition-target:lang:ja-Jpan-JP,edition-target:lang:ja-Jpan-JP
canonical:pop:fc678728c361090556d47bee,v2_population,pop:fc678728c361090556d47bee,edition-target:lang:km-Khmr-KH,POPULATION_OR_CONTEXT,home_or_first_language,persons_mother_tongue,,14893134,,Cambodia 2019 census mother-tongue count.,2019,,,KHM_CENSUS_2019,https://nis.gov.kh/nis/Census2019/Final%20General%20Population%20Census%202019-English.pdf,,non_additive; never sum with another measure or measure class without a proved disjoint-person crosswalk,,V2_CANONICAL_EVIDENCE,false,54e1ce4942a9e39fff1d741ff7170bcc6691e4b0e95f44ffabc3ee9314b780db,edition-target:lang:km-Khmr-KH,,,edition-target:lang:km-Khmr-KH,edition-target:lang:km-Khmr-KH
canonical:pop:ff2ba3113c0274d885d3f483,v2_population,pop:ff2ba3113c0274d885d3f483,edition-target:lang:zh-Hans-CN:written,POPULATION_OR_CONTEXT,enrolment,persons,,518300,,Vocational bachelor's students enrolled in 2025,2025,,,SRC_MOE_EDU_2025,https://www.moe.gov.cn/jyb_sjzl/sjzl_fztjgb/202607/t20260706_1442870.html,,non_additive; never sum with another measure or measure class without a proved disjoint-person crosswalk,,V2_CANONICAL_EVIDENCE,false,11b2a61484a08a99c49e3817aa975685e6bb5f3414fd1fb199f2abb2701d524c,edition-target:lang:zh-Hans-CN:written,,,edition-target:lang:zh-Hans-CN:written,edition-target:lang:zh-Hans-CN:written
canonical:pop:ffdfc71202edc76f82d195d7,v2_population,pop:ffdfc71202edc76f82d195d7,edition-target:lang:ig-Latn-NG,POPULATION_OR_CONTEXT,direct_reach_synthesis,people,30000000,35000000,40000000,Rounded direct-reach range by demographic proxies; not a speaker census,,,,,,,non_additive; never sum with another measure or measure class without a proved disjoint-person crosswalk,,V2_CANONICAL_EVIDENCE,false,923454830b8591ad87c29fdb6d3f54bded00ccce6c8a2571fa943fe67a2a421b,edition-target:lang:ig-Latn-NG,,,edition-target:lang:ig-Latn-NG,edition-target:lang:ig-Latn-NG
canonical:pop:shared:shared-denominator:001:,v2_population,pop:shared:shared-denominator:001:,edition-target:lang:fuv-Latn-NG,POPULATION_OR_CONTEXT,persons_basis_not_stated,people,40000000,,,"Fula-wide speaker lower bound; shared context only, not an exact variety count and not additive",2025,,,SRC_UNICODE17_CH19,https://www.unicode.org/versions/Unicode17.0.0/core-spec/chapter-19/,,non_additive; never sum with another measure or measure class without a proved disjoint-person crosswalk,shared-denominator:001,V2_CANONICAL_EVIDENCE,false,eb76d40c6a9537b66108362a4bf7a1905b9c0b5054fe8605d5d1f28133db1f16,edition-target:lang:fuv-Latn-NG,,,edition-target:lang:fuv-Latn-NG,edition-target:lang:fuv-Latn-NG
canonical:pop:shared:shared-denominator:002:,v2_population,pop:shared:shared-denominator:002:,edition-target:lang:knc-Latn-NG,POPULATION_OR_CONTEXT,persons_basis_not_stated,people,8000000,9000000,10000000,Rounded Lake Chad basin total across Kanuri varieties; shared and not additive,,,,,,,non_additive; never sum with another measure or measure class without a proved disjoint-person crosswalk,shared-denominator:002,V2_CANONICAL_EVIDENCE,false,eb2dec981cc2ea938aa24f3d80341b7ce0df482e0e97d020933e166340fe0b60,edition-target:lang:knc-Latn-NG,,,edition-target:lang:knc-Latn-NG,edition-target:lang:knc-Latn-NG
canonical:pop:shared:shared-denominator:003:,v2_population,pop:shared:shared-denominator:003:,edition-target:lang:unresolved-tag:amazonian-kichwa-in-peru:peru-amazonian-kichwa-in-peru-educat,POPULATION_OR_CONTEXT,home_or_first_language,persons_age5plus_mother_tongue_aggregate_shared,,3735682,,People age 5+ reporting the census aggregate Quechua as mother tongue; cannot be allocated to this education variety.,2017,,,SRC_AMAR_PER_INEI_2017,https://www.inei.gob.pe/media/MenuRecursivo/publicaciones_digitales/Est/Lib1539/libro.pdf,,non_additive; never sum with another measure or measure class without a proved disjoint-person crosswalk,shared-denominator:003,V2_CANONICAL_EVIDENCE,false,a5ffe515b4034457c348360d2ba81a4afc723960f8e6b90e51bcd68979634abd,edition-target:lang:unresolved-tag:amazonian-kichwa-in-peru:peru-amazonian-kichwa-in-peru-educat,,,edition-target:lang:unresolved-tag:amazonian-kichwa-in-peru:peru-amazonian-kichwa-in-peru-educat,edition-target:lang:unresolved-tag:amazonian-kichwa-in-peru:peru-amazonian-kichwa-in-peru-educat
canonical:pop:shared:shared-denominator:004:,v2_population,pop:shared:shared-denominator:004:,edition-target:lang:swh-Latn-TZ:variety:tanzania-mainland-standard-kiswahili,POPULATION_OR_CONTEXT,persons_basis_not_stated,people,200000000,,,Regional Kiswahili total users; strict lower bound shared across localized rows and not additive,2026,,,SRC_UNESCO_KISWAHILI,https://www.unesco.org/en/days/kiswahili-language?hub=71635,,non_additive; never sum with another measure or measure class without a proved disjoint-person crosswalk,shared-denominator:004,V2_CANONICAL_EVIDENCE,false,29db2c28bce1dd96e45a331ad1a96fc78c24ab9faf8b4d31a4972c7180add667,edition-target:lang:swh-Latn-TZ:variety:tanzania-mainland-standard-kiswahili,,,edition-target:lang:swh-Latn-TZ:variety:tanzania-mainland-standard-kiswahili,edition-target:lang:swh-Latn-TZ:variety:tanzania-mainland-standard-kiswahili
canonical:pop:shared:shared-denominator:005:,v2_population,pop:shared:shared-denominator:005:,edition-target:lang:so-Latn-SO:variety:standard-somali-maxaa,POPULATION_OR_CONTEXT,direct_reach_synthesis,people,20000000,25000000,30000000,Rounded direct-reach range across the Somali package; shared and not additive,,,,,,,non_additive; never sum with another measure or measure class without a proved disjoint-person crosswalk,shared-denominator:005,V2_CANONICAL_EVIDENCE,false,376f4a1550b28b0d9b672dfec06227c2d42dfb87ff5951a98b0a66c20cb7fcb8,edition-target:lang:so-Latn-SO:variety:standard-somali-maxaa,,,edition-target:lang:so-Latn-SO:variety:standard-somali-maxaa,edition-target:lang:so-Latn-SO:variety:standard-somali-maxaa
canonical:pop:shared:shared-denominator:006:,v2_population,pop:shared:shared-denominator:006:,edition-target:lang:plt-Latn-MG,POPULATION_OR_CONTEXT,direct_reach_synthesis,people,25000000,28500000,32000000,Rounded direct-reach range for the Malagasy package; shared and not additive,,,,,,,non_additive; never sum with another measure or measure class without a proved disjoint-person crosswalk,shared-denominator:006,V2_CANONICAL_EVIDENCE,false,b468a5ddd7227642c1602faf0df3563467e0b493295ddf9a2eaec452c773937b,edition-target:lang:plt-Latn-MG,,,edition-target:lang:plt-Latn-MG,edition-target:lang:plt-Latn-MG
canonical:pop:shared:shared-denominator:007:,v2_population,pop:shared:shared-denominator:007:,edition-target:lang:sn-Latn-ZW:variety:standard-shona,POPULATION_OR_CONTEXT,direct_reach_synthesis,people,12000000,13500000,15000000,Rounded direct reach across the Zimbabwe Shona package; shared and not additive,,,,,,,non_additive; never sum with another measure or measure class without a proved disjoint-person crosswalk,shared-denominator:007,V2_CANONICAL_EVIDENCE,false,34d6b4435544311d965437d631db845fafe51890442088a7d2001b6f2a9588a2,edition-target:lang:sn-Latn-ZW:variety:standard-shona,,,edition-target:lang:sn-Latn-ZW:variety:standard-shona,edition-target:lang:sn-Latn-ZW:variety:standard-shona
canonical:pop:shared:shared-denominator:008:,v2_population,pop:shared:shared-denominator:008:,edition-target:lang:gym-CR,POPULATION_OR_CONTEXT,enrolment,learners_shared_indigenous_territory_school_cohort_proxy,,16000,,Total learners across 309 Indigenous-territory schools; shared proxy cannot be allocated to this language.,2024,,,SRC_AMAR_CRI_MEP_2024,https://mep.go.cr/noticias/mep-fortalece-educacion-territorios-indigenas,,non_additive; never sum with another measure or measure class without a proved disjoint-person crosswalk,shared-denominator:008,V2_CANONICAL_EVIDENCE,false,b4afc5d9e5e4a54d239c93062baafe677da232e1f6c97607f8fda758640ff3e1,edition-target:lang:gym-CR,,,edition-target:lang:gym-CR,edition-target:lang:gym-CR
canonical:pop:shared:shared-denominator:009:,v2_population,pop:shared:shared-denominator:009:,edition-target:lang:cpc-PE,POPULATION_OR_CONTEXT,speaker_or_reported_ability,persons_childhood_speakers_aggregate_shared,,8774,,"Field estimate of childhood Asheninka speakers across distinct varieties; 15,281 people were reported in Asheninka localities.",2017,,,SRC_AMAR_PER_BDPI_ASHENINKA,https://bdpi.cultura.gob.pe/pueblos/asheninka,,non_additive; never sum with another measure or measure class without a proved disjoint-person crosswalk,shared-denominator:009,V2_CANONICAL_EVIDENCE,false,c7290ef2635b4ecda4b1ff5a5eb16749cb550e20b20ffe89d4420d9e8ba6a3d3,edition-target:lang:cpc-PE,,,edition-target:lang:cpc-PE,edition-target:lang:cpc-PE
canonical:pop:shared:shared-denominator:010:,v2_population,pop:shared:shared-denominator:010:,edition-target:lang:guu-VE,POPULATION_OR_CONTEXT,ethnicity_or_identity_proxy,persons_indigenous_identity_stale_proxy,,9479,,Shared Yanomami identity aggregate; not allocable to this language.,2011,,,SRC_AMAR_VEN_INE_2011,https://celade.cepal.org/censosinfo/manuales/VE_EmpadronPobIndigena_2011.pdf,,non_additive; never sum with another measure or measure class without a proved disjoint-person crosswalk,shared-denominator:010,V2_CANONICAL_EVIDENCE,false,52b173c0b513c16043e9032166cb329b08bd072618c9384d9ada959ae6780120,edition-target:lang:guu-VE,,,edition-target:lang:guu-VE,edition-target:lang:guu-VE
canonical:pop:shared:shared-denominator:011:,v2_population,pop:shared:shared-denominator:011:,edition-target:lang:yo-Latn-NG,POPULATION_OR_CONTEXT,direct_reach_synthesis,people,30000000,40000000,50000000,Rounded direct-reach range across the Yoruba package; shared across country rows and not additive,,,,,,,non_additive; never sum with another measure or measure class without a proved disjoint-person crosswalk,shared-denominator:011,V2_CANONICAL_EVIDENCE,false,a5afca8386661f5f4c9cf89bf2600a636fccce6c6502a69f2cac907bc77d5d78,edition-target:lang:yo-Latn-NG,,,edition-target:lang:yo-Latn-NG,edition-target:lang:yo-Latn-NG
canonical:pop:shared:shared-denominator:012:,v2_population,pop:shared:shared-denominator:012:,edition-target:lang:ln-Latn-CD:variety:drc-standard-lingala,POPULATION_OR_CONTEXT,persons_basis_not_stated,people,30000000,37500000,45000000,Rounded total-use reach across the Lingala package; shared and not additive,,,,,,,non_additive; never sum with another measure or measure class without a proved disjoint-person crosswalk,shared-denominator:012,V2_CANONICAL_EVIDENCE,false,819b3db265bce64494d32c7d536740c400d5d6e880dd53c596a9fa57e6abfd5b,edition-target:lang:ln-Latn-CD:variety:drc-standard-lingala,,,edition-target:lang:ln-Latn-CD:variety:drc-standard-lingala,edition-target:lang:ln-Latn-CD:variety:drc-standard-lingala
canonical:pop:shared:shared-denominator:013:,v2_population,pop:shared:shared-denominator:013:,edition-target:lang:rn-Latn-BI,POPULATION_OR_CONTEXT,direct_reach_synthesis,people,12000000,12500000,13000000,Rounded direct-reach range for Kirundi; shared and not additive,,,,,,,non_additive; never sum with another measure or measure class without a proved disjoint-person crosswalk,shared-denominator:013,V2_CANONICAL_EVIDENCE,false,ad530cf47e1fa658e7870a3629bbc26a512374bbaecb633226344eea933efbc7,edition-target:lang:rn-Latn-BI,,,edition-target:lang:rn-Latn-BI,edition-target:lang:rn-Latn-BI
canonical:pop:shared:shared-denominator:014:,v2_population,pop:shared:shared-denominator:014:,edition-target:lang:tw-Latn-GH:variety:asante-twi,POPULATION_OR_CONTEXT,persons_basis_not_stated,people,15000000,17500000,20000000,Rounded reach for Akan standards; shared and not additive,,,,,,,non_additive; never sum with another measure or measure class without a proved disjoint-person crosswalk,shared-denominator:014,V2_CANONICAL_EVIDENCE,false,5852b933fdaaac55d8dabce4c1975678a05447784bf27da8173d81db3ee18d79,edition-target:lang:tw-Latn-GH:variety:asante-twi,,,edition-target:lang:tw-Latn-GH:variety:asante-twi,edition-target:lang:tw-Latn-GH:variety:asante-twi
canonical:pop:shared:shared-denominator:015:,v2_population,pop:shared:shared-denominator:015:,edition-target:lang:ny-Latn-MW,POPULATION_OR_CONTEXT,persons_basis_not_stated,people,15000000,17500000,20000000,Rounded cross-border reach for Chichewa/Nyanja; shared and not additive,,,,,,,non_additive; never sum with another measure or measure class without a proved disjoint-person crosswalk,shared-denominator:015,V2_CANONICAL_EVIDENCE,false,421351e7400f9d8f90971d6367a3e99ec82a37adc6986ecfca5b3052b8db3e1d,edition-target:lang:ny-Latn-MW,,,edition-target:lang:ny-Latn-MW,edition-target:lang:ny-Latn-MW
canonical:pop:shared:shared-denominator:016:,v2_population,pop:shared:shared-denominator:016:,edition-target:lang:sat-Beng-IN,POPULATION_OR_CONTEXT,l1_ceiling_not_script_specific,persons_L1_ceiling,,,6973345,Raw Santali L1 total is an upper bound; script-specific population unknown,2011,,,IND_C16_2011,https://censusindia.gov.in/nada/index.php/catalog/10191,,non_additive; never sum with another measure or measure class without a proved disjoint-person crosswalk,shared-denominator:016,V2_CANONICAL_EVIDENCE,false,7a3de7f6823f843c2292b83b7153f87e1c690a7c4d884254d75bbc31a662cd9d,edition-target:lang:sat-Beng-IN,,,edition-target:lang:sat-Beng-IN,edition-target:lang:sat-Beng-IN
canonical:pop:shared:shared-denominator:017:,v2_population,pop:shared:shared-denominator:017:,edition-target:lang:kca-RU:variety:northern-khanty,POPULATION_OR_CONTEXT,speaker_or_reported_ability,persons_within_named_people_reporting_same_named_language_knowledge_shared_where_noted,,8664,,"Shared Khanty language-knowledge count; ethnic population 31,600; not split by variety.",2021,,,SRC_AMAR_RUS_ROSSTAT_2021,https://rosstat.gov.ru/storage/mediabank/Tom5_tab18_VPN-2020.xlsx,,non_additive; never sum with another measure or measure class without a proved disjoint-person crosswalk,shared-denominator:017,V2_CANONICAL_EVIDENCE,false,8b406404c2f5fdf0895df04e95bda876c271e7e6731825f6f0420fb8faca7f9d,edition-target:lang:kca-RU:variety:northern-khanty,,,edition-target:lang:kca-RU:variety:northern-khanty,edition-target:lang:kca-RU:variety:northern-khanty
canonical:pop:shared:shared-denominator:018:,v2_population,pop:shared:shared-denominator:018:,edition-target:lang:srm-SR,POPULATION_OR_CONTEXT,households,households_grouped_maroon_language_shared,,21699,,"Households grouped by the census under 'Maroon language'; cannot be allocated among Saamaka, Ndyuka, and Paramaccan.",2012,,,SRC_AMAR_SUR_CENSUS_2012,https://unstats.un.org/unsd/demographic-social/census/documents/Suriname/SUR-Census2012-vol3.pdf,,non_additive; never sum with another measure or measure class without a proved disjoint-person crosswalk,shared-denominator:018,V2_CANONICAL_EVIDENCE,false,e0777cca5178464f823aa3731be9998b956935d7fa5cd5b9bfc8a99e3a527781,edition-target:lang:srm-SR,,,edition-target:lang:srm-SR,edition-target:lang:srm-SR
canonical:pop:shared:shared-denominator:019:,v2_population,pop:shared:shared-denominator:019:,edition-target:lang:unresolved-tag:pemon-arekuna:venezuela-pemon-arekuna-communities,POPULATION_OR_CONTEXT,ethnicity_or_identity_proxy,persons_indigenous_identity_stale_proxy,,30148,,"Shared Pemón identity aggregate across Arekuna, Kamarakoto, and Taurepán.",2011,,,SRC_AMAR_VEN_INE_2011,https://celade.cepal.org/censosinfo/manuales/VE_EmpadronPobIndigena_2011.pdf,,non_additive; never sum with another measure or measure class without a proved disjoint-person crosswalk,shared-denominator:019,V2_CANONICAL_EVIDENCE,false,8e0a1e98bc32761c173a87191cd09b7d4d6ced290f707bf7e65d5d3c225de08f,edition-target:lang:unresolved-tag:pemon-arekuna:venezuela-pemon-arekuna-communities,,,edition-target:lang:unresolved-tag:pemon-arekuna:venezuela-pemon-arekuna-communities,edition-target:lang:unresolved-tag:pemon-arekuna:venezuela-pemon-arekuna-communities
canonical:pop:shared:shared-denominator:020:,v2_population,pop:shared:shared-denominator:020:,edition-target:lang:gaz-Latn-ET:variety:ethiopian-standard-oromo,POPULATION_OR_CONTEXT,persons_basis_not_stated,people,,24930424,,2007 Ethiopia mother-tongue count for Oromo overall; shared across Ethiopian variety rows and not additive,2007,,,SRC_ESS_CENSUS_2007,https://drs.ess.gov.et/bitstreams/61d74990-69a7-4f11-8e91-9234ca31d94f/download,,non_additive; never sum with another measure or measure class without a proved disjoint-person crosswalk,shared-denominator:020,V2_CANONICAL_EVIDENCE,false,e61bc831363ec010a533bc7b856c9d0eebf9db842baab8123bf9ef8c5bdca440,edition-target:lang:gaz-Latn-ET:variety:ethiopian-standard-oromo,,,edition-target:lang:gaz-Latn-ET:variety:ethiopian-standard-oromo,edition-target:lang:gaz-Latn-ET:variety:ethiopian-standard-oromo
canonical:pop:shared:shared-denominator:021:,v2_population,pop:shared:shared-denominator:021:,edition-target:lang:rw-Latn-RW,POPULATION_OR_CONTEXT,direct_reach_synthesis,people,13000000,13500000,14000000,Rounded direct-reach range for Kinyarwanda; shared and not additive,,,,,,,non_additive; never sum with another measure or measure class without a proved disjoint-person crosswalk,shared-denominator:021,V2_CANONICAL_EVIDENCE,false,65bcab38906543fd048f4c4bab185510453c37c50cbc6e9608a08393e2eb9217,edition-target:lang:rw-Latn-RW,,,edition-target:lang:rw-Latn-RW,edition-target:lang:rw-Latn-RW
canonical:pop:shared:shared-denominator:022:,v2_population,pop:shared:shared-denominator:022:,edition-target:lang:bm-Latn-ML,POPULATION_OR_CONTEXT,persons_basis_not_stated,people,12000000,14000000,16000000,Rounded total or bridge reach for Bambara; shared across script rows and not additive,,,,,,,non_additive; never sum with another measure or measure class without a proved disjoint-person crosswalk,shared-denominator:022,V2_CANONICAL_EVIDENCE,false,b2f6ea6dd655b165dc97b11655213fcd6739ffb8a4c5c186e06d79ce348fe0e0,edition-target:lang:bm-Latn-ML,,,edition-target:lang:bm-Latn-ML,edition-target:lang:bm-Latn-ML
canonical:pop:shared:shared-denominator:023:,v2_population,pop:shared:shared-denominator:023:,edition-target:lang:ktu-Latn-CD,POPULATION_OR_CONTEXT,persons_basis_not_stated,people,10000000,,,Combined bridge lower bound across Kikongo ya Leta and Kituba; shared and not additive,,,,,,,non_additive; never sum with another measure or measure class without a proved disjoint-person crosswalk,shared-denominator:023,V2_CANONICAL_EVIDENCE,false,27435930c9b47c01775fecd903e94ad553a4fabc3eb6bab2a123efae19e30525,edition-target:lang:ktu-Latn-CD,,,edition-target:lang:ktu-Latn-CD,edition-target:lang:ktu-Latn-CD
canonical:pop:shared:shared-denominator:024:,v2_population,pop:shared:shared-denominator:024:,edition-target:lang:rhg-Latn,POPULATION_OR_CONTEXT,displacement_status_cohort,persons_UNHCR_operational_populations_nonadditive,,1848647,,Same operational population as Hanifi row; non-additive script-access edition.,2025,,,MMR_UNHCR_SITUATION_2025,https://data.unhcr.org/en/situations/myanmar,,non_additive; never sum with another measure or measure class without a proved disjoint-person crosswalk,shared-denominator:024,V2_CANONICAL_EVIDENCE,false,1fc7ebe08adbca15f934b1ac1d3e01c6023bdfc9e758c1123dd9b82a3a04dfad,edition-target:lang:rhg-Latn,,,edition-target:lang:rhg-Latn,edition-target:lang:rhg-Latn
canonical:pop:shared:shared-denominator:025:,v2_population,pop:shared:shared-denominator:025:,edition-target:lang:unresolved-tag:neku:new-caledonia-neku-using-communities,POPULATION_OR_CONTEXT,speaker_or_reported_ability,persons_age15plus_speaking,110,110,110,People aged 15+ reported speaking the named language,2019,,,OIO_9D74E354F4EB,https://www.isee.nc/component/phocadownload/category/269-recensement-de-la-population?download=2186%3Arp-2019-la-population-vivant-en-tribus,,non_additive; never sum with another measure or measure class without a proved disjoint-person crosswalk,shared-denominator:025,V2_CANONICAL_EVIDENCE,false,17f2990c04f47656b41ed384fa70e1da71ae7b1723486108b250a8025abd2933,edition-target:lang:unresolved-tag:neku:new-caledonia-neku-using-communities,,,edition-target:lang:unresolved-tag:neku:new-caledonia-neku-using-communities,edition-target:lang:unresolved-tag:neku:new-caledonia-neku-using-communities
canonical:pop:shared:shared-denominator:026:,v2_population,pop:shared:shared-denominator:026:,edition-target:lang:wlc-Arab-KM,POPULATION_OR_CONTEXT,territorial_exposure_ceiling,persons_island_population_ceiling,51567,51567,51567,Mwali resident population; not a Shimwali speaker count,2017,,,OIO_C7EC7E68CA83,https://www.inseed-comores.org/wp-content/uploads/2024/02/RAPPORT-RESULTATS-GLOBAUX_COMORES-DU-RGPH-2017.pdf,,non_additive; never sum with another measure or measure class without a proved disjoint-person crosswalk,shared-denominator:026,V2_CANONICAL_EVIDENCE,false,e11a7d603ba0c03bc86300c447be8eff55d74fa5a291ffa198bdf91836a89605,edition-target:lang:wlc-Arab-KM,,,edition-target:lang:wlc-Arab-KM,edition-target:lang:wlc-Arab-KM
canonical:pop:shared:shared-denominator:027:,v2_population,pop:shared:shared-denominator:027:,edition-target:lang:wni-Arab-KM,POPULATION_OR_CONTEXT,territorial_exposure_ceiling,persons_island_population_ceiling,327382,327382,327382,Ndzuwani resident population; not a Shindzuani speaker count,2017,,,OIO_C7EC7E68CA83,https://www.inseed-comores.org/wp-content/uploads/2024/02/RAPPORT-RESULTATS-GLOBAUX_COMORES-DU-RGPH-2017.pdf,,non_additive; never sum with another measure or measure class without a proved disjoint-person crosswalk,shared-denominator:027,V2_CANONICAL_EVIDENCE,false,9b140a66e5c422c73c3493a810c1bde2bfc03b98b3730864316b6e2e78cfb2dd,edition-target:lang:wni-Arab-KM,,,edition-target:lang:wni-Arab-KM,edition-target:lang:wni-Arab-KM
canonical:pop:shared:shared-denominator:028:,v2_population,pop:shared:shared-denominator:028:,edition-target:lang:zdj-Arab-KM,POPULATION_OR_CONTEXT,territorial_exposure_ceiling,persons_island_population_ceiling,379367,379367,379367,Ngazidja resident population; not a Shingazidja speaker count,2017,,,OIO_C7EC7E68CA83,https://www.inseed-comores.org/wp-content/uploads/2024/02/RAPPORT-RESULTATS-GLOBAUX_COMORES-DU-RGPH-2017.pdf,,non_additive; never sum with another measure or measure class without a proved disjoint-person crosswalk,shared-denominator:028,V2_CANONICAL_EVIDENCE,false,f5d4ed7e760309d3bdb0adfd0a8fefc279f0ac57e9adb69e12ba9e61beeeb87e,edition-target:lang:zdj-Arab-KM,,,edition-target:lang:zdj-Arab-KM,edition-target:lang:zdj-Arab-KM
canonical:pop:shared:shared-denominator:029:,v2_population,pop:shared:shared-denominator:029:,edition-target:lang:unresolved-tag:highland-kichwa-exact-regional-variety-required:ecuador-highland-kichwa-exact-region,POPULATION_OR_CONTEXT,ethnicity_or_identity_proxy,persons_indigenous_identity_aggregate_shared,,516286,,People counted as Kichwa identity; cannot be allocated between Highland and Amazonian varieties and is not a speaker count.,2022,,,SRC_AMAR_ECU_INEC_2022,https://www.censoecuador.gob.ec/public/Boletin_Nacional.htm,,non_additive; never sum with another measure or measure class without a proved disjoint-person crosswalk,shared-denominator:029,V2_CANONICAL_EVIDENCE,false,3b30f7ed3a15196a030212436910c0f4c0ebeabc9e10daed85266825da75e807,edition-target:lang:unresolved-tag:highland-kichwa-exact-regional-variety-required:ecuador-highland-kichwa-exact-region,,,edition-target:lang:unresolved-tag:highland-kichwa-exact-regional-variety-required:ecuador-highland-kichwa-exact-region,edition-target:lang:unresolved-tag:highland-kichwa-exact-regional-variety-required:ecuador-highland-kichwa-exact-region
canonical:pop:shared:shared-denominator:030:,v2_population,pop:shared:shared-denominator:030:,edition-target:lang:smn,POPULATION_OR_CONTEXT,speaker_or_reported_ability,persons_language_users_literature_range,,300,,Peer-reviewed speaker estimate or range; not harmonized census count.,,,,SRC_AMAR_SAMI_REVIEW_2025,https://www.tandfonline.com/doi/abs/10.1080/14790718.2025.2517902,,non_additive; never sum with another measure or measure class without a proved disjoint-person crosswalk,shared-denominator:030,V2_CANONICAL_EVIDENCE,false,52b2fa9d8dc60ea460adb003ec41bafc176bd6626eeef3d115518b28f87bfe11,edition-target:lang:smn,,,edition-target:lang:smn,edition-target:lang:smn
canonical:pop:shared:shared-denominator:031:,v2_population,pop:shared:shared-denominator:031:,edition-target:lang:shi-Tfng-MA,POPULATION_OR_CONTEXT,percentage_only,percent,,14.2,,Share of Morocco population reporting use of Tachelhit; repeated across scripts and not additive,2024,,,SRC_HCP_RGPH_2024,https://www.hcp.ma/downloads/RGPH-2024_t22752.html,,non_additive; never sum with another measure or measure class without a proved disjoint-person crosswalk,shared-denominator:031,V2_CANONICAL_EVIDENCE,false,d233e268a1588ff67e591648a94b8b2408c8ec39e9adf90e8be818b71ba058be,edition-target:lang:shi-Tfng-MA,,,edition-target:lang:shi-Tfng-MA,edition-target:lang:shi-Tfng-MA
canonical:pop:shared:shared-denominator:032:,v2_population,pop:shared:shared-denominator:032:,edition-target:lang:tzm-Tfng-MA,POPULATION_OR_CONTEXT,percentage_only,percent,,7.4,,Share of Morocco population reporting use of Central Atlas Tamazight; repeated across scripts and not additive,2024,,,SRC_HCP_RGPH_2024,https://www.hcp.ma/downloads/RGPH-2024_t22752.html,,non_additive; never sum with another measure or measure class without a proved disjoint-person crosswalk,shared-denominator:032,V2_CANONICAL_EVIDENCE,false,69f0f44fadbddaeaa8aab9c4cc37665a62239bb5d4aff1893802cccd1a9fc858,edition-target:lang:tzm-Tfng-MA,,,edition-target:lang:tzm-Tfng-MA,edition-target:lang:tzm-Tfng-MA
canonical:pop:shared:shared-denominator:033:,v2_population,pop:shared:shared-denominator:033:,edition-target:lang:rif-Tfng-MA,POPULATION_OR_CONTEXT,percentage_only,percent,,3.2,,Share of Morocco population reporting use of Tarifit; repeated across scripts and not additive,2024,,,SRC_HCP_RGPH_2024,https://www.hcp.ma/downloads/RGPH-2024_t22752.html,,non_additive; never sum with another measure or measure class without a proved disjoint-person crosswalk,shared-denominator:033,V2_CANONICAL_EVIDENCE,false,70ce384d0fc7956496965d0ebffc368dc599ae19a105553815eb081a122bd418,edition-target:lang:rif-Tfng-MA,,,edition-target:lang:rif-Tfng-MA,edition-target:lang:rif-Tfng-MA
canonical:pop:shared:shared-denominator:034:,v2_population,pop:shared:shared-denominator:034:,edition-target:lang:ha-Latn-NG,POPULATION_OR_CONTEXT,persons_basis_not_stated,people,80000000,,,Hausa speakers in Nigeria; strict lower bound shared across Nigerian script rows and not additive,2026,,,SRC_UNESCO_AI_LANGUAGES,https://www.unesco.org/en/articles/african-languages-blind-spot-ai,,non_additive; never sum with another measure or measure class without a proved disjoint-person crosswalk,shared-denominator:034,V2_CANONICAL_EVIDENCE,false,4208e6ba50f034975cca7869893d9444fc5ad64ba1e2dcfd06a90cd2d7294e81,edition-target:lang:ha-Latn-NG,,,edition-target:lang:ha-Latn-NG,edition-target:lang:ha-Latn-NG
canonical:pop:shared:shared-denominator:035:,v2_population,pop:shared:shared-denominator:035:,edition-target:lang:wo-Latn-SN,POPULATION_OR_CONTEXT,percentage_only,percent,,75,,Share of Senegal population using Wolof as L1 or L2; repeated across script rows and not additive,,,,SRC_WB_SENEGAL_CHAD,https://blogs.worldbank.org/en/education/learning-read-language-children-understand,,non_additive; never sum with another measure or measure class without a proved disjoint-person crosswalk,shared-denominator:035,V2_CANONICAL_EVIDENCE,false,f33e4f1f8e28649b55de86644ae512c7fecf20e575948b6f9a60bb2b94a52349,edition-target:lang:wo-Latn-SN,,,edition-target:lang:wo-Latn-SN,edition-target:lang:wo-Latn-SN
llps-package:PKG-BN-BD-IN-PARALLEL,v2_package_context,llps-package:PKG-BN-BD-IN-PARALLEL,edition-target:lang:bn-Beng-BD;edition-target:lang:bn-Beng-IN,PACKAGE_CONTEXT_NO_INHERITANCE,package_context,persons,264588675,264597166,264605657,"Arithmetic sum is person-disjoint by country, but cross-year and mixed evidence class; package context only.",,,,,,,PACKAGE_CONTEXT_NO_INHERITANCE,,PACKAGE_CONTEXT_ONLY,false,30866b7de6e92cb2d0e947ff6621d02415cae6fe772387913d3fc8274c5d8d08,edition-target:lang:bn-Beng-BD;edition-target:lang:bn-Beng-IN,,,edition-target:lang:bn-Beng-BD;edition-target:lang:bn-Beng-IN,edition-target:lang:bn-Beng-BD;edition-target:lang:bn-Beng-IN
llps-package:PKG-HINDI-URDU-PARALLEL-L1-LOWER-BOUND,v2_package_context,llps-package:PKG-HINDI-URDU-PARALLEL-L1-LOWER-BOUND,edition-target:lang:hi-Deva-IN;edition-target:lang:ur-Arab-IN;edition-target:lang:ur-Arab-PK,PACKAGE_CONTEXT_NO_INHERITANCE,package_context,persons,395205166,395205166,395205166,Indian Hindi and Urdu are disjoint raw census categories; Pakistan Urdu is country-disjoint. This is not evidence of no-study cross-script comprehension.,,,,,,,PACKAGE_CONTEXT_NO_INHERITANCE,,PACKAGE_CONTEXT_ONLY,false,414b1e8087df3e843cf54516d04877e63b7ba20c322abc23f296a6233000cde6,edition-target:lang:hi-Deva-IN;edition-target:lang:ur-Arab-IN;edition-target:lang:ur-Arab-PK,,,edition-target:lang:hi-Deva-IN;edition-target:lang:ur-Arab-IN;edition-target:lang:ur-Arab-PK,edition-target:lang:hi-Deva-IN;edition-target:lang:ur-Arab-IN;edition-target:lang:ur-Arab-PK
llps-package:PKG-PA-GURU-SHAHMUKHI-PARALLEL,v2_package_context,llps-package:PKG-PA-GURU-SHAHMUKHI-PARALLEL,edition-target:lang:pa-Guru-IN;edition-target:lang:pnb-Arab-PK,PACKAGE_CONTEXT_NO_INHERITANCE,package_context,persons,120059639,120059639,120059639,"Person counts are country-disjoint; neither census enumerates script, so the sum is language-community reach for a two-script package only.",,,,,,,PACKAGE_CONTEXT_NO_INHERITANCE,,PACKAGE_CONTEXT_ONLY,false,eef90813e3ed45f242c9f34ced38fc751ef4f28b69ad4e4610db18e5bbac550d,edition-target:lang:pa-Guru-IN;edition-target:lang:pnb-Arab-PK,,,edition-target:lang:pa-Guru-IN;edition-target:lang:pnb-Arab-PK,edition-target:lang:pa-Guru-IN;edition-target:lang:pnb-Arab-PK
llps:LLPS-AR-UMBRELLA-SPEAKERS,v2_population,LLPS-AR-UMBRELLA-SPEAKERS,edition-target:lang:arb-Arab-001,POPULATION_OR_CONTEXT,macrolanguage_speaker_estimate,persons,,450000000,,UNESCO approximate Arabic-speaker umbrella.,2024,,,source:llps:src_unesco_arabic,,,Never assign to MSA or add to vernaculars.,AR-MSA-vernacular,V2_CANONICAL_EVIDENCE,false,55a8d0ac70a503213c2fbeb3658dcfe6d22b611949468390094bfd9f025f1a9c,edition-target:lang:arb-Arab-001,,,edition-target:lang:arb-Arab-001,edition-target:lang:arb-Arab-001
llps:LLPS-ARB-MSA-EDU-EXPOSURE-2025,v2_population,LLPS-ARB-MSA-EDU-EXPOSURE-2025,edition-target:lang:arb-Arab-001,POPULATION_OR_CONTEXT,territorial_educational_exposure_ceiling,persons,503356133,503356133,503356133,Population of the Arab World aggregate; MSA is the cross-state written educational register but is not an L1.,2025,,,source:llps:src_wb_arab_world_pop;source:llps:src_wb_loi_arabic_2021,,,Do not add Arabic umbrella or any vernacular population; country residents include non-Arabic users and migrants.,AR-MSA-vernacular,V2_CANONICAL_EVIDENCE,false,3b8967c5abe1e9ec13c2ee41e8ee53c6b13ff196a6e0ddf6b13d636db7acb9a2,edition-target:lang:arb-Arab-001,,,edition-target:lang:arb-Arab-001,edition-target:lang:arb-Arab-001
llps:LLPS-ARZ-EG-TERRITORIAL-CEILING-2024,v2_package_context,llps:LLPS-ARZ-EG-TERRITORIAL-CEILING-2024,edition-target:lang:arz-Arab-EG;edition-target:lang:arz-Latn-EG,PACKAGE_CONTEXT_NO_INHERITANCE,package_context,persons,116538258,116538258,116538258,"Do not assign this population wholesale to Egyptian Arabic, MSA, or Latin transliteration; do not add to Arab World totals.",,,,,,,PACKAGE_CONTEXT_NO_INHERITANCE,,PACKAGE_CONTEXT_ONLY,false,c53945724e99c914d4a995d887e615555c54d32d07f2f026063ff606d026f5dd,edition-target:lang:arz-Arab-EG;edition-target:lang:arz-Latn-EG,,,edition-target:lang:arz-Arab-EG;edition-target:lang:arz-Latn-EG,edition-target:lang:arz-Arab-EG;edition-target:lang:arz-Latn-EG
llps:LLPS-BN-BD-L1PROXY-2022,v2_population,LLPS-BN-BD-L1PROXY-2022,edition-target:lang:bn-Beng-BD,POPULATION_OR_CONTEXT,derived_l1_proxy,persons,,168419331,,Adjusted population multiplied by official 99.17% Bangla mother-tongue share.,2022-2023,,,source:llps:src_bbs_bangladesh_2022;source:llps:src_bbs_seds_2023,,,Country-disjoint from India Bengali; may be combined only in a parallel-package profile.,BN-BD-language,V2_CANONICAL_EVIDENCE,false,33b55a1b0b5c023721eb3406af5afa2c924a51e29eca3706a9c07c3e8abb75b8,edition-target:lang:bn-Beng-BD,,,edition-target:lang:bn-Beng-BD,edition-target:lang:bn-Beng-BD
llps:LLPS-BN-IN-L1-2011,v2_population,LLPS-BN-IN-L1-2011,edition-target:lang:bn-Beng-IN,POPULATION_OR_CONTEXT,l1,persons,96177835,96177835,96177835,Raw Census mother-tongue return.,2011,,,source:llps:src_india_c16_2011,,,Country-disjoint from Bangladesh Bangla; may be combined only in a parallel-package profile.,IND-C16-2011-person,V2_CANONICAL_EVIDENCE,false,fbe6bdce136592a507e818603f458112a24719cae4d0c4072b3d4138cfc1ade3,edition-target:lang:bn-Beng-IN,,,edition-target:lang:bn-Beng-IN,edition-target:lang:bn-Beng-IN
llps:LLPS-DE-GLOBAL-NATIVE,v2_population,LLPS-DE-GLOBAL-NATIVE,edition-target:lang:de-Latn-001,POPULATION_OR_CONTEXT,institutional_native_speaker_rounded_estimate,persons,,100000000,,Goethe-Institut rounded estimate: around 100m native speakers.,2013,,,source:llps:src_goethe_german_2013,,,Do not create an uncited 95-105m interval.,DE-global,V2_CANONICAL_EVIDENCE,false,5f678ba73e6320c3b07c6b5c2630a456b7e6b8b5ee63988b0660348db9d82f3d,edition-target:lang:de-Latn-001,,,edition-target:lang:de-Latn-001,edition-target:lang:de-Latn-001
llps:LLPS-EN-AU-HOME-2021,v2_population,LLPS-EN-AU-HOME-2021,edition-target:lang:en-Latn-001,POPULATION_OR_CONTEXT,home_language,persons,18303662,18303662,18303662,Census count using only English at home.,2021,,,source:llps:src_abs_language_2021,,,Country-disjoint from other national English rows; do not add global English estimate.,EN-country-disjoint,V2_CANONICAL_EVIDENCE,false,0ae7a8989c8150d2dcd390219470b31007efc0a60027e40092dfbfbbd904f956,edition-target:lang:en-Latn-001,,,edition-target:lang:en-Latn-001,edition-target:lang:en-Latn-001
llps:LLPS-EN-CA-KNOWLEDGE-2021,v2_population,LLPS-EN-CA-KNOWLEDGE-2021,edition-target:lang:en-Latn-001,POPULATION_OR_CONTEXT,reported_ability,persons,,31628570,,Census profile count reporting knowledge of English.,2021,,,source:llps:src_statcan_language_2021,,,Country-disjoint from other national English rows; do not add global English estimate.,EN-country-disjoint,V2_CANONICAL_EVIDENCE,false,9dd1673c850d3c6627ee6b2c9f8c09b1d6df323c07d33a685051ad789f9935d1,edition-target:lang:en-Latn-001,,,edition-target:lang:en-Latn-001,edition-target:lang:en-Latn-001
llps:LLPS-EN-GLOBAL-MIXED,v2_population,LLPS-EN-GLOBAL-MIXED,edition-target:lang:en-Latn-001,POPULATION_OR_CONTEXT,mixed_l1_l2_ability_estimate,persons,1500000000,,,Institutional estimate of 1.5b English users of varying proficiency.,2013,,,source:llps:src_uk_english_global,,,Never add to country English rows; global estimate subsumes them.,EN-global,V2_CANONICAL_EVIDENCE,false,13106ff6c3b8ef800b796f12c692709d98e7c710a196d90accc8984e82d410d1,edition-target:lang:en-Latn-001,,,edition-target:lang:en-Latn-001,edition-target:lang:en-Latn-001
llps:LLPS-EN-US-HOME-2023,v2_population,LLPS-EN-US-HOME-2023,edition-target:lang:en-Latn-001,POPULATION_OR_CONTEXT,home_language,persons,245250680,245472067,245693454,ACS estimate of people speaking only English at home.,2023,,,source:llps:src_us_acs_b16001_2023,,,"Country-disjoint from Canada, Australia, and England/Wales rows; do not add global English estimate.",EN-country-disjoint,V2_CANONICAL_EVIDENCE,false,95b13eaf7bef7259fa0ea354505391e8a41f26fafa8853ac44bc6ee6da2fc62d,edition-target:lang:en-Latn-001,,,edition-target:lang:en-Latn-001,edition-target:lang:en-Latn-001
llps:LLPS-ES-GLOBAL-NATIVE,v2_population,LLPS-ES-GLOBAL-NATIVE,edition-target:lang:es-Latn-001,POPULATION_OR_CONTEXT,institutional_native_speaker_estimate,persons,,520000000,,Instituto Cervantes modeled native-domain community.,2025,,,source:llps:src_cervantes_spanish_2025,,,Never add potential users or US home-language row.,ES-global,V2_CANONICAL_EVIDENCE,false,a510bf9f627c22d7d4a0ddc146cf2547c7e14410ec836f2f61c0c85bf36b1ee7,edition-target:lang:es-Latn-001,,,edition-target:lang:es-Latn-001,edition-target:lang:es-Latn-001
llps:LLPS-ES-GLOBAL-POTENTIAL,v2_population,LLPS-ES-GLOBAL-POTENTIAL,edition-target:lang:es-Latn-001,POPULATION_OR_CONTEXT,mixed_native_limited_and_learner_estimate,persons,630000000,,,Lower bound: potential users exceed 630m.,2025,,,source:llps:src_cervantes_spanish_2025,,,Superset of the 520m native-domain estimate; never add.,ES-global,V2_CANONICAL_EVIDENCE,false,1c15f08c87055510c52a5bd6b877574f3895a221f1c7948701b68aced162a886,edition-target:lang:es-Latn-001,,,edition-target:lang:es-Latn-001,edition-target:lang:es-Latn-001
llps:LLPS-ES-US-HOME-2023,v2_population,LLPS-ES-US-HOME-2023,edition-target:lang:es-Latn-US,POPULATION_OR_CONTEXT,home_language,persons,43235387,43369734,43504081,ACS estimate of people speaking Spanish at home.,2023,,,source:llps:src_us_acs_b16001_2023,,,"Do not add to the global Cervantes native/potential-user totals, which already include US speakers.",ES-US-vs-global,V2_CANONICAL_EVIDENCE,false,c3c100a459930c6f7848ae2bdbe367f4b3821fe2d5f8949cecd945693b8e9bc1,edition-target:lang:es-Latn-US,,,edition-target:lang:es-Latn-US,edition-target:lang:es-Latn-US
llps:LLPS-FIL-PH-EXPOSURE-2024,v2_population,LLPS-FIL-PH-EXPOSURE-2024,edition-target:lang:fil-Latn-PH,POPULATION_OR_CONTEXT,territorial_educational_exposure_ceiling,persons,112729484,112729484,112729484,Official population paired with Filipino's co-medium role with English.,2024,,,source:llps:src_ph_psa_2024;source:llps:src_ph_ra12027_2024,,,Do not add Tagalog household count or assign the population to Tagalog L1.,FIL-TL-PH,V2_CANONICAL_EVIDENCE,false,488976e019879f94420d9bf5e1b879657acab6639106864ac7414f846234c922,edition-target:lang:fil-Latn-PH,,,edition-target:lang:fil-Latn-PH,edition-target:lang:fil-Latn-PH
llps:LLPS-FR-GLOBAL-FRANCOPHONES,v2_population,LLPS-FR-GLOBAL-FRANCOPHONES,edition-target:lang:fr-Latn-001,POPULATION_OR_CONTEXT,institutional_country_modeled_speaker_estimate,persons,,396000000,,"OIF modeled Francophone total using country-level approaches, including literacy-in-French models for selected states.",2025,,,source:llps:src_oif_french_2026,,,Never add the 170m learner count or country components to this global total.,FR-global,V2_CANONICAL_EVIDENCE,false,24496b5b052679bf921b3022233c1eca3da53caacc678951be74726f4799cecc,edition-target:lang:fr-Latn-001,,,edition-target:lang:fr-Latn-001,edition-target:lang:fr-Latn-001
llps:LLPS-HA-GLOBAL-USERS,v2_package_context,llps:LLPS-HA-GLOBAL-USERS,edition-target:lang:ha-Arab-NE;edition-target:lang:ha-Arab-NG;edition-target:lang:ha-Arab-TD;edition-target:lang:ha-Latn-CM;edition-target:lang:ha-Latn-GH;edition-target:lang:ha-Latn-NE;edition-target:lang:ha-Latn-NG;edition-target:lang:ha-Latn-TD,PACKAGE_CONTEXT_NO_INHERITANCE,package_context,persons,100000000,,,Global superset of Nigeria row; never add. No child target inherits 100m.,,,,,,,PACKAGE_CONTEXT_NO_INHERITANCE,,PACKAGE_CONTEXT_ONLY,false,6bcf89aa670f34891dfa2f595fd33e9b3b680e3aa5c9e1bdfd36965ac2423d70,edition-target:lang:ha-Arab-NE;edition-target:lang:ha-Arab-NG;edition-target:lang:ha-Arab-TD;edition-target:lang:ha-Latn-CM;edition-target:lang:ha-Latn-GH;edition-target:lang:ha-Latn-NE;edition-target:lang:ha-Latn-NG;edition-target:lang:ha-Latn-TD,,,edition-target:lang:ha-Arab-NE;edition-target:lang:ha-Arab-NG;edition-target:lang:ha-Arab-TD;edition-target:lang:ha-Latn-CM;edition-target:lang:ha-Latn-GH;edition-target:lang:ha-Latn-NE;edition-target:lang:ha-Latn-NG;edition-target:lang:ha-Latn-TD,edition-target:lang:ha-Arab-NE;edition-target:lang:ha-Arab-NG;edition-target:lang:ha-Arab-TD;edition-target:lang:ha-Latn-CM;edition-target:lang:ha-Latn-GH;edition-target:lang:ha-Latn-NE;edition-target:lang:ha-Latn-NG;edition-target:lang:ha-Latn-TD
llps:LLPS-HA-NG-USERS,v2_package_context,llps:LLPS-HA-NG-USERS,edition-target:lang:ha-Arab-NG;edition-target:lang:ha-Latn-NG,PACKAGE_CONTEXT_NO_INHERITANCE,package_context,persons,80000000,,,Shared across Nigeria Hausa script targets; no script row inherits all 80m.,,,,,,,PACKAGE_CONTEXT_NO_INHERITANCE,,PACKAGE_CONTEXT_ONLY,false,c9de280a01e907c24925dc15f6398a5afb164d8f4812fb00e28bee22e9811f43,edition-target:lang:ha-Arab-NG;edition-target:lang:ha-Latn-NG,,,edition-target:lang:ha-Arab-NG;edition-target:lang:ha-Latn-NG,edition-target:lang:ha-Arab-NG;edition-target:lang:ha-Latn-NG
llps:LLPS-HI-IN-L1-2011,v2_population,LLPS-HI-IN-L1-2011,edition-target:lang:hi-Deva-IN,POPULATION_OR_CONTEXT,l1,persons,322230097,322230097,322230097,"Raw Hindi return, excluding separately returned varieties grouped under the broader Hindi umbrella.",2011,,,source:llps:src_india_c16_2011,,,Country-disjoint from Pakistan; do not add the 528m Hindi umbrella.,IND-C16-2011-person,V2_CANONICAL_EVIDENCE,false,e8b5401a2c71e0c521ebf2e17c3abb914d89cebe47a28ee377380e0802406c65,edition-target:lang:hi-Deva-IN,,,edition-target:lang:hi-Deva-IN,edition-target:lang:hi-Deva-IN
llps:LLPS-ID-ID-ABILITY-2022,v2_population,LLPS-ID-ID-ABILITY-2022,edition-target:lang:id-Latn-ID,POPULATION_OR_CONTEXT,reported_ability,persons,,248501794,,BPS weighted long-form estimate of people able to understand and produce comprehensible Indonesian.,2022,,,source:llps:src_bps_indonesian_ability_2022,,,Primary Indonesian ability denominator; do not add home-language or enrolment rows.,ID-ability-home-education,V2_CANONICAL_EVIDENCE,false,99fe60ec40956e143376ec1404d40a5f4efd1a471019aba15b11b6d40429919c,edition-target:lang:id-Latn-ID,,,edition-target:lang:id-Latn-ID,edition-target:lang:id-Latn-ID
llps:LLPS-ID-ID-HOME-2010,v2_population,LLPS-ID-ID-HOME-2010,edition-target:lang:id-Latn-ID,POPULATION_OR_CONTEXT,home_language,persons,42682566,42682566,42682566,Census daily/home-language count.,2010,,,source:llps:src_bps_indonesian_home_2010,,,Subset/alternative baseline; never add to the 2022 ability count.,ID-ability-home-education,V2_CANONICAL_EVIDENCE,false,79b61abfecd640e79d7e629a36dfd908651981c957f2b1e0a1c4c19a2e6ac4d4,edition-target:lang:id-Latn-ID,,,edition-target:lang:id-Latn-ID,edition-target:lang:id-Latn-ID
llps:LLPS-JA-JP-PUPILS-NEEDING-INSTRUCTION-2025,v2_population,LLPS-JA-JP-PUPILS-NEEDING-INSTRUCTION-2025,edition-target:lang:ja-Jpan-JP,POPULATION_OR_CONTEXT,direct_language_support_need_cohort,persons,84759,84759,84759,"Pupils officially identified as needing Japanese instruction, including conversational speakers lacking grade-level academic Japanese.",2025,,,source:llps:src_jp_mext_japanese_instruction_2025,,,Do not add stage components to the total; do not add this need cohort to whole-population exposure.,JA-direct-cohorts,V2_CANONICAL_EVIDENCE,false,4080d407434f505a238c69ac7436c420e7014a03d4e80fbacb3cc2d6450780d3,edition-target:lang:ja-Jpan-JP,,,edition-target:lang:ja-Jpan-JP,edition-target:lang:ja-Jpan-JP
llps:LLPS-JA-JP-TERTIARY-OPPORTUNITY-2025,v2_population,LLPS-JA-JP-TERTIARY-OPPORTUNITY-2025,edition-target:lang:ja-Jpan-JP,POPULATION_OR_CONTEXT,higher_education_enrolment,persons,2922969,2922969,2922969,"2,645,837 undergraduates plus 277,132 graduate/professional-degree students.",2025,,,source:llps:src_jp_mext_enrolment_2025,,,Do not add to the whole-population bracket; later need and academic-language-nonoverlap factors remain required.,JA-direct-cohorts,V2_CANONICAL_EVIDENCE,false,b5027c4e704259362025089355b59b1c1d07ce9c542aeeb67610d908b08c80af,edition-target:lang:ja-Jpan-JP,,,edition-target:lang:ja-Jpan-JP,edition-target:lang:ja-Jpan-JP
llps:LLPS-KO-GLOBAL-SPEAKERS,v2_population,LLPS-KO-GLOBAL-SPEAKERS,edition-target:lang:ko-Kore-001,POPULATION_OR_CONTEXT,scholarly_speaker_approximation,persons,,80000000,,Oxford scholarly approximation of 80m Korean speakers worldwide.,n.d.,,,source:llps:src_oxford_korean;source:llps:src_kostat_pop_2024,,,Do not add the South Korean population or Korean-national count.,KO-global,V2_CANONICAL_EVIDENCE,false,6c770b62344228c4bebfc6fe4d5d89290c846210fd12d8f0b7147de1e258feb5,edition-target:lang:ko-Kore-001,,,edition-target:lang:ko-Kore-001,edition-target:lang:ko-Kore-001
llps:LLPS-MR-IN-L1-2011,v2_population,LLPS-MR-IN-L1-2011,edition-target:lang:mr-Deva-IN,POPULATION_OR_CONTEXT,l1,persons,82801140,82801140,82801140,Census language total.,2011,,,source:llps:src_india_c16_2011,,,Not additive with Hindi umbrella.,IND-C16-2011-person,V2_CANONICAL_EVIDENCE,false,4f0c842b82f5da14775fa282ec583433fe876ef1de29d7c29b1d931ef553df45,edition-target:lang:mr-Deva-IN,,,edition-target:lang:mr-Deva-IN,edition-target:lang:mr-Deva-IN
llps:LLPS-PA-IN-L1-2011,v2_population,LLPS-PA-IN-L1-2011,edition-target:lang:pa-Guru-IN,POPULATION_OR_CONTEXT,l1,persons,31144095,31144095,31144095,Raw Census mother-tongue return.,2011,,,source:llps:src_india_c16_2011,,,Country-disjoint from Pakistan Punjabi; script readership is not measured.,PA-crossborder,V2_CANONICAL_EVIDENCE,false,b4cbc4ed3fee1c0f31ee7a39c73424b086312d81e94027a472419a5d886230d6,edition-target:lang:pa-Guru-IN,,,edition-target:lang:pa-Guru-IN,edition-target:lang:pa-Guru-IN
llps:LLPS-PA-PK-L1-2023,v2_population,LLPS-PA-PK-L1-2023,edition-target:lang:pnb-Arab-PK,POPULATION_OR_CONTEXT,l1,persons,88915544,88915544,88915544,2023 Census mother-tongue count.,2023,,,source:llps:src_pbs_language_2023,,,Country-disjoint from India Punjabi; script readership is not measured.,PA-crossborder,V2_CANONICAL_EVIDENCE,false,21de2083b8fe05bfab79a2be19d888ad5ec754542daf3e8919d762c7c18a83ed,edition-target:lang:pnb-Arab-PK,,,edition-target:lang:pnb-Arab-PK,edition-target:lang:pnb-Arab-PK
llps:LLPS-PERSIAN-BRIDGE-GLOBAL,v2_package_context,llps:LLPS-PERSIAN-BRIDGE-GLOBAL,edition-target:lang:pes-Arab-IR;edition-target:lang:prs-Arab-AF;edition-target:lang:tg-Cyrl-TJ,PACKAGE_CONTEXT_NO_INHERITANCE,package_context,persons,,110000000,,No child standard inherits 110m; parallel editions and cross-comprehension evidence are required.,,,,,,,PACKAGE_CONTEXT_NO_INHERITANCE,,PACKAGE_CONTEXT_ONLY,false,9a61bd9361c4765d4473d55b8e651c848d7a30ab78c1a3013d76f2cc65e479fd,edition-target:lang:pes-Arab-IR;edition-target:lang:prs-Arab-AF;edition-target:lang:tg-Cyrl-TJ,,,edition-target:lang:pes-Arab-IR;edition-target:lang:prs-Arab-AF;edition-target:lang:tg-Cyrl-TJ,edition-target:lang:pes-Arab-IR;edition-target:lang:prs-Arab-AF;edition-target:lang:tg-Cyrl-TJ
llps:LLPS-PES-IR-EXPOSURE-2024,v2_population,LLPS-PES-IR-EXPOSURE-2024,edition-target:lang:pes-Arab-IR,POPULATION_OR_CONTEXT,territorial_education_exposure_ceiling,persons,91567738,91567738,91567738,Iran resident population ceiling; Persian's national schooling role requires a separate language-proficiency/literacy measure.,2024,,,source:llps:src_wb_iran_pop,,,Do not add to the 110m Persian/Dari/Tajik estimate.,PERSIAN-bridge,V2_CANONICAL_EVIDENCE,false,4a2d0d0681c1348521757d3385ad4baf0edc67b19d6d6bc7338e11d48d6b4a37,edition-target:lang:pes-Arab-IR,,,edition-target:lang:pes-Arab-IR,edition-target:lang:pes-Arab-IR
llps:LLPS-PT-GLOBAL-SPEAKERS,v2_population,LLPS-PT-GLOBAL-SPEAKERS,edition-target:lang:pt-Latn-001,POPULATION_OR_CONTEXT,institutional_speaker_estimate,persons,,265000000,,UN institutional worldwide speaker estimate.,2026,,,source:llps:src_un_portuguese_2026,,,One global total; do not duplicate across regional targets.,PT-global,V2_CANONICAL_EVIDENCE,false,98e9b3c0406e288467afa8d018e40480f159e0424cc63465fec5d3c5e4d8f19c,edition-target:lang:pt-Latn-001,,,edition-target:lang:pt-Latn-001,edition-target:lang:pt-Latn-001
llps:LLPS-RU-GLOBAL-SPEAKERS,v2_population,LLPS-RU-GLOBAL-SPEAKERS,edition-target:lang:ru-Cyrl-001,POPULATION_OR_CONTEXT,institutional_speaker_lower_bound,persons,250000000,,,UNESCO lower-bound estimate: over 250m speakers globally.,2024,,,source:llps:src_unesco_russian_2024,,,Do not add Russia census or diaspora cells to the global total.,RU-global,V2_CANONICAL_EVIDENCE,false,a26cd6c2eb143b4a926ac74c703f5a034c3bac119c1475bede73cc8e851fd60e,edition-target:lang:ru-Cyrl-001,,,edition-target:lang:ru-Cyrl-001,edition-target:lang:ru-Cyrl-001
llps:LLPS-SW-GLOBAL-USERS,v2_package_context,llps:LLPS-SW-GLOBAL-USERS,edition-target:lang:sw-Latn-001;edition-target:lang:swc-Latn-CD:variety:kivu-congo-swahili;edition-target:lang:swh-Latn-BI;edition-target:lang:swh-Latn-KE;edition-target:lang:swh-Latn-RW;edition-target:lang:swh-Latn-TZ:variety:tanzania-mainland-standard-kiswahili;edition-target:lang:swh-Latn-UG,PACKAGE_CONTEXT_NO_INHERITANCE,package_context,persons,200000000,,,Shared once across all Kiswahili/Swahili target profiles; no child target inherits 200m.,,,,,,,PACKAGE_CONTEXT_NO_INHERITANCE,,PACKAGE_CONTEXT_ONLY,false,d5d5c43c3710a7084a9731180cb043260ae5f6c9f1415108607f0b188f329ff7,edition-target:lang:sw-Latn-001;edition-target:lang:swc-Latn-CD:variety:kivu-congo-swahili;edition-target:lang:swh-Latn-BI;edition-target:lang:swh-Latn-KE;edition-target:lang:swh-Latn-RW;edition-target:lang:swh-Latn-TZ:variety:tanzania-mainland-standard-kiswahili;edition-target:lang:swh-Latn-UG,,,edition-target:lang:sw-Latn-001;edition-target:lang:swc-Latn-CD:variety:kivu-congo-swahili;edition-target:lang:swh-Latn-BI;edition-target:lang:swh-Latn-KE;edition-target:lang:swh-Latn-RW;edition-target:lang:swh-Latn-TZ:variety:tanzania-mainland-standard-kiswahili;edition-target:lang:swh-Latn-UG,edition-target:lang:sw-Latn-001;edition-target:lang:swc-Latn-CD:variety:kivu-congo-swahili;edition-target:lang:swh-Latn-BI;edition-target:lang:swh-Latn-KE;edition-target:lang:swh-Latn-RW;edition-target:lang:swh-Latn-TZ:variety:tanzania-mainland-standard-kiswahili;edition-target:lang:swh-Latn-UG
llps:LLPS-TA-IN-L1-2011,v2_population,LLPS-TA-IN-L1-2011,edition-target:lang:ta-Taml-IN,POPULATION_OR_CONTEXT,l1,persons,68888839,68888839,68888839,Census language total.,2011,,,source:llps:src_india_c16_2011,,,India-only; do not treat as worldwide Tamil count.,IND-C16-2011-person,V2_CANONICAL_EVIDENCE,false,ed9f8b5cf018fab0ec4397a455535fbfa9746c8a4c156635fe3c85108f1fd813,edition-target:lang:ta-Taml-IN,,,edition-target:lang:ta-Taml-IN,edition-target:lang:ta-Taml-IN
llps:LLPS-TE-IN-L1-2011,v2_population,LLPS-TE-IN-L1-2011,edition-target:lang:te-Telu-IN,POPULATION_OR_CONTEXT,l1,persons,81127740,81127740,81127740,Census language total.,2011,,,source:llps:src_india_c16_2011,,,Do not add the same persons' L2/L3 reports without capability-profile de-duplication.,IND-C16-2011-person,V2_CANONICAL_EVIDENCE,false,087e36fcb8bb18e3d0253d7727ed8b776a7a79dd2bc2f0dd8e6f1b100e2a413c,edition-target:lang:te-Telu-IN,,,edition-target:lang:te-Telu-IN,edition-target:lang:te-Telu-IN
llps:LLPS-TH-TH-EXPOSURE-2024,v2_population,LLPS-TH-TH-EXPOSURE-2024,edition-target:lang:th-Thai-TH,POPULATION_OR_CONTEXT,territorial_official_language_exposure_ceiling,persons,65951210,65951210,65951210,Official registered population; Thai is identified as official language in the NSO yearbook.,2024,,,source:llps:src_thai_nso_2024,,,Do not treat residents as Thai L1 or literate readers.,TH-TH-exposure,V2_CANONICAL_EVIDENCE,false,b5eaf0636048eba11188e86f0c448bc54d0181abecddaf804df474e826a7b438,edition-target:lang:th-Thai-TH,,,edition-target:lang:th-Thai-TH,edition-target:lang:th-Thai-TH
llps:LLPS-UR-IN-L1-2011,v2_population,LLPS-UR-IN-L1-2011,edition-target:lang:ur-Arab-IN,POPULATION_OR_CONTEXT,l1,persons,50725762,50725762,50725762,Raw Census mother-tongue return.,2011,,,source:llps:src_india_c16_2011,,,Country-disjoint from Pakistan Urdu.,UR-crossborder,V2_CANONICAL_EVIDENCE,false,3a0da2ab41936a0f9bbba1610a48d5912fdce40417165717f4c452a6711f1609,edition-target:lang:ur-Arab-IN,,,edition-target:lang:ur-Arab-IN,edition-target:lang:ur-Arab-IN
llps:LLPS-UR-PK-EXPOSURE-2023,v2_population,LLPS-UR-PK-EXPOSURE-2023,edition-target:lang:ur-Arab-PK,POPULATION_OR_CONTEXT,territorial_national_language_exposure_ceiling,persons,240458089,240458089,240458089,Pakistan population ceiling paired with Urdu's constitutional national-language status.,2023,,,source:llps:src_pbs_language_2023;source:llps:src_pak_constitution,,,Do not add Pakistan Urdu L1 or assign universal Urdu proficiency.,UR-crossborder,V2_CANONICAL_EVIDENCE,false,7bcc822c245fbf614e0ce43f2e55edfe71b9eb92bf35387288b2f190efd1f71b,edition-target:lang:ur-Arab-PK,,,edition-target:lang:ur-Arab-PK,edition-target:lang:ur-Arab-PK
llps:LLPS-UR-PK-L1-2023,v2_population,LLPS-UR-PK-L1-2023,edition-target:lang:ur-Arab-PK,POPULATION_OR_CONTEXT,l1,persons,22249307,22249307,22249307,2023 Census mother-tongue count.,2023,,,source:llps:src_pbs_language_2023,,,Country-disjoint from India Urdu; not additive with Pakistan exposure ceiling.,UR-crossborder,V2_CANONICAL_EVIDENCE,false,91921cf98c47596a26f86c289b07a8f0bde6a81df07d0e7bbd368dfa72a8d9b8,edition-target:lang:ur-Arab-PK,,,edition-target:lang:ur-Arab-PK,edition-target:lang:ur-Arab-PK
llps:LLPS-VI-VN-EXPOSURE-2024,v2_population,LLPS-VI-VN-EXPOSURE-2024,edition-target:lang:vi-Latn-VN,POPULATION_OR_CONTEXT,territorial_educational_exposure_ceiling,persons,101112656,101112656,101112656,Official population paired with Vietnamese's statutory education-language role.,2024,,,source:llps:src_vn_gso_midterm_2024;source:llps:src_vn_education_law,,,Do not add ethnic Kinh or enrolment subcohorts.,VI-VN-exposure,V2_CANONICAL_EVIDENCE,false,42e6c801eb526ba022b386de67fb9ad03a6c7e95fb6c3d99f4c6aac540e7b7ce,edition-target:lang:vi-Latn-VN,,,edition-target:lang:vi-Latn-VN,edition-target:lang:vi-Latn-VN
llps:LLPS-WAP-BRIDGE-GLOBAL,v2_package_context,llps:LLPS-WAP-BRIDGE-GLOBAL,edition-target:lang:pcm-Latn-NG;edition-target:lang:wes-Latn-CM;edition-target:lang:kri-Latn-SL;edition-target:lang:gpe-Latn-GH;edition-target:lang:fpe-Latn-GQ;edition-target:lang:kri-Latn-GM:variety:aku,PACKAGE_CONTEXT_NO_INHERITANCE,package_context,persons,106000000,,143000000,Store once for the six-variety package; no constituent inherits the total.,,,,,,,PACKAGE_CONTEXT_NO_INHERITANCE,,PACKAGE_CONTEXT_ONLY,false,ed0cf32db7f538129111b6cbac22c45d3269b3f76d8cf427f8f46fab54334b45,edition-target:lang:pcm-Latn-NG;edition-target:lang:wes-Latn-CM;edition-target:lang:kri-Latn-SL;edition-target:lang:gpe-Latn-GH;edition-target:lang:fpe-Latn-GQ;edition-target:lang:kri-Latn-GM:variety:aku,,,edition-target:lang:pcm-Latn-NG;edition-target:lang:wes-Latn-CM;edition-target:lang:kri-Latn-SL;edition-target:lang:gpe-Latn-GH;edition-target:lang:fpe-Latn-GQ;edition-target:lang:kri-Latn-GM:variety:aku,edition-target:lang:pcm-Latn-NG;edition-target:lang:wes-Latn-CM;edition-target:lang:kri-Latn-SL;edition-target:lang:gpe-Latn-GH;edition-target:lang:fpe-Latn-GQ;edition-target:lang:kri-Latn-GM:variety:aku
llps:LLPS-ZH-HANS-CN-FORMAL-ENROLMENT-2025,v2_population,LLPS-ZH-HANS-CN-FORMAL-ENROLMENT-2025,edition-target:lang:zh-Hans-CN:written,POPULATION_OR_CONTEXT,formal_education_enrolment,persons,280404300,280404300,280404300,"All formal-education enrolments reported by MOE in 2025; a stage-opportunity universe, not a count needing new Chinese material.",2025,,,source:llps:src_cn_moe_education_2025,,,Do not add constituent stage enrolments or the whole-language population; use stage rows for package scoring.,CN-formal-education-2025,V2_CANONICAL_EVIDENCE,false,375cbf2710ba74c0607d8100286ade23182b50c881e6f671681694a73373ab90,edition-target:lang:zh-Hans-CN:written,,,edition-target:lang:zh-Hans-CN:written,edition-target:lang:zh-Hans-CN:written
llps:LLPS-ZH-HANS-CN-WRITTEN-EXPOSURE,v2_population,LLPS-ZH-HANS-CN-WRITTEN-EXPOSURE,edition-target:lang:zh-Hans-CN:written,POPULATION_OR_CONTEXT,territorial_written_standard_exposure_ceiling,persons,,,1411778724,"The Mainland census universe is 1,411,778,724 and more than 95% of the literate population uses normative Chinese characters; the sources do not publish a compatible exact literate denominator for multiplication.",2020,,,source:llps:src_cn_nbs_census_2020;source:llps:src_cn_moe_normative_characters_2021,,,Almost wholly overlaps Putonghua ability and all Mainland subcohorts; never add.,CN-2020-language-capability,V2_CANONICAL_EVIDENCE,false,4fd52534df41ad89d58f3d2d845d32337b8b7d1b91c5f89a7d66d38e8f21df0b,edition-target:lang:zh-Hans-CN:written,,,edition-target:lang:zh-Hans-CN:written,edition-target:lang:zh-Hans-CN:written
quarantine:canonical:pop:6698b2f0da2a35b453dc1faf,v2_quarantine,pop:6698b2f0da2a35b453dc1faf,edition-target:lang:cmn-Hans-CN:spoken,QUARANTINED,reported_ability,people,1100000000,1139587786,1200000000,Derived ability estimate: 80.72% reporting Putonghua ability multiplied by the 2020 mainland census population; not mother tongue.,2020,,,SRC_CHINA_MOE_2020,https://en.moe.gov.cn/news/press_releases/202106/t20210616_538404.html,,non_additive; never sum with another measure or measure class without a proved disjoint-person crosswalk,,QUARANTINE_NO_INHERITANCE,false,6e108306711148360dccf6f668a452cd2af6a490ed1f17c6fa594b9d556e5cb2,edition-target:lang:cmn-Hans-CN:spoken,,,edition-target:lang:cmn-Hans-CN:spoken,edition-target:lang:cmn-Hans-CN:spoken
quarantine:empirical-collision:apd-Arab-SD:asia-identity-scope,v2_quarantine,asia_20260901_v1:apd-Arab-SD,,QUARANTINED,,persons,,,,No direct national Sudanese-Arabic L1 denominator is established; displacement makes date/geography essential.,current evidence review,,,source:empirical:asia_20260901_v1:asia_fb5a2b3a6e71,,,,,QUARANTINE_NO_INHERITANCE,false,8d110420306075b538e25755e91f05f8f30f57b7f0f6f8a8cca73cb73c1d8df8,,,,,
quarantine:empirical-collision:arz-Arab-EG:asia-identity-scope,v2_quarantine,asia_20260901_v1:arz-Arab-EG,,QUARANTINED,,persons,,,116538258,World Bank 2024 Egypt population estimate retained only as a territorial ceiling; no direct Egyptian-Arabic speaker or script-reader count is established.,2024,,,source:empirical:asia_20260901_v1:asia_3726b96efd5a;source:empirical:asia_20260901_v1:asia_fb5a2b3a6e71,,,,,QUARANTINE_NO_INHERITANCE,false,85e6dbdb4068e4b13c4c447b7e4f364932b53cc7b24d0349aec2e21b7b065fd2,,,,,
quarantine:empirical-collision:mey-Arab-MR:asia-identity-scope,v2_quarantine,asia_20260901_v1:mey-Arab-MR,,QUARANTINED,,persons,,,,No comparable exact Hassaniya person denominator is established in this bundle.,current evidence review,,,source:empirical:asia_20260901_v1:asia_fb5a2b3a6e71,,,,,QUARANTINE_NO_INHERITANCE,false,20aae9bed80fee112e82bfe130f82e1301ccc7b556e3c36d063b0a1088fd1b49,,,,,
quarantine:empirical-collision:shu-Arab-TD:asia-identity-scope,v2_quarantine,asia_20260901_v1:shu-Arab-TD,,QUARANTINED,,persons,,,,No comparable exact Chadian-Arabic person denominator is established in this bundle.,current evidence review,,,source:empirical:asia_20260901_v1:asia_fb5a2b3a6e71,,,,,QUARANTINE_NO_INHERITANCE,false,bde0b88dde12d9f05a233cfcd561d1fb56b420f4be1b9c43a52eb4ecba509699,,,,,
quarantine:empirical:americas_europe_20260901_v1:gne-Latn-PY,v2_quarantine,americas_europe_20260901_v1:gne-Latn-PY,,QUARANTINED,,"all-age ethnic-pueblo members (proxy, not speakers)",,3266,,"2022 Indigenous census source-stated all-age population for the named pueblo; retained as an explicit proxy, not a language count.",2022,,,source:empirical:americas_europe_20260901_v1:py_indigenous_census_2022;source:empirical:americas_europe_20260901_v1:py_indig_lang_bulletin_2026;source:empirical:americas_europe_20260901_v1:py_indig_study_years_2022;source:empirical:americas_europe_20260901_v1:oer_unesco_2019,,,,,QUARANTINE_NO_INHERITANCE,false,d6944d250b0464cfa1907a726591e4cfcc5b56c934561fde2b40d5b25af1ca68,,,,,
quarantine:empirical:americas_europe_20260901_v1:gnw-Latn-PY,v2_quarantine,americas_europe_20260901_v1:gnw-Latn-PY,,QUARANTINED,,"all-age ethnic-pueblo members (proxy, not speakers)",,4090,,"2022 Indigenous census source-stated all-age population for the named pueblo; retained as an explicit proxy, not a language count.",2022,,,source:empirical:americas_europe_20260901_v1:py_indigenous_census_2022;source:empirical:americas_europe_20260901_v1:py_indig_lang_bulletin_2026;source:empirical:americas_europe_20260901_v1:py_indig_study_years_2022;source:empirical:americas_europe_20260901_v1:oer_unesco_2019,,,,,QUARANTINE_NO_INHERITANCE,false,fcc6877420c7c7bed5bbd27df21175de3909f3cb5089df5908f67a77d9bbc45c,,,,,
quarantine:empirical:americas_europe_20260901_v1:gug-pai-tavytera-Latn-PY,v2_quarantine,americas_europe_20260901_v1:gug-pai-tavytera-Latn-PY,,QUARANTINED,,"all-age ethnic-pueblo members (proxy, not speakers)",,15706,,"2022 Indigenous census source-stated all-age population for the named pueblo; retained as an explicit proxy, not a language count.",2022,,,source:empirical:americas_europe_20260901_v1:py_indigenous_census_2022;source:empirical:americas_europe_20260901_v1:py_indig_lang_bulletin_2026;source:empirical:americas_europe_20260901_v1:py_indig_study_years_2022;source:empirical:americas_europe_20260901_v1:oer_unesco_2019,,,,,QUARANTINE_NO_INHERITANCE,false,c54d864bbec495062b8d0039b4f7dc7cd7493a02c32b82be4f1f5c77a29ecd4b,,,,,
quarantine:empirical:americas_europe_20260901_v1:gun-Latn-PY,v2_quarantine,americas_europe_20260901_v1:gun-Latn-PY,,QUARANTINED,,"all-age ethnic-pueblo members (proxy, not speakers)",,28123,,"2022 Indigenous census source-stated all-age population for the named pueblo; retained as an explicit proxy, not a language count.",2022,,,source:empirical:americas_europe_20260901_v1:py_indigenous_census_2022;source:empirical:americas_europe_20260901_v1:py_indig_lang_bulletin_2026;source:empirical:americas_europe_20260901_v1:py_indig_study_years_2022;source:empirical:americas_europe_20260901_v1:oer_unesco_2019,,,,,QUARANTINE_NO_INHERITANCE,false,bf77df9072c102b0fa444863c7e02913d53ea3325471f81f22640a0ded5da1b2,,,,,
quarantine:empirical:americas_europe_20260901_v1:nds-Latn-CA,v2_quarantine,americas_europe_20260901_v1:nds-Latn-CA,,QUARANTINED,,census mother-tongue respondents,,8670,,2021 census source-stated Low German n.o.s. mother-tongue count; kept separate from Plautdietsch.,2021,,,source:empirical:americas_europe_20260901_v1:ca_census_language_profile_2021;source:empirical:americas_europe_20260901_v1:oer_unesco_2019;source:empirical:americas_europe_20260901_v1:catalog_otl_20260901;source:empirical:americas_europe_20260901_v1:catalog_doab_20260901,,,,,QUARANTINE_NO_INHERITANCE,false,6f2a6c3f46e42fecb46eaea47e181824a816d459c9537d244df625c2e78c12e1,,,,,
quarantine:empirical:americas_europe_20260901_v1:nhd-Latn-PY,v2_quarantine,americas_europe_20260901_v1:nhd-Latn-PY,,QUARANTINED,,"all-age ethnic-pueblo members (proxy, not speakers)",,22694,,"2022 Indigenous census source-stated all-age population for the named pueblo; retained as an explicit proxy, not a language count.",2022,,,source:empirical:americas_europe_20260901_v1:py_indigenous_census_2022;source:empirical:americas_europe_20260901_v1:py_indig_lang_bulletin_2026;source:empirical:americas_europe_20260901_v1:py_indig_study_years_2022;source:empirical:americas_europe_20260901_v1:oer_unesco_2019,,,,,QUARANTINE_NO_INHERITANCE,false,ea0fbfd65505e49d73d82328a9404f583596763653f5e0589439428ac79d3af5,,,,,
quarantine:empirical:americas_europe_20260901_v1:uk-Cyrl-EU-TEMP,v2_quarantine,americas_europe_20260901_v1:uk-Cyrl-EU-TEMP,,QUARANTINED,,estimated displaced children enrolled in EU schools,,700000,,European Commission/UNHCR source-stated estimate of displaced children from Ukraine enrolled in host-country schools; it is not a Ukrainian-speaker count.,2023/24,,,source:empirical:americas_europe_20260901_v1:eu_ukraine_education_2024;source:empirical:americas_europe_20260901_v1:unhcr_ukraine_education_2024;source:empirical:americas_europe_20260901_v1:unhcr_ukraine_seis_2025;source:empirical:americas_europe_20260901_v1:oer_unesco_2019;source:empirical:americas_europe_20260901_v1:catalog_otl_20260901;source:empirical:americas_europe_20260901_v1:catalog_doab_20260901,,,,,QUARANTINE_NO_INHERITANCE,false,e39d58404531bd3f737708497aedfbe8b931247a9ba49fc5776ec11c53ba4af8,,,,,
quarantine:empirical:asia_20260901_v1:arz-Arab-EG,v2_quarantine,asia_20260901_v1:arz-Arab-EG,,QUARANTINED,,persons,,,116538258,World Bank 2024 Egypt population estimate retained only as a territorial ceiling; no direct Egyptian-Arabic speaker or script-reader count is established.,2024,,,source:empirical:asia_20260901_v1:asia_3726b96efd5a;source:empirical:asia_20260901_v1:asia_fb5a2b3a6e71,,,,,QUARANTINE_NO_INHERITANCE,false,e0d8356ea2faebfa9fe8a2732203f99dece8f87fd4e0a83a0f16dd5e3ca02154,,,,,
quarantine:empirical:asia_20260901_v1:bn-Beng-BD,v2_quarantine,asia_20260901_v1:bn-Beng-BD,,QUARANTINED,,persons,,168419331,,"Arithmetic scale proxy from the BBS 2022 adjusted population and the SEDS 2023 weighted sample share 99.17% for Bangla as childhood language of greatest speaking proficiency. It is retained only as approximately 168.42m context, not an exact count or uncertainty interval.",2022 adjusted population × 2023 survey share,,,source:empirical:asia_20260901_v1:asia_0907c88bfe6d;source:empirical:asia_20260901_v1:asia_5b3aac5fd43c;source:empirical:asia_20260901_v1:asia_16d1e3fa20b5;source:empirical:asia_20260901_v1:asia_18994b5de59f;source:empirical:asia_20260901_v1:asia_e11e3b7f7a83;source:empirical:asia_20260901_v1:asia_5ab6108d5cd1;source:empirical:asia_20260901_v1:asia_8f34f008c0eb,,,,,QUARANTINE_NO_INHERITANCE,false,04e8a7904c31126936061eb5056d414e066560b0c8a53ecc488554f25eaa9f8a,,,,,
quarantine:empirical:asia_20260901_v1:bn-Beng-IN,v2_quarantine,asia_20260901_v1:bn-Beng-IN,,QUARANTINED,,persons,96177835,96177835,96177835,"Raw Bengali mother-tongue return, kept separate from the broader scheduled-language total 97237669.",2011,,,source:empirical:asia_20260901_v1:asia_ae7629dac814;source:empirical:asia_20260901_v1:asia_c8095e9b813e;source:empirical:asia_20260901_v1:asia_5ad512572da1;source:empirical:asia_20260901_v1:asia_f358d43b8de2,,,,,QUARANTINE_NO_INHERITANCE,false,9b0e4c7a654e79de8225c8d8af75879d84645b403433e73e4ea157787e9392f1,,,,,
quarantine:empirical:asia_20260901_v1:hi-Deva-IN,v2_quarantine,asia_20260901_v1:hi-Deva-IN,,QUARANTINED,,persons,322230097,322230097,322230097,"Raw Hindi mother-tongue return, excluding separately returned varieties grouped into the 528347193 Hindi umbrella.",2011,,,source:empirical:asia_20260901_v1:asia_ae7629dac814;source:empirical:asia_20260901_v1:asia_c8095e9b813e;source:empirical:asia_20260901_v1:asia_5ad512572da1;source:empirical:asia_20260901_v1:asia_f358d43b8de2;source:empirical:asia_20260901_v1:asia_2d7db5b586aa,,,,,QUARANTINE_NO_INHERITANCE,false,47dd0220cf616d86d8f039f0a353faa83689079fecca304fd50a40a1c9c36fb0,,,,,
quarantine:empirical:asia_20260901_v1:mr-Deva-IN,v2_quarantine,asia_20260901_v1:mr-Deva-IN,,QUARANTINED,,persons,82801140,82801140,82801140,Raw Marathi mother-tongue return; scheduled-language total is 83026680.,2011,,,source:empirical:asia_20260901_v1:asia_ae7629dac814;source:empirical:asia_20260901_v1:asia_c8095e9b813e;source:empirical:asia_20260901_v1:asia_5ad512572da1;source:empirical:asia_20260901_v1:asia_f358d43b8de2;source:empirical:asia_20260901_v1:asia_84e85ff94377;source:empirical:asia_20260901_v1:asia_25b978a75b75,,,,,QUARANTINE_NO_INHERITANCE,false,f450540ead7a1d2246bd157160744f203dee5b289bb32c836346ea2eab2ae1d8,,,,,
quarantine:empirical:asia_20260901_v1:pa-Guru-IN,v2_quarantine,asia_20260901_v1:pa-Guru-IN,,QUARANTINED,,persons,,,31144095,The 2011 raw Punjabi/Panjabi mother-tongue return is retained only as a maximum language-community context because the census does not enumerate Gurmukhi literacy.,2011,,,source:empirical:asia_20260901_v1:asia_ae7629dac814;source:empirical:asia_20260901_v1:asia_c8095e9b813e;source:empirical:asia_20260901_v1:asia_5ad512572da1;source:empirical:asia_20260901_v1:asia_f358d43b8de2;source:empirical:asia_20260901_v1:asia_84e85ff94377;source:empirical:asia_20260901_v1:asia_25b978a75b75,,,,,QUARANTINE_NO_INHERITANCE,false,a749fcf2053b12aec3359f8f2bc7faa51ac7bf16a4527b51e233949f79517881,,,,,
quarantine:empirical:asia_20260901_v1:ta-Taml-IN,v2_quarantine,asia_20260901_v1:ta-Taml-IN,,QUARANTINED,,persons,68888839,68888839,68888839,Raw Tamil mother-tongue return; scheduled-language total is 69026881.,2011,,,source:empirical:asia_20260901_v1:asia_ae7629dac814;source:empirical:asia_20260901_v1:asia_c8095e9b813e;source:empirical:asia_20260901_v1:asia_5ad512572da1;source:empirical:asia_20260901_v1:asia_f358d43b8de2;source:empirical:asia_20260901_v1:asia_25b978a75b75,,,,,QUARANTINE_NO_INHERITANCE,false,266a7b5c6b594f32ac5b0798078c1313cea43d57a80bd21e61c6c67489dcb314,,,,,
quarantine:empirical:asia_20260901_v1:te-Telu-IN,v2_quarantine,asia_20260901_v1:te-Telu-IN,,QUARANTINED,,persons,80912459,80912459,80912459,Raw Telugu mother-tongue return. The broader scheduled-language total is 81127740 and is kept separate.,2011,,,source:empirical:asia_20260901_v1:asia_ae7629dac814;source:empirical:asia_20260901_v1:asia_c8095e9b813e;source:empirical:asia_20260901_v1:asia_5ad512572da1;source:empirical:asia_20260901_v1:asia_f358d43b8de2;source:empirical:asia_20260901_v1:asia_25b978a75b75,,,,,QUARANTINE_NO_INHERITANCE,false,d5656b4a552e93347f6fe54b3bf9fb04b7168dbe4df83116175cb1c9e15b5713,,,,,
quarantine:empirical:asia_20260901_v1:tr-Latn-TR,v2_quarantine,asia_20260901_v1:tr-Latn-TR,,QUARANTINED,,persons,,85664944,,"TurkStat ABPRS count at 31 December 2024 for the covered registered population; it excludes Syrians under temporary protection and foreigners with visa/residence stays under 90 days, so it is not a strict territorial ceiling or Turkish-speaker count.",2024,,,source:empirical:asia_20260901_v1:asia_030d559fcb98;source:empirical:asia_20260901_v1:asia_38236bad07d7;source:empirical:asia_20260901_v1:asia_3bbeacc14483;source:empirical:asia_20260901_v1:asia_75c5b79598a8;source:empirical:asia_20260901_v1:asia_cc337d85314b;source:empirical:asia_20260901_v1:asia_a92f25b3b88f;source:empirical:asia_20260901_v1:asia_640adbaab7bd;source:empirical:asia_20260901_v1:asia_b6f525ef2bfb,,,,,QUARANTINE_NO_INHERITANCE,false,60f1d6b24276a970b50d40b7b27176de0343ca3170738ca26b9e23c860cd232f,,,,,
quarantine:empirical:asia_20260901_v1:ur-Arab-IN,v2_quarantine,asia_20260901_v1:ur-Arab-IN,,QUARANTINED,,persons,50725762,50725762,50725762,Raw Urdu mother-tongue return; broader C-16 scheduled-language total is 50772631.,2011,,,source:empirical:asia_20260901_v1:asia_ae7629dac814;source:empirical:asia_20260901_v1:asia_c8095e9b813e;source:empirical:asia_20260901_v1:asia_5ad512572da1;source:empirical:asia_20260901_v1:asia_f358d43b8de2;source:empirical:asia_20260901_v1:asia_2d7db5b586aa,,,,,QUARANTINE_NO_INHERITANCE,false,7bf480993b0b617a3d6fa2a0584852c460ce762babd82fd1cb9832d86cb67493,,,,,
quarantine:empirical:asia_20260901_v1:ur-Arab-PK,v2_quarantine,asia_20260901_v1:ur-Arab-PK,,QUARANTINED,,persons,22249307,22249307,22249307,2023 Census Urdu mother-tongue count among the 240458089-person detailed-demographic table universe (four provinces plus ICT and excluding restricted-area records); not a Nastaliq literacy or national Urdu-ability count.,2023,,,source:empirical:asia_20260901_v1:asia_aff2cfe5fd3e;source:empirical:asia_20260901_v1:asia_c108f664359d;source:empirical:asia_20260901_v1:asia_3ebbf28bd445;source:empirical:asia_20260901_v1:asia_fcfd0ebd2874;source:empirical:asia_20260901_v1:asia_0f8c359a9a6a;source:empirical:asia_20260901_v1:asia_c088eaef37b1;source:empirical:asia_20260901_v1:asia_ef1ba0a15be2,,,,,QUARANTINE_NO_INHERITANCE,false,034bf261f4676ea8c29cb472f8c93cf1545a7d41e1641307870acbb98ef91ec1,,,,,
quarantine:empirical:oceania_central_asia_20260901_v1:az-Latn-AZ,v2_quarantine,oceania_central_asia_20260901_v1:az-Latn-AZ,,QUARANTINED,,persons,9436123,9436123,9436123,"2019 census Azerbaijani ethnic-category count, retained explicitly as a proxy rather than a language or script-literacy count.",2019,,,source:empirical:oceania_central_asia_20260901_v1:aze_yearbook_2024;source:empirical:oceania_central_asia_20260901_v1:aze_wb_lp_2024;source:empirical:oceania_central_asia_20260901_v1:oer_unesco_2019;source:empirical:oceania_central_asia_20260901_v1:wcag_22,,,,,QUARANTINE_NO_INHERITANCE,false,befeedf088e1a8c562adaa2bbb41332aa116744fa68e0944fed8a43a3df9315f,,,,,
quarantine:empirical:oceania_central_asia_20260901_v1:ce-Cyrl-RU,v2_quarantine,oceania_central_asia_20260901_v1:ce-Cyrl-RU,,QUARANTINED,,persons,1674854,1674854,1674854,"2021 census Chechen ethnic-category count, retained explicitly as a proxy.",2021,,,source:empirical:oceania_central_asia_20260901_v1:rus_census_2021;source:empirical:oceania_central_asia_20260901_v1:dag_language_ed;source:empirical:oceania_central_asia_20260901_v1:oer_unesco_2019;source:empirical:oceania_central_asia_20260901_v1:wcag_22,,,,,QUARANTINE_NO_INHERITANCE,false,c752ba5ca433ed580bcb7ad2e78b7e77fb10545da2754f5ff1350f69623dbeb4,,,,,
quarantine:empirical:oceania_central_asia_20260901_v1:dng-Cyrl-KG,v2_quarantine,oceania_central_asia_20260901_v1:dng-Cyrl-KG,,QUARANTINED,,persons,76573,76573,76573,"2022 official Dungan ethnic-category count in Kyrgyzstan, retained explicitly as a proxy.",2022,,,source:empirical:oceania_central_asia_20260901_v1:kgz_dungan_2022;source:empirical:oceania_central_asia_20260901_v1:kgz_census_2022;source:empirical:oceania_central_asia_20260901_v1:kgz_assessment_2025;source:empirical:oceania_central_asia_20260901_v1:oer_unesco_2019;source:empirical:oceania_central_asia_20260901_v1:wcag_22,,,,,QUARANTINE_NO_INHERITANCE,false,23c23277076a0bca85883efb2891c692e678f8b7af03e69a3c1ddbdc094dce37,,,,,
quarantine:empirical:oceania_central_asia_20260901_v1:dv-Thaa-MV,v2_quarantine,oceania_central_asia_20260901_v1:dv-Thaa-MV,,QUARANTINED,,persons,,,382751,2022 Maldivian-nationality population retained only as a maximum possible Dhivehi exposure population.,2022,,,source:empirical:oceania_central_asia_20260901_v1:mdv_census_pop_2022;source:empirical:oceania_central_asia_20260901_v1:mdv_census_ed_2022;source:empirical:oceania_central_asia_20260901_v1:mdv_policy_study;source:empirical:oceania_central_asia_20260901_v1:oer_unesco_2019;source:empirical:oceania_central_asia_20260901_v1:wcag_22,,,,,QUARANTINE_NO_INHERITANCE,false,0abcdd8ba811e4b071ddf16743c3348fabd6cbc36d204fa3092189501e1c123f,,,,,
quarantine:empirical:oceania_central_asia_20260901_v1:jra-Latn-VN,v2_quarantine,oceania_central_asia_20260901_v1:jra-Latn-VN,,QUARANTINED,,persons,513930,513930,513930,"2019 census count for the Gia Rai ethnic category, retained explicitly as a proxy for the named language community.",2019,,,source:empirical:oceania_central_asia_20260901_v1:vnm_census_2019;source:empirical:oceania_central_asia_20260901_v1:vnm_unicef_mtbbe;source:empirical:oceania_central_asia_20260901_v1:vnm_wb_minority_ed;source:empirical:oceania_central_asia_20260901_v1:vnm_unicef_minority_2025;source:empirical:oceania_central_asia_20260901_v1:oer_unesco_2019;source:empirical:oceania_central_asia_20260901_v1:wcag_22,,,,,QUARANTINE_NO_INHERITANCE,false,861881e5df94372d13723ef1e08145a8fa93c81eb8b04d658f77787cdce104ea,,,,,
quarantine:empirical:oceania_central_asia_20260901_v1:kaa-Latn-UZ,v2_quarantine,oceania_central_asia_20260901_v1:kaa-Latn-UZ,,QUARANTINED,,persons,839518,859041,878564,"Karakalpak ethnic category: 2.2% of preliminary 2026 census total 39,047,321; endpoints preserve one-decimal percentage rounding.",2026,,,source:empirical:oceania_central_asia_20260901_v1:uzb_census_prelim_2026;source:empirical:oceania_central_asia_20260901_v1:uzb_unicef_sitan;source:empirical:oceania_central_asia_20260901_v1:oer_unesco_2019;source:empirical:oceania_central_asia_20260901_v1:wcag_22,,,,,QUARANTINE_NO_INHERITANCE,false,0b1b365da3377666f7b0cad9b356df733fcc12f2635aaca54f2a3f90c59a06db,,,,,
quarantine:empirical:oceania_central_asia_20260901_v1:khm-Khmr-VN,v2_quarantine,oceania_central_asia_20260901_v1:khm-Khmr-VN,,QUARANTINED,,persons,1319652,1319652,1319652,"2019 census count for the Khmer ethnic category, retained explicitly as a proxy for the named language community.",2019,,,source:empirical:oceania_central_asia_20260901_v1:vnm_census_2019;source:empirical:oceania_central_asia_20260901_v1:vnm_unicef_mtbbe;source:empirical:oceania_central_asia_20260901_v1:vnm_wb_minority_ed;source:empirical:oceania_central_asia_20260901_v1:vnm_unicef_minority_2025;source:empirical:oceania_central_asia_20260901_v1:oer_unesco_2019;source:empirical:oceania_central_asia_20260901_v1:wcag_22,,,,,QUARANTINE_NO_INHERITANCE,false,7bff03ad1821008aa8e9fce7d7e2d76234b056de5d2c304305bb8993da34125f,,,,,
quarantine:empirical:oceania_central_asia_20260901_v1:kjg-Latn-LA,v2_quarantine,oceania_central_asia_20260901_v1:kjg-Latn-LA,,QUARANTINED,,persons,708412,708412,708412,"2015 census Khmu ethnic-category count; retained explicitly as an ethnicity proxy, not a language speaker count.",2015,,,source:empirical:oceania_central_asia_20260901_v1:lao_census_2015;source:empirical:oceania_central_asia_20260901_v1:oer_unesco_2019;source:empirical:oceania_central_asia_20260901_v1:wcag_22,,,,,QUARANTINE_NO_INHERITANCE,false,71ce860aca389664be31292c4b24e744d0b0023a46d82dbc4cf2c4a8da0d34a8,,,,,
quarantine:empirical:oceania_central_asia_20260901_v1:kk-Cyrl-MN,v2_quarantine,oceania_central_asia_20260901_v1:kk-Cyrl-MN,,QUARANTINED,,persons,119045,119045,119045,"2020 census-derived count of ethnic Kazakhs in Mongolia, retained as an ethnicity proxy.",2020,,,source:empirical:oceania_central_asia_20260901_v1:mng_kazakh_count;source:empirical:oceania_central_asia_20260901_v1:mng_unicef_mics_ed;source:empirical:oceania_central_asia_20260901_v1:mng_unicef_ed;source:empirical:oceania_central_asia_20260901_v1:oer_unesco_2019;source:empirical:oceania_central_asia_20260901_v1:wcag_22,,,,,QUARANTINE_NO_INHERITANCE,false,7e1349371fe05fcaba5928d44d026cf17ddea7a87ff1244be8a0f43761ebd89d,,,,,
quarantine:empirical:oceania_central_asia_20260901_v1:lez-Cyrl-AZ,v2_quarantine,oceania_central_asia_20260901_v1:lez-Cyrl-AZ,,QUARANTINED,,persons,167570,167570,167570,"2019 census Lezgin ethnic-category count, retained explicitly as a proxy.",2019,,,source:empirical:oceania_central_asia_20260901_v1:aze_yearbook_2024;source:empirical:oceania_central_asia_20260901_v1:aze_coe_2024;source:empirical:oceania_central_asia_20260901_v1:aze_wb_lp_2024;source:empirical:oceania_central_asia_20260901_v1:oer_unesco_2019;source:empirical:oceania_central_asia_20260901_v1:wcag_22,,,,,QUARANTINE_NO_INHERITANCE,false,dc9eeaddbac49ae0e350c94e55fa92f1dce8b7229b0d2959292ce91651d3ae76,,,,,
quarantine:empirical:oceania_central_asia_20260901_v1:rad-Latn-VN,v2_quarantine,oceania_central_asia_20260901_v1:rad-Latn-VN,,QUARANTINED,,persons,398671,398671,398671,"2019 census count for the Ê Đê ethnic category, retained explicitly as a proxy for the named language community.",2019,,,source:empirical:oceania_central_asia_20260901_v1:vnm_census_2019;source:empirical:oceania_central_asia_20260901_v1:vnm_unicef_mtbbe;source:empirical:oceania_central_asia_20260901_v1:vnm_wb_minority_ed;source:empirical:oceania_central_asia_20260901_v1:vnm_unicef_minority_2025;source:empirical:oceania_central_asia_20260901_v1:oer_unesco_2019;source:empirical:oceania_central_asia_20260901_v1:wcag_22,,,,,QUARANTINE_NO_INHERITANCE,false,a78bbbcc465c4ba91f735b3ab076a1820150e7db249dcd04d37080657a801e1c,,,,,
quarantine:empirical:oceania_central_asia_20260901_v1:rcf-Latn-MU-ROD,v2_quarantine,oceania_central_asia_20260901_v1:rcf-Latn-MU-ROD,,QUARANTINED,,persons,43423,43423,43423,2022 census count on Rodrigues reporting Creole at home including combinations; treated as a territorial linguistic proxy for Kreol Rodriguais.,2022,,,source:empirical:oceania_central_asia_20260901_v1:mus_census_2022;source:empirical:oceania_central_asia_20260901_v1:oer_unesco_2019;source:empirical:oceania_central_asia_20260901_v1:wcag_22,,,,,QUARANTINE_NO_INHERITANCE,false,5b17a880318333c80c9f878d24fcc7eb51b25f178c8f71b8b834153fc44175dc,,,,,
quarantine:empirical:oceania_central_asia_20260901_v1:tyz-Latn-VN,v2_quarantine,oceania_central_asia_20260901_v1:tyz-Latn-VN,,QUARANTINED,,persons,1845492,1845492,1845492,"2019 census count for the Tày ethnic category, retained explicitly as a proxy for the named language community.",2019,,,source:empirical:oceania_central_asia_20260901_v1:vnm_census_2019;source:empirical:oceania_central_asia_20260901_v1:vnm_unicef_mtbbe;source:empirical:oceania_central_asia_20260901_v1:vnm_wb_minority_ed;source:empirical:oceania_central_asia_20260901_v1:vnm_unicef_minority_2025;source:empirical:oceania_central_asia_20260901_v1:oer_unesco_2019;source:empirical:oceania_central_asia_20260901_v1:wcag_22,,,,,QUARANTINE_NO_INHERITANCE,false,683af84731d398b4234d214c7c1244ee404db3762e3a8b5ec6b3a9efffc07c04,,,,,
quarantine:llps:LLPS-CMN-CN-ABILITY-2020,v2_quarantine,LLPS-CMN-CN-ABILITY-2020,,QUARANTINED,,,,,,,,,,,,,,,QUARANTINE_NO_INHERITANCE,false,72b877f4b2a0e87679da5eddc1f57157d46d0fe611008d67fa84c84030e81fd5,,,,,
quarantine:llps:LLPS-JA-JP-ADULT-LOW-SKILL-2023,v2_quarantine,LLPS-JA-JP-ADULT-LOW-SKILL-2023,,QUARANTINED,,,,,,,,,,,,,,,QUARANTINE_NO_INHERITANCE,false,1b26a706aca8ef14f7a72ad61bddfebf194ec5fb8a67a700744b166da8693586,,,,,
quarantine:llps:LLPS-JA-JP-EXPOSURE-2024,v2_quarantine,LLPS-JA-JP-EXPOSURE-2024,,QUARANTINED,,,,,,,,,,,,,,,QUARANTINE_NO_INHERITANCE,false,f32dfb3d1c1cfbf4505dae72e1728cd543d77c676338186b1fba5126691223db,,,,,
quarantine:llps:LLPS-TR-TR-EXPOSURE-2024,v2_quarantine,LLPS-TR-TR-EXPOSURE-2024,,QUARANTINED,,,,,,,,,,,,,,,QUARANTINE_NO_INHERITANCE,false,8c4d393d7d2aa2bcc676fdf8442260f4c7f7c35dcff874c5dffe9b6f3f295573,,,,,
regional:AFRICA_EMPIRICAL_NEED_INPUTS:aeb-Arab-TN:050,AFRICA_EMPIRICAL_NEED_INPUTS,aeb-Arab-TN,edition-target:lang:aeb-Arab-TN,REGIONAL_EMPIRICAL_STRATUM,not_estimated_incompatible_sources,persons,,,,"No compatible exact-row person measure was verified; country, cluster, ethnicity, oral-language and script-literacy measures were not copied into this route.",,Tunisia,Arabic script; home variety,WB_ARABIC_2021;WB_WDI_COMPLETION_2026;WB_WDI_INTERNET_2026;WB_WDI_ELECTRICITY_2026;UNICEF_LP_OFFLINE,https://www.worldbank.org/en/region/mena/publication/advancing-arabic-language-teaching-and-learning-path-to-reducing-learning-poverty-in-the-middle-east-and-north-africa;https://data.worldbank.org/indicator/SE.PRM.CMPT.ZS;https://data.worldbank.org/indicator/IT.NET.USER.ZS;https://data.worldbank.org/indicator/EG.ELC.ACCS.ZS;https://www.unicef.org/learningpassport/offline-learning,WB_ARABIC_2021: Diglossia and formal-Arabic/home-variety discontinuity sections; WB_WDI_COMPLETION_2026: TN/SE.PRM.CMPT.ZS=93.6 (2021); WB_WDI_INTERNET_2026: TN/IT.NET.USER.ZS=76.5 (2024); WB_WDI_ELECTRICITY_2026: TN/EG.ELC.ACCS.ZS=100 (2024); UNICEF_LP_OFFLINE: Hub/learner-device and physical-sync ('sneakernet') concepts,"Regional diglossia evidence is transported only as a structural mechanism. No population, effect size or resource count is transported.",,ATTACHED_TO_EXISTING_EDITION,false,0e978632da0e1f0126777798ff390c96d335dc0e61f031c1b1281de2739a1fe7,edition-target:lang:aeb-Arab-TN,,,edition-target:lang:aeb-Arab-TN,edition-target:lang:aeb-Arab-TN
regional:AFRICA_EMPIRICAL_NEED_INPUTS:am-Ethi-ET:014,AFRICA_EMPIRICAL_NEED_INPUTS,am-Ethi-ET,edition-target:lang:am-Ethi-ET,REGIONAL_EMPIRICAL_STRATUM,census_mother_tongue_count,persons,,21634396,,"Persons reporting Amharic as mother tongue in the 2007 national census, Table 3.2.",2007,Ethiopia,Ethiopic (Geʽez),ET_ESS_CENSUS_2007;ET_MOE_POLICY;ET_MOE_ESAA_2022;ET_WB_LP_2024;WB_WDI_COMPLETION_2026;WB_WDI_INTERNET_2026;WB_WDI_ELECTRICITY_2026;UNICEF_LP_OFFLINE;WMF_WIKI_STATS_20260901;WMF_TERMS,https://drs.ess.gov.et/bitstreams/61d74990-69a7-4f11-8e91-9234ca31d94f/download;https://www.moe.gov.et/storage/Books/Ethiopia%20Education%20and%20Training%20Policy.pdf;https://moe.gov.et/storage/Books/ESAA%202014%20EC%20%282021-22%20G.C%29%20Final.pdf;https://documents1.worldbank.org/curated/en/099062624135522075/pdf/P1792091d3bd9308519cdf1354887c45a1d.pdf;https://data.worldbank.org/indicator/SE.PRM.CMPT.ZS;https://data.worldbank.org/indicator/IT.NET.USER.ZS;https://data.worldbank.org/indicator/EG.ELC.ACCS.ZS;https://www.unicef.org/learningpassport/offline-learning;https://commons.wikimedia.org/wiki/Data:Wikipedia_statistics/data.tab?action=raw;https://foundation.wikimedia.org/wiki/Policy:Terms_of_Use,"ET_ESS_CENSUS_2007: Table 3.2: population by mother tongue; ET_MOE_POLICY: Sections 3.5.1-3.5.7; ET_MOE_ESAA_2022: Textbook section and regional/language-related pupil-textbook ratios; ET_WB_LP_2024: p.1: learning poverty 90%, learning deprivation 89%, schooling deprivation 14.8%; WB_WDI_COMPLETION_2026: ET/SE.PRM.CMPT.ZS=54.4 (2024); WB_WDI_INTERNET_2026: ET/IT.NET.USER.ZS=21.9 (2024); WB_WDI_ELECTRICITY_2026: ET/EG.ELC.ACCS.ZS=56.6 (2024); UNICEF_LP_OFFLINE: Hub/learner-device and physical-sync ('sneakernet') concepts; WMF_WIKI_STATS_20260901: Rows for named *.wikipedia sites; articles column; retrieved 2026-09-01; table license CC0-1.0; WMF_TERMS: Section 7: Licensing of Content",The population anchor is exact for its 2007 mother-tongue definition but dated. It excludes second-language users and says nothing about literacy or current enrolment.,,ATTACHED_TO_EXISTING_EDITION,false,155f2b0a009a876f1adbf1696dcfc11de20bdd2f13816da41390437648a0ac99,edition-target:lang:am-Ethi-ET,,,edition-target:lang:am-Ethi-ET,edition-target:lang:am-Ethi-ET
regional:AFRICA_EMPIRICAL_NEED_INPUTS:apd-Arab-SD:052,AFRICA_EMPIRICAL_NEED_INPUTS,apd-Arab-SD,edition-target:lang:apd-Arab-SD,REGIONAL_EMPIRICAL_STRATUM,not_estimated_incompatible_sources,persons,,,,"No compatible exact-row person measure was verified; country, cluster, ethnicity, oral-language and script-literacy measures were not copied into this route.",,Sudan,Arabic script; home variety,WB_ARABIC_2021;SD_UNICEF_LP;WB_WDI_COMPLETION_2026;WB_WDI_INTERNET_2026;WB_WDI_ELECTRICITY_2026;UNICEF_LP_OFFLINE,https://www.worldbank.org/en/region/mena/publication/advancing-arabic-language-teaching-and-learning-path-to-reducing-learning-poverty-in-the-middle-east-and-north-africa;https://www.unicef.org/sudan/reports/learning-passport;https://data.worldbank.org/indicator/SE.PRM.CMPT.ZS;https://data.worldbank.org/indicator/IT.NET.USER.ZS;https://data.worldbank.org/indicator/EG.ELC.ACCS.ZS;https://www.unicef.org/learningpassport/offline-learning,WB_ARABIC_2021: Diglossia and formal-Arabic/home-variety discontinuity sections; SD_UNICEF_LP: Arabic/English; online and offline; WB_WDI_COMPLETION_2026: SD/SE.PRM.CMPT.ZS=60.1 (2019); WB_WDI_INTERNET_2026: SD/IT.NET.USER.ZS=18.6 (2017); WB_WDI_ELECTRICITY_2026: SD/EG.ELC.ACCS.ZS=66 (2024); UNICEF_LP_OFFLINE: Hub/learner-device and physical-sync ('sneakernet') concepts,Platform language 'Arabic' cannot be relabelled as Sudanese Arabic. Country access observations are dated/non-disaggregated.,,ATTACHED_TO_EXISTING_EDITION,false,f4d7f347e18d013cd1b610d65aa3ce4f291cba38cea30addd4cfc10583e2d5b1,edition-target:lang:apd-Arab-SD,,,edition-target:lang:apd-Arab-SD,edition-target:lang:apd-Arab-SD
regional:AFRICA_EMPIRICAL_NEED_INPUTS:arq-Arab-DZ:049,AFRICA_EMPIRICAL_NEED_INPUTS,arq-Arab-DZ,edition-target:lang:arq-Arab-DZ,REGIONAL_EMPIRICAL_STRATUM,not_estimated_incompatible_sources,persons,,,,"No compatible exact-row person measure was verified; country, cluster, ethnicity, oral-language and script-literacy measures were not copied into this route.",,Algeria,Arabic script; home variety,DZ_IICBA_TAMAZIGHT;WB_ARABIC_2021;WB_WDI_COMPLETION_2026;WB_WDI_INTERNET_2026;WB_WDI_ELECTRICITY_2026;UNICEF_LP_OFFLINE,https://www.iicba.unesco.org/en/algerias-tamazight-policy-and-challenge-home-language-instruction-africa;https://www.worldbank.org/en/region/mena/publication/advancing-arabic-language-teaching-and-learning-path-to-reducing-learning-poverty-in-the-middle-east-and-north-africa;https://data.worldbank.org/indicator/SE.PRM.CMPT.ZS;https://data.worldbank.org/indicator/IT.NET.USER.ZS;https://data.worldbank.org/indicator/EG.ELC.ACCS.ZS;https://www.unicef.org/learningpassport/offline-learning,DZ_IICBA_TAMAZIGHT: Daily Algerian Arabic; French in higher education/employment; English expanding; no unified Tamazight teacher guide/progression; WB_ARABIC_2021: Diglossia and formal-Arabic/home-variety discontinuity sections; WB_WDI_COMPLETION_2026: DZ/SE.PRM.CMPT.ZS=98.2 (2025); WB_WDI_INTERNET_2026: DZ/IT.NET.USER.ZS=77.4 (2024); WB_WDI_ELECTRICITY_2026: DZ/EG.ELC.ACCS.ZS=100 (2024); UNICEF_LP_OFFLINE: Hub/learner-device and physical-sync ('sneakernet') concepts,Country narrative supports the route but not a population or learning estimate. Arabic resources are not presumed to match the home variety.,,ATTACHED_TO_EXISTING_EDITION,false,1bc8426a00748cbbfca972419004bb51ffc7b2383cce2068fe721e9726a2e923,edition-target:lang:arq-Arab-DZ,,,edition-target:lang:arq-Arab-DZ,edition-target:lang:arq-Arab-DZ
regional:AFRICA_EMPIRICAL_NEED_INPUTS:ary-oral-MA:048,AFRICA_EMPIRICAL_NEED_INPUTS,ary-oral-MA,,REGIONAL_EMPIRICAL_STRATUM,census_local_language_use_count,persons,,30252692,,Persons reporting Moroccan Arabic/Darija among locally used languages in RGPH 2014 Table E18; multiple responses permitted.,2014,Morocco,Oral/local-use construct; script delivery unresolved,MA_HCP_RGPH2014;WB_ARABIC_2021;WB_WDI_COMPLETION_2026;WB_WDI_INTERNET_2026;WB_WDI_ELECTRICITY_2026;UNICEF_LP_OFFLINE;WMF_WIKI_STATS_20260901;WMF_TERMS,https://www.hcp.ma/file/230026/;https://www.worldbank.org/en/region/mena/publication/advancing-arabic-language-teaching-and-learning-path-to-reducing-learning-poverty-in-the-middle-east-and-north-africa;https://data.worldbank.org/indicator/SE.PRM.CMPT.ZS;https://data.worldbank.org/indicator/IT.NET.USER.ZS;https://data.worldbank.org/indicator/EG.ELC.ACCS.ZS;https://www.unicef.org/learningpassport/offline-learning;https://commons.wikimedia.org/wiki/Data:Wikipedia_statistics/data.tab?action=raw;https://foundation.wikimedia.org/wiki/Policy:Terms_of_Use,"MA_HCP_RGPH2014: Table E17 p.81: age 10+ written-language literacy including Amazigh 542,781; Table E18 p.81: local-language use counts; WB_ARABIC_2021: Diglossia and formal-Arabic/home-variety discontinuity sections; WB_WDI_COMPLETION_2026: MA/SE.PRM.CMPT.ZS=106.4 (2024); WB_WDI_INTERNET_2026: MA/IT.NET.USER.ZS=91.2 (2024); WB_WDI_ELECTRICITY_2026: MA/EG.ELC.ACCS.ZS=100 (2024); UNICEF_LP_OFFLINE: Hub/learner-device and physical-sync ('sneakernet') concepts; WMF_WIKI_STATS_20260901: Rows for named *.wikipedia sites; articles column; retrieved 2026-09-01; table license CC0-1.0; WMF_TERMS: Section 7: Licensing of Content","Multiple-response local use is compatible only with the oral/home-variety route, not script literacy. Regional diglossia is mechanism context, not a row effect size.",,EVIDENCE_ONLY_CONTEXT,false,eb9cd1aa7c1178c3d938e9081cfc5077c576a241b024465b093f03b0461fabbc,,,,,
regional:AFRICA_EMPIRICAL_NEED_INPUTS:arz-Arab-EG:047,AFRICA_EMPIRICAL_NEED_INPUTS,arz-Arab-EG,edition-target:lang:arz-Arab-EG,REGIONAL_EMPIRICAL_STRATUM,not_estimated_incompatible_sources,persons,,,,"No compatible exact-row person measure was verified; country, cluster, ethnicity, oral-language and script-literacy measures were not copied into this route.",,Egypt,Arabic script; home variety,WB_ARABIC_2021;WB_WDI_COMPLETION_2026;WB_WDI_INTERNET_2026;WB_WDI_ELECTRICITY_2026;UNICEF_LP_OFFLINE;WMF_WIKI_STATS_20260901;WMF_TERMS,https://www.worldbank.org/en/region/mena/publication/advancing-arabic-language-teaching-and-learning-path-to-reducing-learning-poverty-in-the-middle-east-and-north-africa;https://data.worldbank.org/indicator/SE.PRM.CMPT.ZS;https://data.worldbank.org/indicator/IT.NET.USER.ZS;https://data.worldbank.org/indicator/EG.ELC.ACCS.ZS;https://www.unicef.org/learningpassport/offline-learning;https://commons.wikimedia.org/wiki/Data:Wikipedia_statistics/data.tab?action=raw;https://foundation.wikimedia.org/wiki/Policy:Terms_of_Use,WB_ARABIC_2021: Diglossia and formal-Arabic/home-variety discontinuity sections; WB_WDI_COMPLETION_2026: EG/SE.PRM.CMPT.ZS=98.2 (2024); WB_WDI_INTERNET_2026: EG/IT.NET.USER.ZS=74.6 (2024); WB_WDI_ELECTRICITY_2026: EG/EG.ELC.ACCS.ZS=100 (2024); UNICEF_LP_OFFLINE: Hub/learner-device and physical-sync ('sneakernet') concepts; WMF_WIKI_STATS_20260901: Rows for named *.wikipedia sites; articles column; retrieved 2026-09-01; table license CC0-1.0; WMF_TERMS: Section 7: Licensing of Content,"Regional structural evidence is not an Egypt effect estimate. The language-edition count measures pages, not readers, quality or curriculum coverage.",,ATTACHED_TO_EXISTING_EDITION,false,c7e952e1f1afe42157af7756d7150d0c724d1ba311997a53871bd9df2607c67e,edition-target:lang:arz-Arab-EG,,,edition-target:lang:arz-Arab-EG,edition-target:lang:arz-Arab-EG
regional:AFRICA_EMPIRICAL_NEED_INPUTS:ayl-Arab-LY:051,AFRICA_EMPIRICAL_NEED_INPUTS,ayl-Arab-LY,edition-target:lang:ayl-Arab-LY,REGIONAL_EMPIRICAL_STRATUM,not_estimated_incompatible_sources,persons,,,,"No compatible exact-row person measure was verified; country, cluster, ethnicity, oral-language and script-literacy measures were not copied into this route.",,Libya,Arabic script; home variety,WB_ARABIC_2021;WB_WDI_COMPLETION_2026;WB_WDI_INTERNET_2026;WB_WDI_ELECTRICITY_2026;UNICEF_LP_OFFLINE,https://www.worldbank.org/en/region/mena/publication/advancing-arabic-language-teaching-and-learning-path-to-reducing-learning-poverty-in-the-middle-east-and-north-africa;https://data.worldbank.org/indicator/SE.PRM.CMPT.ZS;https://data.worldbank.org/indicator/IT.NET.USER.ZS;https://data.worldbank.org/indicator/EG.ELC.ACCS.ZS;https://www.unicef.org/learningpassport/offline-learning,WB_ARABIC_2021: Diglossia and formal-Arabic/home-variety discontinuity sections; WB_WDI_COMPLETION_2026: LY/SE.PRM.CMPT.ZS=90.1 (1983); WB_WDI_INTERNET_2026: LY/IT.NET.USER.ZS=82 (2024); WB_WDI_ELECTRICITY_2026: LY/EG.ELC.ACCS.ZS=77.4 (2024); UNICEF_LP_OFFLINE: Hub/learner-device and physical-sync ('sneakernet') concepts,"Regional diglossia evidence is transported only as a structural mechanism. No population, effect size or resource count is transported.",,ATTACHED_TO_EXISTING_EDITION,false,96bc7801b11162bbf6220fedf4002cb662f9179c525c72185fd811ffd8ee2726,edition-target:lang:ayl-Arab-LY,,,edition-target:lang:ayl-Arab-LY,edition-target:lang:ayl-Arab-LY
regional:AFRICA_EMPIRICAL_NEED_INPUTS:cnu-Latn-DZ:044,AFRICA_EMPIRICAL_NEED_INPUTS,cnu-Latn-DZ,edition-target:lang:cnu-Latn-DZ,REGIONAL_EMPIRICAL_STRATUM,not_estimated_incompatible_sources,persons,,,,"No compatible exact-row person measure was verified; country, cluster, ethnicity, oral-language and script-literacy measures were not copied into this route.",,Algeria,Latin,DZ_IICBA_TAMAZIGHT;UNICODE_TIFINAGH;WB_WDI_COMPLETION_2026;WB_WDI_INTERNET_2026;WB_WDI_ELECTRICITY_2026;UNICEF_LP_OFFLINE,https://www.iicba.unesco.org/en/algerias-tamazight-policy-and-challenge-home-language-instruction-africa;https://www.unicode.org/notes/tn59/tn59-1.html;https://data.worldbank.org/indicator/SE.PRM.CMPT.ZS;https://data.worldbank.org/indicator/IT.NET.USER.ZS;https://data.worldbank.org/indicator/EG.ELC.ACCS.ZS;https://www.unicef.org/learningpassport/offline-learning,"DZ_IICBA_TAMAZIGHT: Daily Algerian Arabic; French in higher education/employment; English expanding; no unified Tamazight teacher guide/progression; UNICODE_TIFINAGH: IRCAM subset, modern Tuareg letters and language-specific glyph variants; WB_WDI_COMPLETION_2026: DZ/SE.PRM.CMPT.ZS=98.2 (2025); WB_WDI_INTERNET_2026: DZ/IT.NET.USER.ZS=77.4 (2024); WB_WDI_ELECTRICITY_2026: DZ/EG.ELC.ACCS.ZS=100 (2024); UNICEF_LP_OFFLINE: Hub/learner-device and physical-sync ('sneakernet') concepts",No exact population denominator. No compatible open general-reference edition inventory was verified. Latin and Tifinagh resources are not interchangeable.,,ATTACHED_TO_EXISTING_EDITION,false,ec32949ed32c9e6b803551cc9677e31b3576fcb82c5a99d4a1f129f1f41b53c0,edition-target:lang:cnu-Latn-DZ,,,edition-target:lang:cnu-Latn-DZ,edition-target:lang:cnu-Latn-DZ
regional:AFRICA_EMPIRICAL_NEED_INPUTS:ffm-Latn-ML:028,AFRICA_EMPIRICAL_NEED_INPUTS,ffm-Latn-ML,edition-target:lang:ffm-Latn-ML,REGIONAL_EMPIRICAL_STRATUM,not_estimated_incompatible_sources,persons,,,,"No compatible exact-row person measure was verified; country, cluster, ethnicity, oral-language and script-literacy measures were not copied into this route.",,Mali,Latin,FULA_UNICODE_17;ML_WB_CONVERGENT;WB_WDI_COMPLETION_2026;WB_WDI_INTERNET_2026;WB_WDI_ELECTRICITY_2026;UNICEF_LP_OFFLINE;WMF_WIKI_STATS_20260901;WMF_TERMS,https://www.unicode.org/versions/Unicode17.0.0/core-spec/chapter-19/;https://documents1.worldbank.org/curated/en/968431468756910910/pdf/273450ML.pdf;https://data.worldbank.org/indicator/SE.PRM.CMPT.ZS;https://data.worldbank.org/indicator/IT.NET.USER.ZS;https://data.worldbank.org/indicator/EG.ELC.ACCS.ZS;https://www.unicef.org/learningpassport/offline-learning;https://commons.wikimedia.org/wiki/Data:Wikipedia_statistics/data.tab?action=raw;https://foundation.wikimedia.org/wiki/Policy:Terms_of_Use,FULA_UNICODE_17: Section 19.9 Adlam: Fula cluster over 40 million; Adlam adoption and teaching; ML_WB_CONVERGENT: Additional Annex 9: mother tongue first year; French progressively from year two through grades 7-9; WB_WDI_COMPLETION_2026: ML/SE.PRM.CMPT.ZS=48.4 (2023); WB_WDI_INTERNET_2026: ML/IT.NET.USER.ZS=36.8 (2024); WB_WDI_ELECTRICITY_2026: ML/EG.ELC.ACCS.ZS=49.5 (2024); UNICEF_LP_OFFLINE: Hub/learner-device and physical-sync ('sneakernet') concepts; WMF_WIKI_STATS_20260901: Rows for named *.wikipedia sites; articles column; retrieved 2026-09-01; table license CC0-1.0; WMF_TERMS: Section 7: Licensing of Content,Historical programme evidence cannot establish current reach. Fula cluster and ff.wikipedia measures are not variety/territory specific.,,ATTACHED_TO_EXISTING_EDITION,false,96798d4452a26c35662ead838e79228292ffbbd8d3cdb32a4a63c28d2cd97eaa,edition-target:lang:ffm-Latn-ML,,,edition-target:lang:ffm-Latn-ML,edition-target:lang:ffm-Latn-ML
regional:AFRICA_EMPIRICAL_NEED_INPUTS:fub-Latn-CM:029,AFRICA_EMPIRICAL_NEED_INPUTS,fub-Latn-CM,edition-target:lang:fub-Latn-CM,REGIONAL_EMPIRICAL_STRATUM,not_estimated_incompatible_sources,persons,,,,"No compatible exact-row person measure was verified; country, cluster, ethnicity, oral-language and script-literacy measures were not copied into this route.",,Cameroon,Latin,FULA_UNICODE_17;CM_UIS_FLSC_2014;CM_INS_MIS_2022;WB_WDI_COMPLETION_2026;WB_WDI_INTERNET_2026;WB_WDI_ELECTRICITY_2026;UNICEF_LP_OFFLINE;WMF_WIKI_STATS_20260901;WMF_TERMS,https://www.unicode.org/versions/Unicode17.0.0/core-spec/chapter-19/;https://nada.uis.unesco.org/nada/en/index.php/catalog/154/study-description;https://ins-cameroun.cm/wp-content/uploads/2025/06/Cameroon-MIS-2022-Final-Report-FR-FINAL-14Sep2023-For-Web.pdf;https://data.worldbank.org/indicator/SE.PRM.CMPT.ZS;https://data.worldbank.org/indicator/IT.NET.USER.ZS;https://data.worldbank.org/indicator/EG.ELC.ACCS.ZS;https://www.unicef.org/learningpassport/offline-learning;https://commons.wikimedia.org/wiki/Data:Wikipedia_statistics/data.tab?action=raw;https://foundation.wikimedia.org/wiki/Policy:Terms_of_Use,FULA_UNICODE_17: Section 19.9 Adlam: Fula cluster over 40 million; Adlam adoption and teaching; CM_UIS_FLSC_2014: Grade 6 English-system examination: mandatory subjects in English except French; CM_INS_MIS_2022: Questionnaire Q113-Q114 separately codes Fulfulde and Pidgin; WB_WDI_COMPLETION_2026: CM/SE.PRM.CMPT.ZS=75.3 (2024); WB_WDI_INTERNET_2026: CM/IT.NET.USER.ZS=46.3 (2024); WB_WDI_ELECTRICITY_2026: CM/EG.ELC.ACCS.ZS=72 (2024); UNICEF_LP_OFFLINE: Hub/learner-device and physical-sync ('sneakernet') concepts; WMF_WIKI_STATS_20260901: Rows for named *.wikipedia sites; articles column; retrieved 2026-09-01; table license CC0-1.0; WMF_TERMS: Section 7: Licensing of Content,Questionnaire coding is not a population estimate. Adamawa Fulfulde cannot inherit the Fula cluster or ff.wikipedia count.,,ATTACHED_TO_EXISTING_EDITION,false,802b781bfbc7153cfa6aec1a8f3064d533695d375a276d530e90f8e9a7e8a208,edition-target:lang:fub-Latn-CM,,,edition-target:lang:fub-Latn-CM,edition-target:lang:fub-Latn-CM
regional:AFRICA_EMPIRICAL_NEED_INPUTS:fuc-Adlm-SN:023,AFRICA_EMPIRICAL_NEED_INPUTS,fuc-Adlm-SN,edition-target:lang:fuc-Adlm-SN,REGIONAL_EMPIRICAL_STRATUM,not_estimated_incompatible_sources,persons,,,,"No compatible exact-row person measure was verified; country, cluster, ethnicity, oral-language and script-literacy measures were not copied into this route.",,Senegal,Adlam,FULA_UNICODE_17;SN_ANSD_CENSUS_2013;SN_WB_LANGUAGE;WB_WDI_COMPLETION_2026;WB_WDI_INTERNET_2026;WB_WDI_ELECTRICITY_2026;UNICEF_LP_OFFLINE,https://www.unicode.org/versions/Unicode17.0.0/core-spec/chapter-19/;https://www.ansd.sn/sites/default/files/recensements/rapport/rapport_national/Rapport-definitif-RGPHAE2013.pdf;https://blogs.worldbank.org/en/education/learning-read-language-children-understand;https://data.worldbank.org/indicator/SE.PRM.CMPT.ZS;https://data.worldbank.org/indicator/IT.NET.USER.ZS;https://data.worldbank.org/indicator/EG.ELC.ACCS.ZS;https://www.unicef.org/learningpassport/offline-learning,"FULA_UNICODE_17: Section 19.9 Adlam: Fula cluster over 40 million; Adlam adoption and teaching; SN_ANSD_CENSUS_2013: Tables 3.6-3.7: age 10+ literacy in national languages and Arabic; Pulaar 0.8%; SN_WB_LANGUAGE: Senegal local-language programmes, including Pulaar, alongside French formal schooling; WB_WDI_COMPLETION_2026: SN/SE.PRM.CMPT.ZS=62.9 (2024); WB_WDI_INTERNET_2026: SN/IT.NET.USER.ZS=60.1 (2024); WB_WDI_ELECTRICITY_2026: SN/EG.ELC.ACCS.ZS=82.9 (2024); UNICEF_LP_OFFLINE: Hub/learner-device and physical-sync ('sneakernet') concepts",Encoding and broad adoption evidence do not yield a Senegal/Pulaar Adlam population. Latin-Pulaar resources and ff.wikipedia are not credited to this script.,,ATTACHED_TO_EXISTING_EDITION,false,67506525dc2e9988b3c297d8f094cfcf5f86225f706affc7e80e7dca3ef8b12a,edition-target:lang:fuc-Adlm-SN,,,edition-target:lang:fuc-Adlm-SN,edition-target:lang:fuc-Adlm-SN
regional:AFRICA_EMPIRICAL_NEED_INPUTS:fuc-Latn-SN:022,AFRICA_EMPIRICAL_NEED_INPUTS,fuc-Latn-SN,edition-target:lang:fuc-Latn-SN,REGIONAL_EMPIRICAL_STRATUM,not_estimated_incompatible_sources,persons,,,,"No compatible exact-row person measure was verified; country, cluster, ethnicity, oral-language and script-literacy measures were not copied into this route.",,Senegal,Latin,FULA_UNICODE_17;SN_ANSD_CENSUS_2013;SN_WB_LANGUAGE;WB_WDI_COMPLETION_2026;WB_WDI_INTERNET_2026;WB_WDI_ELECTRICITY_2026;UNICEF_LP_OFFLINE;WMF_WIKI_STATS_20260901;WMF_TERMS,https://www.unicode.org/versions/Unicode17.0.0/core-spec/chapter-19/;https://www.ansd.sn/sites/default/files/recensements/rapport/rapport_national/Rapport-definitif-RGPHAE2013.pdf;https://blogs.worldbank.org/en/education/learning-read-language-children-understand;https://data.worldbank.org/indicator/SE.PRM.CMPT.ZS;https://data.worldbank.org/indicator/IT.NET.USER.ZS;https://data.worldbank.org/indicator/EG.ELC.ACCS.ZS;https://www.unicef.org/learningpassport/offline-learning;https://commons.wikimedia.org/wiki/Data:Wikipedia_statistics/data.tab?action=raw;https://foundation.wikimedia.org/wiki/Policy:Terms_of_Use,"FULA_UNICODE_17: Section 19.9 Adlam: Fula cluster over 40 million; Adlam adoption and teaching; SN_ANSD_CENSUS_2013: Tables 3.6-3.7: age 10+ literacy in national languages and Arabic; Pulaar 0.8%; SN_WB_LANGUAGE: Senegal local-language programmes, including Pulaar, alongside French formal schooling; WB_WDI_COMPLETION_2026: SN/SE.PRM.CMPT.ZS=62.9 (2024); WB_WDI_INTERNET_2026: SN/IT.NET.USER.ZS=60.1 (2024); WB_WDI_ELECTRICITY_2026: SN/EG.ELC.ACCS.ZS=82.9 (2024); UNICEF_LP_OFFLINE: Hub/learner-device and physical-sync ('sneakernet') concepts; WMF_WIKI_STATS_20260901: Rows for named *.wikipedia sites; articles column; retrieved 2026-09-01; table license CC0-1.0; WMF_TERMS: Section 7: Licensing of Content","The published Pulaar literacy rate does not identify Latin versus Adlam, and ff.wikipedia is a macrolanguage edition rather than a Senegal-Pulaar inventory.",,ATTACHED_TO_EXISTING_EDITION,false,d1dbc56a9d688ab02923ab8915f183b9dd8f939f73636787f6afe471ab4503c0,edition-target:lang:fuc-Latn-SN,,,edition-target:lang:fuc-Latn-SN,edition-target:lang:fuc-Latn-SN
regional:AFRICA_EMPIRICAL_NEED_INPUTS:fuf-Adlm-GN:025,AFRICA_EMPIRICAL_NEED_INPUTS,fuf-Adlm-GN,edition-target:lang:fuf-Adlm-GN,REGIONAL_EMPIRICAL_STRATUM,not_estimated_incompatible_sources,persons,,,,"No compatible exact-row person measure was verified; country, cluster, ethnicity, oral-language and script-literacy measures were not copied into this route.",,Guinea,Adlam,FULA_UNICODE_17;GN_INS_CENSUS_2014;GN_UNESCO_IBE_2023;GN_UNICEF_LP;WB_WDI_COMPLETION_2026;WB_WDI_INTERNET_2026;WB_WDI_ELECTRICITY_2026;UNICEF_LP_OFFLINE,https://www.unicode.org/versions/Unicode17.0.0/core-spec/chapter-19/;https://www.stat-guinee.org/images/Documents/Publications/INS/rapports_enquetes/RGPH3/RGPH3_etat_structure.pdf;https://www.ibe.unesco.org/sites/default/files/medias/fichiers/2023/10/COC%20R%C3%A9publique%20de%20Guin%C3%A9e%20Version%2028%2009%2023%20V3_0.pdf;https://www.unicef.org/guinea/recits/bient%C3%B4t-le-learning-passport-une-plateforme-denseignement-%C3%A0-distance-pour-l%C3%A9ducation;https://data.worldbank.org/indicator/SE.PRM.CMPT.ZS;https://data.worldbank.org/indicator/IT.NET.USER.ZS;https://data.worldbank.org/indicator/EG.ELC.ACCS.ZS;https://www.unicef.org/learningpassport/offline-learning,"FULA_UNICODE_17: Section 19.9 Adlam: Fula cluster over 40 million; Adlam adoption and teaching; GN_INS_CENSUS_2014: Section 5.5: Pular is the most spoken language; over one-third; rural 36.2%, urban 31.6%; GN_UNESCO_IBE_2023: p.14: national-language primary reform remains pilot/progressive scale-up; GN_UNICEF_LP: Online/offline operation for schools without internet; WB_WDI_COMPLETION_2026: GN/SE.PRM.CMPT.ZS=59.9 (2020); WB_WDI_INTERNET_2026: GN/IT.NET.USER.ZS=33.3 (2024); WB_WDI_ELECTRICITY_2026: GN/EG.ELC.ACCS.ZS=53.8 (2024); UNICEF_LP_OFFLINE: Hub/learner-device and physical-sync ('sneakernet') concepts","No script denominator; no transfer of Pular oral prevalence, Latin materials or ff.wikipedia content to Adlam.",,ATTACHED_TO_EXISTING_EDITION,false,e2506f48ea7f6e676ee540066d85b424860e54a514ec60fbd295f2a0ffbba3a0,edition-target:lang:fuf-Adlm-GN,,,edition-target:lang:fuf-Adlm-GN,edition-target:lang:fuf-Adlm-GN
regional:AFRICA_EMPIRICAL_NEED_INPUTS:fuf-Latn-GN:024,AFRICA_EMPIRICAL_NEED_INPUTS,fuf-Latn-GN,edition-target:lang:fuf-Latn-GN,REGIONAL_EMPIRICAL_STRATUM,not_estimated_incompatible_sources,persons,,,,"No compatible exact-row person measure was verified; country, cluster, ethnicity, oral-language and script-literacy measures were not copied into this route.",,Guinea,Latin,FULA_UNICODE_17;GN_INS_CENSUS_2014;GN_UNESCO_IBE_2023;GN_UNICEF_LP;WB_WDI_COMPLETION_2026;WB_WDI_INTERNET_2026;WB_WDI_ELECTRICITY_2026;UNICEF_LP_OFFLINE;WMF_WIKI_STATS_20260901;WMF_TERMS,https://www.unicode.org/versions/Unicode17.0.0/core-spec/chapter-19/;https://www.stat-guinee.org/images/Documents/Publications/INS/rapports_enquetes/RGPH3/RGPH3_etat_structure.pdf;https://www.ibe.unesco.org/sites/default/files/medias/fichiers/2023/10/COC%20R%C3%A9publique%20de%20Guin%C3%A9e%20Version%2028%2009%2023%20V3_0.pdf;https://www.unicef.org/guinea/recits/bient%C3%B4t-le-learning-passport-une-plateforme-denseignement-%C3%A0-distance-pour-l%C3%A9ducation;https://data.worldbank.org/indicator/SE.PRM.CMPT.ZS;https://data.worldbank.org/indicator/IT.NET.USER.ZS;https://data.worldbank.org/indicator/EG.ELC.ACCS.ZS;https://www.unicef.org/learningpassport/offline-learning;https://commons.wikimedia.org/wiki/Data:Wikipedia_statistics/data.tab?action=raw;https://foundation.wikimedia.org/wiki/Policy:Terms_of_Use,"FULA_UNICODE_17: Section 19.9 Adlam: Fula cluster over 40 million; Adlam adoption and teaching; GN_INS_CENSUS_2014: Section 5.5: Pular is the most spoken language; over one-third; rural 36.2%, urban 31.6%; GN_UNESCO_IBE_2023: p.14: national-language primary reform remains pilot/progressive scale-up; GN_UNICEF_LP: Online/offline operation for schools without internet; WB_WDI_COMPLETION_2026: GN/SE.PRM.CMPT.ZS=59.9 (2020); WB_WDI_INTERNET_2026: GN/IT.NET.USER.ZS=33.3 (2024); WB_WDI_ELECTRICITY_2026: GN/EG.ELC.ACCS.ZS=53.8 (2024); UNICEF_LP_OFFLINE: Hub/learner-device and physical-sync ('sneakernet') concepts; WMF_WIKI_STATS_20260901: Rows for named *.wikipedia sites; articles column; retrieved 2026-09-01; table license CC0-1.0; WMF_TERMS: Section 7: Licensing of Content",The census statement is rounded/inequality-based and script-unspecified; no midpoint is manufactured. ff.wikipedia is cluster context only.,,ATTACHED_TO_EXISTING_EDITION,false,7c7ff2ad5f9dd9c957716253aa8b1051870b513497337d238771e39317739eef,edition-target:lang:fuf-Latn-GN,,,edition-target:lang:fuf-Latn-GN,edition-target:lang:fuf-Latn-GN
regional:AFRICA_EMPIRICAL_NEED_INPUTS:fuv-Arab-NG-Ajami:027,AFRICA_EMPIRICAL_NEED_INPUTS,fuv-Arab-NG-Ajami,,REGIONAL_EMPIRICAL_STRATUM,not_estimated_incompatible_sources,persons,,,,"No compatible exact-row person measure was verified; country, cluster, ethnicity, oral-language and script-literacy measures were not copied into this route.",,Nigeria,Arabic-derived Ajami,FULA_UNICODE_17;NG_UNICEF_LIE;NG_UNICEF_FACTS_2023;NG_NERDC_LDC;WB_WDI_COMPLETION_2026;WB_WDI_INTERNET_2026;WB_WDI_ELECTRICITY_2026;UNICEF_LP_OFFLINE,https://www.unicode.org/versions/Unicode17.0.0/core-spec/chapter-19/;https://www.unicef.org/nigeria/media/7861/file/Language%20in%20Education%20Report.pdf;https://www.unicef.org/nigeria/media/9211/file/Nigeria%20Education%20Fact%20Sheets;https://www.nerdc.gov.ng/content_manager/ldc_achievements.html;https://data.worldbank.org/indicator/SE.PRM.CMPT.ZS;https://data.worldbank.org/indicator/IT.NET.USER.ZS;https://data.worldbank.org/indicator/EG.ELC.ACCS.ZS;https://www.unicef.org/learningpassport/offline-learning,"FULA_UNICODE_17: Section 19.9 Adlam: Fula cluster over 40 million; Adlam adoption and teaching; NG_UNICEF_LIE: p.45: immediate-environment language first three primary years, progressive English from year four; pp.45-48 implementation/materials discussion; NG_UNICEF_FACTS_2023: p.14 Figure 19: foundational reading by ethnicity; p.15 Figure 21: home/school-language grouping; NG_NERDC_LDC: Curricula for Hausa, Igbo, Yoruba and Fulfulde; bilingual dictionaries; Pidgin translation example; WB_WDI_COMPLETION_2026: NG/SE.PRM.CMPT.ZS=70.2 (2010); WB_WDI_INTERNET_2026: NG/IT.NET.USER.ZS=41.2 (2024); WB_WDI_ELECTRICITY_2026: NG/EG.ELC.ACCS.ZS=62.5 (2024); UNICEF_LP_OFFLINE: Hub/learner-device and physical-sync ('sneakernet') concepts","The route is retained to prevent Latin resources and ethnicity results from erasing Ajami need. It remains unrankable on population, learning and supply.",,EVIDENCE_ONLY_CONTEXT,false,13ff3ccddcdbdd1ea8581fbc5da6386b7b07fd429cd5fd13304af5d7c82a6ca7,,,,,
regional:AFRICA_EMPIRICAL_NEED_INPUTS:fuv-Latn-NG:026,AFRICA_EMPIRICAL_NEED_INPUTS,fuv-Latn-NG,edition-target:lang:fuv-Latn-NG,REGIONAL_EMPIRICAL_STRATUM,not_estimated_incompatible_sources,persons,,,,"No compatible exact-row person measure was verified; country, cluster, ethnicity, oral-language and script-literacy measures were not copied into this route.",,Nigeria,Latin,FULA_UNICODE_17;NG_UNICEF_LIE;NG_UNICEF_FACTS_2023;NG_NERDC_LDC;NG_LEARNING_PASSPORT_2024;WB_WDI_COMPLETION_2026;WB_WDI_INTERNET_2026;WB_WDI_ELECTRICITY_2026;UNICEF_LP_OFFLINE;WMF_WIKI_STATS_20260901;WMF_TERMS,https://www.unicode.org/versions/Unicode17.0.0/core-spec/chapter-19/;https://www.unicef.org/nigeria/media/7861/file/Language%20in%20Education%20Report.pdf;https://www.unicef.org/nigeria/media/9211/file/Nigeria%20Education%20Fact%20Sheets;https://www.nerdc.gov.ng/content_manager/ldc_achievements.html;https://www.unicef.org/nigeria/press-releases/nigeria-learning-passport-reaches-one-million-subscribers-milestone-educational;https://data.worldbank.org/indicator/SE.PRM.CMPT.ZS;https://data.worldbank.org/indicator/IT.NET.USER.ZS;https://data.worldbank.org/indicator/EG.ELC.ACCS.ZS;https://www.unicef.org/learningpassport/offline-learning;https://commons.wikimedia.org/wiki/Data:Wikipedia_statistics/data.tab?action=raw;https://foundation.wikimedia.org/wiki/Policy:Terms_of_Use,"FULA_UNICODE_17: Section 19.9 Adlam: Fula cluster over 40 million; Adlam adoption and teaching; NG_UNICEF_LIE: p.45: immediate-environment language first three primary years, progressive English from year four; pp.45-48 implementation/materials discussion; NG_UNICEF_FACTS_2023: p.14 Figure 19: foundational reading by ethnicity; p.15 Figure 21: home/school-language grouping; NG_NERDC_LDC: Curricula for Hausa, Igbo, Yoruba and Fulfulde; bilingual dictionaries; Pidgin translation example; NG_LEARNING_PASSPORT_2024: Features list: English, Hausa, Igbo, Yoruba; free, data-free, offline download; WB_WDI_COMPLETION_2026: NG/SE.PRM.CMPT.ZS=70.2 (2010); WB_WDI_INTERNET_2026: NG/IT.NET.USER.ZS=41.2 (2024); WB_WDI_ELECTRICITY_2026: NG/EG.ELC.ACCS.ZS=62.5 (2024); UNICEF_LP_OFFLINE: Hub/learner-device and physical-sync ('sneakernet') concepts; WMF_WIKI_STATS_20260901: Rows for named *.wikipedia sites; articles column; retrieved 2026-09-01; table license CC0-1.0; WMF_TERMS: Section 7: Licensing of Content","Ethnicity, variety, territory and script are incompatible denominators. ff.wikipedia is macrolanguage context, not Nigerian Fulfulde coverage.",,ATTACHED_TO_EXISTING_EDITION,false,389035033f5217dd21a8b0007e3a23871da05c33933f905cdf98d01980867f6b,edition-target:lang:fuv-Latn-NG,,,edition-target:lang:fuv-Latn-NG,edition-target:lang:fuv-Latn-NG
regional:AFRICA_EMPIRICAL_NEED_INPUTS:gpe-Latn-GH:059,AFRICA_EMPIRICAL_NEED_INPUTS,gpe-Latn-GH,edition-target:lang:gpe-Latn-GH,REGIONAL_EMPIRICAL_STRATUM,not_estimated_incompatible_sources,persons,,,,"No compatible exact-row person measure was verified; country, cluster, ethnicity, oral-language and script-literacy measures were not copied into this route.",,Ghana,Latin,GH_MOE_PLAN_2018;GH_STATS_CENSUS_2021;WB_WDI_COMPLETION_2026;WB_WDI_INTERNET_2026;WB_WDI_ELECTRICITY_2026;UNICEF_LP_OFFLINE,https://planipolis.iiep.unesco.org/sites/default/files/ressources/ghana-education-sector-medium-term-development-plan_2018-2021.pdf;https://census2020.statsghana.gov.gh/gssmain/fileUpload/reportthemesub/2021%20PHC%20General%20Report%20Vol%203D_Literacy%20and%20Education.pdf;https://data.worldbank.org/indicator/SE.PRM.CMPT.ZS;https://data.worldbank.org/indicator/IT.NET.USER.ZS;https://data.worldbank.org/indicator/EG.ELC.ACCS.ZS;https://www.unicef.org/learningpassport/offline-learning,GH_MOE_PLAN_2018: Basic-education actions: local-language pedagogy P1-P3; transition to English by P4; GH_STATS_CENSUS_2021: Language-of-literacy tables use English/Ghanaian-language categories; WB_WDI_COMPLETION_2026: GH/SE.PRM.CMPT.ZS=97.5 (2024); WB_WDI_INTERNET_2026: GH/IT.NET.USER.ZS=72.2 (2024); WB_WDI_ELECTRICITY_2026: GH/EG.ELC.ACCS.ZS=91.9 (2024); UNICEF_LP_OFFLINE: Hub/learner-device and physical-sync ('sneakernet') concepts,Census omission is not evidence of zero use. No population midpoint or transfer from other West African Pidgins is permitted.,,ATTACHED_TO_EXISTING_EDITION,false,c40d2c9296b2d2901545057f661ed742d62285f084c61b14c1fbd6a03e525462,edition-target:lang:gpe-Latn-GH,,,edition-target:lang:gpe-Latn-GH,edition-target:lang:gpe-Latn-GH
regional:AFRICA_EMPIRICAL_NEED_INPUTS:ha-Arab-NE-Ajami:013,AFRICA_EMPIRICAL_NEED_INPUTS,ha-Arab-NE-Ajami,,REGIONAL_EMPIRICAL_STRATUM,not_estimated_incompatible_sources,persons,,,,"No compatible exact-row person measure was verified; country, cluster, ethnicity, oral-language and script-literacy measures were not copied into this route.",,Niger,Arabic-derived Ajami,UNICODE_HAUSA_AJAMI_2018;NE_UNICEF_MLE_2022;NE_UIL_ABC_2024;WB_WDI_COMPLETION_2026;WB_WDI_INTERNET_2026;WB_WDI_ELECTRICITY_2026;UNICEF_LP_OFFLINE,https://www.unicode.org/L2/L2018/18094-arabic-hausa.pdf;https://www.unicef.org/wca/media/9196/file/Etude%20MLE%20-%20rapport%20complet.pdf;https://www.uil.unesco.org/fr/litbase/alphabetisation-de-base-par-cellulaire-abc-mobiles-4-literacy-niger;https://data.worldbank.org/indicator/SE.PRM.CMPT.ZS;https://data.worldbank.org/indicator/IT.NET.USER.ZS;https://data.worldbank.org/indicator/EG.ELC.ACCS.ZS;https://www.unicef.org/learningpassport/offline-learning,UNICODE_HAUSA_AJAMI_2018: Character inventory and usage evidence; NE_UNICEF_MLE_2022: Sociolinguistic context and section 2: French as principal medium; Hausa-French bilingual schooling since 1973-74; national-language legal framework; NE_UIL_ABC_2024: Implementation and language sections: local instruction in Hausa or Zarma; basic literacy and SMS/mobile practice; WB_WDI_COMPLETION_2026: NE/SE.PRM.CMPT.ZS=40.8 (2024); WB_WDI_INTERNET_2026: NE/IT.NET.USER.ZS=15.6 (2024); WB_WDI_ELECTRICITY_2026: NE/EG.ELC.ACCS.ZS=21.3 (2024); UNICEF_LP_OFFLINE: Hub/learner-device and physical-sync ('sneakernet') concepts,This row is intentionally blank on population. Technical encoding and Hausa-language programming cannot substitute for verified Ajami literacy or resource coverage.,,EVIDENCE_ONLY_CONTEXT,false,74839324ce18dabd61c2fb5368cdc580bd5750d5ded4e40e4499057cb4c4088c,,,,,
regional:AFRICA_EMPIRICAL_NEED_INPUTS:ha-Arab-NG-Ajami:011,AFRICA_EMPIRICAL_NEED_INPUTS,ha-Arab-NG-Ajami,,REGIONAL_EMPIRICAL_STRATUM,not_estimated_incompatible_sources,persons,,,,"No compatible exact-row person measure was verified; country, cluster, ethnicity, oral-language and script-literacy measures were not copied into this route.",,Nigeria,Arabic-derived Ajami,UNICODE_HAUSA_AJAMI_2018;NG_UNICEF_LIE;NG_UNICEF_FACTS_2023;NG_LEARNING_PASSPORT_2024;WB_WDI_COMPLETION_2026;WB_WDI_INTERNET_2026;WB_WDI_ELECTRICITY_2026;UNICEF_LP_OFFLINE,https://www.unicode.org/L2/L2018/18094-arabic-hausa.pdf;https://www.unicef.org/nigeria/media/7861/file/Language%20in%20Education%20Report.pdf;https://www.unicef.org/nigeria/media/9211/file/Nigeria%20Education%20Fact%20Sheets;https://www.unicef.org/nigeria/press-releases/nigeria-learning-passport-reaches-one-million-subscribers-milestone-educational;https://data.worldbank.org/indicator/SE.PRM.CMPT.ZS;https://data.worldbank.org/indicator/IT.NET.USER.ZS;https://data.worldbank.org/indicator/EG.ELC.ACCS.ZS;https://www.unicef.org/learningpassport/offline-learning,"UNICODE_HAUSA_AJAMI_2018: Character inventory and usage evidence; NG_UNICEF_LIE: p.45: immediate-environment language first three primary years, progressive English from year four; pp.45-48 implementation/materials discussion; NG_UNICEF_FACTS_2023: p.14 Figure 19: foundational reading by ethnicity; p.15 Figure 21: home/school-language grouping; NG_LEARNING_PASSPORT_2024: Features list: English, Hausa, Igbo, Yoruba; free, data-free, offline download; WB_WDI_COMPLETION_2026: NG/SE.PRM.CMPT.ZS=70.2 (2010); WB_WDI_INTERNET_2026: NG/IT.NET.USER.ZS=41.2 (2024); WB_WDI_ELECTRICITY_2026: NG/EG.ELC.ACCS.ZS=62.5 (2024); UNICEF_LP_OFFLINE: Hub/learner-device and physical-sync ('sneakernet') concepts","Unrankable by population, learning endpoint and open-resource inventory. Encoding support proves technical representability, not fonts, shaping, pedagogy, literacy or content supply.",,EVIDENCE_ONLY_CONTEXT,false,655988a57e40194b80730f3044d738acaccd1fca7a2a82973275805aa81367b4,,,,,
regional:AFRICA_EMPIRICAL_NEED_INPUTS:ha-Latn-NE:012,AFRICA_EMPIRICAL_NEED_INPUTS,ha-Latn-NE,edition-target:lang:ha-Latn-NE,REGIONAL_EMPIRICAL_STRATUM,not_estimated_incompatible_sources,persons,,,,"No compatible exact-row person measure was verified; country, cluster, ethnicity, oral-language and script-literacy measures were not copied into this route.",,Niger,Latin (Boko),UNESCO_AFRICAN_LANG_AI;NE_UNICEF_MLE_2022;NE_UIL_ABC_2024;WB_WDI_COMPLETION_2026;WB_WDI_INTERNET_2026;WB_WDI_ELECTRICITY_2026;UNICEF_LP_OFFLINE;WMF_WIKI_STATS_20260901;WMF_TERMS,https://www.unesco.org/en/articles/african-languages-blind-spot-ai;https://www.unicef.org/wca/media/9196/file/Etude%20MLE%20-%20rapport%20complet.pdf;https://www.uil.unesco.org/fr/litbase/alphabetisation-de-base-par-cellulaire-abc-mobiles-4-literacy-niger;https://data.worldbank.org/indicator/SE.PRM.CMPT.ZS;https://data.worldbank.org/indicator/IT.NET.USER.ZS;https://data.worldbank.org/indicator/EG.ELC.ACCS.ZS;https://www.unicef.org/learningpassport/offline-learning;https://commons.wikimedia.org/wiki/Data:Wikipedia_statistics/data.tab?action=raw;https://foundation.wikimedia.org/wiki/Policy:Terms_of_Use,UNESCO_AFRICAN_LANG_AI: Hausa example and Nigeria-wide cluster statement; NE_UNICEF_MLE_2022: Sociolinguistic context and section 2: French as principal medium; Hausa-French bilingual schooling since 1973-74; national-language legal framework; NE_UIL_ABC_2024: Implementation and language sections: local instruction in Hausa or Zarma; basic literacy and SMS/mobile practice; WB_WDI_COMPLETION_2026: NE/SE.PRM.CMPT.ZS=40.8 (2024); WB_WDI_INTERNET_2026: NE/IT.NET.USER.ZS=15.6 (2024); WB_WDI_ELECTRICITY_2026: NE/EG.ELC.ACCS.ZS=21.3 (2024); UNICEF_LP_OFFLINE: Hub/learner-device and physical-sync ('sneakernet') concepts; WMF_WIKI_STATS_20260901: Rows for named *.wikipedia sites; articles column; retrieved 2026-09-01; table license CC0-1.0; WMF_TERMS: Section 7: Licensing of Content,Hausa programme language is not a script denominator. Hausa Wikipedia is transnational and cannot be localized to Niger.,,ATTACHED_TO_EXISTING_EDITION,false,23b8afb5eb88c1f6e3f16884fb6a6c5e7907e96f0ac08ca4e9a1d29a8b03698e,edition-target:lang:ha-Latn-NE,,,edition-target:lang:ha-Latn-NE,edition-target:lang:ha-Latn-NE
regional:AFRICA_EMPIRICAL_NEED_INPUTS:ha-Latn-NG-Boko:010,AFRICA_EMPIRICAL_NEED_INPUTS,ha-Latn-NG-Boko,,REGIONAL_EMPIRICAL_STRATUM,not_estimated_incompatible_sources,persons,,,,"No compatible exact-row person measure was verified; country, cluster, ethnicity, oral-language and script-literacy measures were not copied into this route.",,Nigeria,Latin (Boko),UNESCO_AFRICAN_LANG_AI;NG_UNICEF_LIE;NG_UNICEF_FACTS_2023;NG_LEARNING_PASSPORT_2024;NG_NERDC_LDC;WB_WDI_COMPLETION_2026;WB_WDI_INTERNET_2026;WB_WDI_ELECTRICITY_2026;UNICEF_LP_OFFLINE;WMF_WIKI_STATS_20260901;WMF_TERMS,https://www.unesco.org/en/articles/african-languages-blind-spot-ai;https://www.unicef.org/nigeria/media/7861/file/Language%20in%20Education%20Report.pdf;https://www.unicef.org/nigeria/media/9211/file/Nigeria%20Education%20Fact%20Sheets;https://www.unicef.org/nigeria/press-releases/nigeria-learning-passport-reaches-one-million-subscribers-milestone-educational;https://www.nerdc.gov.ng/content_manager/ldc_achievements.html;https://data.worldbank.org/indicator/SE.PRM.CMPT.ZS;https://data.worldbank.org/indicator/IT.NET.USER.ZS;https://data.worldbank.org/indicator/EG.ELC.ACCS.ZS;https://www.unicef.org/learningpassport/offline-learning;https://commons.wikimedia.org/wiki/Data:Wikipedia_statistics/data.tab?action=raw;https://foundation.wikimedia.org/wiki/Policy:Terms_of_Use,"UNESCO_AFRICAN_LANG_AI: Hausa example and Nigeria-wide cluster statement; NG_UNICEF_LIE: p.45: immediate-environment language first three primary years, progressive English from year four; pp.45-48 implementation/materials discussion; NG_UNICEF_FACTS_2023: p.14 Figure 19: foundational reading by ethnicity; p.15 Figure 21: home/school-language grouping; NG_LEARNING_PASSPORT_2024: Features list: English, Hausa, Igbo, Yoruba; free, data-free, offline download; NG_NERDC_LDC: Curricula for Hausa, Igbo, Yoruba and Fulfulde; bilingual dictionaries; Pidgin translation example; WB_WDI_COMPLETION_2026: NG/SE.PRM.CMPT.ZS=70.2 (2010); WB_WDI_INTERNET_2026: NG/IT.NET.USER.ZS=41.2 (2024); WB_WDI_ELECTRICITY_2026: NG/EG.ELC.ACCS.ZS=62.5 (2024); UNICEF_LP_OFFLINE: Hub/learner-device and physical-sync ('sneakernet') concepts; WMF_WIKI_STATS_20260901: Rows for named *.wikipedia sites; articles column; retrieved 2026-09-01; table license CC0-1.0; WMF_TERMS: Section 7: Licensing of Content","No script-specific population. Ethnicity, home/school-language group and Boko literacy are incompatible constructs; Hausa Wikipedia is language-level and may not fully isolate territory or orthographic practice.",,EVIDENCE_ONLY_CONTEXT,false,4c4c8827ae0fd72a7857276679ae6f76accae71746a7865f10cb009a17f319f1,,,,,
regional:AFRICA_EMPIRICAL_NEED_INPUTS:ig-Latn-NG:021,AFRICA_EMPIRICAL_NEED_INPUTS,ig-Latn-NG,edition-target:lang:ig-Latn-NG,REGIONAL_EMPIRICAL_STRATUM,not_estimated_incompatible_sources,persons,,,,"No compatible exact-row person measure was verified; country, cluster, ethnicity, oral-language and script-literacy measures were not copied into this route.",,Nigeria,Latin with Igbo diacritics,NG_UNICEF_LIE;NG_UNICEF_FACTS_2023;NG_LEARNING_PASSPORT_2024;NG_NERDC_LDC;WB_WDI_COMPLETION_2026;WB_WDI_INTERNET_2026;WB_WDI_ELECTRICITY_2026;UNICEF_LP_OFFLINE;WMF_WIKI_STATS_20260901;WMF_TERMS,https://www.unicef.org/nigeria/media/7861/file/Language%20in%20Education%20Report.pdf;https://www.unicef.org/nigeria/media/9211/file/Nigeria%20Education%20Fact%20Sheets;https://www.unicef.org/nigeria/press-releases/nigeria-learning-passport-reaches-one-million-subscribers-milestone-educational;https://www.nerdc.gov.ng/content_manager/ldc_achievements.html;https://data.worldbank.org/indicator/SE.PRM.CMPT.ZS;https://data.worldbank.org/indicator/IT.NET.USER.ZS;https://data.worldbank.org/indicator/EG.ELC.ACCS.ZS;https://www.unicef.org/learningpassport/offline-learning;https://commons.wikimedia.org/wiki/Data:Wikipedia_statistics/data.tab?action=raw;https://foundation.wikimedia.org/wiki/Policy:Terms_of_Use,"NG_UNICEF_LIE: p.45: immediate-environment language first three primary years, progressive English from year four; pp.45-48 implementation/materials discussion; NG_UNICEF_FACTS_2023: p.14 Figure 19: foundational reading by ethnicity; p.15 Figure 21: home/school-language grouping; NG_LEARNING_PASSPORT_2024: Features list: English, Hausa, Igbo, Yoruba; free, data-free, offline download; NG_NERDC_LDC: Curricula for Hausa, Igbo, Yoruba and Fulfulde; bilingual dictionaries; Pidgin translation example; WB_WDI_COMPLETION_2026: NG/SE.PRM.CMPT.ZS=70.2 (2010); WB_WDI_INTERNET_2026: NG/IT.NET.USER.ZS=41.2 (2024); WB_WDI_ELECTRICITY_2026: NG/EG.ELC.ACCS.ZS=62.5 (2024); UNICEF_LP_OFFLINE: Hub/learner-device and physical-sync ('sneakernet') concepts; WMF_WIKI_STATS_20260901: Rows for named *.wikipedia sites; articles column; retrieved 2026-09-01; table license CC0-1.0; WMF_TERMS: Section 7: Licensing of Content","Ethnicity, home/school language, literacy and orthographic competence are not interchangeable. No exact person value is assigned.",,ATTACHED_TO_EXISTING_EDITION,false,2339ec298b1c8cc9519cad0ad595e476f391cd72d0e928cfda621ec82f3f8777,edition-target:lang:ig-Latn-NG,,,edition-target:lang:ig-Latn-NG,edition-target:lang:ig-Latn-NG
regional:AFRICA_EMPIRICAL_NEED_INPUTS:kab-Latn-DZ:041,AFRICA_EMPIRICAL_NEED_INPUTS,kab-Latn-DZ,edition-target:lang:kab-Latn-DZ,REGIONAL_EMPIRICAL_STRATUM,not_estimated_incompatible_sources,persons,,,,"No compatible exact-row person measure was verified; country, cluster, ethnicity, oral-language and script-literacy measures were not copied into this route.",,Algeria,Latin,DZ_IICBA_TAMAZIGHT;UNICODE_TIFINAGH;WB_WDI_COMPLETION_2026;WB_WDI_INTERNET_2026;WB_WDI_ELECTRICITY_2026;UNICEF_LP_OFFLINE;WMF_WIKI_STATS_20260901;WMF_TERMS,https://www.iicba.unesco.org/en/algerias-tamazight-policy-and-challenge-home-language-instruction-africa;https://www.unicode.org/notes/tn59/tn59-1.html;https://data.worldbank.org/indicator/SE.PRM.CMPT.ZS;https://data.worldbank.org/indicator/IT.NET.USER.ZS;https://data.worldbank.org/indicator/EG.ELC.ACCS.ZS;https://www.unicef.org/learningpassport/offline-learning;https://commons.wikimedia.org/wiki/Data:Wikipedia_statistics/data.tab?action=raw;https://foundation.wikimedia.org/wiki/Policy:Terms_of_Use,"DZ_IICBA_TAMAZIGHT: Daily Algerian Arabic; French in higher education/employment; English expanding; no unified Tamazight teacher guide/progression; UNICODE_TIFINAGH: IRCAM subset, modern Tuareg letters and language-specific glyph variants; WB_WDI_COMPLETION_2026: DZ/SE.PRM.CMPT.ZS=98.2 (2025); WB_WDI_INTERNET_2026: DZ/IT.NET.USER.ZS=77.4 (2024); WB_WDI_ELECTRICITY_2026: DZ/EG.ELC.ACCS.ZS=100 (2024); UNICEF_LP_OFFLINE: Hub/learner-device and physical-sync ('sneakernet') concepts; WMF_WIKI_STATS_20260901: Rows for named *.wikipedia sites; articles column; retrieved 2026-09-01; table license CC0-1.0; WMF_TERMS: Section 7: Licensing of Content","No exact population denominator. kab.wikipedia is a cross-territory general-reference proxy, not Algeria curriculum supply. Latin and Tifinagh resources are not interchangeable.",,ATTACHED_TO_EXISTING_EDITION,false,356545e86eb522b59b8704eb87b18cfd0f6a78f0b7d14b220e6183d3099513ad,edition-target:lang:kab-Latn-DZ,,,edition-target:lang:kab-Latn-DZ,edition-target:lang:kab-Latn-DZ
regional:AFRICA_EMPIRICAL_NEED_INPUTS:kri-Latn-SL:060,AFRICA_EMPIRICAL_NEED_INPUTS,kri-Latn-SL,edition-target:lang:kri-Latn-SL,REGIONAL_EMPIRICAL_STRATUM,not_estimated_incompatible_sources,persons,,,,"No compatible exact-row person measure was verified; country, cluster, ethnicity, oral-language and script-literacy measures were not copied into this route.",,Sierra Leone,Latin,SL_STATS_CENSUS_2015;SL_MBSSE_ACT_2023;SL_LASS_2021;WB_WDI_COMPLETION_2026;WB_WDI_INTERNET_2026;WB_WDI_ELECTRICITY_2026;UNICEF_LP_OFFLINE,https://www.statistics.sl/images/StatisticsSL/Documents/Census/2015/2015_census_national_analytical_report.pdf;https://mbsse.gov.sl/wp-content/uploads/2023/06/Basic-and-Senior-Secondary-Education-Act-2023-.pdf;https://mbsse.gov.sl/wp-content/uploads/2022/04/LASS-Study_BN1_Pupil-Learning_WEB_2.pdf;https://data.worldbank.org/indicator/SE.PRM.CMPT.ZS;https://data.worldbank.org/indicator/IT.NET.USER.ZS;https://data.worldbank.org/indicator/EG.ELC.ACCS.ZS;https://www.unicef.org/learningpassport/offline-learning,"SL_STATS_CENSUS_2015: Population 7,092,113; language narrative identifies Mende, Temne, then Krio; SL_MBSSE_ACT_2023: Section 84: English instruction; local/community language allowed ages 3-8; SL_LASS_2021: p.6 Figure 6: English/Krio versus other home-language learning; 54% English/Krio, footnote only 2% English; WB_WDI_COMPLETION_2026: SL/SE.PRM.CMPT.ZS=99.2 (2024); WB_WDI_INTERNET_2026: SL/IT.NET.USER.ZS=25.1 (2024); WB_WDI_ELECTRICITY_2026: SL/EG.ELC.ACCS.ZS=39.2 (2024); UNICEF_LP_OFFLINE: Hub/learner-device and physical-sync ('sneakernet') concepts","Census narrative, combined pupil group and territorial population have incompatible universes. Nigerian Pidgin resources are not transferred to Krio.",,ATTACHED_TO_EXISTING_EDITION,false,fead8afb17e978caa21fa67c6819fa6708ba9038406c04121a18a77e3d04da7c,edition-target:lang:kri-Latn-SL,,,edition-target:lang:kri-Latn-SL,edition-target:lang:kri-Latn-SL
regional:AFRICA_EMPIRICAL_NEED_INPUTS:lir-Latn-LR:061,AFRICA_EMPIRICAL_NEED_INPUTS,lir-Latn-LR,,REGIONAL_EMPIRICAL_STRATUM,not_estimated_incompatible_sources,persons,,,,"No compatible exact-row person measure was verified; country, cluster, ethnicity, oral-language and script-literacy measures were not copied into this route.",,Liberia,Latin,LR_LISGIS_CENSUS_2022;LR_MOE_ESP;WB_WDI_COMPLETION_2026;WB_WDI_INTERNET_2026;WB_WDI_ELECTRICITY_2026;UNICEF_LP_OFFLINE,https://www.lisgis.gov.lr/document/LiberiaCensus2022Report.pdf;https://moe.gov.lr/;https://data.worldbank.org/indicator/SE.PRM.CMPT.ZS;https://data.worldbank.org/indicator/IT.NET.USER.ZS;https://data.worldbank.org/indicator/EG.ELC.ACCS.ZS;https://www.unicef.org/learningpassport/offline-learning,"LR_LISGIS_CENSUS_2022: Executive summary: population 5,250,187; literacy 59.9% in a simple language; LR_MOE_ESP: Education Sector Plan link and national curriculum portal; WB_WDI_COMPLETION_2026: LR/SE.PRM.CMPT.ZS=57.8 (2022); WB_WDI_INTERNET_2026: LR/IT.NET.USER.ZS=32.2 (2024); WB_WDI_ELECTRICITY_2026: LR/EG.ELC.ACCS.ZS=34.9 (2024); UNICEF_LP_OFFLINE: Hub/learner-device and physical-sync ('sneakernet') concepts","Territorial population, generic literacy and neighboring Pidgin/Krio evidence are incompatible. This route remains explicitly unrankable on direct population and supply.",,EVIDENCE_ONLY_CONTEXT,false,4f5c3e8d2bcbbe5db0a80c42f4cd34b6c599ddc2ba312f898400063f165ad37c,,,,,
regional:AFRICA_EMPIRICAL_NEED_INPUTS:ln-Latn-CD:033,AFRICA_EMPIRICAL_NEED_INPUTS,ln-Latn-CD,,REGIONAL_EMPIRICAL_STRATUM,not_estimated_incompatible_sources,persons,,,,"No compatible exact-row person measure was verified; country, cluster, ethnicity, oral-language and script-literacy measures were not copied into this route.",,Democratic Republic of the Congo,Latin,DRC_UIL_LITERACY;WB_WDI_COMPLETION_2026;WB_WDI_INTERNET_2026;WB_WDI_ELECTRICITY_2026;UNICEF_LP_OFFLINE;WMF_WIKI_STATS_20260901;WMF_TERMS,https://www.uil.unesco.org/en/litbase/congo-literacy-project-democratic-republic-congo;https://data.worldbank.org/indicator/SE.PRM.CMPT.ZS;https://data.worldbank.org/indicator/IT.NET.USER.ZS;https://data.worldbank.org/indicator/EG.ELC.ACCS.ZS;https://www.unicef.org/learningpassport/offline-learning;https://commons.wikimedia.org/wiki/Data:Wikipedia_statistics/data.tab?action=raw;https://foundation.wikimedia.org/wiki/Policy:Terms_of_Use,DRC_UIL_LITERACY: Language context and national-language implementation sections; WB_WDI_COMPLETION_2026: CD/SE.PRM.CMPT.ZS=75.7 (2023); WB_WDI_INTERNET_2026: CD/IT.NET.USER.ZS=19.7 (2024); WB_WDI_ELECTRICITY_2026: CD/EG.ELC.ACCS.ZS=22.5 (2024); UNICEF_LP_OFFLINE: Hub/learner-device and physical-sync ('sneakernet') concepts; WMF_WIKI_STATS_20260901: Rows for named *.wikipedia sites; articles column; retrieved 2026-09-01; table license CC0-1.0; WMF_TERMS: Section 7: Licensing of Content,No population denominator. ln.wikipedia is a cross-territory general-reference edition and not a DRC school-resource inventory.,,EVIDENCE_ONLY_CONTEXT,false,773996f73fd9e257158272ca275b5de4245d6f1243146f9954c3a1628873ac16,,,,,
regional:AFRICA_EMPIRICAL_NEED_INPUTS:ln-Latn-CG:034,AFRICA_EMPIRICAL_NEED_INPUTS,ln-Latn-CG,edition-target:lang:ln-Latn-CG,REGIONAL_EMPIRICAL_STRATUM,not_estimated_incompatible_sources,persons,,,,"No compatible exact-row person measure was verified; country, cluster, ethnicity, oral-language and script-literacy measures were not copied into this route.",,Republic of the Congo,Latin,WB_WDI_COMPLETION_2026;WB_WDI_INTERNET_2026;WB_WDI_ELECTRICITY_2026;UNICEF_LP_OFFLINE;WMF_WIKI_STATS_20260901;WMF_TERMS,https://data.worldbank.org/indicator/SE.PRM.CMPT.ZS;https://data.worldbank.org/indicator/IT.NET.USER.ZS;https://data.worldbank.org/indicator/EG.ELC.ACCS.ZS;https://www.unicef.org/learningpassport/offline-learning;https://commons.wikimedia.org/wiki/Data:Wikipedia_statistics/data.tab?action=raw;https://foundation.wikimedia.org/wiki/Policy:Terms_of_Use,WB_WDI_COMPLETION_2026: CG/SE.PRM.CMPT.ZS=71.1 (2023); WB_WDI_INTERNET_2026: CG/IT.NET.USER.ZS=47.3 (2024); WB_WDI_ELECTRICITY_2026: CG/EG.ELC.ACCS.ZS=53 (2024); UNICEF_LP_OFFLINE: Hub/learner-device and physical-sync ('sneakernet') concepts; WMF_WIKI_STATS_20260901: Rows for named *.wikipedia sites; articles column; retrieved 2026-09-01; table license CC0-1.0; WMF_TERMS: Section 7: Licensing of Content,"The row is explicitly unrankable on population, stage exposure, learning and supply. ln.wikipedia remains language-edition context only.",,ATTACHED_TO_EXISTING_EDITION,false,03c1d3e8d5de96f2bf1cb8ffe4659a090b12e9736d05bcf4d0ad1c9a121bec56,edition-target:lang:ln-Latn-CG,,,edition-target:lang:ln-Latn-CG,edition-target:lang:ln-Latn-CG
regional:AFRICA_EMPIRICAL_NEED_INPUTS:mey-Arab-MR:056,AFRICA_EMPIRICAL_NEED_INPUTS,mey-Arab-MR,edition-target:lang:mey-Arab-MR,REGIONAL_EMPIRICAL_STRATUM,not_estimated_incompatible_sources,persons,,,,"No compatible exact-row person measure was verified; country, cluster, ethnicity, oral-language and script-literacy measures were not copied into this route.",,Mauritania,Arabic script; home variety,WB_ARABIC_2021;WB_WDI_COMPLETION_2026;WB_WDI_INTERNET_2026;WB_WDI_ELECTRICITY_2026;UNICEF_LP_OFFLINE,https://www.worldbank.org/en/region/mena/publication/advancing-arabic-language-teaching-and-learning-path-to-reducing-learning-poverty-in-the-middle-east-and-north-africa;https://data.worldbank.org/indicator/SE.PRM.CMPT.ZS;https://data.worldbank.org/indicator/IT.NET.USER.ZS;https://data.worldbank.org/indicator/EG.ELC.ACCS.ZS;https://www.unicef.org/learningpassport/offline-learning,WB_ARABIC_2021: Diglossia and formal-Arabic/home-variety discontinuity sections; WB_WDI_COMPLETION_2026: MR/SE.PRM.CMPT.ZS=73.4 (2020); WB_WDI_INTERNET_2026: MR/IT.NET.USER.ZS=45.8 (2024); WB_WDI_ELECTRICITY_2026: MR/EG.ELC.ACCS.ZS=52.2 (2024); UNICEF_LP_OFFLINE: Hub/learner-device and physical-sync ('sneakernet') concepts,"No population transfer from Morocco, no general-Arabic substitution and no regional effect estimate. The row remains unrankable on direct outcomes and supply.",,ATTACHED_TO_EXISTING_EDITION,false,19618d3e91b1fbb794a812a3b4071f9b8b930c0870b150c975af84d7bb64893e,edition-target:lang:mey-Arab-MR,,,edition-target:lang:mey-Arab-MR,edition-target:lang:mey-Arab-MR
regional:AFRICA_EMPIRICAL_NEED_INPUTS:mey-oral-MA-Hassaniya:055,AFRICA_EMPIRICAL_NEED_INPUTS,mey-oral-MA-Hassaniya,,REGIONAL_EMPIRICAL_STRATUM,census_local_language_use_count,persons,,273769,,Persons reporting Hassaniya among locally used languages in RGPH 2014 Table E18; multiple responses permitted.,2014,Morocco,Oral/local-use construct; script delivery unresolved,MA_HCP_RGPH2014;WB_ARABIC_2021;WB_WDI_COMPLETION_2026;WB_WDI_INTERNET_2026;WB_WDI_ELECTRICITY_2026;UNICEF_LP_OFFLINE,https://www.hcp.ma/file/230026/;https://www.worldbank.org/en/region/mena/publication/advancing-arabic-language-teaching-and-learning-path-to-reducing-learning-poverty-in-the-middle-east-and-north-africa;https://data.worldbank.org/indicator/SE.PRM.CMPT.ZS;https://data.worldbank.org/indicator/IT.NET.USER.ZS;https://data.worldbank.org/indicator/EG.ELC.ACCS.ZS;https://www.unicef.org/learningpassport/offline-learning,"MA_HCP_RGPH2014: Table E17 p.81: age 10+ written-language literacy including Amazigh 542,781; Table E18 p.81: local-language use counts; WB_ARABIC_2021: Diglossia and formal-Arabic/home-variety discontinuity sections; WB_WDI_COMPLETION_2026: MA/SE.PRM.CMPT.ZS=106.4 (2024); WB_WDI_INTERNET_2026: MA/IT.NET.USER.ZS=91.2 (2024); WB_WDI_ELECTRICITY_2026: MA/EG.ELC.ACCS.ZS=100 (2024); UNICEF_LP_OFFLINE: Hub/learner-device and physical-sync ('sneakernet') concepts",Multiple-response local use cannot be treated as script literacy or transferred to Mauritania. Regional Arabic evidence supplies no row estimate.,,EVIDENCE_ONLY_CONTEXT,false,147ed53ff702719d21b41a4f6161f861accae99c40bff6c2b45a47e66162debb,,,,,
regional:AFRICA_EMPIRICAL_NEED_INPUTS:mg-Latn-MG:032,AFRICA_EMPIRICAL_NEED_INPUTS,mg-Latn-MG,edition-target:lang:mg-Latn-MG,REGIONAL_EMPIRICAL_STRATUM,census_rounded_language_ability_interval,persons,23472708,23484462,23496217,"Persons age 3+ able to speak Malagasy, derived from 23,507,970 and the published 99.9%; conservative interval reflects one-decimal percentage rounding.",2018,Madagascar,Latin,MG_INSTAT_CENSUS_2018;UNICEF_LANGUAGE_LEARNING_2016;MG_UNICEF_LUL;MG_MOE_PROGRAMS;WB_WDI_COMPLETION_2026;WB_WDI_INTERNET_2026;WB_WDI_ELECTRICITY_2026;UNICEF_LP_OFFLINE;WMF_WIKI_STATS_20260901;WMF_TERMS,https://instat.mg/documents/upload/main/INSTAT_RGPH3-Definitif-ResultatsGlogaux-Tome1_17-2021.pdf;https://www.unicef.org/esa/sites/unicef.org.esa/files/2018-09/UNICEF-2016-Language-and-Learning-FullReport.pdf;https://www.unicef.org/madagascar/en/documents/learning-learning-madagascar-experience-improve-access-secondary-education-vulnerable;https://www.education.gov.mg/systeme-educatif/lycee/;https://data.worldbank.org/indicator/SE.PRM.CMPT.ZS;https://data.worldbank.org/indicator/IT.NET.USER.ZS;https://data.worldbank.org/indicator/EG.ELC.ACCS.ZS;https://www.unicef.org/learningpassport/offline-learning;https://commons.wikimedia.org/wiki/Data:Wikipedia_statistics/data.tab?action=raw;https://foundation.wikimedia.org/wiki/Policy:Terms_of_Use,"MG_INSTAT_CENSUS_2018: Table 31 p.47: age 3+ language ability; Table 33 p.49: age 11+ literacy by language; UNICEF_LANGUAGE_LEARNING_2016: Country reviews: Burundi pp.34-37; Eritrea pp.40-43; Ethiopia pp.44-47; Kenya pp.48-49; Madagascar pp.54-55; Rwanda pp.66-69; Somalia pp.71-73; South Africa pp.76-80; South Sudan pp.81-85; Tanzania pp.87-90; Uganda pp.91-94; MG_UNICEF_LUL: Malagasy lower-secondary materials, bilingual dictionaries and 35,000 self-learning textbook recipients; MG_MOE_PROGRAMS: Downloadable subject programmes, including Malagasy and French; WB_WDI_COMPLETION_2026: MG/SE.PRM.CMPT.ZS=60.7 (2024); WB_WDI_INTERNET_2026: MG/IT.NET.USER.ZS=18.7 (2024); WB_WDI_ELECTRICITY_2026: MG/EG.ELC.ACCS.ZS=42.5 (2024); UNICEF_LP_OFFLINE: Hub/learner-device and physical-sync ('sneakernet') concepts; WMF_WIKI_STATS_20260901: Rows for named *.wikipedia sites; articles column; retrieved 2026-09-01; table license CC0-1.0; WMF_TERMS: Section 7: Licensing of Content",Population interval is compatible with spoken ability only. Literacy rates are separate overlapping constructs and cannot replace or subdivide it.,,ATTACHED_TO_EXISTING_EDITION,false,4494f3b6c5d578920662a200541b9474b3b0c21a5389cfe565544715f5c812b0,edition-target:lang:mg-Latn-MG,,,edition-target:lang:mg-Latn-MG,edition-target:lang:mg-Latn-MG
regional:AFRICA_EMPIRICAL_NEED_INPUTS:mzb-Latn-DZ:043,AFRICA_EMPIRICAL_NEED_INPUTS,mzb-Latn-DZ,edition-target:lang:mzb-Latn-DZ,REGIONAL_EMPIRICAL_STRATUM,not_estimated_incompatible_sources,persons,,,,"No compatible exact-row person measure was verified; country, cluster, ethnicity, oral-language and script-literacy measures were not copied into this route.",,Algeria,Latin,DZ_IICBA_TAMAZIGHT;UNICODE_TIFINAGH;WB_WDI_COMPLETION_2026;WB_WDI_INTERNET_2026;WB_WDI_ELECTRICITY_2026;UNICEF_LP_OFFLINE,https://www.iicba.unesco.org/en/algerias-tamazight-policy-and-challenge-home-language-instruction-africa;https://www.unicode.org/notes/tn59/tn59-1.html;https://data.worldbank.org/indicator/SE.PRM.CMPT.ZS;https://data.worldbank.org/indicator/IT.NET.USER.ZS;https://data.worldbank.org/indicator/EG.ELC.ACCS.ZS;https://www.unicef.org/learningpassport/offline-learning,"DZ_IICBA_TAMAZIGHT: Daily Algerian Arabic; French in higher education/employment; English expanding; no unified Tamazight teacher guide/progression; UNICODE_TIFINAGH: IRCAM subset, modern Tuareg letters and language-specific glyph variants; WB_WDI_COMPLETION_2026: DZ/SE.PRM.CMPT.ZS=98.2 (2025); WB_WDI_INTERNET_2026: DZ/IT.NET.USER.ZS=77.4 (2024); WB_WDI_ELECTRICITY_2026: DZ/EG.ELC.ACCS.ZS=100 (2024); UNICEF_LP_OFFLINE: Hub/learner-device and physical-sync ('sneakernet') concepts",No exact population denominator. No compatible open general-reference edition inventory was verified. Latin and Tifinagh resources are not interchangeable.,,ATTACHED_TO_EXISTING_EDITION,false,9bd2443326f161e0b7722c535a743060b297a37f99d2006760152fcba2298490,edition-target:lang:mzb-Latn-DZ,,,edition-target:lang:mzb-Latn-DZ,edition-target:lang:mzb-Latn-DZ
regional:AFRICA_EMPIRICAL_NEED_INPUTS:om-Latn-ET-Qubee:015,AFRICA_EMPIRICAL_NEED_INPUTS,om-Latn-ET-Qubee,edition-target:regional:om-Latn-ET-Qubee,REGIONAL_EMPIRICAL_STRATUM,census_mother_tongue_count,persons,,24930424,,"Persons reporting Oromo as mother tongue in the 2007 national census, Table 3.2; the census construct does not explicitly enumerate Qubee literacy.",2007,Ethiopia,Latin (Qubee),ET_ESS_CENSUS_2007;ET_MOE_POLICY;ET_MOE_ESAA_2022;ET_WB_LP_2024;WB_WDI_COMPLETION_2026;WB_WDI_INTERNET_2026;WB_WDI_ELECTRICITY_2026;UNICEF_LP_OFFLINE;WMF_WIKI_STATS_20260901;WMF_TERMS,https://drs.ess.gov.et/bitstreams/61d74990-69a7-4f11-8e91-9234ca31d94f/download;https://www.moe.gov.et/storage/Books/Ethiopia%20Education%20and%20Training%20Policy.pdf;https://moe.gov.et/storage/Books/ESAA%202014%20EC%20%282021-22%20G.C%29%20Final.pdf;https://documents1.worldbank.org/curated/en/099062624135522075/pdf/P1792091d3bd9308519cdf1354887c45a1d.pdf;https://data.worldbank.org/indicator/SE.PRM.CMPT.ZS;https://data.worldbank.org/indicator/IT.NET.USER.ZS;https://data.worldbank.org/indicator/EG.ELC.ACCS.ZS;https://www.unicef.org/learningpassport/offline-learning;https://commons.wikimedia.org/wiki/Data:Wikipedia_statistics/data.tab?action=raw;https://foundation.wikimedia.org/wiki/Policy:Terms_of_Use,"ET_ESS_CENSUS_2007: Table 3.2: population by mother tongue; ET_MOE_POLICY: Sections 3.5.1-3.5.7; ET_MOE_ESAA_2022: Textbook section and regional/language-related pupil-textbook ratios; ET_WB_LP_2024: p.1: learning poverty 90%, learning deprivation 89%, schooling deprivation 14.8%; WB_WDI_COMPLETION_2026: ET/SE.PRM.CMPT.ZS=54.4 (2024); WB_WDI_INTERNET_2026: ET/IT.NET.USER.ZS=21.9 (2024); WB_WDI_ELECTRICITY_2026: ET/EG.ELC.ACCS.ZS=56.6 (2024); UNICEF_LP_OFFLINE: Hub/learner-device and physical-sync ('sneakernet') concepts; WMF_WIKI_STATS_20260901: Rows for named *.wikipedia sites; articles column; retrieved 2026-09-01; table license CC0-1.0; WMF_TERMS: Section 7: Licensing of Content","Mother tongue is compatible with the language route but not a script-literacy denominator. Qubee literacy, second-language use and current population are unmeasured.",,NEW_EDITION_EVIDENCE,false,8a1bfa875f48a6ae0f9293c55549a0b0ea56567bf1d36d6c934890583a33a34a,edition-target:regional:om-Latn-ET-Qubee,,om-Latn-ET-Qubee,edition-target:regional:om-Latn-ET-Qubee,edition-target:regional:om-Latn-ET-Qubee
regional:AFRICA_EMPIRICAL_NEED_INPUTS:pcm-Latn-NG:057,AFRICA_EMPIRICAL_NEED_INPUTS,pcm-Latn-NG,edition-target:lang:pcm-Latn-NG,REGIONAL_EMPIRICAL_STRATUM,not_estimated_incompatible_sources,persons,,,,"No compatible exact-row person measure was verified; country, cluster, ethnicity, oral-language and script-literacy measures were not copied into this route.",,Nigeria,Latin; harmonized Naijá route,NG_UNICEF_LIE;NG_NERDC_LDC;UNESCO_NG_LANGUAGE_REVIEW;IFRA_NAIJA_ORTHO;WB_WDI_COMPLETION_2026;WB_WDI_INTERNET_2026;WB_WDI_ELECTRICITY_2026;UNICEF_LP_OFFLINE;WMF_WIKI_STATS_20260901;WMF_TERMS,https://www.unicef.org/nigeria/media/7861/file/Language%20in%20Education%20Report.pdf;https://www.nerdc.gov.ng/content_manager/ldc_achievements.html;https://unesdoc.unesco.org/in/rest/annotationSVC/DownloadWatermarkedAttachment/attach_import_fb201c1b-b6b1-47c1-90d7-6ee59e15df9d?_=149503engo.pdf;https://ifra-nigeria.org/research/former-projects/89-guide-to-standard-naija-orthography-an-nla-harmonized-writing-system-for-common-naija-publications;https://data.worldbank.org/indicator/SE.PRM.CMPT.ZS;https://data.worldbank.org/indicator/IT.NET.USER.ZS;https://data.worldbank.org/indicator/EG.ELC.ACCS.ZS;https://www.unicef.org/learningpassport/offline-learning;https://commons.wikimedia.org/wiki/Data:Wikipedia_statistics/data.tab?action=raw;https://foundation.wikimedia.org/wiki/Policy:Terms_of_Use,"NG_UNICEF_LIE: p.45: immediate-environment language first three primary years, progressive English from year four; pp.45-48 implementation/materials discussion; NG_NERDC_LDC: Curricula for Hausa, Igbo, Yoruba and Fulfulde; bilingual dictionaries; Pidgin translation example; UNESCO_NG_LANGUAGE_REVIEW: Nigerian Pidgin section: formal written corpus/orthography constraints; IFRA_NAIJA_ORTHO: Introduction and 2009 conference outcomes; WB_WDI_COMPLETION_2026: NG/SE.PRM.CMPT.ZS=70.2 (2010); WB_WDI_INTERNET_2026: NG/IT.NET.USER.ZS=41.2 (2024); WB_WDI_ELECTRICITY_2026: NG/EG.ELC.ACCS.ZS=62.5 (2024); UNICEF_LP_OFFLINE: Hub/learner-device and physical-sync ('sneakernet') concepts; WMF_WIKI_STATS_20260901: Rows for named *.wikipedia sites; articles column; retrieved 2026-09-01; table license CC0-1.0; WMF_TERMS: Section 7: Licensing of Content","Historical orthography/corpus constraints and later harmonization coexist. No adoption, population or curriculum-completeness estimate is manufactured; Cameroon Pidgin, Ghanaian Pidgin, Krio and Liberian Kreyol are separate rows.",,ATTACHED_TO_EXISTING_EDITION,false,c0ac8f14b5fe2f8e2a31f07de3b149cc656e40292fc29a75ff1416d2364b3ab2,edition-target:lang:pcm-Latn-NG,,,edition-target:lang:pcm-Latn-NG,edition-target:lang:pcm-Latn-NG
regional:AFRICA_EMPIRICAL_NEED_INPUTS:pga-Latn-SS:054,AFRICA_EMPIRICAL_NEED_INPUTS,pga-Latn-SS,edition-target:lang:pga-Latn-SS,REGIONAL_EMPIRICAL_STRATUM,not_estimated_incompatible_sources,persons,,,,"No compatible exact-row person measure was verified; country, cluster, ethnicity, oral-language and script-literacy measures were not copied into this route.",,South Sudan,Latin route,WB_ARABIC_2021;WB_WDI_COMPLETION_2026;WB_WDI_INTERNET_2026;WB_WDI_ELECTRICITY_2026;UNICEF_LP_OFFLINE,https://www.worldbank.org/en/region/mena/publication/advancing-arabic-language-teaching-and-learning-path-to-reducing-learning-poverty-in-the-middle-east-and-north-africa;https://data.worldbank.org/indicator/SE.PRM.CMPT.ZS;https://data.worldbank.org/indicator/IT.NET.USER.ZS;https://data.worldbank.org/indicator/EG.ELC.ACCS.ZS;https://www.unicef.org/learningpassport/offline-learning,WB_ARABIC_2021: Diglossia and formal-Arabic/home-variety discontinuity sections; WB_WDI_COMPLETION_2026: SS/SE.PRM.CMPT.ZS=28.7 (2011); WB_WDI_INTERNET_2026: SS/IT.NET.USER.ZS=6.7 (2019); WB_WDI_ELECTRICITY_2026: SS/EG.ELC.ACCS.ZS=5.4 (2024); UNICEF_LP_OFFLINE: Hub/learner-device and physical-sync ('sneakernet') concepts,"Juba Arabic is not treated as interchangeable with Sudanese, Chadian or Modern Standard Arabic; no regional count or outcome is assigned.",,ATTACHED_TO_EXISTING_EDITION,false,6c4327dcad2dad626e1b043ce28bd3ffafa53b16e3f372862aad0243b72dc4a6,edition-target:lang:pga-Latn-SS,,,edition-target:lang:pga-Latn-SS,edition-target:lang:pga-Latn-SS
regional:AFRICA_EMPIRICAL_NEED_INPUTS:rif-oral-MA:040,AFRICA_EMPIRICAL_NEED_INPUTS,rif-oral-MA,,REGIONAL_EMPIRICAL_STRATUM,census_local_language_use_count,persons,,1339077,,Persons reporting Tarifit among locally used languages in RGPH 2014 Table E18; multiple responses permitted.,2014,Morocco,Oral/local-use construct; script delivery unresolved,MA_HCP_RGPH2014;MA_HCP_AMAZIGH_2024;MA_IRCAM_TIFAWIN;MA_IRCAM_MOOC;UNICODE_TIFINAGH;WB_WDI_COMPLETION_2026;WB_WDI_INTERNET_2026;WB_WDI_ELECTRICITY_2026;UNICEF_LP_OFFLINE,https://www.hcp.ma/file/230026/;https://www.hcp.ma/file/242745/;https://www.ircam.ma/fr/node/325;https://www.ircam.ma/fr/%C3%A9v%C3%A8nement/Coup_d%27envoi_officiel_des_cours_d%27enseignement_%C3%A0_distance_de_la_langue_amazighe_%3A_MOOC-IRCAM;https://www.unicode.org/notes/tn59/tn59-1.html;https://data.worldbank.org/indicator/SE.PRM.CMPT.ZS;https://data.worldbank.org/indicator/IT.NET.USER.ZS;https://data.worldbank.org/indicator/EG.ELC.ACCS.ZS;https://www.unicef.org/learningpassport/offline-learning,"MA_HCP_RGPH2014: Table E17 p.81: age 10+ written-language literacy including Amazigh 542,781; Table E18 p.81: local-language use counts; MA_HCP_AMAZIGH_2024: 2024 daily Amazigh use 24.8%; urban 19.9%; rural 33.3%; MA_IRCAM_TIFAWIN: Student manuals and teacher guides covering first five primary years; MA_IRCAM_MOOC: Free distance courses in northern, central and southern variants; UNICODE_TIFINAGH: IRCAM subset, modern Tuareg letters and language-specific glyph variants; WB_WDI_COMPLETION_2026: MA/SE.PRM.CMPT.ZS=106.4 (2024); WB_WDI_INTERNET_2026: MA/IT.NET.USER.ZS=91.2 (2024); WB_WDI_ELECTRICITY_2026: MA/EG.ELC.ACCS.ZS=100 (2024); UNICEF_LP_OFFLINE: Hub/learner-device and physical-sync ('sneakernet') concepts",Multiple-response oral/local use cannot be assigned to a script or treated as exclusive. Related standard resources do not prove equivalent comprehension.,,EVIDENCE_ONLY_CONTEXT,false,4ec6d8f5dc434d0949cf6c2969a1f3314bd83b860435093f1f7b608ee51abf52,,,,,
regional:AFRICA_EMPIRICAL_NEED_INPUTS:rn-Latn-BI:036,AFRICA_EMPIRICAL_NEED_INPUTS,rn-Latn-BI,edition-target:lang:rn-Latn-BI,REGIONAL_EMPIRICAL_STRATUM,territorial_exposure_ceiling,persons,,,12332788,"Preliminary 2024 census total for all Burundi residents; territorial upper exposure ceiling, not a Kirundi literacy count.",2024,Burundi,Latin,BI_IICBA_2026;BI_INSBU_CENSUS_2024;BI_UIL_LITERACY;WB_WDI_COMPLETION_2026;WB_WDI_INTERNET_2026;WB_WDI_ELECTRICITY_2026;UNICEF_LP_OFFLINE;WMF_WIKI_STATS_20260901;WMF_TERMS,https://www.iicba.unesco.org/en/burundi-language-and-insecurity-are-behind-low-and-declining-learning-outcomes;https://www.insbu.bi/resultatRGPHAE2024;https://www.uil.unesco.org/en/litbase/national-literacy-programme-burundi;https://data.worldbank.org/indicator/SE.PRM.CMPT.ZS;https://data.worldbank.org/indicator/IT.NET.USER.ZS;https://data.worldbank.org/indicator/EG.ELC.ACCS.ZS;https://www.unicef.org/learningpassport/offline-learning;https://commons.wikimedia.org/wiki/Data:Wikipedia_statistics/data.tab?action=raw;https://foundation.wikimedia.org/wiki/Policy:Terms_of_Use,"BI_IICBA_2026: Kirundi early grades; French shift grade 4 mathematics/grade 5 other subjects; Grade 6 global-threshold shares; BI_INSBU_CENSUS_2024: Population total: 12,332,788; BI_UIL_LITERACY: Implementation: instruction in mother tongue, notably Kirundi; WB_WDI_COMPLETION_2026: BI/SE.PRM.CMPT.ZS=47.6 (2020); WB_WDI_INTERNET_2026: BI/IT.NET.USER.ZS=8.6 (2024); WB_WDI_ELECTRICITY_2026: BI/EG.ELC.ACCS.ZS=20.1 (2024); UNICEF_LP_OFFLINE: Hub/learner-device and physical-sync ('sneakernet') concepts; WMF_WIKI_STATS_20260901: Rows for named *.wikipedia sites; articles column; retrieved 2026-09-01; table license CC0-1.0; WMF_TERMS: Section 7: Licensing of Content","Territorial ceiling only. Student spoken-language prevalence, adult literacy programming and Grade 6 outcomes have different universes and must not be multiplied together.",,ATTACHED_TO_EXISTING_EDITION,false,73e2453cafbb2be3d2305c4b2996f5639999378eade0b28ef0da4d9e6c945d13,edition-target:lang:rn-Latn-BI,,,edition-target:lang:rn-Latn-BI,edition-target:lang:rn-Latn-BI
regional:AFRICA_EMPIRICAL_NEED_INPUTS:rw-Latn-RW:035,AFRICA_EMPIRICAL_NEED_INPUTS,rw-Latn-RW,edition-target:lang:rw-Latn-RW,REGIONAL_EMPIRICAL_STRATUM,census_rounded_language_literacy_interval,persons,6486597,6490743,6494888,"Persons age 15+ able to read, write and understand Kinyarwanda, derived from denominator 8,289,582 and the published 78.3%; conservative one-decimal rounding interval.",2022,Rwanda,Latin,RW_EDUCATION_LAW_2021;RW_NISR_EDUCATION_2022;UNICEF_LANGUAGE_LEARNING_2016;WB_WDI_COMPLETION_2026;WB_WDI_INTERNET_2026;WB_WDI_ELECTRICITY_2026;UNICEF_LP_OFFLINE;WMF_WIKI_STATS_20260901;WMF_TERMS,https://rwandalii.org/akn/rw/act/law/2021/10/eng%402021-02-18;https://www.statistics.gov.rw/sites/default/files/documents/2025-02/Education.pdf;https://www.unicef.org/esa/sites/unicef.org.esa/files/2018-09/UNICEF-2016-Language-and-Learning-FullReport.pdf;https://data.worldbank.org/indicator/SE.PRM.CMPT.ZS;https://data.worldbank.org/indicator/IT.NET.USER.ZS;https://data.worldbank.org/indicator/EG.ELC.ACCS.ZS;https://www.unicef.org/learningpassport/offline-learning;https://commons.wikimedia.org/wiki/Data:Wikipedia_statistics/data.tab?action=raw;https://foundation.wikimedia.org/wiki/Policy:Terms_of_Use,"RW_EDUCATION_LAW_2021: Article 20; RW_NISR_EDUCATION_2022: Table 7.7: age 15+ language literacy; Kinyarwanda 78.3%, English 21.2%, French 8.2%, Swahili 4.0%; definition requires reading, writing and understanding; UNICEF_LANGUAGE_LEARNING_2016: Country reviews: Burundi pp.34-37; Eritrea pp.40-43; Ethiopia pp.44-47; Kenya pp.48-49; Madagascar pp.54-55; Rwanda pp.66-69; Somalia pp.71-73; South Africa pp.76-80; South Sudan pp.81-85; Tanzania pp.87-90; Uganda pp.91-94; WB_WDI_COMPLETION_2026: RW/SE.PRM.CMPT.ZS=66.8 (2024); WB_WDI_INTERNET_2026: RW/IT.NET.USER.ZS=31.7 (2024); WB_WDI_ELECTRICITY_2026: RW/EG.ELC.ACCS.ZS=72 (2024); UNICEF_LP_OFFLINE: Hub/learner-device and physical-sync ('sneakernet') concepts; WMF_WIKI_STATS_20260901: Rows for named *.wikipedia sites; articles column; retrieved 2026-09-01; table license CC0-1.0; WMF_TERMS: Section 7: Licensing of Content",Low/base/high arise only from published percentage rounding. Multilingual categories are non-additive and the measure does not establish current learner exposure.,,ATTACHED_TO_EXISTING_EDITION,false,70979bacfd1c4d5943157c77772be3cb650840e4d59a4c8588183844a264dcc4,edition-target:lang:rw-Latn-RW,,,edition-target:lang:rw-Latn-RW,edition-target:lang:rw-Latn-RW
regional:AFRICA_EMPIRICAL_NEED_INPUTS:shi-oral-MA:038,AFRICA_EMPIRICAL_NEED_INPUTS,shi-oral-MA,,REGIONAL_EMPIRICAL_STRATUM,census_local_language_use_count,persons,,4704398,,Persons reporting Tachelhit among locally used languages in RGPH 2014 Table E18; multiple responses permitted.,2014,Morocco,Oral/local-use construct; script delivery unresolved,MA_HCP_RGPH2014;MA_HCP_AMAZIGH_2024;MA_IRCAM_TIFAWIN;MA_IRCAM_MOOC;UNICODE_TIFINAGH;WB_WDI_COMPLETION_2026;WB_WDI_INTERNET_2026;WB_WDI_ELECTRICITY_2026;UNICEF_LP_OFFLINE;WMF_WIKI_STATS_20260901;WMF_TERMS,https://www.hcp.ma/file/230026/;https://www.hcp.ma/file/242745/;https://www.ircam.ma/fr/node/325;https://www.ircam.ma/fr/%C3%A9v%C3%A8nement/Coup_d%27envoi_officiel_des_cours_d%27enseignement_%C3%A0_distance_de_la_langue_amazighe_%3A_MOOC-IRCAM;https://www.unicode.org/notes/tn59/tn59-1.html;https://data.worldbank.org/indicator/SE.PRM.CMPT.ZS;https://data.worldbank.org/indicator/IT.NET.USER.ZS;https://data.worldbank.org/indicator/EG.ELC.ACCS.ZS;https://www.unicef.org/learningpassport/offline-learning;https://commons.wikimedia.org/wiki/Data:Wikipedia_statistics/data.tab?action=raw;https://foundation.wikimedia.org/wiki/Policy:Terms_of_Use,"MA_HCP_RGPH2014: Table E17 p.81: age 10+ written-language literacy including Amazigh 542,781; Table E18 p.81: local-language use counts; MA_HCP_AMAZIGH_2024: 2024 daily Amazigh use 24.8%; urban 19.9%; rural 33.3%; MA_IRCAM_TIFAWIN: Student manuals and teacher guides covering first five primary years; MA_IRCAM_MOOC: Free distance courses in northern, central and southern variants; UNICODE_TIFINAGH: IRCAM subset, modern Tuareg letters and language-specific glyph variants; WB_WDI_COMPLETION_2026: MA/SE.PRM.CMPT.ZS=106.4 (2024); WB_WDI_INTERNET_2026: MA/IT.NET.USER.ZS=91.2 (2024); WB_WDI_ELECTRICITY_2026: MA/EG.ELC.ACCS.ZS=100 (2024); UNICEF_LP_OFFLINE: Hub/learner-device and physical-sync ('sneakernet') concepts; WMF_WIKI_STATS_20260901: Rows for named *.wikipedia sites; articles column; retrieved 2026-09-01; table license CC0-1.0; WMF_TERMS: Section 7: Licensing of Content","Multiple-response oral/local use cannot be converted into a script population. shi.wikipedia is language-level reference context, not curriculum coverage.",,EVIDENCE_ONLY_CONTEXT,false,821d66e7249152d1be2e6f0473e59be82492d96407c8ae74a86687a6b375475f,,,,,
regional:AFRICA_EMPIRICAL_NEED_INPUTS:shu-Arab-TD:053,AFRICA_EMPIRICAL_NEED_INPUTS,shu-Arab-TD,edition-target:lang:shu-Arab-TD,REGIONAL_EMPIRICAL_STRATUM,not_estimated_incompatible_sources,persons,,,,"No compatible exact-row person measure was verified; country, cluster, ethnicity, oral-language and script-literacy measures were not copied into this route.",,Chad,Arabic script; home variety,WB_ARABIC_2021;WB_WDI_COMPLETION_2026;WB_WDI_INTERNET_2026;WB_WDI_ELECTRICITY_2026;UNICEF_LP_OFFLINE,https://www.worldbank.org/en/region/mena/publication/advancing-arabic-language-teaching-and-learning-path-to-reducing-learning-poverty-in-the-middle-east-and-north-africa;https://data.worldbank.org/indicator/SE.PRM.CMPT.ZS;https://data.worldbank.org/indicator/IT.NET.USER.ZS;https://data.worldbank.org/indicator/EG.ELC.ACCS.ZS;https://www.unicef.org/learningpassport/offline-learning,WB_ARABIC_2021: Diglossia and formal-Arabic/home-variety discontinuity sections; WB_WDI_COMPLETION_2026: TD/SE.PRM.CMPT.ZS=41.8 (2021); WB_WDI_INTERNET_2026: TD/IT.NET.USER.ZS=12.6 (2024); WB_WDI_ELECTRICITY_2026: TD/EG.ELC.ACCS.ZS=13.4 (2024); UNICEF_LP_OFFLINE: Hub/learner-device and physical-sync ('sneakernet') concepts,"This row is unrankable on population, stage exposure, learning and supply; regional evidence is context only.",,ATTACHED_TO_EXISTING_EDITION,false,586ec6f0cc24205673145a8313c29b51d6f228743865c6295ae9486e2e792aa0,edition-target:lang:shu-Arab-TD,,,edition-target:lang:shu-Arab-TD,edition-target:lang:shu-Arab-TD
regional:AFRICA_EMPIRICAL_NEED_INPUTS:shy-Latn-DZ:042,AFRICA_EMPIRICAL_NEED_INPUTS,shy-Latn-DZ,edition-target:lang:shy-Latn-DZ,REGIONAL_EMPIRICAL_STRATUM,not_estimated_incompatible_sources,persons,,,,"No compatible exact-row person measure was verified; country, cluster, ethnicity, oral-language and script-literacy measures were not copied into this route.",,Algeria,Latin,DZ_IICBA_TAMAZIGHT;UNICODE_TIFINAGH;WB_WDI_COMPLETION_2026;WB_WDI_INTERNET_2026;WB_WDI_ELECTRICITY_2026;UNICEF_LP_OFFLINE,https://www.iicba.unesco.org/en/algerias-tamazight-policy-and-challenge-home-language-instruction-africa;https://www.unicode.org/notes/tn59/tn59-1.html;https://data.worldbank.org/indicator/SE.PRM.CMPT.ZS;https://data.worldbank.org/indicator/IT.NET.USER.ZS;https://data.worldbank.org/indicator/EG.ELC.ACCS.ZS;https://www.unicef.org/learningpassport/offline-learning,"DZ_IICBA_TAMAZIGHT: Daily Algerian Arabic; French in higher education/employment; English expanding; no unified Tamazight teacher guide/progression; UNICODE_TIFINAGH: IRCAM subset, modern Tuareg letters and language-specific glyph variants; WB_WDI_COMPLETION_2026: DZ/SE.PRM.CMPT.ZS=98.2 (2025); WB_WDI_INTERNET_2026: DZ/IT.NET.USER.ZS=77.4 (2024); WB_WDI_ELECTRICITY_2026: DZ/EG.ELC.ACCS.ZS=100 (2024); UNICEF_LP_OFFLINE: Hub/learner-device and physical-sync ('sneakernet') concepts",No exact population denominator. No compatible open general-reference edition inventory was verified. Latin and Tifinagh resources are not interchangeable.,,ATTACHED_TO_EXISTING_EDITION,false,07093bc69d4fa7eb51b5445ec4996a56a08ff107eb6b40326ce4703ff9e82103,edition-target:lang:shy-Latn-DZ,,,edition-target:lang:shy-Latn-DZ,edition-target:lang:shy-Latn-DZ
regional:AFRICA_EMPIRICAL_NEED_INPUTS:so-Latn-ET:016,AFRICA_EMPIRICAL_NEED_INPUTS,so-Latn-ET,edition-target:lang:so-Latn-ET,REGIONAL_EMPIRICAL_STRATUM,census_mother_tongue_count,persons,,4609274,,"Persons reporting Somali as mother tongue in Ethiopia's 2007 national census, Table 3.2.",2007,Ethiopia,Latin; Ethiopian Somali route,ET_ESS_CENSUS_2007;ET_MOE_POLICY;ET_MOE_ESAA_2022;ET_WB_LP_2024;WB_WDI_COMPLETION_2026;WB_WDI_INTERNET_2026;WB_WDI_ELECTRICITY_2026;UNICEF_LP_OFFLINE;WMF_WIKI_STATS_20260901;WMF_TERMS,https://drs.ess.gov.et/bitstreams/61d74990-69a7-4f11-8e91-9234ca31d94f/download;https://www.moe.gov.et/storage/Books/Ethiopia%20Education%20and%20Training%20Policy.pdf;https://moe.gov.et/storage/Books/ESAA%202014%20EC%20%282021-22%20G.C%29%20Final.pdf;https://documents1.worldbank.org/curated/en/099062624135522075/pdf/P1792091d3bd9308519cdf1354887c45a1d.pdf;https://data.worldbank.org/indicator/SE.PRM.CMPT.ZS;https://data.worldbank.org/indicator/IT.NET.USER.ZS;https://data.worldbank.org/indicator/EG.ELC.ACCS.ZS;https://www.unicef.org/learningpassport/offline-learning;https://commons.wikimedia.org/wiki/Data:Wikipedia_statistics/data.tab?action=raw;https://foundation.wikimedia.org/wiki/Policy:Terms_of_Use,"ET_ESS_CENSUS_2007: Table 3.2: population by mother tongue; ET_MOE_POLICY: Sections 3.5.1-3.5.7; ET_MOE_ESAA_2022: Textbook section and regional/language-related pupil-textbook ratios; ET_WB_LP_2024: p.1: learning poverty 90%, learning deprivation 89%, schooling deprivation 14.8%; WB_WDI_COMPLETION_2026: ET/SE.PRM.CMPT.ZS=54.4 (2024); WB_WDI_INTERNET_2026: ET/IT.NET.USER.ZS=21.9 (2024); WB_WDI_ELECTRICITY_2026: ET/EG.ELC.ACCS.ZS=56.6 (2024); UNICEF_LP_OFFLINE: Hub/learner-device and physical-sync ('sneakernet') concepts; WMF_WIKI_STATS_20260901: Rows for named *.wikipedia sites; articles column; retrieved 2026-09-01; table license CC0-1.0; WMF_TERMS: Section 7: Licensing of Content","The 2007 count is exact for mother tongue but dated. It cannot be combined with Somalia's territorial estimate, and so.wikipedia is a cross-territory edition.",,ATTACHED_TO_EXISTING_EDITION,false,43229f2d694756c8ab902c50411ef6bef69e385fc9a38144205255cd59bae547,edition-target:lang:so-Latn-ET,,,edition-target:lang:so-Latn-ET,edition-target:lang:so-Latn-ET
regional:AFRICA_EMPIRICAL_NEED_INPUTS:so-Latn-SO:017,AFRICA_EMPIRICAL_NEED_INPUTS,so-Latn-SO,edition-target:regional:so-Latn-SO,REGIONAL_EMPIRICAL_STRATUM,territorial_exposure_ceiling,persons,,,12316895,"2014 Population Estimation Survey estimate for all Somalia residents; an upper exposure ceiling, not a Somali-language or literacy count.",2014,Somalia,Latin; Somalia national route,SO_UNFPA_PESS_2014;UNICEF_LANGUAGE_LEARNING_2016;SO_UNESCO_RADIO_2024;WB_WDI_COMPLETION_2026;WB_WDI_INTERNET_2026;WB_WDI_ELECTRICITY_2026;UNICEF_LP_OFFLINE;WMF_WIKI_STATS_20260901;WMF_TERMS,https://somalia.unfpa.org/sites/default/files/pub-pdf/Population-Estimation-Survey-of-Somalia-PESS-2013-2014.pdf;https://www.unicef.org/esa/sites/unicef.org.esa/files/2018-09/UNICEF-2016-Language-and-Learning-FullReport.pdf;https://www.unesco.org/en/articles/somalia-celebrates-world-radio-day-2024;https://data.worldbank.org/indicator/SE.PRM.CMPT.ZS;https://data.worldbank.org/indicator/IT.NET.USER.ZS;https://data.worldbank.org/indicator/EG.ELC.ACCS.ZS;https://www.unicef.org/learningpassport/offline-learning;https://commons.wikimedia.org/wiki/Data:Wikipedia_statistics/data.tab?action=raw;https://foundation.wikimedia.org/wiki/Policy:Terms_of_Use,"SO_UNFPA_PESS_2014: p.22: estimated population 12,316,895 and settlement categories; UNICEF_LANGUAGE_LEARNING_2016: Country reviews: Burundi pp.34-37; Eritrea pp.40-43; Ethiopia pp.44-47; Kenya pp.48-49; Madagascar pp.54-55; Rwanda pp.66-69; Somalia pp.71-73; South Africa pp.76-80; South Sudan pp.81-85; Tanzania pp.87-90; Uganda pp.91-94; SO_UNESCO_RADIO_2024: Radio reach and oral/low-print context; WB_WDI_COMPLETION_2026: SO/SE.PRM.CMPT.ZS, no non-null observation retrieved; WB_WDI_INTERNET_2026: SO/IT.NET.USER.ZS=27.9 (2024); WB_WDI_ELECTRICITY_2026: SO/EG.ELC.ACCS.ZS=54.4 (2024); UNICEF_LP_OFFLINE: Hub/learner-device and physical-sync ('sneakernet') concepts; WMF_WIKI_STATS_20260901: Rows for named *.wikipedia sites; articles column; retrieved 2026-09-01; table license CC0-1.0; WMF_TERMS: Section 7: Licensing of Content","Territorial ceiling only; federal-member-state and private-system routes are nonuniform. Somali Wikipedia is global language context, not Somalia-localized curriculum supply.",,NEW_EDITION_EVIDENCE,false,df6d48f17360af83f151a12a7037641dc04b5cc37a14eca9431aefbec14c9f41,edition-target:regional:so-Latn-SO,,so-Latn-SO,edition-target:regional:so-Latn-SO,edition-target:regional:so-Latn-SO
regional:AFRICA_EMPIRICAL_NEED_INPUTS:swc-Latn-CD-Ituri:009,AFRICA_EMPIRICAL_NEED_INPUTS,swc-Latn-CD-Ituri,,REGIONAL_EMPIRICAL_STRATUM,not_estimated_incompatible_sources,persons,,,,"No compatible exact-row person measure was verified; country, cluster, ethnicity, oral-language and script-literacy measures were not copied into this route.",,"Ituri-area education markets, Democratic Republic of the Congo",Latin; localized Congo Swahili route,UNESCO_KISWAHILI;DRC_UIL_LITERACY;WB_WDI_COMPLETION_2026;WB_WDI_INTERNET_2026;WB_WDI_ELECTRICITY_2026;UNICEF_LP_OFFLINE;WMF_WIKI_STATS_20260901;WMF_TERMS,https://www.unesco.org/en/days/kiswahili-language?hub=71635;https://www.uil.unesco.org/en/litbase/congo-literacy-project-democratic-republic-congo;https://data.worldbank.org/indicator/SE.PRM.CMPT.ZS;https://data.worldbank.org/indicator/IT.NET.USER.ZS;https://data.worldbank.org/indicator/EG.ELC.ACCS.ZS;https://www.unicef.org/learningpassport/offline-learning;https://commons.wikimedia.org/wiki/Data:Wikipedia_statistics/data.tab?action=raw;https://foundation.wikimedia.org/wiki/Policy:Terms_of_Use,UNESCO_KISWAHILI: Overview statement: more than 200 million users; DRC_UIL_LITERACY: Language context and national-language implementation sections; WB_WDI_COMPLETION_2026: CD/SE.PRM.CMPT.ZS=75.7 (2023); WB_WDI_INTERNET_2026: CD/IT.NET.USER.ZS=19.7 (2024); WB_WDI_ELECTRICITY_2026: CD/EG.ELC.ACCS.ZS=22.5 (2024); UNICEF_LP_OFFLINE: Hub/learner-device and physical-sync ('sneakernet') concepts; WMF_WIKI_STATS_20260901: Rows for named *.wikipedia sites; articles column; retrieved 2026-09-01; table license CC0-1.0; WMF_TERMS: Section 7: Licensing of Content,"Katanga, Kivu and Ituri routes are retained separately because vocabulary, orthography and delivery localization may differ. The sw.wikipedia count is only broad Kiswahili-edition context and is not a Congo Swahili inventory.",,EVIDENCE_ONLY_CONTEXT,false,fee02cc15b62b4133a594883f454a8db2170588fcc186b6344b43e5f4dfcd036,,,,,
regional:AFRICA_EMPIRICAL_NEED_INPUTS:swc-Latn-CD-Katanga:007,AFRICA_EMPIRICAL_NEED_INPUTS,swc-Latn-CD-Katanga,,REGIONAL_EMPIRICAL_STRATUM,not_estimated_incompatible_sources,persons,,,,"No compatible exact-row person measure was verified; country, cluster, ethnicity, oral-language and script-literacy measures were not copied into this route.",,"Katanga-area education markets, Democratic Republic of the Congo",Latin; localized Congo Swahili route,UNESCO_KISWAHILI;DRC_UIL_LITERACY;WB_WDI_COMPLETION_2026;WB_WDI_INTERNET_2026;WB_WDI_ELECTRICITY_2026;UNICEF_LP_OFFLINE;WMF_WIKI_STATS_20260901;WMF_TERMS,https://www.unesco.org/en/days/kiswahili-language?hub=71635;https://www.uil.unesco.org/en/litbase/congo-literacy-project-democratic-republic-congo;https://data.worldbank.org/indicator/SE.PRM.CMPT.ZS;https://data.worldbank.org/indicator/IT.NET.USER.ZS;https://data.worldbank.org/indicator/EG.ELC.ACCS.ZS;https://www.unicef.org/learningpassport/offline-learning;https://commons.wikimedia.org/wiki/Data:Wikipedia_statistics/data.tab?action=raw;https://foundation.wikimedia.org/wiki/Policy:Terms_of_Use,UNESCO_KISWAHILI: Overview statement: more than 200 million users; DRC_UIL_LITERACY: Language context and national-language implementation sections; WB_WDI_COMPLETION_2026: CD/SE.PRM.CMPT.ZS=75.7 (2023); WB_WDI_INTERNET_2026: CD/IT.NET.USER.ZS=19.7 (2024); WB_WDI_ELECTRICITY_2026: CD/EG.ELC.ACCS.ZS=22.5 (2024); UNICEF_LP_OFFLINE: Hub/learner-device and physical-sync ('sneakernet') concepts; WMF_WIKI_STATS_20260901: Rows for named *.wikipedia sites; articles column; retrieved 2026-09-01; table license CC0-1.0; WMF_TERMS: Section 7: Licensing of Content,"Katanga, Kivu and Ituri routes are retained separately because vocabulary, orthography and delivery localization may differ. The sw.wikipedia count is only broad Kiswahili-edition context and is not a Congo Swahili inventory.",,EVIDENCE_ONLY_CONTEXT,false,b0917425dad150192555b0cc2e9a83d38558287e65ce6a7daf39b798ac57d19b,,,,,
regional:AFRICA_EMPIRICAL_NEED_INPUTS:swc-Latn-CD-Kivu:008,AFRICA_EMPIRICAL_NEED_INPUTS,swc-Latn-CD-Kivu,,REGIONAL_EMPIRICAL_STRATUM,not_estimated_incompatible_sources,persons,,,,"No compatible exact-row person measure was verified; country, cluster, ethnicity, oral-language and script-literacy measures were not copied into this route.",,"Kivu-area education markets, Democratic Republic of the Congo",Latin; localized Congo Swahili route,UNESCO_KISWAHILI;DRC_UIL_LITERACY;WB_WDI_COMPLETION_2026;WB_WDI_INTERNET_2026;WB_WDI_ELECTRICITY_2026;UNICEF_LP_OFFLINE;WMF_WIKI_STATS_20260901;WMF_TERMS,https://www.unesco.org/en/days/kiswahili-language?hub=71635;https://www.uil.unesco.org/en/litbase/congo-literacy-project-democratic-republic-congo;https://data.worldbank.org/indicator/SE.PRM.CMPT.ZS;https://data.worldbank.org/indicator/IT.NET.USER.ZS;https://data.worldbank.org/indicator/EG.ELC.ACCS.ZS;https://www.unicef.org/learningpassport/offline-learning;https://commons.wikimedia.org/wiki/Data:Wikipedia_statistics/data.tab?action=raw;https://foundation.wikimedia.org/wiki/Policy:Terms_of_Use,UNESCO_KISWAHILI: Overview statement: more than 200 million users; DRC_UIL_LITERACY: Language context and national-language implementation sections; WB_WDI_COMPLETION_2026: CD/SE.PRM.CMPT.ZS=75.7 (2023); WB_WDI_INTERNET_2026: CD/IT.NET.USER.ZS=19.7 (2024); WB_WDI_ELECTRICITY_2026: CD/EG.ELC.ACCS.ZS=22.5 (2024); UNICEF_LP_OFFLINE: Hub/learner-device and physical-sync ('sneakernet') concepts; WMF_WIKI_STATS_20260901: Rows for named *.wikipedia sites; articles column; retrieved 2026-09-01; table license CC0-1.0; WMF_TERMS: Section 7: Licensing of Content,"Katanga, Kivu and Ituri routes are retained separately because vocabulary, orthography and delivery localization may differ. The sw.wikipedia count is only broad Kiswahili-edition context and is not a Congo Swahili inventory.",,EVIDENCE_ONLY_CONTEXT,false,af89c1e94b09ab1f93409b2b78f15837dba70dfc3b5f138316de41f384838db7,,,,,
regional:AFRICA_EMPIRICAL_NEED_INPUTS:swh-Latn-BI:006,AFRICA_EMPIRICAL_NEED_INPUTS,swh-Latn-BI,edition-target:lang:swh-Latn-BI,REGIONAL_EMPIRICAL_STRATUM,not_estimated_incompatible_sources,persons,,,,"No compatible exact-row person measure was verified; country, cluster, ethnicity, oral-language and script-literacy measures were not copied into this route.",,Burundi,Latin; national additional-language route,UNESCO_KISWAHILI;BI_IICBA_2026;BI_INSBU_CENSUS_2024;WB_WDI_COMPLETION_2026;WB_WDI_INTERNET_2026;WB_WDI_ELECTRICITY_2026;UNICEF_LP_OFFLINE;WMF_WIKI_STATS_20260901;WMF_TERMS,https://www.unesco.org/en/days/kiswahili-language?hub=71635;https://www.iicba.unesco.org/en/burundi-language-and-insecurity-are-behind-low-and-declining-learning-outcomes;https://www.insbu.bi/resultatRGPHAE2024;https://data.worldbank.org/indicator/SE.PRM.CMPT.ZS;https://data.worldbank.org/indicator/IT.NET.USER.ZS;https://data.worldbank.org/indicator/EG.ELC.ACCS.ZS;https://www.unicef.org/learningpassport/offline-learning;https://commons.wikimedia.org/wiki/Data:Wikipedia_statistics/data.tab?action=raw;https://foundation.wikimedia.org/wiki/Policy:Terms_of_Use,"UNESCO_KISWAHILI: Overview statement: more than 200 million users; BI_IICBA_2026: Kirundi early grades; French shift grade 4 mathematics/grade 5 other subjects; Grade 6 global-threshold shares; BI_INSBU_CENSUS_2024: Population total: 12,332,788; WB_WDI_COMPLETION_2026: BI/SE.PRM.CMPT.ZS=47.6 (2020); WB_WDI_INTERNET_2026: BI/IT.NET.USER.ZS=8.6 (2024); WB_WDI_ELECTRICITY_2026: BI/EG.ELC.ACCS.ZS=20.1 (2024); UNICEF_LP_OFFLINE: Hub/learner-device and physical-sync ('sneakernet') concepts; WMF_WIKI_STATS_20260901: Rows for named *.wikipedia sites; articles column; retrieved 2026-09-01; table license CC0-1.0; WMF_TERMS: Section 7: Licensing of Content","Kiswahili cluster membership, territorial residence and school-language exposure are non-equivalent. The row remains unrankable by population and direct learning outcome.",,ATTACHED_TO_EXISTING_EDITION,false,54c7ee56df46d680dc4ec3861ca8a6f890fe5a556bd71f95773d07dca559f2a1,edition-target:lang:swh-Latn-BI,,,edition-target:lang:swh-Latn-BI,edition-target:lang:swh-Latn-BI
regional:AFRICA_EMPIRICAL_NEED_INPUTS:swh-Latn-KE:003,AFRICA_EMPIRICAL_NEED_INPUTS,swh-Latn-KE,edition-target:lang:swh-Latn-KE,REGIONAL_EMPIRICAL_STRATUM,territorial_exposure_ceiling,persons,,,47564296,"2019 census enumerated population of Kenya; an upper exposure ceiling, not a Kiswahili-user count.",2019,Kenya,Latin; Kenyan national route,UNESCO_KISWAHILI;KE_KNBS_CENSUS_2019;KE_BASIC_ED_ACT;UNICEF_LANGUAGE_LEARNING_2016;WB_WDI_COMPLETION_2026;WB_WDI_INTERNET_2026;WB_WDI_ELECTRICITY_2026;UNICEF_LP_OFFLINE;WMF_WIKI_STATS_20260901;WMF_TERMS,https://www.unesco.org/en/days/kiswahili-language?hub=71635;https://new.knbs.or.ke/2019-kenya-population-and-housing-census-results/;https://new.kenyalaw.org/akn/ke/act/2013/14/eng%402022-12-31;https://www.unicef.org/esa/sites/unicef.org.esa/files/2018-09/UNICEF-2016-Language-and-Learning-FullReport.pdf;https://data.worldbank.org/indicator/SE.PRM.CMPT.ZS;https://data.worldbank.org/indicator/IT.NET.USER.ZS;https://data.worldbank.org/indicator/EG.ELC.ACCS.ZS;https://www.unicef.org/learningpassport/offline-learning;https://commons.wikimedia.org/wiki/Data:Wikipedia_statistics/data.tab?action=raw;https://foundation.wikimedia.org/wiki/Policy:Terms_of_Use,"UNESCO_KISWAHILI: Overview statement: more than 200 million users; KE_KNBS_CENSUS_2019: Total enumerated population: 47,564,296; KE_BASIC_ED_ACT: Language and culture provisions; early-childhood/lower-primary provisions; UNICEF_LANGUAGE_LEARNING_2016: Country reviews: Burundi pp.34-37; Eritrea pp.40-43; Ethiopia pp.44-47; Kenya pp.48-49; Madagascar pp.54-55; Rwanda pp.66-69; Somalia pp.71-73; South Africa pp.76-80; South Sudan pp.81-85; Tanzania pp.87-90; Uganda pp.91-94; WB_WDI_COMPLETION_2026: KE/SE.PRM.CMPT.ZS=102.2 (2016); WB_WDI_INTERNET_2026: KE/IT.NET.USER.ZS=35 (2024); WB_WDI_ELECTRICITY_2026: KE/EG.ELC.ACCS.ZS=77 (2024); UNICEF_LP_OFFLINE: Hub/learner-device and physical-sync ('sneakernet') concepts; WMF_WIKI_STATS_20260901: Rows for named *.wikipedia sites; articles column; retrieved 2026-09-01; table license CC0-1.0; WMF_TERMS: Section 7: Licensing of Content","Territorial ceiling only. Reported learning advantage is study/program evidence, not a transportable national effect size.",,ATTACHED_TO_EXISTING_EDITION,false,358b9d2c3b91d449900bfbacacc3ec7128b5b8e86f34fe4a1b86133f7ec32760,edition-target:lang:swh-Latn-KE,,,edition-target:lang:swh-Latn-KE,edition-target:lang:swh-Latn-KE
regional:AFRICA_EMPIRICAL_NEED_INPUTS:swh-Latn-RW:005,AFRICA_EMPIRICAL_NEED_INPUTS,swh-Latn-RW,edition-target:lang:swh-Latn-RW,REGIONAL_EMPIRICAL_STRATUM,census_rounded_language_literacy_interval,persons,327438,331583,335729,"Age 15+ able to read, write and understand Kiswahili; interval induced solely by the published 4.0% rounded rate applied to 8,289,582 people age 15+.",2022,Rwanda,Latin; national additional-language route,UNESCO_KISWAHILI;RW_EDUCATION_LAW_2021;RW_NISR_EDUCATION_2022;RW_REB_KISWAHILI;WB_WDI_COMPLETION_2026;WB_WDI_INTERNET_2026;WB_WDI_ELECTRICITY_2026;UNICEF_LP_OFFLINE;WMF_WIKI_STATS_20260901;WMF_TERMS,https://www.unesco.org/en/days/kiswahili-language?hub=71635;https://rwandalii.org/akn/rw/act/law/2021/10/eng%402021-02-18;https://www.statistics.gov.rw/sites/default/files/documents/2025-02/Education.pdf;https://uat-coremis.reb.rw/course/view.php?id=1088&section=1;https://data.worldbank.org/indicator/SE.PRM.CMPT.ZS;https://data.worldbank.org/indicator/IT.NET.USER.ZS;https://data.worldbank.org/indicator/EG.ELC.ACCS.ZS;https://www.unicef.org/learningpassport/offline-learning;https://commons.wikimedia.org/wiki/Data:Wikipedia_statistics/data.tab?action=raw;https://foundation.wikimedia.org/wiki/Policy:Terms_of_Use,"UNESCO_KISWAHILI: Overview statement: more than 200 million users; RW_EDUCATION_LAW_2021: Article 20; RW_NISR_EDUCATION_2022: Table 7.7: age 15+ language literacy; Kinyarwanda 78.3%, English 21.2%, French 8.2%, Swahili 4.0%; definition requires reading, writing and understanding; RW_REB_KISWAHILI: Course landing page and uploaded student/teacher guides; WB_WDI_COMPLETION_2026: RW/SE.PRM.CMPT.ZS=66.8 (2024); WB_WDI_INTERNET_2026: RW/IT.NET.USER.ZS=31.7 (2024); WB_WDI_ELECTRICITY_2026: RW/EG.ELC.ACCS.ZS=72 (2024); UNICEF_LP_OFFLINE: Hub/learner-device and physical-sync ('sneakernet') concepts; WMF_WIKI_STATS_20260901: Rows for named *.wikipedia sites; articles column; retrieved 2026-09-01; table license CC0-1.0; WMF_TERMS: Section 7: Licensing of Content","Low/base/high reflect one-decimal percentage rounding, not sampling uncertainty. Counts cannot be added across overlapping language categories.",,ATTACHED_TO_EXISTING_EDITION,false,cb930feac5f5bc9a4a260382c5cadd0575b20b428afa92c5e9daefe207380f27,edition-target:lang:swh-Latn-RW,,,edition-target:lang:swh-Latn-RW,edition-target:lang:swh-Latn-RW
regional:AFRICA_EMPIRICAL_NEED_INPUTS:swh-Latn-TZ-Zanzibar:002,AFRICA_EMPIRICAL_NEED_INPUTS,swh-Latn-TZ-Zanzibar,edition-target:regional:swh-Latn-TZ-Zanzibar,REGIONAL_EMPIRICAL_STRATUM,territorial_exposure_ceiling,persons,,,1889773,"2022 census enumerated population of Zanzibar; an upper exposure ceiling, not a Kiswahili-user count.",2022,"Zanzibar, Tanzania",Latin; Zanzibar education route,UNESCO_KISWAHILI;TZ_NBS_CENSUS_2022;TZ_IESALC_2025;UNICEF_LANGUAGE_LEARNING_2016;WB_WDI_COMPLETION_2026;WB_WDI_INTERNET_2026;WB_WDI_ELECTRICITY_2026;UNICEF_LP_OFFLINE;WMF_WIKI_STATS_20260901;WMF_TERMS,https://www.unesco.org/en/days/kiswahili-language?hub=71635;https://www.nbs.go.tz/uploads/statistics/documents/sw-1720088450-2022%20PHC%20Initial%20Results%20-%20English.pdf;https://hepo.iesalc.unesco.org/pc/static/countrydocs/cp/2025/tza/tza_HEEdPlanLi.pdf;https://www.unicef.org/esa/sites/unicef.org.esa/files/2018-09/UNICEF-2016-Language-and-Learning-FullReport.pdf;https://data.worldbank.org/indicator/SE.PRM.CMPT.ZS;https://data.worldbank.org/indicator/IT.NET.USER.ZS;https://data.worldbank.org/indicator/EG.ELC.ACCS.ZS;https://www.unicef.org/learningpassport/offline-learning;https://commons.wikimedia.org/wiki/Data:Wikipedia_statistics/data.tab?action=raw;https://foundation.wikimedia.org/wiki/Policy:Terms_of_Use,"UNESCO_KISWAHILI: Overview statement: more than 200 million users; TZ_NBS_CENSUS_2022: Summary of Key Indicators: Mainland 59,851,347; Zanzibar 1,889,773; TZ_IESALC_2025: Language-of-instruction section; UNICEF_LANGUAGE_LEARNING_2016: Country reviews: Burundi pp.34-37; Eritrea pp.40-43; Ethiopia pp.44-47; Kenya pp.48-49; Madagascar pp.54-55; Rwanda pp.66-69; Somalia pp.71-73; South Africa pp.76-80; South Sudan pp.81-85; Tanzania pp.87-90; Uganda pp.91-94; WB_WDI_COMPLETION_2026: TZ/SE.PRM.CMPT.ZS=77.3 (2024); WB_WDI_INTERNET_2026: TZ/IT.NET.USER.ZS=31.2 (2024); WB_WDI_ELECTRICITY_2026: TZ/EG.ELC.ACCS.ZS=52.4 (2024); UNICEF_LP_OFFLINE: Hub/learner-device and physical-sync ('sneakernet') concepts; WMF_WIKI_STATS_20260901: Rows for named *.wikipedia sites; articles column; retrieved 2026-09-01; table license CC0-1.0; WMF_TERMS: Section 7: Licensing of Content","The ceiling is territorial, not linguistic. System-wide stage evidence is contextual for Zanzibar and does not establish identical implementation in every school.",,NEW_EDITION_EVIDENCE,false,d7647dde6da8ead45fa96c0fd6600b070b0235d72503b40af02044daef2c28f9,edition-target:regional:swh-Latn-TZ-Zanzibar,,swh-Latn-TZ-Zanzibar,edition-target:regional:swh-Latn-TZ-Zanzibar,edition-target:regional:swh-Latn-TZ-Zanzibar
regional:AFRICA_EMPIRICAL_NEED_INPUTS:swh-Latn-TZ-mainland:001,AFRICA_EMPIRICAL_NEED_INPUTS,swh-Latn-TZ-mainland,edition-target:regional:swh-Latn-TZ-mainland,REGIONAL_EMPIRICAL_STRATUM,territorial_exposure_ceiling,persons,,,59851347,"2022 census enumerated population of Tanzania Mainland; an upper exposure ceiling, not a Kiswahili-user count.",2022,Tanzania Mainland,Latin; national standard route,UNESCO_KISWAHILI;TZ_NBS_CENSUS_2022;TZ_IESALC_2025;UNICEF_LANGUAGE_LEARNING_2016;WB_WDI_COMPLETION_2026;WB_WDI_INTERNET_2026;WB_WDI_ELECTRICITY_2026;UNICEF_LP_OFFLINE;WMF_WIKI_STATS_20260901;WMF_TERMS,https://www.unesco.org/en/days/kiswahili-language?hub=71635;https://www.nbs.go.tz/uploads/statistics/documents/sw-1720088450-2022%20PHC%20Initial%20Results%20-%20English.pdf;https://hepo.iesalc.unesco.org/pc/static/countrydocs/cp/2025/tza/tza_HEEdPlanLi.pdf;https://www.unicef.org/esa/sites/unicef.org.esa/files/2018-09/UNICEF-2016-Language-and-Learning-FullReport.pdf;https://data.worldbank.org/indicator/SE.PRM.CMPT.ZS;https://data.worldbank.org/indicator/IT.NET.USER.ZS;https://data.worldbank.org/indicator/EG.ELC.ACCS.ZS;https://www.unicef.org/learningpassport/offline-learning;https://commons.wikimedia.org/wiki/Data:Wikipedia_statistics/data.tab?action=raw;https://foundation.wikimedia.org/wiki/Policy:Terms_of_Use,"UNESCO_KISWAHILI: Overview statement: more than 200 million users; TZ_NBS_CENSUS_2022: Summary of Key Indicators: Mainland 59,851,347; Zanzibar 1,889,773; TZ_IESALC_2025: Language-of-instruction section; UNICEF_LANGUAGE_LEARNING_2016: Country reviews: Burundi pp.34-37; Eritrea pp.40-43; Ethiopia pp.44-47; Kenya pp.48-49; Madagascar pp.54-55; Rwanda pp.66-69; Somalia pp.71-73; South Africa pp.76-80; South Sudan pp.81-85; Tanzania pp.87-90; Uganda pp.91-94; WB_WDI_COMPLETION_2026: TZ/SE.PRM.CMPT.ZS=77.3 (2024); WB_WDI_INTERNET_2026: TZ/IT.NET.USER.ZS=31.2 (2024); WB_WDI_ELECTRICITY_2026: TZ/EG.ELC.ACCS.ZS=52.4 (2024); UNICEF_LP_OFFLINE: Hub/learner-device and physical-sync ('sneakernet') concepts; WMF_WIKI_STATS_20260901: Rows for named *.wikipedia sites; articles column; retrieved 2026-09-01; table license CC0-1.0; WMF_TERMS: Section 7: Licensing of Content",The territorial census ceiling includes non-users and excludes no one; the cross-border Kiswahili cluster is non-additive. Mainland and Zanzibar governance routes must not be collapsed.,,NEW_EDITION_EVIDENCE,false,21060e11e750e837875ed3b829867d4e059355c0db5d59dd9aaabff63e8545b0,edition-target:regional:swh-Latn-TZ-mainland,,swh-Latn-TZ-mainland,edition-target:regional:swh-Latn-TZ-mainland,edition-target:regional:swh-Latn-TZ-mainland
regional:AFRICA_EMPIRICAL_NEED_INPUTS:swh-Latn-UG:004,AFRICA_EMPIRICAL_NEED_INPUTS,swh-Latn-UG,edition-target:lang:swh-Latn-UG,REGIONAL_EMPIRICAL_STRATUM,not_estimated_incompatible_sources,persons,,,,"No compatible exact-row person measure was verified; country, cluster, ethnicity, oral-language and script-literacy measures were not copied into this route.",,Uganda,Latin; national curriculum route,UNESCO_KISWAHILI;UG_NCDC_KISWAHILI;UG_NCDC_PRIMARY;UG_NCDC_KISW_RES;WB_WDI_COMPLETION_2026;WB_WDI_INTERNET_2026;WB_WDI_ELECTRICITY_2026;UNICEF_LP_OFFLINE;WMF_WIKI_STATS_20260901;WMF_TERMS,https://www.unesco.org/en/days/kiswahili-language?hub=71635;https://ncdc.go.ug/wp-content/uploads/2025/09/Curriculum-Magazine-Issue-04-10.10.2022-Web-file-1.pdf;https://ncdc.go.ug/directoratesn/;https://ncdc.go.ug/wp-content/uploads/2024/02/KISWAHILI_TEXTBOOK_-_SENIOR_ONE_Prototype.pdf;https://data.worldbank.org/indicator/SE.PRM.CMPT.ZS;https://data.worldbank.org/indicator/IT.NET.USER.ZS;https://data.worldbank.org/indicator/EG.ELC.ACCS.ZS;https://www.unicef.org/learningpassport/offline-learning;https://commons.wikimedia.org/wiki/Data:Wikipedia_statistics/data.tab?action=raw;https://foundation.wikimedia.org/wiki/Policy:Terms_of_Use,"UNESCO_KISWAHILI: Overview statement: more than 200 million users; UG_NCDC_KISWAHILI: p.10, Cabinet decision and implementation status; UG_NCDC_PRIMARY: Primary Phase 2 (P4) transition to English; Phase 3 (P5-P7) English primary medium; UG_NCDC_KISW_RES: Cover/copyright notice and Senior One prototype contents; WB_WDI_COMPLETION_2026: UG/SE.PRM.CMPT.ZS=53.3 (2017); WB_WDI_INTERNET_2026: UG/IT.NET.USER.ZS=8.9 (2024); WB_WDI_ELECTRICITY_2026: UG/EG.ELC.ACCS.ZS=55.3 (2024); UNICEF_LP_OFFLINE: Hub/learner-device and physical-sync ('sneakernet') concepts; WMF_WIKI_STATS_20260901: Rows for named *.wikipedia sites; articles column; retrieved 2026-09-01; table license CC0-1.0; WMF_TERMS: Section 7: Licensing of Content","No compatible person denominator. Curriculum adoption, classroom implementation and resource possession are distinct constructs.",,ATTACHED_TO_EXISTING_EDITION,false,13b914c45c3a8d1628eaa3b6b68c54f8ce9fc15f10c1fa0967cd4c326f9508bf,edition-target:lang:swh-Latn-UG,,,edition-target:lang:swh-Latn-UG,edition-target:lang:swh-Latn-UG
regional:AFRICA_EMPIRICAL_NEED_INPUTS:taq-Latn-NE:046,AFRICA_EMPIRICAL_NEED_INPUTS,taq-Latn-NE,,REGIONAL_EMPIRICAL_STRATUM,not_estimated_incompatible_sources,persons,,,,"No compatible exact-row person measure was verified; country, cluster, ethnicity, oral-language and script-literacy measures were not copied into this route.",,Niger,Latin route,NE_UNICEF_MLE_2022;UNICODE_TIFINAGH;WB_WDI_COMPLETION_2026;WB_WDI_INTERNET_2026;WB_WDI_ELECTRICITY_2026;UNICEF_LP_OFFLINE,https://www.unicef.org/wca/media/9196/file/Etude%20MLE%20-%20rapport%20complet.pdf;https://www.unicode.org/notes/tn59/tn59-1.html;https://data.worldbank.org/indicator/SE.PRM.CMPT.ZS;https://data.worldbank.org/indicator/IT.NET.USER.ZS;https://data.worldbank.org/indicator/EG.ELC.ACCS.ZS;https://www.unicef.org/learningpassport/offline-learning,"NE_UNICEF_MLE_2022: Sociolinguistic context and section 2: French as principal medium; Hausa-French bilingual schooling since 1973-74; national-language legal framework; UNICODE_TIFINAGH: IRCAM subset, modern Tuareg letters and language-specific glyph variants; WB_WDI_COMPLETION_2026: NE/SE.PRM.CMPT.ZS=40.8 (2024); WB_WDI_INTERNET_2026: NE/IT.NET.USER.ZS=15.6 (2024); WB_WDI_ELECTRICITY_2026: NE/EG.ELC.ACCS.ZS=21.3 (2024); UNICEF_LP_OFFLINE: Hub/learner-device and physical-sync ('sneakernet') concepts","Latin Tamasheq is kept separate from Tifinagh/Tuareg routes. Unicode orthography context proves script diversity, not Niger reach or population.",,EVIDENCE_ONLY_CONTEXT,false,792a2888b61a30632e59aebddde0380bdb64ca19388734cec246811658ceb981,,,,,
regional:AFRICA_EMPIRICAL_NEED_INPUTS:thv-Tfng-DZ:045,AFRICA_EMPIRICAL_NEED_INPUTS,thv-Tfng-DZ,edition-target:lang:thv-Tfng-DZ,REGIONAL_EMPIRICAL_STRATUM,not_estimated_incompatible_sources,persons,,,,"No compatible exact-row person measure was verified; country, cluster, ethnicity, oral-language and script-literacy measures were not copied into this route.",,Algeria,Tifinagh/Tuareg route,DZ_IICBA_TAMAZIGHT;UNICODE_TIFINAGH;WB_WDI_COMPLETION_2026;WB_WDI_INTERNET_2026;WB_WDI_ELECTRICITY_2026;UNICEF_LP_OFFLINE,https://www.iicba.unesco.org/en/algerias-tamazight-policy-and-challenge-home-language-instruction-africa;https://www.unicode.org/notes/tn59/tn59-1.html;https://data.worldbank.org/indicator/SE.PRM.CMPT.ZS;https://data.worldbank.org/indicator/IT.NET.USER.ZS;https://data.worldbank.org/indicator/EG.ELC.ACCS.ZS;https://www.unicef.org/learningpassport/offline-learning,"DZ_IICBA_TAMAZIGHT: Daily Algerian Arabic; French in higher education/employment; English expanding; no unified Tamazight teacher guide/progression; UNICODE_TIFINAGH: IRCAM subset, modern Tuareg letters and language-specific glyph variants; WB_WDI_COMPLETION_2026: DZ/SE.PRM.CMPT.ZS=98.2 (2025); WB_WDI_INTERNET_2026: DZ/IT.NET.USER.ZS=77.4 (2024); WB_WDI_ELECTRICITY_2026: DZ/EG.ELC.ACCS.ZS=100 (2024); UNICEF_LP_OFFLINE: Hub/learner-device and physical-sync ('sneakernet') concepts",No exact population denominator. No compatible open general-reference edition inventory was verified. Latin and Tifinagh resources are not interchangeable.,,ATTACHED_TO_EXISTING_EDITION,false,87e4550d9a18856726a5ba43154c17ab4070e3d949e491ff3ea251673584278a,edition-target:lang:thv-Tfng-DZ,,,edition-target:lang:thv-Tfng-DZ,edition-target:lang:thv-Tfng-DZ
regional:AFRICA_EMPIRICAL_NEED_INPUTS:ti-Ethi-ER:019,AFRICA_EMPIRICAL_NEED_INPUTS,ti-Ethi-ER,edition-target:lang:ti-Ethi-ER,REGIONAL_EMPIRICAL_STRATUM,not_estimated_incompatible_sources,persons,,,,"No compatible exact-row person measure was verified; country, cluster, ethnicity, oral-language and script-literacy measures were not copied into this route.",,Eritrea,Ethiopic (Geʽez),ER_UNICEF_LANGUAGE_2017;WB_WDI_COMPLETION_2026;WB_WDI_INTERNET_2026;WB_WDI_ELECTRICITY_2026;UNICEF_LP_OFFLINE;WMF_WIKI_STATS_20260901;WMF_TERMS,https://www.unicef.org/esa/sites/unicef.org.esa/files/2018-09/UNICEF-2017-Language-and-Learning-Eritrea.pdf;https://data.worldbank.org/indicator/SE.PRM.CMPT.ZS;https://data.worldbank.org/indicator/IT.NET.USER.ZS;https://data.worldbank.org/indicator/EG.ELC.ACCS.ZS;https://www.unicef.org/learningpassport/offline-learning;https://commons.wikimedia.org/wiki/Data:Wikipedia_statistics/data.tab?action=raw;https://foundation.wikimedia.org/wiki/Policy:Terms_of_Use,ER_UNICEF_LANGUAGE_2017: Section 2.5.4 and transition discussion; WB_WDI_COMPLETION_2026: ER/SE.PRM.CMPT.ZS=61.3 (2022); WB_WDI_INTERNET_2026: ER/IT.NET.USER.ZS=14.3 (2020); WB_WDI_ELECTRICITY_2026: ER/EG.ELC.ACCS.ZS=55.3 (2024); UNICEF_LP_OFFLINE: Hub/learner-device and physical-sync ('sneakernet') concepts; WMF_WIKI_STATS_20260901: Rows for named *.wikipedia sites; articles column; retrieved 2026-09-01; table license CC0-1.0; WMF_TERMS: Section 7: Licensing of Content,No compatible population denominator. Tigrinya counts from Ethiopia and global ti.wikipedia supply cannot be transported to Eritrea.,,ATTACHED_TO_EXISTING_EDITION,false,19ec217a169eb74f604c5a1941508ea44ac2d30c8ac870c25e736fc2d6014e9c,edition-target:lang:ti-Ethi-ER,,,edition-target:lang:ti-Ethi-ER,edition-target:lang:ti-Ethi-ER
regional:AFRICA_EMPIRICAL_NEED_INPUTS:ti-Ethi-ET:018,AFRICA_EMPIRICAL_NEED_INPUTS,ti-Ethi-ET,edition-target:lang:ti-Ethi-ET,REGIONAL_EMPIRICAL_STRATUM,census_mother_tongue_count,persons,,4324933,,"Persons reporting Tigrinya as mother tongue in Ethiopia's 2007 national census, Table 3.2.",2007,Ethiopia,Ethiopic (Geʽez),ET_ESS_CENSUS_2007;ET_MOE_POLICY;ET_MOE_ESAA_2022;ET_WB_LP_2024;WB_WDI_COMPLETION_2026;WB_WDI_INTERNET_2026;WB_WDI_ELECTRICITY_2026;UNICEF_LP_OFFLINE;WMF_WIKI_STATS_20260901;WMF_TERMS,https://drs.ess.gov.et/bitstreams/61d74990-69a7-4f11-8e91-9234ca31d94f/download;https://www.moe.gov.et/storage/Books/Ethiopia%20Education%20and%20Training%20Policy.pdf;https://moe.gov.et/storage/Books/ESAA%202014%20EC%20%282021-22%20G.C%29%20Final.pdf;https://documents1.worldbank.org/curated/en/099062624135522075/pdf/P1792091d3bd9308519cdf1354887c45a1d.pdf;https://data.worldbank.org/indicator/SE.PRM.CMPT.ZS;https://data.worldbank.org/indicator/IT.NET.USER.ZS;https://data.worldbank.org/indicator/EG.ELC.ACCS.ZS;https://www.unicef.org/learningpassport/offline-learning;https://commons.wikimedia.org/wiki/Data:Wikipedia_statistics/data.tab?action=raw;https://foundation.wikimedia.org/wiki/Policy:Terms_of_Use,"ET_ESS_CENSUS_2007: Table 3.2: population by mother tongue; ET_MOE_POLICY: Sections 3.5.1-3.5.7; ET_MOE_ESAA_2022: Textbook section and regional/language-related pupil-textbook ratios; ET_WB_LP_2024: p.1: learning poverty 90%, learning deprivation 89%, schooling deprivation 14.8%; WB_WDI_COMPLETION_2026: ET/SE.PRM.CMPT.ZS=54.4 (2024); WB_WDI_INTERNET_2026: ET/IT.NET.USER.ZS=21.9 (2024); WB_WDI_ELECTRICITY_2026: ET/EG.ELC.ACCS.ZS=56.6 (2024); UNICEF_LP_OFFLINE: Hub/learner-device and physical-sync ('sneakernet') concepts; WMF_WIKI_STATS_20260901: Rows for named *.wikipedia sites; articles column; retrieved 2026-09-01; table license CC0-1.0; WMF_TERMS: Section 7: Licensing of Content",Dated language count; no current learner denominator. Ethiopia and Eritrea routes are kept separate; the ti.wikipedia inventory is cross-border.,,ATTACHED_TO_EXISTING_EDITION,false,cec7e2771a8d4ce27e7ca3b89489d0bec91539029861ac2498f168ad768d3112,edition-target:lang:ti-Ethi-ET,,,edition-target:lang:ti-Ethi-ET,edition-target:lang:ti-Ethi-ET
regional:AFRICA_EMPIRICAL_NEED_INPUTS:tzm-oral-MA:039,AFRICA_EMPIRICAL_NEED_INPUTS,tzm-oral-MA,,REGIONAL_EMPIRICAL_STRATUM,census_local_language_use_count,persons,,2644419,,Persons reporting Tamazight/Central Atlas Tamazight among locally used languages in RGPH 2014 Table E18; multiple responses permitted.,2014,Morocco,Oral/local-use construct; script delivery unresolved,MA_HCP_RGPH2014;MA_HCP_AMAZIGH_2024;MA_IRCAM_TIFAWIN;MA_IRCAM_MOOC;UNICODE_TIFINAGH;WB_WDI_COMPLETION_2026;WB_WDI_INTERNET_2026;WB_WDI_ELECTRICITY_2026;UNICEF_LP_OFFLINE,https://www.hcp.ma/file/230026/;https://www.hcp.ma/file/242745/;https://www.ircam.ma/fr/node/325;https://www.ircam.ma/fr/%C3%A9v%C3%A8nement/Coup_d%27envoi_officiel_des_cours_d%27enseignement_%C3%A0_distance_de_la_langue_amazighe_%3A_MOOC-IRCAM;https://www.unicode.org/notes/tn59/tn59-1.html;https://data.worldbank.org/indicator/SE.PRM.CMPT.ZS;https://data.worldbank.org/indicator/IT.NET.USER.ZS;https://data.worldbank.org/indicator/EG.ELC.ACCS.ZS;https://www.unicef.org/learningpassport/offline-learning,"MA_HCP_RGPH2014: Table E17 p.81: age 10+ written-language literacy including Amazigh 542,781; Table E18 p.81: local-language use counts; MA_HCP_AMAZIGH_2024: 2024 daily Amazigh use 24.8%; urban 19.9%; rural 33.3%; MA_IRCAM_TIFAWIN: Student manuals and teacher guides covering first five primary years; MA_IRCAM_MOOC: Free distance courses in northern, central and southern variants; UNICODE_TIFINAGH: IRCAM subset, modern Tuareg letters and language-specific glyph variants; WB_WDI_COMPLETION_2026: MA/SE.PRM.CMPT.ZS=106.4 (2024); WB_WDI_INTERNET_2026: MA/IT.NET.USER.ZS=91.2 (2024); WB_WDI_ELECTRICITY_2026: MA/EG.ELC.ACCS.ZS=100 (2024); UNICEF_LP_OFFLINE: Hub/learner-device and physical-sync ('sneakernet') concepts",Multiple-response oral count cannot stand for a script reader count. Standard and variant resources are related but not assumed interchangeable.,,EVIDENCE_ONLY_CONTEXT,false,eb070d09b95c81527b4c104513af8582babc8d76aa447bd2dfb00ab2015c132b,,,,,
regional:AFRICA_EMPIRICAL_NEED_INPUTS:wes-Latn-CM:058,AFRICA_EMPIRICAL_NEED_INPUTS,wes-Latn-CM,edition-target:lang:wes-Latn-CM,REGIONAL_EMPIRICAL_STRATUM,not_estimated_incompatible_sources,persons,,,,"No compatible exact-row person measure was verified; country, cluster, ethnicity, oral-language and script-literacy measures were not copied into this route.",,Cameroon,Latin,CM_UIS_FLSC_2014;CM_INS_MIS_2022;WB_WDI_COMPLETION_2026;WB_WDI_INTERNET_2026;WB_WDI_ELECTRICITY_2026;UNICEF_LP_OFFLINE,https://nada.uis.unesco.org/nada/en/index.php/catalog/154/study-description;https://ins-cameroun.cm/wp-content/uploads/2025/06/Cameroon-MIS-2022-Final-Report-FR-FINAL-14Sep2023-For-Web.pdf;https://data.worldbank.org/indicator/SE.PRM.CMPT.ZS;https://data.worldbank.org/indicator/IT.NET.USER.ZS;https://data.worldbank.org/indicator/EG.ELC.ACCS.ZS;https://www.unicef.org/learningpassport/offline-learning,CM_UIS_FLSC_2014: Grade 6 English-system examination: mandatory subjects in English except French; CM_INS_MIS_2022: Questionnaire Q113-Q114 separately codes Fulfulde and Pidgin; WB_WDI_COMPLETION_2026: CM/SE.PRM.CMPT.ZS=75.3 (2024); WB_WDI_INTERNET_2026: CM/IT.NET.USER.ZS=46.3 (2024); WB_WDI_ELECTRICITY_2026: CM/EG.ELC.ACCS.ZS=72 (2024); UNICEF_LP_OFFLINE: Hub/learner-device and physical-sync ('sneakernet') concepts,Questionnaire category is not prevalence. Nigerian Pidgin/Krio resources are not assumed interchangeable with Kamtok.,,ATTACHED_TO_EXISTING_EDITION,false,3bbdd54a54776de414c0a1f10cc06aa26343bd9770f7f6a564cf903bcff0f565,edition-target:lang:wes-Latn-CM,,,edition-target:lang:wes-Latn-CM,edition-target:lang:wes-Latn-CM
regional:AFRICA_EMPIRICAL_NEED_INPUTS:xh-Latn-ZA:031,AFRICA_EMPIRICAL_NEED_INPUTS,xh-Latn-ZA,edition-target:lang:xh-Latn-ZA,REGIONAL_EMPIRICAL_STRATUM,census_household_language_count,persons,,9786928,,"Persons age 1+ for whom isiXhosa was the language most often spoken in the household, South Africa Census 2022.",2022,South Africa,Latin,ZA_STATSSA_CENSUS_2022;ZA_STATSSA_METADATA_2022;ZA_UNDATA_LANGUAGE_2022;ZA_DBE_PIRLS_2021;ZA_DBE_MTBBE_2025;WB_WDI_COMPLETION_2026;WB_WDI_INTERNET_2026;WB_WDI_ELECTRICITY_2026;UNICEF_LP_OFFLINE;WMF_WIKI_STATS_20260901;WMF_TERMS,"https://census.statssa.gov.za/assets/documents/2022/P03014_Census_2022_Statistical_Release.pdf;https://census.statssa.gov.za/assets/documents/2022/Census2022tenpercentmetadata.pdf;https://data.un.org/Data.aspx?c=2,3,6,8,10,12,14,15,16&d=POP&f=tableCode:27%3BcountryCode:710&s=refYear:desc;https://www.education.gov.za/Portals/0/Documents/Reports/2023/PIRLS%202021_Highlights%20Reports.pdf;https://www.education.gov.za/Programmes/MTbBE.aspx;https://data.worldbank.org/indicator/SE.PRM.CMPT.ZS;https://data.worldbank.org/indicator/IT.NET.USER.ZS;https://data.worldbank.org/indicator/EG.ELC.ACCS.ZS;https://www.unicef.org/learningpassport/offline-learning;https://commons.wikimedia.org/wiki/Data:Wikipedia_statistics/data.tab?action=raw;https://foundation.wikimedia.org/wiki/Policy:Terms_of_Use","ZA_STATSSA_CENSUS_2022: Table 2.8 p.22: isiZulu 24.4%, isiXhosa 16.3%; ZA_STATSSA_METADATA_2022: Variable P08: language most often spoken in household; universe age 1+; ZA_UNDATA_LANGUAGE_2022: South Africa 2022, both sexes, total: age 1+ 60,135,415; isiZulu 14,613,202; isiXhosa 9,786,928; ZA_DBE_PIRLS_2021: p.7 Figure 6: 81% Grade 4 below low international benchmark; Grade 6 56%; ZA_DBE_MTBBE_2025: Grade 4 transition evidence and curriculum/toolkit rollout; WB_WDI_COMPLETION_2026: ZA/SE.PRM.CMPT.ZS=95.3 (2023); WB_WDI_INTERNET_2026: ZA/IT.NET.USER.ZS=78.4 (2024); WB_WDI_ELECTRICITY_2026: ZA/EG.ELC.ACCS.ZS=90.2 (2024); UNICEF_LP_OFFLINE: Hub/learner-device and physical-sync ('sneakernet') concepts; WMF_WIKI_STATS_20260901: Rows for named *.wikipedia sites; articles column; retrieved 2026-09-01; table license CC0-1.0; WMF_TERMS: Section 7: Licensing of Content","Population is exact for household language, not literacy. Country learning context is not transported to an isiXhosa estimate.",,ATTACHED_TO_EXISTING_EDITION,false,2639b097cd1c5d495c3e23255275c195b4322dd16e296bb952b53ac97a95aeb7,edition-target:lang:xh-Latn-ZA,,,edition-target:lang:xh-Latn-ZA,edition-target:lang:xh-Latn-ZA
regional:AFRICA_EMPIRICAL_NEED_INPUTS:yo-Latn-NG:020,AFRICA_EMPIRICAL_NEED_INPUTS,yo-Latn-NG,edition-target:lang:yo-Latn-NG,REGIONAL_EMPIRICAL_STRATUM,not_estimated_incompatible_sources,persons,,,,"No compatible exact-row person measure was verified; country, cluster, ethnicity, oral-language and script-literacy measures were not copied into this route.",,Nigeria,Latin with Yoruba diacritics,NG_UNICEF_LIE;NG_UNICEF_FACTS_2023;NG_LEARNING_PASSPORT_2024;NG_NERDC_LDC;WB_WDI_COMPLETION_2026;WB_WDI_INTERNET_2026;WB_WDI_ELECTRICITY_2026;UNICEF_LP_OFFLINE;WMF_WIKI_STATS_20260901;WMF_TERMS,https://www.unicef.org/nigeria/media/7861/file/Language%20in%20Education%20Report.pdf;https://www.unicef.org/nigeria/media/9211/file/Nigeria%20Education%20Fact%20Sheets;https://www.unicef.org/nigeria/press-releases/nigeria-learning-passport-reaches-one-million-subscribers-milestone-educational;https://www.nerdc.gov.ng/content_manager/ldc_achievements.html;https://data.worldbank.org/indicator/SE.PRM.CMPT.ZS;https://data.worldbank.org/indicator/IT.NET.USER.ZS;https://data.worldbank.org/indicator/EG.ELC.ACCS.ZS;https://www.unicef.org/learningpassport/offline-learning;https://commons.wikimedia.org/wiki/Data:Wikipedia_statistics/data.tab?action=raw;https://foundation.wikimedia.org/wiki/Policy:Terms_of_Use,"NG_UNICEF_LIE: p.45: immediate-environment language first three primary years, progressive English from year four; pp.45-48 implementation/materials discussion; NG_UNICEF_FACTS_2023: p.14 Figure 19: foundational reading by ethnicity; p.15 Figure 21: home/school-language grouping; NG_LEARNING_PASSPORT_2024: Features list: English, Hausa, Igbo, Yoruba; free, data-free, offline download; NG_NERDC_LDC: Curricula for Hausa, Igbo, Yoruba and Fulfulde; bilingual dictionaries; Pidgin translation example; WB_WDI_COMPLETION_2026: NG/SE.PRM.CMPT.ZS=70.2 (2010); WB_WDI_INTERNET_2026: NG/IT.NET.USER.ZS=41.2 (2024); WB_WDI_ELECTRICITY_2026: NG/EG.ELC.ACCS.ZS=62.5 (2024); UNICEF_LP_OFFLINE: Hub/learner-device and physical-sync ('sneakernet') concepts; WMF_WIKI_STATS_20260901: Rows for named *.wikipedia sites; articles column; retrieved 2026-09-01; table license CC0-1.0; WMF_TERMS: Section 7: Licensing of Content","Ethnicity, home language, instructional language and orthographically proficient Yoruba readership are non-equivalent; no population value is manufactured.",,ATTACHED_TO_EXISTING_EDITION,false,591371da34e8862e40916da8d01f670b149d5cf0b4f237d9ef828a50f6fbb237,edition-target:lang:yo-Latn-NG,,,edition-target:lang:yo-Latn-NG,edition-target:lang:yo-Latn-NG
regional:AFRICA_EMPIRICAL_NEED_INPUTS:zgh-Tfng-MA:037,AFRICA_EMPIRICAL_NEED_INPUTS,zgh-Tfng-MA,edition-target:lang:zgh-Tfng-MA,REGIONAL_EMPIRICAL_STRATUM,census_written_tifinagh_literacy_count,persons,,542781,,Persons age 10+ reported able to read and write Amazigh; the census questionnaire specifies Tifinagh for this first-ever written-Amazigh item.,2014,Morocco,Neo-Tifinagh,MA_HCP_RGPH2014;MA_HCP_Q2014;MA_HCP_AMAZIGH_2024;MA_IRCAM_TIFAWIN;MA_IRCAM_MOOC;UNICODE_TIFINAGH;WB_WDI_COMPLETION_2026;WB_WDI_INTERNET_2026;WB_WDI_ELECTRICITY_2026;UNICEF_LP_OFFLINE;WMF_WIKI_STATS_20260901;WMF_TERMS,https://www.hcp.ma/file/230026/;https://www.rgph2014.hcp.ma/Questionnaire-du-RGPH-2014_a89.html;https://www.hcp.ma/file/242745/;https://www.ircam.ma/fr/node/325;https://www.ircam.ma/fr/%C3%A9v%C3%A8nement/Coup_d%27envoi_officiel_des_cours_d%27enseignement_%C3%A0_distance_de_la_langue_amazighe_%3A_MOOC-IRCAM;https://www.unicode.org/notes/tn59/tn59-1.html;https://data.worldbank.org/indicator/SE.PRM.CMPT.ZS;https://data.worldbank.org/indicator/IT.NET.USER.ZS;https://data.worldbank.org/indicator/EG.ELC.ACCS.ZS;https://www.unicef.org/learningpassport/offline-learning;https://commons.wikimedia.org/wiki/Data:Wikipedia_statistics/data.tab?action=raw;https://foundation.wikimedia.org/wiki/Policy:Terms_of_Use,"MA_HCP_RGPH2014: Table E17 p.81: age 10+ written-language literacy including Amazigh 542,781; Table E18 p.81: local-language use counts; MA_HCP_Q2014: Questionnaire note: first census question on reading/writing Amazigh in Tifinagh; MA_HCP_AMAZIGH_2024: 2024 daily Amazigh use 24.8%; urban 19.9%; rural 33.3%; MA_IRCAM_TIFAWIN: Student manuals and teacher guides covering first five primary years; MA_IRCAM_MOOC: Free distance courses in northern, central and southern variants; UNICODE_TIFINAGH: IRCAM subset, modern Tuareg letters and language-specific glyph variants; WB_WDI_COMPLETION_2026: MA/SE.PRM.CMPT.ZS=106.4 (2024); WB_WDI_INTERNET_2026: MA/IT.NET.USER.ZS=91.2 (2024); WB_WDI_ELECTRICITY_2026: MA/EG.ELC.ACCS.ZS=100 (2024); UNICEF_LP_OFFLINE: Hub/learner-device and physical-sync ('sneakernet') concepts; WMF_WIKI_STATS_20260901: Rows for named *.wikipedia sites; articles column; retrieved 2026-09-01; table license CC0-1.0; WMF_TERMS: Section 7: Licensing of Content","2014 literacy count is exact for its age/script construct but dated. Oral variety use, standard literacy and school exposure cannot be added; the zgh Wikipedia edition is reference context only.",,ATTACHED_TO_EXISTING_EDITION,false,4bdf2809519818e7de0ac82cf8880b5e66123047425a82a1d9e11229375762fb,edition-target:lang:zgh-Tfng-MA,,,edition-target:lang:zgh-Tfng-MA,edition-target:lang:zgh-Tfng-MA
regional:AFRICA_EMPIRICAL_NEED_INPUTS:zu-Latn-ZA:030,AFRICA_EMPIRICAL_NEED_INPUTS,zu-Latn-ZA,edition-target:lang:zu-Latn-ZA,REGIONAL_EMPIRICAL_STRATUM,census_household_language_count,persons,,14613202,,"Persons age 1+ for whom isiZulu was the language most often spoken in the household, South Africa Census 2022.",2022,South Africa,Latin,ZA_STATSSA_CENSUS_2022;ZA_STATSSA_METADATA_2022;ZA_UNDATA_LANGUAGE_2022;ZA_DBE_PIRLS_2021;ZA_DBE_MTBBE_2025;WB_WDI_COMPLETION_2026;WB_WDI_INTERNET_2026;WB_WDI_ELECTRICITY_2026;UNICEF_LP_OFFLINE;WMF_WIKI_STATS_20260901;WMF_TERMS,"https://census.statssa.gov.za/assets/documents/2022/P03014_Census_2022_Statistical_Release.pdf;https://census.statssa.gov.za/assets/documents/2022/Census2022tenpercentmetadata.pdf;https://data.un.org/Data.aspx?c=2,3,6,8,10,12,14,15,16&d=POP&f=tableCode:27%3BcountryCode:710&s=refYear:desc;https://www.education.gov.za/Portals/0/Documents/Reports/2023/PIRLS%202021_Highlights%20Reports.pdf;https://www.education.gov.za/Programmes/MTbBE.aspx;https://data.worldbank.org/indicator/SE.PRM.CMPT.ZS;https://data.worldbank.org/indicator/IT.NET.USER.ZS;https://data.worldbank.org/indicator/EG.ELC.ACCS.ZS;https://www.unicef.org/learningpassport/offline-learning;https://commons.wikimedia.org/wiki/Data:Wikipedia_statistics/data.tab?action=raw;https://foundation.wikimedia.org/wiki/Policy:Terms_of_Use","ZA_STATSSA_CENSUS_2022: Table 2.8 p.22: isiZulu 24.4%, isiXhosa 16.3%; ZA_STATSSA_METADATA_2022: Variable P08: language most often spoken in household; universe age 1+; ZA_UNDATA_LANGUAGE_2022: South Africa 2022, both sexes, total: age 1+ 60,135,415; isiZulu 14,613,202; isiXhosa 9,786,928; ZA_DBE_PIRLS_2021: p.7 Figure 6: 81% Grade 4 below low international benchmark; Grade 6 56%; ZA_DBE_MTBBE_2025: Grade 4 transition evidence and curriculum/toolkit rollout; WB_WDI_COMPLETION_2026: ZA/SE.PRM.CMPT.ZS=95.3 (2023); WB_WDI_INTERNET_2026: ZA/IT.NET.USER.ZS=78.4 (2024); WB_WDI_ELECTRICITY_2026: ZA/EG.ELC.ACCS.ZS=90.2 (2024); UNICEF_LP_OFFLINE: Hub/learner-device and physical-sync ('sneakernet') concepts; WMF_WIKI_STATS_20260901: Rows for named *.wikipedia sites; articles column; retrieved 2026-09-01; table license CC0-1.0; WMF_TERMS: Section 7: Licensing of Content",Exact population construct but nonexclusive of other competence and unrelated to literacy. National learning results are context only.,,ATTACHED_TO_EXISTING_EDITION,false,65e9c51b1ae59a1c6a56af2740274537351cc67d8370b0c5419f33b7e1e2151d,edition-target:lang:zu-Latn-ZA,,,edition-target:lang:zu-Latn-ZA,edition-target:lang:zu-Latn-ZA
regional:AMERICAS_EUROPE_EMPIRICAL_NEED_INPUTS:acf-Latn-LC:135,AMERICAS_EUROPE_EMPIRICAL_NEED_INPUTS,acf-Latn-LC,edition-target:regional:acf-Latn-LC,REGIONAL_EMPIRICAL_STRATUM,no_territory_specific_person_count_verified,exact Kwéyòl speakers,,,,No current exact speaker count is used; numeric fields are blank.,2021 policy evidence,Saint Lucia,written and spoken; Latin script,LC_LANGUAGE_POLICY_2021;KREYOL_MT_2024;COMMON_VOICE_26_2026;OER_UNESCO_2019,https://www.govt.lc/news/national-language-policy-underway;https://www.cs.jhu.edu/~kevinduh/t/naacl24/final_pdf/paper289.pdf;https://raw.githubusercontent.com/common-voice/cv-dataset/main/datasets/scripted-speech/cv-corpus-26.0-2026-06-12.json;https://www.unesco.org/en/legal-affairs/recommendation-open-educational-resources-oer?hub=422,"LC_LANGUAGE_POLICY_2021: primary/secondary Kwéyòl competence, teacher development, certification and resource goals | KREYOL_MT_2024: pp. 2, 5–6 and Table 3: exact/pooled language public/all sentence counts and genre transfer | COMMON_VOICE_26_2026: locale entry counts/hours and absence audit | OER_UNESCO_2019: Definition I.1 and scope",Policy intent is not implementation or outcome; excluded secondary population figure is not territory-compatible.,,NEW_EDITION_EVIDENCE,false,7a2a9dc9456cc41ef5e44bf6bbba65834de469465699b1e2cc3b1ba7e928a81e,edition-target:regional:acf-Latn-LC,,acf-Latn-LC,edition-target:regional:acf-Latn-LC,edition-target:regional:acf-Latn-LC
regional:AMERICAS_EUROPE_EMPIRICAL_NEED_INPUTS:acr-Latn-GT:176,AMERICAS_EUROPE_EMPIRICAL_NEED_INPUTS,acr-Latn-GT,edition-target:regional:acr-Latn-GT,REGIONAL_EMPIRICAL_STRATUM,census_exact_childhood_acquired_language,persons age 4+ reporting the named language as the language in which they learned to speak,,124338,,"2018 census exact language-learned-to-speak count; not current use, proficiency or ethnic belonging.",2018,Guatemala,written and spoken; Latin-script official educational orthography,GT_CENSUS_LANGUAGE_2018;GT_EIB_G1_READING_2008;GT_EIB_DELIVERY_2022;GT_DIGEBI_TARGET;OER_UNESCO_2019,https://censo2018.ine.gob.gt/archivos/Principales_resultados_Censo2018.pdf;https://edu.mineduc.gob.gt/digeduca/documents/informes/Informe_Primaria_Bilingue_2008.pdf;https://edu.mineduc.gob.gt/documents/memoriaLabores/Memoria_de_Labores_2022.pdf;https://digebi.mineduc.gob.gt/digebi/nuestra-meta/;https://www.unesco.org/en/legal-affairs/recommendation-open-educational-resources-oer?hub=422,"GT_CENSUS_LANGUAGE_2018: language in which persons age 4+ learned to speak by exact named language | GT_EIB_G1_READING_2008: p. 32, Figure 14: Spanish-reading performance by K’iche’, Kaqchikel, Mam and Q’eqchi’ labels | GT_EIB_DELIVERY_2022: p. 40 Table 11 EIB enrolment by stage and language-material production | GT_DIGEBI_TARGET: named-language stage targets through Grade 6 versus preprimary–Grade 3 | OER_UNESCO_2019: Definition I.1 and scope","Childhood language, EIB programme totals, Grade 1 assessment and material outputs have different denominators. Exact language does not imply one dialect/orthography; no dominant-language or device coverage inferred.",,NEW_EDITION_EVIDENCE,false,b4412a2d87773555f967dfc27fec0206912bf5574eae47d8ca0e5c2eed93858a,edition-target:regional:acr-Latn-GT,,acr-Latn-GT,edition-target:regional:acr-Latn-GT,edition-target:regional:acr-Latn-GT
regional:AMERICAS_EUROPE_EMPIRICAL_NEED_INPUTS:ay-central-Latn-BO-LP:177,AMERICAS_EUROPE_EMPIRICAL_NEED_INPUTS,ay-central-Latn-BO-LP,,REGIONAL_EMPIRICAL_STRATUM,exact_variety_count_unavailable_territorial_census_category_ceiling_only,exact Central Aymara speakers,,,,No exact Central Aymara person count was verified; numeric fields are blank.,2012 census context / 2021 corpus,"La Paz Department, Bolivia",written and spoken; Latin script,BO_CENSUS_LANGUAGE_2012;NLP_AMERICASNLP_2021;OER_UNESCO_2019;CATALOG_OTL_20260901;CATALOG_DOAB_20260901,https://anda4.ine.gob.bo/ANDA4_3/index.php/catalog/495/download/2358;https://aclanthology.org/2021.americasnlp-1.23.pdf;https://www.unesco.org/en/legal-affairs/recommendation-open-educational-resources-oer?hub=422;https://open.umn.edu/opentextbooks/textbooks.json;https://directory.doabooks.org/rest/search,"BO_CENSUS_LANGUAGE_2012: principal language age 6+; La Paz Aymara table and national graphs | NLP_AMERICASNLP_2021: Table 1 and section 3: corpus sizes, variety, orthography and domain composition | OER_UNESCO_2019: Definition I.1 and scope | CATALOG_OTL_20260901: links.total_count after language-code query; counts reproduced in each row | CATALOG_DOAB_20260901: x-total-count after exact dc.language label query; counts reproduced in each row",La Paz Aymara category is not Central Aymara. Corpus pairs are not people or learning. Training/evaluation domain and variety mismatch prevents broad coverage claims.,,EVIDENCE_ONLY_CONTEXT,false,7f1ae603b639ca28e92fbcc86892473c665333be4c5d327106e2cd236ca41d18,,,,,
regional:AMERICAS_EUROPE_EMPIRICAL_NEED_INPUTS:ay-southern-Latn-PE:178,AMERICAS_EUROPE_EMPIRICAL_NEED_INPUTS,ay-southern-Latn-PE,,REGIONAL_EMPIRICAL_STRATUM,exact_variety_count_unavailable_umbrella_childhood_language_only,exact-variety speakers,,,,No source-stated Southern Aymara count was verified; numeric fields are blank.,2017 umbrella evidence,"Puno, Moquegua, Tacna, Madre de Dios and Sandia, Peru",written and spoken; Latin-script official educational orthography,PE_MINEDU_LANGUAGE_TAXONOMY;PE_BDPI_AYMARA;PE_ECE_EIB_READING_2018;OER_UNESCO_2019;CATALOG_OTL_20260901;CATALOG_DOAB_20260901,https://repositorio.minedu.gob.pe/bitstream/handle/20.500.12799/6261/Lenguas%20Originarias%20del%20Peru.pdf?isAllowed=y&sequence=1;https://bdpi.cultura.gob.pe/lenguas/aimara;https://repositorio.minedu.gob.pe/bitstream/handle/20.500.12799/6562/Resultados%202018%20Evaluaci%C3%B3n%20Censal%20de%20Estudiantes%20y%20Evaluaci%C3%B3n%20Muestral%20de%20Estudiantes%20evaluaciones%20de%20logros%20de%20aprendizaje.pdf?isAllowed=y&sequence=1;https://www.unesco.org/en/legal-affairs/recommendation-open-educational-resources-oer?hub=422;https://open.umn.edu/opentextbooks/textbooks.json;https://directory.doabooks.org/rest/search,"PE_MINEDU_LANGUAGE_TAXONOMY: p. 22 Aymara/Jaqaru treatment and Quechua vitality table | PE_BDPI_AYMARA: 450,010 people who learned Aymara in childhood | PE_ECE_EIB_READING_2018: p. 32: Grade 4 EIB first-language reading by Chanka, Collao and Aymara labels | OER_UNESCO_2019: Definition I.1 and scope | CATALOG_OTL_20260901: links.total_count after language-code query; counts reproduced in each row | CATALOG_DOAB_20260901: x-total-count after exact dc.language label query; counts reproduced in each row",Umbrella childhood-language total is not exact Southern Aymara. Assessment label omits subvariety; sample caution and later-stage gaps preclude a precise endpoint.,,EVIDENCE_ONLY_CONTEXT,false,270ac0394f3cba46380627614a30ec7d8ad3c66320ba7e228bf016f262713660,,,,,
regional:AMERICAS_EUROPE_EMPIRICAL_NEED_INPUTS:bah-Latn-BS:143,AMERICAS_EUROPE_EMPIRICAL_NEED_INPUTS,bah-Latn-BS,edition-target:regional:bah-Latn-BS,REGIONAL_EMPIRICAL_STRATUM,unrankable_no_compatible_person_measure,exact-variety persons,,,,No compatible exact person measure was verified; numeric fields are blank.,2024 resource evidence,The Bahamas,written and spoken; Latin script; exact orthographic coverage unverified,KREYOL_MT_2024;COMMON_VOICE_26_2026;OER_UNESCO_2019,https://www.cs.jhu.edu/~kevinduh/t/naacl24/final_pdf/paper289.pdf;https://raw.githubusercontent.com/common-voice/cv-dataset/main/datasets/scripted-speech/cv-corpus-26.0-2026-06-12.json;https://www.unesco.org/en/legal-affairs/recommendation-open-educational-resources-oer?hub=422,"KREYOL_MT_2024: pp. 2, 5–6 and Table 3: exact/pooled language public/all sentence counts and genre transfer | COMMON_VOICE_26_2026: locale entry counts/hours and absence audit | OER_UNESCO_2019: Definition I.1 and scope","Sentence pairs are not people, learning or curriculum. No exact population/outcome/access evidence; neighboring Creole standards are nonallocable.",,NEW_EDITION_EVIDENCE,false,7275dffab2c97fe428e8adce0c901faed280e9801af88fe4800eefbe1b55c3f1,edition-target:regional:bah-Latn-BS,,bah-Latn-BS,edition-target:regional:bah-Latn-BS,edition-target:regional:bah-Latn-BS
regional:AMERICAS_EUROPE_EMPIRICAL_NEED_INPUTS:bzj-Latn-BZ:136,AMERICAS_EUROPE_EMPIRICAL_NEED_INPUTS,bzj-Latn-BZ,edition-target:regional:bzj-Latn-BZ,REGIONAL_EMPIRICAL_STRATUM,multiple_response_share_no_exact_person_count,persons age 4+ in multiple-response spoken-language census universe,,,,"Census universe was 368,924 persons age 4+ and Creole was selected by 49.0%; no person total is derived from the share.",2022,Belize,written and spoken; Latin script,BZ_CENSUS_LANGUAGE_2022;BZ_EDU_PLAN_2021_25;KREYOL_MT_2024;COMMON_VOICE_26_2026;OER_UNESCO_2019,https://sib.org.bz/wp-content/uploads/CensusKeyFindingsReport_2022.pdf;https://edc.gov.bz/wp-content/uploads/2023/04/The-Belize-Education-Sector-Plan-2021-2025_MoECST.pdf;https://www.cs.jhu.edu/~kevinduh/t/naacl24/final_pdf/paper289.pdf;https://raw.githubusercontent.com/common-voice/cv-dataset/main/datasets/scripted-speech/cv-corpus-26.0-2026-06-12.json;https://www.unesco.org/en/legal-affairs/recommendation-open-educational-resources-oer?hub=422,"BZ_CENSUS_LANGUAGE_2022: Table 3.9 p. 60: multiple-response languages spoken | BZ_EDU_PLAN_2021_25: pp. 14 and 53: English instruction, home languages, teacher/material support | KREYOL_MT_2024: pp. 2, 5–6 and Table 3: exact/pooled language public/all sentence counts and genre transfer | COMMON_VOICE_26_2026: locale entry counts/hours and absence audit | OER_UNESCO_2019: Definition I.1 and scope",Census multiple-response share is not converted to persons. Plan/system evidence is not exact Kriol learning or resource coverage.,,NEW_EDITION_EVIDENCE,false,2799eb6b569dd92b881a23002cb7d86113edbfca0303997f06a86e7c499c3033,edition-target:regional:bzj-Latn-BZ,,bzj-Latn-BZ,edition-target:regional:bzj-Latn-BZ,edition-target:regional:bzj-Latn-BZ
regional:AMERICAS_EUROPE_EMPIRICAL_NEED_INPUTS:ca-Latn-AD:151,AMERICAS_EUROPE_EMPIRICAL_NEED_INPUTS,ca-Latn-AD,edition-target:regional:ca-Latn-AD,REGIONAL_EMPIRICAL_STRATUM,survey_shares_without_source_stated_person_count,residents age over 14 in official language-use survey,,,,"Official survey n=747 reports Catalan initial/habitual-use shares and a knowledge index, but no source-stated person count is used; numeric fields are blank.",2022,Andorra,written and spoken; Latin script,ANDORRA_LANGUAGE_SURVEY_2022;OER_UNESCO_2019;CATALOG_OTL_20260901;CATALOG_DOAB_20260901,https://www.govern.ad/ca/w/l-estudi-de-coneixements-i-usos-lingueistics-indica-que-el-catala-es-la-llengua-de-referencia-de-la-poblacio-en-coneixement-i-us-1;https://www.unesco.org/en/legal-affairs/recommendation-open-educational-resources-oer?hub=422;https://open.umn.edu/opentextbooks/textbooks.json;https://directory.doabooks.org/rest/search,"ANDORRA_LANGUAGE_SURVEY_2022: sample size, initial language, habitual language and knowledge indicators | OER_UNESCO_2019: Definition I.1 and scope | CATALOG_OTL_20260901: links.total_count after language-code query; counts reproduced in each row | CATALOG_DOAB_20260901: x-total-count after exact dc.language label query; counts reproduced in each row","Multiresponse language shares and knowledge indices cannot be converted into a speaker total. School exposure, academic outcomes, devices and open-resource completeness are unrankable.",,NEW_EDITION_EVIDENCE,false,5934268c11f91b4a227579fc20d8b9d458d8ec2319400ebf8609217c91abac73,edition-target:regional:ca-Latn-AD,,ca-Latn-AD,edition-target:regional:ca-Latn-AD,edition-target:regional:ca-Latn-AD
regional:AMERICAS_EUROPE_EMPIRICAL_NEED_INPUTS:ca-Latn-ES-CT:152,AMERICAS_EUROPE_EMPIRICAL_NEED_INPUTS,ca-Latn-ES-CT,edition-target:regional:ca-Latn-ES-CT,REGIONAL_EMPIRICAL_STRATUM,official_sample_survey_speaking_ability_estimate,survey-estimated residents age 15+ reporting ability to speak Catalan,,5454700,,Idescat 2023 source-stated estimate of residents age 15+ able to speak Catalan.,2023,"Catalonia, Spain",written and spoken; Latin script,CATALONIA_EULP_2023;CATALONIA_XTEC_RESOURCES;EUROSTAT_INTERNET_2025;OER_UNESCO_2019;CATALOG_OTL_20260901;CATALOG_DOAB_20260901,https://idescat.cat/pub/?id=eulp&lang=en&n=10367;https://xtec.gencat.cat/ca/curriculum/primaria/recursos-i-materials/;https://ec.europa.eu/eurostat/statistics-explained/SEPDF/cache/108644.pdf;https://www.unesco.org/en/legal-affairs/recommendation-open-educational-resources-oer?hub=422;https://open.umn.edu/opentextbooks/textbooks.json;https://directory.doabooks.org/rest/search,"CATALONIA_EULP_2023: knowledge table: understand, speak, read, write and all four skills | CATALONIA_XTEC_RESOURCES: primary curriculum resource collections | EUROSTAT_INTERNET_2025: household internet-access section and country chart | OER_UNESCO_2019: Definition I.1 and scope | CATALOG_OTL_20260901: links.total_count after language-code query; counts reproduced in each row | CATALOG_DOAB_20260901: x-total-count after exact dc.language label query; counts reproduced in each row","Language skills are separate self-reports. Catalog supply is not territory-specific; no stage exposure/outcome, device, disability or full licensing audit exists.",,NEW_EDITION_EVIDENCE,false,e9f471f19923852199f09a923f0d27aa0a27c8180f3a1dcec4f0876bb3252056,edition-target:regional:ca-Latn-ES-CT,,ca-Latn-ES-CT,edition-target:regional:ca-Latn-ES-CT,edition-target:regional:ca-Latn-ES-CT
regional:AMERICAS_EUROPE_EMPIRICAL_NEED_INPUTS:ca-Latn-ES-IB:153,AMERICAS_EUROPE_EMPIRICAL_NEED_INPUTS,ca-Latn-ES-IB,,REGIONAL_EMPIRICAL_STRATUM,territorial_sample_survey_universe_ceiling,"survey target-universe persons age 15+ (ceiling, not speakers)",,,929422,Official 2014 survey universe of residents age 15+ is retained only as the maximum possible population exposed to the survey category; no speaker count is manufactured from percentages.,2014,"Balearic Islands, Spain",written and spoken; Latin script; island varieties,BALEARIC_EULIB_2014;EUROSTAT_INTERNET_2025;OER_UNESCO_2019;CATALOG_OTL_20260901;CATALOG_DOAB_20260901,https://llengua.gencat.cat/web/.content/temes/dades_estudis/base-de-dades/documents/EULIB2014-informe.pdf;https://ec.europa.eu/eurostat/statistics-explained/SEPDF/cache/108644.pdf;https://www.unesco.org/en/legal-affairs/recommendation-open-educational-resources-oer?hub=422;https://open.umn.edu/opentextbooks/textbooks.json;https://directory.doabooks.org/rest/search,BALEARIC_EULIB_2014: Table 1.1 universe/sample and language-knowledge tables | EUROSTAT_INTERNET_2025: household internet-access section and country chart | OER_UNESCO_2019: Definition I.1 and scope | CATALOG_OTL_20260901: links.total_count after language-code query; counts reproduced in each row | CATALOG_DOAB_20260901: x-total-count after exact dc.language label query; counts reproduced in each row,"929,422 is a universe ceiling, not a speaker estimate. Percentages are not converted to counts; island varieties, current change, outcomes and resource licences are unresolved.",,EVIDENCE_ONLY_CONTEXT,false,87cc982efc66357183306cc2e888423dbd41e46133a0fce10ea76f4632334b72,,,,,
regional:AMERICAS_EUROPE_EMPIRICAL_NEED_INPUTS:ca-valencia-Latn-ES-VC:154,AMERICAS_EUROPE_EMPIRICAL_NEED_INPUTS,ca-valencia-Latn-ES-VC,,REGIONAL_EMPIRICAL_STRATUM,survey_skill_shares_without_person_point_estimate,population age 15+ in official language survey; no source-stated speaker count,,,,"Official 2021 survey n=7,117 reports skill shares; no speaker-person estimate is derived, so numeric fields are blank.",2021,"Valencian Community, Spain",written and spoken; Latin script; official Valencian territorial standard,VALENCIA_AVL_STANDARD;VALENCIA_LANGUAGE_SURVEY_2021;VALENCIA_BASE_LANGUAGE_CHOICE_2025;EUROSTAT_INTERNET_2025;OER_UNESCO_2019;CATALOG_OTL_20260901;CATALOG_DOAB_20260901,https://www.avl.gva.es/gnv/buscador.jsp?gramatica=GNV&index=majuscules_consideracions_generals;https://ceice.gva.es/documents/161863132/174616028/enquesta+%C3%BAs+del+valencia%CC%80+2021_web.pdf/6a3e6836-f136-bffc-8593-0381eedc297b;https://comunica.gva.es/es/detalle?id=390097430&site=373430869;https://ec.europa.eu/eurostat/statistics-explained/SEPDF/cache/108644.pdf;https://www.unesco.org/en/legal-affairs/recommendation-open-educational-resources-oer?hub=422;https://open.umn.edu/opentextbooks/textbooks.json;https://directory.doabooks.org/rest/search,"VALENCIA_AVL_STANDARD: shared language system and distinct territorial normative features | VALENCIA_LANGUAGE_SURVEY_2021: sample n=7,117, territory universe and understand/speak/read/write shares by linguistic zone | VALENCIA_BASE_LANGUAGE_CHOICE_2025: 570,000 eligible families and base-language-choice construct | EUROSTAT_INTERNET_2025: household internet-access section and country chart | OER_UNESCO_2019: Definition I.1 and scope | CATALOG_OTL_20260901: links.total_count after language-code query; counts reproduced in each row | CATALOG_DOAB_20260901: x-total-count after exact dc.language label query; counts reproduced in each row","Skill shares are not converted into persons; survey zones, eligible families and implemented medium differ. Catalonia/Balearic data and global Catalan resources are nonallocable.",,EVIDENCE_ONLY_CONTEXT,false,c9477605aee1cce8c0bcbed09c9660ecf2c3f9f91e73e99204e617d9b6f9ca99,,,,,
regional:AMERICAS_EUROPE_EMPIRICAL_NEED_INPUTS:cak-Latn-GT:179,AMERICAS_EUROPE_EMPIRICAL_NEED_INPUTS,cak-Latn-GT,edition-target:regional:cak-Latn-GT,REGIONAL_EMPIRICAL_STRATUM,census_exact_childhood_acquired_language,persons age 4+ reporting the named language as the language in which they learned to speak,,411089,,"2018 census exact language-learned-to-speak count; not current use, proficiency or ethnic belonging.",2018,Guatemala,written and spoken; Latin-script official educational orthography,GT_CENSUS_LANGUAGE_2018;GT_EIB_G1_READING_2008;GT_EIB_DELIVERY_2022;GT_DIGEBI_TARGET;OER_UNESCO_2019,https://censo2018.ine.gob.gt/archivos/Principales_resultados_Censo2018.pdf;https://edu.mineduc.gob.gt/digeduca/documents/informes/Informe_Primaria_Bilingue_2008.pdf;https://edu.mineduc.gob.gt/documents/memoriaLabores/Memoria_de_Labores_2022.pdf;https://digebi.mineduc.gob.gt/digebi/nuestra-meta/;https://www.unesco.org/en/legal-affairs/recommendation-open-educational-resources-oer?hub=422,"GT_CENSUS_LANGUAGE_2018: language in which persons age 4+ learned to speak by exact named language | GT_EIB_G1_READING_2008: p. 32, Figure 14: Spanish-reading performance by K’iche’, Kaqchikel, Mam and Q’eqchi’ labels | GT_EIB_DELIVERY_2022: p. 40 Table 11 EIB enrolment by stage and language-material production | GT_DIGEBI_TARGET: named-language stage targets through Grade 6 versus preprimary–Grade 3 | OER_UNESCO_2019: Definition I.1 and scope","Childhood language, EIB programme totals, Grade 1 assessment and material outputs have different denominators. Exact language does not imply one dialect/orthography; no dominant-language or device coverage inferred.",,NEW_EDITION_EVIDENCE,false,772cc9d3bc09421a26d134b68ae91ac8d6995acb73d3537d2189827be5d0d748,edition-target:regional:cak-Latn-GT,,cak-Latn-GT,edition-target:regional:cak-Latn-GT,edition-target:regional:cak-Latn-GT
regional:AMERICAS_EUROPE_EMPIRICAL_NEED_INPUTS:chol-northwest-Latn-MX:180,AMERICAS_EUROPE_EMPIRICAL_NEED_INPUTS,chol-northwest-Latn-MX,edition-target:regional:chol-northwest-Latn-MX,REGIONAL_EMPIRICAL_STRATUM,official_2000_exact_variant_estimate,persons age 5+ allocated to exact variant,,117379,,INALI source-stated exact-variant estimate using Census 2000/locality allocation.,2000,Mexico; exact INALI localities,written and spoken; Latin script,MX_INALI_LANGUAGE_RISK;MX_INEE_LANGUAGE_MATCH;NLP_MAYA_2024;OER_UNESCO_2019,https://site.inali.gob.mx/pdf/libro_lenguas_indigenas_nacionales_en_riesgo_de_desaparicion.pdf;https://www.inee.edu.mx/wp-content/uploads/2019/06/P2A348.pdf;https://aclanthology.org/2024.americasnlp-1.16.pdf;https://www.unesco.org/en/legal-affairs/recommendation-open-educational-resources-oer?hub=422,"MX_INALI_LANGUAGE_RISK: exact variant population, share age 5–14 and risk level tables | MX_INEE_LANGUAGE_MATCH: teacher command of pupils’ language and system mismatch indicator | NLP_MAYA_2024: Table 1: original, cleaned, train and development/test sentence-pair counts | OER_UNESCO_2019: Definition I.1 and scope",Dated exact estimate cannot be updated with a macro count. National education context is not allocated. Corpus exact-variant identity is unresolved.,,NEW_EDITION_EVIDENCE,false,dd671099636e09f07694ae18ef37bba63800ef89618786eb15e39a4900ec6db0,edition-target:regional:chol-northwest-Latn-MX,,chol-northwest-Latn-MX,edition-target:regional:chol-northwest-Latn-MX,edition-target:regional:chol-northwest-Latn-MX
regional:AMERICAS_EUROPE_EMPIRICAL_NEED_INPUTS:chol-southeast-Latn-MX:181,AMERICAS_EUROPE_EMPIRICAL_NEED_INPUTS,chol-southeast-Latn-MX,edition-target:regional:chol-southeast-Latn-MX,REGIONAL_EMPIRICAL_STRATUM,official_2000_exact_variant_estimate,persons age 5+ allocated to exact variant,,27199,,INALI source-stated exact-variant estimate using Census 2000/locality allocation.,2000,Mexico; exact INALI localities,written and spoken; Latin script,MX_INALI_LANGUAGE_RISK;MX_INEE_LANGUAGE_MATCH;NLP_MAYA_2024;OER_UNESCO_2019,https://site.inali.gob.mx/pdf/libro_lenguas_indigenas_nacionales_en_riesgo_de_desaparicion.pdf;https://www.inee.edu.mx/wp-content/uploads/2019/06/P2A348.pdf;https://aclanthology.org/2024.americasnlp-1.16.pdf;https://www.unesco.org/en/legal-affairs/recommendation-open-educational-resources-oer?hub=422,"MX_INALI_LANGUAGE_RISK: exact variant population, share age 5–14 and risk level tables | MX_INEE_LANGUAGE_MATCH: teacher command of pupils’ language and system mismatch indicator | NLP_MAYA_2024: Table 1: original, cleaned, train and development/test sentence-pair counts | OER_UNESCO_2019: Definition I.1 and scope",Dated exact estimate cannot be updated with a macro count. National education context is not allocated. Corpus exact-variant identity is unresolved.,,NEW_EDITION_EVIDENCE,false,5cb5b6cf51ca438b108f5c57e658daa40b0e906c133b4ddf57bc7a5dd3ae9627,edition-target:regional:chol-southeast-Latn-MX,,chol-southeast-Latn-MX,edition-target:regional:chol-southeast-Latn-MX,edition-target:regional:chol-southeast-Latn-MX
regional:AMERICAS_EUROPE_EMPIRICAL_NEED_INPUTS:ciw-script-unresolved-CA:122,AMERICAS_EUROPE_EMPIRICAL_NEED_INPUTS,ciw-script-unresolved-CA,edition-target:regional:ciw-script-unresolved-CA,REGIONAL_EMPIRICAL_STRATUM,census_conversational_knowledge_published_rounded_count,private-household census respondents able to conduct a conversation,,2040,,Statistics Canada 2021 published rounded count able to converse; mean age 39.,2021,Canada,spoken; script not recorded by Census and not inferred,CA_STATCAN_ALGONQUIAN_2021;CA_STATCAN_SILENT_2021;CA_MB_LANGUAGE_SURVEY_2021;CA_MB_OPEN_PORTAL;OER_UNESCO_2019;CATALOG_OTL_20260901;CATALOG_DOAB_20260901,https://www150.statcan.gc.ca/n1/pub/41-20-0002/412000022025002-eng.htm;https://www150.statcan.gc.ca/n1/pub/41-20-0002/412000022026001-eng.htm;https://www.edu.gov.mb.ca/iid/docs/indigenous_languages_report.pdf;https://www.edu.gov.mb.ca/k12/mylearning/onlinelearning/index.html;https://www.unesco.org/en/legal-affairs/recommendation-open-educational-resources-oer?hub=422;https://open.umn.edu/opentextbooks/textbooks.json;https://directory.doabooks.org/rest/search,"CA_STATCAN_ALGONQUIAN_2021: Table 2 and Charts 1–2: knowledge, mother tongue and age by named language | CA_STATCAN_SILENT_2021: Annex Table A.1 by exact language | CA_MB_LANGUAGE_SURVEY_2021: pp. 1–5, 8, 10, 12 and 19: offerings, modes, barriers and dialect-teacher example | CA_MB_OPEN_PORTAL: Cree and Anishinaabemowin resource listings | OER_UNESCO_2019: Definition I.1 and scope | CATALOG_OTL_20260901: links.total_count after language-code query; counts reproduced in each row | CATALOG_DOAB_20260901: x-total-count after exact dc.language label query; counts reproduced in each row","Broad Anishinaabemowin, Ojibwe and Saulteau resources/courses are not assumed compatible with the Census Chippewa label. Ojibway n.o.s. has 20,715 conversational-knowledge and 12,500 mother-tongue respondents and is quarantined, not distributed. Census random rounding and incomplete enumeration apply.",,NEW_EDITION_EVIDENCE,false,133036f6e4f0ebe59fd44a7f32d6b9cd384832868f04ec14d04803570388466f,edition-target:regional:ciw-script-unresolved-CA,,ciw-script-unresolved-CA,edition-target:regional:ciw-script-unresolved-CA,edition-target:regional:ciw-script-unresolved-CA
regional:AMERICAS_EUROPE_EMPIRICAL_NEED_INPUTS:crj-script-unresolved-CA:123,AMERICAS_EUROPE_EMPIRICAL_NEED_INPUTS,crj-script-unresolved-CA,edition-target:regional:crj-script-unresolved-CA,REGIONAL_EMPIRICAL_STRATUM,census_conversational_knowledge_published_rounded_count,private-household census respondents able to conduct a conversation,,895,,Statistics Canada 2021 published rounded count able to conduct a conversation; mean age 31.,2021,Canada,spoken; script not recorded by Census and not inferred,CA_STATCAN_ALGONQUIAN_2021;CA_STATCAN_SILENT_2021;OER_UNESCO_2019;CATALOG_OTL_20260901;CATALOG_DOAB_20260901,https://www150.statcan.gc.ca/n1/pub/41-20-0002/412000022025002-eng.htm;https://www150.statcan.gc.ca/n1/pub/41-20-0002/412000022026001-eng.htm;https://www.unesco.org/en/legal-affairs/recommendation-open-educational-resources-oer?hub=422;https://open.umn.edu/opentextbooks/textbooks.json;https://directory.doabooks.org/rest/search,"CA_STATCAN_ALGONQUIAN_2021: Table 2 and Charts 1–2: knowledge, mother tongue and age by named language | CA_STATCAN_SILENT_2021: Annex Table A.1 by exact language | OER_UNESCO_2019: Definition I.1 and scope | CATALOG_OTL_20260901: links.total_count after language-code query; counts reproduced in each row | CATALOG_DOAB_20260901: x-total-count after exact dc.language label query; counts reproduced in each row","Northern East Cree, Cree n.o.s. and other Cree resources are not substituted. Cree n.o.s. has 61,000 conversational-knowledge and 47,855 mother-tongue respondents and is quarantined, not distributed. Census counts are rounded; 63 incompletely enumerated reserves/settlements apply.",,NEW_EDITION_EVIDENCE,false,1001fc5b2616d6d69fe27194395c5e383a80796688d7f07c9337f9dbc671d98e,edition-target:regional:crj-script-unresolved-CA,,crj-script-unresolved-CA,edition-target:regional:crj-script-unresolved-CA,edition-target:regional:crj-script-unresolved-CA
regional:AMERICAS_EUROPE_EMPIRICAL_NEED_INPUTS:crk-Latn-CA:124,AMERICAS_EUROPE_EMPIRICAL_NEED_INPUTS,crk-Latn-CA,edition-target:regional:crk-Latn-CA,REGIONAL_EMPIRICAL_STRATUM,census_conversational_knowledge_published_rounded_count,private-household census respondents able to conduct a conversation,,12005,,Statistics Canada 2021 published rounded count able to conduct a conversation; mean age 42.,2021,Canada,spoken and written; Alberta guide uses standard Roman orthography (Latin) and notes traditional syllabics,CA_STATCAN_ALGONQUIAN_2021;CA_STATCAN_SILENT_2021;CA_AB_PLAINS_CREE_GUIDE;OER_UNESCO_2019;CATALOG_OTL_20260901;CATALOG_DOAB_20260901,https://www150.statcan.gc.ca/n1/pub/41-20-0002/412000022025002-eng.htm;https://www150.statcan.gc.ca/n1/pub/41-20-0002/412000022026001-eng.htm;https://open.alberta.ca/dataset/ac9f2505-2b2d-4e4f-919e-41769c41d6ca/resource/4c805ee1-02bf-4721-a62e-c78ba6875038/download/cree-12y-guide-to-implementation-7-9-draft.pdf;https://www.unesco.org/en/legal-affairs/recommendation-open-educational-resources-oer?hub=422;https://open.umn.edu/opentextbooks/textbooks.json;https://directory.doabooks.org/rest/search,"CA_STATCAN_ALGONQUIAN_2021: Table 2 and Charts 1–2: knowledge, mother tongue and age by named language | CA_STATCAN_SILENT_2021: Annex Table A.1 by exact language | CA_AB_PLAINS_CREE_GUIDE: pp. 9–10: Y/Plains scope, standard Roman orthography and regional variation | OER_UNESCO_2019: Definition I.1 and scope | CATALOG_OTL_20260901: links.total_count after language-code query; counts reproduced in each row | CATALOG_DOAB_20260901: x-total-count after exact dc.language label query; counts reproduced in each row","The Latin-SRO/Y-dialect guide is not generic Cree coverage and does not establish syllabic-script, non-Y-dialect, K–6 or later-stage completeness. Cree n.o.s. has 61,000 conversational-knowledge and 47,855 mother-tongue respondents and is quarantined, not distributed. Census counts are rounded; 63 incompletely enumerated reserves/settlements apply.",,NEW_EDITION_EVIDENCE,false,697ea7e78bef10730ba1f273cbe82f44236abc384f5479b301f11b885b6764c6,edition-target:regional:crk-Latn-CA,,crk-Latn-CA,edition-target:regional:crk-Latn-CA,edition-target:regional:crk-Latn-CA
regional:AMERICAS_EUROPE_EMPIRICAL_NEED_INPUTS:crl-script-unresolved-CA:125,AMERICAS_EUROPE_EMPIRICAL_NEED_INPUTS,crl-script-unresolved-CA,edition-target:regional:crl-script-unresolved-CA,REGIONAL_EMPIRICAL_STRATUM,census_conversational_knowledge_published_rounded_count,private-household census respondents able to conduct a conversation,,4875,,Statistics Canada 2021 published rounded count able to conduct a conversation; mean age 33.,2021,Canada,spoken; script not recorded by Census and not inferred,CA_STATCAN_ALGONQUIAN_2021;CA_STATCAN_SILENT_2021;OER_UNESCO_2019;CATALOG_OTL_20260901;CATALOG_DOAB_20260901,https://www150.statcan.gc.ca/n1/pub/41-20-0002/412000022025002-eng.htm;https://www150.statcan.gc.ca/n1/pub/41-20-0002/412000022026001-eng.htm;https://www.unesco.org/en/legal-affairs/recommendation-open-educational-resources-oer?hub=422;https://open.umn.edu/opentextbooks/textbooks.json;https://directory.doabooks.org/rest/search,"CA_STATCAN_ALGONQUIAN_2021: Table 2 and Charts 1–2: knowledge, mother tongue and age by named language | CA_STATCAN_SILENT_2021: Annex Table A.1 by exact language | OER_UNESCO_2019: Definition I.1 and scope | CATALOG_OTL_20260901: links.total_count after language-code query; counts reproduced in each row | CATALOG_DOAB_20260901: x-total-count after exact dc.language label query; counts reproduced in each row","Southern East Cree, Cree n.o.s. and other Cree resources are not substituted. Cree n.o.s. has 61,000 conversational-knowledge and 47,855 mother-tongue respondents and is quarantined, not distributed. Census counts are rounded; 63 incompletely enumerated reserves/settlements apply.",,NEW_EDITION_EVIDENCE,false,2a43bef429fd6cb0c6e486892eb8a302831f1eb01329222975aa8109b3547310,edition-target:regional:crl-script-unresolved-CA,,crl-script-unresolved-CA,edition-target:regional:crl-script-unresolved-CA,edition-target:regional:crl-script-unresolved-CA
regional:AMERICAS_EUROPE_EMPIRICAL_NEED_INPUTS:crm-script-unresolved-CA:126,AMERICAS_EUROPE_EMPIRICAL_NEED_INPUTS,crm-script-unresolved-CA,edition-target:regional:crm-script-unresolved-CA,REGIONAL_EMPIRICAL_STRATUM,census_conversational_knowledge_published_rounded_count,private-household census respondents able to conduct a conversation,,415,,Statistics Canada 2021 published rounded count able to conduct a conversation; mean age 43.,2021,Canada,spoken; script not recorded by Census and not inferred,CA_STATCAN_ALGONQUIAN_2021;CA_STATCAN_SILENT_2021;OER_UNESCO_2019;CATALOG_OTL_20260901;CATALOG_DOAB_20260901,https://www150.statcan.gc.ca/n1/pub/41-20-0002/412000022025002-eng.htm;https://www150.statcan.gc.ca/n1/pub/41-20-0002/412000022026001-eng.htm;https://www.unesco.org/en/legal-affairs/recommendation-open-educational-resources-oer?hub=422;https://open.umn.edu/opentextbooks/textbooks.json;https://directory.doabooks.org/rest/search,"CA_STATCAN_ALGONQUIAN_2021: Table 2 and Charts 1–2: knowledge, mother tongue and age by named language | CA_STATCAN_SILENT_2021: Annex Table A.1 by exact language | OER_UNESCO_2019: Definition I.1 and scope | CATALOG_OTL_20260901: links.total_count after language-code query; counts reproduced in each row | CATALOG_DOAB_20260901: x-total-count after exact dc.language label query; counts reproduced in each row","This row cannot inherit generic Cree, Moose-region, school-system or another Cree variety’s resources/outcomes. Cree n.o.s. has 61,000 conversational-knowledge and 47,855 mother-tongue respondents and is quarantined, not distributed. Census counts are rounded; 63 incompletely enumerated reserves/settlements apply.",,NEW_EDITION_EVIDENCE,false,e9f566bcaa88ac7a53e43fb3fe4b107c36bd8f46f8d7228ff21740cd60a1e077,edition-target:regional:crm-script-unresolved-CA,,crm-script-unresolved-CA,edition-target:regional:crm-script-unresolved-CA,edition-target:regional:crm-script-unresolved-CA
regional:AMERICAS_EUROPE_EMPIRICAL_NEED_INPUTS:csw-script-unresolved-CA:127,AMERICAS_EUROPE_EMPIRICAL_NEED_INPUTS,csw-script-unresolved-CA,edition-target:regional:csw-script-unresolved-CA,REGIONAL_EMPIRICAL_STRATUM,census_conversational_knowledge_published_rounded_count,private-household census respondents able to conduct a conversation,,4670,,Statistics Canada 2021 published rounded count able to conduct a conversation; mean age 44.,2021,Canada,spoken; script not recorded by Census and not inferred,CA_STATCAN_ALGONQUIAN_2021;CA_STATCAN_SILENT_2021;CA_MB_LANGUAGE_SURVEY_2021;CA_MB_OPEN_PORTAL;OER_UNESCO_2019;CATALOG_OTL_20260901;CATALOG_DOAB_20260901,https://www150.statcan.gc.ca/n1/pub/41-20-0002/412000022025002-eng.htm;https://www150.statcan.gc.ca/n1/pub/41-20-0002/412000022026001-eng.htm;https://www.edu.gov.mb.ca/iid/docs/indigenous_languages_report.pdf;https://www.edu.gov.mb.ca/k12/mylearning/onlinelearning/index.html;https://www.unesco.org/en/legal-affairs/recommendation-open-educational-resources-oer?hub=422;https://open.umn.edu/opentextbooks/textbooks.json;https://directory.doabooks.org/rest/search,"CA_STATCAN_ALGONQUIAN_2021: Table 2 and Charts 1–2: knowledge, mother tongue and age by named language | CA_STATCAN_SILENT_2021: Annex Table A.1 by exact language | CA_MB_LANGUAGE_SURVEY_2021: pp. 1–5, 8, 10, 12 and 19: offerings, modes, barriers and dialect-teacher example | CA_MB_OPEN_PORTAL: Cree and Anishinaabemowin resource listings | OER_UNESCO_2019: Definition I.1 and scope | CATALOG_OTL_20260901: links.total_count after language-code query; counts reproduced in each row | CATALOG_DOAB_20260901: x-total-count after exact dc.language label query; counts reproduced in each row","Combined Cree/Ininew school labels cannot be equated to the Census Swampy category; a one-school dialect mismatch is existence evidence, not prevalence. Cree n.o.s. has 61,000 conversational-knowledge and 47,855 mother-tongue respondents and is quarantined, not distributed. Census counts are rounded; 63 incompletely enumerated reserves/settlements apply.",,NEW_EDITION_EVIDENCE,false,f77a02c9ba74409897085c84fd3670cff6ce68d952d88778dfd985cec8afcaa0,edition-target:regional:csw-script-unresolved-CA,,csw-script-unresolved-CA,edition-target:regional:csw-script-unresolved-CA,edition-target:regional:csw-script-unresolved-CA
regional:AMERICAS_EUROPE_EMPIRICAL_NEED_INPUTS:cwd-script-unresolved-CA:128,AMERICAS_EUROPE_EMPIRICAL_NEED_INPUTS,cwd-script-unresolved-CA,edition-target:regional:cwd-script-unresolved-CA,REGIONAL_EMPIRICAL_STRATUM,census_conversational_knowledge_published_rounded_count,private-household census respondents able to conduct a conversation,,5110,,Statistics Canada 2021 published rounded count able to conduct a conversation; mean age 44.,2021,Canada,spoken; script not recorded by Census and not inferred,CA_STATCAN_ALGONQUIAN_2021;CA_STATCAN_SILENT_2021;CA_AB_PLAINS_CREE_GUIDE;OER_UNESCO_2019;CATALOG_OTL_20260901;CATALOG_DOAB_20260901,https://www150.statcan.gc.ca/n1/pub/41-20-0002/412000022025002-eng.htm;https://www150.statcan.gc.ca/n1/pub/41-20-0002/412000022026001-eng.htm;https://open.alberta.ca/dataset/ac9f2505-2b2d-4e4f-919e-41769c41d6ca/resource/4c805ee1-02bf-4721-a62e-c78ba6875038/download/cree-12y-guide-to-implementation-7-9-draft.pdf;https://www.unesco.org/en/legal-affairs/recommendation-open-educational-resources-oer?hub=422;https://open.umn.edu/opentextbooks/textbooks.json;https://directory.doabooks.org/rest/search,"CA_STATCAN_ALGONQUIAN_2021: Table 2 and Charts 1–2: knowledge, mother tongue and age by named language | CA_STATCAN_SILENT_2021: Annex Table A.1 by exact language | CA_AB_PLAINS_CREE_GUIDE: pp. 9–10: Y/Plains scope, standard Roman orthography and regional variation | OER_UNESCO_2019: Definition I.1 and scope | CATALOG_OTL_20260901: links.total_count after language-code query; counts reproduced in each row | CATALOG_DOAB_20260901: x-total-count after exact dc.language label query; counts reproduced in each row","Plains Cree/Y materials, combined Cree school data and Cree n.o.s. are non-allocable. Cree n.o.s. has 61,000 conversational-knowledge and 47,855 mother-tongue respondents and is quarantined, not distributed. Census counts are rounded; 63 incompletely enumerated reserves/settlements apply.",,NEW_EDITION_EVIDENCE,false,150062123a61af34655d86bc36d7caa3d252408f9e40b07f0fd9f414f0a59dde,edition-target:regional:cwd-script-unresolved-CA,,cwd-script-unresolved-CA,edition-target:regional:cwd-script-unresolved-CA,edition-target:regional:cwd-script-unresolved-CA
regional:AMERICAS_EUROPE_EMPIRICAL_NEED_INPUTS:cy-Latn-GB-WLS:155,AMERICAS_EUROPE_EMPIRICAL_NEED_INPUTS,cy-Latn-GB-WLS,edition-target:regional:cy-Latn-GB-WLS,REGIONAL_EMPIRICAL_STRATUM,census_self_reported_speaking_ability,usual residents age 3+ reporting ability to speak Welsh,,538300,,Census 2021 source-stated count of usual residents age 3+ able to speak Welsh.,2021,"Wales, United Kingdom",written and spoken; Latin script,WALES_CENSUS_SURVEY_DIFFERENCES_2021;WALES_SCHOOL_CENSUS_2025;WALES_PISA_2022;WALES_HWB_PUBLISHING;OER_UNESCO_2019;CATALOG_OTL_20260901;CATALOG_DOAB_20260901,https://www.gov.wales/differences-between-estimates-welsh-language-ability-census-2021-and-household-surveys-html;https://www.gov.wales/schools-census-results-january-2025-html;https://www.gov.wales/sites/default/files/statistics-and-research/2023-12/pisa-2022-national-report-wales-059.pdf;https://hwb.gov.wales/developing-resources-for-hwb/hwb-publishing-criteria-and-technical-requirements/;https://www.unesco.org/en/legal-affairs/recommendation-open-educational-resources-oer?hub=422;https://open.umn.edu/opentextbooks/textbooks.json;https://directory.doabooks.org/rest/search,"WALES_CENSUS_SURVEY_DIFFERENCES_2021: Census 2021 and Annual Population Survey estimates section | WALES_SCHOOL_CENSUS_2025: school language category and pupils-by-language tables | WALES_PISA_2022: reading proficiency distribution | WALES_HWB_PUBLISHING: Welsh/English, access, accessibility and licensing requirements | OER_UNESCO_2019: Definition I.1 and scope | CATALOG_OTL_20260901: links.total_count after language-code query; counts reproduced in each row | CATALOG_DOAB_20260901: x-total-count after exact dc.language label query; counts reproduced in each row","Speaker ability, school-language category, PISA population and platform inventory have different denominators. APS is not used as a census interval. Dialect and disability cross-tabs are unavailable.",,NEW_EDITION_EVIDENCE,false,36c84e17cad8712bfb494cf209607ed2478b5d9d249c025e8ccde4c94d2392cf,edition-target:regional:cy-Latn-GB-WLS,,cy-Latn-GB-WLS,edition-target:regional:cy-Latn-GB-WLS,edition-target:regional:cy-Latn-GB-WLS
regional:AMERICAS_EUROPE_EMPIRICAL_NEED_INPUTS:djk-Latn-SR:144,AMERICAS_EUROPE_EMPIRICAL_NEED_INPUTS,djk-Latn-SR,edition-target:regional:djk-Latn-SR,REGIONAL_EMPIRICAL_STRATUM,unrankable_no_compatible_person_measure,exact-variety persons,,,,No compatible exact person measure was verified; numeric fields are blank.,2024 resource evidence,Suriname and French Guiana,written and spoken; Latin script; exact orthographic coverage unverified,KREYOL_MT_2024;COMMON_VOICE_26_2026;OER_UNESCO_2019,https://www.cs.jhu.edu/~kevinduh/t/naacl24/final_pdf/paper289.pdf;https://raw.githubusercontent.com/common-voice/cv-dataset/main/datasets/scripted-speech/cv-corpus-26.0-2026-06-12.json;https://www.unesco.org/en/legal-affairs/recommendation-open-educational-resources-oer?hub=422,"KREYOL_MT_2024: pp. 2, 5–6 and Table 3: exact/pooled language public/all sentence counts and genre transfer | COMMON_VOICE_26_2026: locale entry counts/hours and absence audit | OER_UNESCO_2019: Definition I.1 and scope","Sentence pairs are not people, learning or curriculum. No exact population/outcome/access evidence; neighboring Creole standards are nonallocable.",,NEW_EDITION_EVIDENCE,false,cf018ad86a7735eb0c493d657e898be930c5038de4619a85bcbefa8182ec5d81,edition-target:regional:djk-Latn-SR,,djk-Latn-SR,edition-target:regional:djk-Latn-SR,edition-target:regional:djk-Latn-SR
regional:AMERICAS_EUROPE_EMPIRICAL_NEED_INPUTS:es-BO:109,AMERICAS_EUROPE_EMPIRICAL_NEED_INPUTS,es-BO,,REGIONAL_EMPIRICAL_STRATUM,census_principal_language_share_no_exact_person_count,principal-language survey/census share without exact standard person count,,,,"Census 2012 reports Spanish as principal language for 69.4% age 6+ under exclusions, but no source-stated exact person count is used.",2012,Bolivia,written and spoken; Latin script,BO_CENSUS_LANGUAGE_2012;BO_READING_DIAGNOSTIC_2025;BO_EDU_RESOURCES_2024;OER_UNESCO_2019;CATALOG_OTL_20260901;CATALOG_DOAB_20260901,https://anda4.ine.gob.bo/ANDA4_3/index.php/catalog/495/download/2358;https://olimpiada.minedu.gob.bo/pdf/boletines/resultados-prueba-de-lectura.pdf;https://www.minedu.gob.bo/files/publicaciones/unicom/publicaciones/2025/Memoria_Intitucional_2024_compressed.pdf;https://www.unesco.org/en/legal-affairs/recommendation-open-educational-resources-oer?hub=422;https://open.umn.edu/opentextbooks/textbooks.json;https://directory.doabooks.org/rest/search,"BO_CENSUS_LANGUAGE_2012: principal language age 6+; La Paz Aymara table and national graphs | BO_READING_DIAGNOSTIC_2025: tested population/coverage and mean correct by grade | BO_EDU_RESOURCES_2024: alphabets, glossaries, dictionaries, grammars and initial textbooks inventory | OER_UNESCO_2019: Definition I.1 and scope | CATALOG_OTL_20260901: links.total_count after language-code query; counts reproduced in each row | CATALOG_DOAB_20260901: x-total-count after exact dc.language label query; counts reproduced in each row","Percentages not converted. Principal language, inventory items and national assessment differ; exact standard population/open/access evidence absent.",,EVIDENCE_ONLY_CONTEXT,false,b817bf024e1431d1421d5bb24a854b6869983254e138be4fc765ecdcea788a2b,,,,,
regional:AMERICAS_EUROPE_EMPIRICAL_NEED_INPUTS:es-CO:110,AMERICAS_EUROPE_EMPIRICAL_NEED_INPUTS,es-CO,,REGIONAL_EMPIRICAL_STRATUM,unrankable_no_exact_standard_person_measure,exact Colombian-standard speakers,,,,No compatible exact Colombian-Spanish standard person count was verified; numeric fields blank.,2018–2024 evidence,Colombia,written and spoken; Latin script,CO_WAYUU_LANGUAGE_2018;CO_MEN_INDIG_EDU_2024;UNESCO_ERCE_READING_2019;CO_ENTIC_2024;OER_UNESCO_2019;CATALOG_OTL_20260901;CATALOG_DOAB_20260901,https://www.dane.gov.co/files/investigaciones/poblacion/informes-estadisticas-sociodemograficas/2021-09-24-Registro-Estadistico-Pueblo-Wayuu.pdf;https://www.mineducacion.gov.co/1780/articles-385377_recurso_29.pdf;https://unesdoc.unesco.org/in/rest/annotationSVC/DownloadWatermarkedAttachment/attach_import_467d448e-d64b-4f4d-b86f-f65db90b6b9b?_=380257spa.pdf;https://www.dane.gov.co/files/operaciones/ENTIC/bol-ENTICHogares-2024.pdf;https://www.unesco.org/en/legal-affairs/recommendation-open-educational-resources-oer?hub=422;https://open.umn.edu/opentextbooks/textbooks.json;https://directory.doabooks.org/rest/search,"CO_WAYUU_LANGUAGE_2018: p. 25 Wayuunaiki speaking/understanding constructs | CO_MEN_INDIG_EDU_2024: p. 35 Indigenous learners receiving own pedagogical proposals | UNESCO_ERCE_READING_2019: Annex p. 43: country percentage reaching minimum reading level, Grade 3 Level II+ and Grade 6 Level III+ | CO_ENTIC_2024: national/urban/rural and La Guajira/Vichada connected-household shares | OER_UNESCO_2019: Definition I.1 and scope | CATALOG_OTL_20260901: links.total_count after language-code query; counts reproduced in each row | CATALOG_DOAB_20260901: x-total-count after exact dc.language label query; counts reproduced in each row","No exact standard count. Wayúu constructs, program reach, ERCE and household access differ; territorial access not language cross-tab.",,EVIDENCE_ONLY_CONTEXT,false,c249a4be8c1487a040e8be96d909bd556e38702b7571356ee81d7d0adca1046b,,,,,
regional:AMERICAS_EUROPE_EMPIRICAL_NEED_INPUTS:es-DO:111,AMERICAS_EUROPE_EMPIRICAL_NEED_INPUTS,es-DO,,REGIONAL_EMPIRICAL_STRATUM,census_territorial_population_ceiling,"resident territorial population ceiling, not standard speakers",,,10760028,Final Census 2022 territory total retained only as a ceiling; no exact Dominican-Spanish speaker count inferred.,2022,Dominican Republic,written and spoken; Latin script,DO_CENSUS_POP_2022;UNESCO_ERCE_READING_2019;DO_ENHOGAR_2024;OER_UNESCO_2019;CATALOG_OTL_20260901;CATALOG_DOAB_20260901,https://www.one.gob.do/media/0hqd0f5b/bolet%C3%ADn-censal-26.pdf;https://unesdoc.unesco.org/in/rest/annotationSVC/DownloadWatermarkedAttachment/attach_import_467d448e-d64b-4f4d-b86f-f65db90b6b9b?_=380257spa.pdf;https://www.one.gob.do/media/3njbmpu5/informe-general-enhogar-2024.pdf;https://www.unesco.org/en/legal-affairs/recommendation-open-educational-resources-oer?hub=422;https://open.umn.edu/opentextbooks/textbooks.json;https://directory.doabooks.org/rest/search,"DO_CENSUS_POP_2022: territory population 10,760,028 | UNESCO_ERCE_READING_2019: Annex p. 43: country percentage reaching minimum reading level, Grade 3 Level II+ and Grade 6 Level III+ | DO_ENHOGAR_2024: sample n=10,583 households; internet urban/rural and computer shares | OER_UNESCO_2019: Definition I.1 and scope | CATALOG_OTL_20260901: links.total_count after language-code query; counts reproduced in each row | CATALOG_DOAB_20260901: x-total-count after exact dc.language label query; counts reproduced in each row","Territory ceiling not speakers; ERCE and household sample differ. Exact standard/dialect, academic English and open-ladder evidence absent.",,EVIDENCE_ONLY_CONTEXT,false,cef2f426857b85bfaeda178a34b5ad0c7da0504ba6baf3e00c866b82f8e884ea,,,,,
regional:AMERICAS_EUROPE_EMPIRICAL_NEED_INPUTS:es-EC:112,AMERICAS_EUROPE_EMPIRICAL_NEED_INPUTS,es-EC,,REGIONAL_EMPIRICAL_STRATUM,unrankable_no_exact_standard_person_measure,exact Ecuadorian-standard speakers,,,,No compatible exact standard person count verified; numeric fields blank.,2022–2023 evidence,Ecuador,written and spoken; Latin script,EC_SEIBE_2022;EC_EDU_ASSESS_ACCESS_2023;UNESCO_ERCE_READING_2019;OER_UNESCO_2019;CATALOG_OTL_20260901;CATALOG_DOAB_20260901,https://educacion.gob.ec/la-secretaria-de-educacion-intercultural-bilingue-y-la-etnoeducacion-cuenta-con-autonomia/;https://educacion.gob.ec/wp-content/plugins/download-monitor/download.php?id=22212;https://unesdoc.unesco.org/in/rest/annotationSVC/DownloadWatermarkedAttachment/attach_import_467d448e-d64b-4f4d-b86f-f65db90b6b9b?_=380257spa.pdf;https://www.unesco.org/en/legal-affairs/recommendation-open-educational-resources-oer?hub=422;https://open.umn.edu/opentextbooks/textbooks.json;https://directory.doabooks.org/rest/search,"EC_SEIBE_2022: EIB students, teachers and centres | EC_EDU_ASSESS_ACCESS_2023: pp. 16–17, 40 and 55: Grade 10 Language and Literature, pedagogical internet definitions/results | UNESCO_ERCE_READING_2019: Annex p. 43: country percentage reaching minimum reading level, Grade 3 Level II+ and Grade 6 Level III+ | OER_UNESCO_2019: Definition I.1 and scope | CATALOG_OTL_20260901: links.total_count after language-code query; counts reproduced in each row | CATALOG_DOAB_20260901: x-total-count after exact dc.language label query; counts reproduced in each row","Program, school internet and national learning outcomes have different denominators; no exact standard population or EIB causal result.",,EVIDENCE_ONLY_CONTEXT,false,f65733fbb2b7e172ee6d3b8129039c22788286775ff13f8a4de472e88bad27ed,,,,,
regional:AMERICAS_EUROPE_EMPIRICAL_NEED_INPUTS:es-ES:113,AMERICAS_EUROPE_EMPIRICAL_NEED_INPUTS,es-ES,,REGIONAL_EMPIRICAL_STRATUM,census_territorial_population_ceiling,"resident territorial population ceiling, not standard speakers",,,47400798,Census 2021 resident total retained only as a ceiling. Co-official/minority language populations are not assumed Spanish-standard speakers.,2021,Spain,written and spoken; Latin script,ES_CENSUS_POP_2021;ES_PISA_2022;ES_PROCOMUN_OER;EUROSTAT_INTERNET_2025;OER_UNESCO_2019;CATALOG_OTL_20260901;CATALOG_DOAB_20260901,https://www.ine.es/prensa/censo_2021_pr.pdf;https://www.oecd.org/en/publications/pisa-2022-results-volume-i-and-ii-country-notes_ed6fbcc5-en/spain_f1a3afc1-en.html;https://educagob.educacionfpydeportes.gob.es/ensenanzas/idiomas/recursos-educativos.html;https://ec.europa.eu/eurostat/statistics-explained/SEPDF/cache/108644.pdf;https://www.unesco.org/en/legal-affairs/recommendation-open-educational-resources-oer?hub=422;https://open.umn.edu/opentextbooks/textbooks.json;https://directory.doabooks.org/rest/search,"ES_CENSUS_POP_2021: resident population 47,400,798 | ES_PISA_2022: reading Level 2+ and Level 5+ shares | ES_PROCOMUN_OER: structured, downloadable, reusable OER repository description | EUROSTAT_INTERNET_2025: household internet-access section and country chart | OER_UNESCO_2019: Definition I.1 and scope | CATALOG_OTL_20260901: links.total_count after language-code query; counts reproduced in each row | CATALOG_DOAB_20260901: x-total-count after exact dc.language label query; counts reproduced in each row",Territory ceiling not speakers; co-official-language users remain separate. PISA/internet are national contexts; global catalog counts not national standard inventory.,,EVIDENCE_ONLY_CONTEXT,false,97302380127509918ec91141d49bec31439b99c672a969f022817609a0f9f4c2,,,,,
regional:AMERICAS_EUROPE_EMPIRICAL_NEED_INPUTS:es-GT:114,AMERICAS_EUROPE_EMPIRICAL_NEED_INPUTS,es-GT,,REGIONAL_EMPIRICAL_STRATUM,census_childhood_acquired_language_not_exact_standard_proficiency,persons age 4+ reporting Spanish as language learned to speak,,9488838,,2018 census source-stated Spanish childhood-language count; not current/academic proficiency or one dialect.,2018,Guatemala,written and spoken; Latin script,GT_CENSUS_LANGUAGE_2018;GT_EDU_REPORT_2023;UNESCO_ERCE_READING_2019;GT_CENSUS_INTERNET_2018;OER_UNESCO_2019;CATALOG_OTL_20260901;CATALOG_DOAB_20260901,https://censo2018.ine.gob.gt/archivos/Principales_resultados_Censo2018.pdf;https://edu.mineduc.gob.gt/documents/memoriaLabores/Memoria_de_Labores_2023.pdf;https://unesdoc.unesco.org/in/rest/annotationSVC/DownloadWatermarkedAttachment/attach_import_467d448e-d64b-4f4d-b86f-f65db90b6b9b?_=380257spa.pdf;https://censo2018.ine.gob.gt/archivos/resultados_censo2018.pdf;https://www.unesco.org/en/legal-affairs/recommendation-open-educational-resources-oer?hub=422;https://open.umn.edu/opentextbooks/textbooks.json;https://directory.doabooks.org/rest/search,"GT_CENSUS_LANGUAGE_2018: language in which persons age 4+ learned to speak by exact named language | GT_EDU_REPORT_2023: EIB enrolment by stage, characterized-school footprint and named material outputs | UNESCO_ERCE_READING_2019: Annex p. 43: country percentage reaching minimum reading level, Grade 3 Level II+ and Grade 6 Level III+ | GT_CENSUS_INTERNET_2018: internet-used/not-used/undeclared counts | OER_UNESCO_2019: Definition I.1 and scope | CATALOG_OTL_20260901: links.total_count after language-code query; counts reproduced in each row | CATALOG_DOAB_20260901: x-total-count after exact dc.language label query; counts reproduced in each row","Childhood language, bilingual enrolment, ERCE and internet use differ. No exact standard current speaker/academic count; global catalog not territorial.",,EVIDENCE_ONLY_CONTEXT,false,e37caf2ddab5fb7a1d959cb46bd8f8ff3b6a1504b6cc961501e6795ab47d3baf,,,,,
regional:AMERICAS_EUROPE_EMPIRICAL_NEED_INPUTS:es-MX:115,AMERICAS_EUROPE_EMPIRICAL_NEED_INPUTS,es-MX,,REGIONAL_EMPIRICAL_STRATUM,census_territorial_age3plus_ceiling,"population age 3+ territorial ceiling, not standard speakers",,,119976584,2020 census age-3+ total retained only as a ceiling; no exact Mexican-standard Spanish count is inferred.,2020,Mexico,written and spoken; Latin script,MX_CENSUS_LANGUAGE_DETAIL_2020;MX_INDIG_CHILD_SPANISH_2020;MX_INEE_TEACHER_MATCH_2016_17;UNESCO_ERCE_READING_2019;MX_ENDUTIH_2023;OER_UNESCO_2019;CATALOG_OTL_20260901;CATALOG_DOAB_20260901,https://en.www.inegi.org.mx/contenidos/productos/prod_serv/contenidos/espanol/bvinegi/productos/nueva_estruc/889463901617.pdf;https://www.inegi.org.mx/contenidos/saladeprensa/aproposito/2022/EAP_DiaNino22.pdf;https://www.inee.edu.mx/wp-content/uploads/2019/08/P1B117.pdf;https://unesdoc.unesco.org/in/rest/annotationSVC/DownloadWatermarkedAttachment/attach_import_467d448e-d64b-4f4d-b86f-f65db90b6b9b?_=380257spa.pdf;https://www.inegi.org.mx/contenidos/saladeprensa/boletines/2024/ENDUTIH/ENDUTIH_23.pdf;https://www.unesco.org/en/legal-affairs/recommendation-open-educational-resources-oer?hub=422;https://open.umn.edu/opentextbooks/textbooks.json;https://directory.doabooks.org/rest/search,"MX_CENSUS_LANGUAGE_DETAIL_2020: total age-3+ population and Spanish ability among Indigenous-language speakers | MX_INDIG_CHILD_SPANISH_2020: p. 3: one million children; 280,000 did not speak Spanish | MX_INEE_TEACHER_MATCH_2016_17: p. 117: schools lacking any teacher speaking community mother tongue | UNESCO_ERCE_READING_2019: Annex p. 43: country percentage reaching minimum reading level, Grade 3 Level II+ and Grade 6 Level III+ | MX_ENDUTIH_2023: household internet access and Chiapas/Oaxaca/Guerrero shares | OER_UNESCO_2019: Definition I.1 and scope | CATALOG_OTL_20260901: links.total_count after language-code query; counts reproduced in each row | CATALOG_DOAB_20260901: x-total-count after exact dc.language label query; counts reproduced in each row","Ceiling is not speakers; standard/dialect not enumerated. Indigenous subgroup, school mismatch, ERCE and household internet denominators differ; Spanish OER counts are global.",,EVIDENCE_ONLY_CONTEXT,false,4b9c9cf2417b670d882fe6f30d9edcb6dc0df417407b3c6e4b6ca97633d10bfb,,,,,
regional:AMERICAS_EUROPE_EMPIRICAL_NEED_INPUTS:es-PA:116,AMERICAS_EUROPE_EMPIRICAL_NEED_INPUTS,es-PA,,REGIONAL_EMPIRICAL_STRATUM,unrankable_no_exact_standard_person_measure,exact Panamanian-standard speakers,,,,No compatible exact standard count verified; numeric fields blank.,2023–2025 evidence,Panama,written and spoken; Latin script,PA_NGABE_ACCESS_2023;PA_MEDUCA_EIB_PLAN_2025_29;UNESCO_ERCE_READING_2019;OER_UNESCO_2019;CATALOG_OTL_20260901;CATALOG_DOAB_20260901,https://www.inec.gob.pa/archivos/P053342420231009163000CUADRO%2019.pdf;https://meduca.gob.pa/wp-content/uploads/2025/06/Plan_Estrategico_2025-2029.pdf;https://unesdoc.unesco.org/in/rest/annotationSVC/DownloadWatermarkedAttachment/attach_import_467d448e-d64b-4f4d-b86f-f65db90b6b9b?_=380257spa.pdf;https://www.unesco.org/en/legal-affairs/recommendation-open-educational-resources-oer?hub=422;https://open.umn.edu/opentextbooks/textbooks.json;https://directory.doabooks.org/rest/search,"PA_NGABE_ACCESS_2023: Table 19: age-4+ internet/computer use counts | PA_MEDUCA_EIB_PLAN_2025_29: Ari Taen Jadenkä classrooms/enrolment and Ngäbere mathematics delivery | UNESCO_ERCE_READING_2019: Annex p. 43: country percentage reaching minimum reading level, Grade 3 Level II+ and Grade 6 Level III+ | OER_UNESCO_2019: Definition I.1 and scope | CATALOG_OTL_20260901: links.total_count after language-code query; counts reproduced in each row | CATALOG_DOAB_20260901: x-total-count after exact dc.language label query; counts reproduced in each row","No exact standard population. Comarca access, program delivery and national ERCE differ; no causal language result or open-licence audit.",,EVIDENCE_ONLY_CONTEXT,false,d8f5474784ec330a091f2f4141711d2e8b76942c83c6074ed0cd5178d33f5ea5,,,,,
regional:AMERICAS_EUROPE_EMPIRICAL_NEED_INPUTS:es-PE:117,AMERICAS_EUROPE_EMPIRICAL_NEED_INPUTS,es-PE,,REGIONAL_EMPIRICAL_STRATUM,census_childhood_acquired_language_not_exact_standard_proficiency,persons age 5+ reporting Spanish learned in childhood,,22209686,,2017 census source-stated Spanish childhood-language count; not exact Peruvian-standard current/academic proficiency.,2017,Peru,written and spoken; Latin script,PE_CENSUS_LANGUAGE_2017;PE_MINEDU_EIB_2025;UNESCO_ERCE_READING_2019;PE_INTERNET_CHILDREN_2023;OER_UNESCO_2019;CATALOG_OTL_20260901;CATALOG_DOAB_20260901,https://censo2017.inei.gob.pe/inei-difunde-base-de-datos-de-los-censos-nacionales-2017-y-el-perfil-sociodemografico-del-peru/;https://www.gob.pe/institucion/minedu/noticias/1297300-minedu-atiende-a-estudiantes-en-12-lenguas-consideradas-en-riesgo-de-desaparicion;https://unesdoc.unesco.org/in/rest/annotationSVC/DownloadWatermarkedAttachment/attach_import_467d448e-d64b-4f4d-b86f-f65db90b6b9b?_=380257spa.pdf;https://www1.inei.gob.pe/media/MenuRecursivo/noticias/nota-de-prensa-n-034-2024-inei.pdf;https://www.unesco.org/en/legal-affairs/recommendation-open-educational-resources-oer?hub=422;https://open.umn.edu/opentextbooks/textbooks.json;https://directory.doabooks.org/rest/search,"PE_CENSUS_LANGUAGE_2017: Spanish, Quechua, Aymara and other native childhood-language counts | PE_MINEDU_EIB_2025: EIB learners, institutions, teachers, service languages and material languages/Quechua varieties | UNESCO_ERCE_READING_2019: Annex p. 43: country percentage reaching minimum reading level, Grade 3 Level II+ and Grade 6 Level III+ | PE_INTERNET_CHILDREN_2023: internet use and place/device access shares | OER_UNESCO_2019: Definition I.1 and scope | CATALOG_OTL_20260901: links.total_count after language-code query; counts reproduced in each row | CATALOG_DOAB_20260901: x-total-count after exact dc.language label query; counts reproduced in each row","Childhood language, EIB program reach, ERCE and internet users differ. Standard/dialect and academic proficiency not enumerated; global catalog counts not territorial.",,EVIDENCE_ONLY_CONTEXT,false,8af78ec1781abc3c3bdd6d98125cd92246cba6190f64846827405aad8c627f71,,,,,
regional:AMERICAS_EUROPE_EMPIRICAL_NEED_INPUTS:es-PY:118,AMERICAS_EUROPE_EMPIRICAL_NEED_INPUTS,es-PY,,REGIONAL_EMPIRICAL_STRATUM,survey_home_language_shares_no_exact_standard_count,age-5+ household-language survey category without exact standard person count,,,,No exact Paraguayan-Spanish standard person count is used; numeric fields blank.,2022,Paraguay,written and spoken; Latin script,PY_HOME_LANGUAGE_2022;PY_EDU_PLAN_2040;UNESCO_ERCE_READING_2019;PY_INTERNET_2023;OER_UNESCO_2019;CATALOG_OTL_20260901;CATALOG_DOAB_20260901,"https://www.ine.gov.py/ende/contenido.php?c=1484&title=21_de_febrero,_D%C3%ADa_Internacional_de_la_Lengua_Materna;https://siteal.iiep.unesco.org/sites/default/files/sit_accion_files/plan_nacional_de_transformacion_educativa_paraguay_2040.pdf;https://unesdoc.unesco.org/in/rest/annotationSVC/DownloadWatermarkedAttachment/attach_import_467d448e-d64b-4f4d-b86f-f65db90b6b9b?_=380257spa.pdf;https://www.ine.gov.py/Publicaciones/Biblioteca/documento/253/Tecnolog%C3%ADa%20de%20la%20Informaci%C3%B3n%20y%20Comunicaci%C3%B3n%20EPHC_2023_INE.pdf;https://www.unesco.org/en/legal-affairs/recommendation-open-educational-resources-oer?hub=422;https://open.umn.edu/opentextbooks/textbooks.json;https://directory.doabooks.org/rest/search","PY_HOME_LANGUAGE_2022: home-language shares and survey population 6,694,306 | PY_EDU_PLAN_2040: pp. 23–24 and 32: literacy, PISA-D reading, cohort completion and home-language association | UNESCO_ERCE_READING_2019: Annex p. 43: country percentage reaching minimum reading level, Grade 3 Level II+ and Grade 6 Level III+ | PY_INTERNET_2023: internet use, urban/rural shares, education/training use and exclusions | OER_UNESCO_2019: Definition I.1 and scope | CATALOG_OTL_20260901: links.total_count after language-code query; counts reproduced in each row | CATALOG_DOAB_20260901: x-total-count after exact dc.language label query; counts reproduced in each row","Home use is not exact standard ability. Survey, PISA-D, cohort completion, ERCE and internet samples differ; Indigenous exclusions limit access context.",,EVIDENCE_ONLY_CONTEXT,false,90937c556a6da6b220ed527d2e70d80e7ec4554bd76f196d768bfa50e9790935,,,,,
regional:AMERICAS_EUROPE_EMPIRICAL_NEED_INPUTS:es-US-EL:119,AMERICAS_EUROPE_EMPIRICAL_NEED_INPUTS,es-US-EL,edition-target:regional:es-US-EL,REGIONAL_EMPIRICAL_STRATUM,official_public_school_administrative_language_need_cohort,current public-school English learners with Spanish/Castilian reported as home language,,4023289,,NCES/EDFacts source-stated fall-2021 count; excludes prekindergarten and is not a population count of all U.S. Spanish speakers.,2021/22,"United States, 50 states and District of Columbia public schools",written and spoken; Latin script,US_NCES_SPANISH_EL_2021;US_NCES_EL_READING_2022;US_NCES_EL_ACGR_2021_22;US_NCES_HSB_SPANISH_READING_2022;US_OPENSCIED_SPANISH;US_OPENUP_MATH_SPANISH;OER_UNESCO_2019;CATALOG_OTL_20260901;CATALOG_DOAB_20260901,https://nces.ed.gov/programs/digest/d23/tables/dt23_204.27.asp;https://nces.ed.gov/programs/coe/indicator/cnb/reading-performance?tid=4;https://nces.ed.gov/programs/digest/d23/tables/dt23_219.46.asp;https://nces.ed.gov/programs/digest/d23/tables/dt23_221.82.asp;https://openscied.org/knowledge/what-languages-are-the-openscied-materials-translated-into/;https://access.openupresources.org/curricula/our6-8math-v3/es;https://www.unesco.org/en/legal-affairs/recommendation-open-educational-resources-oer?hub=422;https://open.umn.edu/opentextbooks/textbooks.json;https://directory.doabooks.org/rest/search,"US_NCES_SPANISH_EL_2021: Spanish, Castilian row: 4,023,289 current ELs; 76.4% of ELs; 8.4% of total enrolment | US_NCES_EL_READING_2022: Grade 4 EL 190 versus non-EL 222; Grade 8 EL 225 versus non-EL 264 | US_NCES_EL_ACGR_2021_22: U.S. row: EL ACGR 72%; all students 87% | US_NCES_HSB_SPANISH_READING_2022: Spanish-primary monolingual reading quintiles 32.9/23.7/22.8/12.6/8.1 | US_OPENSCIED_SPANISH: all middle/high student readings, handouts and assessments translated into Spanish; unit-level CC BY/CC BY-NC licensing described on linked official pages | US_OPENUP_MATH_SPANISH: Spanish teacher/family/student materials; edition-level CC BY or CC BY-NC terms | OER_UNESCO_2019: Definition I.1 and scope | CATALOG_OTL_20260901: links.total_count after language-code query; counts reproduced in each row | CATALOG_DOAB_20260901: x-total-count after exact dc.language label query; counts reproduced in each row","Population is an education-need cohort, not all speakers. LIEP/NAEP/ACGR are all-EL contexts; HS&B is Spanish-primary-specific but a different study. Program, outcome and resource units differ.",,NEW_EDITION_EVIDENCE,false,8f229c1515f4639bc20a165fa5613edd530f069462479a7929163938be95c196,edition-target:regional:es-US-EL,,es-US-EL,edition-target:regional:es-US-EL,edition-target:regional:es-US-EL
regional:AMERICAS_EUROPE_EMPIRICAL_NEED_INPUTS:eu-Latn-ES-NC:156,AMERICAS_EUROPE_EMPIRICAL_NEED_INPUTS,eu-Latn-ES-NC,edition-target:regional:eu-Latn-ES-NC,REGIONAL_EMPIRICAL_STRATUM,official_sociolinguistic_survey_estimate,survey-estimated Basque speakers age 16+,,76784,,Seventh Sociolinguistic Survey source-stated estimate for Basque speakers age 16+ in Navarre.,2021,"Navarre, Spain",written and spoken; Latin script; standardized Basque plus local varieties,BASQUE_SURVEY_2021;EUROSTAT_INTERNET_2025;OER_UNESCO_2019;CATALOG_OTL_20260901;CATALOG_DOAB_20260901,https://www.euskadi.eus/contenidos/informacion/eas_ikerketak/en_def/adjuntos/Seventh_Sociolinguistic_Survey_2021.pdf;https://ec.europa.eu/eurostat/statistics-explained/SEPDF/cache/108644.pdf;https://www.unesco.org/en/legal-affairs/recommendation-open-educational-resources-oer?hub=422;https://open.umn.edu/opentextbooks/textbooks.json;https://directory.doabooks.org/rest/search,BASQUE_SURVEY_2021: Table 2 population age 16+ by language competence and fluency/usage sections | EUROSTAT_INTERNET_2025: household internet-access section and country chart | OER_UNESCO_2019: Definition I.1 and scope | CATALOG_OTL_20260901: links.total_count after language-code query; counts reproduced in each row | CATALOG_DOAB_20260901: x-total-count after exact dc.language label query; counts reproduced in each row,Territory-specific stage and outcome evidence is absent; BAC education data are not imported. Counts are survey estimates; local varieties and zones unresolved.,,NEW_EDITION_EVIDENCE,false,543731dadb2227c96c9b9bee83b679a67da2aa8a95234beed860644304ab52a3,edition-target:regional:eu-Latn-ES-NC,,eu-Latn-ES-NC,edition-target:regional:eu-Latn-ES-NC,edition-target:regional:eu-Latn-ES-NC
regional:AMERICAS_EUROPE_EMPIRICAL_NEED_INPUTS:eu-Latn-ES-PV:157,AMERICAS_EUROPE_EMPIRICAL_NEED_INPUTS,eu-Latn-ES-PV,edition-target:regional:eu-Latn-ES-PV,REGIONAL_EMPIRICAL_STRATUM,official_sociolinguistic_survey_estimate,survey-estimated Basque speakers age 16+,,681072,,Seventh Sociolinguistic Survey source-stated estimate for bilingual Basque speakers age 16+ in the territory.,2021,"Basque Autonomous Community, Spain",written and spoken; Latin script; standardized Basque plus local varieties,BASQUE_SURVEY_2021;BASQUE_EUSTAT_SCHOOLS_2025;EUROSTAT_INTERNET_2025;OER_UNESCO_2019;CATALOG_OTL_20260901;CATALOG_DOAB_20260901,https://www.euskadi.eus/contenidos/informacion/eas_ikerketak/en_def/adjuntos/Seventh_Sociolinguistic_Survey_2021.pdf;https://en.eustat.eus/estad/id_68/ti_school-activity-statistics/latest-press-release.html;https://ec.europa.eu/eurostat/statistics-explained/SEPDF/cache/108644.pdf;https://www.unesco.org/en/legal-affairs/recommendation-open-educational-resources-oer?hub=422;https://open.umn.edu/opentextbooks/textbooks.json;https://directory.doabooks.org/rest/search,BASQUE_SURVEY_2021: Table 2 population age 16+ by language competence and fluency/usage sections | BASQUE_EUSTAT_SCHOOLS_2025: language-model shares by education stage and vocational training | EUROSTAT_INTERNET_2025: household internet-access section and country chart | OER_UNESCO_2019: Definition I.1 and scope | CATALOG_OTL_20260901: links.total_count after language-code query; counts reproduced in each row | CATALOG_DOAB_20260901: x-total-count after exact dc.language label query; counts reproduced in each row,"Survey speakers, age-5+ administrative counts and school-language models have different universes. Education model data apply only to the autonomous community; English and disability/access cross-tabs are absent.",,NEW_EDITION_EVIDENCE,false,6ef6ef0c30bff7c5e7aa9cf411584894bea4209591183762dbecdbec3275e348,edition-target:regional:eu-Latn-ES-PV,,eu-Latn-ES-PV,edition-target:regional:eu-Latn-ES-PV,edition-target:regional:eu-Latn-ES-PV
regional:AMERICAS_EUROPE_EMPIRICAL_NEED_INPUTS:eu-Latn-FR-64:158,AMERICAS_EUROPE_EMPIRICAL_NEED_INPUTS,eu-Latn-FR-64,edition-target:regional:eu-Latn-FR-64,REGIONAL_EMPIRICAL_STRATUM,official_sociolinguistic_survey_estimate,survey-estimated Basque speakers age 16+,,51484,,Seventh Sociolinguistic Survey source-stated estimate for Basque speakers age 16+ in Northern Basque Country.,2021,"Northern Basque Country, Pyrénées-Atlantiques, France",written and spoken; Latin script; standardized Basque plus local varieties,BASQUE_SURVEY_2021;EUROSTAT_INTERNET_2025;OER_UNESCO_2019;CATALOG_OTL_20260901;CATALOG_DOAB_20260901,https://www.euskadi.eus/contenidos/informacion/eas_ikerketak/en_def/adjuntos/Seventh_Sociolinguistic_Survey_2021.pdf;https://ec.europa.eu/eurostat/statistics-explained/SEPDF/cache/108644.pdf;https://www.unesco.org/en/legal-affairs/recommendation-open-educational-resources-oer?hub=422;https://open.umn.edu/opentextbooks/textbooks.json;https://directory.doabooks.org/rest/search,BASQUE_SURVEY_2021: Table 2 population age 16+ by language competence and fluency/usage sections | EUROSTAT_INTERNET_2025: household internet-access section and country chart | OER_UNESCO_2019: Definition I.1 and scope | CATALOG_OTL_20260901: links.total_count after language-code query; counts reproduced in each row | CATALOG_DOAB_20260901: x-total-count after exact dc.language label query; counts reproduced in each row,"Speaker count is a survey estimate; local varieties, stages, learning, disability/device access and open licences are unmeasured. Spain data are not transferred.",,NEW_EDITION_EVIDENCE,false,2170f990421eca5aff09e8ba2a4bfcff25b8ddde0e542bde5191fe5e04d6ff47,edition-target:regional:eu-Latn-FR-64,,eu-Latn-FR-64,edition-target:regional:eu-Latn-FR-64,edition-target:regional:eu-Latn-FR-64
regional:AMERICAS_EUROPE_EMPIRICAL_NEED_INPUTS:frr-Latn-DE-SH:159,AMERICAS_EUROPE_EMPIRICAL_NEED_INPUTS,frr-Latn-DE-SH,,REGIONAL_EMPIRICAL_STRATUM,official_approximate_source_stated_speaker_range,persons described as speaking North Frisian,8000,,10000,"The state government directly states an approximate range of 8,000–10,000 North Frisian speakers; no midpoint is supplied.",2025,"North Frisia and Heligoland, Schleswig-Holstein, Germany",written and spoken; Latin script; multiple variety orthographies,DE_SH_NORTH_FRISIAN_SPEAKERS_2025;DE_SH_NORTH_FRISIAN_SCHOOLS_2026;EUROSTAT_INTERNET_2025;OER_UNESCO_2019;CATALOG_OTL_20260901;CATALOG_DOAB_20260901,https://www.schleswig-holstein.de/DE/landesregierung/ministerien-behoerden/I/_startseite/Artikel2025/II/250507_mb_arbeitsbuch_fering;https://www.schleswig-holstein.de/DE/fachinhalte/S/schule_und_unterricht/friesisch;https://ec.europa.eu/eurostat/statistics-explained/SEPDF/cache/108644.pdf;https://www.unesco.org/en/legal-affairs/recommendation-open-educational-resources-oer?hub=422;https://open.umn.edu/opentextbooks/textbooks.json;https://directory.doabooks.org/rest/search,"DE_SH_NORTH_FRISIAN_SPEAKERS_2025: speaker estimate and textbook announcement | DE_SH_NORTH_FRISIAN_SCHOOLS_2026: participating schools, pupils, teachers and named teaching varieties | EUROSTAT_INTERNET_2025: household internet-access section and country chart | OER_UNESCO_2019: Definition I.1 and scope | CATALOG_OTL_20260901: links.total_count after language-code query; counts reproduced in each row | CATALOG_DOAB_20260901: x-total-count after exact dc.language label query; counts reproduced in each row",Required exact-variety person denominators are absent. Administrative pupil counts and umbrella speakers differ. Named textbook availability cannot be generalized to all nine varieties or stages.,,EVIDENCE_ONLY_CONTEXT,false,8094458ebe3c12994215fc7acfe18196c3f857235e507056758035caa25eb0e2,,,,,
regional:AMERICAS_EUROPE_EMPIRICAL_NEED_INPUTS:fy-Latn-NL-FRY:160,AMERICAS_EUROPE_EMPIRICAL_NEED_INPUTS,fy-Latn-NL-FRY,edition-target:regional:fy-Latn-NL-FRY,REGIONAL_EMPIRICAL_STRATUM,sample_survey_home_use_share_no_source_stated_count,persons age 15+ usually speaking Frisian at home,,,,"CBS reports 42% of Fryslân residents age 15+ usually speak Frisian at home, but supplies no source-stated person count on the cited page; numeric person fields are therefore blank.","survey data 2021, 2023 and 2024","Fryslân, Netherlands",written and spoken; Latin script,NL_CBS_HOME_LANGUAGE_2021_2024;NL_PRIMARY_FRISIAN_CURRICULUM;EUROSTAT_INTERNET_2025;OER_UNESCO_2019;CATALOG_OTL_20260901;CATALOG_DOAB_20260901,https://longreads.cbs.nl/the-netherlands-in-numbers-2025/what-languages-do-people-usually-speak-at-home/;https://www.government.nl/topics/primary-education/subjects-and-attainment-targets-in-primary-education;https://ec.europa.eu/eurostat/statistics-explained/SEPDF/cache/108644.pdf;https://www.unesco.org/en/legal-affairs/recommendation-open-educational-resources-oer?hub=422;https://open.umn.edu/opentextbooks/textbooks.json;https://directory.doabooks.org/rest/search,NL_CBS_HOME_LANGUAGE_2021_2024: Frisian home-language results and methods note | NL_PRIMARY_FRISIAN_CURRICULUM: Frisian language requirement and exemption paragraph | EUROSTAT_INTERNET_2025: household internet-access section and country chart | OER_UNESCO_2019: Definition I.1 and scope | CATALOG_OTL_20260901: links.total_count after language-code query; counts reproduced in each row | CATALOG_DOAB_20260901: x-total-count after exact dc.language label query; counts reproduced in each row,"Home use is not ability; the reported percentage is not converted into persons. No variety, learner-outcome, device or open-licence cross-tab is available.",,NEW_EDITION_EVIDENCE,false,309ffe1a803e488fc605b7b56f8d8d88b7968f94ce638d369861009e8bd8c546,edition-target:regional:fy-Latn-NL-FRY,,fy-Latn-NL-FRY,edition-target:regional:fy-Latn-NL-FRY,edition-target:regional:fy-Latn-NL-FRY
regional:AMERICAS_EUROPE_EMPIRICAL_NEED_INPUTS:gcf-Latn-GP:145,AMERICAS_EUROPE_EMPIRICAL_NEED_INPUTS,gcf-Latn-GP,edition-target:regional:gcf-Latn-GP,REGIONAL_EMPIRICAL_STRATUM,unrankable_no_compatible_person_measure,exact-variety persons,,,,No compatible exact person measure was verified; numeric fields are blank.,2024 resource evidence,Guadeloupe,written and spoken; Latin script; exact orthographic coverage unverified,KREYOL_MT_2024;COMMON_VOICE_26_2026;OER_UNESCO_2019,https://www.cs.jhu.edu/~kevinduh/t/naacl24/final_pdf/paper289.pdf;https://raw.githubusercontent.com/common-voice/cv-dataset/main/datasets/scripted-speech/cv-corpus-26.0-2026-06-12.json;https://www.unesco.org/en/legal-affairs/recommendation-open-educational-resources-oer?hub=422,"KREYOL_MT_2024: pp. 2, 5–6 and Table 3: exact/pooled language public/all sentence counts and genre transfer | COMMON_VOICE_26_2026: locale entry counts/hours and absence audit | OER_UNESCO_2019: Definition I.1 and scope","Sentence pairs are not people, learning or curriculum. No exact population/outcome/access evidence; neighboring Creole standards are nonallocable.",,NEW_EDITION_EVIDENCE,false,d51764ede74721e8ad7f67d81c0c577e97f14ad34b245bcddf121f273c694856,edition-target:regional:gcf-Latn-GP,,gcf-Latn-GP,edition-target:regional:gcf-Latn-GP,edition-target:regional:gcf-Latn-GP
regional:AMERICAS_EUROPE_EMPIRICAL_NEED_INPUTS:gne-Latn-PY:182,AMERICAS_EUROPE_EMPIRICAL_NEED_INPUTS,gne-Latn-PY,,REGIONAL_EMPIRICAL_STRATUM,census_ethnic_pueblo_population_proxy_not_speaker_count,"all-age ethnic-pueblo members (proxy, not speakers)",,3266,,"2022 Indigenous census source-stated all-age population for the named pueblo; retained as an explicit proxy, not a language count.",2022,Paraguay,spoken and written; Latin script; exact own-language orthographic/resource coverage unverified,PY_INDIGENOUS_CENSUS_2022;PY_INDIG_LANG_BULLETIN_2026;PY_INDIG_STUDY_YEARS_2022;OER_UNESCO_2019,https://www.ine.gov.py/Publicaciones/Biblioteca/documento/237/Resultados-Finales-Censo-Indigena.pdf;https://www.ine.gov.py/Publicaciones/Biblioteca/documento/331/Diversidad_de_Lenguas_habladas_por_los_pueblos_indigenas.pdf;https://www.ine.gov.py/Publicaciones/Biblioteca/documento/260/TRIPTICO%20%28Castellano%29.pdf;https://www.unesco.org/en/legal-affairs/recommendation-open-educational-resources-oer?hub=422,PY_INDIGENOUS_CENSUS_2022: ethnic-pueblo counts and age-5+ first-language shares by named pueblo | PY_INDIG_LANG_BULLETIN_2026: own-language-first versus Paraguayan-Guaraní-first by named pueblo and national trend | PY_INDIG_STUDY_YEARS_2022: average years of study age 15+ by named Indigenous pueblo | OER_UNESCO_2019: Definition I.1 and scope,"The Paraguay census label is not presumed coextensive with Brazilian Guarani Nhandeva. Ethnic population and age-5+ first-language shares have different universes and are not multiplied. Exact speaker totals, stages and open-resource licences are absent.",,EVIDENCE_ONLY_CONTEXT,false,59e6f13056ca8a04d7cd7cefacfa875a384eb61b8bc48f11a41f7dd2bd5e42e2,,,,,
regional:AMERICAS_EUROPE_EMPIRICAL_NEED_INPUTS:gnh-Latn-BR:183,AMERICAS_EUROPE_EMPIRICAL_NEED_INPUTS,gnh-Latn-BR,edition-target:regional:gnh-Latn-BR,REGIONAL_EMPIRICAL_STRATUM,census_exact_language_speaking_or_home_use,Indigenous persons age 2+ speaking or using the exact language at home,,6284,,IBGE 2022 source-stated count for Indigenous persons age 2+ speaking or using the exact named language at home.,2022,Brazil,spoken and written; Latin script; exact orthography coverage unverified,BR_IBGE_INDIG_LANG_2022;BR_MEC_INDIG_EDU;NLP_AMERICASNLP_2021;OER_UNESCO_2019,https://educa.ibge.gov.br/images/educa/professores/recursos/liv102252.pdf;https://portal.mec.gov.br/educacao-indigena;https://aclanthology.org/2021.americasnlp-1.23.pdf;https://www.unesco.org/en/legal-affairs/recommendation-open-educational-resources-oer?hub=422,"BR_IBGE_INDIG_LANG_2022: exact language spoken/used at home counts by Indigenous language and ethnic group | BR_MEC_INDIG_EDU: Indigenous teacher/material programs | NLP_AMERICASNLP_2021: Table 1 and section 3: corpus sizes, variety, orthography and domain composition | OER_UNESCO_2019: Definition I.1 and scope","Not merged with Paraguay Guaraní Ñandéva. Speaker/use, ethnicity, residence and program reach differ; cross-border Guaraní resources/counts are not combined.",,NEW_EDITION_EVIDENCE,false,afdeed1afda5fd1551d6d3ef8854e17007585a679fd2add3f2dd1644d76c1cc0,edition-target:regional:gnh-Latn-BR,,gnh-Latn-BR,edition-target:regional:gnh-Latn-BR,edition-target:regional:gnh-Latn-BR
regional:AMERICAS_EUROPE_EMPIRICAL_NEED_INPUTS:gnw-Latn-PY:184,AMERICAS_EUROPE_EMPIRICAL_NEED_INPUTS,gnw-Latn-PY,,REGIONAL_EMPIRICAL_STRATUM,census_ethnic_pueblo_population_proxy_not_speaker_count,"all-age ethnic-pueblo members (proxy, not speakers)",,4090,,"2022 Indigenous census source-stated all-age population for the named pueblo; retained as an explicit proxy, not a language count.",2022,Paraguay,spoken and written; Latin script; exact own-language orthographic/resource coverage unverified,PY_INDIGENOUS_CENSUS_2022;PY_INDIG_LANG_BULLETIN_2026;PY_INDIG_STUDY_YEARS_2022;OER_UNESCO_2019,https://www.ine.gov.py/Publicaciones/Biblioteca/documento/237/Resultados-Finales-Censo-Indigena.pdf;https://www.ine.gov.py/Publicaciones/Biblioteca/documento/331/Diversidad_de_Lenguas_habladas_por_los_pueblos_indigenas.pdf;https://www.ine.gov.py/Publicaciones/Biblioteca/documento/260/TRIPTICO%20%28Castellano%29.pdf;https://www.unesco.org/en/legal-affairs/recommendation-open-educational-resources-oer?hub=422,PY_INDIGENOUS_CENSUS_2022: ethnic-pueblo counts and age-5+ first-language shares by named pueblo | PY_INDIG_LANG_BULLETIN_2026: own-language-first versus Paraguayan-Guaraní-first by named pueblo and national trend | PY_INDIG_STUDY_YEARS_2022: average years of study age 15+ by named Indigenous pueblo | OER_UNESCO_2019: Definition I.1 and scope,"The exact census pueblo label is retained; Bolivian Guaraní counts/resources are not imported. Ethnic population and age-5+ first-language shares have different universes and are not multiplied. Exact speaker totals, stages and open-resource licences are absent.",,EVIDENCE_ONLY_CONTEXT,false,620810d2d2349b4eea821bb6ffb3d61733de1a88b620bb10e17c661be4405530,,,,,
regional:AMERICAS_EUROPE_EMPIRICAL_NEED_INPUTS:gug-Latn-PY-home:108,AMERICAS_EUROPE_EMPIRICAL_NEED_INPUTS,gug-Latn-PY-home,,REGIONAL_EMPIRICAL_STRATUM,survey_home_use_shares_without_exact_standard_person_count,EPHC population age 5+ by home-language category,,,,No exact standard Paraguayan-Guaraní speaker count is used; numeric fields are blank.,2022,Paraguay,spoken and written; Latin script; standard versus mixed Jopara unresolved,PY_HOME_LANGUAGE_2022;PY_EDU_PLAN_2040;NLP_AMERICASNLP_2021;OER_UNESCO_2019;CATALOG_OTL_20260901;CATALOG_DOAB_20260901,"https://www.ine.gov.py/ende/contenido.php?c=1484&title=21_de_febrero,_D%C3%ADa_Internacional_de_la_Lengua_Materna;https://siteal.iiep.unesco.org/sites/default/files/sit_accion_files/plan_nacional_de_transformacion_educativa_paraguay_2040.pdf;https://aclanthology.org/2021.americasnlp-1.23.pdf;https://www.unesco.org/en/legal-affairs/recommendation-open-educational-resources-oer?hub=422;https://open.umn.edu/opentextbooks/textbooks.json;https://directory.doabooks.org/rest/search","PY_HOME_LANGUAGE_2022: home-language shares and survey population 6,694,306 | PY_EDU_PLAN_2040: pp. 23–24 and 32: literacy, PISA-D reading, cohort completion and home-language association | NLP_AMERICASNLP_2021: Table 1 and section 3: corpus sizes, variety, orthography and domain composition | OER_UNESCO_2019: Definition I.1 and scope | CATALOG_OTL_20260901: links.total_count after language-code query; counts reproduced in each row | CATALOG_DOAB_20260901: x-total-count after exact dc.language label query; counts reproduced in each row","Home-use categories do not identify standard versus Jopara, and mixed use is not counted as standard. PISA/completion, household language and corpus units differ.",,EVIDENCE_ONLY_CONTEXT,false,16fe60e7a22ef744d5c4ec71075bc639822d67ad0c8b6650cd8ce79ca0cefe5d,,,,,
regional:AMERICAS_EUROPE_EMPIRICAL_NEED_INPUTS:gug-pai-tavytera-Latn-PY:185,AMERICAS_EUROPE_EMPIRICAL_NEED_INPUTS,gug-pai-tavytera-Latn-PY,,REGIONAL_EMPIRICAL_STRATUM,census_ethnic_pueblo_population_proxy_not_speaker_count,"all-age ethnic-pueblo members (proxy, not speakers)",,15706,,"2022 Indigenous census source-stated all-age population for the named pueblo; retained as an explicit proxy, not a language count.",2022,Paraguay,spoken and written; Latin script; exact own-language orthographic/resource coverage unverified,PY_INDIGENOUS_CENSUS_2022;PY_INDIG_LANG_BULLETIN_2026;PY_INDIG_STUDY_YEARS_2022;OER_UNESCO_2019,https://www.ine.gov.py/Publicaciones/Biblioteca/documento/237/Resultados-Finales-Censo-Indigena.pdf;https://www.ine.gov.py/Publicaciones/Biblioteca/documento/331/Diversidad_de_Lenguas_habladas_por_los_pueblos_indigenas.pdf;https://www.ine.gov.py/Publicaciones/Biblioteca/documento/260/TRIPTICO%20%28Castellano%29.pdf;https://www.unesco.org/en/legal-affairs/recommendation-open-educational-resources-oer?hub=422,PY_INDIGENOUS_CENSUS_2022: ethnic-pueblo counts and age-5+ first-language shares by named pueblo | PY_INDIG_LANG_BULLETIN_2026: own-language-first versus Paraguayan-Guaraní-first by named pueblo and national trend | PY_INDIG_STUDY_YEARS_2022: average years of study age 15+ by named Indigenous pueblo | OER_UNESCO_2019: Definition I.1 and scope,"Paĩ Tavyterã is not silently merged with Brazilian Kaiowá. Ethnic population and age-5+ first-language shares have different universes and are not multiplied. Exact speaker totals, stages and open-resource licences are absent.",,EVIDENCE_ONLY_CONTEXT,false,5cd826ae0492055966961207be421c2ad1fea50c92ff421bf2b1fbb76b86ed98,,,,,
regional:AMERICAS_EUROPE_EMPIRICAL_NEED_INPUTS:gun-Latn-BR:186,AMERICAS_EUROPE_EMPIRICAL_NEED_INPUTS,gun-Latn-BR,edition-target:regional:gun-Latn-BR,REGIONAL_EMPIRICAL_STRATUM,census_exact_language_speaking_or_home_use,Indigenous persons age 2+ speaking or using the exact language at home,,8538,,IBGE 2022 source-stated count for Indigenous persons age 2+ speaking or using the exact named language at home.,2022,Brazil,spoken and written; Latin script; exact orthography coverage unverified,BR_IBGE_INDIG_LANG_2022;BR_MEC_INDIG_EDU;NLP_AMERICASNLP_2021;OER_UNESCO_2019,https://educa.ibge.gov.br/images/educa/professores/recursos/liv102252.pdf;https://portal.mec.gov.br/educacao-indigena;https://aclanthology.org/2021.americasnlp-1.23.pdf;https://www.unesco.org/en/legal-affairs/recommendation-open-educational-resources-oer?hub=422,"BR_IBGE_INDIG_LANG_2022: exact language spoken/used at home counts by Indigenous language and ethnic group | BR_MEC_INDIG_EDU: Indigenous teacher/material programs | NLP_AMERICASNLP_2021: Table 1 and section 3: corpus sizes, variety, orthography and domain composition | OER_UNESCO_2019: Definition I.1 and scope","Brazil and Paraguay Mbyá constructs are not combined. Speaker/use, ethnicity, residence and program reach differ; cross-border Guaraní resources/counts are not combined.",,NEW_EDITION_EVIDENCE,false,15c0b14412af867ca0fe170687336a88e4c5ffa7ac6a179feb51f734301f551c,edition-target:regional:gun-Latn-BR,,gun-Latn-BR,edition-target:regional:gun-Latn-BR,edition-target:regional:gun-Latn-BR
regional:AMERICAS_EUROPE_EMPIRICAL_NEED_INPUTS:gun-Latn-PY:187,AMERICAS_EUROPE_EMPIRICAL_NEED_INPUTS,gun-Latn-PY,,REGIONAL_EMPIRICAL_STRATUM,census_ethnic_pueblo_population_proxy_not_speaker_count,"all-age ethnic-pueblo members (proxy, not speakers)",,28123,,"2022 Indigenous census source-stated all-age population for the named pueblo; retained as an explicit proxy, not a language count.",2022,Paraguay,spoken and written; Latin script; exact own-language orthographic/resource coverage unverified,PY_INDIGENOUS_CENSUS_2022;PY_INDIG_LANG_BULLETIN_2026;PY_INDIG_STUDY_YEARS_2022;OER_UNESCO_2019,https://www.ine.gov.py/Publicaciones/Biblioteca/documento/237/Resultados-Finales-Censo-Indigena.pdf;https://www.ine.gov.py/Publicaciones/Biblioteca/documento/331/Diversidad_de_Lenguas_habladas_por_los_pueblos_indigenas.pdf;https://www.ine.gov.py/Publicaciones/Biblioteca/documento/260/TRIPTICO%20%28Castellano%29.pdf;https://www.unesco.org/en/legal-affairs/recommendation-open-educational-resources-oer?hub=422,PY_INDIGENOUS_CENSUS_2022: ethnic-pueblo counts and age-5+ first-language shares by named pueblo | PY_INDIG_LANG_BULLETIN_2026: own-language-first versus Paraguayan-Guaraní-first by named pueblo and national trend | PY_INDIG_STUDY_YEARS_2022: average years of study age 15+ by named Indigenous pueblo | OER_UNESCO_2019: Definition I.1 and scope,"Paraguay Mbyá is not combined with Brazil Mbyá. Ethnic population and age-5+ first-language shares have different universes and are not multiplied. Exact speaker totals, stages and open-resource licences are absent.",,EVIDENCE_ONLY_CONTEXT,false,7d1dcebfa21e4bcc90f1448cd5a36a711b8f70dc8775c1c0892351862398ba1b,,,,,
regional:AMERICAS_EUROPE_EMPIRICAL_NEED_INPUTS:gyn-Latn-GY:146,AMERICAS_EUROPE_EMPIRICAL_NEED_INPUTS,gyn-Latn-GY,edition-target:regional:gyn-Latn-GY,REGIONAL_EMPIRICAL_STRATUM,unrankable_no_compatible_person_measure,exact-variety persons,,,,No compatible exact person measure was verified; numeric fields are blank.,2024 resource evidence,Guyana,written and spoken; Latin script; exact orthographic coverage unverified,KREYOL_MT_2024;COMMON_VOICE_26_2026;OER_UNESCO_2019,https://www.cs.jhu.edu/~kevinduh/t/naacl24/final_pdf/paper289.pdf;https://raw.githubusercontent.com/common-voice/cv-dataset/main/datasets/scripted-speech/cv-corpus-26.0-2026-06-12.json;https://www.unesco.org/en/legal-affairs/recommendation-open-educational-resources-oer?hub=422,"KREYOL_MT_2024: pp. 2, 5–6 and Table 3: exact/pooled language public/all sentence counts and genre transfer | COMMON_VOICE_26_2026: locale entry counts/hours and absence audit | OER_UNESCO_2019: Definition I.1 and scope","Sentence pairs are not people, learning or curriculum. No exact population/outcome/access evidence; neighboring Creole standards are nonallocable.",,NEW_EDITION_EVIDENCE,false,d1d6fc926012af1a8ca20e4eb1cbbd5d953da786d14175dede0f28fd4f8590db,edition-target:regional:gyn-Latn-GY,,gyn-Latn-GY,edition-target:regional:gyn-Latn-GY,edition-target:regional:gyn-Latn-GY
regional:AMERICAS_EUROPE_EMPIRICAL_NEED_INPUTS:ht-Latn-HT:137,AMERICAS_EUROPE_EMPIRICAL_NEED_INPUTS,ht-Latn-HT,edition-target:lang:ht-Latn-HT,REGIONAL_EMPIRICAL_STRATUM,official_territory_population_estimate_ceiling,"territory population ceiling, not speaker count",,,11867032,IHSI 2024 population estimate is retained only as a maximum territorial ceiling; the Constitution establishes Creole as the common language but supplies no speaker enumeration.,2024,Haiti,written and spoken; official Latin orthography,HT_IHSI_POP_2024;HT_CONSTITUTION_ART5;HT_CLASSROOM_2014;HT_UNICEF_EDUCATION;HT_UNICEF_CRISIS_2025;KREYOL_MT_2024;COMMON_VOICE_26_2026;OER_UNESCO_2019;CATALOG_OTL_20260901;CATALOG_DOAB_20260901,https://www.ihsi.gouv.ht/statistiques/statistiques_demographiques_et_sociales/projections_et_estimations_de_la_population;https://oas.org/juridico/PDFs/mesicic4_hti_const.pdf;https://files.eric.ed.gov/fulltext/ED573569.pdf;https://www.unicef.org/haiti/en/education;https://www.unicef.org/child-alert/haitis-children-confront-polycrisis;https://www.cs.jhu.edu/~kevinduh/t/naacl24/final_pdf/paper289.pdf;https://raw.githubusercontent.com/common-voice/cv-dataset/main/datasets/scripted-speech/cv-corpus-26.0-2026-06-12.json;https://www.unesco.org/en/legal-affairs/recommendation-open-educational-resources-oer?hub=422;https://open.umn.edu/opentextbooks/textbooks.json;https://directory.doabooks.org/rest/search,"HT_IHSI_POP_2024: 2024 territory population estimate: 11,867,032 | HT_CONSTITUTION_ART5: Article 5: Creole common language; Creole and French official | HT_CLASSROOM_2014: pp. 9–12, Table 3 and footnote 7: instruction language and material use | HT_UNICEF_EDUCATION: Grade 2 reading and primary-school exclusion indicators | HT_UNICEF_CRISIS_2025: education section: school closures and armed-group occupation | KREYOL_MT_2024: pp. 2, 5–6 and Table 3: exact/pooled language public/all sentence counts and genre transfer | COMMON_VOICE_26_2026: locale entry counts/hours and absence audit | OER_UNESCO_2019: Definition I.1 and scope | CATALOG_OTL_20260901: links.total_count after language-code query; counts reproduced in each row | CATALOG_DOAB_20260901: x-total-count after exact dc.language label query; counts reproduced in each row","Territory population is a ceiling, not speakers. Classroom, Grade 2/out-of-school, crisis and corpus evidence have different years/denominators. Large corpus volume is not stage/genre functionality.",,ATTACHED_TO_EXISTING_EDITION,false,bb0104aab160446b7166d1c3894662be5557946a2aa438f84ec65f61a81cc24a,edition-target:lang:ht-Latn-HT,,,edition-target:lang:ht-Latn-HT,edition-target:lang:ht-Latn-HT
regional:AMERICAS_EUROPE_EMPIRICAL_NEED_INPUTS:ike-multiscript-CA:129,AMERICAS_EUROPE_EMPIRICAL_NEED_INPUTS,ike-multiscript-CA,edition-target:regional:ike-multiscript-CA,REGIONAL_EMPIRICAL_STRATUM,census_conversational_knowledge_published_rounded_count,private-household census respondents able to conduct a conversation,,41675,,Statistics Canada 2021 published rounded count able to converse; mean age 29.,2021,Canada,spoken and written; multiple regional syllabic and Roman systems; Census does not enumerate script,CA_STATCAN_INUKTUT_2021;CA_STATCAN_SILENT_2021;CA_NU_LANGUAGE_2021;CA_NU_EDU_AR_2022_23;CA_NU_EDU_AR_2023_24;CA_ITK_QALIUJAAQPait;CA_OAG_NUNAVUT_EDU_2019;OER_UNESCO_2019;CATALOG_OTL_20260901;CATALOG_DOAB_20260901,https://www150.statcan.gc.ca/n1/pub/41-20-0002/412000022025004-eng.htm;https://www150.statcan.gc.ca/n1/pub/41-20-0002/412000022026001-eng.htm;https://www150.statcan.gc.ca/n1/pub/89-657-x/89-657-x2024007-eng.htm;https://www.assembly.nu.ca/sites/default/files/2024-11/EDU%20Annual%20Report%202022-23%20EN.pdf;https://www.assembly.nu.ca/sites/default/files/2025-09/TD-463-6(2)-EN-Education%20Annual%20Report%202023-24.pdf;https://itk.ca/projects/inuktut-qaliujaaqpait-converter/;https://publications.gc.ca/collections/collection_2019/bvg-oag/FA3-155-2019-eng.pdf;https://www.unesco.org/en/legal-affairs/recommendation-open-educational-resources-oer?hub=422;https://open.umn.edu/opentextbooks/textbooks.json;https://directory.doabooks.org/rest/search,"CA_STATCAN_INUKTUT_2021: Table 2 and Charts 1–2: named language knowledge, mother tongue, home use and geography | CA_STATCAN_SILENT_2021: Annex Table A.1 by exact language | CA_NU_LANGUAGE_2021: Inuktitut and Inuinnaqtun mother-tongue transmission and home-use sections | CA_NU_EDU_AR_2022_23: pp. 21–24: curriculum status, delivery models, resources and bilingual teachers | CA_NU_EDU_AR_2023_24: pp. 4 and 22: enrolment, attendance, graduates, teachers and Inuktut allowance | CA_ITK_QALIUJAAQPait: supported writing systems and explicit conversion limitation | CA_OAG_NUNAVUT_EDU_2019: pp. 10, 12–13 and paragraphs 28–29: progression, graduation, English exam and remote adult access | OER_UNESCO_2019: Definition I.1 and scope | CATALOG_OTL_20260901: links.total_count after language-code query; counts reproduced in each row | CATALOG_DOAB_20260901: x-total-count after exact dc.language label query; counts reproduced in each row","The Census Inuktitut category does not absorb Inuinnaqtun or Inuvialuktun, and cannot be allocated among Nunavut, Nunavik, Nunatsiavut or regional scripts/varieties. Census categories/counts are rounded; regional taxonomies and scripts differ. Territory outcomes and exact-language populations have different denominators.",,NEW_EDITION_EVIDENCE,false,6d9d7f23239590c04b3c166b793c5f7a4e753f02d5c34427efa64f64f4a98c14,edition-target:regional:ike-multiscript-CA,,ike-multiscript-CA,edition-target:regional:ike-multiscript-CA,edition-target:regional:ike-multiscript-CA
regional:AMERICAS_EUROPE_EMPIRICAL_NEED_INPUTS:ikt-Latn-CA:130,AMERICAS_EUROPE_EMPIRICAL_NEED_INPUTS,ikt-Latn-CA,edition-target:regional:ikt-Latn-CA,REGIONAL_EMPIRICAL_STRATUM,census_conversational_knowledge_published_rounded_count,private-household census respondents able to conduct a conversation,,790,,Statistics Canada 2021 published rounded count able to converse; mean age 44.,2021,Canada,spoken and written; Latin script; official taxonomies differ for Kangiryuarmiutun,CA_STATCAN_INUKTUT_2021;CA_STATCAN_SILENT_2021;CA_NU_LANGUAGE_2021;CA_NU_EDU_AR_2022_23;CA_NWT_INUVIALUKTUN_RESOURCES;CA_ITK_QALIUJAAQPait;CA_OAG_NUNAVUT_EDU_2019;OER_UNESCO_2019;CATALOG_OTL_20260901;CATALOG_DOAB_20260901,https://www150.statcan.gc.ca/n1/pub/41-20-0002/412000022025004-eng.htm;https://www150.statcan.gc.ca/n1/pub/41-20-0002/412000022026001-eng.htm;https://www150.statcan.gc.ca/n1/pub/89-657-x/89-657-x2024007-eng.htm;https://www.assembly.nu.ca/sites/default/files/2024-11/EDU%20Annual%20Report%202022-23%20EN.pdf;https://www.ece.gov.nt.ca/en/services/indigenous-language-resources/inuvialuktun-resources;https://itk.ca/projects/inuktut-qaliujaaqpait-converter/;https://publications.gc.ca/collections/collection_2019/bvg-oag/FA3-155-2019-eng.pdf;https://www.unesco.org/en/legal-affairs/recommendation-open-educational-resources-oer?hub=422;https://open.umn.edu/opentextbooks/textbooks.json;https://directory.doabooks.org/rest/search,"CA_STATCAN_INUKTUT_2021: Table 2 and Charts 1–2: named language knowledge, mother tongue, home use and geography | CA_STATCAN_SILENT_2021: Annex Table A.1 by exact language | CA_NU_LANGUAGE_2021: Inuktitut and Inuinnaqtun mother-tongue transmission and home-use sections | CA_NU_EDU_AR_2022_23: pp. 21–24: curriculum status, delivery models, resources and bilingual teachers | CA_NWT_INUVIALUKTUN_RESOURCES: Sallirmiutun, Uummarmiutun and Kangiryuarmiutun taxonomy/resources | CA_ITK_QALIUJAAQPait: supported writing systems and explicit conversion limitation | CA_OAG_NUNAVUT_EDU_2019: pp. 10, 12–13 and paragraphs 28–29: progression, graduation, English exam and remote adult access | OER_UNESCO_2019: Definition I.1 and scope | CATALOG_OTL_20260901: links.total_count after language-code query; counts reproduced in each row | CATALOG_DOAB_20260901: x-total-count after exact dc.language label query; counts reproduced in each row","Statistics Canada, GNWT, IRC and ISO grouping of Kangiryuarmiutun/Inuinnaqtun/Inuvialuktun differ; no subvariety count is manufactured. Census categories/counts are rounded; regional taxonomies and scripts differ. Territory outcomes and exact-language populations have different denominators.",,NEW_EDITION_EVIDENCE,false,27f5c0a6c24351c01f6931e16d664f413c6b42a1d7493b94308bddd166bee907,edition-target:regional:ikt-Latn-CA,,ikt-Latn-CA,edition-target:regional:ikt-Latn-CA,edition-target:regional:ikt-Latn-CA
regional:AMERICAS_EUROPE_EMPIRICAL_NEED_INPUTS:inb-Latn-CO:188,AMERICAS_EUROPE_EMPIRICAL_NEED_INPUTS,inb-Latn-CO,edition-target:regional:inb-Latn-CO,REGIONAL_EMPIRICAL_STRATUM,official_plan_citing_2018_census_speaker_count,persons reported as Inga speakers,,7779,,"Colombia Ministry of Culture plan reports 7,779 Inga speakers from DANE 2018.",2018,"Nariño, Putumayo and Caquetá, Colombia",written and spoken; Latin script,CO_MCUL_INGA_PLAN_2022;NLP_INGA_2024;OER_UNESCO_2019,https://mng.mincultura.gov.co/areas/poblaciones/APP-de-lenguas-nativas/Documents/PLAN%20DECENAL%20DE%20LENGUAS%20NATIVAS%202022.pdf;https://aclanthology.org/2024.americasnlp-1.2.pdf;https://www.unesco.org/en/legal-affairs/recommendation-open-educational-resources-oer?hub=422,CO_MCUL_INGA_PLAN_2022: p. 14: Inga people and speaker counts | NLP_INGA_2024: pp. 10–11 and Table 1: corpus sizes and MT results | OER_UNESCO_2019: Definition I.1 and scope,"Ethnic people, speakers, corpus pairs and MT scores are incompatible measures. Cross-border Quechua/Kichwa resources are not presumed compatible.",,NEW_EDITION_EVIDENCE,false,77aad9575781940aa99c417a0d15c610f97999019807b51d1027e5978fdb6479,edition-target:regional:inb-Latn-CO,,inb-Latn-CO,edition-target:regional:inb-Latn-CO,edition-target:regional:inb-Latn-CO
regional:AMERICAS_EUROPE_EMPIRICAL_NEED_INPUTS:inuvialuktun-Latn-CA:131,AMERICAS_EUROPE_EMPIRICAL_NEED_INPUTS,inuvialuktun-Latn-CA,edition-target:regional:inuvialuktun-Latn-CA,REGIONAL_EMPIRICAL_STRATUM,census_conversational_knowledge_published_rounded_count,private-household census respondents able to conduct a conversation,,355,,Statistics Canada 2021 published rounded count able to converse; mean age 48.,2021,Canada,spoken and written; Latin-script official resources; subvariety taxonomy differs,CA_STATCAN_INUKTUT_2021;CA_STATCAN_SILENT_2021;CA_NWT_INUVIALUKTUN_RESOURCES;CA_NWT_OUR_LANGUAGES_2020;CA_ITK_QALIUJAAQPait;CA_OAG_NUNAVUT_EDU_2019;OER_UNESCO_2019;CATALOG_OTL_20260901;CATALOG_DOAB_20260901,https://www150.statcan.gc.ca/n1/pub/41-20-0002/412000022025004-eng.htm;https://www150.statcan.gc.ca/n1/pub/41-20-0002/412000022026001-eng.htm;https://www.ece.gov.nt.ca/en/services/indigenous-language-resources/inuvialuktun-resources;https://www.ece.gov.nt.ca/sites/ece/files/resources/our_languages_curriculum_2020_low_res.pdf;https://itk.ca/projects/inuktut-qaliujaaqpait-converter/;https://publications.gc.ca/collections/collection_2019/bvg-oag/FA3-155-2019-eng.pdf;https://www.unesco.org/en/legal-affairs/recommendation-open-educational-resources-oer?hub=422;https://open.umn.edu/opentextbooks/textbooks.json;https://directory.doabooks.org/rest/search,"CA_STATCAN_INUKTUT_2021: Table 2 and Charts 1–2: named language knowledge, mother tongue, home use and geography | CA_STATCAN_SILENT_2021: Annex Table A.1 by exact language | CA_NWT_INUVIALUKTUN_RESOURCES: Sallirmiutun, Uummarmiutun and Kangiryuarmiutun taxonomy/resources | CA_NWT_OUR_LANGUAGES_2020: p. 10: historic Inuvialuktun/Gwich’in second-language endpoint diagnosis | CA_ITK_QALIUJAAQPait: supported writing systems and explicit conversion limitation | CA_OAG_NUNAVUT_EDU_2019: pp. 10, 12–13 and paragraphs 28–29: progression, graduation, English exam and remote adult access | OER_UNESCO_2019: Definition I.1 and scope | CATALOG_OTL_20260901: links.total_count after language-code query; counts reproduced in each row | CATALOG_DOAB_20260901: x-total-count after exact dc.language label query; counts reproduced in each row","A GNWT 2019 “555 speakers” figure differs in year, geography and taxonomy from the 2021 Census category and is not used as a bound. Exact Sallirmiutun/Uummarmiutun counts are absent. Census categories/counts are rounded; regional taxonomies and scripts differ. Territory outcomes and exact-language populations have different denominators.",,NEW_EDITION_EVIDENCE,false,52997433bce94714c3243c589b7163c4b032232695d5ccd913023563d8360a58,edition-target:regional:inuvialuktun-Latn-CA,,inuvialuktun-Latn-CA,edition-target:regional:inuvialuktun-Latn-CA,edition-target:regional:inuvialuktun-Latn-CA
regional:AMERICAS_EUROPE_EMPIRICAL_NEED_INPUTS:ixl-Latn-GT:189,AMERICAS_EUROPE_EMPIRICAL_NEED_INPUTS,ixl-Latn-GT,edition-target:regional:ixl-Latn-GT,REGIONAL_EMPIRICAL_STRATUM,census_exact_childhood_acquired_language,persons age 4+ reporting the named language as the language in which they learned to speak,,114997,,"2018 census exact language-learned-to-speak count; not current use, proficiency or ethnic belonging.",2018,Guatemala,written and spoken; Latin-script official educational orthography,GT_CENSUS_LANGUAGE_2018;GT_EIB_G1_READING_2008;GT_EIB_DELIVERY_2022;GT_DIGEBI_TARGET;OER_UNESCO_2019,https://censo2018.ine.gob.gt/archivos/Principales_resultados_Censo2018.pdf;https://edu.mineduc.gob.gt/digeduca/documents/informes/Informe_Primaria_Bilingue_2008.pdf;https://edu.mineduc.gob.gt/documents/memoriaLabores/Memoria_de_Labores_2022.pdf;https://digebi.mineduc.gob.gt/digebi/nuestra-meta/;https://www.unesco.org/en/legal-affairs/recommendation-open-educational-resources-oer?hub=422,"GT_CENSUS_LANGUAGE_2018: language in which persons age 4+ learned to speak by exact named language | GT_EIB_G1_READING_2008: p. 32, Figure 14: Spanish-reading performance by K’iche’, Kaqchikel, Mam and Q’eqchi’ labels | GT_EIB_DELIVERY_2022: p. 40 Table 11 EIB enrolment by stage and language-material production | GT_DIGEBI_TARGET: named-language stage targets through Grade 6 versus preprimary–Grade 3 | OER_UNESCO_2019: Definition I.1 and scope","Childhood language, EIB programme totals, Grade 1 assessment and material outputs have different denominators. Exact language does not imply one dialect/orthography; no dominant-language or device coverage inferred.",,NEW_EDITION_EVIDENCE,false,dc48461cf4399873fa199dc9f7daa1d42f2d8e3186d8b1d92f360338b8602431,edition-target:regional:ixl-Latn-GT,,ixl-Latn-GT,edition-target:regional:ixl-Latn-GT,edition-target:regional:ixl-Latn-GT
regional:AMERICAS_EUROPE_EMPIRICAL_NEED_INPUTS:jam-Latn-JM:138,AMERICAS_EUROPE_EMPIRICAL_NEED_INPUTS,jam-Latn-JM,edition-target:regional:jam-Latn-JM,REGIONAL_EMPIRICAL_STRATUM,sample_counts_no_population_estimate,adult demonstrated-language-competence survey sample,,,,"No population total is asserted; the direct 2006 demonstrated-code-switch survey sample was n=1,000 adults.",2006,Jamaica,written and spoken; Latin script; nonexclusive spellings,JM_LANGUAGE_SURVEY_2006;JM_EARLY_CURRICULUM;JM_PEP_2026;KREYOL_MT_2024;COMMON_VOICE_26_2026;OER_UNESCO_2019;CATALOG_OTL_20260901;CATALOG_DOAB_20260901,https://www.mona.uwi.edu/dllp/sites/default/files/dllp/The%20Language%20Competence%20Survey%20of%20Jamaica%20-%20Data%20Analysis.pdf;https://moey.gov.jm/wp-content/uploads/2015/04/JECCG_Four-to-Five-Year-Old__final_intrnt.pdf;https://jis.gov.jm/improved-performance-in-pep-exam/;https://www.cs.jhu.edu/~kevinduh/t/naacl24/final_pdf/paper289.pdf;https://raw.githubusercontent.com/common-voice/cv-dataset/main/datasets/scripted-speech/cv-corpus-26.0-2026-06-12.json;https://www.unesco.org/en/legal-affairs/recommendation-open-educational-resources-oer?hub=422;https://open.umn.edu/opentextbooks/textbooks.json;https://directory.doabooks.org/rest/search,"JM_LANGUAGE_SURVEY_2006: Table 4 and pp. 11, 26, 29: English-only, Patwa-only and bilingual counts | JM_EARLY_CURRICULUM: PDF p. 231: Jamaican Creole home language and Standard Jamaican English academic/literacy role | JM_PEP_2026: Language Arts proficiency distribution and 2023–2026 trend | KREYOL_MT_2024: pp. 2, 5–6 and Table 3: exact/pooled language public/all sentence counts and genre transfer | COMMON_VOICE_26_2026: locale entry counts/hours and absence audit | OER_UNESCO_2019: Definition I.1 and scope | CATALOG_OTL_20260901: links.total_count after language-code query; counts reproduced in each row | CATALOG_DOAB_20260901: x-total-count after exact dc.language label query; counts reproduced in each row","Adult oral sample, pupil curriculum and national PEP cohorts differ. No national Patwa speaker count; PEP is not Patwa-specific; corpus and people measures are incompatible.",,NEW_EDITION_EVIDENCE,false,41c66c27a0c5464a54fc7267cd563955a92202930b77ec2a19b0e4d2a9a94507,edition-target:regional:jam-Latn-JM,,jam-Latn-JM,edition-target:regional:jam-Latn-JM,edition-target:regional:jam-Latn-JM
regional:AMERICAS_EUROPE_EMPIRICAL_NEED_INPUTS:jqr-Latn-PE:190,AMERICAS_EUROPE_EMPIRICAL_NEED_INPUTS,jqr-Latn-PE,edition-target:regional:jqr-Latn-PE,REGIONAL_EMPIRICAL_STRATUM,census_childhood_acquired_language,persons reporting Jaqaru learned in childhood,,448,,BDPI source-stated 2017 count of people who learned Jaqaru in childhood.,2017,"Yauyos, Lima Region, Peru",written and spoken; Latin script,PE_BDPI_JAQARU;PE_MINEDU_LANGUAGE_TAXONOMY;OER_UNESCO_2019,https://bdpi.cultura.gob.pe/pueblos/jaqaru;https://repositorio.minedu.gob.pe/bitstream/handle/20.500.12799/6261/Lenguas%20Originarias%20del%20Peru.pdf?isAllowed=y&sequence=1;https://www.unesco.org/en/legal-affairs/recommendation-open-educational-resources-oer?hub=422,PE_BDPI_JAQARU: 448 childhood-language; 673 self-identification; 533 community estimate | PE_MINEDU_LANGUAGE_TAXONOMY: p. 22 Aymara/Jaqaru treatment and Quechua vitality table | OER_UNESCO_2019: Definition I.1 and scope,"Childhood language, identity and community estimate differ. Jaqaru is not merged with Southern/Central Aymara or Kawki.",,NEW_EDITION_EVIDENCE,false,99549339c80fc11d5118aea5a78461633940087a716efe289da99d31c2a7876a,edition-target:regional:jqr-Latn-PE,,jqr-Latn-PE,edition-target:regional:jqr-Latn-PE,edition-target:regional:jqr-Latn-PE
regional:AMERICAS_EUROPE_EMPIRICAL_NEED_INPUTS:kek-Latn-GT:191,AMERICAS_EUROPE_EMPIRICAL_NEED_INPUTS,kek-Latn-GT,edition-target:lang:kek-Latn-GT,REGIONAL_EMPIRICAL_STRATUM,census_exact_childhood_acquired_language,persons age 4+ reporting the named language as the language in which they learned to speak,,1127387,,"2018 census exact language-learned-to-speak count; not current use, proficiency or ethnic belonging.",2018,Guatemala,written and spoken; Latin-script official educational orthography,GT_CENSUS_LANGUAGE_2018;GT_EIB_G1_READING_2008;GT_EIB_DELIVERY_2022;GT_DIGEBI_TARGET;OER_UNESCO_2019,https://censo2018.ine.gob.gt/archivos/Principales_resultados_Censo2018.pdf;https://edu.mineduc.gob.gt/digeduca/documents/informes/Informe_Primaria_Bilingue_2008.pdf;https://edu.mineduc.gob.gt/documents/memoriaLabores/Memoria_de_Labores_2022.pdf;https://digebi.mineduc.gob.gt/digebi/nuestra-meta/;https://www.unesco.org/en/legal-affairs/recommendation-open-educational-resources-oer?hub=422,"GT_CENSUS_LANGUAGE_2018: language in which persons age 4+ learned to speak by exact named language | GT_EIB_G1_READING_2008: p. 32, Figure 14: Spanish-reading performance by K’iche’, Kaqchikel, Mam and Q’eqchi’ labels | GT_EIB_DELIVERY_2022: p. 40 Table 11 EIB enrolment by stage and language-material production | GT_DIGEBI_TARGET: named-language stage targets through Grade 6 versus preprimary–Grade 3 | OER_UNESCO_2019: Definition I.1 and scope","Childhood language, EIB programme totals, Grade 1 assessment and material outputs have different denominators. Exact language does not imply one dialect/orthography; no dominant-language or device coverage inferred.",,ATTACHED_TO_EXISTING_EDITION,false,b8966ffc5369211c016f3e5f195b6cd39b8cc9d2b122d351cbf96b2e415937c3,edition-target:lang:kek-Latn-GT,,,edition-target:lang:kek-Latn-GT,edition-target:lang:kek-Latn-GT
regional:AMERICAS_EUROPE_EMPIRICAL_NEED_INPUTS:kgk-Latn-BR:192,AMERICAS_EUROPE_EMPIRICAL_NEED_INPUTS,kgk-Latn-BR,edition-target:regional:kgk-Latn-BR,REGIONAL_EMPIRICAL_STRATUM,census_exact_language_speaking_or_home_use,Indigenous persons age 2+ speaking or using the exact language at home,,38658,,IBGE 2022 source-stated count for Indigenous persons age 2+ speaking or using the exact named language at home.,2022,Brazil,spoken and written; Latin script; exact orthography coverage unverified,BR_IBGE_INDIG_LANG_2022;BR_MEC_INDIG_EDU;NLP_AMERICASNLP_2021;OER_UNESCO_2019,https://educa.ibge.gov.br/images/educa/professores/recursos/liv102252.pdf;https://portal.mec.gov.br/educacao-indigena;https://aclanthology.org/2021.americasnlp-1.23.pdf;https://www.unesco.org/en/legal-affairs/recommendation-open-educational-resources-oer?hub=422,"BR_IBGE_INDIG_LANG_2022: exact language spoken/used at home counts by Indigenous language and ethnic group | BR_MEC_INDIG_EDU: Indigenous teacher/material programs | NLP_AMERICASNLP_2021: Table 1 and section 3: corpus sizes, variety, orthography and domain composition | OER_UNESCO_2019: Definition I.1 and scope","Kaiowá is not equated to Paĩ Tavyterã absent a source mapping. Speaker/use, ethnicity, residence and program reach differ; cross-border Guaraní resources/counts are not combined.",,NEW_EDITION_EVIDENCE,false,7b08763ff05410ef2349a4be28df87e942f2eb39a56c025fc65380591fd5d51e,edition-target:regional:kgk-Latn-BR,,kgk-Latn-BR,edition-target:regional:kgk-Latn-BR,edition-target:regional:kgk-Latn-BR
regional:AMERICAS_EUROPE_EMPIRICAL_NEED_INPUTS:kjb-Latn-GT:193,AMERICAS_EUROPE_EMPIRICAL_NEED_INPUTS,kjb-Latn-GT,edition-target:regional:kjb-Latn-GT,REGIONAL_EMPIRICAL_STRATUM,census_exact_childhood_acquired_language,persons age 4+ reporting the named language as the language in which they learned to speak,,166261,,"2018 census exact language-learned-to-speak count; not current use, proficiency or ethnic belonging.",2018,Guatemala,written and spoken; Latin-script official educational orthography,GT_CENSUS_LANGUAGE_2018;GT_EIB_G1_READING_2008;GT_EIB_DELIVERY_2022;GT_DIGEBI_TARGET;OER_UNESCO_2019,https://censo2018.ine.gob.gt/archivos/Principales_resultados_Censo2018.pdf;https://edu.mineduc.gob.gt/digeduca/documents/informes/Informe_Primaria_Bilingue_2008.pdf;https://edu.mineduc.gob.gt/documents/memoriaLabores/Memoria_de_Labores_2022.pdf;https://digebi.mineduc.gob.gt/digebi/nuestra-meta/;https://www.unesco.org/en/legal-affairs/recommendation-open-educational-resources-oer?hub=422,"GT_CENSUS_LANGUAGE_2018: language in which persons age 4+ learned to speak by exact named language | GT_EIB_G1_READING_2008: p. 32, Figure 14: Spanish-reading performance by K’iche’, Kaqchikel, Mam and Q’eqchi’ labels | GT_EIB_DELIVERY_2022: p. 40 Table 11 EIB enrolment by stage and language-material production | GT_DIGEBI_TARGET: named-language stage targets through Grade 6 versus preprimary–Grade 3 | OER_UNESCO_2019: Definition I.1 and scope","Childhood language, EIB programme totals, Grade 1 assessment and material outputs have different denominators. Exact language does not imply one dialect/orthography; no dominant-language or device coverage inferred.",,NEW_EDITION_EVIDENCE,false,8fe3ee10842df24c07f2cba67ba3ba5c56b8df032abbfd6045dd1fe1b13f35b4,edition-target:regional:kjb-Latn-GT,,kjb-Latn-GT,edition-target:regional:kjb-Latn-GT,edition-target:regional:kjb-Latn-GT
regional:AMERICAS_EUROPE_EMPIRICAL_NEED_INPUTS:mam-Latn-GT:194,AMERICAS_EUROPE_EMPIRICAL_NEED_INPUTS,mam-Latn-GT,edition-target:regional:mam-Latn-GT,REGIONAL_EMPIRICAL_STRATUM,census_exact_childhood_acquired_language,persons age 4+ reporting the named language as the language in which they learned to speak,,590641,,"2018 census exact language-learned-to-speak count; not current use, proficiency or ethnic belonging.",2018,Guatemala,written and spoken; Latin-script official educational orthography,GT_CENSUS_LANGUAGE_2018;GT_EIB_G1_READING_2008;GT_EIB_DELIVERY_2022;GT_DIGEBI_TARGET;OER_UNESCO_2019,https://censo2018.ine.gob.gt/archivos/Principales_resultados_Censo2018.pdf;https://edu.mineduc.gob.gt/digeduca/documents/informes/Informe_Primaria_Bilingue_2008.pdf;https://edu.mineduc.gob.gt/documents/memoriaLabores/Memoria_de_Labores_2022.pdf;https://digebi.mineduc.gob.gt/digebi/nuestra-meta/;https://www.unesco.org/en/legal-affairs/recommendation-open-educational-resources-oer?hub=422,"GT_CENSUS_LANGUAGE_2018: language in which persons age 4+ learned to speak by exact named language | GT_EIB_G1_READING_2008: p. 32, Figure 14: Spanish-reading performance by K’iche’, Kaqchikel, Mam and Q’eqchi’ labels | GT_EIB_DELIVERY_2022: p. 40 Table 11 EIB enrolment by stage and language-material production | GT_DIGEBI_TARGET: named-language stage targets through Grade 6 versus preprimary–Grade 3 | OER_UNESCO_2019: Definition I.1 and scope","Childhood language, EIB programme totals, Grade 1 assessment and material outputs have different denominators. Exact language does not imply one dialect/orthography; no dominant-language or device coverage inferred.",,NEW_EDITION_EVIDENCE,false,438bc6ee58f7fd1fe49ea5730974e6f9e3937706ff14c8f9d9400c2a692f313b,edition-target:regional:mam-Latn-GT,,mam-Latn-GT,edition-target:regional:mam-Latn-GT,edition-target:regional:mam-Latn-GT
regional:AMERICAS_EUROPE_EMPIRICAL_NEED_INPUTS:mart1259-Latn-MQ:147,AMERICAS_EUROPE_EMPIRICAL_NEED_INPUTS,mart1259-Latn-MQ,edition-target:regional:mart1259-Latn-MQ,REGIONAL_EMPIRICAL_STRATUM,unrankable_no_compatible_person_measure,exact-variety persons,,,,No compatible exact person measure was verified; numeric fields are blank.,2024 resource evidence,Martinique,written and spoken; Latin script; exact orthographic coverage unverified,KREYOL_MT_2024;COMMON_VOICE_26_2026;OER_UNESCO_2019,https://www.cs.jhu.edu/~kevinduh/t/naacl24/final_pdf/paper289.pdf;https://raw.githubusercontent.com/common-voice/cv-dataset/main/datasets/scripted-speech/cv-corpus-26.0-2026-06-12.json;https://www.unesco.org/en/legal-affairs/recommendation-open-educational-resources-oer?hub=422,"KREYOL_MT_2024: pp. 2, 5–6 and Table 3: exact/pooled language public/all sentence counts and genre transfer | COMMON_VOICE_26_2026: locale entry counts/hours and absence audit | OER_UNESCO_2019: Definition I.1 and scope","Sentence pairs are not people, learning or curriculum. No exact population/outcome/access evidence; neighboring Creole standards are nonallocable.",,NEW_EDITION_EVIDENCE,false,0c6ceb2876e8b334ff1ca6048251e94d3a7b2da3017baa54e00278cbb441ea3f,edition-target:regional:mart1259-Latn-MQ,,mart1259-Latn-MQ,edition-target:regional:mart1259-Latn-MQ,edition-target:regional:mart1259-Latn-MQ
regional:AMERICAS_EUROPE_EMPIRICAL_NEED_INPUTS:nah-central-veracruz-Latn-MX:195,AMERICAS_EUROPE_EMPIRICAL_NEED_INPUTS,nah-central-veracruz-Latn-MX,,REGIONAL_EMPIRICAL_STRATUM,official_2000_exact_variant_estimate_shared_localities_possible_overestimate,persons age 5+ allocated to the exact INALI variant,,118427,,INALI source-stated exact-variant estimate based on Census 2000 and the official catalog. The source asterisk marks shared localities and possible overestimation.,2000,Mexico; exact INALI localities for the named variant,written and spoken; Latin script; exact orthographic consensus/coverage unverified,MX_INALI_CLIN_NAHUATL;MX_INALI_NAHUATL_VARIANT_2000;MX_INALI_LANGUAGE_RISK;MX_INEE_LANGUAGE_MATCH;MX_INEGI_CENSUS_2020;NLP_AMERICASNLP_2021;OER_UNESCO_2019;CATALOG_OTL_20260901;CATALOG_DOAB_20260901,https://www.inali.gob.mx/sitios/clin-inali/html/v_nahuatl.html;https://site.inali.gob.mx/pdf/estadistica/VARIANTE/VARIANTE_C3_monolinguismo.pdf;https://site.inali.gob.mx/pdf/libro_lenguas_indigenas_nacionales_en_riesgo_de_desaparicion.pdf;https://www.inee.edu.mx/wp-content/uploads/2019/06/P2A348.pdf;https://www.inegi.org.mx/contenidos/programas/ccpv/2020/doc/Censo2020_Principales_resultados_EUM.pdf;https://aclanthology.org/2021.americasnlp-1.23.pdf;https://www.unesco.org/en/legal-affairs/recommendation-open-educational-resources-oer?hub=422;https://open.umn.edu/opentextbooks/textbooks.json;https://directory.doabooks.org/rest/search,"MX_INALI_CLIN_NAHUATL: 30 named variants and treatment as languages in public functions | MX_INALI_NAHUATL_VARIANT_2000: exact Nahuatl variant speaker estimates age 5+; asterisk marks shared-locality overestimation | MX_INALI_LANGUAGE_RISK: exact variant population, share age 5–14 and risk level tables | MX_INEE_LANGUAGE_MATCH: teacher command of pupils’ language and system mismatch indicator | MX_INEGI_CENSUS_2020: age-3+ macro language counts including Nahuatl and Maya | NLP_AMERICASNLP_2021: Table 1 and section 3: corpus sizes, variety, orthography and domain composition | OER_UNESCO_2019: Definition I.1 and scope | CATALOG_OTL_20260901: links.total_count after language-code query; counts reproduced in each row | CATALOG_DOAB_20260901: x-total-count after exact dc.language label query; counts reproduced in each row","Exact count is dated; the 2020 macro total cannot update it. Shared-locality allocation may overestimate this variant. School context, corpus units and people differ; no dominant-language or cross-variant coverage is inferred.",,EVIDENCE_ONLY_CONTEXT,false,225acd47106376928845dae80d11a60bfc732bac0a3206a79f795a95474aba1b,,,,,
regional:AMERICAS_EUROPE_EMPIRICAL_NEED_INPUTS:nah-centro-puebla-Latn-MX:196,AMERICAS_EUROPE_EMPIRICAL_NEED_INPUTS,nah-centro-puebla-Latn-MX,,REGIONAL_EMPIRICAL_STRATUM,official_2000_exact_variant_estimate_shared_localities_possible_overestimate,persons age 5+ allocated to the exact INALI variant,,72534,,INALI source-stated exact-variant estimate based on Census 2000 and the official catalog. The source asterisk marks shared localities and possible overestimation.,2000,Mexico; exact INALI localities for the named variant,written and spoken; Latin script; exact orthographic consensus/coverage unverified,MX_INALI_CLIN_NAHUATL;MX_INALI_NAHUATL_VARIANT_2000;MX_INALI_LANGUAGE_RISK;MX_INEE_LANGUAGE_MATCH;MX_INEGI_CENSUS_2020;NLP_AMERICASNLP_2021;OER_UNESCO_2019;CATALOG_OTL_20260901;CATALOG_DOAB_20260901,https://www.inali.gob.mx/sitios/clin-inali/html/v_nahuatl.html;https://site.inali.gob.mx/pdf/estadistica/VARIANTE/VARIANTE_C3_monolinguismo.pdf;https://site.inali.gob.mx/pdf/libro_lenguas_indigenas_nacionales_en_riesgo_de_desaparicion.pdf;https://www.inee.edu.mx/wp-content/uploads/2019/06/P2A348.pdf;https://www.inegi.org.mx/contenidos/programas/ccpv/2020/doc/Censo2020_Principales_resultados_EUM.pdf;https://aclanthology.org/2021.americasnlp-1.23.pdf;https://www.unesco.org/en/legal-affairs/recommendation-open-educational-resources-oer?hub=422;https://open.umn.edu/opentextbooks/textbooks.json;https://directory.doabooks.org/rest/search,"MX_INALI_CLIN_NAHUATL: 30 named variants and treatment as languages in public functions | MX_INALI_NAHUATL_VARIANT_2000: exact Nahuatl variant speaker estimates age 5+; asterisk marks shared-locality overestimation | MX_INALI_LANGUAGE_RISK: exact variant population, share age 5–14 and risk level tables | MX_INEE_LANGUAGE_MATCH: teacher command of pupils’ language and system mismatch indicator | MX_INEGI_CENSUS_2020: age-3+ macro language counts including Nahuatl and Maya | NLP_AMERICASNLP_2021: Table 1 and section 3: corpus sizes, variety, orthography and domain composition | OER_UNESCO_2019: Definition I.1 and scope | CATALOG_OTL_20260901: links.total_count after language-code query; counts reproduced in each row | CATALOG_DOAB_20260901: x-total-count after exact dc.language label query; counts reproduced in each row","Exact count is dated; the 2020 macro total cannot update it. Shared-locality allocation may overestimate this variant. School context, corpus units and people differ; no dominant-language or cross-variant coverage is inferred.",,EVIDENCE_ONLY_CONTEXT,false,88cabf1ba8afc8cc3e9612b1ce3be772d9061c9e60af827b8df288cea26389cf,,,,,
regional:AMERICAS_EUROPE_EMPIRICAL_NEED_INPUTS:nah-huasteca-hidalguense-Latn-MX:197,AMERICAS_EUROPE_EMPIRICAL_NEED_INPUTS,nah-huasteca-hidalguense-Latn-MX,edition-target:regional:nah-huasteca-hidalguense-Latn-MX,REGIONAL_EMPIRICAL_STRATUM,official_2000_exact_variant_estimate,persons age 5+ allocated to the exact INALI variant,,195770,,INALI source-stated exact-variant estimate based on Census 2000 and the official catalog.,2000,Mexico; exact INALI localities for the named variant,written and spoken; Latin script; exact orthographic consensus/coverage unverified,MX_INALI_CLIN_NAHUATL;MX_INALI_NAHUATL_VARIANT_2000;MX_INALI_LANGUAGE_RISK;MX_INEE_LANGUAGE_MATCH;MX_INEGI_CENSUS_2020;NLP_AMERICASNLP_2021;OER_UNESCO_2019;CATALOG_OTL_20260901;CATALOG_DOAB_20260901,https://www.inali.gob.mx/sitios/clin-inali/html/v_nahuatl.html;https://site.inali.gob.mx/pdf/estadistica/VARIANTE/VARIANTE_C3_monolinguismo.pdf;https://site.inali.gob.mx/pdf/libro_lenguas_indigenas_nacionales_en_riesgo_de_desaparicion.pdf;https://www.inee.edu.mx/wp-content/uploads/2019/06/P2A348.pdf;https://www.inegi.org.mx/contenidos/programas/ccpv/2020/doc/Censo2020_Principales_resultados_EUM.pdf;https://aclanthology.org/2021.americasnlp-1.23.pdf;https://www.unesco.org/en/legal-affairs/recommendation-open-educational-resources-oer?hub=422;https://open.umn.edu/opentextbooks/textbooks.json;https://directory.doabooks.org/rest/search,"MX_INALI_CLIN_NAHUATL: 30 named variants and treatment as languages in public functions | MX_INALI_NAHUATL_VARIANT_2000: exact Nahuatl variant speaker estimates age 5+; asterisk marks shared-locality overestimation | MX_INALI_LANGUAGE_RISK: exact variant population, share age 5–14 and risk level tables | MX_INEE_LANGUAGE_MATCH: teacher command of pupils’ language and system mismatch indicator | MX_INEGI_CENSUS_2020: age-3+ macro language counts including Nahuatl and Maya | NLP_AMERICASNLP_2021: Table 1 and section 3: corpus sizes, variety, orthography and domain composition | OER_UNESCO_2019: Definition I.1 and scope | CATALOG_OTL_20260901: links.total_count after language-code query; counts reproduced in each row | CATALOG_DOAB_20260901: x-total-count after exact dc.language label query; counts reproduced in each row","Exact count is dated; the 2020 macro total cannot update it. School context, corpus units and people differ; no dominant-language or cross-variant coverage is inferred.",,NEW_EDITION_EVIDENCE,false,da644ba2ed3ad7b18a10df22ff773ba4452b8f2ac2a231333478153ed3dd74d2,edition-target:regional:nah-huasteca-hidalguense-Latn-MX,,nah-huasteca-hidalguense-Latn-MX,edition-target:regional:nah-huasteca-hidalguense-Latn-MX,edition-target:regional:nah-huasteca-hidalguense-Latn-MX
regional:AMERICAS_EUROPE_EMPIRICAL_NEED_INPUTS:nah-huasteca-potosina-Latn-MX:198,AMERICAS_EUROPE_EMPIRICAL_NEED_INPUTS,nah-huasteca-potosina-Latn-MX,edition-target:regional:nah-huasteca-potosina-Latn-MX,REGIONAL_EMPIRICAL_STRATUM,official_2000_exact_variant_estimate,persons age 5+ allocated to the exact INALI variant,,133234,,INALI source-stated exact-variant estimate based on Census 2000 and the official catalog.,2000,Mexico; exact INALI localities for the named variant,written and spoken; Latin script; exact orthographic consensus/coverage unverified,MX_INALI_CLIN_NAHUATL;MX_INALI_NAHUATL_VARIANT_2000;MX_INALI_LANGUAGE_RISK;MX_INEE_LANGUAGE_MATCH;MX_INEGI_CENSUS_2020;NLP_AMERICASNLP_2021;OER_UNESCO_2019;CATALOG_OTL_20260901;CATALOG_DOAB_20260901,https://www.inali.gob.mx/sitios/clin-inali/html/v_nahuatl.html;https://site.inali.gob.mx/pdf/estadistica/VARIANTE/VARIANTE_C3_monolinguismo.pdf;https://site.inali.gob.mx/pdf/libro_lenguas_indigenas_nacionales_en_riesgo_de_desaparicion.pdf;https://www.inee.edu.mx/wp-content/uploads/2019/06/P2A348.pdf;https://www.inegi.org.mx/contenidos/programas/ccpv/2020/doc/Censo2020_Principales_resultados_EUM.pdf;https://aclanthology.org/2021.americasnlp-1.23.pdf;https://www.unesco.org/en/legal-affairs/recommendation-open-educational-resources-oer?hub=422;https://open.umn.edu/opentextbooks/textbooks.json;https://directory.doabooks.org/rest/search,"MX_INALI_CLIN_NAHUATL: 30 named variants and treatment as languages in public functions | MX_INALI_NAHUATL_VARIANT_2000: exact Nahuatl variant speaker estimates age 5+; asterisk marks shared-locality overestimation | MX_INALI_LANGUAGE_RISK: exact variant population, share age 5–14 and risk level tables | MX_INEE_LANGUAGE_MATCH: teacher command of pupils’ language and system mismatch indicator | MX_INEGI_CENSUS_2020: age-3+ macro language counts including Nahuatl and Maya | NLP_AMERICASNLP_2021: Table 1 and section 3: corpus sizes, variety, orthography and domain composition | OER_UNESCO_2019: Definition I.1 and scope | CATALOG_OTL_20260901: links.total_count after language-code query; counts reproduced in each row | CATALOG_DOAB_20260901: x-total-count after exact dc.language label query; counts reproduced in each row","Exact count is dated; the 2020 macro total cannot update it. School context, corpus units and people differ; no dominant-language or cross-variant coverage is inferred.",,NEW_EDITION_EVIDENCE,false,1c729ac669a950fc5f65c5cb2f6c9f7d0553c0d7225a70a12c54391338d37873,edition-target:regional:nah-huasteca-potosina-Latn-MX,,nah-huasteca-potosina-Latn-MX,edition-target:regional:nah-huasteca-potosina-Latn-MX,edition-target:regional:nah-huasteca-potosina-Latn-MX
regional:AMERICAS_EUROPE_EMPIRICAL_NEED_INPUTS:nah-huasteca-veracruzana-Latn-MX:199,AMERICAS_EUROPE_EMPIRICAL_NEED_INPUTS,nah-huasteca-veracruzana-Latn-MX,,REGIONAL_EMPIRICAL_STRATUM,official_2000_exact_variant_estimate_shared_localities_possible_overestimate,persons age 5+ allocated to the exact INALI variant,,135841,,INALI source-stated exact-variant estimate based on Census 2000 and the official catalog. The source asterisk marks shared localities and possible overestimation.,2000,Mexico; exact INALI localities for the named variant,written and spoken; Latin script; exact orthographic consensus/coverage unverified,MX_INALI_CLIN_NAHUATL;MX_INALI_NAHUATL_VARIANT_2000;MX_INALI_LANGUAGE_RISK;MX_INEE_LANGUAGE_MATCH;MX_INEGI_CENSUS_2020;NLP_AMERICASNLP_2021;OER_UNESCO_2019;CATALOG_OTL_20260901;CATALOG_DOAB_20260901,https://www.inali.gob.mx/sitios/clin-inali/html/v_nahuatl.html;https://site.inali.gob.mx/pdf/estadistica/VARIANTE/VARIANTE_C3_monolinguismo.pdf;https://site.inali.gob.mx/pdf/libro_lenguas_indigenas_nacionales_en_riesgo_de_desaparicion.pdf;https://www.inee.edu.mx/wp-content/uploads/2019/06/P2A348.pdf;https://www.inegi.org.mx/contenidos/programas/ccpv/2020/doc/Censo2020_Principales_resultados_EUM.pdf;https://aclanthology.org/2021.americasnlp-1.23.pdf;https://www.unesco.org/en/legal-affairs/recommendation-open-educational-resources-oer?hub=422;https://open.umn.edu/opentextbooks/textbooks.json;https://directory.doabooks.org/rest/search,"MX_INALI_CLIN_NAHUATL: 30 named variants and treatment as languages in public functions | MX_INALI_NAHUATL_VARIANT_2000: exact Nahuatl variant speaker estimates age 5+; asterisk marks shared-locality overestimation | MX_INALI_LANGUAGE_RISK: exact variant population, share age 5–14 and risk level tables | MX_INEE_LANGUAGE_MATCH: teacher command of pupils’ language and system mismatch indicator | MX_INEGI_CENSUS_2020: age-3+ macro language counts including Nahuatl and Maya | NLP_AMERICASNLP_2021: Table 1 and section 3: corpus sizes, variety, orthography and domain composition | OER_UNESCO_2019: Definition I.1 and scope | CATALOG_OTL_20260901: links.total_count after language-code query; counts reproduced in each row | CATALOG_DOAB_20260901: x-total-count after exact dc.language label query; counts reproduced in each row","Exact count is dated; the 2020 macro total cannot update it. Shared-locality allocation may overestimate this variant. School context, corpus units and people differ; no dominant-language or cross-variant coverage is inferred.",,EVIDENCE_ONLY_CONTEXT,false,7a4a6a6bc5736d8de3cf49eaee7ee75d7bbdacf7808a747f858cc65a5f3768d9,,,,,
regional:AMERICAS_EUROPE_EMPIRICAL_NEED_INPUTS:nah-istmo-Latn-MX:201,AMERICAS_EUROPE_EMPIRICAL_NEED_INPUTS,nah-istmo-Latn-MX,edition-target:regional:nah-istmo-Latn-MX,REGIONAL_EMPIRICAL_STRATUM,official_2000_exact_variant_estimate,persons age 5+ allocated to the exact INALI variant,,26636,,INALI source-stated exact-variant estimate based on Census 2000 and the official catalog.,2000,Mexico; exact INALI localities for the named variant,written and spoken; Latin script; exact orthographic consensus/coverage unverified,MX_INALI_CLIN_NAHUATL;MX_INALI_NAHUATL_VARIANT_2000;MX_INALI_LANGUAGE_RISK;MX_INEE_LANGUAGE_MATCH;MX_INEGI_CENSUS_2020;NLP_AMERICASNLP_2021;OER_UNESCO_2019;CATALOG_OTL_20260901;CATALOG_DOAB_20260901,https://www.inali.gob.mx/sitios/clin-inali/html/v_nahuatl.html;https://site.inali.gob.mx/pdf/estadistica/VARIANTE/VARIANTE_C3_monolinguismo.pdf;https://site.inali.gob.mx/pdf/libro_lenguas_indigenas_nacionales_en_riesgo_de_desaparicion.pdf;https://www.inee.edu.mx/wp-content/uploads/2019/06/P2A348.pdf;https://www.inegi.org.mx/contenidos/programas/ccpv/2020/doc/Censo2020_Principales_resultados_EUM.pdf;https://aclanthology.org/2021.americasnlp-1.23.pdf;https://www.unesco.org/en/legal-affairs/recommendation-open-educational-resources-oer?hub=422;https://open.umn.edu/opentextbooks/textbooks.json;https://directory.doabooks.org/rest/search,"MX_INALI_CLIN_NAHUATL: 30 named variants and treatment as languages in public functions | MX_INALI_NAHUATL_VARIANT_2000: exact Nahuatl variant speaker estimates age 5+; asterisk marks shared-locality overestimation | MX_INALI_LANGUAGE_RISK: exact variant population, share age 5–14 and risk level tables | MX_INEE_LANGUAGE_MATCH: teacher command of pupils’ language and system mismatch indicator | MX_INEGI_CENSUS_2020: age-3+ macro language counts including Nahuatl and Maya | NLP_AMERICASNLP_2021: Table 1 and section 3: corpus sizes, variety, orthography and domain composition | OER_UNESCO_2019: Definition I.1 and scope | CATALOG_OTL_20260901: links.total_count after language-code query; counts reproduced in each row | CATALOG_DOAB_20260901: x-total-count after exact dc.language label query; counts reproduced in each row","Exact count is dated; the 2020 macro total cannot update it. School context, corpus units and people differ; no dominant-language or cross-variant coverage is inferred.",,NEW_EDITION_EVIDENCE,false,d0a3d8c865f742dab7939259aeab324282b6c89af24bca7868bc6fb9216a45ba,edition-target:regional:nah-istmo-Latn-MX,,nah-istmo-Latn-MX,edition-target:regional:nah-istmo-Latn-MX,edition-target:regional:nah-istmo-Latn-MX
regional:AMERICAS_EUROPE_EMPIRICAL_NEED_INPUTS:nah-istmo-bajo-Latn-MX:200,AMERICAS_EUROPE_EMPIRICAL_NEED_INPUTS,nah-istmo-bajo-Latn-MX,edition-target:regional:nah-istmo-bajo-Latn-MX,REGIONAL_EMPIRICAL_STRATUM,official_2000_exact_variant_estimate,persons age 5+ allocated to the exact INALI variant,,6800,,INALI source-stated exact-variant estimate based on Census 2000 and the official catalog.,2000,Mexico; exact INALI localities for the named variant,written and spoken; Latin script; exact orthographic consensus/coverage unverified,MX_INALI_CLIN_NAHUATL;MX_INALI_NAHUATL_VARIANT_2000;MX_INALI_LANGUAGE_RISK;MX_INEE_LANGUAGE_MATCH;MX_INEGI_CENSUS_2020;NLP_AMERICASNLP_2021;OER_UNESCO_2019;CATALOG_OTL_20260901;CATALOG_DOAB_20260901,https://www.inali.gob.mx/sitios/clin-inali/html/v_nahuatl.html;https://site.inali.gob.mx/pdf/estadistica/VARIANTE/VARIANTE_C3_monolinguismo.pdf;https://site.inali.gob.mx/pdf/libro_lenguas_indigenas_nacionales_en_riesgo_de_desaparicion.pdf;https://www.inee.edu.mx/wp-content/uploads/2019/06/P2A348.pdf;https://www.inegi.org.mx/contenidos/programas/ccpv/2020/doc/Censo2020_Principales_resultados_EUM.pdf;https://aclanthology.org/2021.americasnlp-1.23.pdf;https://www.unesco.org/en/legal-affairs/recommendation-open-educational-resources-oer?hub=422;https://open.umn.edu/opentextbooks/textbooks.json;https://directory.doabooks.org/rest/search,"MX_INALI_CLIN_NAHUATL: 30 named variants and treatment as languages in public functions | MX_INALI_NAHUATL_VARIANT_2000: exact Nahuatl variant speaker estimates age 5+; asterisk marks shared-locality overestimation | MX_INALI_LANGUAGE_RISK: exact variant population, share age 5–14 and risk level tables | MX_INEE_LANGUAGE_MATCH: teacher command of pupils’ language and system mismatch indicator | MX_INEGI_CENSUS_2020: age-3+ macro language counts including Nahuatl and Maya | NLP_AMERICASNLP_2021: Table 1 and section 3: corpus sizes, variety, orthography and domain composition | OER_UNESCO_2019: Definition I.1 and scope | CATALOG_OTL_20260901: links.total_count after language-code query; counts reproduced in each row | CATALOG_DOAB_20260901: x-total-count after exact dc.language label query; counts reproduced in each row","Exact count is dated; the 2020 macro total cannot update it. School context, corpus units and people differ; no dominant-language or cross-variant coverage is inferred.",,NEW_EDITION_EVIDENCE,false,b40c48e39e9d4e43e3aa21eaf47cb3673fc279e4f5243f821aa1a3ff3eb3446e,edition-target:regional:nah-istmo-bajo-Latn-MX,,nah-istmo-bajo-Latn-MX,edition-target:regional:nah-istmo-bajo-Latn-MX,edition-target:regional:nah-istmo-bajo-Latn-MX
regional:AMERICAS_EUROPE_EMPIRICAL_NEED_INPUTS:nah-mexicano-guerrero-Latn-MX:202,AMERICAS_EUROPE_EMPIRICAL_NEED_INPUTS,nah-mexicano-guerrero-Latn-MX,edition-target:regional:nah-mexicano-guerrero-Latn-MX,REGIONAL_EMPIRICAL_STRATUM,official_2000_exact_variant_estimate,persons age 5+ allocated to the exact INALI variant,,124762,,INALI source-stated exact-variant estimate based on Census 2000 and the official catalog.,2000,Mexico; exact INALI localities for the named variant,written and spoken; Latin script; exact orthographic consensus/coverage unverified,MX_INALI_CLIN_NAHUATL;MX_INALI_NAHUATL_VARIANT_2000;MX_INALI_LANGUAGE_RISK;MX_INEE_LANGUAGE_MATCH;MX_INEGI_CENSUS_2020;NLP_AMERICASNLP_2021;OER_UNESCO_2019;CATALOG_OTL_20260901;CATALOG_DOAB_20260901,https://www.inali.gob.mx/sitios/clin-inali/html/v_nahuatl.html;https://site.inali.gob.mx/pdf/estadistica/VARIANTE/VARIANTE_C3_monolinguismo.pdf;https://site.inali.gob.mx/pdf/libro_lenguas_indigenas_nacionales_en_riesgo_de_desaparicion.pdf;https://www.inee.edu.mx/wp-content/uploads/2019/06/P2A348.pdf;https://www.inegi.org.mx/contenidos/programas/ccpv/2020/doc/Censo2020_Principales_resultados_EUM.pdf;https://aclanthology.org/2021.americasnlp-1.23.pdf;https://www.unesco.org/en/legal-affairs/recommendation-open-educational-resources-oer?hub=422;https://open.umn.edu/opentextbooks/textbooks.json;https://directory.doabooks.org/rest/search,"MX_INALI_CLIN_NAHUATL: 30 named variants and treatment as languages in public functions | MX_INALI_NAHUATL_VARIANT_2000: exact Nahuatl variant speaker estimates age 5+; asterisk marks shared-locality overestimation | MX_INALI_LANGUAGE_RISK: exact variant population, share age 5–14 and risk level tables | MX_INEE_LANGUAGE_MATCH: teacher command of pupils’ language and system mismatch indicator | MX_INEGI_CENSUS_2020: age-3+ macro language counts including Nahuatl and Maya | NLP_AMERICASNLP_2021: Table 1 and section 3: corpus sizes, variety, orthography and domain composition | OER_UNESCO_2019: Definition I.1 and scope | CATALOG_OTL_20260901: links.total_count after language-code query; counts reproduced in each row | CATALOG_DOAB_20260901: x-total-count after exact dc.language label query; counts reproduced in each row","Exact count is dated; the 2020 macro total cannot update it. School context, corpus units and people differ; no dominant-language or cross-variant coverage is inferred.",,NEW_EDITION_EVIDENCE,false,a497b34db98932528b33d0f4cf2528518076264d89d01edf38e68066ea683fc1,edition-target:regional:nah-mexicano-guerrero-Latn-MX,,nah-mexicano-guerrero-Latn-MX,edition-target:regional:nah-mexicano-guerrero-Latn-MX,edition-target:regional:nah-mexicano-guerrero-Latn-MX
regional:AMERICAS_EUROPE_EMPIRICAL_NEED_INPUTS:nah-mexicano-oriente-central-Latn-MX:203,AMERICAS_EUROPE_EMPIRICAL_NEED_INPUTS,nah-mexicano-oriente-central-Latn-MX,edition-target:regional:nah-mexicano-oriente-central-Latn-MX,REGIONAL_EMPIRICAL_STRATUM,official_2000_exact_variant_estimate,persons age 5+ allocated to the exact INALI variant,,18909,,INALI source-stated exact-variant estimate based on Census 2000 and the official catalog.,2000,Mexico; exact INALI localities for the named variant,written and spoken; Latin script; exact orthographic consensus/coverage unverified,MX_INALI_CLIN_NAHUATL;MX_INALI_NAHUATL_VARIANT_2000;MX_INALI_LANGUAGE_RISK;MX_INEE_LANGUAGE_MATCH;MX_INEGI_CENSUS_2020;NLP_AMERICASNLP_2021;OER_UNESCO_2019;CATALOG_OTL_20260901;CATALOG_DOAB_20260901,https://www.inali.gob.mx/sitios/clin-inali/html/v_nahuatl.html;https://site.inali.gob.mx/pdf/estadistica/VARIANTE/VARIANTE_C3_monolinguismo.pdf;https://site.inali.gob.mx/pdf/libro_lenguas_indigenas_nacionales_en_riesgo_de_desaparicion.pdf;https://www.inee.edu.mx/wp-content/uploads/2019/06/P2A348.pdf;https://www.inegi.org.mx/contenidos/programas/ccpv/2020/doc/Censo2020_Principales_resultados_EUM.pdf;https://aclanthology.org/2021.americasnlp-1.23.pdf;https://www.unesco.org/en/legal-affairs/recommendation-open-educational-resources-oer?hub=422;https://open.umn.edu/opentextbooks/textbooks.json;https://directory.doabooks.org/rest/search,"MX_INALI_CLIN_NAHUATL: 30 named variants and treatment as languages in public functions | MX_INALI_NAHUATL_VARIANT_2000: exact Nahuatl variant speaker estimates age 5+; asterisk marks shared-locality overestimation | MX_INALI_LANGUAGE_RISK: exact variant population, share age 5–14 and risk level tables | MX_INEE_LANGUAGE_MATCH: teacher command of pupils’ language and system mismatch indicator | MX_INEGI_CENSUS_2020: age-3+ macro language counts including Nahuatl and Maya | NLP_AMERICASNLP_2021: Table 1 and section 3: corpus sizes, variety, orthography and domain composition | OER_UNESCO_2019: Definition I.1 and scope | CATALOG_OTL_20260901: links.total_count after language-code query; counts reproduced in each row | CATALOG_DOAB_20260901: x-total-count after exact dc.language label query; counts reproduced in each row","Exact count is dated; the 2020 macro total cannot update it. School context, corpus units and people differ; no dominant-language or cross-variant coverage is inferred.",,NEW_EDITION_EVIDENCE,false,8adbbb2f607d4de7ba8d6a63f39a6e6b85979b7d61e2f00f2a53a6f28a0ba672,edition-target:regional:nah-mexicano-oriente-central-Latn-MX,,nah-mexicano-oriente-central-Latn-MX,edition-target:regional:nah-mexicano-oriente-central-Latn-MX,edition-target:regional:nah-mexicano-oriente-central-Latn-MX
regional:AMERICAS_EUROPE_EMPIRICAL_NEED_INPUTS:nah-noroeste-central-Latn-MX:204,AMERICAS_EUROPE_EMPIRICAL_NEED_INPUTS,nah-noroeste-central-Latn-MX,edition-target:regional:nah-noroeste-central-Latn-MX,REGIONAL_EMPIRICAL_STRATUM,official_2000_exact_variant_estimate,persons age 5+ allocated to the exact INALI variant,,71040,,INALI source-stated exact-variant estimate based on Census 2000 and the official catalog.,2000,Mexico; exact INALI localities for the named variant,written and spoken; Latin script; exact orthographic consensus/coverage unverified,MX_INALI_CLIN_NAHUATL;MX_INALI_NAHUATL_VARIANT_2000;MX_INALI_LANGUAGE_RISK;MX_INEE_LANGUAGE_MATCH;MX_INEGI_CENSUS_2020;NLP_AMERICASNLP_2021;OER_UNESCO_2019;CATALOG_OTL_20260901;CATALOG_DOAB_20260901,https://www.inali.gob.mx/sitios/clin-inali/html/v_nahuatl.html;https://site.inali.gob.mx/pdf/estadistica/VARIANTE/VARIANTE_C3_monolinguismo.pdf;https://site.inali.gob.mx/pdf/libro_lenguas_indigenas_nacionales_en_riesgo_de_desaparicion.pdf;https://www.inee.edu.mx/wp-content/uploads/2019/06/P2A348.pdf;https://www.inegi.org.mx/contenidos/programas/ccpv/2020/doc/Censo2020_Principales_resultados_EUM.pdf;https://aclanthology.org/2021.americasnlp-1.23.pdf;https://www.unesco.org/en/legal-affairs/recommendation-open-educational-resources-oer?hub=422;https://open.umn.edu/opentextbooks/textbooks.json;https://directory.doabooks.org/rest/search,"MX_INALI_CLIN_NAHUATL: 30 named variants and treatment as languages in public functions | MX_INALI_NAHUATL_VARIANT_2000: exact Nahuatl variant speaker estimates age 5+; asterisk marks shared-locality overestimation | MX_INALI_LANGUAGE_RISK: exact variant population, share age 5–14 and risk level tables | MX_INEE_LANGUAGE_MATCH: teacher command of pupils’ language and system mismatch indicator | MX_INEGI_CENSUS_2020: age-3+ macro language counts including Nahuatl and Maya | NLP_AMERICASNLP_2021: Table 1 and section 3: corpus sizes, variety, orthography and domain composition | OER_UNESCO_2019: Definition I.1 and scope | CATALOG_OTL_20260901: links.total_count after language-code query; counts reproduced in each row | CATALOG_DOAB_20260901: x-total-count after exact dc.language label query; counts reproduced in each row","Exact count is dated; the 2020 macro total cannot update it. School context, corpus units and people differ; no dominant-language or cross-variant coverage is inferred.",,NEW_EDITION_EVIDENCE,false,10cd766ce5168da85174daddda184d8c19e2b4ce9646f0eebb472614a2f45cf5,edition-target:regional:nah-noroeste-central-Latn-MX,,nah-noroeste-central-Latn-MX,edition-target:regional:nah-noroeste-central-Latn-MX,edition-target:regional:nah-noroeste-central-Latn-MX
regional:AMERICAS_EUROPE_EMPIRICAL_NEED_INPUTS:nah-oaxaca-Latn-MX:205,AMERICAS_EUROPE_EMPIRICAL_NEED_INPUTS,nah-oaxaca-Latn-MX,edition-target:regional:nah-oaxaca-Latn-MX,REGIONAL_EMPIRICAL_STRATUM,official_2000_exact_variant_estimate,persons age 5+ allocated to the exact INALI variant,,8130,,INALI source-stated exact-variant estimate based on Census 2000 and the official catalog.,2000,Mexico; exact INALI localities for the named variant,written and spoken; Latin script; exact orthographic consensus/coverage unverified,MX_INALI_CLIN_NAHUATL;MX_INALI_NAHUATL_VARIANT_2000;MX_INALI_LANGUAGE_RISK;MX_INEE_LANGUAGE_MATCH;MX_INEGI_CENSUS_2020;NLP_AMERICASNLP_2021;OER_UNESCO_2019;CATALOG_OTL_20260901;CATALOG_DOAB_20260901,https://www.inali.gob.mx/sitios/clin-inali/html/v_nahuatl.html;https://site.inali.gob.mx/pdf/estadistica/VARIANTE/VARIANTE_C3_monolinguismo.pdf;https://site.inali.gob.mx/pdf/libro_lenguas_indigenas_nacionales_en_riesgo_de_desaparicion.pdf;https://www.inee.edu.mx/wp-content/uploads/2019/06/P2A348.pdf;https://www.inegi.org.mx/contenidos/programas/ccpv/2020/doc/Censo2020_Principales_resultados_EUM.pdf;https://aclanthology.org/2021.americasnlp-1.23.pdf;https://www.unesco.org/en/legal-affairs/recommendation-open-educational-resources-oer?hub=422;https://open.umn.edu/opentextbooks/textbooks.json;https://directory.doabooks.org/rest/search,"MX_INALI_CLIN_NAHUATL: 30 named variants and treatment as languages in public functions | MX_INALI_NAHUATL_VARIANT_2000: exact Nahuatl variant speaker estimates age 5+; asterisk marks shared-locality overestimation | MX_INALI_LANGUAGE_RISK: exact variant population, share age 5–14 and risk level tables | MX_INEE_LANGUAGE_MATCH: teacher command of pupils’ language and system mismatch indicator | MX_INEGI_CENSUS_2020: age-3+ macro language counts including Nahuatl and Maya | NLP_AMERICASNLP_2021: Table 1 and section 3: corpus sizes, variety, orthography and domain composition | OER_UNESCO_2019: Definition I.1 and scope | CATALOG_OTL_20260901: links.total_count after language-code query; counts reproduced in each row | CATALOG_DOAB_20260901: x-total-count after exact dc.language label query; counts reproduced in each row","Exact count is dated; the 2020 macro total cannot update it. School context, corpus units and people differ; no dominant-language or cross-variant coverage is inferred.",,NEW_EDITION_EVIDENCE,false,d0d7df917a641ad6282810c9c10c75f794bc7532d96c476df2629091e8652c01,edition-target:regional:nah-oaxaca-Latn-MX,,nah-oaxaca-Latn-MX,edition-target:regional:nah-oaxaca-Latn-MX,edition-target:regional:nah-oaxaca-Latn-MX
regional:AMERICAS_EUROPE_EMPIRICAL_NEED_INPUTS:nah-sierra-negra-norte-Latn-MX:206,AMERICAS_EUROPE_EMPIRICAL_NEED_INPUTS,nah-sierra-negra-norte-Latn-MX,,REGIONAL_EMPIRICAL_STRATUM,official_2000_exact_variant_estimate_shared_localities_possible_overestimate,persons age 5+ allocated to the exact INALI variant,,109215,,INALI source-stated exact-variant estimate based on Census 2000 and the official catalog. The source asterisk marks shared localities and possible overestimation.,2000,Mexico; exact INALI localities for the named variant,written and spoken; Latin script; exact orthographic consensus/coverage unverified,MX_INALI_CLIN_NAHUATL;MX_INALI_NAHUATL_VARIANT_2000;MX_INALI_LANGUAGE_RISK;MX_INEE_LANGUAGE_MATCH;MX_INEGI_CENSUS_2020;NLP_AMERICASNLP_2021;OER_UNESCO_2019;CATALOG_OTL_20260901;CATALOG_DOAB_20260901,https://www.inali.gob.mx/sitios/clin-inali/html/v_nahuatl.html;https://site.inali.gob.mx/pdf/estadistica/VARIANTE/VARIANTE_C3_monolinguismo.pdf;https://site.inali.gob.mx/pdf/libro_lenguas_indigenas_nacionales_en_riesgo_de_desaparicion.pdf;https://www.inee.edu.mx/wp-content/uploads/2019/06/P2A348.pdf;https://www.inegi.org.mx/contenidos/programas/ccpv/2020/doc/Censo2020_Principales_resultados_EUM.pdf;https://aclanthology.org/2021.americasnlp-1.23.pdf;https://www.unesco.org/en/legal-affairs/recommendation-open-educational-resources-oer?hub=422;https://open.umn.edu/opentextbooks/textbooks.json;https://directory.doabooks.org/rest/search,"MX_INALI_CLIN_NAHUATL: 30 named variants and treatment as languages in public functions | MX_INALI_NAHUATL_VARIANT_2000: exact Nahuatl variant speaker estimates age 5+; asterisk marks shared-locality overestimation | MX_INALI_LANGUAGE_RISK: exact variant population, share age 5–14 and risk level tables | MX_INEE_LANGUAGE_MATCH: teacher command of pupils’ language and system mismatch indicator | MX_INEGI_CENSUS_2020: age-3+ macro language counts including Nahuatl and Maya | NLP_AMERICASNLP_2021: Table 1 and section 3: corpus sizes, variety, orthography and domain composition | OER_UNESCO_2019: Definition I.1 and scope | CATALOG_OTL_20260901: links.total_count after language-code query; counts reproduced in each row | CATALOG_DOAB_20260901: x-total-count after exact dc.language label query; counts reproduced in each row","Exact count is dated; the 2020 macro total cannot update it. Shared-locality allocation may overestimate this variant. School context, corpus units and people differ; no dominant-language or cross-variant coverage is inferred.",,EVIDENCE_ONLY_CONTEXT,false,f7197e692566e7b84beeee8267b6581c3c48158b7432521c3abfce052f8827df,,,,,
regional:AMERICAS_EUROPE_EMPIRICAL_NEED_INPUTS:nah-sierra-negra-sur-Latn-MX:207,AMERICAS_EUROPE_EMPIRICAL_NEED_INPUTS,nah-sierra-negra-sur-Latn-MX,,REGIONAL_EMPIRICAL_STRATUM,official_2000_exact_variant_estimate_shared_localities_possible_overestimate,persons age 5+ allocated to the exact INALI variant,,32952,,INALI source-stated exact-variant estimate based on Census 2000 and the official catalog. The source asterisk marks shared localities and possible overestimation.,2000,Mexico; exact INALI localities for the named variant,written and spoken; Latin script; exact orthographic consensus/coverage unverified,MX_INALI_CLIN_NAHUATL;MX_INALI_NAHUATL_VARIANT_2000;MX_INALI_LANGUAGE_RISK;MX_INEE_LANGUAGE_MATCH;MX_INEGI_CENSUS_2020;NLP_AMERICASNLP_2021;OER_UNESCO_2019;CATALOG_OTL_20260901;CATALOG_DOAB_20260901,https://www.inali.gob.mx/sitios/clin-inali/html/v_nahuatl.html;https://site.inali.gob.mx/pdf/estadistica/VARIANTE/VARIANTE_C3_monolinguismo.pdf;https://site.inali.gob.mx/pdf/libro_lenguas_indigenas_nacionales_en_riesgo_de_desaparicion.pdf;https://www.inee.edu.mx/wp-content/uploads/2019/06/P2A348.pdf;https://www.inegi.org.mx/contenidos/programas/ccpv/2020/doc/Censo2020_Principales_resultados_EUM.pdf;https://aclanthology.org/2021.americasnlp-1.23.pdf;https://www.unesco.org/en/legal-affairs/recommendation-open-educational-resources-oer?hub=422;https://open.umn.edu/opentextbooks/textbooks.json;https://directory.doabooks.org/rest/search,"MX_INALI_CLIN_NAHUATL: 30 named variants and treatment as languages in public functions | MX_INALI_NAHUATL_VARIANT_2000: exact Nahuatl variant speaker estimates age 5+; asterisk marks shared-locality overestimation | MX_INALI_LANGUAGE_RISK: exact variant population, share age 5–14 and risk level tables | MX_INEE_LANGUAGE_MATCH: teacher command of pupils’ language and system mismatch indicator | MX_INEGI_CENSUS_2020: age-3+ macro language counts including Nahuatl and Maya | NLP_AMERICASNLP_2021: Table 1 and section 3: corpus sizes, variety, orthography and domain composition | OER_UNESCO_2019: Definition I.1 and scope | CATALOG_OTL_20260901: links.total_count after language-code query; counts reproduced in each row | CATALOG_DOAB_20260901: x-total-count after exact dc.language label query; counts reproduced in each row","Exact count is dated; the 2020 macro total cannot update it. Shared-locality allocation may overestimate this variant. School context, corpus units and people differ; no dominant-language or cross-variant coverage is inferred.",,EVIDENCE_ONLY_CONTEXT,false,01bf5bb15a9e9749a75e73797061b172edf636b204b8d95892d7e17c9ca9f565,,,,,
regional:AMERICAS_EUROPE_EMPIRICAL_NEED_INPUTS:nah-sierra-noreste-puebla-Latn-MX:208,AMERICAS_EUROPE_EMPIRICAL_NEED_INPUTS,nah-sierra-noreste-puebla-Latn-MX,edition-target:regional:nah-sierra-noreste-puebla-Latn-MX,REGIONAL_EMPIRICAL_STRATUM,official_2000_exact_variant_estimate,persons age 5+ allocated to the exact INALI variant,,134737,,INALI source-stated exact-variant estimate based on Census 2000 and the official catalog.,2000,Mexico; exact INALI localities for the named variant,written and spoken; Latin script; exact orthographic consensus/coverage unverified,MX_INALI_CLIN_NAHUATL;MX_INALI_NAHUATL_VARIANT_2000;MX_INALI_LANGUAGE_RISK;MX_INEE_LANGUAGE_MATCH;MX_INEGI_CENSUS_2020;NLP_AMERICASNLP_2021;OER_UNESCO_2019;CATALOG_OTL_20260901;CATALOG_DOAB_20260901,https://www.inali.gob.mx/sitios/clin-inali/html/v_nahuatl.html;https://site.inali.gob.mx/pdf/estadistica/VARIANTE/VARIANTE_C3_monolinguismo.pdf;https://site.inali.gob.mx/pdf/libro_lenguas_indigenas_nacionales_en_riesgo_de_desaparicion.pdf;https://www.inee.edu.mx/wp-content/uploads/2019/06/P2A348.pdf;https://www.inegi.org.mx/contenidos/programas/ccpv/2020/doc/Censo2020_Principales_resultados_EUM.pdf;https://aclanthology.org/2021.americasnlp-1.23.pdf;https://www.unesco.org/en/legal-affairs/recommendation-open-educational-resources-oer?hub=422;https://open.umn.edu/opentextbooks/textbooks.json;https://directory.doabooks.org/rest/search,"MX_INALI_CLIN_NAHUATL: 30 named variants and treatment as languages in public functions | MX_INALI_NAHUATL_VARIANT_2000: exact Nahuatl variant speaker estimates age 5+; asterisk marks shared-locality overestimation | MX_INALI_LANGUAGE_RISK: exact variant population, share age 5–14 and risk level tables | MX_INEE_LANGUAGE_MATCH: teacher command of pupils’ language and system mismatch indicator | MX_INEGI_CENSUS_2020: age-3+ macro language counts including Nahuatl and Maya | NLP_AMERICASNLP_2021: Table 1 and section 3: corpus sizes, variety, orthography and domain composition | OER_UNESCO_2019: Definition I.1 and scope | CATALOG_OTL_20260901: links.total_count after language-code query; counts reproduced in each row | CATALOG_DOAB_20260901: x-total-count after exact dc.language label query; counts reproduced in each row","Exact count is dated; the 2020 macro total cannot update it. School context, corpus units and people differ; no dominant-language or cross-variant coverage is inferred.",,NEW_EDITION_EVIDENCE,false,fa047dcde923d3e907bc8b0f92cede037e77dc8ef9e9d80d1f38e6283d7b9d0e,edition-target:regional:nah-sierra-noreste-puebla-Latn-MX,,nah-sierra-noreste-puebla-Latn-MX,edition-target:regional:nah-sierra-noreste-puebla-Latn-MX,edition-target:regional:nah-sierra-noreste-puebla-Latn-MX
regional:AMERICAS_EUROPE_EMPIRICAL_NEED_INPUTS:nah-sierra-oeste-puebla-Latn-MX:209,AMERICAS_EUROPE_EMPIRICAL_NEED_INPUTS,nah-sierra-oeste-puebla-Latn-MX,edition-target:regional:nah-sierra-oeste-puebla-Latn-MX,REGIONAL_EMPIRICAL_STRATUM,official_2000_exact_variant_estimate,persons age 5+ allocated to the exact INALI variant,,19482,,INALI source-stated exact-variant estimate based on Census 2000 and the official catalog.,2000,Mexico; exact INALI localities for the named variant,written and spoken; Latin script; exact orthographic consensus/coverage unverified,MX_INALI_CLIN_NAHUATL;MX_INALI_NAHUATL_VARIANT_2000;MX_INALI_LANGUAGE_RISK;MX_INEE_LANGUAGE_MATCH;MX_INEGI_CENSUS_2020;NLP_AMERICASNLP_2021;OER_UNESCO_2019;CATALOG_OTL_20260901;CATALOG_DOAB_20260901,https://www.inali.gob.mx/sitios/clin-inali/html/v_nahuatl.html;https://site.inali.gob.mx/pdf/estadistica/VARIANTE/VARIANTE_C3_monolinguismo.pdf;https://site.inali.gob.mx/pdf/libro_lenguas_indigenas_nacionales_en_riesgo_de_desaparicion.pdf;https://www.inee.edu.mx/wp-content/uploads/2019/06/P2A348.pdf;https://www.inegi.org.mx/contenidos/programas/ccpv/2020/doc/Censo2020_Principales_resultados_EUM.pdf;https://aclanthology.org/2021.americasnlp-1.23.pdf;https://www.unesco.org/en/legal-affairs/recommendation-open-educational-resources-oer?hub=422;https://open.umn.edu/opentextbooks/textbooks.json;https://directory.doabooks.org/rest/search,"MX_INALI_CLIN_NAHUATL: 30 named variants and treatment as languages in public functions | MX_INALI_NAHUATL_VARIANT_2000: exact Nahuatl variant speaker estimates age 5+; asterisk marks shared-locality overestimation | MX_INALI_LANGUAGE_RISK: exact variant population, share age 5–14 and risk level tables | MX_INEE_LANGUAGE_MATCH: teacher command of pupils’ language and system mismatch indicator | MX_INEGI_CENSUS_2020: age-3+ macro language counts including Nahuatl and Maya | NLP_AMERICASNLP_2021: Table 1 and section 3: corpus sizes, variety, orthography and domain composition | OER_UNESCO_2019: Definition I.1 and scope | CATALOG_OTL_20260901: links.total_count after language-code query; counts reproduced in each row | CATALOG_DOAB_20260901: x-total-count after exact dc.language label query; counts reproduced in each row","Exact count is dated; the 2020 macro total cannot update it. School context, corpus units and people differ; no dominant-language or cross-variant coverage is inferred.",,NEW_EDITION_EVIDENCE,false,dee26d1fda34443b15da14c76cafd4ed0d72242b4509075fdf6fe62e72eb45eb,edition-target:regional:nah-sierra-oeste-puebla-Latn-MX,,nah-sierra-oeste-puebla-Latn-MX,edition-target:regional:nah-sierra-oeste-puebla-Latn-MX,edition-target:regional:nah-sierra-oeste-puebla-Latn-MX
regional:AMERICAS_EUROPE_EMPIRICAL_NEED_INPUTS:nds-Latn-CA:106,AMERICAS_EUROPE_EMPIRICAL_NEED_INPUTS,nds-Latn-CA,,REGIONAL_EMPIRICAL_STRATUM,census_mother_tongue_category_variety_unresolved,census mother-tongue respondents,,8670,,2021 census source-stated Low German n.o.s. mother-tongue count; kept separate from Plautdietsch.,2021,Canada,written and spoken; Latin script; variety unresolved,CA_CENSUS_LANGUAGE_PROFILE_2021;OER_UNESCO_2019;CATALOG_OTL_20260901;CATALOG_DOAB_20260901,https://www12.statcan.gc.ca/census-recensement/2021/dp-pd/prof/details/page.cfm?DGUIDlist=2021A000011124&GENDERlist=1&HEADERlist=18&LANG=E&STATISTIClist=1;https://www.unesco.org/en/legal-affairs/recommendation-open-educational-resources-oer?hub=422;https://open.umn.edu/opentextbooks/textbooks.json;https://directory.doabooks.org/rest/search,"CA_CENSUS_LANGUAGE_PROFILE_2021: Mother tongue, knowledge and language spoken most often at home rows for Plautdietsch, Low German n.o.s. and Yiddish | OER_UNESCO_2019: Definition I.1 and scope | CATALOG_OTL_20260901: links.total_count after language-code query; counts reproduced in each row | CATALOG_DOAB_20260901: x-total-count after exact dc.language label query; counts reproduced in each row",Census category is not an exact variety. Knowledge/home-use counts are incompatible with mother tongue; Canadian and German Low German coverage is not transferable.,,EVIDENCE_ONLY_CONTEXT,false,42695e4ebb56b156db3f08c33079b825a3c09d03085665e3436d0a3684fe0877,,,,,
regional:AMERICAS_EUROPE_EMPIRICAL_NEED_INPUTS:nds-Latn-DE-NORTH:161,AMERICAS_EUROPE_EMPIRICAL_NEED_INPUTS,nds-Latn-DE-NORTH,,REGIONAL_EMPIRICAL_STRATUM,survey_extrapolated_self_rated_good_or_very_good_speakers,persons extrapolated as speaking Low German well or very well,,2500000,,Official state-government discussion reports the survey extrapolation of 2.5 million good/very-good speakers.,2016 survey,eight northern German states,written and spoken; Latin script; regional orthographic variation,DE_SH_LOW_GERMAN_SPEAKERS;DE_SH_LOW_GERMAN_POLICY_2026;EUROSTAT_INTERNET_2025;OER_UNESCO_2019;CATALOG_OTL_20260901;CATALOG_DOAB_20260901,https://www.schleswig-holstein.de/DE/landesregierung/ministerien-behoerden/LVB/Podcast/_documents/Material/Downloads/podcast06_Transkript;https://www.schleswig-holstein.de/DE/fachinhalte/S/schule_und_unterricht/niederdeutsch;https://ec.europa.eu/eurostat/statistics-explained/SEPDF/cache/108644.pdf;https://www.unesco.org/en/legal-affairs/recommendation-open-educational-resources-oer?hub=422;https://open.umn.edu/opentextbooks/textbooks.json;https://directory.doabooks.org/rest/search,"DE_SH_LOW_GERMAN_SPEAKERS: survey discussion: extrapolated 2.5 million good/very-good speakers | DE_SH_LOW_GERMAN_POLICY_2026: model schools, weekly hours, stages and online materials | EUROSTAT_INTERNET_2025: household internet-access section and country chart | OER_UNESCO_2019: Definition I.1 and scope | CATALOG_OTL_20260901: links.total_count after language-code query; counts reproduced in each row | CATALOG_DOAB_20260901: x-total-count after exact dc.language label query; counts reproduced in each row","Population is a survey extrapolation; provision evidence covers one state; local varieties are unresolved. No learning, academic-language, disability/device or licensing cross-tabs.",,EVIDENCE_ONLY_CONTEXT,false,34807c48d08768695580b3e63487228084dd4d9578b3d3f2984c146171f37569,,,,,
regional:AMERICAS_EUROPE_EMPIRICAL_NEED_INPUTS:nhd-Latn-BR:210,AMERICAS_EUROPE_EMPIRICAL_NEED_INPUTS,nhd-Latn-BR,edition-target:regional:nhd-Latn-BR,REGIONAL_EMPIRICAL_STRATUM,census_exact_language_speaking_or_home_use,Indigenous persons age 2+ speaking or using the exact language at home,,3503,,IBGE 2022 source-stated count for Indigenous persons age 2+ speaking or using the exact named language at home.,2022,Brazil,spoken and written; Latin script; exact orthography coverage unverified,BR_IBGE_INDIG_LANG_2022;BR_MEC_INDIG_EDU;NLP_AMERICASNLP_2021;OER_UNESCO_2019,https://educa.ibge.gov.br/images/educa/professores/recursos/liv102252.pdf;https://portal.mec.gov.br/educacao-indigena;https://aclanthology.org/2021.americasnlp-1.23.pdf;https://www.unesco.org/en/legal-affairs/recommendation-open-educational-resources-oer?hub=422,"BR_IBGE_INDIG_LANG_2022: exact language spoken/used at home counts by Indigenous language and ethnic group | BR_MEC_INDIG_EDU: Indigenous teacher/material programs | NLP_AMERICASNLP_2021: Table 1 and section 3: corpus sizes, variety, orthography and domain composition | OER_UNESCO_2019: Definition I.1 and scope","Not merged with Paraguay Ava Guaraní. Speaker/use, ethnicity, residence and program reach differ; cross-border Guaraní resources/counts are not combined.",,NEW_EDITION_EVIDENCE,false,f26a69012813a687eff289a94771a2dcafcc7b8f4449e6fe9ad7a80e0a1d44b0,edition-target:regional:nhd-Latn-BR,,nhd-Latn-BR,edition-target:regional:nhd-Latn-BR,edition-target:regional:nhd-Latn-BR
regional:AMERICAS_EUROPE_EMPIRICAL_NEED_INPUTS:nhd-Latn-PY:211,AMERICAS_EUROPE_EMPIRICAL_NEED_INPUTS,nhd-Latn-PY,edition-target:regional:nhd-Latn-PY,REGIONAL_EMPIRICAL_STRATUM,census_ethnic_pueblo_population_proxy_not_speaker_count,"all-age ethnic-pueblo members (proxy, not speakers)",,22694,,"2022 Indigenous census source-stated all-age population for the named pueblo; retained as an explicit proxy, not a language count.",2022,Paraguay,spoken and written; Latin script; exact own-language orthographic/resource coverage unverified,PY_INDIGENOUS_CENSUS_2022;PY_INDIG_LANG_BULLETIN_2026;PY_INDIG_STUDY_YEARS_2022;OER_UNESCO_2019,https://www.ine.gov.py/Publicaciones/Biblioteca/documento/237/Resultados-Finales-Censo-Indigena.pdf;https://www.ine.gov.py/Publicaciones/Biblioteca/documento/331/Diversidad_de_Lenguas_habladas_por_los_pueblos_indigenas.pdf;https://www.ine.gov.py/Publicaciones/Biblioteca/documento/260/TRIPTICO%20%28Castellano%29.pdf;https://www.unesco.org/en/legal-affairs/recommendation-open-educational-resources-oer?hub=422,PY_INDIGENOUS_CENSUS_2022: ethnic-pueblo counts and age-5+ first-language shares by named pueblo | PY_INDIG_LANG_BULLETIN_2026: own-language-first versus Paraguayan-Guaraní-first by named pueblo and national trend | PY_INDIG_STUDY_YEARS_2022: average years of study age 15+ by named Indigenous pueblo | OER_UNESCO_2019: Definition I.1 and scope,"Paraguay Ava is not combined with Brazil Avá Guarani. Ethnic population and age-5+ first-language shares have different universes and are not multiplied. Exact speaker totals, stages and open-resource licences are absent.",,NEW_EDITION_EVIDENCE,false,87fd3ef54a703fff57fc7723c244c243f2d8ab37a68e8eafb0e0df1ff3f8512e,edition-target:regional:nhd-Latn-PY,,nhd-Latn-PY,edition-target:regional:nhd-Latn-PY,edition-target:regional:nhd-Latn-PY
regional:AMERICAS_EUROPE_EMPIRICAL_NEED_INPUTS:ojs-script-unresolved-CA:132,AMERICAS_EUROPE_EMPIRICAL_NEED_INPUTS,ojs-script-unresolved-CA,edition-target:regional:ojs-script-unresolved-CA,REGIONAL_EMPIRICAL_STRATUM,census_conversational_knowledge_published_rounded_count,private-household census respondents able to conduct a conversation,,15305,,Statistics Canada 2021 published rounded count able to converse; mean age 33.,2021,Canada,spoken; script not recorded by Census and not inferred,CA_STATCAN_ALGONQUIAN_2021;CA_STATCAN_SILENT_2021;CA_MB_LANGUAGE_SURVEY_2021;CA_MB_POSTSECONDARY_2021_22;OER_UNESCO_2019;CATALOG_OTL_20260901;CATALOG_DOAB_20260901,https://www150.statcan.gc.ca/n1/pub/41-20-0002/412000022025002-eng.htm;https://www150.statcan.gc.ca/n1/pub/41-20-0002/412000022026001-eng.htm;https://www.edu.gov.mb.ca/iid/docs/indigenous_languages_report.pdf;https://www.edu.gov.mb.ca/iee/docs/mals_report_en.pdf;https://www.unesco.org/en/legal-affairs/recommendation-open-educational-resources-oer?hub=422;https://open.umn.edu/opentextbooks/textbooks.json;https://directory.doabooks.org/rest/search,"CA_STATCAN_ALGONQUIAN_2021: Table 2 and Charts 1–2: knowledge, mother tongue and age by named language | CA_STATCAN_SILENT_2021: Annex Table A.1 by exact language | CA_MB_LANGUAGE_SURVEY_2021: pp. 1–5, 8, 10, 12 and 19: offerings, modes, barriers and dialect-teacher example | CA_MB_POSTSECONDARY_2021_22: pp. 23–32: courses, enrolments, Oji-Cree absence and teacher-training gaps | OER_UNESCO_2019: Definition I.1 and scope | CATALOG_OTL_20260901: links.total_count after language-code query; counts reproduced in each row | CATALOG_DOAB_20260901: x-total-count after exact dc.language label query; counts reproduced in each row","Oji-Cree is a separate Census category and is not folded into Cree or Ojibway; school and postsecondary surveys have narrower institutions and different denominators. Ojibway n.o.s. has 20,715 conversational-knowledge and 12,500 mother-tongue respondents and is quarantined, not distributed. Census random rounding and incomplete enumeration apply.",,NEW_EDITION_EVIDENCE,false,2992fcde50df9912f1452165ef7d4fdb9052fab88c5442992b130f0889976e91,edition-target:regional:ojs-script-unresolved-CA,,ojs-script-unresolved-CA,edition-target:regional:ojs-script-unresolved-CA,edition-target:regional:ojs-script-unresolved-CA
regional:AMERICAS_EUROPE_EMPIRICAL_NEED_INPUTS:ojw-script-unresolved-CA:133,AMERICAS_EUROPE_EMPIRICAL_NEED_INPUTS,ojw-script-unresolved-CA,edition-target:regional:ojw-script-unresolved-CA,REGIONAL_EMPIRICAL_STRATUM,census_conversational_knowledge_published_rounded_count,private-household census respondents able to conduct a conversation,,3630,,Statistics Canada 2021 published rounded count able to converse; mean age 48.,2021,Canada,spoken; Manitoba portal has double-vowel Roman Anishinaabemowin resources but exact match/completeness is unproven,CA_STATCAN_ALGONQUIAN_2021;CA_STATCAN_SILENT_2021;CA_MB_LANGUAGE_SURVEY_2021;CA_MB_OPEN_PORTAL;OER_UNESCO_2019;CATALOG_OTL_20260901;CATALOG_DOAB_20260901,https://www150.statcan.gc.ca/n1/pub/41-20-0002/412000022025002-eng.htm;https://www150.statcan.gc.ca/n1/pub/41-20-0002/412000022026001-eng.htm;https://www.edu.gov.mb.ca/iid/docs/indigenous_languages_report.pdf;https://www.edu.gov.mb.ca/k12/mylearning/onlinelearning/index.html;https://www.unesco.org/en/legal-affairs/recommendation-open-educational-resources-oer?hub=422;https://open.umn.edu/opentextbooks/textbooks.json;https://directory.doabooks.org/rest/search,"CA_STATCAN_ALGONQUIAN_2021: Table 2 and Charts 1–2: knowledge, mother tongue and age by named language | CA_STATCAN_SILENT_2021: Annex Table A.1 by exact language | CA_MB_LANGUAGE_SURVEY_2021: pp. 1–5, 8, 10, 12 and 19: offerings, modes, barriers and dialect-teacher example | CA_MB_OPEN_PORTAL: Cree and Anishinaabemowin resource listings | OER_UNESCO_2019: Definition I.1 and scope | CATALOG_OTL_20260901: links.total_count after language-code query; counts reproduced in each row | CATALOG_DOAB_20260901: x-total-count after exact dc.language label query; counts reproduced in each row","Generic Ojibwe/Anishinaabemowin courses or double-vowel resources cannot be assumed Saulteau-compatible. Ojibway n.o.s. has 20,715 conversational-knowledge and 12,500 mother-tongue respondents and is quarantined, not distributed. Census random rounding and incomplete enumeration apply.",,NEW_EDITION_EVIDENCE,false,227c369e3b392c7500a3eaaefcd5f1808b97d8b1522f46095129dd3af1b6cf54,edition-target:regional:ojw-script-unresolved-CA,,ojw-script-unresolved-CA,edition-target:regional:ojw-script-unresolved-CA,edition-target:regional:ojw-script-unresolved-CA
regional:AMERICAS_EUROPE_EMPIRICAL_NEED_INPUTS:otw-script-unresolved-CA:134,AMERICAS_EUROPE_EMPIRICAL_NEED_INPUTS,otw-script-unresolved-CA,edition-target:regional:otw-script-unresolved-CA,REGIONAL_EMPIRICAL_STRATUM,census_conversational_knowledge_published_rounded_count,private-household census respondents able to conduct a conversation,,220,,Statistics Canada 2021 published rounded count able to converse; mean age 46.,2021,Canada,spoken; script not recorded by Census and not inferred,CA_STATCAN_ALGONQUIAN_2021;CA_STATCAN_SILENT_2021;OER_UNESCO_2019;CATALOG_OTL_20260901;CATALOG_DOAB_20260901,https://www150.statcan.gc.ca/n1/pub/41-20-0002/412000022025002-eng.htm;https://www150.statcan.gc.ca/n1/pub/41-20-0002/412000022026001-eng.htm;https://www.unesco.org/en/legal-affairs/recommendation-open-educational-resources-oer?hub=422;https://open.umn.edu/opentextbooks/textbooks.json;https://directory.doabooks.org/rest/search,"CA_STATCAN_ALGONQUIAN_2021: Table 2 and Charts 1–2: knowledge, mother tongue and age by named language | CA_STATCAN_SILENT_2021: Annex Table A.1 by exact language | OER_UNESCO_2019: Definition I.1 and scope | CATALOG_OTL_20260901: links.total_count after language-code query; counts reproduced in each row | CATALOG_DOAB_20260901: x-total-count after exact dc.language label query; counts reproduced in each row","Ojibway-family and generic Anishinaabemowin data are not allocated to Daawaamwin. Ojibway n.o.s. has 20,715 conversational-knowledge and 12,500 mother-tongue respondents and is quarantined, not distributed. Census random rounding and incomplete enumeration apply.",,NEW_EDITION_EVIDENCE,false,d91c2f878ba5f47ae6ef82e95f6736ff522d72bdb7dd38d080ec06c598ac992e,edition-target:regional:otw-script-unresolved-CA,,otw-script-unresolved-CA,edition-target:regional:otw-script-unresolved-CA,edition-target:regional:otw-script-unresolved-CA
regional:AMERICAS_EUROPE_EMPIRICAL_NEED_INPUTS:pap-Latn-AW:139,AMERICAS_EUROPE_EMPIRICAL_NEED_INPUTS,pap-Latn-AW,edition-target:regional:pap-Latn-AW,REGIONAL_EMPIRICAL_STRATUM,historic_census_school_language_need_cohort,"primary pupils reporting no/little everyday Dutch (education-need cohort, not Papiamento speakers)",,2190,,"Census 2000 source-stated count of primary pupils with no/little everyday Dutch; 1,684 were Aruba-born. Not an Aruba Papiamento speaker count.",2000,Aruba,written and spoken; Latin etymological Aruba orthography,AW_EDUCATION_2000_2003;KREYOL_MT_2024;COMMON_VOICE_26_2026;OER_UNESCO_2019;CATALOG_OTL_20260901;CATALOG_DOAB_20260901,https://cbs.aw/wp/wp-content/uploads/2013/02/05-02-Ad_Onderwijs_op_Aruba_context_en_output.pdf;https://www.cs.jhu.edu/~kevinduh/t/naacl24/final_pdf/paper289.pdf;https://raw.githubusercontent.com/common-voice/cv-dataset/main/datasets/scripted-speech/cv-corpus-26.0-2026-06-12.json;https://www.unesco.org/en/legal-affairs/recommendation-open-educational-resources-oer?hub=422;https://open.umn.edu/opentextbooks/textbooks.json;https://directory.doabooks.org/rest/search,"AW_EDUCATION_2000_2003: pp. 36–38: everyday Dutch ability by grade and birthplace | KREYOL_MT_2024: pp. 2, 5–6 and Table 3: exact/pooled language public/all sentence counts and genre transfer | COMMON_VOICE_26_2026: locale entry counts/hours and absence audit | OER_UNESCO_2019: Definition I.1 and scope | CATALOG_OTL_20260901: links.total_count after language-code query; counts reproduced in each row | CATALOG_DOAB_20260901: x-total-count after exact dc.language label query; counts reproduced in each row",Historic need cohort is not speakers; everyday versus cognitive-academic Dutch differs. Pooled pap resources and Curaçao/Bonaire spelling/data are nonallocable.,,NEW_EDITION_EVIDENCE,false,fdf0ff2cdf60bb3baf827b90b944cc9476fad9207e90d4335830fa353dc418cc,edition-target:regional:pap-Latn-AW,,pap-Latn-AW,edition-target:regional:pap-Latn-AW,edition-target:regional:pap-Latn-AW
regional:AMERICAS_EUROPE_EMPIRICAL_NEED_INPUTS:pap-Latn-BQ-BO:140,AMERICAS_EUROPE_EMPIRICAL_NEED_INPUTS,pap-Latn-BQ-BO,,REGIONAL_EMPIRICAL_STRATUM,official_share_no_person_count,most-widely-spoken-language share without source-stated person count,,,,"CBS reports 62.4% Papiamentu as most widely spoken in 2021; no source-stated person count in the summary, so numeric fields are blank.",2021,"Bonaire, Caribbean Netherlands",written and spoken; Latin Bonaire/Curaçao spelling,BQ_CBS_LANGUAGE_2021;BQ_CHILDCARE_2021_22;KREYOL_MT_2024;COMMON_VOICE_26_2026;OER_UNESCO_2019;CATALOG_OTL_20260901;CATALOG_DOAB_20260901,https://www.cbs.nl/en-gb/background/2025/47/population-of-the-dutch-caribbean-has-grown-over-fifteen-years;https://www.onderwijsinspectie.nl/binaries/onderwijsinspectie/documenten/rapporten/2023/03/03/eindrapport-bestandsopname-kwaliteit-kinderopvang-caribisch-nederland/Final%2Breport%2Bof%2Bthe%2Bsurvey%2Bof%2Bthe%2Bquality%2Bof%2Bchildcare%2Bin%2Bthe%2BCaribbean%2BNetherlands.pdf;https://www.cs.jhu.edu/~kevinduh/t/naacl24/final_pdf/paper289.pdf;https://raw.githubusercontent.com/common-voice/cv-dataset/main/datasets/scripted-speech/cv-corpus-26.0-2026-06-12.json;https://www.unesco.org/en/legal-affairs/recommendation-open-educational-resources-oer?hub=422;https://open.umn.edu/opentextbooks/textbooks.json;https://directory.doabooks.org/rest/search,"BQ_CBS_LANGUAGE_2021: Most widely spoken language table: Bonaire Papiamentu 62.4% | BQ_CHILDCARE_2021_22: pp. 8 and 27: multilingual practice and Bonaire Papiamentu predominance | KREYOL_MT_2024: pp. 2, 5–6 and Table 3: exact/pooled language public/all sentence counts and genre transfer | COMMON_VOICE_26_2026: locale entry counts/hours and absence audit | OER_UNESCO_2019: Definition I.1 and scope | CATALOG_OTL_20260901: links.total_count after language-code query; counts reproduced in each row | CATALOG_DOAB_20260901: x-total-count after exact dc.language label query; counts reproduced in each row",Share lacks person count; three-island inspection totals are not Bonaire totals; pooled pap corpus is nonallocable.,,EVIDENCE_ONLY_CONTEXT,false,d418b935526226dd5b4e833a73170b4529f7e497fee6e3af63e4a6dedb9bcd8f,,,,,
regional:AMERICAS_EUROPE_EMPIRICAL_NEED_INPUTS:pap-Latn-CW:141,AMERICAS_EUROPE_EMPIRICAL_NEED_INPUTS,pap-Latn-CW,edition-target:regional:pap-Latn-CW,REGIONAL_EMPIRICAL_STRATUM,census_person_response_ceiling_with_ranked_home_language_shares,"Census person responses (territorial response ceiling, not speakers)",,,147498,"Census 2023 received 147,498 person responses; retained only as a response-universe ceiling because exact Papiamentu speakers are not counted.",2023,Curaçao,written and spoken; Latin phonemic Curaçao orthography,CW_CENSUS_LANGUAGE_2023;KREYOL_MT_2024;COMMON_VOICE_26_2026;OER_UNESCO_2019;CATALOG_OTL_20260901;CATALOG_DOAB_20260901,https://senso.cbs.cw/talen-gesproken-in-curacao-resultaten-census-2023;https://www.cs.jhu.edu/~kevinduh/t/naacl24/final_pdf/paper289.pdf;https://raw.githubusercontent.com/common-voice/cv-dataset/main/datasets/scripted-speech/cv-corpus-26.0-2026-06-12.json;https://www.unesco.org/en/legal-affairs/recommendation-open-educational-resources-oer?hub=422;https://open.umn.edu/opentextbooks/textbooks.json;https://directory.doabooks.org/rest/search,"CW_CENSUS_LANGUAGE_2023: 147,498 person responses and first/second/third home-language shares | KREYOL_MT_2024: pp. 2, 5–6 and Table 3: exact/pooled language public/all sentence counts and genre transfer | COMMON_VOICE_26_2026: locale entry counts/hours and absence audit | OER_UNESCO_2019: Definition I.1 and scope | CATALOG_OTL_20260901: links.total_count after language-code query; counts reproduced in each row | CATALOG_DOAB_20260901: x-total-count after exact dc.language label query; counts reproduced in each row",Response universe is not speakers; ranked person-level 2023 questions are not comparable with earlier household censuses. Aggregate pap corpus is nonallocable across island spelling standards.,,NEW_EDITION_EVIDENCE,false,2bcabbfc117c5b4a3e68f5ebf9dfce3553efc41ca57ad478051bad29f5f58224,edition-target:regional:pap-Latn-CW,,pap-Latn-CW,edition-target:regional:pap-Latn-CW,edition-target:regional:pap-Latn-CW
regional:AMERICAS_EUROPE_EMPIRICAL_NEED_INPUTS:pdt-Latn-CA:107,AMERICAS_EUROPE_EMPIRICAL_NEED_INPUTS,pdt-Latn-CA,edition-target:regional:pdt-Latn-CA,REGIONAL_EMPIRICAL_STRATUM,census_mother_tongue,census mother-tongue respondents,,33200,,2021 census source-stated Plautdietsch mother-tongue count: first language learned at home in childhood and still understood.,2021,Canada,written and spoken; Latin script; orthographic variation,CA_CENSUS_LANGUAGE_PROFILE_2021;CA_MB_EAL_MENNONITE;OER_UNESCO_2019;CATALOG_OTL_20260901;CATALOG_DOAB_20260901,https://www12.statcan.gc.ca/census-recensement/2021/dp-pd/prof/details/page.cfm?DGUIDlist=2021A000011124&GENDERlist=1&HEADERlist=18&LANG=E&STATISTIClist=1;https://www.edu.gov.mb.ca/k12/cur/languages/german/found_4-6/chapter7.pdf;https://www.unesco.org/en/legal-affairs/recommendation-open-educational-resources-oer?hub=422;https://open.umn.edu/opentextbooks/textbooks.json;https://directory.doabooks.org/rest/search,"CA_CENSUS_LANGUAGE_PROFILE_2021: Mother tongue, knowledge and language spoken most often at home rows for Plautdietsch, Low German n.o.s. and Yiddish | CA_MB_EAL_MENNONITE: Canadian-born Mennonite EAL learner discussion | OER_UNESCO_2019: Definition I.1 and scope | CATALOG_OTL_20260901: links.total_count after language-code query; counts reproduced in each row | CATALOG_DOAB_20260901: x-total-count after exact dc.language label query; counts reproduced in each row","Mother tongue, knowledge and home-use constructs differ. Manitoba subgroup guidance cannot be generalized nationally. Orthographies, ages, disability/access and learning outcomes are unresolved.",,NEW_EDITION_EVIDENCE,false,b298a5ca8d61c8cfccef9f0449775f10f5cf3a062cb26d20de75013b75d8c981,edition-target:regional:pdt-Latn-CA,,pdt-Latn-CA,edition-target:regional:pdt-Latn-CA,edition-target:regional:pdt-Latn-CA
regional:AMERICAS_EUROPE_EMPIRICAL_NEED_INPUTS:poh-Latn-GT:212,AMERICAS_EUROPE_EMPIRICAL_NEED_INPUTS,poh-Latn-GT,edition-target:regional:poh-Latn-GT,REGIONAL_EMPIRICAL_STRATUM,census_exact_childhood_acquired_language,persons age 4+ reporting the named language as the language in which they learned to speak,,133074,,"2018 census exact language-learned-to-speak count; not current use, proficiency or ethnic belonging.",2018,Guatemala,written and spoken; Latin-script official educational orthography,GT_CENSUS_LANGUAGE_2018;GT_EIB_G1_READING_2008;GT_EIB_DELIVERY_2022;GT_DIGEBI_TARGET;OER_UNESCO_2019,https://censo2018.ine.gob.gt/archivos/Principales_resultados_Censo2018.pdf;https://edu.mineduc.gob.gt/digeduca/documents/informes/Informe_Primaria_Bilingue_2008.pdf;https://edu.mineduc.gob.gt/documents/memoriaLabores/Memoria_de_Labores_2022.pdf;https://digebi.mineduc.gob.gt/digebi/nuestra-meta/;https://www.unesco.org/en/legal-affairs/recommendation-open-educational-resources-oer?hub=422,"GT_CENSUS_LANGUAGE_2018: language in which persons age 4+ learned to speak by exact named language | GT_EIB_G1_READING_2008: p. 32, Figure 14: Spanish-reading performance by K’iche’, Kaqchikel, Mam and Q’eqchi’ labels | GT_EIB_DELIVERY_2022: p. 40 Table 11 EIB enrolment by stage and language-material production | GT_DIGEBI_TARGET: named-language stage targets through Grade 6 versus preprimary–Grade 3 | OER_UNESCO_2019: Definition I.1 and scope","Childhood language, EIB programme totals, Grade 1 assessment and material outputs have different denominators. Exact language does not imply one dialect/orthography; no dominant-language or device coverage inferred.",,NEW_EDITION_EVIDENCE,false,62c855d2398ec7cf9bdb7e41bc63e0070ee6c3ee096c3d33ef7651d876781597,edition-target:regional:poh-Latn-GT,,poh-Latn-GT,edition-target:regional:poh-Latn-GT,edition-target:regional:poh-Latn-GT
regional:AMERICAS_EUROPE_EMPIRICAL_NEED_INPUTS:pt-BR:120,AMERICAS_EUROPE_EMPIRICAL_NEED_INPUTS,pt-BR,,REGIONAL_EMPIRICAL_STRATUM,census_territorial_population_ceiling,"resident territorial population ceiling, not standard speakers",,,203080756,Census 2022 resident population retained only as a ceiling; constitutional official status does not enumerate Brazilian Portuguese speakers.,2022,Brazil,written and spoken; Latin script,BR_CENSUS_POP_2022;BR_INDIG_LANGUAGE_LITERACY_2022;BR_MEC_INDIG_SCHOOLS_2018;UNESCO_ERCE_READING_2019;BR_IBGE_INTERNET_2023;OER_UNESCO_2019;CATALOG_OTL_20260901;CATALOG_DOAB_20260901,https://ftp.ibge.gov.br/Censos/Censo_Demografico_2022/Populacao_e_domicilios_Primeiros_resultados/Resultados_da_2a_apuracao_20231027/POP2022_Municipios_Primeiros_Resultados_20231222.pdf;https://agenciadenoticias.ibge.gov.br/en/agencia-press-room/2184-news-agency/news/44866-2022-census-brazil-has-391-indigenous-ethnicities-and-295-indigenous-languages.html;https://portal.mec.gov.br/busca-geral/206noticias/1084311476/75261-mec-trabalha-por-avancos-na-educacao-escolar-indigena;https://unesdoc.unesco.org/in/rest/annotationSVC/DownloadWatermarkedAttachment/attach_import_467d448e-d64b-4f4d-b86f-f65db90b6b9b?_=380257spa.pdf;https://educa.ibge.gov.br/jovens/materias-especiais/21581-informacoes-atualizadas-sobre-tecnologias-da-informacao-e-comunicacao.html;https://www.unesco.org/en/legal-affairs/recommendation-open-educational-resources-oer?hub=422;https://open.umn.edu/opentextbooks/textbooks.json;https://directory.doabooks.org/rest/search,"BR_CENSUS_POP_2022: resident population 203,080,756 | BR_INDIG_LANGUAGE_LITERACY_2022: Indigenous-language speakers, Portuguese home use and literacy by language-use subgroup | BR_MEC_INDIG_SCHOOLS_2018: enrolment/school totals and library, broadband, computer-lab and specific-material gaps | UNESCO_ERCE_READING_2019: Annex p. 43: country percentage reaching minimum reading level, Grade 3 Level II+ and Grade 6 Level III+ | BR_IBGE_INTERNET_2023: connected/unconnected households and stated reasons | OER_UNESCO_2019: Definition I.1 and scope | CATALOG_OTL_20260901: links.total_count after language-code query; counts reproduced in each row | CATALOG_DOAB_20260901: x-total-count after exact dc.language label query; counts reproduced in each row","Territory ceiling, Indigenous subgroup, school infrastructure, ERCE and household access differ. No exact Brazilian Portuguese speaker count or territory-specific open inventory.",,EVIDENCE_ONLY_CONTEXT,false,1f5f5fab0dcbe5a72835122216c080f5d91bcc2a62e6968df9b38cec5bdc3f7e,,,,,
regional:AMERICAS_EUROPE_EMPIRICAL_NEED_INPUTS:pt-PT:121,AMERICAS_EUROPE_EMPIRICAL_NEED_INPUTS,pt-PT,,REGIONAL_EMPIRICAL_STRATUM,census_territorial_population_ceiling,"resident territorial population ceiling, not standard speakers",,,10343066,Census 2021 resident total retained only as a ceiling; no exact European-Portuguese speaker count inferred.,2021,Portugal,written and spoken; Latin script,PT_CENSUS_POP_2021;PT_PISA_2022;PT_DGE_DIGITAL_MANUALS_2025_26;PT_DGE_OPEN_RESOURCES;EUROSTAT_INTERNET_2025;OER_UNESCO_2019;CATALOG_OTL_20260901;CATALOG_DOAB_20260901,https://www.ine.pt/scripts/esc2023/5.SUPERMAT.pdf;https://www.oecd.org/en/publications/pisa-2022-results-volume-i-and-ii-country-notes_ed6fbcc5-en/portugal_777942d5-en.html;https://digital.dge.mec.pt/projeto-piloto-manuais-digitais;https://apoioescolas.dge.mec.pt/recursos/recursos-educativos-digitais-e-abertos-reda;https://ec.europa.eu/eurostat/statistics-explained/SEPDF/cache/108644.pdf;https://www.unesco.org/en/legal-affairs/recommendation-open-educational-resources-oer?hub=422;https://open.umn.edu/opentextbooks/textbooks.json;https://directory.doabooks.org/rest/search,"PT_CENSUS_POP_2021: resident population 10,343,066 | PT_PISA_2022: reading Level 2+ and Level 5+ shares | PT_DGE_DIGITAL_MANUALS_2025_26: 49 schools, 324 classes and 6,462 learners using digital manuals | PT_DGE_OPEN_RESOURCES: stage categories and open digital resource portal description | EUROSTAT_INTERNET_2025: household internet-access section and country chart | OER_UNESCO_2019: Definition I.1 and scope | CATALOG_OTL_20260901: links.total_count after language-code query; counts reproduced in each row | CATALOG_DOAB_20260901: x-total-count after exact dc.language label query; counts reproduced in each row","Territory ceiling not speakers. PISA, program reach and internet have different denominators; global Portuguese catalog counts are not national standard supply.",,EVIDENCE_ONLY_CONTEXT,false,7ec356735eb00f72a0dc61ff82df585ca821a3cc6948073eed15dd0559146cb6,,,,,
regional:AMERICAS_EUROPE_EMPIRICAL_NEED_INPUTS:qu-collao-Latn-PE:213,AMERICAS_EUROPE_EMPIRICAL_NEED_INPUTS,qu-collao-Latn-PE,,REGIONAL_EMPIRICAL_STRATUM,exact_variety_count_unavailable_shared_combined_statement_only,exact-variety speakers,,,,No source-stated exact-variety person count was verified; numeric fields are blank.,2017 combined evidence,"Cusco, Puno, eastern Apurímac, Moquegua and Arequipa, Peru",written and spoken; Latin-script official educational orthography,PE_MINEDU_SOUTHERN_QUECHUA;PE_ECE_EIB_READING_2018;OER_UNESCO_2019;CATALOG_OTL_20260901;CATALOG_DOAB_20260901,https://repositorio.minedu.gob.pe/bitstream/handle/20.500.12799/7490/Yachachinapaq%20simikuna%20-%20Urin%20Qichwa%20vocabulario%20pedag%C3%B3gico%20quechua%20sure%C3%B1o.pdf?isAllowed=y&sequence=1;https://repositorio.minedu.gob.pe/bitstream/handle/20.500.12799/6562/Resultados%202018%20Evaluaci%C3%B3n%20Censal%20de%20Estudiantes%20y%20Evaluaci%C3%B3n%20Muestral%20de%20Estudiantes%20evaluaciones%20de%20logros%20de%20aprendizaje.pdf?isAllowed=y&sequence=1;https://www.unesco.org/en/legal-affairs/recommendation-open-educational-resources-oer?hub=422;https://open.umn.edu/opentextbooks/textbooks.json;https://directory.doabooks.org/rest/search,"PE_MINEDU_SOUTHERN_QUECHUA: introductory Southern Quechua variety definition and combined >2.3 million statement | PE_ECE_EIB_READING_2018: p. 32: Grade 4 EIB first-language reading by Chanka, Collao and Aymara labels | OER_UNESCO_2019: Definition I.1 and scope | CATALOG_OTL_20260901: links.total_count after language-code query; counts reproduced in each row | CATALOG_DOAB_20260901: x-total-count after exact dc.language label query; counts reproduced in each row","The >2.3 million statement is combined Chanka+Collao and not an exact-variety population. School assessment, speakers and material inventories have different denominators; Spanish/English and access cross-tabs are absent.",,EVIDENCE_ONLY_CONTEXT,false,398d2af4d9ee86bce4b712e06479b054d4d8108363100d0394fe9a546caf67d7,,,,,
regional:AMERICAS_EUROPE_EMPIRICAL_NEED_INPUTS:quc-Latn-GT:214,AMERICAS_EUROPE_EMPIRICAL_NEED_INPUTS,quc-Latn-GT,edition-target:lang:quc-Latn-GT,REGIONAL_EMPIRICAL_STRATUM,census_exact_childhood_acquired_language,persons age 4+ reporting the named language as the language in which they learned to speak,,1054818,,"2018 census exact language-learned-to-speak count; not current use, proficiency or ethnic belonging.",2018,Guatemala,written and spoken; Latin-script official educational orthography,GT_CENSUS_LANGUAGE_2018;GT_EIB_G1_READING_2008;GT_EIB_DELIVERY_2022;GT_DIGEBI_TARGET;OER_UNESCO_2019,https://censo2018.ine.gob.gt/archivos/Principales_resultados_Censo2018.pdf;https://edu.mineduc.gob.gt/digeduca/documents/informes/Informe_Primaria_Bilingue_2008.pdf;https://edu.mineduc.gob.gt/documents/memoriaLabores/Memoria_de_Labores_2022.pdf;https://digebi.mineduc.gob.gt/digebi/nuestra-meta/;https://www.unesco.org/en/legal-affairs/recommendation-open-educational-resources-oer?hub=422,"GT_CENSUS_LANGUAGE_2018: language in which persons age 4+ learned to speak by exact named language | GT_EIB_G1_READING_2008: p. 32, Figure 14: Spanish-reading performance by K’iche’, Kaqchikel, Mam and Q’eqchi’ labels | GT_EIB_DELIVERY_2022: p. 40 Table 11 EIB enrolment by stage and language-material production | GT_DIGEBI_TARGET: named-language stage targets through Grade 6 versus preprimary–Grade 3 | OER_UNESCO_2019: Definition I.1 and scope","Childhood language, EIB programme totals, Grade 1 assessment and material outputs have different denominators. Exact language does not imply one dialect/orthography; no dominant-language or device coverage inferred.",,ATTACHED_TO_EXISTING_EDITION,false,3fce2ddadcbdc6ead486639ce58b591dfe5045cae6375c56aea9d97d223c06b4,edition-target:lang:quc-Latn-GT,,,edition-target:lang:quc-Latn-GT,edition-target:lang:quc-Latn-GT
regional:AMERICAS_EUROPE_EMPIRICAL_NEED_INPUTS:quy-Latn-PE:215,AMERICAS_EUROPE_EMPIRICAL_NEED_INPUTS,quy-Latn-PE,,REGIONAL_EMPIRICAL_STRATUM,exact_variety_count_unavailable_shared_combined_statement_only,exact-variety speakers,,,,No source-stated exact-variety person count was verified; numeric fields are blank.,2017 combined evidence,"Huancavelica, Ayacucho and western Apurímac, Peru",written and spoken; Latin-script official educational orthography,PE_MINEDU_SOUTHERN_QUECHUA;PE_ECE_EIB_READING_2018;OER_UNESCO_2019;CATALOG_OTL_20260901;CATALOG_DOAB_20260901,https://repositorio.minedu.gob.pe/bitstream/handle/20.500.12799/7490/Yachachinapaq%20simikuna%20-%20Urin%20Qichwa%20vocabulario%20pedag%C3%B3gico%20quechua%20sure%C3%B1o.pdf?isAllowed=y&sequence=1;https://repositorio.minedu.gob.pe/bitstream/handle/20.500.12799/6562/Resultados%202018%20Evaluaci%C3%B3n%20Censal%20de%20Estudiantes%20y%20Evaluaci%C3%B3n%20Muestral%20de%20Estudiantes%20evaluaciones%20de%20logros%20de%20aprendizaje.pdf?isAllowed=y&sequence=1;https://www.unesco.org/en/legal-affairs/recommendation-open-educational-resources-oer?hub=422;https://open.umn.edu/opentextbooks/textbooks.json;https://directory.doabooks.org/rest/search,"PE_MINEDU_SOUTHERN_QUECHUA: introductory Southern Quechua variety definition and combined >2.3 million statement | PE_ECE_EIB_READING_2018: p. 32: Grade 4 EIB first-language reading by Chanka, Collao and Aymara labels | OER_UNESCO_2019: Definition I.1 and scope | CATALOG_OTL_20260901: links.total_count after language-code query; counts reproduced in each row | CATALOG_DOAB_20260901: x-total-count after exact dc.language label query; counts reproduced in each row","The >2.3 million statement is combined Chanka+Collao and not an exact-variety population. School assessment, speakers and material inventories have different denominators; Spanish/English and access cross-tabs are absent.",,EVIDENCE_ONLY_CONTEXT,false,25834515861206dd4d58b2ea394aaf6feb3258841c710ee60dbd6bbbdd550a09,,,,,
regional:AMERICAS_EUROPE_EMPIRICAL_NEED_INPUTS:rmf-Latn-FI:166,AMERICAS_EUROPE_EMPIRICAL_NEED_INPUTS,rmf-Latn-FI,edition-target:regional:rmf-Latn-FI,REGIONAL_EMPIRICAL_STRATUM,source_stated_2009_fluent_speaker_estimate_range,persons estimated fluent in Finnish Kalo,3000,,4000,"Finnish state report cites a 2009 estimate of 3,000–4,000 fluent speakers; no midpoint is manufactured.",2009 estimate cited 2018,Finland,written and spoken; Latin teaching orthography,FI_KALO_STATE_REPORT_2018;FI_KALO_COE_2024;COE_ROMANI_HETEROGENEITY_2017;ECML_QUALIROM_2013;GOOGLE_ROMANI_2024;COMMON_VOICE_26_2026;OER_UNESCO_2019;CATALOG_OTL_20260901;CATALOG_DOAB_20260901,https://rm.coe.int/5th-sr-finland-annexe-2-report-of-the-government-on-the-application-of/1680924c34;https://rm.coe.int/finlandecrml6-en/1680aff869;https://rm.coe.int/thematic-report-on-languages-spoken-by-roma-boyash-sinti-kaale-and-yen/1680a7b338;https://www.ecml.at/en/Resources/ECMLresources/ID/147;https://blog.google/intl/en-in/google-translate-new-languages-2024/;https://raw.githubusercontent.com/common-voice/cv-dataset/main/datasets/scripted-speech/cv-corpus-26.0-2026-06-12.json;https://www.unesco.org/en/legal-affairs/recommendation-open-educational-resources-oer?hub=422;https://open.umn.edu/opentextbooks/textbooks.json;https://directory.doabooks.org/rest/search,"FI_KALO_STATE_REPORT_2018: pp. 13 and 37–38: Finnish Roma ethnicity, fluent Kalo estimate, registry undercount and decline | FI_KALO_COE_2024: p. 13: language nests/clubs, school instruction, materials and teacher-training gaps | COE_ROMANI_HETEROGENEITY_2017: pp. 7–10: heterogeneity, oral transmission and homogeneous-standard education obstacles | ECML_QUALIROM_2013: exact variety packages, A1–B2 levels and adaptable units | GOOGLE_ROMANI_2024: Romani output described as closest to Southern Vlax with Northern Vlax and Balkan elements | COMMON_VOICE_26_2026: locale entry counts/hours and absence audit | OER_UNESCO_2019: Definition I.1 and scope | CATALOG_OTL_20260901: links.total_count after language-code query; counts reproduced in each row | CATALOG_DOAB_20260901: x-total-count after exact dc.language label query; counts reproduced in each row","Ethnicity, fluency estimate, registry and pupil enrolment differ in year/construct. Aggregate QualiRom volume and macro systems cannot be assigned to Finnish Kalo.",,NEW_EDITION_EVIDENCE,false,6b16e8c40e1772e7d2eebd694b165a78424d186afa18be166383d730415066b6,edition-target:regional:rmf-Latn-FI,,rmf-Latn-FI,edition-target:regional:rmf-Latn-FI,edition-target:regional:rmf-Latn-FI
regional:AMERICAS_EUROPE_EMPIRICAL_NEED_INPUTS:rom-arlije-Latn-AT-RS:167,AMERICAS_EUROPE_EMPIRICAL_NEED_INPUTS,rom-arlije-Latn-AT-RS,edition-target:regional:rom-arlije-Latn-AT-RS,REGIONAL_EMPIRICAL_STRATUM,unrankable_no_compatible_exact_variety_person_measure,exact-variety persons,,,,No compatible exact-variety person count was verified; numeric fields are blank.,2013 resource / 2017 monitoring,Vienna/Austria migrant communities and Serbia primary settings,written and spoken; Latin teaching orthography,COE_ROMANI_HETEROGENEITY_2017;ECML_QUALIROM_2013;GOOGLE_ROMANI_2024;COMMON_VOICE_26_2026;OER_UNESCO_2019;CATALOG_OTL_20260901;CATALOG_DOAB_20260901,https://rm.coe.int/thematic-report-on-languages-spoken-by-roma-boyash-sinti-kaale-and-yen/1680a7b338;https://www.ecml.at/en/Resources/ECMLresources/ID/147;https://blog.google/intl/en-in/google-translate-new-languages-2024/;https://raw.githubusercontent.com/common-voice/cv-dataset/main/datasets/scripted-speech/cv-corpus-26.0-2026-06-12.json;https://www.unesco.org/en/legal-affairs/recommendation-open-educational-resources-oer?hub=422;https://open.umn.edu/opentextbooks/textbooks.json;https://directory.doabooks.org/rest/search,"COE_ROMANI_HETEROGENEITY_2017: pp. 7–10: heterogeneity, oral transmission and homogeneous-standard education obstacles | ECML_QUALIROM_2013: exact variety packages, A1–B2 levels and adaptable units | GOOGLE_ROMANI_2024: Romani output described as closest to Southern Vlax with Northern Vlax and Balkan elements | COMMON_VOICE_26_2026: locale entry counts/hours and absence audit | OER_UNESCO_2019: Definition I.1 and scope | CATALOG_OTL_20260901: links.total_count after language-code query; counts reproduced in each row | CATALOG_DOAB_20260901: x-total-count after exact dc.language label query; counts reproduced in each row","No exact person denominator/outcome. Macro Romani population, Google mixed output and aggregate QualiRom page counts are excluded; exact teaching variety is retained.",,NEW_EDITION_EVIDENCE,false,31bf7893afc99abb6eca1faa50c87af936457dcbae890bb88f2ce0976481c670,edition-target:regional:rom-arlije-Latn-AT-RS,,rom-arlije-Latn-AT-RS,edition-target:regional:rom-arlije-Latn-AT-RS,edition-target:regional:rom-arlije-Latn-AT-RS
regional:AMERICAS_EUROPE_EMPIRICAL_NEED_INPUTS:rom-east-slovak-Latn-SK-CZ-AT:168,AMERICAS_EUROPE_EMPIRICAL_NEED_INPUTS,rom-east-slovak-Latn-SK-CZ-AT,edition-target:regional:rom-east-slovak-Latn-SK-CZ-AT,REGIONAL_EMPIRICAL_STRATUM,unrankable_no_compatible_exact_variety_person_measure,exact-variety persons,,,,No compatible exact-variety person count was verified; numeric fields are blank.,2013 resource / 2017 monitoring,"Slovakia, Czechia and migrant communities in Austria",written and spoken; Latin teaching orthography,COE_ROMANI_HETEROGENEITY_2017;ECML_QUALIROM_2013;GOOGLE_ROMANI_2024;COMMON_VOICE_26_2026;OER_UNESCO_2019;CATALOG_OTL_20260901;CATALOG_DOAB_20260901,https://rm.coe.int/thematic-report-on-languages-spoken-by-roma-boyash-sinti-kaale-and-yen/1680a7b338;https://www.ecml.at/en/Resources/ECMLresources/ID/147;https://blog.google/intl/en-in/google-translate-new-languages-2024/;https://raw.githubusercontent.com/common-voice/cv-dataset/main/datasets/scripted-speech/cv-corpus-26.0-2026-06-12.json;https://www.unesco.org/en/legal-affairs/recommendation-open-educational-resources-oer?hub=422;https://open.umn.edu/opentextbooks/textbooks.json;https://directory.doabooks.org/rest/search,"COE_ROMANI_HETEROGENEITY_2017: pp. 7–10: heterogeneity, oral transmission and homogeneous-standard education obstacles | ECML_QUALIROM_2013: exact variety packages, A1–B2 levels and adaptable units | GOOGLE_ROMANI_2024: Romani output described as closest to Southern Vlax with Northern Vlax and Balkan elements | COMMON_VOICE_26_2026: locale entry counts/hours and absence audit | OER_UNESCO_2019: Definition I.1 and scope | CATALOG_OTL_20260901: links.total_count after language-code query; counts reproduced in each row | CATALOG_DOAB_20260901: x-total-count after exact dc.language label query; counts reproduced in each row","No exact person denominator/outcome. Macro Romani population, Google mixed output and aggregate QualiRom page counts are excluded; exact teaching variety is retained.",,NEW_EDITION_EVIDENCE,false,25fc109a926deec37171f4fd323b9780c9f5579c0bd4b95425eae8deba97875f,edition-target:regional:rom-east-slovak-Latn-SK-CZ-AT,,rom-east-slovak-Latn-SK-CZ-AT,edition-target:regional:rom-east-slovak-Latn-SK-CZ-AT,edition-target:regional:rom-east-slovak-Latn-SK-CZ-AT
regional:AMERICAS_EUROPE_EMPIRICAL_NEED_INPUTS:rom-gurbet-cs-Latn-RS:169,AMERICAS_EUROPE_EMPIRICAL_NEED_INPUTS,rom-gurbet-cs-Latn-RS,edition-target:regional:rom-gurbet-cs-Latn-RS,REGIONAL_EMPIRICAL_STRATUM,unrankable_no_compatible_exact_variety_person_measure,exact-variety persons,,,,No compatible exact-variety person count was verified; numeric fields are blank.,2013 resource / 2017 monitoring,Central Serbia,written and spoken; Latin teaching orthography,COE_ROMANI_HETEROGENEITY_2017;ECML_QUALIROM_2013;GOOGLE_ROMANI_2024;COMMON_VOICE_26_2026;OER_UNESCO_2019;CATALOG_OTL_20260901;CATALOG_DOAB_20260901,https://rm.coe.int/thematic-report-on-languages-spoken-by-roma-boyash-sinti-kaale-and-yen/1680a7b338;https://www.ecml.at/en/Resources/ECMLresources/ID/147;https://blog.google/intl/en-in/google-translate-new-languages-2024/;https://raw.githubusercontent.com/common-voice/cv-dataset/main/datasets/scripted-speech/cv-corpus-26.0-2026-06-12.json;https://www.unesco.org/en/legal-affairs/recommendation-open-educational-resources-oer?hub=422;https://open.umn.edu/opentextbooks/textbooks.json;https://directory.doabooks.org/rest/search,"COE_ROMANI_HETEROGENEITY_2017: pp. 7–10: heterogeneity, oral transmission and homogeneous-standard education obstacles | ECML_QUALIROM_2013: exact variety packages, A1–B2 levels and adaptable units | GOOGLE_ROMANI_2024: Romani output described as closest to Southern Vlax with Northern Vlax and Balkan elements | COMMON_VOICE_26_2026: locale entry counts/hours and absence audit | OER_UNESCO_2019: Definition I.1 and scope | CATALOG_OTL_20260901: links.total_count after language-code query; counts reproduced in each row | CATALOG_DOAB_20260901: x-total-count after exact dc.language label query; counts reproduced in each row","No exact person denominator/outcome. Macro Romani population, Google mixed output and aggregate QualiRom page counts are excluded; exact teaching variety is retained.",,NEW_EDITION_EVIDENCE,false,6a700bf9e66ec9f38137e6122f4dc91b6ed518b8ea1816ebf70f54b92d3ba7f8,edition-target:regional:rom-gurbet-cs-Latn-RS,,rom-gurbet-cs-Latn-RS,edition-target:regional:rom-gurbet-cs-Latn-RS,edition-target:regional:rom-gurbet-cs-Latn-RS
regional:AMERICAS_EUROPE_EMPIRICAL_NEED_INPUTS:rom-gurbet-vo-Latn-RS:170,AMERICAS_EUROPE_EMPIRICAL_NEED_INPUTS,rom-gurbet-vo-Latn-RS,edition-target:regional:rom-gurbet-vo-Latn-RS,REGIONAL_EMPIRICAL_STRATUM,unrankable_no_compatible_exact_variety_person_measure,exact-variety persons,,,,No compatible exact-variety person count was verified; numeric fields are blank.,2013 resource / 2017 monitoring,"Vojvodina, Serbia",written and spoken; Latin teaching orthography,COE_ROMANI_HETEROGENEITY_2017;ECML_QUALIROM_2013;GOOGLE_ROMANI_2024;COMMON_VOICE_26_2026;OER_UNESCO_2019;CATALOG_OTL_20260901;CATALOG_DOAB_20260901,https://rm.coe.int/thematic-report-on-languages-spoken-by-roma-boyash-sinti-kaale-and-yen/1680a7b338;https://www.ecml.at/en/Resources/ECMLresources/ID/147;https://blog.google/intl/en-in/google-translate-new-languages-2024/;https://raw.githubusercontent.com/common-voice/cv-dataset/main/datasets/scripted-speech/cv-corpus-26.0-2026-06-12.json;https://www.unesco.org/en/legal-affairs/recommendation-open-educational-resources-oer?hub=422;https://open.umn.edu/opentextbooks/textbooks.json;https://directory.doabooks.org/rest/search,"COE_ROMANI_HETEROGENEITY_2017: pp. 7–10: heterogeneity, oral transmission and homogeneous-standard education obstacles | ECML_QUALIROM_2013: exact variety packages, A1–B2 levels and adaptable units | GOOGLE_ROMANI_2024: Romani output described as closest to Southern Vlax with Northern Vlax and Balkan elements | COMMON_VOICE_26_2026: locale entry counts/hours and absence audit | OER_UNESCO_2019: Definition I.1 and scope | CATALOG_OTL_20260901: links.total_count after language-code query; counts reproduced in each row | CATALOG_DOAB_20260901: x-total-count after exact dc.language label query; counts reproduced in each row","No exact person denominator/outcome. Macro Romani population, Google mixed output and aggregate QualiRom page counts are excluded; exact teaching variety is retained.",,NEW_EDITION_EVIDENCE,false,caece7529e16d16b0276445a7be883b0c81b483858636bd3ed760b1febd18456,edition-target:regional:rom-gurbet-vo-Latn-RS,,rom-gurbet-vo-Latn-RS,edition-target:regional:rom-gurbet-vo-Latn-RS,edition-target:regional:rom-gurbet-vo-Latn-RS
regional:AMERICAS_EUROPE_EMPIRICAL_NEED_INPUTS:rom-kalderas-Latn-AT:171,AMERICAS_EUROPE_EMPIRICAL_NEED_INPUTS,rom-kalderas-Latn-AT,edition-target:regional:rom-kalderas-Latn-AT,REGIONAL_EMPIRICAL_STRATUM,unrankable_no_compatible_exact_variety_person_measure,exact-variety persons,,,,No compatible exact-variety person count was verified; numeric fields are blank.,2013 resource / 2017 monitoring,Austria,written and spoken; Latin teaching orthography,COE_ROMANI_HETEROGENEITY_2017;ECML_QUALIROM_2013;GOOGLE_ROMANI_2024;COMMON_VOICE_26_2026;OER_UNESCO_2019;CATALOG_OTL_20260901;CATALOG_DOAB_20260901,https://rm.coe.int/thematic-report-on-languages-spoken-by-roma-boyash-sinti-kaale-and-yen/1680a7b338;https://www.ecml.at/en/Resources/ECMLresources/ID/147;https://blog.google/intl/en-in/google-translate-new-languages-2024/;https://raw.githubusercontent.com/common-voice/cv-dataset/main/datasets/scripted-speech/cv-corpus-26.0-2026-06-12.json;https://www.unesco.org/en/legal-affairs/recommendation-open-educational-resources-oer?hub=422;https://open.umn.edu/opentextbooks/textbooks.json;https://directory.doabooks.org/rest/search,"COE_ROMANI_HETEROGENEITY_2017: pp. 7–10: heterogeneity, oral transmission and homogeneous-standard education obstacles | ECML_QUALIROM_2013: exact variety packages, A1–B2 levels and adaptable units | GOOGLE_ROMANI_2024: Romani output described as closest to Southern Vlax with Northern Vlax and Balkan elements | COMMON_VOICE_26_2026: locale entry counts/hours and absence audit | OER_UNESCO_2019: Definition I.1 and scope | CATALOG_OTL_20260901: links.total_count after language-code query; counts reproduced in each row | CATALOG_DOAB_20260901: x-total-count after exact dc.language label query; counts reproduced in each row","No exact person denominator/outcome. Macro Romani population, Google mixed output and aggregate QualiRom page counts are excluded; exact teaching variety is retained.",,NEW_EDITION_EVIDENCE,false,b882c590e96d00ed1d710619b2c99d2701b7416706e79d786f739f64c54a9330,edition-target:regional:rom-kalderas-Latn-AT,,rom-kalderas-Latn-AT,edition-target:regional:rom-kalderas-Latn-AT,edition-target:regional:rom-kalderas-Latn-AT
regional:AMERICAS_EUROPE_EMPIRICAL_NEED_INPUTS:rom-lovara-Latn-AT-CZ:172,AMERICAS_EUROPE_EMPIRICAL_NEED_INPUTS,rom-lovara-Latn-AT-CZ,edition-target:regional:rom-lovara-Latn-AT-CZ,REGIONAL_EMPIRICAL_STRATUM,unrankable_no_compatible_exact_variety_person_measure,exact-variety persons,,,,No compatible exact-variety person count was verified; numeric fields are blank.,2013 resource / 2017 monitoring,Austria and Czechia,written and spoken; Latin teaching orthography,COE_ROMANI_HETEROGENEITY_2017;ECML_QUALIROM_2013;GOOGLE_ROMANI_2024;COMMON_VOICE_26_2026;OER_UNESCO_2019;CATALOG_OTL_20260901;CATALOG_DOAB_20260901,https://rm.coe.int/thematic-report-on-languages-spoken-by-roma-boyash-sinti-kaale-and-yen/1680a7b338;https://www.ecml.at/en/Resources/ECMLresources/ID/147;https://blog.google/intl/en-in/google-translate-new-languages-2024/;https://raw.githubusercontent.com/common-voice/cv-dataset/main/datasets/scripted-speech/cv-corpus-26.0-2026-06-12.json;https://www.unesco.org/en/legal-affairs/recommendation-open-educational-resources-oer?hub=422;https://open.umn.edu/opentextbooks/textbooks.json;https://directory.doabooks.org/rest/search,"COE_ROMANI_HETEROGENEITY_2017: pp. 7–10: heterogeneity, oral transmission and homogeneous-standard education obstacles | ECML_QUALIROM_2013: exact variety packages, A1–B2 levels and adaptable units | GOOGLE_ROMANI_2024: Romani output described as closest to Southern Vlax with Northern Vlax and Balkan elements | COMMON_VOICE_26_2026: locale entry counts/hours and absence audit | OER_UNESCO_2019: Definition I.1 and scope | CATALOG_OTL_20260901: links.total_count after language-code query; counts reproduced in each row | CATALOG_DOAB_20260901: x-total-count after exact dc.language label query; counts reproduced in each row","No exact person denominator/outcome. Macro Romani population, Google mixed output and aggregate QualiRom page counts are excluded; exact teaching variety is retained.",,NEW_EDITION_EVIDENCE,false,e42d7b9dec525b3249ea8aefe7fbaad29115fe41dabc496fb90428bb3804923a,edition-target:regional:rom-lovara-Latn-AT-CZ,,rom-lovara-Latn-AT-CZ,edition-target:regional:rom-lovara-Latn-AT-CZ,edition-target:regional:rom-lovara-Latn-AT-CZ
regional:AMERICAS_EUROPE_EMPIRICAL_NEED_INPUTS:ru-Cyrl-EE:162,AMERICAS_EUROPE_EMPIRICAL_NEED_INPUTS,ru-Cyrl-EE,edition-target:regional:ru-Cyrl-EE,REGIONAL_EMPIRICAL_STRATUM,census_mother_tongue_exact_table_cell,census residents reporting Russian mother tongue,,379210,,"Statistics Estonia PxWeb table RL21434 exact whole-country cell: age groups total, both sexes, Russian mother tongue.",2021,Estonia,written and spoken; Cyrillic script,EE_CENSUS_MOTHER_TONGUE_2021;EE_EDUCATION_TRANSITION;EUROSTAT_INTERNET_2025;OER_UNESCO_2019;CATALOG_OTL_20260901;CATALOG_DOAB_20260901,https://andmed.stat.ee/en/stat/rahvaloendus__rel2021__rahvastiku-demograafilised-ja-etno-kultuurilised-naitajad__rahvus-emakeel/RL21434;https://www.hm.ee/en/node/234;https://ec.europa.eu/eurostat/statistics-explained/SEPDF/cache/108644.pdf;https://www.unesco.org/en/legal-affairs/recommendation-open-educational-resources-oer?hub=422;https://open.umn.edu/opentextbooks/textbooks.json;https://directory.doabooks.org/rest/search,"EE_CENSUS_MOTHER_TONGUE_2021: Whole country; age groups total; males and females; mother tongue=Russian: 379,210 | EE_EDUCATION_TRANSITION: transition timetable, prior Russian-medium exposure and Estonian-support requirements | EUROSTAT_INTERNET_2025: household internet-access section and country chart | OER_UNESCO_2019: Definition I.1 and scope | CATALOG_OTL_20260901: links.total_count after language-code query; counts reproduced in each row | CATALOG_DOAB_20260901: x-total-count after exact dc.language label query; counts reproduced in each row","Mother tongue, prior medium of instruction and Estonian proficiency are different constructs. Global Russian resources are not Estonia-transition coverage. No learning/device/disability cross-tabs.",,NEW_EDITION_EVIDENCE,false,84e6d85e7f0eeb4e83c9e5728741ce3ee4c832975b695de376f424a3bc534d33,edition-target:regional:ru-Cyrl-EE,,ru-Cyrl-EE,edition-target:regional:ru-Cyrl-EE,edition-target:regional:ru-Cyrl-EE
regional:AMERICAS_EUROPE_EMPIRICAL_NEED_INPUTS:sco-Latn-GB-SCT:163,AMERICAS_EUROPE_EMPIRICAL_NEED_INPUTS,sco-Latn-GB-SCT,,REGIONAL_EMPIRICAL_STRATUM,census_self_reported_speaking_ability_umbrella_category,usual residents age 3+ reporting ability to speak Scots,,1508540,,2022 census source-stated count reporting ability to speak Scots; dialects are not split by the source.,2022,"Scotland, United Kingdom",written and spoken; Latin script; orthographic variation,SCOTLAND_SCOTS_POLICY_2022;OER_UNESCO_2019;CATALOG_OTL_20260901;CATALOG_DOAB_20260901,https://www.gov.scot/policies/languages/scots/;https://www.unesco.org/en/legal-affairs/recommendation-open-educational-resources-oer?hub=422;https://open.umn.edu/opentextbooks/textbooks.json;https://directory.doabooks.org/rest/search,SCOTLAND_SCOTS_POLICY_2022: Scots census ability totals and education-support section | OER_UNESCO_2019: Definition I.1 and scope | CATALOG_OTL_20260901: links.total_count after language-code query; counts reproduced in each row | CATALOG_DOAB_20260901: x-total-count after exact dc.language label query; counts reproduced in each row,"The census macro-category does not identify Doric, Insular, Central, Southern or Ulster varieties. Any-skill and speaking constructs are incompatible. No outcome/access cross-tabs exist in the cited evidence.",,EVIDENCE_ONLY_CONTEXT,false,641f96f47329eb7d5d663a80d935cef5a8685c11e7e4b38ee05e597f52b8f4a3,,,,,
regional:AMERICAS_EUROPE_EMPIRICAL_NEED_INPUTS:srm-Latn-SR:148,AMERICAS_EUROPE_EMPIRICAL_NEED_INPUTS,srm-Latn-SR,edition-target:regional:srm-Latn-SR,REGIONAL_EMPIRICAL_STRATUM,unrankable_no_compatible_person_measure,exact-variety persons,,,,No compatible exact person measure was verified; numeric fields are blank.,2024 resource evidence,Suriname and French Guiana,written and spoken; Latin script; exact orthographic coverage unverified,KREYOL_MT_2024;COMMON_VOICE_26_2026;OER_UNESCO_2019,https://www.cs.jhu.edu/~kevinduh/t/naacl24/final_pdf/paper289.pdf;https://raw.githubusercontent.com/common-voice/cv-dataset/main/datasets/scripted-speech/cv-corpus-26.0-2026-06-12.json;https://www.unesco.org/en/legal-affairs/recommendation-open-educational-resources-oer?hub=422,"KREYOL_MT_2024: pp. 2, 5–6 and Table 3: exact/pooled language public/all sentence counts and genre transfer | COMMON_VOICE_26_2026: locale entry counts/hours and absence audit | OER_UNESCO_2019: Definition I.1 and scope","Sentence pairs are not people, learning or curriculum. No exact population/outcome/access evidence; neighboring Creole standards are nonallocable.",,NEW_EDITION_EVIDENCE,false,d961f8401e84714c7bc74956528928c45351c3e9d38a98d210ec9ac26cde63cf,edition-target:regional:srm-Latn-SR,,srm-Latn-SR,edition-target:regional:srm-Latn-SR,edition-target:regional:srm-Latn-SR
regional:AMERICAS_EUROPE_EMPIRICAL_NEED_INPUTS:srn-Latn-SR:142,AMERICAS_EUROPE_EMPIRICAL_NEED_INPUTS,srn-Latn-SR,edition-target:regional:srn-Latn-SR,REGIONAL_EMPIRICAL_STRATUM,household_counts_no_person_estimate,households by most-used language (not persons),,,,"No person count is used. Census 2012 enumerated 140,367 households; 11,802 listed Sranan most-used and 50,143 as second household language.",2012,Suriname,written and spoken; Latin script,SR_CENSUS_LANGUAGE_2012;SR_WORLD_BANK_EDU_2023;KREYOL_MT_2024;COMMON_VOICE_26_2026;OER_UNESCO_2019,https://statistics-suriname.org/wp-content/uploads/2019/05/Publicatie-Census-8-Volume-3-Huishoudens-Gezinnen-en-Woonverblijven-Milieu-Criminaliteit.pdf;https://documents1.worldbank.org/curated/en/099062923162588381/pdf/BOSIB1913074e817f3914e6f18d7313e018d2993a1.pdf;https://www.cs.jhu.edu/~kevinduh/t/naacl24/final_pdf/paper289.pdf;https://raw.githubusercontent.com/common-voice/cv-dataset/main/datasets/scripted-speech/cv-corpus-26.0-2026-06-12.json;https://www.unesco.org/en/legal-affairs/recommendation-open-educational-resources-oer?hub=422,"SR_CENSUS_LANGUAGE_2012: Table HWG-06a/b, p. 36: most-used and second household language | SR_WORLD_BANK_EDU_2023: p. 48: Dutch curriculum/multilingual mismatch, Grade 6 endpoints and dropout | KREYOL_MT_2024: pp. 2, 5–6 and Table 3: exact/pooled language public/all sentence counts and genre transfer | COMMON_VOICE_26_2026: locale entry counts/hours and absence audit | OER_UNESCO_2019: Definition I.1 and scope",Households are not persons/speakers. Education outcomes are national multilingual context; public/all corpus counts and households differ.,,NEW_EDITION_EVIDENCE,false,379c21a1f8df97c750b24d1a7a78d59bcce1b2e040e791a2a8848d064e16f477,edition-target:regional:srn-Latn-SR,,srn-Latn-SR,edition-target:regional:srn-Latn-SR,edition-target:regional:srn-Latn-SR
regional:AMERICAS_EUROPE_EMPIRICAL_NEED_INPUTS:stq-Latn-DE-NI:164,AMERICAS_EUROPE_EMPIRICAL_NEED_INPUTS,stq-Latn-DE-NI,edition-target:regional:stq-Latn-DE-NI,REGIONAL_EMPIRICAL_STRATUM,old_official_approximate_speaker_estimate,persons described as speakers,,1000,,"German Bundestag documentation stated approximately 1,000 speakers; it is retained as an old source-stated estimate, not a current count.",2009,"Saterland, Lower Saxony, Germany",written and spoken; Latin script,DE_BUNDESTAG_SATER_2009;DE_COE_SATER_FRISIAN_2024;EUROSTAT_INTERNET_2025;OER_UNESCO_2019;CATALOG_OTL_20260901;CATALOG_DOAB_20260901,https://www.bundestag.de/resource/blob/494390/a797ab9b3124735878175a94acc65e56/Bedrohte-Sprachen.pdf;https://rm.coe.int/germany-eval-iria-7-en/1680b09963;https://ec.europa.eu/eurostat/statistics-explained/SEPDF/cache/108644.pdf;https://www.unesco.org/en/legal-affairs/recommendation-open-educational-resources-oer?hub=422;https://open.umn.edu/opentextbooks/textbooks.json;https://directory.doabooks.org/rest/search,"DE_BUNDESTAG_SATER_2009: Sater Frisian section: approximately 1,000 speakers | DE_COE_SATER_FRISIAN_2024: Sater Frisian education and media findings | EUROSTAT_INTERNET_2025: household internet-access section and country chart | OER_UNESCO_2019: Definition I.1 and scope | CATALOG_OTL_20260901: links.total_count after language-code query; counts reproduced in each row | CATALOG_DOAB_20260901: x-total-count after exact dc.language label query; counts reproduced in each row","Population estimate is old and approximate. Current speakers, dialect substructure, learning outcomes, devices and open licences are unmeasured.",,NEW_EDITION_EVIDENCE,false,a4bb96cf10dc700548ac0b1fd09f5c36194fe368a9e9f1c917ec9588fc06ab03,edition-target:regional:stq-Latn-DE-NI,,stq-Latn-DE-NI,edition-target:regional:stq-Latn-DE-NI,edition-target:regional:stq-Latn-DE-NI
regional:AMERICAS_EUROPE_EMPIRICAL_NEED_INPUTS:svc-Latn-VC:149,AMERICAS_EUROPE_EMPIRICAL_NEED_INPUTS,svc-Latn-VC,edition-target:regional:svc-Latn-VC,REGIONAL_EMPIRICAL_STRATUM,unrankable_no_compatible_person_measure,exact-variety persons,,,,No compatible exact person measure was verified; numeric fields are blank.,2024 resource evidence,Saint Vincent and the Grenadines,written and spoken; Latin script; exact orthographic coverage unverified,KREYOL_MT_2024;COMMON_VOICE_26_2026;OER_UNESCO_2019,https://www.cs.jhu.edu/~kevinduh/t/naacl24/final_pdf/paper289.pdf;https://raw.githubusercontent.com/common-voice/cv-dataset/main/datasets/scripted-speech/cv-corpus-26.0-2026-06-12.json;https://www.unesco.org/en/legal-affairs/recommendation-open-educational-resources-oer?hub=422,"KREYOL_MT_2024: pp. 2, 5–6 and Table 3: exact/pooled language public/all sentence counts and genre transfer | COMMON_VOICE_26_2026: locale entry counts/hours and absence audit | OER_UNESCO_2019: Definition I.1 and scope","Sentence pairs are not people, learning or curriculum. No exact population/outcome/access evidence; neighboring Creole standards are nonallocable.",,NEW_EDITION_EVIDENCE,false,8fd10270d5b16604631df23484f200bb708c71f23fa47595915cae94cef39e32,edition-target:regional:svc-Latn-VC,,svc-Latn-VC,edition-target:regional:svc-Latn-VC,edition-target:regional:svc-Latn-VC
regional:AMERICAS_EUROPE_EMPIRICAL_NEED_INPUTS:trf-Latn-TT:150,AMERICAS_EUROPE_EMPIRICAL_NEED_INPUTS,trf-Latn-TT,edition-target:regional:trf-Latn-TT,REGIONAL_EMPIRICAL_STRATUM,unrankable_no_compatible_person_measure,exact-variety persons,,,,No compatible exact person measure was verified; numeric fields are blank.,2024 resource evidence,Trinidad and Tobago,written and spoken; Latin script; exact orthographic coverage unverified,KREYOL_MT_2024;COMMON_VOICE_26_2026;OER_UNESCO_2019,https://www.cs.jhu.edu/~kevinduh/t/naacl24/final_pdf/paper289.pdf;https://raw.githubusercontent.com/common-voice/cv-dataset/main/datasets/scripted-speech/cv-corpus-26.0-2026-06-12.json;https://www.unesco.org/en/legal-affairs/recommendation-open-educational-resources-oer?hub=422,"KREYOL_MT_2024: pp. 2, 5–6 and Table 3: exact/pooled language public/all sentence counts and genre transfer | COMMON_VOICE_26_2026: locale entry counts/hours and absence audit | OER_UNESCO_2019: Definition I.1 and scope","Sentence pairs are not people, learning or curriculum. No exact population/outcome/access evidence; neighboring Creole standards are nonallocable.",,NEW_EDITION_EVIDENCE,false,3b65f13e2b3e2ef966b26b5f4a1818c4538c3e661dc8f0938e2c0c11439fe826,edition-target:regional:trf-Latn-TT,,trf-Latn-TT,edition-target:regional:trf-Latn-TT,edition-target:regional:trf-Latn-TT
regional:AMERICAS_EUROPE_EMPIRICAL_NEED_INPUTS:tseltal-east-Latn-MX:216,AMERICAS_EUROPE_EMPIRICAL_NEED_INPUTS,tseltal-east-Latn-MX,edition-target:regional:tseltal-east-Latn-MX,REGIONAL_EMPIRICAL_STRATUM,official_2000_exact_variant_estimate,persons age 5+ allocated to exact variant,,70313,,INALI source-stated exact-variant estimate using Census 2000/locality allocation.,2000,Mexico; exact INALI localities,written and spoken; Latin script,MX_INALI_LANGUAGE_RISK;MX_INEE_LANGUAGE_MATCH;OER_UNESCO_2019,https://site.inali.gob.mx/pdf/libro_lenguas_indigenas_nacionales_en_riesgo_de_desaparicion.pdf;https://www.inee.edu.mx/wp-content/uploads/2019/06/P2A348.pdf;https://www.unesco.org/en/legal-affairs/recommendation-open-educational-resources-oer?hub=422,"MX_INALI_LANGUAGE_RISK: exact variant population, share age 5–14 and risk level tables | MX_INEE_LANGUAGE_MATCH: teacher command of pupils’ language and system mismatch indicator | OER_UNESCO_2019: Definition I.1 and scope",Dated exact estimate cannot be updated with a macro count. National education context is not allocated.,,NEW_EDITION_EVIDENCE,false,784444e26a3ce52b0ac2dab0c34988d4e594bbdfbd1e9d74e0a999838f4420a5,edition-target:regional:tseltal-east-Latn-MX,,tseltal-east-Latn-MX,edition-target:regional:tseltal-east-Latn-MX,edition-target:regional:tseltal-east-Latn-MX
regional:AMERICAS_EUROPE_EMPIRICAL_NEED_INPUTS:tseltal-north-Latn-MX:217,AMERICAS_EUROPE_EMPIRICAL_NEED_INPUTS,tseltal-north-Latn-MX,edition-target:regional:tseltal-north-Latn-MX,REGIONAL_EMPIRICAL_STRATUM,official_2000_exact_variant_estimate,persons age 5+ allocated to exact variant,,84198,,INALI source-stated exact-variant estimate using Census 2000/locality allocation.,2000,Mexico; exact INALI localities,written and spoken; Latin script,MX_INALI_LANGUAGE_RISK;MX_INEE_LANGUAGE_MATCH;OER_UNESCO_2019,https://site.inali.gob.mx/pdf/libro_lenguas_indigenas_nacionales_en_riesgo_de_desaparicion.pdf;https://www.inee.edu.mx/wp-content/uploads/2019/06/P2A348.pdf;https://www.unesco.org/en/legal-affairs/recommendation-open-educational-resources-oer?hub=422,"MX_INALI_LANGUAGE_RISK: exact variant population, share age 5–14 and risk level tables | MX_INEE_LANGUAGE_MATCH: teacher command of pupils’ language and system mismatch indicator | OER_UNESCO_2019: Definition I.1 and scope",Dated exact estimate cannot be updated with a macro count. National education context is not allocated.,,NEW_EDITION_EVIDENCE,false,4e662d6b93f104129aae45a5665730a37e0e16668cae6edd0d57ce2083995968,edition-target:regional:tseltal-north-Latn-MX,,tseltal-north-Latn-MX,edition-target:regional:tseltal-north-Latn-MX,edition-target:regional:tseltal-north-Latn-MX
regional:AMERICAS_EUROPE_EMPIRICAL_NEED_INPUTS:tsotsil-centre-Latn-MX:218,AMERICAS_EUROPE_EMPIRICAL_NEED_INPUTS,tsotsil-centre-Latn-MX,edition-target:regional:tsotsil-centre-Latn-MX,REGIONAL_EMPIRICAL_STRATUM,official_2000_exact_variant_estimate,persons age 5+ allocated to exact variant,,57107,,INALI source-stated exact-variant estimate using Census 2000/locality allocation.,2000,Mexico; exact INALI localities,written and spoken; Latin script,MX_INALI_LANGUAGE_RISK;MX_INEE_LANGUAGE_MATCH;OER_UNESCO_2019,https://site.inali.gob.mx/pdf/libro_lenguas_indigenas_nacionales_en_riesgo_de_desaparicion.pdf;https://www.inee.edu.mx/wp-content/uploads/2019/06/P2A348.pdf;https://www.unesco.org/en/legal-affairs/recommendation-open-educational-resources-oer?hub=422,"MX_INALI_LANGUAGE_RISK: exact variant population, share age 5–14 and risk level tables | MX_INEE_LANGUAGE_MATCH: teacher command of pupils’ language and system mismatch indicator | OER_UNESCO_2019: Definition I.1 and scope",Dated exact estimate cannot be updated with a macro count. National education context is not allocated.,,NEW_EDITION_EVIDENCE,false,ca94c196338e0e676436da595b6ad8887330b94ed40f1e0df2ef377fa1739f6e,edition-target:regional:tsotsil-centre-Latn-MX,,tsotsil-centre-Latn-MX,edition-target:regional:tsotsil-centre-Latn-MX,edition-target:regional:tsotsil-centre-Latn-MX
regional:AMERICAS_EUROPE_EMPIRICAL_NEED_INPUTS:tsotsil-north-high-Latn-MX:219,AMERICAS_EUROPE_EMPIRICAL_NEED_INPUTS,tsotsil-north-high-Latn-MX,edition-target:regional:tsotsil-north-high-Latn-MX,REGIONAL_EMPIRICAL_STRATUM,official_2000_exact_variant_estimate,persons age 5+ allocated to exact variant,,77699,,INALI source-stated exact-variant estimate using Census 2000/locality allocation.,2000,Mexico; exact INALI localities,written and spoken; Latin script,MX_INALI_LANGUAGE_RISK;MX_INEE_LANGUAGE_MATCH;OER_UNESCO_2019,https://site.inali.gob.mx/pdf/libro_lenguas_indigenas_nacionales_en_riesgo_de_desaparicion.pdf;https://www.inee.edu.mx/wp-content/uploads/2019/06/P2A348.pdf;https://www.unesco.org/en/legal-affairs/recommendation-open-educational-resources-oer?hub=422,"MX_INALI_LANGUAGE_RISK: exact variant population, share age 5–14 and risk level tables | MX_INEE_LANGUAGE_MATCH: teacher command of pupils’ language and system mismatch indicator | OER_UNESCO_2019: Definition I.1 and scope",Dated exact estimate cannot be updated with a macro count. National education context is not allocated.,,NEW_EDITION_EVIDENCE,false,95106e8a8196f8408b8e09c7ce20ef1bbc8aed4e57241ffad65905dcc38e074a,edition-target:regional:tsotsil-north-high-Latn-MX,,tsotsil-north-high-Latn-MX,edition-target:regional:tsotsil-north-high-Latn-MX,edition-target:regional:tsotsil-north-high-Latn-MX
regional:AMERICAS_EUROPE_EMPIRICAL_NEED_INPUTS:tsotsil-northwest-Latn-MX:220,AMERICAS_EUROPE_EMPIRICAL_NEED_INPUTS,tsotsil-northwest-Latn-MX,edition-target:regional:tsotsil-northwest-Latn-MX,REGIONAL_EMPIRICAL_STRATUM,official_2000_exact_variant_estimate,persons age 5+ allocated to exact variant,,41289,,INALI source-stated exact-variant estimate using Census 2000/locality allocation.,2000,Mexico; exact INALI localities,written and spoken; Latin script,MX_INALI_LANGUAGE_RISK;MX_INEE_LANGUAGE_MATCH;OER_UNESCO_2019,https://site.inali.gob.mx/pdf/libro_lenguas_indigenas_nacionales_en_riesgo_de_desaparicion.pdf;https://www.inee.edu.mx/wp-content/uploads/2019/06/P2A348.pdf;https://www.unesco.org/en/legal-affairs/recommendation-open-educational-resources-oer?hub=422,"MX_INALI_LANGUAGE_RISK: exact variant population, share age 5–14 and risk level tables | MX_INEE_LANGUAGE_MATCH: teacher command of pupils’ language and system mismatch indicator | OER_UNESCO_2019: Definition I.1 and scope",Dated exact estimate cannot be updated with a macro count. National education context is not allocated.,,NEW_EDITION_EVIDENCE,false,58435482ad95dae02336b1de09eee62b686ab2f8b20e05eec9a33342fce62a38,edition-target:regional:tsotsil-northwest-Latn-MX,,tsotsil-northwest-Latn-MX,edition-target:regional:tsotsil-northwest-Latn-MX,edition-target:regional:tsotsil-northwest-Latn-MX
regional:AMERICAS_EUROPE_EMPIRICAL_NEED_INPUTS:uk-Cyrl-EU-TEMP:165,AMERICAS_EUROPE_EMPIRICAL_NEED_INPUTS,uk-Cyrl-EU-TEMP,edition-target:regional:uk-Cyrl-EU-TEMP,REGIONAL_EMPIRICAL_STRATUM,official_estimated_enrolled_displaced_learner_cohort_not_language_count,estimated displaced children enrolled in EU schools,,700000,,European Commission/UNHCR source-stated estimate of displaced children from Ukraine enrolled in host-country schools; it is not a Ukrainian-speaker count.,2023/24,European Union host systems,"Ukrainian Cyrillic; online, dual-enrolment and host-school modes",EU_UKRAINE_EDUCATION_2024;UNHCR_UKRAINE_EDUCATION_2024;UNHCR_UKRAINE_SEIS_2025;OER_UNESCO_2019;CATALOG_OTL_20260901;CATALOG_DOAB_20260901,https://education.ec.europa.eu/news/how-countries-are-addressing-the-integration-of-children-from-ukraine-in-eu-education-systems;https://www.unhcr.org/sites/default/files/2024-09/refugee-education-report-2024.pdf;https://www.unhcr.org/europe/news/announcements/new-data-insights-reveal-both-progress-and-challenges-ukrainian-refugee-students;https://www.unesco.org/en/legal-affairs/recommendation-open-educational-resources-oer?hub=422;https://open.umn.edu/opentextbooks/textbooks.json;https://directory.doabooks.org/rest/search,"EU_UKRAINE_EDUCATION_2024: enrolment estimate, integration-class and Ukrainian-program continuity findings | UNHCR_UKRAINE_EDUCATION_2024: Ukraine refugee learner enrolment and out-of-school estimates | UNHCR_UKRAINE_SEIS_2025: enrolment, modality, dual-study burden and host-language results | OER_UNESCO_2019: Definition I.1 and scope | CATALOG_OTL_20260901: links.total_count after language-code query; counts reproduced in each row | CATALOG_DOAB_20260901: x-total-count after exact dc.language label query; counts reproduced in each row","Displaced/enrolled children are not a language census. Enrolled, out-of-school and total-child constructs differ; ten-country survey results are not EU totals. Country, age, disability and language distributions vary.",,NEW_EDITION_EVIDENCE,false,410dfa3e660141ff530285ffe237a809a1103a8908e47b3b9d46ce1158784a0c,edition-target:regional:uk-Cyrl-EU-TEMP,,uk-Cyrl-EU-TEMP,edition-target:regional:uk-Cyrl-EU-TEMP,edition-target:regional:uk-Cyrl-EU-TEMP
regional:AMERICAS_EUROPE_EMPIRICAL_NEED_INPUTS:ydd-Hebr-global:175,AMERICAS_EUROPE_EMPIRICAL_NEED_INPUTS,ydd-Hebr-global,,REGIONAL_EMPIRICAL_STRATUM,unrankable_no_compatible_person_measure,exact Eastern Yiddish persons,,,,No exact population count is used; numeric fields blank.,current benchmark snapshot,global benchmark; no person territory assigned,written; Hebrew script,FLORES_YIDDISH;UD_YIDDISH_YITB;OER_UNESCO_2019,https://github.com/facebookresearch/flores/blob/main/flores200/README.md;https://github.com/UniversalDependencies/UD_Yiddish-YiTB;https://www.unesco.org/en/legal-affairs/recommendation-open-educational-resources-oer?hub=422,"FLORES_YIDDISH: ydd_Hebr 3,001-sentence benchmark inventory | UD_YIDDISH_YITB: README and data provenance | OER_UNESCO_2019: Definition I.1 and scope",Benchmark sentences and articles are not people or education. Contemporary Hasidic and generic mixed Yiddish are nonallocable.,,EVIDENCE_ONLY_CONTEXT,false,6821e5bb574bacb20c43fc46888c27afc3d2a993c7a9621210df4bd433376b58,,,,,
regional:AMERICAS_EUROPE_EMPIRICAL_NEED_INPUTS:yi-Hebr-CA:173,AMERICAS_EUROPE_EMPIRICAL_NEED_INPUTS,yi-Hebr-CA,,REGIONAL_EMPIRICAL_STRATUM,census_mother_tongue_umbrella_category,census mother-tongue respondents,,12060,,2021 census source-stated Yiddish mother-tongue count: first learned at home in childhood and still understood.,2021,Canada,written and spoken; Hebrew alphabet; variety/register unresolved,CA_CENSUS_LANGUAGE_PROFILE_2021;FLORES_YIDDISH;UD_YIDDISH_YITB;OER_UNESCO_2019;CATALOG_OTL_20260901;CATALOG_DOAB_20260901,https://www12.statcan.gc.ca/census-recensement/2021/dp-pd/prof/details/page.cfm?DGUIDlist=2021A000011124&GENDERlist=1&HEADERlist=18&LANG=E&STATISTIClist=1;https://github.com/facebookresearch/flores/blob/main/flores200/README.md;https://github.com/UniversalDependencies/UD_Yiddish-YiTB;https://www.unesco.org/en/legal-affairs/recommendation-open-educational-resources-oer?hub=422;https://open.umn.edu/opentextbooks/textbooks.json;https://directory.doabooks.org/rest/search,"CA_CENSUS_LANGUAGE_PROFILE_2021: Mother tongue, knowledge and language spoken most often at home rows for Plautdietsch, Low German n.o.s. and Yiddish | FLORES_YIDDISH: ydd_Hebr 3,001-sentence benchmark inventory | UD_YIDDISH_YITB: README and data provenance | OER_UNESCO_2019: Definition I.1 and scope | CATALOG_OTL_20260901: links.total_count after language-code query; counts reproduced in each row | CATALOG_DOAB_20260901: x-total-count after exact dc.language label query; counts reproduced in each row","Mother tongue, knowledge and home use differ. Census umbrella category cannot be allocated among Eastern/Western/Hasidic varieties; generic resources are nonallocable.",,EVIDENCE_ONLY_CONTEXT,false,ad847f67a0497805e9ad6074280742048a65c85fe602960ba03cf1236cf381d2,,,,,
regional:AMERICAS_EUROPE_EMPIRICAL_NEED_INPUTS:yid-contemporary-hasidic-Hebr-global:174,AMERICAS_EUROPE_EMPIRICAL_NEED_INPUTS,yid-contemporary-hasidic-Hebr-global,,REGIONAL_EMPIRICAL_STRATUM,university_research_project_approximate_global_everyday_user_estimate,persons described as everyday users,,700000,,"UCL project directly states around 700,000 Hasidic Jews use the variety as an everyday language; approximate global figure without territory split.",current project estimate accessed 2026-09-01,"New York, London, Antwerp, Jerusalem and Bnei Brak (global urban diaspora)",written and spoken; Hebrew alphabet; vernacular/sacred-register interaction,UCL_CONTEMP_HASIDIC_YIDDISH;UCL_YIDDISH_REGISTER;OFSTED_BEIS_RUCHEL_2016;OFSTED_BEIS_RUCHEL_2026;FLORES_YIDDISH;UD_YIDDISH_YITB;COMMON_VOICE_26_2026;OER_UNESCO_2019;CATALOG_OTL_20260901;CATALOG_DOAB_20260901,https://www.ucl.ac.uk/arts-humanities/hebrew-jewish/research/research-projects/contemporary-hasidic-yiddish;https://discovery.ucl.ac.uk/id/eprint/10172417/2/Kahn_Non-vernacular%20language%20in%20action%20LAST%20PROOFS.pdf;https://files.ofsted.gov.uk/v1/file/2583554;https://files.ofsted.gov.uk/v1/file/50301471;https://github.com/facebookresearch/flores/blob/main/flores200/README.md;https://github.com/UniversalDependencies/UD_Yiddish-YiTB;https://raw.githubusercontent.com/common-voice/cv-dataset/main/datasets/scripted-speech/cv-corpus-26.0-2026-06-12.json;https://www.unesco.org/en/legal-affairs/recommendation-open-educational-resources-oer?hub=422;https://open.umn.edu/opentextbooks/textbooks.json;https://directory.doabooks.org/rest/search,"UCL_CONTEMP_HASIDIC_YIDDISH: approximately 700,000 everyday users and distinction from prewar/Standard Yiddish | UCL_YIDDISH_REGISTER: p. 13: Hebrew alphabet, sacred Hebrew and vernacular Yiddish learning sequence | OFSTED_BEIS_RUCHEL_2016: pp. 5–7: enrolment/bilingual profile and Year 1 phonics endpoint | OFSTED_BEIS_RUCHEL_2026: pp. 2–4 and 9: enrolment, Yiddish nursery context and English sequence/gaps | FLORES_YIDDISH: ydd_Hebr 3,001-sentence benchmark inventory | UD_YIDDISH_YITB: README and data provenance | COMMON_VOICE_26_2026: locale entry counts/hours and absence audit | OER_UNESCO_2019: Definition I.1 and scope | CATALOG_OTL_20260901: links.total_count after language-code query; counts reproduced in each row | CATALOG_DOAB_20260901: x-total-count after exact dc.language label query; counts reproduced in each row",Global estimate lacks territorial split. School reports are one institution/different cohorts and frameworks; no causal claim. Eastern/generic Yiddish resources are not CHY coverage.,,EVIDENCE_ONLY_CONTEXT,false,6ff24a3bc52bebb815602c648ccf2211cef7103873b7f14603f7b9e0e863756b,,,,,
regional:AMERICAS_EUROPE_EMPIRICAL_NEED_INPUTS:yua-Latn-MX:221,AMERICAS_EUROPE_EMPIRICAL_NEED_INPUTS,yua-Latn-MX,edition-target:regional:yua-Latn-MX,REGIONAL_EMPIRICAL_STRATUM,official_source_stated_lower_bound_speakers,persons described as speakers of the exact single variant,500000,,,"INALI states more than 500,000 speakers; no midpoint or upper bound is manufactured.",profile current; risk basis 2000,"Yucatán Peninsula, Mexico",written and spoken; Latin script,MX_INALI_YUCATEC_2020;MX_INEGI_CENSUS_2020;MX_INEE_LANGUAGE_MATCH;NLP_MAYA_2024;OER_UNESCO_2019,https://www.inali.gob.mx/detalle/lengua-del-mes-maayataan-maya;https://www.inegi.org.mx/contenidos/programas/ccpv/2020/doc/Censo2020_Principales_resultados_EUM.pdf;https://www.inee.edu.mx/wp-content/uploads/2019/06/P2A348.pdf;https://aclanthology.org/2024.americasnlp-1.16.pdf;https://www.unesco.org/en/legal-affairs/recommendation-open-educational-resources-oer?hub=422,"MX_INALI_YUCATEC_2020: source-stated >500,000 speakers, 4,083 localities and child-share/risk statement | MX_INEGI_CENSUS_2020: age-3+ macro language counts including Nahuatl and Maya | MX_INEE_LANGUAGE_MATCH: teacher command of pupils’ language and system mismatch indicator | NLP_MAYA_2024: Table 1: original, cleaned, train and development/test sentence-pair counts | OER_UNESCO_2019: Definition I.1 and scope","Lower bound has no upper bound; 2020 macro Maya count is not substituted. Corpus pairs, localities, child share and speakers differ.",,NEW_EDITION_EVIDENCE,false,c830301e0c33c942d7ad150c4aee40ffb6a73340f3b2bd9d814a52f0b61054e4,edition-target:regional:yua-Latn-MX,,yua-Latn-MX,edition-target:regional:yua-Latn-MX,edition-target:regional:yua-Latn-MX
regional:ASIA_EMPIRICAL_NEED_INPUTS:acm-Arab-IQ:096,ASIA_EMPIRICAL_NEED_INPUTS,acm-Arab-IQ,edition-target:lang:acm-Arab-IQ,REGIONAL_EMPIRICAL_STRATUM,no_compatible_direct_variety_person_denominator,persons,,,,No direct national Iraqi-Arabic L1 denominator is established; Iraqi residents cannot be assigned wholesale to Arabic.,current evidence review,Iraq,spoken Iraqi/Mesopotamian Arabic; Arabic-script literacy separate,ASIA_FB5A2B3A6E71,https://documents1.worldbank.org/curated/en/517851626203470278/pdf/Effective-Language-of-Instruction-Policies-for-Learning.pdf,World Bank LOI report Box 4 p31 and surrounding discussion distinguish MSA from colloquial Arabic types.,"Kurdish, Turkmen, Neo-Aramaic and other residents remain separate; no MSA inheritance.",,ATTACHED_TO_EXISTING_EDITION,false,a93a0c276677db3f2b95bc67c014b6d31906db5a3b91511f2f28c5c4731d5a79,edition-target:lang:acm-Arab-IQ,,,edition-target:lang:acm-Arab-IQ,edition-target:lang:acm-Arab-IQ
regional:ASIA_EMPIRICAL_NEED_INPUTS:afb-Arab-XGULF:097,ASIA_EMPIRICAL_NEED_INPUTS,afb-Arab-XGULF,,REGIONAL_EMPIRICAL_STRATUM,no_compatible_direct_variety_person_denominator,persons,,,,No shared Gulf-Arabic denominator is established; country populations and citizen/resident constructs are not pooled.,current evidence review,"Saudi Arabia, Kuwait, Bahrain, Qatar, UAE and Oman",spoken Gulf varieties; citizen/migrant and national overlays separate,ASIA_FB5A2B3A6E71,https://documents1.worldbank.org/curated/en/517851626203470278/pdf/Effective-Language-of-Instruction-Policies-for-Learning.pdf,World Bank LOI report Box 4 p31 and surrounding discussion distinguish MSA from colloquial Arabic types.,Large migrant populations make territorial inheritance especially invalid.,,EVIDENCE_ONLY_CONTEXT,false,c3de9621c62ad63d1afea6e9a4fb23cd7069fe3bc3442717c0d322e7d66677cd,,,,,
regional:ASIA_EMPIRICAL_NEED_INPUTS:apd-Arab-SD:099,ASIA_EMPIRICAL_NEED_INPUTS,apd-Arab-SD,edition-target:lang:apd-Arab-SD,REGIONAL_EMPIRICAL_STRATUM,no_compatible_direct_variety_person_denominator,persons,,,,No direct national Sudanese-Arabic L1 denominator is established; displacement makes date/geography essential.,current evidence review,Sudan,spoken Sudanese Arabic; MSA and script literacy separate,ASIA_FB5A2B3A6E71,https://documents1.worldbank.org/curated/en/517851626203470278/pdf/Effective-Language-of-Instruction-Policies-for-Learning.pdf,World Bank LOI report Box 4 p31 and surrounding discussion distinguish MSA from colloquial Arabic types.,Other Sudanese languages and displaced populations remain separate; no macro inheritance.,,ATTACHED_TO_EXISTING_EDITION,false,e10ebf596a4f5fc3db1d8b01cf53c889b159d0436080b35272a86fd1a48810cf,edition-target:lang:apd-Arab-SD,,,edition-target:lang:apd-Arab-SD,edition-target:lang:apd-Arab-SD
regional:ASIA_EMPIRICAL_NEED_INPUTS:ar-001-context:092,ASIA_EMPIRICAL_NEED_INPUTS,ar-001-context,,REGIONAL_EMPIRICAL_STRATUM,rounded_macrolanguage_context_no_numeric_person_field,persons,,,,No numeric person field is entered. UNESCO describes approximately 450m Arabic speakers as a rounded umbrella context that cannot be assigned to MSA or any spoken child variety.,2024 context,Worldwide context,macrolanguage umbrella; Arabic and other scripts; no exact variety construct,ASIA_EDAC00F12E1B;ASIA_DD1B1BF459DE,https://www.unesco.org/en/arabic-language?hub=752;https://data.worldbank.org/indicator/SP.POP.TOTL?locations=1A,UNESCO approximate umbrella context; World Bank Arab World aggregate kept as a separate territorial construct.,"Macrolanguage, register, spoken variety, script and territorial residence are incompatible. No child inherits the approximately 450m context.",,EVIDENCE_ONLY_CONTEXT,false,2e9e784800506fb2371c336bda09c3f11d0775c45d91ce90b7cf52e43941df9d,,,,,
regional:ASIA_EMPIRICAL_NEED_INPUTS:ar-Arab-XLEV:095,ASIA_EMPIRICAL_NEED_INPUTS,ar-Arab-XLEV,,REGIONAL_EMPIRICAL_STRATUM,no_compatible_direct_variety_person_denominator,persons,,,,"No comparable direct aggregate person denominator is entered; each territory, displacement status and national variety requires a separate row.",current evidence review,"Lebanon, Syria, Jordan and Palestinian territories",spoken Levantine varieties; national overlays and Arabic-script literacy separate,ASIA_FB5A2B3A6E71,https://documents1.worldbank.org/curated/en/517851626203470278/pdf/Effective-Language-of-Instruction-Policies-for-Learning.pdf,World Bank LOI report Box 4 p31 and surrounding discussion distinguish MSA from colloquial Arabic types.,Do not add displaced people across residence/origin or inherit MSA/umbrella totals.,,EVIDENCE_ONLY_CONTEXT,false,305cfcb9228a8035688efc26b947311d92dce8d17ed090c1518af5cce5c11f4f,,,,,
regional:ASIA_EMPIRICAL_NEED_INPUTS:ar-Arab-XMAGH:100,ASIA_EMPIRICAL_NEED_INPUTS,ar-Arab-XMAGH,,REGIONAL_EMPIRICAL_STRATUM,no_compatible_direct_variety_person_denominator,persons,,,,"No shared Maghrebi person denominator is established; Moroccan, Algerian, Tunisian and Libyan varieties require separate national rows.",current evidence review,"Morocco, Algeria, Tunisia and Libya",spoken Maghrebi varieties; national standards and scripts separate,ASIA_FB5A2B3A6E71,https://documents1.worldbank.org/curated/en/517851626203470278/pdf/Effective-Language-of-Instruction-Policies-for-Learning.pdf,World Bank LOI report Box 4 p31 and surrounding discussion distinguish MSA from colloquial Arabic types.,Amazigh/Berber populations and French educational use are separate overlays.,,EVIDENCE_ONLY_CONTEXT,false,dec720ba9cc06c17cf6b4fb4f95155ae7c732d9c2f303546672160d2e0c9f72f,,,,,
regional:ASIA_EMPIRICAL_NEED_INPUTS:ar-Arab-YE-varieties:098,ASIA_EMPIRICAL_NEED_INPUTS,ar-Arab-YE-varieties,,REGIONAL_EMPIRICAL_STRATUM,no_compatible_direct_variety_person_denominator,persons,,,,No direct national Yemeni-Arabic L1 denominator is established; Yemen residents would only be a territorial context.,current evidence review,Yemen,spoken Yemeni Arabic varieties; Arabic-script literacy separate,ASIA_FB5A2B3A6E71,https://documents1.worldbank.org/curated/en/517851626203470278/pdf/Effective-Language-of-Instruction-Policies-for-Learning.pdf,World Bank LOI report Box 4 p31 and surrounding discussion distinguish MSA from colloquial Arabic types.,"Mehri, Soqotri and other language communities remain separate; no dialect uniformity is assumed.",,EVIDENCE_ONLY_CONTEXT,false,211ee46b5dfc552ebc404db10a88e79cc4bcc0de399cc17d1458e358a834ed9f,,,,,
regional:ASIA_EMPIRICAL_NEED_INPUTS:arb-Arab-001:093,ASIA_EMPIRICAL_NEED_INPUTS,arb-Arab-001,edition-target:lang:arb-Arab-001,REGIONAL_EMPIRICAL_STRATUM,Arab_World_territorial_education_register_exposure_ceiling,persons,,,503356133,"World Bank 2025 modeled Arab World resident aggregate retained only as a maximum territorial exposure context for the common formal register; not MSA readers, L1 users or literacy.",2025,Arab World aggregate context,formal written/educational Arabic register; Arabic script; not an L1,ASIA_DD1B1BF459DE;ASIA_FB5A2B3A6E71;ASIA_EDAC00F12E1B,https://data.worldbank.org/indicator/SP.POP.TOTL?locations=1A;https://documents1.worldbank.org/curated/en/517851626203470278/pdf/Effective-Language-of-Instruction-Policies-for-Learning.pdf;https://www.unesco.org/en/arabic-language?hub=752,"World Bank Arab World population total; World Bank LOI Box 4 p31 on MSA as written educational register, not L1; UNESCO umbrella context.",Arab World residents include non-Arabic L1 users and migrants. The ceiling does not measure MSA literacy and is never added to umbrella or vernacular rows.,,ATTACHED_TO_EXISTING_EDITION,false,e8aba410e2acc856f56d38becb38046375aa8b64f65ca77358b86fcb29b21a00,edition-target:lang:arb-Arab-001,,,edition-target:lang:arb-Arab-001,edition-target:lang:arb-Arab-001
regional:ASIA_EMPIRICAL_NEED_INPUTS:arz-Arab-EG:094,ASIA_EMPIRICAL_NEED_INPUTS,arz-Arab-EG,edition-target:lang:arz-Arab-EG,REGIONAL_EMPIRICAL_STRATUM,territorial_variety_exposure_ceiling_not_language_count,persons,,,116538258,World Bank 2024 Egypt population estimate retained only as a territorial ceiling; no direct Egyptian-Arabic speaker or script-reader count is established.,2024,Egypt,spoken Egyptian Arabic; Arabic-script and Latin-transliteration resources are separate targets,ASIA_3726B96EFD5A;ASIA_FB5A2B3A6E71,https://data.worldbank.org/indicator/SP.POP.TOTL?locations=EG;https://documents1.worldbank.org/curated/en/517851626203470278/pdf/Effective-Language-of-Instruction-Policies-for-Learning.pdf,World Bank Egypt population estimate; World Bank LOI p31 variety/register distinction.,"Egypt residents include non-Egyptian-Arabic users; territory, spoken variety, MSA, literacy and transliteration are separate.",,ATTACHED_TO_EXISTING_EDITION,false,c8222f7537f0e7d8cc0d25c3acd4d8e4c503f65250e00ab2ee8167aed4a93cea,edition-target:lang:arz-Arab-EG,,,edition-target:lang:arz-Arab-EG,edition-target:lang:arz-Arab-EG
regional:ASIA_EMPIRICAL_NEED_INPUTS:bn-Beng-BD:066,ASIA_EMPIRICAL_NEED_INPUTS,bn-Beng-BD,edition-target:lang:bn-Beng-BD,REGIONAL_EMPIRICAL_STRATUM,context_only_mixed_year_derived_scale_proxy,persons,,168419331,,"Arithmetic scale proxy from the BBS 2022 adjusted population and the SEDS 2023 weighted sample share 99.17% for Bangla as childhood language of greatest speaking proficiency. It is retained only as approximately 168.42m context, not an exact count or uncertainty interval.",2022 adjusted population × 2023 survey share,Bangladesh,Bengali script,ASIA_0907C88BFE6D;ASIA_5B3AAC5FD43C;ASIA_16D1E3FA20B5;ASIA_18994B5DE59F;ASIA_E11E3B7F7A83;ASIA_5AB6108D5CD1;ASIA_8F34F008C0EB,https://phc.icms.gov.bd/Data/PHC2022/NationalReport/Report/NationalVolumeReport1.pdf;https://objectstorage.ap-dcc-gazipur-1.oraclecloud15.com/n/axvjbnqprylg/b/V2Ministry/o/office-bbs/2026/7/f9fbdf1e-d19c-4935-97f5-ac86fab53dec.pdf;https://www.unicef.org/bangladesh/en/reports/bangladesh-multiple-indicator-cluster-survey-2025-0;https://www.unicef.org/bangladesh/media/13106/file/Bangladesh%202025%20MICS%20Survey%20Findings%20Report.pdf.pdf;https://objectstorage.ap-dcc-gazipur-1.oraclecloud15.com/n/axvjbnqprylg/b/V2Ministry/o/office-dshe/2024/12/6ba1433dbed947748088433245b2806e.pdf;https://nctb.gov.bd/pages/static-pages/695b97ffc4774958d7b70329;https://nctb.gov.bd/pages/static-pages/695b98afc4774958d7b7044c,BBS PHC 2022 National Report Vol. I Table 3.2.1 p49; SEDS 2023 pp65-66/Table 3.6; final MICS 2025 findings; LASI Table 28 p47; bounded NCTB stage pages.,The point is a mixed-year derived proxy from a census adjustment and a weighted household sample share. It is unrankable against direct counts; national learning and English-stage measures lack a Bangla-only cross-tab.,,ATTACHED_TO_EXISTING_EDITION,false,31306bef9d74c456ae36893a12ef647b2c5b88a6cf567548ecc328b793a9d1bc,edition-target:lang:bn-Beng-BD,,,edition-target:lang:bn-Beng-BD,edition-target:lang:bn-Beng-BD
regional:ASIA_EMPIRICAL_NEED_INPUTS:bn-Beng-IN:067,ASIA_EMPIRICAL_NEED_INPUTS,bn-Beng-IN,edition-target:lang:bn-Beng-IN,REGIONAL_EMPIRICAL_STRATUM,raw_census_mother_tongue_return_not_script_readership,persons,96177835,96177835,96177835,"Raw Bengali mother-tongue return, kept separate from the broader scheduled-language total 97237669.",2011,India,"spoken/written Bengali target; Bengali script; population source measures mother tongue, not script literacy",ASIA_AE7629DAC814;ASIA_C8095E9B813E;ASIA_5AD512572DA1;ASIA_F358D43B8DE2,https://censusindia.gov.in/nada/index.php/catalog/10191;https://www.censusindia.gov.in/nada/index.php/catalog/10262;https://censusindia.gov.in/nada/index.php/catalog/10262/download/13374/DDW-C17-0000.XLSX;https://asercentre.org/wp-content/uploads/2022/12/ASER_2024_Final-Report_13_2_24-1.pdf,C-16 raw return and Statement 1; C-17 Bengali row; ASER 2024 state table for West Bengal and digital-access chapter.,Population is old but exact for its census construct. C-17 taxonomy is broader. State learning and national device indicators cannot be assigned as Bengali-speaker rates. The person count is exact only for the reported mother-tongue construct and does not enumerate script literacy or tested proficiency.,,ATTACHED_TO_EXISTING_EDITION,false,10f8df55d38d0bf69c504a99085b96fe8253092b1b848b3a180c8d2bedb2ebbc,edition-target:lang:bn-Beng-IN,,,edition-target:lang:bn-Beng-IN,edition-target:lang:bn-Beng-IN
regional:ASIA_EMPIRICAL_NEED_INPUTS:cmn-CN:063,ASIA_EMPIRICAL_NEED_INPUTS,cmn-CN,,REGIONAL_EMPIRICAL_STRATUM,reported_spoken_communication_rate_no_compatible_person_denominator,persons,,,,"MOE reports 80.72% Putonghua communicative reach; the cited release supplies neither a compatible person denominator nor design or confidence-interval uncertainty, so no person count is entered.",2019 fieldwork; rate reported 2020/2021,China mainland,spoken/oral Putonghua communication; no script construct,ASIA_A17AFDB0E200;ASIA_F53A1903E0EA;ASIA_CADD5B070F1F;ASIA_35FF758EF5BA;ASIA_0697DE5C8F30,https://www.moe.gov.cn/fbh/live/2021/53486/mtbd/202106/t20210602_535127.html;https://jyt.fujian.gov.cn/xxgk/zywj/201906/P020190605572658873431.pdf;https://www.stats.gov.cn/fw/bmdcxmsp/bmzd/202410/t20241018_1957070.html;https://www.moe.gov.cn/jyb_xwfb/xw_zt/moe_357/jyzt_2020n/2020_zt23/zhuanjiawenzhang/202011/t20201113_499865.html;https://www.cnnic.net.cn/n4/2026/0304/c88-11549.html,MOE 80.72% reported rate; 2019 national survey manual age and exclusion rules; NBS survey-system description; MOE oral-level commentary; CNNIC country access context.,"The rejected 1139517197-1139658375 band was rounded-rate arithmetic using an incompatible all-age denominator, not a confidence interval. No Hans script tag or person estimate remains.",,EVIDENCE_ONLY_CONTEXT,false,b5f218de43ce5dcb043fb29fb59de16930db60a1ba83e64cc4cb156d4a2f151d,,,,,
regional:ASIA_EMPIRICAL_NEED_INPUTS:fil-Latn-PH:078,ASIA_EMPIRICAL_NEED_INPUTS,fil-Latn-PH,edition-target:lang:fil-Latn-PH,REGIONAL_EMPIRICAL_STRATUM,official_census_scope_co_medium_exposure_ceiling,persons,,,112729484,"2024 POPCEN official count for persons in the 18 regions plus Filipinos in Philippine embassies, consulates and missions abroad, retained only as a maximum Filipino/English co-medium exposure context; not a Filipino ability or Tagalog L1 count.",2024,Philippines,spoken/written Filipino; Latin orthography; competence unmeasured,ASIA_1CC96F3A6580;ASIA_73573DE485F2;ASIA_37132808FAD2;ASIA_9C3BD860365D;ASIA_2F16F9E9D3E1;ASIA_CB1C64CC1FA7;ASIA_DDCC0263D0EF;ASIA_CC4C9E2068B3,https://psa.gov.ph/statistics/population-and-housing/node/1684077791;https://lawphil.net/statutes/repacts/ra2024/pdf/ra_12027_2024.pdf;https://documents1.worldbank.org/curated/en/099090524085540633/pdf/P179209-b0057b3a-fd8c-476a-a1c6-271b276117ff.pdf;https://www.oecd.org/en/publications/pisa-2022-results-volume-i-and-ii-country-notes_ed6fbcc5-en/philippines_a0882a2d-en.html;https://www.unicef.org/philippines/media/7386/file/Education%20Factsheet.pdf;https://psa.gov.ph/content/percentage-households-internet-connection-increased-488-percent-2024-two-every-three;https://psa.gov.ph/content/tagalog-most-widely-spoken-language-home-2020-census-population-and-housing;https://congress.gov.ph/legislative-documents/republic-acts,PSA 2024 POPCEN official scope; PSA household-language unit; RA 12027 official legislative index and text mirror; World Bank/OECD/UNICEF/PSA national stage and ICT context.,"The census scope is not strictly territorial residents. Filipino is a Tagalog-based national standard but is not identical to Tagalog L1/home use; household, co-medium, PISA and person measures are not converted or added.",,ATTACHED_TO_EXISTING_EDITION,false,d6f4c243820c623cb01c8bffa1b47808fdac5ae7d77db82a1a95a5dd3facb2d8,edition-target:lang:fil-Latn-PH,,,edition-target:lang:fil-Latn-PH,edition-target:lang:fil-Latn-PH
regional:ASIA_EMPIRICAL_NEED_INPUTS:hi-Deva-IN:068,ASIA_EMPIRICAL_NEED_INPUTS,hi-Deva-IN,edition-target:lang:hi-Deva-IN,REGIONAL_EMPIRICAL_STRATUM,raw_census_mother_tongue_return_not_script_readership,persons,322230097,322230097,322230097,"Raw Hindi mother-tongue return, excluding separately returned varieties grouped into the 528347193 Hindi umbrella.",2011,India,"spoken/written Hindi target; Devanagari; population source measures raw mother tongue, not script literacy",ASIA_AE7629DAC814;ASIA_C8095E9B813E;ASIA_5AD512572DA1;ASIA_F358D43B8DE2;ASIA_2D7DB5B586AA,https://censusindia.gov.in/nada/index.php/catalog/10191;https://www.censusindia.gov.in/nada/index.php/catalog/10262;https://censusindia.gov.in/nada/index.php/catalog/10262/download/13374/DDW-C17-0000.XLSX;https://asercentre.org/wp-content/uploads/2022/12/ASER_2024_Final-Report_13_2_24-1.pdf;https://epathshala.nic.in/wp-content/doc/book/btextbook/textbook.htm,C-16 raw Hindi return; C-17 Hindi umbrella; ASER national tables; ePathshala Classes I-XII and copyright notice.,"Hindi raw and umbrella categories differ by 206m. English declaration, learning and device measures use incompatible denominators. The person count is exact only for the reported mother-tongue construct and does not enumerate script literacy or tested proficiency.",,ATTACHED_TO_EXISTING_EDITION,false,2f2e410b56d2328d019d9ecdb077c8d1fdc7c97ba5472952912db025b0cf2179,edition-target:lang:hi-Deva-IN,,,edition-target:lang:hi-Deva-IN,edition-target:lang:hi-Deva-IN
regional:ASIA_EMPIRICAL_NEED_INPUTS:id-ID:064,ASIA_EMPIRICAL_NEED_INPUTS,id-ID,,REGIONAL_EMPIRICAL_STRATUM,weighted_sample_point_estimate_oral_ability_age5plus,persons,,248501794,,BPS Long Form SP2020 weighted 2022 point estimate for people age 5+ who understand Indonesian speech and can utter Indonesian words understood by others; not a census-exact count or writing measure.,2022,Indonesia,spoken/oral communicative ability; writing and Latin-script literacy not measured,ASIA_EB59D2619EC1;ASIA_552796946DC9;ASIA_260DFA0745B4;ASIA_6196EEEC6EA2;ASIA_500B7047CCE7;ASIA_B97764805E8B;ASIA_38ECF6E092FA;ASIA_2CD8EB1C75C6;ASIA_AF270A0A00AD;ASIA_A7E49913E90A,https://sensus.bps.go.id/topik/tabular/sp2022/196/1/0;https://www.bps.go.id/en/publication/2012/05/23/55eca38b7fe0830834605b35/nationality--ethnicity--religion--and-dailylanguage-of-indonesian-population.html;https://documents1.worldbank.org/curated/en/099082924151529593/pdf/P17920918b1c2f0f61abb41e1a5d85e5dd2.pdf;https://www.oecd.org/en/publications/pisa-2022-results-volume-i-and-ii-country-notes_ed6fbcc5-en/indonesia_c2e1ae0e-en.html;https://www.bps.go.id/en/publication/2025/08/29/beaa2be400eda6ce6c636ef8/telecommunication-statistics-in-indonesia-2024.html;https://open.umn.edu/opentextbooks/textbooks.json?language=ind;https://directory.doabooks.org/rest/search?query=dc.language:%22Indonesian%22&limit=100&expand=metadata;https://www.bps.go.id/en/publication/2023/01/27/ffb5939b4393e5b1146a9b91/hasil-long-form-sensus-penduduk-2020;https://buku.kemendikdasmen.go.id/;https://www.unesco.org/en/legal-affairs/recommendation-open-educational-resources-oer?hub=422,BPS SP2022 table 196 and oral definition; BPS Long Form sample-design publication; BPS 2010 home-use table; World Bank/OECD stage context; BPS ICT; official SIBI portal; UNESCO OER definition; bounded catalog APIs.,"Weighted oral ability, older home use, writing/script literacy, learning and connectivity are different constructs. The published point has no cited CI and is not called exact.",,EVIDENCE_ONLY_CONTEXT,false,870a8f8ba1be36dc4b5b5c7c96129c30268dc45e23effbe2696ca6c05d8f8063,,,,,
regional:ASIA_EMPIRICAL_NEED_INPUTS:ja-Jpan-JP:065,ASIA_EMPIRICAL_NEED_INPUTS,ja-Jpan-JP,edition-target:lang:ja-Jpan-JP,REGIONAL_EMPIRICAL_STRATUM,territorial_education_language_exposure_ceiling_published_in_thousands,persons,,,123802000,"Statistics Bureau 2024 total resident population, published in thousands, retained only as a national Japanese-curriculum exposure ceiling; not a Japanese ability, reader or script-competence count.",2024,Japan,spoken/written Japanese; Jpan kanji and kana; competence unmeasured by population source,ASIA_610806419013;ASIA_2ACB64916A98;ASIA_11D94F15CB7A;ASIA_CFB41AA2BCF8;ASIA_66890A43D9E6;ASIA_F8F356BD1B2F;ASIA_3391AFAEC010;ASIA_DB0DDF9B87D9;ASIA_8CD867D47230;ASIA_767270E01001;ASIA_39FBA6D61934;ASIA_4B352E5C6D63;ASIA_922A9A623183,https://www.stat.go.jp/english/data/jinsui/2024np/index.html;https://www.mext.go.jp/component/a_menu/education/micro_detail/__icsFiles/afieldfile/2011/04/11/1298356_2.pdf;https://www.mext.go.jp/b_menu/houdou/31/09/1421569_00007.htm;https://www.mext.go.jp/b_menu/toukei/chousa01/kihon/kekka/k_detail/2025.htm;https://www.oecd.org/en/publications/pisa-2022-results-volume-i-and-ii-country-notes_ed6fbcc5-en/japan_f7d7daad-en.html;https://www.oecd.org/en/publications/2024/12/survey-of-adults-skills-2023-country-notes_df7b4a60/japan_c63b2ef1.html;https://www.jstage.jst.go.jp/browse/-char/en;https://www.ndl.go.jp/en/aboutus/outline/numerically.html;https://www.soumu.go.jp/johotsusintokei/statistics/statistics05.html;https://open.umn.edu/opentextbooks/textbooks.json?language=jpn;https://directory.doabooks.org/rest/search?query=dc.language:%22Japanese%22&limit=100&expand=metadata;https://www.mext.go.jp/content/20260618-mxt-kyouiku01-000050518_1.pdf;https://www.mext.go.jp/content/20260525-mxt_kyokoku-000049811_2.pdf,"Statistics Bureau 2024 resident/nationality tables and thousand-person units; MEXT curriculum, pupil-support result and enrolment; OECD PISA/PIAAC; MEXT English thresholds; bounded J-STAGE/NDL/ICT/catalog endpoints.","Nationality and residence are separate definitions, not uncertainty bounds. Published population units are thousands. School support, tertiary enrolment, PIAAC and resource inventories are nonadditive endpoints.",,ATTACHED_TO_EXISTING_EDITION,false,eec3b98ecd6127a4d0d6249fa6c6e292c516d1c2ddb01dda73acc326c6c364ab,edition-target:lang:ja-Jpan-JP,,,edition-target:lang:ja-Jpan-JP,edition-target:lang:ja-Jpan-JP
regional:ASIA_EMPIRICAL_NEED_INPUTS:jv-ID:083,ASIA_EMPIRICAL_NEED_INPUTS,jv-ID,,REGIONAL_EMPIRICAL_STRATUM,census_home_daily_language_age5plus_point_count,persons,,68044660,,BPS 2010 census point count of people age 5+ in the BPS Javanese category using it as the daily language at home; irrespective of Latin or Javanese script.,2010,Indonesia,spoken/home daily language; script not measured,ASIA_552796946DC9;ASIA_EB59D2619EC1;ASIA_260DFA0745B4;ASIA_500B7047CCE7,https://www.bps.go.id/en/publication/2012/05/23/55eca38b7fe0830834605b35/nationality--ethnicity--religion--and-dailylanguage-of-indonesian-population.html;https://sensus.bps.go.id/topik/tabular/sp2022/196/1/0;https://documents1.worldbank.org/curated/en/099082924151529593/pdf/P17920918b1c2f0f61abb41e1a5d85e5dd2.pdf;https://www.bps.go.id/en/publication/2025/08/29/beaa2be400eda6ce6c636ef8/telecommunication-statistics-in-indonesia-2024.html,"BPS 2010 Table L4.1 p47, Javanese 68044660; SP2022 Indonesian ability TOTAL; national World Bank brief and BPS ICT tables only as contexts.","The point is exact for the old census home/daily-language construct only; it is not all speakers, L1, current ability or script literacy. Equal low/base/high fields and the Latn tag are removed.",,EVIDENCE_ONLY_CONTEXT,false,03b2f0fbe098f41f5570d518c49a06689a8f4e604d895c563b5f719aa4a7b421,,,,,
regional:ASIA_EMPIRICAL_NEED_INPUTS:ko-Kore-KP:082,ASIA_EMPIRICAL_NEED_INPUTS,ko-Kore-KP,edition-target:regional:ko-Kore-KP,REGIONAL_EMPIRICAL_STRATUM,model_based_territorial_population_projection_point_context,persons,,26571036,,"UNICEF-displayed 2025 population projection based on UN WPP 2022; not an observed population, Korean-language count or upper bound.",2025 projection,Democratic People's Republic of Korea,spoken/written North Korean standard; Chosŏn'gŭl; competence unmeasured,ASIA_7321CAC7E2EE;ASIA_7C7372155B26;ASIA_55D84CF49B30;ASIA_EAFCC14AE490,https://data.unicef.org/sdgs/country/prk/;https://data.worldbank.org/indicator/EG.ELC.ACCS.ZS?locations=KP;https://datahub.itu.int/data/?e=PRK;https://www.ames.ox.ac.uk/korean,UNICEF page population overview and 2017 learning indicators; World Bank 2023 electricity record; ITU 2024 dashboard; Oxford global context.,"The projection is not observed and carries no row-specific interval here. Old learning indicators, telecom values and global Korean context do not yield a language/resource denominator.",,NEW_EDITION_EVIDENCE,false,eb1192d6d6704317218a6c2dafb72636692f3cfbe7d6cfb12444135d822ab0d0,edition-target:regional:ko-Kore-KP,,ko-Kore-KP,edition-target:regional:ko-Kore-KP,edition-target:regional:ko-Kore-KP
regional:ASIA_EMPIRICAL_NEED_INPUTS:ko-Kore-KR:081,ASIA_EMPIRICAL_NEED_INPUTS,ko-Kore-KR,,REGIONAL_EMPIRICAL_STRATUM,territorial_education_language_exposure_ceiling_published_in_thousands,persons,,,51817000,"Official 2025 register-census total resident estimate, published in thousands, retained only as a South Korean education-language exposure ceiling; not a Korean-language or script-competence count.",2025-11-01,Republic of Korea,spoken/written South Korean standard; Hangul/Hanja (Kore); script competence unmeasured,ASIA_A1263098CA28;ASIA_9B8793BE9527;ASIA_413400DFDCA6;ASIA_EB167E9C882D;ASIA_62CB247ADE56;ASIA_EAFCC14AE490;ASIA_75A9382D53D6;ASIA_B0B9D3E2D9F2,https://www.oecd.org/en/publications/pisa-2022-results-volume-i-and-ii-country-notes_ed6fbcc5-en/korea_4e0cc43a-en.html;https://www.moe.go.kr/boardCnts/viewRenew.do?boardID=294&boardSeq=99138&lev=0&m=020402&opType=N&page=1&s=moe&searchType=null&statusYN=W;https://www.nkis.re.kr/subject_view1.do?eoSeq=0&otpId=OTP_0000000000015021&otpSeq=0;https://datahub.itu.int/data/?e=KOR;https://www.kocw.net/;https://www.ames.ox.ac.uk/korean;https://mods.go.kr/board.es?act=view&bid=203&list_no=446219&mid=a10301010000&nPage=1&ref_bid=&tag=;https://mods.go.kr/boardDownload.es?bid=203&list_no=446219&seq=11,MODS 2025 register-census resident/national/foreigner figures and thousand-person publication units; OECD PISA; MOE/KICE Grade 11 NAEA; ITU; KOCW; Oxford global context.,"Nationality and total residence are separate constructs, not an interval. Published counts are in thousands. ROK, DPRK and global Korean contexts overlap and are never added.",,EVIDENCE_ONLY_CONTEXT,false,574bf663a4b9ef4bd5fe80778a005a9b629fb3a0d800ffea96ac8263db03c68f,,,,,
regional:ASIA_EMPIRICAL_NEED_INPUTS:mey-Arab-MR:101,ASIA_EMPIRICAL_NEED_INPUTS,mey-Arab-MR,edition-target:lang:mey-Arab-MR,REGIONAL_EMPIRICAL_STRATUM,no_compatible_direct_variety_person_denominator,persons,,,,No comparable exact Hassaniya person denominator is established in this bundle.,current evidence review,Mauritania and Western Sahara contexts,spoken Hassaniya; script practices unmeasured,ASIA_FB5A2B3A6E71,https://documents1.worldbank.org/curated/en/517851626203470278/pdf/Effective-Language-of-Instruction-Policies-for-Learning.pdf,World Bank LOI report Box 4 p31 and surrounding discussion distinguish MSA from colloquial Arabic types.,Mauritania/Western Sahara geography and displacement/status require separate evidence; no umbrella inheritance.,,ATTACHED_TO_EXISTING_EDITION,false,f2b7e0ebe8da28f6e28f36f98f8a9937922f40eedb7abcbb6fa597538755727a,edition-target:lang:mey-Arab-MR,,,edition-target:lang:mey-Arab-MR,edition-target:lang:mey-Arab-MR
regional:ASIA_EMPIRICAL_NEED_INPUTS:mr-Deva-IN:076,ASIA_EMPIRICAL_NEED_INPUTS,mr-Deva-IN,edition-target:lang:mr-Deva-IN,REGIONAL_EMPIRICAL_STRATUM,raw_census_mother_tongue_return_not_script_readership,persons,82801140,82801140,82801140,Raw Marathi mother-tongue return; scheduled-language total is 83026680.,2011,India,spoken/written Marathi target; Devanagari; population source does not measure script literacy,ASIA_AE7629DAC814;ASIA_C8095E9B813E;ASIA_5AD512572DA1;ASIA_F358D43B8DE2;ASIA_84E85FF94377;ASIA_25B978A75B75,https://censusindia.gov.in/nada/index.php/catalog/10191;https://www.censusindia.gov.in/nada/index.php/catalog/10262;https://censusindia.gov.in/nada/index.php/catalog/10262/download/13374/DDW-C17-0000.XLSX;https://asercentre.org/wp-content/uploads/2022/12/ASER_2024_Final-Report_13_2_24-1.pdf;https://india.khanacademy.org/;https://support.khanacademy.org/hc/en-us/articles/226457308-What-languages-is-Khan-Academy-available-in,C-16 raw Marathi; C-17 Marathi; ASER Maharashtra table and digital-access chapter.,Raw/scheduled mismatch; outcomes and devices not language-disaggregated; resource completeness unknown. The person count is exact only for the reported mother-tongue construct and does not enumerate script literacy or tested proficiency.,,ATTACHED_TO_EXISTING_EDITION,false,ee9fc612b8097cd2b5660d93a0590f5d844bc200145268e29bfd13b373f513fb,edition-target:lang:mr-Deva-IN,,,edition-target:lang:mr-Deva-IN,edition-target:lang:mr-Deva-IN
regional:ASIA_EMPIRICAL_NEED_INPUTS:my-Mymr-MM:080,ASIA_EMPIRICAL_NEED_INPUTS,my-Mymr-MM,edition-target:lang:my-Mymr-MM,REGIONAL_EMPIRICAL_STRATUM,model_based_de_facto_midyear_population_point_context,persons,,54500091,,"WDI 2024 de facto midyear population model estimate; territorial context only, not Burmese users/readers or an upper bound.",2024,Myanmar,spoken/written Burmese/Myanmar; Myanmar script; competence unmeasured,ASIA_759351FA76E9;ASIA_B959004395E8;ASIA_99EF1189B839;ASIA_4D817AB19C6E;ASIA_E28E23F01DBE;ASIA_5BB789ABEF06;ASIA_49B48F2B0F14,https://api.worldbank.org/v2/country/MMR/indicator/SP.POP.TOTL?date=2024&format=json;https://documents1.worldbank.org/curated/en/099070124012035856/pdf/P50066314cb91a0d4199041567b48f877da.pdf;https://documents1.worldbank.org/curated/en/099111224114516735/pdf/P180073-0beb4782-f0f8-4483-ae8a-5417542ace40.pdf;https://www.unicef.org/myanmar/learning;https://www.unicef.org/myanmar/sites/unicef.org.myanmar/files/2019-05/Myanmar%20Country%20Report_Language%2C%20Education%20and%20Social%20Cohesion%20%28LESE%29%20Initiative.pdf;https://datahub.itu.int/data/?e=MMR;https://databank.worldbank.org/metadataglossary/millennium-development-goals/series/SP.POP.TOTL,WDI API 2024 point and WDI de facto/model metadata; World Bank MSPS phone-survey Table 4 pp5-6 linguistic sample composition; education/UNICEF/ITU national context.,"WDI model point, phone-survey composition, education crisis, connectivity and Myanmar-script literacy are incompatible constructs. No macro or territorial figure is inherited as a Burmese population.",,ATTACHED_TO_EXISTING_EDITION,false,c33cc95e8eba3ba24714c16ae5a0894ff974462f0acf7fbbfda7198ec1565e27,edition-target:lang:my-Mymr-MM,,,edition-target:lang:my-Mymr-MM,edition-target:lang:my-Mymr-MM
regional:ASIA_EMPIRICAL_NEED_INPUTS:pa-Arab-PK:072,ASIA_EMPIRICAL_NEED_INPUTS,pa-Arab-PK,,REGIONAL_EMPIRICAL_STRATUM,Punjabi_L1_ceiling_for_unmeasured_Shahmukhi_literacy_detailed_demographic_universe,persons,,,88915544,"2023 Census Punjabi mother-tongue count in the detailed-demographic table universe, retained only as a maximum language-community context for an unmeasured Shahmukhi target.",2023,Pakistan,Punjabi Shahmukhi resource target; census count is mother tongue only and does not measure script literacy,ASIA_AFF2CFE5FD3E;ASIA_C108F664359D;ASIA_C088EAEF37B1;ASIA_FCFD0EBD2874;ASIA_0F8C359A9A6A;ASIA_EF1BA0A15BE2,https://www.pbs.gov.pk/sites/default/files/population/2023/tables/table_11_national.pdf;https://www.pbs.gov.pk/sites/default/files/population/2023/reports/National%20Census%20Report-2023.pdf;https://documents1.worldbank.org/curated/en/099101209232420036/pdf/IDU1ca74c9b413720148e11bf511415daadb8202.pdf;https://pie.gov.pk/SiteImage/Publication/PES-Final%20Report%2016Mb.pdf;https://aserpakistan.org/document/2024/aser_national_2023.pdf;https://www.pbs.gov.pk/wp-content/uploads/2020/07/HIES_Report_2024-25-Social-indicators-Reportupdated.pdf,PBS Table 11 and National Census Report scope; World Bank language-of-instruction report; PIE PES; ASER; HIES. None supplies a Shahmukhi literacy cross-tab.,"Language count is only a ceiling for Shahmukhi. No script literacy, learning, academic-overlap or resource inventory denominator.",,EVIDENCE_ONLY_CONTEXT,false,84600e060b7ef63dc036bed507e8c64c3afb7c146919cf5e014de2e5d56ec878,,,,,
regional:ASIA_EMPIRICAL_NEED_INPUTS:pa-Guru-IN:071,ASIA_EMPIRICAL_NEED_INPUTS,pa-Guru-IN,edition-target:lang:pa-Guru-IN,REGIONAL_EMPIRICAL_STRATUM,Punjabi_L1_ceiling_for_unmeasured_Gurmukhi_literacy_not_script_readership,persons,,,31144095,The 2011 raw Punjabi/Panjabi mother-tongue return is retained only as a maximum language-community context because the census does not enumerate Gurmukhi literacy.,2011,India,Punjabi Gurmukhi resource target; census count is language-only and does not measure script literacy,ASIA_AE7629DAC814;ASIA_C8095E9B813E;ASIA_5AD512572DA1;ASIA_F358D43B8DE2;ASIA_84E85FF94377;ASIA_25B978A75B75,https://censusindia.gov.in/nada/index.php/catalog/10191;https://www.censusindia.gov.in/nada/index.php/catalog/10262;https://censusindia.gov.in/nada/index.php/catalog/10262/download/13374/DDW-C17-0000.XLSX;https://asercentre.org/wp-content/uploads/2022/12/ASER_2024_Final-Report_13_2_24-1.pdf;https://india.khanacademy.org/;https://support.khanacademy.org/hc/en-us/articles/226457308-What-languages-is-Khan-Academy-available-in,C-16 raw Punjabi return and Statement 1; C-17 Punjabi umbrella; ASER digital context; Khan language selector inspected in bounded resource audit.,"The ceiling is a language count, not Gurmukhi readership. C-17 has a broader taxonomy and no script. Resource completeness is unknown. The person count is exact only for the reported mother-tongue construct and does not enumerate script literacy or tested proficiency.",,ATTACHED_TO_EXISTING_EDITION,false,13bba249f72d3750a3c7359291f45d5f4c821f35426fe57c44e10e74a62d840f,edition-target:lang:pa-Guru-IN,,,edition-target:lang:pa-Guru-IN,edition-target:lang:pa-Guru-IN
regional:ASIA_EMPIRICAL_NEED_INPUTS:pes-Arab-IR:085,ASIA_EMPIRICAL_NEED_INPUTS,pes-Arab-IR,edition-target:lang:pes-Arab-IR,REGIONAL_EMPIRICAL_STRATUM,territorial_national_schooling_exposure_ceiling,persons,,,91567738,World Bank 2024 all-resident population estimate retained only as a maximum national-schooling exposure context; not a direct Persian speaker or Perso-Arabic reader count.,2024,Iran,Perso-Arabic,ASIA_81FCA16F83B7;ASIA_59DC2F64AEFB;ASIA_EC7D5FCE5DA6;ASIA_49BA0A23C8B3;ASIA_BDA0C85F4DB7;ASIA_F09DB3CF1763,https://data.worldbank.org/indicator/SP.POP.TOTL?locations=IR;https://doi.org/10.3390/computers13080212;https://download.uis.unesco.org/SDG4/SDG4-Profile-Iran%20(Islamic%20Republic%20of).pdf;https://datahub.itu.int/data/?e=IRN&i=11624;https://data.worldbank.org/indicator/EG.ELC.ACCS.ZS?locations=IR;https://samanketab.roshdmag.ir/fa/article/26678/%D9%BE%D8%A7%DB%8C%DA%AF%D8%A7%D9%87-%DA%A9%D8%AA%D8%A7%D8%A8-%D9%87%D8%A7%DB%8C-%D8%AF%D8%B1%D8%B3%DB%8C,WDI 2024 population estimate; 2024 NLP review abstract rounded context; current UIS SDG4 trend/profile values with years/model status; ITU indicator 11624; WDI electricity; official Roshd article and redistribution warning.,"The WDI figure is an all-resident context, not a Persian population. The 110m NLP-review context spans standards/scripts without allocation. UIS indicators mix dated/modelled endpoints and are stated with their years.",,ATTACHED_TO_EXISTING_EDITION,false,58329c9e1e95847cdc3121ea9a18c536b089eb69e7a9877db6502072884eaa13,edition-target:lang:pes-Arab-IR,,,edition-target:lang:pes-Arab-IR,edition-target:lang:pes-Arab-IR
regional:ASIA_EMPIRICAL_NEED_INPUTS:pga-SS:103,ASIA_EMPIRICAL_NEED_INPUTS,pga-SS,,REGIONAL_EMPIRICAL_STRATUM,no_compatible_direct_variety_person_denominator,persons,,,,No comparable exact Juba-Arabic person denominator is established in this bundle.,current evidence review,South Sudan,spoken Juba Arabic; Arabic/Latin writing practices not fixed by population evidence,ASIA_FB5A2B3A6E71,https://documents1.worldbank.org/curated/en/517851626203470278/pdf/Effective-Language-of-Instruction-Policies-for-Learning.pdf,World Bank LOI report Box 4 p31 and surrounding discussion distinguish MSA from colloquial Arabic types.,"Juba Arabic is a separate contact-language target, not silently MSA or an ordinary national dialect.",,EVIDENCE_ONLY_CONTEXT,false,935003a6061fe1790e289e7c0a32ab508bdec4df4dbcdea361ec8741f1674b7c,,,,,
regional:ASIA_EMPIRICAL_NEED_INPUTS:prs-Arab-AF:086,ASIA_EMPIRICAL_NEED_INPUTS,prs-Arab-AF,edition-target:lang:prs-Arab-AF,REGIONAL_EMPIRICAL_STRATUM,no_denominator_compatible_population_estimate,persons,,,,No national person count compatible with the exact Dari native-language share and reference year was verified.,2019 survey context,Afghanistan,Perso-Arabic,ASIA_2EB6AB7BBCE9;ASIA_AB580216B702;ASIA_898D7AA447D0;ASIA_4807CAF4ACCE;ASIA_7BB3D8E9A472;ASIA_5F22574862B2,https://asiafoundation.org/wp-content/uploads/2020/05/Afghanistan_2019-Model-Disability-Survey.pdf;https://www.unicef.org/afghanistan/reports/afghanistan-multiple-indicator-cluster-survey-mics-2022-2023;https://www.unicef.org/afghanistan/media/9186/file/Afghanistan%20MICS%202022-2203.pdf;https://www.unicef.org/afghanistan/documents/afghanistan-education-situation-report-2025;https://www.unicef.org/afghanistan/media/12691/file/Report_AFG_Education_PRINT_final-.pdf.pdf;https://datahub.itu.int/data/?e=AFG&i=11624,MDS Figure 10 p49 and Table 6 pp54-55; MICS Table LN.4.1 pp195-197; UNICEF Education Situation Report 2025 exact cohorts; ITU indicator 11624.,"Population remains null: adult survey shares lack a compatible person total, share uncertainty and age crosswalk. Figure/Table discrepancy is not silently rounded away; education/connectivity are national conflict-sensitive endpoints.",,ATTACHED_TO_EXISTING_EDITION,false,f3f2c37a1fe0573671bd24a99812125a6995fd2794c3fb75f85d03e62c523213,edition-target:lang:prs-Arab-AF,,,edition-target:lang:prs-Arab-AF,edition-target:lang:prs-Arab-AF
regional:ASIA_EMPIRICAL_NEED_INPUTS:ru-Cyrl-RU-ability:104,ASIA_EMPIRICAL_NEED_INPUTS,ru-Cyrl-RU-ability,edition-target:regional:ru-Cyrl-RU-ability,REGIONAL_EMPIRICAL_STRATUM,exact_census_reported_language_ability_count,persons,,134319233,,"Rosstat count of people reporting ability in Russian; separate from daily use and not a literacy, L1 or academic-proficiency count.",2020 Census; reference date 2021-10-01,Russian Federation,reported language endpoint; Cyrillic literacy and academic competence not separately measured,ASIA_8494F662F55E;ASIA_498C388D8FFE,https://rosstat.gov.ru/vpn/2020/Tom5_Nacionalnyj_sostav_i_vladenie_yazykami;https://www.unesco.org/sites/default/files/medias/fichiers/2024/06/0606_russian%20language.pdf,"Rosstat 2020 Census Volume 5 Table 4, Russian Federation total row; UNESCO global >250m context only.",Ability and daily use overlap and are not additive. The response count is exact for its census construct only and does not allocate global speakers or script literacy.,,NEW_EDITION_EVIDENCE,false,a4f337f2c18604c300341cfeba434d18494f5d355823241a3988e0477ecb6141,edition-target:regional:ru-Cyrl-RU-ability,,ru-Cyrl-RU-ability,edition-target:regional:ru-Cyrl-RU-ability,edition-target:regional:ru-Cyrl-RU-ability
regional:ASIA_EMPIRICAL_NEED_INPUTS:ru-Cyrl-RU-daily:105,ASIA_EMPIRICAL_NEED_INPUTS,ru-Cyrl-RU-daily,edition-target:regional:ru-Cyrl-RU-daily,REGIONAL_EMPIRICAL_STRATUM,exact_census_reported_daily_language_use_count,persons,,132317159,,"Rosstat count of people reporting daily use of Russian; separate from reported ability and not a literacy, L1 or academic-proficiency count.",2020 Census; reference date 2021-10-01,Russian Federation,reported language endpoint; Cyrillic literacy and academic competence not separately measured,ASIA_8494F662F55E;ASIA_498C388D8FFE,https://rosstat.gov.ru/vpn/2020/Tom5_Nacionalnyj_sostav_i_vladenie_yazykami;https://www.unesco.org/sites/default/files/medias/fichiers/2024/06/0606_russian%20language.pdf,"Rosstat 2020 Census Volume 5 Table 4, Russian Federation total row; UNESCO global >250m context only.","Daily use is nested/overlapping with reported ability and cannot be added. Modality, script literacy, home use and academic proficiency are not separated.",,NEW_EDITION_EVIDENCE,false,4b6cad747bd0d49e8ab48f8bf43e5eb819f4f76e552f704a3baec483ada8cea4,edition-target:regional:ru-Cyrl-RU-daily,,ru-Cyrl-RU-daily,edition-target:regional:ru-Cyrl-RU-daily,edition-target:regional:ru-Cyrl-RU-daily
regional:ASIA_EMPIRICAL_NEED_INPUTS:shu-Arab-TD:102,ASIA_EMPIRICAL_NEED_INPUTS,shu-Arab-TD,edition-target:lang:shu-Arab-TD,REGIONAL_EMPIRICAL_STRATUM,no_compatible_direct_variety_person_denominator,persons,,,,No comparable exact Chadian-Arabic person denominator is established in this bundle.,current evidence review,Chad,spoken Chadian Arabic; script practices unmeasured,ASIA_FB5A2B3A6E71,https://documents1.worldbank.org/curated/en/517851626203470278/pdf/Effective-Language-of-Instruction-Policies-for-Learning.pdf,World Bank LOI report Box 4 p31 and surrounding discussion distinguish MSA from colloquial Arabic types.,Chadian multilingual context remains separate; no MSA/umbrella inheritance.,,ATTACHED_TO_EXISTING_EDITION,false,3b8d0047c9cf474d523d6582bae954447b8477d3736e9ea20bd9675f609e17a7,edition-target:lang:shu-Arab-TD,,,edition-target:lang:shu-Arab-TD,edition-target:lang:shu-Arab-TD
regional:ASIA_EMPIRICAL_NEED_INPUTS:su-ID:084,ASIA_EMPIRICAL_NEED_INPUTS,su-ID,,REGIONAL_EMPIRICAL_STRATUM,census_home_daily_language_age5plus_point_count,persons,,32412752,,BPS 2010 census point count of people age 5+ in the BPS Sundanese category using it as the daily language at home; irrespective of Latin or Sundanese script.,2010,Indonesia,spoken/home daily language; script not measured,ASIA_552796946DC9;ASIA_EB59D2619EC1;ASIA_260DFA0745B4;ASIA_500B7047CCE7,https://www.bps.go.id/en/publication/2012/05/23/55eca38b7fe0830834605b35/nationality--ethnicity--religion--and-dailylanguage-of-indonesian-population.html;https://sensus.bps.go.id/topik/tabular/sp2022/196/1/0;https://documents1.worldbank.org/curated/en/099082924151529593/pdf/P17920918b1c2f0f61abb41e1a5d85e5dd2.pdf;https://www.bps.go.id/en/publication/2025/08/29/beaa2be400eda6ce6c636ef8/telecommunication-statistics-in-indonesia-2024.html,"BPS 2010 Table L4.1 p47, Sundanese 32412752; later Indonesian ability/learning/ICT only as contexts.","The point is exact for the old census home/daily-language construct only; it is not all speakers, L1, current ability or script literacy. Equal low/base/high fields and the Latn tag are removed.",,EVIDENCE_ONLY_CONTEXT,false,4337e98c6c2ef078ee4ade41081f1b5336ae3e09f4739246f33e45193fdcc827,,,,,
regional:ASIA_EMPIRICAL_NEED_INPUTS:ta-Taml-IN:074,ASIA_EMPIRICAL_NEED_INPUTS,ta-Taml-IN,edition-target:lang:ta-Taml-IN,REGIONAL_EMPIRICAL_STRATUM,raw_census_mother_tongue_return_not_script_readership,persons,68888839,68888839,68888839,Raw Tamil mother-tongue return; scheduled-language total is 69026881.,2011,India,spoken/written Tamil target; Tamil script; population source does not measure script literacy,ASIA_AE7629DAC814;ASIA_C8095E9B813E;ASIA_5AD512572DA1;ASIA_F358D43B8DE2;ASIA_25B978A75B75,https://censusindia.gov.in/nada/index.php/catalog/10191;https://www.censusindia.gov.in/nada/index.php/catalog/10262;https://censusindia.gov.in/nada/index.php/catalog/10262/download/13374/DDW-C17-0000.XLSX;https://asercentre.org/wp-content/uploads/2022/12/ASER_2024_Final-Report_13_2_24-1.pdf;https://support.khanacademy.org/hc/en-us/articles/226457308-What-languages-is-Khan-Academy-available-in,C-16 raw Tamil return; C-17 Tamil row; ASER Tamil Nadu state table.,Census old; raw and scheduled denominators differ; learning/device figures lack language cross-tabs; OER completeness unknown. The person count is exact only for the reported mother-tongue construct and does not enumerate script literacy or tested proficiency.,,ATTACHED_TO_EXISTING_EDITION,false,19c84d6e47e573584fd081210cec0525061f01c29f4a3157f930b4c7585b9064,edition-target:lang:ta-Taml-IN,,,edition-target:lang:ta-Taml-IN,edition-target:lang:ta-Taml-IN
regional:ASIA_EMPIRICAL_NEED_INPUTS:ta-Taml-LK:075,ASIA_EMPIRICAL_NEED_INPUTS,ta-Taml-LK,edition-target:regional:ta-Taml-LK,REGIONAL_EMPIRICAL_STRATUM,Tamil_named_ethnicity_core_context_not_language_denominator,persons,,,,No direct Tamil-user or Tamil-script reader population is entered. The 2024 census count 3281987 for Sri Lanka Tamil plus Indian/Malaiyaga Tamil is an ethnicity core only and is not a ceiling because Tamil literacy extends to other ethnic groups.,2024,Sri Lanka,"spoken/written Tamil target; Tamil script; cited population context is ethnicity, not language or script literacy",ASIA_95499A5B4526;ASIA_03CC696CA42B;ASIA_2C7E3E94D496;ASIA_87EDA21F0512,https://www.statistics.gov.lk/Resource/en/Population/CPH_2024/CPH2024_Final_Eng.pdf;https://moe.gov.lk/wp-content/uploads/2025/12/School_Census-2024_Summary-Report-V2.pdf;https://www.statistics.gov.lk/Resource/en/ComputerLiteracy/Bulletins/AnnualBuletinComputerLiteracy-2024.pdf;https://e-thaksalawa.moe.gov.lk/lcms/?lang=ta_lk,CPH 2024 Tables 6.1.8 and 7.11; School Census 2024 Tamil-medium and bilingual pupils; Computer Literacy Bulletin Tamil-literate respondent context; bounded E-thaksalawa Tamil route.,"Ethnicity, language literacy, school medium, platform inventory and ICT survey respondents are distinct. The former 3281987 high field was not a valid upper bound and is removed.",,NEW_EDITION_EVIDENCE,false,40016b7accd682c17a3ac49b18ee19744ea78829c0faf6d676639620efc66ea7,edition-target:regional:ta-Taml-LK,,ta-Taml-LK,edition-target:regional:ta-Taml-LK,edition-target:regional:ta-Taml-LK
regional:ASIA_EMPIRICAL_NEED_INPUTS:te-Telu-IN:073,ASIA_EMPIRICAL_NEED_INPUTS,te-Telu-IN,edition-target:lang:te-Telu-IN,REGIONAL_EMPIRICAL_STRATUM,raw_census_mother_tongue_return_not_script_readership,persons,80912459,80912459,80912459,Raw Telugu mother-tongue return. The broader scheduled-language total is 81127740 and is kept separate.,2011,India,spoken/written Telugu target; Telugu script; population source does not measure script literacy,ASIA_AE7629DAC814;ASIA_C8095E9B813E;ASIA_5AD512572DA1;ASIA_F358D43B8DE2;ASIA_25B978A75B75,https://censusindia.gov.in/nada/index.php/catalog/10191;https://www.censusindia.gov.in/nada/index.php/catalog/10262;https://censusindia.gov.in/nada/index.php/catalog/10262/download/13374/DDW-C17-0000.XLSX;https://asercentre.org/wp-content/uploads/2022/12/ASER_2024_Final-Report_13_2_24-1.pdf;https://support.khanacademy.org/hc/en-us/articles/226457308-What-languages-is-Khan-Academy-available-in,C-16 raw Telugu return and scheduled total; C-17 Telugu row; ASER state tables Andhra Pradesh and Telangana.,Raw and scheduled counts are different constructs. State learning and national device measures lack language cross-tabs. Resource audit incomplete. The person count is exact only for the reported mother-tongue construct and does not enumerate script literacy or tested proficiency.,,ATTACHED_TO_EXISTING_EDITION,false,f8626e095a32a618e498025099483a2e01c537099cbf1286cb3410322d51cf10,edition-target:lang:te-Telu-IN,,,edition-target:lang:te-Telu-IN,edition-target:lang:te-Telu-IN
regional:ASIA_EMPIRICAL_NEED_INPUTS:tg-Cyrl-TJ:087,ASIA_EMPIRICAL_NEED_INPUTS,tg-Cyrl-TJ,edition-target:lang:tg-Cyrl-TJ,REGIONAL_EMPIRICAL_STRATUM,territorial_official_language_exposure_ceiling,persons,,,9657005,Official 2020 resident census total retained only as maximum territorial exposure; not a direct Tajik-language or Cyrillic-literacy count.,2020,Tajikistan,Cyrillic,ASIA_BA31B00190AB;ASIA_35529349528F;ASIA_9C5DB114AD18;ASIA_60ED01594AAD;ASIA_3158EA1C9CC5;ASIA_0F8F5E4A8FE2;ASIA_42E1E291D783;ASIA_7DFBD29BE1C9;ASIA_4FDF1E08A398;ASIA_14BDD54EEEDC;ASIA_AC00F32BA8B1,https://www.stat.tj/en/population-and-housing-census/?lang=tj;https://docstore.ohchr.org/SelfServices/FilesHandler.ashx?enc=ci8WUzhCwwCZnuZKXtC9oVa1Jd%2FF6qLRjM0BbDjNYJc40UWEiZGkXT8w5Xu9easgQwqccWbs7oU2r4GpqH6Obw%3D%3D;https://www.unicef.org/tajikistan/media/9231/file/Tajikistan_SitAn_2025_ENG.pdf.pdf;https://www.unicef.org/tajikistan/reports/achieving-universal-connectivity-education-sector-republic-tajikistan;https://www.unicef.org/tajikistan/press-releases/24-cent-tajikistans-school-age-children-have-no-internet-access-home-new-unicef-itu;https://www.unicef.org/documents/expanding-digital-learning-opportunities-and-connectivity-all-learners-tajikistan;https://www.unicef.org/tajikistan/stories/learning-future;https://www.stat.tj/wp-content/uploads/2024/05/tablicza-1.-chislennost-postoyannogo-naseleniya-po-oblastyam-rajonam-gorodskim-poseleniyam-rajonnym-czentram-i-selskim-naselennym-punktam-s-chis.pdf;https://www.stat.tj/wp-content/uploads/2024/05/metodologicheskie-poyasneniya-2.pdf;https://pdf.usaid.gov/pdf_docs/PA00Z5ST.pdf;https://www.unicef.org/tajikistan/media/7371/file/Achieving%20Universal%20Connectivity%202024_en%20final-compressed.pdf.pdf,Census Volume I Table 1 and usual-residence methodology; CERD/C/SR.2971 para 5 delegation statement; USAID EGRA Table E6 p111; UNICEF connectivity report and bounded digital/material programme evidence.,"The 9657005 value is a permanent-resident census ceiling, not a language count. Rounded ethnicity share, delegation school counts, Tajik-language EGRA sample, connectivity and project outputs remain separate.",,ATTACHED_TO_EXISTING_EDITION,false,1cbb10e4d22485499cb8c588a34f8fec119ebc54b7ad15d8a621895ea10aa0c3,edition-target:lang:tg-Cyrl-TJ,,,edition-target:lang:tg-Cyrl-TJ,edition-target:lang:tg-Cyrl-TJ
regional:ASIA_EMPIRICAL_NEED_INPUTS:th-Thai-TH:079,ASIA_EMPIRICAL_NEED_INPUTS,th-Thai-TH,edition-target:lang:th-Thai-TH,REGIONAL_EMPIRICAL_STRATUM,registered_population_point_context_for_school_language_exposure,persons,,65951210,,"2024 population-registration record count; not a de facto resident total, Thai speaker/readership count or statistical upper bound.",2024,Thailand,spoken/written Standard Thai; Thai script; literacy unmeasured,ASIA_FD2E31624975;ASIA_60398CDE3EB5;ASIA_8D763B87EDD7;ASIA_E3C9435B44D2;ASIA_AF3F2061095E;ASIA_99790366BF51;ASIA_DC40538A57DA;ASIA_A943DE148B29;ASIA_AE4FF98E9CFE,https://www.nso.go.th/public/e-book/Bulletin-of-Statistics/bulletin-4-68/32/;https://www.unicef.org/thailand/press-releases/mother-tongue-based-education-provides-ethnic-children-fair-chance-learn;https://www.unicef.org/thailand/media/1282/file/Bridge%20to%20a%20Brighter%20Tomorrow%20%28Full%20Report%29.pdf;https://datahub.itu.int/data/?e=THA;https://dltv.ac.th/;https://www.dltv.ac.th/downloads;https://dltv.ac.th/content/content-detail/11090/1001;https://www.nso.go.th/public/e-book/Statistical-Yearbook/SYB-2025/77/;https://academic.obec.go.th/download/obec_book_teacher/basic_education_core_curriculum/051-01-1_Laksut%20Kaen%20Klang%20Kansueksa%20Khanphuenthan%20_2551_eng.pdf,NSO Statistical Yearbook 2025 Table 1.5 registration record; OBEC core curriculum; UNICEF minority-language context; ITU national ICT; bounded DLTV endpoints.,"Registration, de facto residence, language ability and Thai-script literacy are distinct. UNICEF language context, connectivity and DLTV availability are not population crosswalks.",,ATTACHED_TO_EXISTING_EDITION,false,199561cb3342aeeb9e1eae25304761bdbb756343dace63a0097d3419ea0b74c0,edition-target:lang:th-Thai-TH,,,edition-target:lang:th-Thai-TH,edition-target:lang:th-Thai-TH
regional:ASIA_EMPIRICAL_NEED_INPUTS:tr-Latn-TR:088,ASIA_EMPIRICAL_NEED_INPUTS,tr-Latn-TR,edition-target:lang:tr-Latn-TR,REGIONAL_EMPIRICAL_STRATUM,registered_ABPRS_population_point_proxy,persons,,85664944,,"TurkStat ABPRS count at 31 December 2024 for the covered registered population; it excludes Syrians under temporary protection and foreigners with visa/residence stays under 90 days, so it is not a strict territorial ceiling or Turkish-speaker count.",2024,Turkiye,Latin,ASIA_030D559FCB98;ASIA_38236BAD07D7;ASIA_3BBEACC14483;ASIA_75C5B79598A8;ASIA_CC337D85314B;ASIA_A92F25B3B88F;ASIA_640ADBAAB7BD;ASIA_B6F525EF2BFB,https://veriportali.tuik.gov.tr/en/press/53783;https://veriportali.tuik.gov.tr/en/press/53783/metadata;https://doi.org/10.1007/s10579-022-09605-4;https://www.oecd.org/en/publications/pisa-2022-results-volume-i-and-ii-country-notes_ed6fbcc5-en/turkiye_d67e6c05-en.html;https://veriportali.tuik.gov.tr/Bulten/Index?dil=2&p=Hanehalk%C4%B1-Bili%C5%9Fim-Teknolojileri-%28BT%29-Kullan%C4%B1m-Ara%C5%9Ft%C4%B1rmas%C4%B1-2024-53492;https://eba.gov.tr/;https://eba.gov.tr/ozel-egitim-materyal;https://mebi.eba.gov.tr/,TurkStat ABPRS 2024 count and exclusion metadata; NLP-resource review context; OECD PISA represented cohort; TurkStat ICT age 16-74; bounded EBA/MEBI access/download conditions.,"ABPRS coverage and the rounded global speaker review are incompatible, so no interval is constructed. PISA/ICT lack language cross-tabs; platform presence does not establish reach, completeness or open rights.",,ATTACHED_TO_EXISTING_EDITION,false,f59a5e4029a830027edb9447dcc20848015531049143d70eb26612833431672e,edition-target:lang:tr-Latn-TR,,,edition-target:lang:tr-Latn-TR,edition-target:lang:tr-Latn-TR
regional:ASIA_EMPIRICAL_NEED_INPUTS:ur-Arab-IN:070,ASIA_EMPIRICAL_NEED_INPUTS,ur-Arab-IN,edition-target:lang:ur-Arab-IN,REGIONAL_EMPIRICAL_STRATUM,raw_census_mother_tongue_return_not_script_readership,persons,50725762,50725762,50725762,Raw Urdu mother-tongue return; broader C-16 scheduled-language total is 50772631.,2011,India,spoken/written Urdu target; Perso-Arabic Nastaliq; population source does not measure script literacy,ASIA_AE7629DAC814;ASIA_C8095E9B813E;ASIA_5AD512572DA1;ASIA_F358D43B8DE2;ASIA_2D7DB5B586AA,https://censusindia.gov.in/nada/index.php/catalog/10191;https://www.censusindia.gov.in/nada/index.php/catalog/10262;https://censusindia.gov.in/nada/index.php/catalog/10262/download/13374/DDW-C17-0000.XLSX;https://asercentre.org/wp-content/uploads/2022/12/ASER_2024_Final-Report_13_2_24-1.pdf;https://epathshala.nic.in/wp-content/doc/book/btextbook/textbook.htm,C-16 raw and scheduled Urdu; C-17 Urdu row; ASER national tables; ePathshala Urdu class selector and copyright notice.,Census is old; raw and umbrella denominators differ. No exact language learning or device cross-tab. The person count is exact only for the reported mother-tongue construct and does not enumerate script literacy or tested proficiency.,,ATTACHED_TO_EXISTING_EDITION,false,b1f639362ff888932bae268f114a67e3d7e3c61c9ba3a5c23ddee637077556ab,edition-target:lang:ur-Arab-IN,,,edition-target:lang:ur-Arab-IN,edition-target:lang:ur-Arab-IN
regional:ASIA_EMPIRICAL_NEED_INPUTS:ur-Arab-PK:069,ASIA_EMPIRICAL_NEED_INPUTS,ur-Arab-PK,edition-target:lang:ur-Arab-PK,REGIONAL_EMPIRICAL_STRATUM,census_mother_tongue_count_detailed_demographic_universe_not_script_readership,persons,22249307,22249307,22249307,2023 Census Urdu mother-tongue count among the 240458089-person detailed-demographic table universe (four provinces plus ICT and excluding restricted-area records); not a Nastaliq literacy or national Urdu-ability count.,2023,Pakistan,spoken/written Urdu target; Perso-Arabic Nastaliq; population source does not measure script literacy,ASIA_AFF2CFE5FD3E;ASIA_C108F664359D;ASIA_3EBBF28BD445;ASIA_FCFD0EBD2874;ASIA_0F8C359A9A6A;ASIA_C088EAEF37B1;ASIA_EF1BA0A15BE2,https://www.pbs.gov.pk/sites/default/files/population/2023/tables/table_11_national.pdf;https://www.pbs.gov.pk/sites/default/files/population/2023/reports/National%20Census%20Report-2023.pdf;https://www.na.gov.pk/uploads/documents/1515056252_668.pdf;https://pie.gov.pk/SiteImage/Publication/PES-Final%20Report%2016Mb.pdf;https://aserpakistan.org/document/2024/aser_national_2023.pdf;https://documents1.worldbank.org/curated/en/099101209232420036/pdf/IDU1ca74c9b413720148e11bf511415daadb8202.pdf;https://www.pbs.gov.pk/wp-content/uploads/2020/07/HIES_Report_2024-25-Social-indicators-Reportupdated.pdf,PBS Table 11 and National Census Report scope; Constitution Article 251; PIE PES pp39/71; ASER 2023 p58; World Bank 2023 language-of-instruction report; HIES 2024-25 methodology and ICT/electricity tables.,"The mother-tongue table and full census total have different geographic/record coverage. OOS, ASER, HIES and language counts use different cohorts; none measures Nastaliq literacy or Urdu academic proficiency.",,ATTACHED_TO_EXISTING_EDITION,false,203809b599e71c2d4846904950cd0f16ae152e7b9989a493144eb7166dd25db1,edition-target:lang:ur-Arab-PK,,,edition-target:lang:ur-Arab-PK,edition-target:lang:ur-Arab-PK
regional:ASIA_EMPIRICAL_NEED_INPUTS:vi-Latn-VN:077,ASIA_EMPIRICAL_NEED_INPUTS,vi-Latn-VN,edition-target:lang:vi-Latn-VN,REGIONAL_EMPIRICAL_STRATUM,sample_based_territorial_population_point_for_official_language_context,persons,,101112656,,"Published 2024-04-01 population point estimate from the intercensal sample survey covering about 20% of enumeration areas; territorial/policy context only, not Vietnamese users/readers and not an upper confidence bound.",2024,Viet Nam,spoken/written Vietnamese; quốc-ngữ Latin orthography; competence unmeasured,ASIA_EFA14D01CC25;ASIA_1B7F7BEE3F52;ASIA_5BCEEF45CA97;ASIA_DA631D4C90DC;ASIA_E207EFEC5972;ASIA_00F0E2B2A708;ASIA_2DDC88647457;ASIA_6B97CC766A6D,https://www.gso.gov.vn/du-lieu-va-so-lieu-thong-ke/2025/01/thong-cao-bao-chi-ket-qua-dieu-tra-dan-so-va-nha-o-giua-ky-nam-2024/;https://documents1.worldbank.org/curated/en/099090524093570192/pdf/P179209-ba987cbb-9cc6-4838-a0f0-6e19ed88ad18.pdf;https://datahub.itu.int/data/?e=VNM;https://moet.gov.vn/content/vanban/Lists/VBDH/Attachments/3697/huong-dan-nv-cntt-tk-nam-hoc-2024-2025-final.pdf;https://igiaoduc.vn;https://hanhtrangso.nxbgd.vn/sach-dien-tu;https://vanban.chinhphu.vn/?docid=197310&pageid=27160;https://congbao.chinhphu.vn/detail/tai-ve?id=29267&slug=43-2019-qh14,GSO 2024 intercensal survey design and point estimate; official government Education Law 43/2019/QH14 Article 11; national learning/ICT context; bounded repository/e-textbook endpoints.,"The official point is sample-based and has no row-specific uncertainty here. It is not a Vietnamese language or quốc-ngữ literacy count; statutory role, Kinh ethnicity, learning and connectivity are separate.",,ATTACHED_TO_EXISTING_EDITION,false,9cf68df02badb23b1e1869bc6f2e1cb1d6ddf13eacb7b77ce7b0b214896be663,edition-target:lang:vi-Latn-VN,,,edition-target:lang:vi-Latn-VN,edition-target:lang:vi-Latn-VN
regional:ASIA_EMPIRICAL_NEED_INPUTS:zh-Hans-CN:062,ASIA_EMPIRICAL_NEED_INPUTS,zh-Hans-CN,edition-target:lang:zh-Hans-CN,REGIONAL_EMPIRICAL_STRATUM,territorial_written_standard_exposure_ceiling,persons,,,1411778724,"2020 census national-population total for the 31 mainland provinces plus active servicemen; excludes Hong Kong, Macao and Taiwan residents and foreigners living in those provinces. It is only a maximum written-standard exposure context, not a reader or literacy count.",2020,PRC census national-population scope: 31 mainland provinces plus active servicemen,written Standard Chinese; simplified/normative Han; reader competence unmeasured,ASIA_5429F0BA6A2A;ASIA_F71781BEC351;ASIA_2E4E571033AB;ASIA_382F0CD96CBB;ASIA_0697DE5C8F30;ASIA_08CF33842BCA;ASIA_A7E49913E90A;ASIA_09DDEB343BE4;ASIA_1DF6C347E91F;ASIA_EAF11158E496;ASIA_B5B4DFBE511B,https://www.stats.gov.cn/english/PressRelease/202105/t20210510_1817190.html;https://www.moe.gov.cn/jyb_sjzl/wenzi/202108/t20210827_554992.html;https://hudong.moe.gov.cn/jyb_sjzl/sjzl_fztjgb/202607/t20260706_1442870.html;https://documents1.worldbank.org/curated/en/099062624150016136/pdf/P179209-5ef327b7-7dc8-4720-a457-a9a22a3e03c7.pdf;https://www.cnnic.net.cn/n4/2026/0304/c88-11549.html;https://basic.smartedu.cn/;https://www.unesco.org/en/legal-affairs/recommendation-open-educational-resources-oer?hub=422;https://open.umn.edu/opentextbooks/textbooks.json?language=zho;https://directory.doabooks.org/rest/search?query=dc.language:%22Chinese%22&limit=100&expand=metadata;https://www.stats.gov.cn/english/PressRelease/202105/t20210510_1817187.html;https://www.stats.gov.cn/english/PressRelease/202105/t20210510_1817193.html,NBS Communique No. 2 total and scope footnote; NBS No. 8 separately enumerated excluded resident groups; MOE normative-character rate without a compatible literate denominator; MOE enrolment; World Bank learning context; CNNIC access; Smart Education endpoint; OER definition and catalog snapshots.,"The census total has a restricted NBS national-population scope and is not a zh-Hans readership count. Putonghua ability, normative-character use, enrolment and resource availability overlap and are never added.",,ATTACHED_TO_EXISTING_EDITION,false,1d309348def01f8baf0523475d34e24c9e357b61f0dc424d2a93ff60124d5ab2,edition-target:lang:zh-Hans-CN,,,edition-target:lang:zh-Hans-CN,edition-target:lang:zh-Hans-CN
regional:ASIA_EMPIRICAL_NEED_INPUTS:zh-Hant-HK:090,ASIA_EMPIRICAL_NEED_INPUTS,zh-Hant-HK,,REGIONAL_EMPIRICAL_STRATUM,territorial_written_standard_exposure_ceiling,persons,,,7413070,2021 census population retained only as a Hong Kong territorial zh-Hant exposure ceiling; includes non-Chinese residents and is not a traditional-character reader count.,2021,Hong Kong SAR,written Standard Chinese; traditional Han (zh-Hant); reader competence unmeasured,ASIA_3194972DF84D;ASIA_46BEF8A47068,https://www.censtatd.gov.hk/en/scode600.html;https://www.censtatd.gov.hk/en/data/stat_report/product/B1120109/att/B11201092021XXXXB0100.pdf,Hong Kong Census and Statistics Department 2021 Population Census headline and Main Results.,"Territorial ceiling only; not traditional-character literacy or any spoken-language count. Taiwan, Hong Kong and Macao are kept disjoint and are not added to Mainland or Putonghua rows.",,EVIDENCE_ONLY_CONTEXT,false,63ed7a598c2e49b0bdf8792e2687bf9a4de2de1cea53b73e6fb26b5329810e45,,,,,
regional:ASIA_EMPIRICAL_NEED_INPUTS:zh-Hant-MO:091,ASIA_EMPIRICAL_NEED_INPUTS,zh-Hant-MO,,REGIONAL_EMPIRICAL_STRATUM,territorial_written_standard_exposure_ceiling,persons,,,682070,August 2021 census total retained only as a Macao territorial zh-Hant exposure ceiling; includes non-Chinese residents and is not a traditional-character reader count.,2021,Macao SAR,written Standard Chinese; traditional Han (zh-Hant); reader competence unmeasured,ASIA_DD4A7A8EF36A,https://censos.dsec.gov.mo/LatestNews.aspx?NewsGUID=bff4521d-16ec-41b9-934c-5f5d40ef9024&lang=en-US,"Macao DSEC detailed 2021 Population Census results, total and local-population definitions.","Territorial ceiling only; not traditional-character literacy or any spoken-language count. Taiwan, Hong Kong and Macao are kept disjoint and are not added to Mainland or Putonghua rows.",,EVIDENCE_ONLY_CONTEXT,false,a525f6d00241e116420f82a76041b29bad1eacfaeb2f51fa07d176091beadf9c,,,,,
regional:ASIA_EMPIRICAL_NEED_INPUTS:zh-Hant-TW:089,ASIA_EMPIRICAL_NEED_INPUTS,zh-Hant-TW,edition-target:regional:zh-Hant-TW,REGIONAL_EMPIRICAL_STRATUM,territorial_written_standard_exposure_ceiling,persons,,,23561236,End-2020 registered population retained only as a Taiwan territorial zh-Hant exposure ceiling; not a traditional-character reader count.,2020,Taiwan,written Standard Chinese; traditional Han (zh-Hant); reader competence unmeasured,ASIA_BCF5CF2D5871,https://eng.stat.gov.tw/public/data/dgbas03/bs2/yearbook_eng/Yearbook2020.pdf,"Statistical Yearbook 2020, end-of-year population 23561236; Ministry of the Interior source.","Territorial ceiling only; not traditional-character literacy or any spoken-language count. Taiwan, Hong Kong and Macao are kept disjoint and are not added to Mainland or Putonghua rows.",,NEW_EDITION_EVIDENCE,false,cc9e513c874b7e97cefdf657715619c1a1a0cdfe7df4ab9221363dc3bb232586,edition-target:regional:zh-Hant-TW,,zh-Hant-TW,edition-target:regional:zh-Hant-TW,edition-target:regional:zh-Hant-TW
regional:OCEANIA_CENTRAL_ASIA_EMPIRICAL_INPUTS:aii-Syrc-AM:286,OCEANIA_CENTRAL_ASIA_EMPIRICAL_INPUTS,aii-Syrc-AM,,REGIONAL_EMPIRICAL_STRATUM,census_mother_tongue,persons,2213,2213,2213,"2022 census mother-tongue count for the Assyrian category, as reproduced by the Council of Europe.",2022,Armenia,Syriac script; local Cyrillic/Latin transcription separately tagged,ARM_COE_2025;OER_UNESCO_2019;WCAG_22,https://rm.coe.int/armeniapr6-en/1680af6e84;https://www.unesco.org/en/legal-affairs/recommendation-open-educational-resources-oer?hub=422;https://www.w3.org/TR/WCAG22/,ARM_COE_2025: Tables 1–3 and education chapters; OER_UNESCO_2019: Definition I.1 and areas of action; WCAG_22: Conformance requirements and Success Criteria,"Exact census mother-tongue category, not script readers. Syriac, Cyrillic and Latin literacy arms are nonadditive and unmeasured.",,EVIDENCE_ONLY_CONTEXT,false,6b3515a26389c225a6d65caab053929fabec192fab3b3191a07965ca7c578662,,,,,
regional:OCEANIA_CENTRAL_ASIA_EMPIRICAL_INPUTS:av-Cyrl-RU-DA:289,OCEANIA_CENTRAL_ASIA_EMPIRICAL_INPUTS,av-Cyrl-RU-DA,,REGIONAL_EMPIRICAL_STRATUM,unrankable_no_compatible_language_count,persons,,,,No compatible current Avar-language/script person count was verified in the authoritative source set.,,"Russian Federation, chiefly Dagestan",Avar in Dagestan Cyrillic orthography,RUS_CENSUS_2021;DAG_LANGUAGE_ED;OER_UNESCO_2019;WCAG_22,https://www.rosstat.gov.ru/vpn/2020/Tom5_Nacionalnyj_sostav_i_vladenie_yazykami?print=1;https://journals.sagepub.com/doi/10.1177/1367006920959717;https://www.unesco.org/en/legal-affairs/recommendation-open-educational-resources-oer?hub=422;https://www.w3.org/TR/WCAG22/,RUS_CENSUS_2021: nationality tables; DAG_LANGUAGE_ED: education and mobility findings; OER_UNESCO_2019: Definition I.1 and areas of action; WCAG_22: Conformance requirements and Success Criteria,"Explicit unrankable population gap; do not substitute Avar ethnicity estimates, Dagestan totals or macro Northeast Caucasian labels.",,EVIDENCE_ONLY_CONTEXT,false,2bd54e702d4113b888148074e36d2a84259c8094903858d8d83f2e143be1016d,,,,,
regional:OCEANIA_CENTRAL_ASIA_EMPIRICAL_INPUTS:az-Latn-AZ:280,OCEANIA_CENTRAL_ASIA_EMPIRICAL_INPUTS,az-Latn-AZ,edition-target:lang:az-Latn-AZ,REGIONAL_EMPIRICAL_STRATUM,census_ethnicity_proxy,persons,9436123,9436123,9436123,"2019 census Azerbaijani ethnic-category count, retained explicitly as a proxy rather than a language or script-literacy count.",2019,Azerbaijan,Azerbaijani Latin alphabet,AZE_YEARBOOK_2024;AZE_WB_LP_2024;OER_UNESCO_2019;WCAG_22,https://www.stat.gov.az/menu/6/statistical_yearbooks/source/stat-yearbook_2024.pdf;https://documents1.worldbank.org/curated/en/099090524095540091/pdf/P17920914d547808f19c6911e867c418233.pdf;https://www.unesco.org/en/legal-affairs/recommendation-open-educational-resources-oer?hub=422;https://www.w3.org/TR/WCAG22/,AZE_YEARBOOK_2024: Table 2.7; AZE_WB_LP_2024: p. 1; OER_UNESCO_2019: Definition I.1 and areas of action; WCAG_22: Conformance requirements and Success Criteria,"Ethnicity proxy, not speaker, reader or academic-proficiency count. Iranian Azerbaijani and Cyrillic/Arabic script arms are outside this row.",,ATTACHED_TO_EXISTING_EDITION,false,3894c4414c5cf799e6a19a126b74ea734bc6a147e2415f6a335553c2e157c21e,edition-target:lang:az-Latn-AZ,,,edition-target:lang:az-Latn-AZ,edition-target:lang:az-Latn-AZ
regional:OCEANIA_CENTRAL_ASIA_EMPIRICAL_INPUTS:az-Latn-GE:283,OCEANIA_CENTRAL_ASIA_EMPIRICAL_INPUTS,az-Latn-GE,,REGIONAL_EMPIRICAL_STRATUM,census_mother_tongue,persons,265534,265534,265534,2024 census count reporting Azerbaijani as mother tongue.,2024,Georgia excluding occupied territories per census scope,Azerbaijani Latin alphabet,GEO_CENSUS_2024;GEO_OECD_ED;GEO_UNICEF_SITAN_2025;OER_UNESCO_2019;WCAG_22,https://www.geostat.ge/media/80541/Main-Results-of-the-2024-Population-and-Agricultural-Census.pdf;https://www.oecd.org/en/publications/oecd-reviews-of-evaluation-and-assessment-in-education-georgia_94dc370e-en/full-report/the-education-system-in-georgia_d22c5e97.html;https://www.unicef.org/georgia/media/9886/file/UNICEF_CHILDREN%20AND%20ADOLESCENT%20RIGHTS%20IN%20GEORGIA_2025-ENG.pdf.pdf;https://www.unesco.org/en/legal-affairs/recommendation-open-educational-resources-oer?hub=422;https://www.w3.org/TR/WCAG22/,"GEO_CENSUS_2024: p. 15, mother tongue; GEO_OECD_ED: minority-language and tertiary-access sections; GEO_UNICEF_SITAN_2025: education and minority sections; OER_UNESCO_2019: Definition I.1 and areas of action; WCAG_22: Conformance requirements and Success Criteria",Exact mother-tongue count. OECD ethnicity/proficiency findings use different years and denominators and cannot be converted into a count or assumed for every speaker.,,EVIDENCE_ONLY_CONTEXT,false,ed9a84b4ae37e26f0f65fbce7724cd749a431fde5607a0f568660e65ff2252fc,,,,,
regional:OCEANIA_CENTRAL_ASIA_EMPIRICAL_INPUTS:bcc-Arab-001:300,OCEANIA_CENTRAL_ASIA_EMPIRICAL_INPUTS,bcc-Arab-001,,REGIONAL_EMPIRICAL_STRATUM,peer_reviewed_rounded_speaker_estimate,persons,3400000,3400000,3400000,"Peer-reviewed branch-specific estimate reported as 3,400,000 people.",2021,"Pakistan, Iran and Gulf communities",Perso-Arabic Balochi orthographies; Latin transliteration separately tagged,BALOCHI_BRANCHES;BALOCHI_UPPSALA;OER_UNESCO_2019;WCAG_22,https://sujo.usindh.edu.pk/plugins/generic/pdfJsViewer/pdf.js/web/viewer.html?file=https%3A%2F%2Fsujo.usindh.edu.pk%2Findex.php%2FUSJICT%2Farticle%2Fdownload%2F4452%2F3064%2F8358;https://www.uu.se/en/department/linguistics-and-philology/research/proj/the-balochi-language;https://www.unesco.org/en/legal-affairs/recommendation-open-educational-resources-oer?hub=422;https://www.w3.org/TR/WCAG22/,"BALOCHI_BRANCHES: population estimates by Eastern, Western and Southern branch; BALOCHI_UPPSALA: variety, territory and standardization sections; OER_UNESCO_2019: Definition I.1 and areas of action; WCAG_22: Conformance requirements and Success Criteria","Rounded estimate, not census or script readers. Territory components are not allocable. Balochi branches and orthographies are not collapsed.",,EVIDENCE_ONLY_CONTEXT,false,9139e20fa193ee3c4e7043ca00027f6095096f356f0dba33871e81367c98e32b,,,,,
regional:OCEANIA_CENTRAL_ASIA_EMPIRICAL_INPUTS:bfn-Latn-TL:266,OCEANIA_CENTRAL_ASIA_EMPIRICAL_INPUTS,bfn-Latn-TL,edition-target:lang:bfn-Latn-TL,REGIONAL_EMPIRICAL_STRATUM,census_mother_tongue,persons,64686,64686,64686,2015 census first/mother-tongue count for Bunak.,2015,Timor-Leste,Latin orthography,TLS_CENSUS_2015;TLS_CENSUS_REPRO;TLS_UNESCO_UNICEF_MLE;TLS_UNICEF_SDG;OER_UNESCO_2019;WCAG_22,https://www.unicef.org/timorleste/reports/timor-leste-population-and-housing-census-2015;https://pmc.ncbi.nlm.nih.gov/articles/PMC9411783/;https://www.unesco.org/en/articles/unesco-and-unicef-strengthening-multilingual-education-sustainable-future-timor-leste;https://data.unicef.org/sdgs/country/tls/;https://www.unesco.org/en/legal-affairs/recommendation-open-educational-resources-oer?hub=422;https://www.w3.org/TR/WCAG22/,"TLS_CENSUS_2015: Table 12, mother tongue; TLS_CENSUS_REPRO: Table 1; TLS_UNESCO_UNICEF_MLE: language-at-school-entry and EMULI sections; TLS_UNICEF_SDG: education completion indicators; OER_UNESCO_2019: Definition I.1 and areas of action; WCAG_22: Conformance requirements and Success Criteria","Exact census mother-tongue count. Do not add L2/L3 users, infer literacy, transfer Tetun literacy to Bunak, or assume resources from another Timorese variety.",,ATTACHED_TO_EXISTING_EDITION,false,8299a181efe096481ad9e074fed7dfd5069635e8f9299e8f9a7e845f12836b5c,edition-target:lang:bfn-Latn-TL,,,edition-target:lang:bfn-Latn-TL,edition-target:lang:bfn-Latn-TL
regional:OCEANIA_CENTRAL_ASIA_EMPIRICAL_INPUTS:bgn-Arab-001:301,OCEANIA_CENTRAL_ASIA_EMPIRICAL_INPUTS,bgn-Arab-001,,REGIONAL_EMPIRICAL_STRATUM,peer_reviewed_rounded_speaker_estimate,persons,1800000,1800000,1800000,"Peer-reviewed branch-specific estimate reported as 1,800,000 people.",2021,"Pakistan, Afghanistan, Iran and Turkmenistan",Perso-Arabic Balochi orthographies; Latin transliteration separately tagged,BALOCHI_BRANCHES;BALOCHI_UPPSALA;OER_UNESCO_2019;WCAG_22,https://sujo.usindh.edu.pk/plugins/generic/pdfJsViewer/pdf.js/web/viewer.html?file=https%3A%2F%2Fsujo.usindh.edu.pk%2Findex.php%2FUSJICT%2Farticle%2Fdownload%2F4452%2F3064%2F8358;https://www.uu.se/en/department/linguistics-and-philology/research/proj/the-balochi-language;https://www.unesco.org/en/legal-affairs/recommendation-open-educational-resources-oer?hub=422;https://www.w3.org/TR/WCAG22/,"BALOCHI_BRANCHES: population estimates by Eastern, Western and Southern branch; BALOCHI_UPPSALA: variety, territory and standardization sections; OER_UNESCO_2019: Definition I.1 and areas of action; WCAG_22: Conformance requirements and Success Criteria","Rounded estimate, not census or script readers. Territory components are not allocable. Balochi branches and orthographies are not collapsed.",,EVIDENCE_ONLY_CONTEXT,false,8d4a6c8235c3f9ce07a5fa4ed8d4d2423f93cf31150dc36927d00930b9aeda75,,,,,
regional:OCEANIA_CENTRAL_ASIA_EMPIRICAL_INPUTS:bgp-Arab-PK-IN:302,OCEANIA_CENTRAL_ASIA_EMPIRICAL_INPUTS,bgp-Arab-PK-IN,,REGIONAL_EMPIRICAL_STRATUM,peer_reviewed_rounded_l1_l2_estimate,persons,5000000,5000000,5000000,"Peer-reviewed branch-specific estimate reported as 5,000,000 people.",2021,Pakistan and India,Perso-Arabic Balochi orthographies; Latin transliteration separately tagged,BALOCHI_BRANCHES;BALOCHI_UPPSALA;OER_UNESCO_2019;WCAG_22,https://sujo.usindh.edu.pk/plugins/generic/pdfJsViewer/pdf.js/web/viewer.html?file=https%3A%2F%2Fsujo.usindh.edu.pk%2Findex.php%2FUSJICT%2Farticle%2Fdownload%2F4452%2F3064%2F8358;https://www.uu.se/en/department/linguistics-and-philology/research/proj/the-balochi-language;https://www.unesco.org/en/legal-affairs/recommendation-open-educational-resources-oer?hub=422;https://www.w3.org/TR/WCAG22/,"BALOCHI_BRANCHES: population estimates by Eastern, Western and Southern branch; BALOCHI_UPPSALA: variety, territory and standardization sections; OER_UNESCO_2019: Definition I.1 and areas of action; WCAG_22: Conformance requirements and Success Criteria","Rounded estimate, not census or script readers. The published figure mixes L1 and L2 and is explicitly not comparable to L1-only estimates. Balochi branches and orthographies are not collapsed.",,EVIDENCE_ONLY_CONTEXT,false,112ceb35383f3b32b566307c301d9159a6a2867e639ca40476c1c5461572197a,,,,,
regional:OCEANIA_CENTRAL_ASIA_EMPIRICAL_INPUTS:bi-Latn-VU:224,OCEANIA_CENTRAL_ASIA_EMPIRICAL_INPUTS,bi-Latn-VU,edition-target:lang:bi-Latn-VU,REGIONAL_EMPIRICAL_STRATUM,territorial_exposure_ceiling,persons,,,300019,2020 resident population retained only as a maximum exposure ceiling because the cited census report does not provide a compatible all-ages Bislama-speaker count.,2020,Vanuatu,Latin orthography; spoken and written,VUT_CENSUS_2020;VUT_CENSUS_ANALYTICAL;VUT_LANGUAGE_POLICY;OER_UNESCO_2019;WCAG_22,https://vnso.gov.vu/sites/default/files/2020NPHC_Volume_1.pdf;https://vnso.gov.vu/sites/default/files/2020_Vanuatu_National_Population_and_Housing_Census_-_Analytical_report_Volume_2.pdf;https://education.gov.vu/docs/policies/Vanuatu%20National%20Language%20Policy%20%28English%29_2012.pdf;https://www.unesco.org/en/legal-affairs/recommendation-open-educational-resources-oer?hub=422;https://www.w3.org/TR/WCAG22/,VUT_CENSUS_2020: population totals; VUT_CENSUS_ANALYTICAL: adult literacy by language; VUT_LANGUAGE_POLICY: language progression and materials/teacher requirements; OER_UNESCO_2019: Definition I.1 and areas of action; WCAG_22: Conformance requirements and Success Criteria,"Territorial ceiling; Bislama ability, L1, literacy and school-medium cohorts are not interchangeable. English- and French-route learners overlap with Bislama users.",,ATTACHED_TO_EXISTING_EDITION,false,f1f414b278b23d4be339b86ee8c2e6ad25cbc45e9e11a50bed62954aeb00275f,edition-target:lang:bi-Latn-VU,,,edition-target:lang:bi-Latn-VU,edition-target:lang:bi-Latn-VU
regional:OCEANIA_CENTRAL_ASIA_EMPIRICAL_INPUTS:bkx-Latn-TL:265,OCEANIA_CENTRAL_ASIA_EMPIRICAL_INPUTS,bkx-Latn-TL,,REGIONAL_EMPIRICAL_STRATUM,census_mother_tongue,persons,69190,69190,69190,2015 census first/mother-tongue count for Baikeno.,2015,Timor-Leste,Latin orthography; Atoni/Uab Meto cross-border materials separately tagged,TLS_CENSUS_2015;TLS_CENSUS_REPRO;TLS_UNESCO_UNICEF_MLE;TLS_UNICEF_SDG;OER_UNESCO_2019;WCAG_22,https://www.unicef.org/timorleste/reports/timor-leste-population-and-housing-census-2015;https://pmc.ncbi.nlm.nih.gov/articles/PMC9411783/;https://www.unesco.org/en/articles/unesco-and-unicef-strengthening-multilingual-education-sustainable-future-timor-leste;https://data.unicef.org/sdgs/country/tls/;https://www.unesco.org/en/legal-affairs/recommendation-open-educational-resources-oer?hub=422;https://www.w3.org/TR/WCAG22/,"TLS_CENSUS_2015: Table 12, mother tongue; TLS_CENSUS_REPRO: Table 1; TLS_UNESCO_UNICEF_MLE: language-at-school-entry and EMULI sections; TLS_UNICEF_SDG: education completion indicators; OER_UNESCO_2019: Definition I.1 and areas of action; WCAG_22: Conformance requirements and Success Criteria","Exact census mother-tongue count. Do not add L2/L3 users, infer literacy, transfer Tetun literacy to Baikeno, or assume resources from another Timorese variety.",,EVIDENCE_ONLY_CONTEXT,false,27dee075a0784c338e0a04c7fe60be065b3cb65eb2818ae15e58796c92fb4967,,,,,
regional:OCEANIA_CENTRAL_ASIA_EMPIRICAL_INPUTS:bqi-Arab-IR:290,OCEANIA_CENTRAL_ASIA_EMPIRICAL_INPUTS,bqi-Arab-IR,,REGIONAL_EMPIRICAL_STRATUM,peer_reviewed_secondary_estimate_range,persons,4000000,,5000000,"PARME Table A.1 population estimate for Luri Bakhtiari; endpoints are published rounded estimates, not a confidence interval.",2025,Iran,Perso-Arabic Pâpêrik arm; other ad hoc practices separately tagged,PARME_ACL_2025;IRN_CONSTITUTION;IRN_ITU_2021;OER_UNESCO_2019;WCAG_22,https://aclanthology.org/2025.acl-long.1451.pdf;https://nezamat.ir/%D9%82%D8%A7%D9%86%D9%88%D9%86-%D8%A7%D8%B3%D8%A7%D8%B3%DB%8C-%D8%AC%D9%85%D9%87%D9%88%D8%B1%DB%8C-%D8%A7%D8%B3%D9%84%D8%A7%D9%85%DB%8C-%D8%A7%DB%8C%D8%B1%D8%A7%D9%86/;https://datahub.itu.int/data/?Affordability=Functional+separation&Connectivity=Access&Governance=Regulatory+mandates&Markets=Emerging+technologies+regulation&Sustainability=e-Applications&Trust=ICT+Accessibility+for+people+with+disabilities&e=IRN;https://www.unesco.org/en/legal-affairs/recommendation-open-educational-resources-oer?hub=422;https://www.w3.org/TR/WCAG22/,PARME_ACL_2025: Table A.1 and Appendix A; IRN_CONSTITUTION: Article 15; IRN_ITU_2021: household internet and internet-use indicators by urban/rural residence; OER_UNESCO_2019: Definition I.1 and areas of action; WCAG_22: Conformance requirements and Success Criteria,"Rounded secondary estimate range, not census or script readers. Internal varieties/orthographies and multilingual populations overlap; no midpoint is manufactured.",,EVIDENCE_ONLY_CONTEXT,false,2bf4badbfe54569753afe830a4435ac0af6b10664fd6545223c4903b6988d6e8,,,,,
regional:OCEANIA_CENTRAL_ASIA_EMPIRICAL_INPUTS:buc-Latn-YT:247,OCEANIA_CENTRAL_ASIA_EMPIRICAL_INPUTS,buc-Latn-YT,edition-target:lang:buc-Latn-YT,REGIONAL_EMPIRICAL_STRATUM,territorial_exposure_ceiling,persons,,,329208,2025 Mayotte population estimate retained only as a maximum exposure ceiling for Kibushi.,2025,Mayotte,Latin orthography; oral/local practice varies,MYT_POP_2025;MYT_LANG_LITERACY;NCL_ED_REVIEW;OER_UNESCO_2019;WCAG_22,https://www.insee.fr/fr/statistiques/serie/001760180;https://www.insee.fr/fr/statistiques/6467148;https://journals.openedition.org/ced/6322?lang=fr;https://www.unesco.org/en/legal-affairs/recommendation-open-educational-resources-oer?hub=422;https://www.w3.org/TR/WCAG22/,"MYT_POP_2025: 2025 population estimate; MYT_LANG_LITERACY: language mastery and literacy findings; NCL_ED_REVIEW: New Caledonia, Mayotte and Réunion sections; OER_UNESCO_2019: Definition I.1 and areas of action; WCAG_22: Conformance requirements and Success Criteria",Territorial ceiling only. Kibushi must not be collapsed with the other Mayotte language; multilingual mastery and birthplace categories are nonadditive.,,ATTACHED_TO_EXISTING_EDITION,false,3a4f9e205660a9ec35ab3c60cd006284795412de02a1681497006547219f7085,edition-target:lang:buc-Latn-YT,,,edition-target:lang:buc-Latn-YT,edition-target:lang:buc-Latn-YT
regional:OCEANIA_CENTRAL_ASIA_EMPIRICAL_INPUTS:ce-Cyrl-RU:288,OCEANIA_CENTRAL_ASIA_EMPIRICAL_INPUTS,ce-Cyrl-RU,,REGIONAL_EMPIRICAL_STRATUM,census_ethnicity_proxy,persons,1674854,1674854,1674854,"2021 census Chechen ethnic-category count, retained explicitly as a proxy.",2021,"Russian Federation, chiefly Chechnya and North Caucasus",Chechen Cyrillic orthography,RUS_CENSUS_2021;DAG_LANGUAGE_ED;OER_UNESCO_2019;WCAG_22,https://www.rosstat.gov.ru/vpn/2020/Tom5_Nacionalnyj_sostav_i_vladenie_yazykami?print=1;https://journals.sagepub.com/doi/10.1177/1367006920959717;https://www.unesco.org/en/legal-affairs/recommendation-open-educational-resources-oer?hub=422;https://www.w3.org/TR/WCAG22/,RUS_CENSUS_2021: nationality tables; DAG_LANGUAGE_ED: education and mobility findings; OER_UNESCO_2019: Definition I.1 and areas of action; WCAG_22: Conformance requirements and Success Criteria,"Ethnicity proxy, not speaker/reader count. Do not infer ability from ethnicity or resource reach from Russian-medium exposure.",,EVIDENCE_ONLY_CONTEXT,false,7650e30e89145392efea8188823807a61868d758302fbae9fedcf54bacf03e26,,,,,
regional:OCEANIA_CENTRAL_ASIA_EMPIRICAL_INPUTS:chk-Latn-FM:231,OCEANIA_CENTRAL_ASIA_EMPIRICAL_INPUTS,chk-Latn-FM,edition-target:lang:chk-Latn-FM,REGIONAL_EMPIRICAL_STRATUM,census_language_spoken_at_home_age5plus,persons,27677,27677,27677,2023 census count age 5+ reporting Chuukese at home in the official municipality workbook.,2023,"Federated States of Micronesia, chiefly Chuuk State",Latin orthography,FSM_CENSUS_2023;FSM_LANGUAGE_POLICY;OER_UNESCO_2019;WCAG_22,https://www.pacificweb.org/library/preview.php?file=fsm/states/2023FSMMunicipality.xlsx;https://national.doe.fm/PublicDocuments/Education%20Publications/FSM%20language%20Policy.pdf;https://www.unesco.org/en/legal-affairs/recommendation-open-educational-resources-oer?hub=422;https://www.w3.org/TR/WCAG22/,"FSM_CENSUS_2023: Chuuk language-at-home table, age 5+; FSM_LANGUAGE_POLICY: language-of-instruction progression; OER_UNESCO_2019: Definition I.1 and areas of action; WCAG_22: Conformance requirements and Success Criteria","Age-5+ home use, not ability or literacy. Do not extrapolate to the FSM total or other state languages.",,ATTACHED_TO_EXISTING_EDITION,false,d79c530118681f220f1b16a9dde92ada0ada4a13bfb07ff71327f7ef88a843c4,edition-target:lang:chk-Latn-FM,,,edition-target:lang:chk-Latn-FM,edition-target:lang:chk-Latn-FM
regional:OCEANIA_CENTRAL_ASIA_EMPIRICAL_INPUTS:ckb-Arab-001:299,OCEANIA_CENTRAL_ASIA_EMPIRICAL_INPUTS,ckb-Arab-001,,REGIONAL_EMPIRICAL_STRATUM,peer_reviewed_transnational_estimate_range,persons,6000000,,8000000,Peer-reviewed NLP literature reports approximately 6–8 million Central Kurdish/Sorani speakers; no midpoint is manufactured.,2016,Iraq and Iran,Central Kurdish Arabic-based alphabet,KURD_NLP_2016;KURD_TEXTBOOK_CORPUS;IRN_CONSTITUTION;OER_UNESCO_2019;WCAG_22,https://aclanthology.org/W16-4812.pdf;https://arxiv.org/abs/1909.11467;https://nezamat.ir/%D9%82%D8%A7%D9%86%D9%88%D9%86-%D8%A7%D8%B3%D8%A7%D8%B3%DB%8C-%D8%AC%D9%85%D9%87%D9%88%D8%B1%DB%8C-%D8%A7%D8%B3%D9%84%D8%A7%D9%85%DB%8C-%D8%A7%DB%8C%D8%B1%D8%A7%D9%86/;https://www.unesco.org/en/legal-affairs/recommendation-open-educational-resources-oer?hub=422;https://www.w3.org/TR/WCAG22/,KURD_NLP_2016: introduction and variety/population discussion; KURD_TEXTBOOK_CORPUS: corpus composition; IRN_CONSTITUTION: Article 15; OER_UNESCO_2019: Definition I.1 and areas of action; WCAG_22: Conformance requirements and Success Criteria,Rounded transnational estimate with no base point; not script readers. Iraq and Iran school systems cannot be pooled into one outcome or connectivity rate.,,EVIDENCE_ONLY_CONTEXT,false,63c10c368b70518821d93a8812f514dfb828847433b136c5d2ede03f0654c20c,,,,,
regional:OCEANIA_CENTRAL_ASIA_EMPIRICAL_INPUTS:crs-Latn-SC:242,OCEANIA_CENTRAL_ASIA_EMPIRICAL_INPUTS,crs-Latn-SC,edition-target:lang:crs-Latn-SC,REGIONAL_EMPIRICAL_STRATUM,derived_census_first_home_language,persons,101966,102016,102086,"People whose first home language is Kreol Seselwa: 85.1% of the 2022 population 119,878; endpoints preserve one-decimal percentage rounding.",2022,Seychelles,standard Seselwa Latin orthography,SYC_CENSUS_2022;SYC_HOME_LANG_STUDY;SYC_TRANSITION_OA;OER_UNESCO_2019;WCAG_22,https://www.nbs.gov.sc/downloads/1555-seychelles-population-and-housing-census-2022;https://www.diva-portal.org/smash/get/diva2%3A1899546/FULLTEXT01.pdf;https://www.taylorfrancis.com/chapters/oa-edit/10.4324/9781003028383-4/researching-kreol-seselwa-role-education-pursuit-educational-equity-seychelles-mats-deutschmann-justin-zelime;https://www.unesco.org/en/legal-affairs/recommendation-open-educational-resources-oer?hub=422;https://www.w3.org/TR/WCAG22/,SYC_CENSUS_2022: population and first home language; SYC_HOME_LANG_STUDY: school language chapters; SYC_TRANSITION_OA: education transition discussion; OER_UNESCO_2019: Definition I.1 and areas of action; WCAG_22: Conformance requirements and Success Criteria,"Derived rounded-rate interval for first home language, not all speakers or literacy. Later English/French exposure cannot be converted to proficiency.",,ATTACHED_TO_EXISTING_EDITION,false,ea06ce141d98f93101647df9b6f31d481237b055199e6ed2a6648339bf8851e4,edition-target:lang:crs-Latn-SC,,,edition-target:lang:crs-Latn-SC,edition-target:lang:crs-Latn-SC
regional:OCEANIA_CENTRAL_ASIA_EMPIRICAL_INPUTS:ddg-Latn-TL:267,OCEANIA_CENTRAL_ASIA_EMPIRICAL_INPUTS,ddg-Latn-TL,,REGIONAL_EMPIRICAL_STRATUM,census_mother_tongue,persons,41500,41500,41500,2015 census first/mother-tongue count for Fataluku.,2015,Timor-Leste,Latin orthography,TLS_CENSUS_2015;TLS_CENSUS_REPRO;TLS_UNESCO_UNICEF_MLE;TLS_UNICEF_SDG;OER_UNESCO_2019;WCAG_22,https://www.unicef.org/timorleste/reports/timor-leste-population-and-housing-census-2015;https://pmc.ncbi.nlm.nih.gov/articles/PMC9411783/;https://www.unesco.org/en/articles/unesco-and-unicef-strengthening-multilingual-education-sustainable-future-timor-leste;https://data.unicef.org/sdgs/country/tls/;https://www.unesco.org/en/legal-affairs/recommendation-open-educational-resources-oer?hub=422;https://www.w3.org/TR/WCAG22/,"TLS_CENSUS_2015: Table 12, mother tongue; TLS_CENSUS_REPRO: Table 1; TLS_UNESCO_UNICEF_MLE: language-at-school-entry and EMULI sections; TLS_UNICEF_SDG: education completion indicators; OER_UNESCO_2019: Definition I.1 and areas of action; WCAG_22: Conformance requirements and Success Criteria","Exact census mother-tongue count. Do not add L2/L3 users, infer literacy, transfer Tetun literacy to Fataluku, or assume resources from another Timorese variety.",,EVIDENCE_ONLY_CONTEXT,false,fe3dad3fff6c85eb5df9d8d04fbd1d2b235fcce120c02bbd5e8167b840053d90,,,,,
regional:OCEANIA_CENTRAL_ASIA_EMPIRICAL_INPUTS:dhv-Latn-NC:227,OCEANIA_CENTRAL_ASIA_EMPIRICAL_INPUTS,dhv-Latn-NC,edition-target:lang:dhv-Latn-NC,REGIONAL_EMPIRICAL_STRATUM,census_reported_speakers_age15plus_rounded,persons,15850,15900,15949,2019 census speaker total reported by ISEE rounded to the nearest hundred; bounds preserve that rounding convention.,2019,"New Caledonia, chiefly Lifou and Greater Nouméa",standardized Latin orthography,NCL_ISEE_LANG_2019;NCL_ED_REVIEW;OER_UNESCO_2019;WCAG_22,https://www.isee.nc/phocadownload/non_theme/publications/nouvelle_caledonie_cartes/atlas_nc/atlas-2019/atlas-2019.pdf;https://journals.openedition.org/ced/6322?lang=fr;https://www.unesco.org/en/legal-affairs/recommendation-open-educational-resources-oer?hub=422;https://www.w3.org/TR/WCAG22/,"NCL_ISEE_LANG_2019: language map and speaker totals age 15+; NCL_ED_REVIEW: New Caledonia, Mayotte and Réunion sections; OER_UNESCO_2019: Definition I.1 and areas of action; WCAG_22: Conformance requirements and Success Criteria",Age 15+ and rounded. Does not include child speakers and cannot be combined with the all-Kanak-language total; multilingual respondents may appear in more than one language count.,,ATTACHED_TO_EXISTING_EDITION,false,6eddaf7911255fbe5e6354be2f70d7e1299173ce1db12f4501df490fb0bf9c9a,edition-target:lang:dhv-Latn-NC,,,edition-target:lang:dhv-Latn-NC,edition-target:lang:dhv-Latn-NC
regional:OCEANIA_CENTRAL_ASIA_EMPIRICAL_INPUTS:dng-Cyrl-KG:276,OCEANIA_CENTRAL_ASIA_EMPIRICAL_INPUTS,dng-Cyrl-KG,,REGIONAL_EMPIRICAL_STRATUM,official_ethnicity_proxy,persons,76573,76573,76573,"2022 official Dungan ethnic-category count in Kyrgyzstan, retained explicitly as a proxy.",2022,Kyrgyzstan,Dungan Cyrillic orthography,KGZ_DUNGAN_2022;KGZ_CENSUS_2022;KGZ_ASSESSMENT_2025;OER_UNESCO_2019;WCAG_22,https://stat.gov.kg/ru/opendata/category/312/;https://stat.gov.kg/media/publicationarchive/0f717d2d-5078-4e18-8b56-fb2a530462a2.pdf;https://www.unicef.org/kyrgyzstan/press-releases/first-time-kyrgyzstan-introduces-electronic-assessment-school-children;https://www.unesco.org/en/legal-affairs/recommendation-open-educational-resources-oer?hub=422;https://www.w3.org/TR/WCAG22/,KGZ_DUNGAN_2022: 2022 Dungan ethnic-category count; KGZ_CENSUS_2022: native-language tables; KGZ_ASSESSMENT_2025: Grade 4 assessment design; OER_UNESCO_2019: Definition I.1 and areas of action; WCAG_22: Conformance requirements and Success Criteria,"Ethnicity proxy, not language/script literacy. Assessment-language list cannot quantify Dungan learner need or participation.",,EVIDENCE_ONLY_CONTEXT,false,f58b4b781dec1e9db9dce4f4d5bd9da700ba69fbca75ba86b3e8ed9da689dc40,,,,,
regional:OCEANIA_CENTRAL_ASIA_EMPIRICAL_INPUTS:dv-Thaa-MV:249,OCEANIA_CENTRAL_ASIA_EMPIRICAL_INPUTS,dv-Thaa-MV,edition-target:lang:dv-Thaa-MV,REGIONAL_EMPIRICAL_STRATUM,nationality_population_ceiling,persons,,,382751,2022 Maldivian-nationality population retained only as a maximum possible Dhivehi exposure population.,2022,Maldives,Thaana script,MDV_CENSUS_POP_2022;MDV_CENSUS_ED_2022;MDV_POLICY_STUDY;OER_UNESCO_2019;WCAG_22,https://statisticsmaldives.gov.mv/mbs/wp-content/uploads/2023/03/Table-P1.pdf;https://census.gov.mv/2022/wp-content/uploads/2024/02/Education_Census-2022_Report.pdf;https://benjamins.com/catalog/jemi.22001.bos;https://www.unesco.org/en/legal-affairs/recommendation-open-educational-resources-oer?hub=422;https://www.w3.org/TR/WCAG22/,MDV_CENSUS_POP_2022: population by nationality; MDV_CENSUS_ED_2022: literacy by language and education; MDV_POLICY_STUDY: policy and tertiary-transition findings; OER_UNESCO_2019: Definition I.1 and areas of action; WCAG_22: Conformance requirements and Success Criteria,"Nationality ceiling, not speaker/reader count. Dhivehi literacy and English-medium exposure use different denominators and cannot be combined.",,ATTACHED_TO_EXISTING_EDITION,false,f89ce4db6570fef593818ccee483e6c07bb8fdef1fc18bf819d8d196e9698d9d,edition-target:lang:dv-Thaa-MV,,,edition-target:lang:dv-Thaa-MV,edition-target:lang:dv-Thaa-MV
regional:OCEANIA_CENTRAL_ASIA_EMPIRICAL_INPUTS:fj-Latn-FJ:225,OCEANIA_CENTRAL_ASIA_EMPIRICAL_INPUTS,fj-Latn-FJ,edition-target:lang:fj-Latn-FJ,REGIONAL_EMPIRICAL_STRATUM,territorial_exposure_ceiling,persons,,,884887,2017 resident population retained only as the maximum possible exposure to iTaukei Fijian; no compatible current speaker count was verified.,2017,Fiji,Latin orthography; spoken and written,FJI_CENSUS_2017;FJI_POLICY_STUDY_2026;OER_UNESCO_2019;WCAG_22,https://www.statsfiji.gov.fj/census-surveys/census-of-population-and-housing/;https://doi.org/10.1080/14790718.2026.2646700;https://www.unesco.org/en/legal-affairs/recommendation-open-educational-resources-oer?hub=422;https://www.w3.org/TR/WCAG22/,FJI_CENSUS_2017: 2017 total population; FJI_POLICY_STUDY_2026: findings on policy–practice gaps; OER_UNESCO_2019: Definition I.1 and areas of action; WCAG_22: Conformance requirements and Success Criteria,"Territorial ceiling only. iTaukei Fijian must not be collapsed into the other Fiji language row, English, Standard Hindi, or an ethnicity proxy.",,ATTACHED_TO_EXISTING_EDITION,false,7c668e909b09a1c9ceaa8df9bb638bccb83baa7a19a453893283e977f63b939d,edition-target:lang:fj-Latn-FJ,,,edition-target:lang:fj-Latn-FJ,edition-target:lang:fj-Latn-FJ
regional:OCEANIA_CENTRAL_ASIA_EMPIRICAL_INPUTS:glk-Arab-IR:291,OCEANIA_CENTRAL_ASIA_EMPIRICAL_INPUTS,glk-Arab-IR,,REGIONAL_EMPIRICAL_STRATUM,peer_reviewed_secondary_estimate_range,persons,3000000,,4000000,"PARME Table A.1 population estimate for Gilaki; endpoints are published rounded estimates, not a confidence interval.",2025,"Iran, chiefly Gilan",Perso-Arabic Gilaki writing; regional orthographies separately tagged,PARME_ACL_2025;IRN_CONSTITUTION;IRN_ITU_2021;OER_UNESCO_2019;WCAG_22,https://aclanthology.org/2025.acl-long.1451.pdf;https://nezamat.ir/%D9%82%D8%A7%D9%86%D9%88%D9%86-%D8%A7%D8%B3%D8%A7%D8%B3%DB%8C-%D8%AC%D9%85%D9%87%D9%88%D8%B1%DB%8C-%D8%A7%D8%B3%D9%84%D8%A7%D9%85%DB%8C-%D8%A7%DB%8C%D8%B1%D8%A7%D9%86/;https://datahub.itu.int/data/?Affordability=Functional+separation&Connectivity=Access&Governance=Regulatory+mandates&Markets=Emerging+technologies+regulation&Sustainability=e-Applications&Trust=ICT+Accessibility+for+people+with+disabilities&e=IRN;https://www.unesco.org/en/legal-affairs/recommendation-open-educational-resources-oer?hub=422;https://www.w3.org/TR/WCAG22/,PARME_ACL_2025: Table A.1 and Appendix A; IRN_CONSTITUTION: Article 15; IRN_ITU_2021: household internet and internet-use indicators by urban/rural residence; OER_UNESCO_2019: Definition I.1 and areas of action; WCAG_22: Conformance requirements and Success Criteria,"Rounded secondary estimate range, not census or script readers. Internal varieties/orthographies and multilingual populations overlap; no midpoint is manufactured.",,EVIDENCE_ONLY_CONTEXT,false,8c03b31864db16cfb7ea31eaafef097a39932b6e13ce0851e0e83d9b00599c3a,,,,,
regional:OCEANIA_CENTRAL_ASIA_EMPIRICAL_INPUTS:hac-Arab-IR:294,OCEANIA_CENTRAL_ASIA_EMPIRICAL_INPUTS,hac-Arab-IR,,REGIONAL_EMPIRICAL_STRATUM,unrankable_no_territory_allocable_count,persons,,,,No compatible Iran-only person range for Hawrami in Iran was verified.,2025,Iranian component of the Iran–Iraq Hawraman area,Perso-Arabic Hawrami orthographies,PARME_ACL_2025;IRN_CONSTITUTION;IRN_ITU_2021;OER_UNESCO_2019;WCAG_22,https://aclanthology.org/2025.acl-long.1451.pdf;https://nezamat.ir/%D9%82%D8%A7%D9%86%D9%88%D9%86-%D8%A7%D8%B3%D8%A7%D8%B3%DB%8C-%D8%AC%D9%85%D9%87%D9%88%D8%B1%DB%8C-%D8%A7%D8%B3%D9%84%D8%A7%D9%85%DB%8C-%D8%A7%DB%8C%D8%B1%D8%A7%D9%86/;https://datahub.itu.int/data/?Affordability=Functional+separation&Connectivity=Access&Governance=Regulatory+mandates&Markets=Emerging+technologies+regulation&Sustainability=e-Applications&Trust=ICT+Accessibility+for+people+with+disabilities&e=IRN;https://www.unesco.org/en/legal-affairs/recommendation-open-educational-resources-oer?hub=422;https://www.w3.org/TR/WCAG22/,PARME_ACL_2025: Table A.1 and Appendix A; IRN_CONSTITUTION: Article 15; IRN_ITU_2021: household internet and internet-use indicators by urban/rural residence; OER_UNESCO_2019: Definition I.1 and areas of action; WCAG_22: Conformance requirements and Success Criteria,"Explicit unrankable Iran-only population. Transboundary range is secondary context only and cannot be allocated by territory, subvariety or script.",,EVIDENCE_ONLY_CONTEXT,false,240c9db22bc36e3a5c61540c6a213f5b03a1e1ac6369b67e70b495759f8a8165,,,,,
regional:OCEANIA_CENTRAL_ASIA_EMPIRICAL_INPUTS:haw-Latn-US-HI:236,OCEANIA_CENTRAL_ASIA_EMPIRICAL_INPUTS,haw-Latn-US-HI,edition-target:regional:haw-Latn-US-HI,REGIONAL_EMPIRICAL_STRATUM,survey_estimate_language_spoken_at_home_age5plus,persons,25490,25490,25490,"2018 ACS-derived estimate of people age 5+ speaking Hawaiian at home, as published in the State Data Book.",2018,"United States, Hawaiʻi",Hawaiian Latin orthography including ʻokina and kahakō,HWI_DATABOOK_2018;HWI_KAIAPUNI_2025;HWI_WORKFORCE_2025;OER_UNESCO_2019;WCAG_22,https://files.hawaii.gov/dbedt/economic/databook/db2018/section01.pdf;https://hawaiipublicschools.org/academics/hawaiian-education/mo%CA%BBaukala-o-ka-papahana-kaiapuni/;https://www.hawaii.edu/govrel/docs/reports/2025/act141-slh2022_2025_expanded-teaching-cohort_report_508.pdf;https://www.unesco.org/en/legal-affairs/recommendation-open-educational-resources-oer?hub=422;https://www.w3.org/TR/WCAG22/,HWI_DATABOOK_2018: ACS language table; HWI_KAIAPUNI_2025: 2024–25 enrolment; HWI_WORKFORCE_2025: teacher pipeline and workforce findings; OER_UNESCO_2019: Definition I.1 and areas of action; WCAG_22: Conformance requirements and Success Criteria,Survey estimate without reproduced margin of error; age 5+ home use. Immersion enrolment is nested/non-equivalent and nonadditive.,,NEW_EDITION_EVIDENCE,false,9327b9fed3da04c8a915891aef8c5c21588763fbb02685290450d611842370b9,edition-target:regional:haw-Latn-US-HI,,haw-Latn-US-HI,edition-target:regional:haw-Latn-US-HI,edition-target:regional:haw-Latn-US-HI
regional:OCEANIA_CENTRAL_ASIA_EMPIRICAL_INPUTS:hif-Latn-FJ:226,OCEANIA_CENTRAL_ASIA_EMPIRICAL_INPUTS,hif-Latn-FJ,edition-target:lang:hif-Latn-FJ,REGIONAL_EMPIRICAL_STRATUM,territorial_exposure_ceiling,persons,,,884887,2017 resident population retained only as the maximum possible exposure to Fiji Hindi; no compatible current speaker count was verified.,2017,Fiji,Latin orthography; spoken and written,FJI_CENSUS_2017;FJI_HINDI_STUDY;OER_UNESCO_2019;WCAG_22,https://www.statsfiji.gov.fj/census-surveys/census-of-population-and-housing/;https://eric.ed.gov/?id=EJ1328357;https://www.unesco.org/en/legal-affairs/recommendation-open-educational-resources-oer?hub=422;https://www.w3.org/TR/WCAG22/,FJI_CENSUS_2017: 2017 total population; FJI_HINDI_STUDY: abstract and findings; OER_UNESCO_2019: Definition I.1 and areas of action; WCAG_22: Conformance requirements and Success Criteria,"Territorial ceiling only. Fiji Hindi must not be collapsed into the other Fiji language row, English, Standard Hindi, or an ethnicity proxy.",,ATTACHED_TO_EXISTING_EDITION,false,c3c3158e1f857bd9a8ae44632d292db4b5d21e8be83c98605a1a2825bc3bd289,edition-target:lang:hif-Latn-FJ,,,edition-target:lang:hif-Latn-FJ,edition-target:lang:hif-Latn-FJ
regional:OCEANIA_CENTRAL_ASIA_EMPIRICAL_INPUTS:hy-Armn-AM:282,OCEANIA_CENTRAL_ASIA_EMPIRICAL_INPUTS,hy-Armn-AM,,REGIONAL_EMPIRICAL_STRATUM,census_mother_tongue,persons,2840631,2840631,2840631,"2022 census count reporting Armenian as mother tongue, as reproduced by the Council of Europe.",2022,Armenia,Armenian script; reformed orthography dominant in Armenia,ARM_COE_2025;OER_UNESCO_2019;WCAG_22,https://rm.coe.int/armeniapr6-en/1680af6e84;https://www.unesco.org/en/legal-affairs/recommendation-open-educational-resources-oer?hub=422;https://www.w3.org/TR/WCAG22/,ARM_COE_2025: Tables 1–3 and education chapters; OER_UNESCO_2019: Definition I.1 and areas of action; WCAG_22: Conformance requirements and Success Criteria,Mother-tongue count maps imperfectly to Eastern Armenian and reformed orthography; Western Armenian and diaspora standards must remain separate.,,EVIDENCE_ONLY_CONTEXT,false,8da7a7465b48cd91dfbdfe43ab04c6b365805442611c141d2cda38281ee9adfa,,,,,
regional:OCEANIA_CENTRAL_ASIA_EMPIRICAL_INPUTS:hy-Armn-GE:284,OCEANIA_CENTRAL_ASIA_EMPIRICAL_INPUTS,hy-Armn-GE,,REGIONAL_EMPIRICAL_STRATUM,census_mother_tongue,persons,139438,139438,139438,2024 census count reporting Armenian as mother tongue.,2024,Georgia excluding occupied territories per census scope,Armenian script,GEO_CENSUS_2024;GEO_OECD_ED;GEO_UNICEF_SITAN_2025;OER_UNESCO_2019;WCAG_22,https://www.geostat.ge/media/80541/Main-Results-of-the-2024-Population-and-Agricultural-Census.pdf;https://www.oecd.org/en/publications/oecd-reviews-of-evaluation-and-assessment-in-education-georgia_94dc370e-en/full-report/the-education-system-in-georgia_d22c5e97.html;https://www.unicef.org/georgia/media/9886/file/UNICEF_CHILDREN%20AND%20ADOLESCENT%20RIGHTS%20IN%20GEORGIA_2025-ENG.pdf.pdf;https://www.unesco.org/en/legal-affairs/recommendation-open-educational-resources-oer?hub=422;https://www.w3.org/TR/WCAG22/,"GEO_CENSUS_2024: p. 15, mother tongue; GEO_OECD_ED: minority-language and tertiary-access sections; GEO_UNICEF_SITAN_2025: education and minority sections; OER_UNESCO_2019: Definition I.1 and areas of action; WCAG_22: Conformance requirements and Success Criteria",Exact mother-tongue count. OECD ethnicity/proficiency findings use different years and denominators and cannot be converted into a count or assumed for every speaker.,,EVIDENCE_ONLY_CONTEXT,false,a0d15eca5cf9c07a34284bd51d1daa60f80c52914dd2d185a684e477439a04d1,,,,,
regional:OCEANIA_CENTRAL_ASIA_EMPIRICAL_INPUTS:jra-Latn-VN:258,OCEANIA_CENTRAL_ASIA_EMPIRICAL_INPUTS,jra-Latn-VN,edition-target:lang:jra-Latn-VN,REGIONAL_EMPIRICAL_STRATUM,census_ethnic_category_proxy,persons,513930,513930,513930,"2019 census count for the Gia Rai ethnic category, retained explicitly as a proxy for the named language community.",2019,Viet Nam,official/educational Latin orthography for the named variety,VNM_CENSUS_2019;VNM_UNICEF_MTBBE;VNM_WB_MINORITY_ED;VNM_UNICEF_MINORITY_2025;OER_UNESCO_2019;WCAG_22,https://www.nso.gov.vn/wp-content/uploads/2019/12/Ket-qua-toan-bo-Tong-dieu-tra-dan-so-va-nha-o-2019.pdf;https://www.unicef.org/vietnam/bringing-mother-tongues-classroom;https://documents1.worldbank.org/curated/en/331741468124474580/pdf/499760ESW0Whit1C10VietnamSummary1LR.pdf;https://www.unicef.org/vietnam/documents/disparities-and-multidimensional-child-poverty-among-ethnic-minority-populations-viet-nam;https://www.unesco.org/en/legal-affairs/recommendation-open-educational-resources-oer?hub=422;https://www.w3.org/TR/WCAG22/,"VNM_CENSUS_2019: population by ethnic group table; VNM_UNICEF_MTBBE: Mông, J’rai and Khmer pilot and scale-up sections; VNM_WB_MINORITY_ED: pp. 24–27; VNM_UNICEF_MINORITY_2025: highlights and full report; OER_UNESCO_2019: Definition I.1 and areas of action; WCAG_22: Conformance requirements and Success Criteria","Ethnicity proxy, not a speaker/reader count. Do not collapse J’rai with the census macro category beyond the named mapping, Vietnamese, or neighboring varieties; pilot participation is a nested nonadditive cohort.",,ATTACHED_TO_EXISTING_EDITION,false,2dc5368627d07a3e20cc35020f0e05c68a5891d73010a0708d2dab52378b2b3c,edition-target:lang:jra-Latn-VN,,,edition-target:lang:jra-Latn-VN,edition-target:lang:jra-Latn-VN
regional:OCEANIA_CENTRAL_ASIA_EMPIRICAL_INPUTS:ka-Geor-GE:281,OCEANIA_CENTRAL_ASIA_EMPIRICAL_INPUTS,ka-Geor-GE,,REGIONAL_EMPIRICAL_STRATUM,census_mother_tongue,persons,3343987,3343987,3343987,2024 census main-results count reporting Georgian as mother tongue.,2024,Georgia excluding occupied territories per census scope,Mkhedruli Georgian script,GEO_CENSUS_2024;GEO_UNICEF_SITAN_2025;OER_UNESCO_2019;WCAG_22,https://www.geostat.ge/media/80541/Main-Results-of-the-2024-Population-and-Agricultural-Census.pdf;https://www.unicef.org/georgia/media/9886/file/UNICEF_CHILDREN%20AND%20ADOLESCENT%20RIGHTS%20IN%20GEORGIA_2025-ENG.pdf.pdf;https://www.unesco.org/en/legal-affairs/recommendation-open-educational-resources-oer?hub=422;https://www.w3.org/TR/WCAG22/,"GEO_CENSUS_2024: p. 15, mother tongue; GEO_UNICEF_SITAN_2025: education and minority sections; OER_UNESCO_2019: Definition I.1 and areas of action; WCAG_22: Conformance requirements and Success Criteria",Exact mother-tongue census count under stated geographic scope; not literacy. National learning context cannot create a Georgian-specific need count.,,EVIDENCE_ONLY_CONTEXT,false,dde51b2635d99c80ba17123dcfffea6e517c30702ea06d0e853f2cda3f931156,,,,,
regional:OCEANIA_CENTRAL_ASIA_EMPIRICAL_INPUTS:kaa-Latn-UZ:273,OCEANIA_CENTRAL_ASIA_EMPIRICAL_INPUTS,kaa-Latn-UZ,,REGIONAL_EMPIRICAL_STRATUM,derived_preliminary_census_ethnicity_proxy,persons,839518,859041,878564,"Karakalpak ethnic category: 2.2% of preliminary 2026 census total 39,047,321; endpoints preserve one-decimal percentage rounding.",2026,"Uzbekistan, chiefly Karakalpakstan",Karakalpak Latin alphabet; Cyrillic legacy arm separately tagged,UZB_CENSUS_PRELIM_2026;UZB_UNICEF_SITAN;OER_UNESCO_2019;WCAG_22,https://stat.uz/en/press-center/news-of-committee/68979-a-oli-va-ishlo-kh-zhaligini-r-jkhatga-olish-tadbirining-dastlabki-natizhalariga-ba-ishlangan-konferentsiya-tkazildi-4;https://www.unicef.org/uzbekistan/en/media/6731/file/SitAnen.pdf.pdf;https://www.unesco.org/en/legal-affairs/recommendation-open-educational-resources-oer?hub=422;https://www.w3.org/TR/WCAG22/,UZB_CENSUS_PRELIM_2026: native-language and ethnicity preliminary results; UZB_UNICEF_SITAN: education-language and attendance sections; OER_UNESCO_2019: Definition I.1 and areas of action; WCAG_22: Conformance requirements and Success Criteria,Derived preliminary ethnicity-proxy interval. Do not equate ethnicity with language/script literacy or add Latin/Cyrillic access arms.,,EVIDENCE_ONLY_CONTEXT,false,1dc12707a0ca5f147f406600cd18c71563d767b6db09730668a204ccc2bc7227,,,,,
regional:OCEANIA_CENTRAL_ASIA_EMPIRICAL_INPUTS:khm-Khmr-VN:260,OCEANIA_CENTRAL_ASIA_EMPIRICAL_INPUTS,khm-Khmr-VN,,REGIONAL_EMPIRICAL_STRATUM,census_ethnic_category_proxy,persons,1319652,1319652,1319652,"2019 census count for the Khmer ethnic category, retained explicitly as a proxy for the named language community.",2019,Viet Nam,Khmer script; Vietnamese Latin transcription separately tagged,VNM_CENSUS_2019;VNM_UNICEF_MTBBE;VNM_WB_MINORITY_ED;VNM_UNICEF_MINORITY_2025;OER_UNESCO_2019;WCAG_22,https://www.nso.gov.vn/wp-content/uploads/2019/12/Ket-qua-toan-bo-Tong-dieu-tra-dan-so-va-nha-o-2019.pdf;https://www.unicef.org/vietnam/bringing-mother-tongues-classroom;https://documents1.worldbank.org/curated/en/331741468124474580/pdf/499760ESW0Whit1C10VietnamSummary1LR.pdf;https://www.unicef.org/vietnam/documents/disparities-and-multidimensional-child-poverty-among-ethnic-minority-populations-viet-nam;https://www.unesco.org/en/legal-affairs/recommendation-open-educational-resources-oer?hub=422;https://www.w3.org/TR/WCAG22/,"VNM_CENSUS_2019: population by ethnic group table; VNM_UNICEF_MTBBE: Mông, J’rai and Khmer pilot and scale-up sections; VNM_WB_MINORITY_ED: pp. 24–27; VNM_UNICEF_MINORITY_2025: highlights and full report; OER_UNESCO_2019: Definition I.1 and areas of action; WCAG_22: Conformance requirements and Success Criteria","Ethnicity proxy, not a speaker/reader count. Do not collapse Khmer Krom with the census macro category beyond the named mapping, Vietnamese, or neighboring varieties; pilot participation is a nested nonadditive cohort.",,EVIDENCE_ONLY_CONTEXT,false,bfe5e724068f7dfb39ff70f7ba38b36d4a7f88e750f92e6501ffdd032a4ff154,,,,,
regional:OCEANIA_CENTRAL_ASIA_EMPIRICAL_INPUTS:kjg-Latn-LA:255,OCEANIA_CENTRAL_ASIA_EMPIRICAL_INPUTS,kjg-Latn-LA,edition-target:lang:kjg-Latn-LA,REGIONAL_EMPIRICAL_STRATUM,census_ethnic_category_proxy,persons,708412,708412,708412,"2015 census Khmu ethnic-category count; retained explicitly as an ethnicity proxy, not a language speaker count.",2015,Lao PDR,Latin orthography where used; Lao-script practices separately tagged,LAO_CENSUS_2015;OER_UNESCO_2019;WCAG_22,https://data.opendevelopmentmekong.net/dataset/4a2c03e0-2402-4691-b2fd-56277fc95c31/resource/0be5dd3f-8f9e-4bfe-9f75-bbddc5284146/download/phc-eng-fnal-web.pdf;https://www.unesco.org/en/legal-affairs/recommendation-open-educational-resources-oer?hub=422;https://www.w3.org/TR/WCAG22/,LAO_CENSUS_2015: ethnic-group tables and summary; OER_UNESCO_2019: Definition I.1 and areas of action; WCAG_22: Conformance requirements and Success Criteria,"Ethnicity proxy. Do not equate it with Khmu L1, literacy or a single orthography; intragroup variety and multilingualism remain unmeasured.",,ATTACHED_TO_EXISTING_EDITION,false,1bb719abbd8b6f72bc7f2be84b39e3ff7f5d618ed7d0dcb268a74b1377ac529e,edition-target:lang:kjg-Latn-LA,,,edition-target:lang:kjg-Latn-LA,edition-target:lang:kjg-Latn-LA
regional:OCEANIA_CENTRAL_ASIA_EMPIRICAL_INPUTS:kk-Cyrl-KZ:270,OCEANIA_CENTRAL_ASIA_EMPIRICAL_INPUTS,kk-Cyrl-KZ,edition-target:lang:kk-Cyrl-KZ,REGIONAL_EMPIRICAL_STRATUM,census_self_report_fluent_speaking_age5plus,persons,12670407,12670407,12670407,2021 census count age 5+ reporting fluent spoken Kazakh.,2021,Kazakhstan,Kazakh Cyrillic; Latin transition materials separately tagged,KAZ_CENSUS_2021;KAZ_UNICEF_SITAN;KAZ_UNICEF_AT;KAZ_UNICEF_CONNECT;OER_UNESCO_2019;WCAG_22,https://stat.gov.kz/upload/medialibrary/cee/3rsfg8ps3xo19orb284esg4rx27ihqf7/%D0%9D%D0%B0%D1%86%D0%B8%D0%BE%D0%BD%D0%B0%D0%BB%D1%8C%D0%BD%D1%8B%D0%B9%20%D1%81%D0%BE%D1%81%D1%82%D0%B0%D0%B2.pdf;https://www.unicef.org/kazakhstan/media/4611/file/Situation%20Analysis-2019.pdf;https://www.unicef.org/kazakhstan/en/media/15801/file/Analytical_Mission_Report_Kazakhstan_2025.pdf.pdf;https://www.unicef.org/kazakhstan/en/reports/market-assessment-satellite-based-solutions-connect-remote-rural-primary-secondary-schools;https://www.unesco.org/en/legal-affairs/recommendation-open-educational-resources-oer?hub=422;https://www.w3.org/TR/WCAG22/,KAZ_CENSUS_2021: Table 8; KAZ_UNICEF_SITAN: education equity and language sections; KAZ_UNICEF_AT: Kazakh/Russian language technology gap; KAZ_UNICEF_CONNECT: connectivity baseline; OER_UNESCO_2019: Definition I.1 and areas of action; WCAG_22: Conformance requirements and Success Criteria,"Exact self-reported fluent-speaking count, not L1 or literacy. Although Cyrillic dominates the 2021 context, the census did not cross-tab skill by script; read/write counts cannot serve as bounds.",,ATTACHED_TO_EXISTING_EDITION,false,6c832948e8a265c216a83959cec50391abb5222d4aa454de88eb73975d5e22b6,edition-target:lang:kk-Cyrl-KZ,,,edition-target:lang:kk-Cyrl-KZ,edition-target:lang:kk-Cyrl-KZ
regional:OCEANIA_CENTRAL_ASIA_EMPIRICAL_INPUTS:kk-Cyrl-MN:279,OCEANIA_CENTRAL_ASIA_EMPIRICAL_INPUTS,kk-Cyrl-MN,,REGIONAL_EMPIRICAL_STRATUM,census_ethnicity_proxy,persons,119045,119045,119045,"2020 census-derived count of ethnic Kazakhs in Mongolia, retained as an ethnicity proxy.",2020,"Mongolia, chiefly Bayan-Ölgii",Kazakh Cyrillic used in Mongolia,MNG_KAZAKH_COUNT;MNG_UNICEF_MICS_ED;MNG_UNICEF_ED;OER_UNESCO_2019;WCAG_22,https://files.worldwildlife.org/wwfcmsprod/files/Publication/file/5ec0ja0d71_ESMF_PF_Combined_19_Oct_2020_Final_Clean.pdf;https://data.unicef.org/wp-content/uploads/2021/11/MICS-EAGLE_Education_Fact-sheets_2020_Mongolia.pdf;https://www.unicef.org/mongolia/education;https://www.unesco.org/en/legal-affairs/recommendation-open-educational-resources-oer?hub=422;https://www.w3.org/TR/WCAG22/,"MNG_KAZAKH_COUNT: Table 1; MNG_UNICEF_MICS_ED: language and equity findings; MNG_UNICEF_ED: access, completion and digital-equipment sections; OER_UNESCO_2019: Definition I.1 and areas of action; WCAG_22: Conformance requirements and Success Criteria","Ethnicity proxy, not speaker/reader count. Do not transfer Kazakhstan counts/resources or assume identical standards/coverage.",,EVIDENCE_ONLY_CONTEXT,false,efb271d8a977df925eb238723499b69a1b3500ee7eb6d2eb09c5b8eb0c641e54,,,,,
regional:OCEANIA_CENTRAL_ASIA_EMPIRICAL_INPUTS:kmr-Latn-001:298,OCEANIA_CENTRAL_ASIA_EMPIRICAL_INPUTS,kmr-Latn-001,,REGIONAL_EMPIRICAL_STRATUM,peer_reviewed_transnational_estimate_range,persons,15000000,,20000000,Peer-reviewed Journal of Peace Research estimate of 15–20 million Kurmanji speakers; no midpoint is manufactured.,2025,"Türkiye, Syria, Iraq, Iran and diaspora; Latin Hawar access arm",Latin Hawar orthography; Cyrillic and Perso-Arabic arms separately tagged,KMR_POP_JPR;KURD_TURKEY_ED;KURD_TEXTBOOK_CORPUS;KURD_NLP_2016;OER_UNESCO_2019;WCAG_22,https://academic.oup.com/jpr/article/62/4/1128/8324575;https://dergipark.org.tr/en/pub/mulkiye/article/1068017;https://arxiv.org/abs/1909.11467;https://aclanthology.org/W16-4812.pdf;https://www.unesco.org/en/legal-affairs/recommendation-open-educational-resources-oer?hub=422;https://www.w3.org/TR/WCAG22/,"KMR_POP_JPR: Research design, speaker-population comparison; KURD_TURKEY_ED: sample, findings and limitations; KURD_TEXTBOOK_CORPUS: corpus composition; KURD_NLP_2016: introduction and variety/population discussion; OER_UNESCO_2019: Definition I.1 and areas of action; WCAG_22: Conformance requirements and Success Criteria",Rounded transnational speaker range with no base point and no script-reader count. Türkiye education evidence cannot be generalized to all territories; other Kurdish varieties are separate.,,EVIDENCE_ONLY_CONTEXT,false,27cc8989029c6337b7e109b4e3e63113840b29910acbed81a2a09118cdcb59bf,,,,,
regional:OCEANIA_CENTRAL_ASIA_EMPIRICAL_INPUTS:ksw-Mymr-MM:252,OCEANIA_CENTRAL_ASIA_EMPIRICAL_INPUTS,ksw-Mymr-MM,edition-target:lang:ksw-Mymr-MM,REGIONAL_EMPIRICAL_STRATUM,unrankable_no_compatible_variety_count,persons,,,,No authoritative compatible person count for the exact S’gaw Karen variety/script stratum was verified.,,Myanmar,S’gaw Karen script (Myanmar-derived),MMR_UNICEF_LESC;MMR_WB_SOCIAL_2020;OER_UNESCO_2019;WCAG_22,"https://www.unicef.org/myanmar/sites/unicef.org.myanmar/files/2019-05/Myanmar%20Country%20Report_Language,%20Education%20and%20Social%20Cohesion%20(LESE)%20Initiative.pdf;https://www.moe.gov.mm/sites/default/files/WB_Social_Assessment_Report_2020.pdf;https://www.unesco.org/en/legal-affairs/recommendation-open-educational-resources-oer?hub=422;https://www.w3.org/TR/WCAG22/","MMR_UNICEF_LESC: pp. 17–18 and 92–113; MMR_WB_SOCIAL_2020: ethnicity, language, conflict and access sections; OER_UNESCO_2019: Definition I.1 and areas of action; WCAG_22: Conformance requirements and Success Criteria","Explicit unrankable population gap. Do not assign the Karen/Kayin macro cluster total, infer mutual intelligibility, or transfer Myanmar-language resources to S’gaw Karen.",,ATTACHED_TO_EXISTING_EDITION,false,5fcf4acc7da91b30cfdc68a3dce3e018339e8aa790174652e76f66f88e965303,edition-target:lang:ksw-Mymr-MM,,,edition-target:lang:ksw-Mymr-MM,edition-target:lang:ksw-Mymr-MM
regional:OCEANIA_CENTRAL_ASIA_EMPIRICAL_INPUTS:ku-Latn-AM-YEZ:285,OCEANIA_CENTRAL_ASIA_EMPIRICAL_INPUTS,ku-Latn-AM-YEZ,,REGIONAL_EMPIRICAL_STRATUM,census_mother_tongue,persons,25430,25430,25430,"2022 census mother-tongue count for the Yezidi category, as reproduced by the Council of Europe.",2022,Armenia,Yezidi Latin/Cyrillic educational practices as locally specified; no external Kurmanji standard substitution,ARM_COE_2025;OER_UNESCO_2019;WCAG_22,https://rm.coe.int/armeniapr6-en/1680af6e84;https://www.unesco.org/en/legal-affairs/recommendation-open-educational-resources-oer?hub=422;https://www.w3.org/TR/WCAG22/,ARM_COE_2025: Tables 1–3 and education chapters; OER_UNESCO_2019: Definition I.1 and areas of action; WCAG_22: Conformance requirements and Success Criteria,"Exact census mother-tongue category, not script readers. The operational label acknowledges a Kurmanji continuum but does not collapse it into transnational Kurmanji or assume mutual resource reach.",,EVIDENCE_ONLY_CONTEXT,false,9ff0f44d400df1aa80eef0c2c6a3f174a89cdb8e8aaf33711ee3f32bf1b66740,,,,,
regional:OCEANIA_CENTRAL_ASIA_EMPIRICAL_INPUTS:ky-Cyrl-KG:271,OCEANIA_CENTRAL_ASIA_EMPIRICAL_INPUTS,ky-Cyrl-KG,edition-target:lang:ky-Cyrl-KG,REGIONAL_EMPIRICAL_STRATUM,census_native_language,persons,5360056,5360056,5360056,2022 census count reporting Kyrgyz as native language.,2022,Kyrgyzstan,Kyrgyz Cyrillic,KGZ_CENSUS_2022;KGZ_ASSESSMENT_2025;OER_UNESCO_2019;WCAG_22,https://stat.gov.kg/media/publicationarchive/0f717d2d-5078-4e18-8b56-fb2a530462a2.pdf;https://www.unicef.org/kyrgyzstan/press-releases/first-time-kyrgyzstan-introduces-electronic-assessment-school-children;https://www.unesco.org/en/legal-affairs/recommendation-open-educational-resources-oer?hub=422;https://www.w3.org/TR/WCAG22/,KGZ_CENSUS_2022: native-language tables; KGZ_ASSESSMENT_2025: Grade 4 assessment design; OER_UNESCO_2019: Definition I.1 and areas of action; WCAG_22: Conformance requirements and Success Criteria,Exact native-language self-report; not literacy or Cyrillic-reading count. Ethnicity and native-language totals are non-equivalent.,,ATTACHED_TO_EXISTING_EDITION,false,4d76eae156f3c693001cda01eda549843b53897407ad334250ad713163030cd9,edition-target:lang:ky-Cyrl-KG,,,edition-target:lang:ky-Cyrl-KG,edition-target:lang:ky-Cyrl-KG
regional:OCEANIA_CENTRAL_ASIA_EMPIRICAL_INPUTS:lez-Cyrl-AZ:287,OCEANIA_CENTRAL_ASIA_EMPIRICAL_INPUTS,lez-Cyrl-AZ,,REGIONAL_EMPIRICAL_STRATUM,census_ethnicity_proxy,persons,167570,167570,167570,"2019 census Lezgin ethnic-category count, retained explicitly as a proxy.",2019,Azerbaijan,Lezgin Cyrillic,AZE_YEARBOOK_2024;AZE_COE_2024;AZE_WB_LP_2024;OER_UNESCO_2019;WCAG_22,https://www.stat.gov.az/menu/6/statistical_yearbooks/source/stat-yearbook_2024.pdf;https://rm.coe.int/5th-op-azerbaijan-en/1680b267a1;https://documents1.worldbank.org/curated/en/099090524095540091/pdf/P17920914d547808f19c6911e867c418233.pdf;https://www.unesco.org/en/legal-affairs/recommendation-open-educational-resources-oer?hub=422;https://www.w3.org/TR/WCAG22/,AZE_YEARBOOK_2024: Table 2.7; AZE_COE_2024: minority-language education findings; AZE_WB_LP_2024: p. 1; OER_UNESCO_2019: Definition I.1 and areas of action; WCAG_22: Conformance requirements and Success Criteria,"Ethnicity proxy, not language/script literacy. Do not infer Lezgin resource reach from Azerbaijani or Russian exposure.",,EVIDENCE_ONLY_CONTEXT,false,7565f3cc3f3fa42c7dd9b0c85e7373e05c1fefebf313177d34798b92da8c2d94,,,,,
regional:OCEANIA_CENTRAL_ASIA_EMPIRICAL_INPUTS:lki-Arab-IR:295,OCEANIA_CENTRAL_ASIA_EMPIRICAL_INPUTS,lki-Arab-IR,,REGIONAL_EMPIRICAL_STRATUM,unrankable_no_territory_allocable_count,persons,,,,No compatible Iran-only person range for Laki in Iran was verified.,2025,Iranian component of the Iran–Iraq speech area,Perso-Arabic Laki orthographies,PARME_ACL_2025;IRN_CONSTITUTION;IRN_ITU_2021;OER_UNESCO_2019;WCAG_22,https://aclanthology.org/2025.acl-long.1451.pdf;https://nezamat.ir/%D9%82%D8%A7%D9%86%D9%88%D9%86-%D8%A7%D8%B3%D8%A7%D8%B3%DB%8C-%D8%AC%D9%85%D9%87%D9%88%D8%B1%DB%8C-%D8%A7%D8%B3%D9%84%D8%A7%D9%85%DB%8C-%D8%A7%DB%8C%D8%B1%D8%A7%D9%86/;https://datahub.itu.int/data/?Affordability=Functional+separation&Connectivity=Access&Governance=Regulatory+mandates&Markets=Emerging+technologies+regulation&Sustainability=e-Applications&Trust=ICT+Accessibility+for+people+with+disabilities&e=IRN;https://www.unesco.org/en/legal-affairs/recommendation-open-educational-resources-oer?hub=422;https://www.w3.org/TR/WCAG22/,PARME_ACL_2025: Table A.1 and Appendix A; IRN_CONSTITUTION: Article 15; IRN_ITU_2021: household internet and internet-use indicators by urban/rural residence; OER_UNESCO_2019: Definition I.1 and areas of action; WCAG_22: Conformance requirements and Success Criteria,"Explicit unrankable Iran-only population. Transboundary range is secondary context only and cannot be allocated by territory, subvariety or script.",,EVIDENCE_ONLY_CONTEXT,false,0b793529c5d914728e4f6ff256b68e34eeb06d94dc4279e4b7b2d06db9fdffd1,,,,,
regional:OCEANIA_CENTRAL_ASIA_EMPIRICAL_INPUTS:mah-Latn-MH:232,OCEANIA_CENTRAL_ASIA_EMPIRICAL_INPUTS,mah-Latn-MH,edition-target:regional:mah-Latn-MH,REGIONAL_EMPIRICAL_STRATUM,derived_census_reported_speaking_age5plus,persons,35318,35336,35354,"People age 5+ reported as speaking Marshallese: 96.0% of the census denominator 36,808; endpoints reflect one-decimal percentage rounding only.",2021,Marshall Islands,Marshallese Latin orthography,MHL_CENSUS_2021;MHL_LANGUAGE_POLICY;OER_UNESCO_2019;WCAG_22,https://prdrse4all.spc.int/sites/default/files/marshall_islands_census_report_2021.pdf;https://pacificdata.org/data/dataset/730a29ad-4063-445b-85d7-7587c77bf2f9/resource/9ee47dbb-54ea-45ea-b844-e683b37a3576/download/language-education-policy-2015.pdf;https://www.unesco.org/en/legal-affairs/recommendation-open-educational-resources-oer?hub=422;https://www.w3.org/TR/WCAG22/,MHL_CENSUS_2021: language table age 5+; MHL_LANGUAGE_POLICY: language progression and materials; OER_UNESCO_2019: Definition I.1 and areas of action; WCAG_22: Conformance requirements and Success Criteria,Derived rounded-rate interval; age 5+ reported speaking can include L1/L2 and cannot be added to English-speaking counts.,,NEW_EDITION_EVIDENCE,false,d57b3d0d8a6ee8908d6363abfa2653135eec74433e284075c7dad75ac61bd2ef,edition-target:regional:mah-Latn-MH,,mah-Latn-MH,edition-target:regional:mah-Latn-MH,edition-target:regional:mah-Latn-MH
regional:OCEANIA_CENTRAL_ASIA_EMPIRICAL_INPUTS:mfa-Thai-TH:254,OCEANIA_CENTRAL_ASIA_EMPIRICAL_INPUTS,mfa-Thai-TH,,REGIONAL_EMPIRICAL_STRATUM,peer_reviewed_rounded_minimum_speakers,persons,1000000,1000000,,Peer-reviewed article states Patani Malay is spoken by more than one million people in the four southern border areas; only the documented lower threshold is retained.,2022,"Thailand, Pattani, Yala, Narathiwat and four districts of Songkhla",Thai-derived Patani Malay pilot orthography; Jawi and Rumi Standard Malay are separate arms,THA_PATANI_MANUSYA;THA_PATANI_SCRIPTS;THA_PATANI_COMPLEXITY;OER_UNESCO_2019;WCAG_22,https://doi.org/10.1163/26659077-24030006;https://op.mahidol.ac.th/ra/2017/10/25/lc-04/;https://repository.li.mahidol.ac.th/handle/123456789/63216;https://www.unesco.org/en/legal-affairs/recommendation-open-educational-resources-oer?hub=422;https://www.w3.org/TR/WCAG22/,"THA_PATANI_MANUSYA: abstract, program and results sections; THA_PATANI_SCRIPTS: orthography and grade progression; THA_PATANI_COMPLEXITY: findings; OER_UNESCO_2019: Definition I.1 and areas of action; WCAG_22: Conformance requirements and Success Criteria","Open-ended lower bound only; no point/high manufactured. Thai-derived pilot writing, oral Patani Malay, Classical/Standard Jawi and Standard Rumi are distinct modes and populations are not separable.",,EVIDENCE_ONLY_CONTEXT,false,91d1941b6334ba69df83f5df8d9f1a3cfefe36a5cc69dca27161005bdf1968b0,,,,,
regional:OCEANIA_CENTRAL_ASIA_EMPIRICAL_INPUTS:mfe-Latn-MU:240,OCEANIA_CENTRAL_ASIA_EMPIRICAL_INPUTS,mfe-Latn-MU,edition-target:lang:mfe-Latn-MU,REGIONAL_EMPIRICAL_STRATUM,census_home_language_including_combinations,persons,1045558,1045558,1045558,2022 census count for Creole spoken at home including combination responses in the Mauritius geography used by the table.,2022,Mauritius excluding Rodrigues where separately tagged,standard Kreol Morisien Latin orthography,MUS_CENSUS_2022;MUS_PRESCHOOL_LANG;OER_UNESCO_2019;WCAG_22,https://statsmauritius.govmu.org/Documents/Census_and_Surveys/Census2022/HPC_TR_Vol2_Demography_Yr22.pdf;https://doi.org/10.1080/07908310903414358;https://www.unesco.org/en/legal-affairs/recommendation-open-educational-resources-oer?hub=422;https://www.w3.org/TR/WCAG22/,MUS_CENSUS_2022: Tables D8–D9; MUS_PRESCHOOL_LANG: classroom findings; OER_UNESCO_2019: Definition I.1 and areas of action; WCAG_22: Conformance requirements and Success Criteria,"Home-language including combinations; not L1, literacy or academic ability. Alternative census categories are non-equivalent and nonadditive.",,ATTACHED_TO_EXISTING_EDITION,false,88af8dd6017a366c36c6cb1d4a4b141068fd03ce361dc4ca22ae5b5ac8675548,edition-target:lang:mfe-Latn-MU,,,edition-target:lang:mfe-Latn-MU,edition-target:lang:mfe-Latn-MU
regional:OCEANIA_CENTRAL_ASIA_EMPIRICAL_INPUTS:mg-Latn-MG:239,OCEANIA_CENTRAL_ASIA_EMPIRICAL_INPUTS,mg-Latn-MG,edition-target:lang:mg-Latn-MG,REGIONAL_EMPIRICAL_STRATUM,territorial_written_standard_exposure_ceiling,persons,,,25674196,2018 resident population retained only as the maximum possible exposure to the official written standard; no variety-compatible reader count was verified.,2018,Madagascar,official Latin orthography,MDG_CENSUS_2018;MDG_UNICEF_ED;MDG_MICS_2018;MDG_WB_CONNECT_2025;OER_UNESCO_2019;WCAG_22,https://www.instat.mg/p/resultats-definitifs-du-rgph-3-2018-troisieme-recensement-general-de-la-population-et-de-lhabitation;https://www.unicef.org/madagascar/en/programme/education;https://www.unicef.org/madagascar/documents/mics-6-2018-apprentissage-pr%C3%A9coce-et-implication-parentale;https://documents1.worldbank.org/curated/en/099030725040518348/pdf/P506569-5c4d72b0-e69b-405e-95d7-cdb739a454df.pdf;https://www.unesco.org/en/legal-affairs/recommendation-open-educational-resources-oer?hub=422;https://www.w3.org/TR/WCAG22/,"MDG_CENSUS_2018: national population total; MDG_UNICEF_ED: completion and foundational-learning statements; MDG_MICS_2018: foundational learning indicators; MDG_WB_CONNECT_2025: school electricity, devices and internet baseline; OER_UNESCO_2019: Definition I.1 and areas of action; WCAG_22: Conformance requirements and Success Criteria",Territorial ceiling only; national learning and infrastructure indicators use different years and denominators and cannot create a language-specific need count.,,ATTACHED_TO_EXISTING_EDITION,false,728b274687b8167799d9a99b88f6808094a214dc3dc260f60c99c541c648ebaa,edition-target:lang:mg-Latn-MG,,,edition-target:lang:mg-Latn-MG,edition-target:lang:mg-Latn-MG
regional:OCEANIA_CENTRAL_ASIA_EMPIRICAL_INPUTS:mgm-Latn-TL:263,OCEANIA_CENTRAL_ASIA_EMPIRICAL_INPUTS,mgm-Latn-TL,edition-target:lang:mgm-Latn-TL,REGIONAL_EMPIRICAL_STRATUM,census_mother_tongue,persons,195778,195778,195778,2015 census first/mother-tongue count for Mambai.,2015,Timor-Leste,Latin orthography; local practices vary,TLS_CENSUS_2015;TLS_CENSUS_REPRO;TLS_UNESCO_UNICEF_MLE;TLS_UNICEF_SDG;OER_UNESCO_2019;WCAG_22,https://www.unicef.org/timorleste/reports/timor-leste-population-and-housing-census-2015;https://pmc.ncbi.nlm.nih.gov/articles/PMC9411783/;https://www.unesco.org/en/articles/unesco-and-unicef-strengthening-multilingual-education-sustainable-future-timor-leste;https://data.unicef.org/sdgs/country/tls/;https://www.unesco.org/en/legal-affairs/recommendation-open-educational-resources-oer?hub=422;https://www.w3.org/TR/WCAG22/,"TLS_CENSUS_2015: Table 12, mother tongue; TLS_CENSUS_REPRO: Table 1; TLS_UNESCO_UNICEF_MLE: language-at-school-entry and EMULI sections; TLS_UNICEF_SDG: education completion indicators; OER_UNESCO_2019: Definition I.1 and areas of action; WCAG_22: Conformance requirements and Success Criteria","Exact census mother-tongue count. Do not add L2/L3 users, infer literacy, transfer Tetun literacy to Mambai, or assume resources from another Timorese variety.",,ATTACHED_TO_EXISTING_EDITION,false,278a876c62d9fc5b705906abe4cdf5517c64fde150112afbd271a4e761a2ac34,edition-target:lang:mgm-Latn-TL,,,edition-target:lang:mgm-Latn-TL,edition-target:lang:mgm-Latn-TL
regional:OCEANIA_CENTRAL_ASIA_EMPIRICAL_INPUTS:mi-Latn-NZ:235,OCEANIA_CENTRAL_ASIA_EMPIRICAL_INPUTS,mi-Latn-NZ,edition-target:lang:mi-Latn-NZ,REGIONAL_EMPIRICAL_STRATUM,census_everyday_conversation_ability,persons,213849,213849,213849,2023 census count able to have an everyday conversation in te reo Māori.,2023,Aotearoa New Zealand,standard Māori Latin orthography,NZ_MAORI_2023;NZ_MAORI_SCHOOLING_2025;NZ_MAORI_MATH;OER_UNESCO_2019;WCAG_22,https://tools.summaries.stats.govt.nz/ethnic-group/maori;https://www.educationcounts.govt.nz/statistics/maori-language-in-schooling;https://pmc.ncbi.nlm.nih.gov/articles/PMC8390839/;https://www.unesco.org/en/legal-affairs/recommendation-open-educational-resources-oer?hub=422;https://www.w3.org/TR/WCAG22/,NZ_MAORI_2023: te reo Māori conversational ability; NZ_MAORI_SCHOOLING_2025: Māori-medium enrolment; NZ_MAORI_MATH: resource and teacher sections; OER_UNESCO_2019: Definition I.1 and areas of action; WCAG_22: Conformance requirements and Success Criteria,"Everyday-conversation count is not L1, literacy or academic proficiency. Māori-medium enrolment is a separate, nested opportunity cohort.",,ATTACHED_TO_EXISTING_EDITION,false,16e0c7b4b9d3f45ba28d07fc732c0d4087c712c7b5a753fb845de57152dc6653,edition-target:lang:mi-Latn-NZ,,,edition-target:lang:mi-Latn-NZ,edition-target:lang:mi-Latn-NZ
regional:OCEANIA_CENTRAL_ASIA_EMPIRICAL_INPUTS:mkz-Latn-TL:264,OCEANIA_CENTRAL_ASIA_EMPIRICAL_INPUTS,mkz-Latn-TL,edition-target:lang:mkz-Latn-TL,REGIONAL_EMPIRICAL_STRATUM,census_mother_tongue,persons,123840,123840,123840,2015 census first/mother-tongue count for Makasae.,2015,Timor-Leste,Latin orthography; Makalero is separate,TLS_CENSUS_2015;TLS_CENSUS_REPRO;TLS_UNESCO_UNICEF_MLE;TLS_UNICEF_SDG;OER_UNESCO_2019;WCAG_22,https://www.unicef.org/timorleste/reports/timor-leste-population-and-housing-census-2015;https://pmc.ncbi.nlm.nih.gov/articles/PMC9411783/;https://www.unesco.org/en/articles/unesco-and-unicef-strengthening-multilingual-education-sustainable-future-timor-leste;https://data.unicef.org/sdgs/country/tls/;https://www.unesco.org/en/legal-affairs/recommendation-open-educational-resources-oer?hub=422;https://www.w3.org/TR/WCAG22/,"TLS_CENSUS_2015: Table 12, mother tongue; TLS_CENSUS_REPRO: Table 1; TLS_UNESCO_UNICEF_MLE: language-at-school-entry and EMULI sections; TLS_UNICEF_SDG: education completion indicators; OER_UNESCO_2019: Definition I.1 and areas of action; WCAG_22: Conformance requirements and Success Criteria","Exact census mother-tongue count. Do not add L2/L3 users, infer literacy, transfer Tetun literacy to Makasae, or assume resources from another Timorese variety.",,ATTACHED_TO_EXISTING_EDITION,false,fdd43c6b049f1aed771ab4321955d64f8c0a0ee4d16af34a6e96cd5b0a8c3075,edition-target:lang:mkz-Latn-TL,,,edition-target:lang:mkz-Latn-TL,edition-target:lang:mkz-Latn-TL
regional:OCEANIA_CENTRAL_ASIA_EMPIRICAL_INPUTS:mn-Cyrl-MN:277,OCEANIA_CENTRAL_ASIA_EMPIRICAL_INPUTS,mn-Cyrl-MN,,REGIONAL_EMPIRICAL_STRATUM,citizen_population_written_standard_ceiling,persons,,,3296866,2020 citizen population retained only as a maximum exposure ceiling for the national Cyrillic written standard.,2020,Mongolia,Mongolian Cyrillic,MNG_CENSUS_2020;MNG_UNICEF_ED;MNG_LANGUAGE_LAW;OER_UNESCO_2019;WCAG_22,https://nada.nso.mn/mn/index.php/catalog/60;https://www.unicef.org/mongolia/education;https://legalinfo.mn/mn/edtl/16760272253581;https://www.unesco.org/en/legal-affairs/recommendation-open-educational-resources-oer?hub=422;https://www.w3.org/TR/WCAG22/,"MNG_CENSUS_2020: citizen population and ethnicity tables; MNG_UNICEF_ED: access, completion and digital-equipment sections; MNG_LANGUAGE_LAW: Article 7; OER_UNESCO_2019: Definition I.1 and areas of action; WCAG_22: Conformance requirements and Success Criteria","Citizen territorial ceiling, not reader count. Khalkha ethnicity and Cyrillic/traditional script literacy are non-equivalent; script arms overlap and are nonadditive.",,EVIDENCE_ONLY_CONTEXT,false,f1f027850a7e4d81baf3d6bfa87004885b9f958f5beb50baf5161fd3cef2098a,,,,,
regional:OCEANIA_CENTRAL_ASIA_EMPIRICAL_INPUTS:mn-Mong-MN:278,OCEANIA_CENTRAL_ASIA_EMPIRICAL_INPUTS,mn-Mong-MN,,REGIONAL_EMPIRICAL_STRATUM,unrankable_script_literacy_overlap,persons,,,,No compatible current person count of traditional-script readers was verified.,,Mongolia,traditional vertical Mongolian script,MNG_CENSUS_2020;MNG_UNICEF_ED;MNG_LANGUAGE_LAW;OER_UNESCO_2019;WCAG_22,https://nada.nso.mn/mn/index.php/catalog/60;https://www.unicef.org/mongolia/education;https://legalinfo.mn/mn/edtl/16760272253581;https://www.unesco.org/en/legal-affairs/recommendation-open-educational-resources-oer?hub=422;https://www.w3.org/TR/WCAG22/,"MNG_CENSUS_2020: citizen population and ethnicity tables; MNG_UNICEF_ED: access, completion and digital-equipment sections; MNG_LANGUAGE_LAW: Article 7; OER_UNESCO_2019: Definition I.1 and areas of action; WCAG_22: Conformance requirements and Success Criteria",Explicit unrankable script-reader population. Fully overlaps the national Mongolian population; never add to the Cyrillic row or infer proficiency from Grade 6 exposure.,,EVIDENCE_ONLY_CONTEXT,false,43ef395f7eb296ce71fa2db6c97d484eeffd37bc1f223581205c4f46bd57ebfc,,,,,
regional:OCEANIA_CENTRAL_ASIA_EMPIRICAL_INPUTS:mww-Latn-LA:256,OCEANIA_CENTRAL_ASIA_EMPIRICAL_INPUTS,mww-Latn-LA,,REGIONAL_EMPIRICAL_STRATUM,unrankable_no_compatible_variety_script_count,persons,,,,No compatible Hmong Daw RPA reader/speaker count was verified.,,Lao PDR,Hmong RPA Latin orthography,LAO_CENSUS_2015;OER_UNESCO_2019;WCAG_22,https://data.opendevelopmentmekong.net/dataset/4a2c03e0-2402-4691-b2fd-56277fc95c31/resource/0be5dd3f-8f9e-4bfe-9f75-bbddc5284146/download/phc-eng-fnal-web.pdf;https://www.unesco.org/en/legal-affairs/recommendation-open-educational-resources-oer?hub=422;https://www.w3.org/TR/WCAG22/,LAO_CENSUS_2015: ethnic-group tables and summary; OER_UNESCO_2019: Definition I.1 and areas of action; WCAG_22: Conformance requirements and Success Criteria,Explicit unrankable exact-variety/script population. The official Hmong ethnicity count is secondary context only; no macro label or bridge reach is inferred.,,EVIDENCE_ONLY_CONTEXT,false,7f4bbc6931152d0acb81630e24d01a9e9d73997d68bc2d0b80790e908dc14652,,,,,
regional:OCEANIA_CENTRAL_ASIA_EMPIRICAL_INPUTS:mzn-Arab-IR:292,OCEANIA_CENTRAL_ASIA_EMPIRICAL_INPUTS,mzn-Arab-IR,,REGIONAL_EMPIRICAL_STRATUM,peer_reviewed_secondary_estimate_range,persons,4000000,,5000000,"PARME Table A.1 population estimate for Mazanderani; endpoints are published rounded estimates, not a confidence interval.",2025,"Iran, chiefly Mazandaran",Perso-Arabic Mazanderani orthographies,PARME_ACL_2025;IRN_CONSTITUTION;IRN_ITU_2021;OER_UNESCO_2019;WCAG_22,https://aclanthology.org/2025.acl-long.1451.pdf;https://nezamat.ir/%D9%82%D8%A7%D9%86%D9%88%D9%86-%D8%A7%D8%B3%D8%A7%D8%B3%DB%8C-%D8%AC%D9%85%D9%87%D9%88%D8%B1%DB%8C-%D8%A7%D8%B3%D9%84%D8%A7%D9%85%DB%8C-%D8%A7%DB%8C%D8%B1%D8%A7%D9%86/;https://datahub.itu.int/data/?Affordability=Functional+separation&Connectivity=Access&Governance=Regulatory+mandates&Markets=Emerging+technologies+regulation&Sustainability=e-Applications&Trust=ICT+Accessibility+for+people+with+disabilities&e=IRN;https://www.unesco.org/en/legal-affairs/recommendation-open-educational-resources-oer?hub=422;https://www.w3.org/TR/WCAG22/,PARME_ACL_2025: Table A.1 and Appendix A; IRN_CONSTITUTION: Article 15; IRN_ITU_2021: household internet and internet-use indicators by urban/rural residence; OER_UNESCO_2019: Definition I.1 and areas of action; WCAG_22: Conformance requirements and Success Criteria,"Rounded secondary estimate range, not census or script readers. Internal varieties/orthographies and multilingual populations overlap; no midpoint is manufactured.",,EVIDENCE_ONLY_CONTEXT,false,33287eda2ceb74ca211e3d40d127bd761a604ed88a55ef6afa9c634b4d851876,,,,,
regional:OCEANIA_CENTRAL_ASIA_EMPIRICAL_INPUTS:na-Latn-NR:234,OCEANIA_CENTRAL_ASIA_EMPIRICAL_INPUTS,na-Latn-NR,edition-target:lang:na-Latn-NR,REGIONAL_EMPIRICAL_STRATUM,derived_census_home_language_any_response,persons,11009,11014,11019,"People reporting Nauruan only or with another home language: 94.3% (69.0% + 25.3%) of population 11,680; endpoints preserve one-decimal rate rounding.",2021,Nauru,Latin orthography,NRU_CENSUS_ANALYTICAL_2021;NRU_CENSUS_TABLES_2021;NRU_ED_PLAN;OER_UNESCO_2019;WCAG_22,https://stats.gov.nr/download/49/2021/359/nauru-2021-population-and-housing-census-analytical-report.pdf;https://stats.gov.nr/download/49/2021/358/person-tables-1-36.pdf;https://media.unesco.org/sites/default/files/webform/r2e002/07712bcf3c71c7853a4d4628be2356b6843d5357.pdf;https://www.unesco.org/en/legal-affairs/recommendation-open-educational-resources-oer?hub=422;https://www.w3.org/TR/WCAG22/,"NRU_CENSUS_ANALYTICAL_2021: population total and language percentages; NRU_CENSUS_TABLES_2021: language and education tables; NRU_ED_PLAN: language, learning and ICT constraints; OER_UNESCO_2019: Definition I.1 and areas of action; WCAG_22: Conformance requirements and Success Criteria","Derived rounded-rate interval for any home use. The sole-language and multilingual components are non-equivalent to literacy, L1 or academic proficiency.",,ATTACHED_TO_EXISTING_EDITION,false,5a514c8bdea1bed8ef977f124dbcf6e950f09efebee6b98a5ca0688f2691c80d,edition-target:lang:na-Latn-NR,,,edition-target:lang:na-Latn-NR,edition-target:lang:na-Latn-NR
regional:OCEANIA_CENTRAL_ASIA_EMPIRICAL_INPUTS:pau-Latn-PW:233,OCEANIA_CENTRAL_ASIA_EMPIRICAL_INPUTS,pau-Latn-PW,edition-target:lang:pau-Latn-PW,REGIONAL_EMPIRICAL_STRATUM,census_language_spoken_at_home_any_response,persons,12399,12399,12399,"2020 census sum of mutually exclusive Palauan-only (7,205) and Palauan-plus-another-language (5,194) home-language categories.",2020,Palau,Latin orthography,PLW_CENSUS_2020;OER_UNESCO_2019;WCAG_22,https://www.palaugov.pw/wp-content/uploads/2022/09/2020-Census-of-Population-and-Housing.pdf;https://www.unesco.org/en/legal-affairs/recommendation-open-educational-resources-oer?hub=422;https://www.w3.org/TR/WCAG22/,PLW_CENSUS_2020: language spoken at home tables; OER_UNESCO_2019: Definition I.1 and areas of action; WCAG_22: Conformance requirements and Success Criteria,"Any-home-use count. Palauan-only and bilingual categories are mutually exclusive in the cited table, but ability outside home and literacy are not measured.",,ATTACHED_TO_EXISTING_EDITION,false,b98924eee62e021259135eb7a4ffec2d532e9dbbd741ea7fa7b49f4c301b4e70,edition-target:lang:pau-Latn-PW,,,edition-target:lang:pau-Latn-PW,edition-target:lang:pau-Latn-PW
regional:OCEANIA_CENTRAL_ASIA_EMPIRICAL_INPUTS:pis-Latn-SB:223,OCEANIA_CENTRAL_ASIA_EMPIRICAL_INPUTS,pis-Latn-SB,edition-target:lang:pis-Latn-SB,REGIONAL_EMPIRICAL_STRATUM,census_first_language_learned_age5plus,persons,101588,101588,101588,People age 5+ reporting Pijin as the first language learned in the 2019 census.,2019,Solomon Islands,Latin orthography; spoken and written,SLB_CENSUS_LANG_2019;SLB_CENSUS_TABLES_2019;SLB_EGRA;OER_UNESCO_2019;WCAG_22,https://statistics.gov.sb/english-is-solomon-islands-most-predominant-language-in-communication/;https://solomons.gov.sb/wp-content/uploads/2023/09/Solomon-Islands-2019-Census-Report-Vol-2_Basic-Tables_Operations.pdf;https://documents1.worldbank.org/curated/en/178621563252790030/pdf/Solomon-Islands-Early-Grade-Reading-Assessment-Results-Report.pdf;https://www.unesco.org/en/legal-affairs/recommendation-open-educational-resources-oer?hub=422;https://www.w3.org/TR/WCAG22/,SLB_CENSUS_LANG_2019: 2019 census language results; SLB_CENSUS_TABLES_2019: Table P9.7; SLB_EGRA: teacher-language observations and reading results; OER_UNESCO_2019: Definition I.1 and areas of action; WCAG_22: Conformance requirements and Success Criteria,"Exact census first-learned-language count. Do not substitute the much larger simple-sentence literacy count, territorial population or classroom-use observation.",,ATTACHED_TO_EXISTING_EDITION,false,c9606a9ad79984e1ff1611310dd216ea96d08e8499acb56a01c28a50388e511e,edition-target:lang:pis-Latn-SB,,,edition-target:lang:pis-Latn-SB,edition-target:lang:pis-Latn-SB
regional:OCEANIA_CENTRAL_ASIA_EMPIRICAL_INPUTS:pri-Latn-NC:228,OCEANIA_CENTRAL_ASIA_EMPIRICAL_INPUTS,pri-Latn-NC,edition-target:lang:pri-Latn-NC,REGIONAL_EMPIRICAL_STRATUM,census_reported_speakers_age15plus,persons,6530,6530,6530,"2019 census count of Paicî speakers age 15+, as reported in the peer-reviewed Language Snapshot.",2019,"New Caledonia, central Grande Terre",standardized Latin orthography,NCL_PAICI_LDD;NCL_ISEE_LANG_2019;NCL_ED_REVIEW;OER_UNESCO_2019;WCAG_22,https://www.lddjournal.org/article/id/1017/;https://www.isee.nc/phocadownload/non_theme/publications/nouvelle_caledonie_cartes/atlas_nc/atlas-2019/atlas-2019.pdf;https://journals.openedition.org/ced/6322?lang=fr;https://www.unesco.org/en/legal-affairs/recommendation-open-educational-resources-oer?hub=422;https://www.w3.org/TR/WCAG22/,"NCL_PAICI_LDD: speaker-demography section; NCL_ISEE_LANG_2019: language map and speaker totals age 15+; NCL_ED_REVIEW: New Caledonia, Mayotte and Réunion sections; OER_UNESCO_2019: Definition I.1 and areas of action; WCAG_22: Conformance requirements and Success Criteria",Exact age-15+ self-reported speaker count; excludes children. Do not substitute the rounded atlas figure or the all-Kanak-language total.,,ATTACHED_TO_EXISTING_EDITION,false,b27ad6dd68392cd57b5972db238f96b293fa2bbc8f8bb3366b7b07eddfe9e236,edition-target:lang:pri-Latn-NC,,,edition-target:lang:pri-Latn-NC,edition-target:lang:pri-Latn-NC
regional:OCEANIA_CENTRAL_ASIA_EMPIRICAL_INPUTS:rad-Latn-VN:259,OCEANIA_CENTRAL_ASIA_EMPIRICAL_INPUTS,rad-Latn-VN,edition-target:lang:rad-Latn-VN,REGIONAL_EMPIRICAL_STRATUM,census_ethnic_category_proxy,persons,398671,398671,398671,"2019 census count for the Ê Đê ethnic category, retained explicitly as a proxy for the named language community.",2019,Viet Nam,official/educational Latin orthography for the named variety,VNM_CENSUS_2019;VNM_UNICEF_MTBBE;VNM_WB_MINORITY_ED;VNM_UNICEF_MINORITY_2025;OER_UNESCO_2019;WCAG_22,https://www.nso.gov.vn/wp-content/uploads/2019/12/Ket-qua-toan-bo-Tong-dieu-tra-dan-so-va-nha-o-2019.pdf;https://www.unicef.org/vietnam/bringing-mother-tongues-classroom;https://documents1.worldbank.org/curated/en/331741468124474580/pdf/499760ESW0Whit1C10VietnamSummary1LR.pdf;https://www.unicef.org/vietnam/documents/disparities-and-multidimensional-child-poverty-among-ethnic-minority-populations-viet-nam;https://www.unesco.org/en/legal-affairs/recommendation-open-educational-resources-oer?hub=422;https://www.w3.org/TR/WCAG22/,"VNM_CENSUS_2019: population by ethnic group table; VNM_UNICEF_MTBBE: Mông, J’rai and Khmer pilot and scale-up sections; VNM_WB_MINORITY_ED: pp. 24–27; VNM_UNICEF_MINORITY_2025: highlights and full report; OER_UNESCO_2019: Definition I.1 and areas of action; WCAG_22: Conformance requirements and Success Criteria","Ethnicity proxy, not a speaker/reader count. Do not collapse Ê Đê with the census macro category beyond the named mapping, Vietnamese, or neighboring varieties; pilot participation is a nested nonadditive cohort.",,ATTACHED_TO_EXISTING_EDITION,false,59978d8592bcb97f2fca77893138f275c0808d5d008196559a51da2ab089d089,edition-target:lang:rad-Latn-VN,,,edition-target:lang:rad-Latn-VN,edition-target:lang:rad-Latn-VN
regional:OCEANIA_CENTRAL_ASIA_EMPIRICAL_INPUTS:rap-Latn-CL-IP:237,OCEANIA_CENTRAL_ASIA_EMPIRICAL_INPUTS,rap-Latn-CL-IP,edition-target:regional:rap-Latn-CL-IP,REGIONAL_EMPIRICAL_STRATUM,census_speak_or_understand_age5plus,persons,7006,7006,7006,2024 census count age 5+ who report speaking or understanding Rapa Nui.,2024,"Chile, Isla de Pascua / Rapa Nui",Latin orthography,CHL_CENSUS_RAPA_2024;UNESCO_RAPA_NUI;OER_UNESCO_2019;WCAG_22,https://censo2024.ine.gob.cl/wp-content/uploads/2025/12/sintesis_resultados_censo2024.pdf;https://www.unesco.org/en/articles/rapa-nui-back-brink-0;https://www.unesco.org/en/legal-affairs/recommendation-open-educational-resources-oer?hub=422;https://www.w3.org/TR/WCAG22/,CHL_CENSUS_RAPA_2024: Rapa Nui language table; UNESCO_RAPA_NUI: school and revitalization sections; OER_UNESCO_2019: Definition I.1 and areas of action; WCAG_22: Conformance requirements and Success Criteria,"Exact combined speak-or-understand count, not a speaker-only or literacy measure; do not infer either component.",,NEW_EDITION_EVIDENCE,false,b0e132557cd91c16d26bd457934a50276713fdf9f53cb8b04d8c32d2231112da,edition-target:regional:rap-Latn-CL-IP,,rap-Latn-CL-IP,edition-target:regional:rap-Latn-CL-IP,edition-target:regional:rap-Latn-CL-IP
regional:OCEANIA_CENTRAL_ASIA_EMPIRICAL_INPUTS:rcf-Latn-MU-ROD:241,OCEANIA_CENTRAL_ASIA_EMPIRICAL_INPUTS,rcf-Latn-MU-ROD,,REGIONAL_EMPIRICAL_STRATUM,census_creole_home_language_including_combinations_territorial_proxy,persons,43423,43423,43423,2022 census count on Rodrigues reporting Creole at home including combinations; treated as a territorial linguistic proxy for Kreol Rodriguais.,2022,"Mauritius, Rodrigues",Rodriguan Creole Latin orthography; local standardization context,MUS_CENSUS_2022;OER_UNESCO_2019;WCAG_22,https://statsmauritius.govmu.org/Documents/Census_and_Surveys/Census2022/HPC_TR_Vol2_Demography_Yr22.pdf;https://www.unesco.org/en/legal-affairs/recommendation-open-educational-resources-oer?hub=422;https://www.w3.org/TR/WCAG22/,MUS_CENSUS_2022: Tables D8–D9; OER_UNESCO_2019: Definition I.1 and areas of action; WCAG_22: Conformance requirements and Success Criteria,The count is exact for the census “Creole” response on Rodrigues but only a territorial proxy for the exact Rodriguais variety; combination responses are included.,,EVIDENCE_ONLY_CONTEXT,false,9ff38d22b09774632c0b52ebd5008ce88ac1c7469774d3c625c7d337e6a7df7f,,,,,
regional:OCEANIA_CENTRAL_ASIA_EMPIRICAL_INPUTS:rcf-Latn-RE:248,OCEANIA_CENTRAL_ASIA_EMPIRICAL_INPUTS,rcf-Latn-RE,edition-target:lang:rcf-Latn-RE,REGIONAL_EMPIRICAL_STRATUM,territorial_exposure_ceiling,persons,,,889679,2025 resident population retained only as a maximum exposure ceiling; no compatible current Kréol Réyoné speaker count was verified.,2025,Réunion,Latin orthographies; no single universally imposed spelling arm,REU_POP_2025;REU_LITERACY_2022;NCL_ED_REVIEW;OER_UNESCO_2019;WCAG_22,https://www.insee.fr/fr/statistiques/8683056;https://www.insee.fr/fr/statistiques/8279889;https://journals.openedition.org/ced/6322?lang=fr;https://www.unesco.org/en/legal-affairs/recommendation-open-educational-resources-oer?hub=422;https://www.w3.org/TR/WCAG22/,"REU_POP_2025: resident population; REU_LITERACY_2022: adult literacy and childhood-language results; NCL_ED_REVIEW: New Caledonia, Mayotte and Réunion sections; OER_UNESCO_2019: Definition I.1 and areas of action; WCAG_22: Conformance requirements and Success Criteria","Territorial ceiling only. Childhood language, current home use, speaking, literacy and orthography cohorts are incompatible.",,ATTACHED_TO_EXISTING_EDITION,false,5170fec91765983679f3f0388f116fbcfad923551dd151359031a5569527c130,edition-target:lang:rcf-Latn-RE,,,edition-target:lang:rcf-Latn-RE,edition-target:lang:rcf-Latn-RE
regional:OCEANIA_CENTRAL_ASIA_EMPIRICAL_INPUTS:rhg-Rohg-001:250,OCEANIA_CENTRAL_ASIA_EMPIRICAL_INPUTS,rhg-Rohg-001,,REGIONAL_EMPIRICAL_STRATUM,operational_refugee_plus_internal_stateless_population_range,persons,1329000,1848647,1848647,"Lower endpoint is UNHCR’s rounded refugees/asylum-seekers abroad; upper/base adds 519,647 internally stateless Rohingya in Myanmar as separately reported operational categories.",2025,Myanmar and refugee/asylum populations chiefly in Bangladesh and the region,Hanifi Rohingya script; Latin and Perso-Arabic arms must be separately tagged,UNHCR_GLOBAL_2025;UNHCR_BGD_2025;OER_UNESCO_2019;WCAG_22,https://www.unhcr.org/global-trends;https://www.unhcr.org/sites/default/files/2026-06/unhcr-annual-results-report-2025-bangladesh.pdf;https://www.unesco.org/en/legal-affairs/recommendation-open-educational-resources-oer?hub=422;https://www.w3.org/TR/WCAG22/,"UNHCR_GLOBAL_2025: population tables: refugees, asylum-seekers and stateless people; UNHCR_BGD_2025: education results; OER_UNESCO_2019: Definition I.1 and areas of action; WCAG_22: Conformance requirements and Success Criteria","Operational legal/status categories, not speakers. Upper aggregation assumes the cited abroad and inside-Myanmar operational stocks are geographically disjoint; script literacy is wholly unmeasured and Latin/Arabic materials cannot be credited automatically.",,EVIDENCE_ONLY_CONTEXT,false,40328ea8d7d6632be405c5688c7f3243d1267031758e1571648d7716d7f17460,,,,,
regional:OCEANIA_CENTRAL_ASIA_EMPIRICAL_INPUTS:rop-Latn-AU:230,OCEANIA_CENTRAL_ASIA_EMPIRICAL_INPUTS,rop-Latn-AU,edition-target:lang:rop-Latn-AU,REGIONAL_EMPIRICAL_STRATUM,census_language_used_at_home,persons,7403,7403,7403,2021 Australia-wide census count reporting Australian Kriol as a language used at home.,2021,Australia,Latin orthography; spoken and written,AUS_ABS_LANG_2021;AUS_TSI_QUICKSTATS;QLD_LANG_STATEMENT;OER_UNESCO_2019;WCAG_22,https://www.abs.gov.au/statistics/people/aboriginal-and-torres-strait-islander-peoples/language-statistics-aboriginal-and-torres-strait-islander-peoples/latest-release;https://www.abs.gov.au/census/find-census-data/quickstats/2021/315011402;https://education.qld.gov.au/student/Documents/aboriginal-torres-strait-islander-languages-statement.pdf;https://www.unesco.org/en/legal-affairs/recommendation-open-educational-resources-oer?hub=422;https://www.w3.org/TR/WCAG22/,AUS_ABS_LANG_2021: 2021 language-used-at-home counts; AUS_TSI_QUICKSTATS: language used at home; QLD_LANG_STATEMENT: whole document; OER_UNESCO_2019: Definition I.1 and areas of action; WCAG_22: Conformance requirements and Success Criteria,"Home-use count, not total speakers, readers or ethnicity. Local and national counts are nested and nonadditive.",,ATTACHED_TO_EXISTING_EDITION,false,49be0d9c10380e0080407676cd508cfdce26234f6f16ffa3b29de535b30b0ba0,edition-target:lang:rop-Latn-AU,,,edition-target:lang:rop-Latn-AU,edition-target:lang:rop-Latn-AU
regional:OCEANIA_CENTRAL_ASIA_EMPIRICAL_INPUTS:sdh-Arab-IR:293,OCEANIA_CENTRAL_ASIA_EMPIRICAL_INPUTS,sdh-Arab-IR,,REGIONAL_EMPIRICAL_STRATUM,unrankable_no_territory_allocable_count,persons,,,,No compatible Iran-only person range for Southern Kurdish in Iran was verified.,2025,Iranian component of the Iran–Iraq speech area,Perso-Arabic Southern Kurdish orthographies,PARME_ACL_2025;IRN_CONSTITUTION;IRN_ITU_2021;OER_UNESCO_2019;WCAG_22,https://aclanthology.org/2025.acl-long.1451.pdf;https://nezamat.ir/%D9%82%D8%A7%D9%86%D9%88%D9%86-%D8%A7%D8%B3%D8%A7%D8%B3%DB%8C-%D8%AC%D9%85%D9%87%D9%88%D8%B1%DB%8C-%D8%A7%D8%B3%D9%84%D8%A7%D9%85%DB%8C-%D8%A7%DB%8C%D8%B1%D8%A7%D9%86/;https://datahub.itu.int/data/?Affordability=Functional+separation&Connectivity=Access&Governance=Regulatory+mandates&Markets=Emerging+technologies+regulation&Sustainability=e-Applications&Trust=ICT+Accessibility+for+people+with+disabilities&e=IRN;https://www.unesco.org/en/legal-affairs/recommendation-open-educational-resources-oer?hub=422;https://www.w3.org/TR/WCAG22/,PARME_ACL_2025: Table A.1 and Appendix A; IRN_CONSTITUTION: Article 15; IRN_ITU_2021: household internet and internet-use indicators by urban/rural residence; OER_UNESCO_2019: Definition I.1 and areas of action; WCAG_22: Conformance requirements and Success Criteria,"Explicit unrankable Iran-only population. Transboundary range is secondary context only and cannot be allocated by territory, subvariety or script.",,EVIDENCE_ONLY_CONTEXT,false,9ed095e501183c5d555e6bec5212a4003a2d6e35ab5d3cd294eb3c9179a53a85,,,,,
regional:OCEANIA_CENTRAL_ASIA_EMPIRICAL_INPUTS:sgh-Latn-001:274,OCEANIA_CENTRAL_ASIA_EMPIRICAL_INPUTS,sgh-Latn-001,,REGIONAL_EMPIRICAL_STRATUM,research_estimate_transboundary_speakers,persons,95000,95000,95000,"University research estimate: about 75,000 speakers in Tajikistan plus about 20,000 in Afghanistan.",2024,"Tajikistan and Afghanistan, chiefly the Pamirs/Badakhshan",Latin research/learning orthography; Tajik Cyrillic and Perso-Arabic practices separately tagged,SHUGHNI_UKY;TJK_UNICEF_CONNECT;TJK_UNICEF_SITAN_2025;OER_UNESCO_2019;WCAG_22,https://www.rch.uky.edu/Shughni/;https://www.unicef.org/tajikistan/reports/achieving-universal-connectivity-education-sector-republic-tajikistan;https://www.unicef.org/tajikistan/media/9231/file/Tajikistan_SitAn_2025_ENG.pdf.pdf;https://www.unesco.org/en/legal-affairs/recommendation-open-educational-resources-oer?hub=422;https://www.w3.org/TR/WCAG22/,SHUGHNI_UKY: speaker estimates and writing-system overview; TJK_UNICEF_CONNECT: school inventory and connectivity baseline; TJK_UNICEF_SITAN_2025: learning and minority/rural education sections; OER_UNESCO_2019: Definition I.1 and areas of action; WCAG_22: Conformance requirements and Success Criteria,Rounded transboundary estimate and operational Latin arm; populations and scripts differ across borders. Do not infer cross-script literacy or Pamiri-macro reach.,,EVIDENCE_ONLY_CONTEXT,false,9b500fecca7056c264f54d5befc8d38fc4ed549aefe01c5fb45c1912c70b8b7e,,,,,
regional:OCEANIA_CENTRAL_ASIA_EMPIRICAL_INPUTS:shn-Mymr-MM:251,OCEANIA_CENTRAL_ASIA_EMPIRICAL_INPUTS,shn-Mymr-MM,edition-target:lang:shn-Mymr-MM,REGIONAL_EMPIRICAL_STRATUM,unrankable_no_compatible_variety_count,persons,,,,No authoritative compatible person count for the exact Shan variety/script stratum was verified.,,Myanmar,modern Shan script (Myanmar-derived),MMR_UNICEF_LESC;MMR_WB_SOCIAL_2020;OER_UNESCO_2019;WCAG_22,"https://www.unicef.org/myanmar/sites/unicef.org.myanmar/files/2019-05/Myanmar%20Country%20Report_Language,%20Education%20and%20Social%20Cohesion%20(LESE)%20Initiative.pdf;https://www.moe.gov.mm/sites/default/files/WB_Social_Assessment_Report_2020.pdf;https://www.unesco.org/en/legal-affairs/recommendation-open-educational-resources-oer?hub=422;https://www.w3.org/TR/WCAG22/","MMR_UNICEF_LESC: pp. 17–18 and 92–113; MMR_WB_SOCIAL_2020: ethnicity, language, conflict and access sections; OER_UNESCO_2019: Definition I.1 and areas of action; WCAG_22: Conformance requirements and Success Criteria","Explicit unrankable population gap. Do not assign the Shan ethnic cluster total, infer mutual intelligibility, or transfer Myanmar-language resources to Shan.",,ATTACHED_TO_EXISTING_EDITION,false,1277c9aa8fa918c4a32b2b82751ce1f9a83a463c74427a48a5828509412e3e84,edition-target:lang:shn-Mymr-MM,,,edition-target:lang:shn-Mymr-MM,edition-target:lang:shn-Mymr-MM
regional:OCEANIA_CENTRAL_ASIA_EMPIRICAL_INPUTS:swb-Latn-YT:246,OCEANIA_CENTRAL_ASIA_EMPIRICAL_INPUTS,swb-Latn-YT,edition-target:lang:swb-Latn-YT,REGIONAL_EMPIRICAL_STRATUM,territorial_exposure_ceiling,persons,,,329208,2025 Mayotte population estimate retained only as a maximum exposure ceiling for Shimaore.,2025,Mayotte,Latin orthography; oral/local practice varies,MYT_POP_2025;MYT_LANG_LITERACY;NCL_ED_REVIEW;OER_UNESCO_2019;WCAG_22,https://www.insee.fr/fr/statistiques/serie/001760180;https://www.insee.fr/fr/statistiques/6467148;https://journals.openedition.org/ced/6322?lang=fr;https://www.unesco.org/en/legal-affairs/recommendation-open-educational-resources-oer?hub=422;https://www.w3.org/TR/WCAG22/,"MYT_POP_2025: 2025 population estimate; MYT_LANG_LITERACY: language mastery and literacy findings; NCL_ED_REVIEW: New Caledonia, Mayotte and Réunion sections; OER_UNESCO_2019: Definition I.1 and areas of action; WCAG_22: Conformance requirements and Success Criteria",Territorial ceiling only. Shimaore must not be collapsed with the other Mayotte language; multilingual mastery and birthplace categories are nonadditive.,,ATTACHED_TO_EXISTING_EDITION,false,77f76de1bb291af1399eb264b6b5d092c369cdf8f6bdf577f767b1249178f89d,edition-target:lang:swb-Latn-YT,,,edition-target:lang:swb-Latn-YT,edition-target:lang:swb-Latn-YT
regional:OCEANIA_CENTRAL_ASIA_EMPIRICAL_INPUTS:tcs-Latn-AU:229,OCEANIA_CENTRAL_ASIA_EMPIRICAL_INPUTS,tcs-Latn-AU,edition-target:lang:tcs-Latn-AU,REGIONAL_EMPIRICAL_STRATUM,census_language_used_at_home,persons,7596,7596,7596,2021 Australia-wide census count reporting Yumplatok as a language used at home.,2021,Australia,Latin orthography; spoken and written,AUS_ABS_LANG_2021;AUS_TSI_QUICKSTATS;QLD_LANG_STATEMENT;OER_UNESCO_2019;WCAG_22,https://www.abs.gov.au/statistics/people/aboriginal-and-torres-strait-islander-peoples/language-statistics-aboriginal-and-torres-strait-islander-peoples/latest-release;https://www.abs.gov.au/census/find-census-data/quickstats/2021/315011402;https://education.qld.gov.au/student/Documents/aboriginal-torres-strait-islander-languages-statement.pdf;https://www.unesco.org/en/legal-affairs/recommendation-open-educational-resources-oer?hub=422;https://www.w3.org/TR/WCAG22/,AUS_ABS_LANG_2021: 2021 language-used-at-home counts; AUS_TSI_QUICKSTATS: language used at home; QLD_LANG_STATEMENT: whole document; OER_UNESCO_2019: Definition I.1 and areas of action; WCAG_22: Conformance requirements and Success Criteria,"Home-use count, not total speakers, readers or ethnicity. Local and national counts are nested and nonadditive.",,ATTACHED_TO_EXISTING_EDITION,false,56671f76b4c6e34f08e92055a9a2954d91a6ad10d72fcedeca461e731024397d,edition-target:lang:tcs-Latn-AU,,,edition-target:lang:tcs-Latn-AU,edition-target:lang:tcs-Latn-AU
regional:OCEANIA_CENTRAL_ASIA_EMPIRICAL_INPUTS:tet-Latn-TL-PRASA:261,OCEANIA_CENTRAL_ASIA_EMPIRICAL_INPUTS,tet-Latn-TL-PRASA,,REGIONAL_EMPIRICAL_STRATUM,census_mother_tongue,persons,361027,361027,361027,2015 census first/mother-tongue count for Tetun Prasa.,2015,Timor-Leste,standard Tetun Latin orthography,TLS_CENSUS_2015;TLS_CENSUS_REPRO;TLS_UNESCO_UNICEF_MLE;TLS_UNICEF_SDG;OER_UNESCO_2019;WCAG_22,https://www.unicef.org/timorleste/reports/timor-leste-population-and-housing-census-2015;https://pmc.ncbi.nlm.nih.gov/articles/PMC9411783/;https://www.unesco.org/en/articles/unesco-and-unicef-strengthening-multilingual-education-sustainable-future-timor-leste;https://data.unicef.org/sdgs/country/tls/;https://www.unesco.org/en/legal-affairs/recommendation-open-educational-resources-oer?hub=422;https://www.w3.org/TR/WCAG22/,"TLS_CENSUS_2015: Table 12, mother tongue; TLS_CENSUS_REPRO: Table 1; TLS_UNESCO_UNICEF_MLE: language-at-school-entry and EMULI sections; TLS_UNICEF_SDG: education completion indicators; OER_UNESCO_2019: Definition I.1 and areas of action; WCAG_22: Conformance requirements and Success Criteria","Exact census mother-tongue count. Do not add L2/L3 users, infer literacy, transfer Tetun literacy to Tetun Prasa, or assume resources from another Timorese variety.",,EVIDENCE_ONLY_CONTEXT,false,9d538b2edca901ab3554cd3527d0d564e84a435e4d562a295f84e25b59067b98,,,,,
regional:OCEANIA_CENTRAL_ASIA_EMPIRICAL_INPUTS:tet-Latn-TL-TERIK:262,OCEANIA_CENTRAL_ASIA_EMPIRICAL_INPUTS,tet-Latn-TL-TERIK,,REGIONAL_EMPIRICAL_STRATUM,census_mother_tongue,persons,71418,71418,71418,2015 census first/mother-tongue count for Tetun Terik.,2015,Timor-Leste,Tetun Terik Latin orthography; Prasa standard not assumed equivalent,TLS_CENSUS_2015;TLS_CENSUS_REPRO;TLS_UNESCO_UNICEF_MLE;TLS_UNICEF_SDG;OER_UNESCO_2019;WCAG_22,https://www.unicef.org/timorleste/reports/timor-leste-population-and-housing-census-2015;https://pmc.ncbi.nlm.nih.gov/articles/PMC9411783/;https://www.unesco.org/en/articles/unesco-and-unicef-strengthening-multilingual-education-sustainable-future-timor-leste;https://data.unicef.org/sdgs/country/tls/;https://www.unesco.org/en/legal-affairs/recommendation-open-educational-resources-oer?hub=422;https://www.w3.org/TR/WCAG22/,"TLS_CENSUS_2015: Table 12, mother tongue; TLS_CENSUS_REPRO: Table 1; TLS_UNESCO_UNICEF_MLE: language-at-school-entry and EMULI sections; TLS_UNICEF_SDG: education completion indicators; OER_UNESCO_2019: Definition I.1 and areas of action; WCAG_22: Conformance requirements and Success Criteria","Exact census mother-tongue count. Do not add L2/L3 users, infer literacy, transfer Tetun literacy to Tetun Terik, or assume resources from another Timorese variety.",,EVIDENCE_ONLY_CONTEXT,false,4d742194b7481b250b67eb0e40252140163385a48120dfd590443cc48a28742f,,,,,
regional:OCEANIA_CENTRAL_ASIA_EMPIRICAL_INPUTS:tk-Latn-TM:272,OCEANIA_CENTRAL_ASIA_EMPIRICAL_INPUTS,tk-Latn-TM,edition-target:lang:tk-Latn-TM,REGIONAL_EMPIRICAL_STRATUM,census_mother_tongue,persons,6297965,6297965,6297965,2022 census count of all nationalities reporting Turkmen as mother tongue.,2022,Turkmenistan,Turkmen Latin alphabet; legacy Cyrillic separately tagged,TKM_CENSUS_2022;OER_UNESCO_2019;WCAG_22,https://stat.gov.tm/population-census-pdfs/results/en/4.pdf;https://www.unesco.org/en/legal-affairs/recommendation-open-educational-resources-oer?hub=422;https://www.w3.org/TR/WCAG22/,TKM_CENSUS_2022: Table 4.9; OER_UNESCO_2019: Definition I.1 and areas of action; WCAG_22: Conformance requirements and Success Criteria,"Exact mother-tongue count, not literacy or state-Latin readership. Legacy-script users overlap and are not separately counted.",,ATTACHED_TO_EXISTING_EDITION,false,6d2a6f68b2f58d913edb9dec335db4f23133689e8b1b32439768d766e594d047,edition-target:lang:tk-Latn-TM,,,edition-target:lang:tk-Latn-TM,edition-target:lang:tk-Latn-TM
regional:OCEANIA_CENTRAL_ASIA_EMPIRICAL_INPUTS:tkl-Latn-TK:238,OCEANIA_CENTRAL_ASIA_EMPIRICAL_INPUTS,tkl-Latn-TK,edition-target:lang:tkl-Latn-TK,REGIONAL_EMPIRICAL_STRATUM,territorial_presence_ceiling,persons,,,1480,People physically present in Tokelau during the 2019 population count; retained only as a maximum local exposure ceiling.,2019,Tokelau,Latin orthography,TKL_COUNT_2019;TKL_CURRICULUM;OER_UNESCO_2019;WCAG_22,https://www.tokelau.org.nz/site/tokelau/2019%20Tokelau%20Population%20Count.pdf;https://www.tokelau.org.nz/site/tokelau/files/TOKELAU%20NCPF%20DRAFT%209%20UPDATED%2019%20SEPT%202006%20%20English%20FINALVERSION%20%20MASTER.pdf;https://www.unesco.org/en/legal-affairs/recommendation-open-educational-resources-oer?hub=422;https://www.w3.org/TR/WCAG22/,TKL_COUNT_2019: physically present and usually resident totals; TKL_CURRICULUM: language and curriculum sections; OER_UNESCO_2019: Definition I.1 and areas of action; WCAG_22: Conformance requirements and Success Criteria,"Territorial ceiling, not a speaker count. Physical-presence and broader registration totals have different universes and must not form a range or be added.",,ATTACHED_TO_EXISTING_EDITION,false,8fe666156b790bdc9c0b73cebbd41ca103eef210b7b0cc542a0257603d60b5d5,edition-target:lang:tkl-Latn-TK,,,edition-target:lang:tkl-Latn-TK,edition-target:lang:tkl-Latn-TK
regional:OCEANIA_CENTRAL_ASIA_EMPIRICAL_INPUTS:tly-Arab-IR:296,OCEANIA_CENTRAL_ASIA_EMPIRICAL_INPUTS,tly-Arab-IR,,REGIONAL_EMPIRICAL_STRATUM,unrankable_no_territory_allocable_count,persons,,,,No compatible Iran-only person range for Talysh in Iran was verified.,2025,Iranian component of the Iran–Azerbaijan Talysh area,Perso-Arabic Talysh practices; Azerbaijani Latin/Cyrillic arms separately tagged,PARME_ACL_2025;IRN_CONSTITUTION;IRN_ITU_2021;OER_UNESCO_2019;WCAG_22,https://aclanthology.org/2025.acl-long.1451.pdf;https://nezamat.ir/%D9%82%D8%A7%D9%86%D9%88%D9%86-%D8%A7%D8%B3%D8%A7%D8%B3%DB%8C-%D8%AC%D9%85%D9%87%D9%88%D8%B1%DB%8C-%D8%A7%D8%B3%D9%84%D8%A7%D9%85%DB%8C-%D8%A7%DB%8C%D8%B1%D8%A7%D9%86/;https://datahub.itu.int/data/?Affordability=Functional+separation&Connectivity=Access&Governance=Regulatory+mandates&Markets=Emerging+technologies+regulation&Sustainability=e-Applications&Trust=ICT+Accessibility+for+people+with+disabilities&e=IRN;https://www.unesco.org/en/legal-affairs/recommendation-open-educational-resources-oer?hub=422;https://www.w3.org/TR/WCAG22/,PARME_ACL_2025: Table A.1 and Appendix A; IRN_CONSTITUTION: Article 15; IRN_ITU_2021: household internet and internet-use indicators by urban/rural residence; OER_UNESCO_2019: Definition I.1 and areas of action; WCAG_22: Conformance requirements and Success Criteria,"Explicit unrankable Iran-only population. Transboundary range is secondary context only and cannot be allocated by territory, subvariety or script.",,EVIDENCE_ONLY_CONTEXT,false,39eee3d320922bedacbca2ea69249a8834ac74903bec623ab64ac7be67b11297,,,,,
regional:OCEANIA_CENTRAL_ASIA_EMPIRICAL_INPUTS:tpi-Latn-PG:222,OCEANIA_CENTRAL_ASIA_EMPIRICAL_INPUTS,tpi-Latn-PG,edition-target:lang:tpi-Latn-PG,REGIONAL_EMPIRICAL_STRATUM,territorial_exposure_ceiling,persons,,,7275324,"2011 resident population retained only as the maximum possible Tok Pisin exposure population; not a speaker, reader or L1 count.",2011,Papua New Guinea,Latin orthography; spoken and written,PNG_CENSUS_2011;PNG_NEP_2020;PNG_PNAS_2021;OER_UNESCO_2019;WCAG_22,https://www.nso.gov.pg/wpfd_file/png-national-report-2011-census-2/;https://planipolis.iiep.unesco.org/sites/default/files/ressources/papua_new_guinea_nep_2020-2029.pdf;https://pmc.ncbi.nlm.nih.gov/articles/PMC8179190/;https://www.unesco.org/en/legal-affairs/recommendation-open-educational-resources-oer?hub=422;https://www.w3.org/TR/WCAG22/,"PNG_CENSUS_2011: national population total; PNG_NEP_2020: pp. 18–20, 35–38; language and literacy context; PNG_PNAS_2021: Results; 6,190 pupils and 392 languages; OER_UNESCO_2019: Definition I.1 and areas of action; WCAG_22: Conformance requirements and Success Criteria","Territorial ceiling only. Tok Pisin L1, L2, literacy and school-medium cohorts overlap with English and hundreds of tok ples; none may be inferred from the ceiling or added together.",,ATTACHED_TO_EXISTING_EDITION,false,c5192f66bb54974a86b5f2d4cc3848b36a8040db72ae6766553bd5d443f2ff28,edition-target:lang:tpi-Latn-PG,,,edition-target:lang:tpi-Latn-PG,edition-target:lang:tpi-Latn-PG
regional:OCEANIA_CENTRAL_ASIA_EMPIRICAL_INPUTS:tts-Thai-TH-NE:253,OCEANIA_CENTRAL_ASIA_EMPIRICAL_INPUTS,tts-Thai-TH-NE,,REGIONAL_EMPIRICAL_STRATUM,unrankable_no_compatible_current_count,persons,,,,No authoritative current person count with a defined Isan ability threshold was verified; older estimates and regional populations are not converted into a range.,,"Thailand, Northeast and migrant communities elsewhere in Thailand",Thai script as commonly used; historical Tai Noi is a separate script arm,THA_ISAN_ED;OER_UNESCO_2019;WCAG_22,https://so03.tci-thaijo.org/index.php/gshskku/article/view/73657;https://www.unesco.org/en/legal-affairs/recommendation-open-educational-resources-oer?hub=422;https://www.w3.org/TR/WCAG22/,THA_ISAN_ED: abstract and education sections; OER_UNESCO_2019: Definition I.1 and areas of action; WCAG_22: Conformance requirements and Success Criteria,"Explicit unrankable population gap. Do not use Northeast territorial population, historical estimates, Thai literacy or assumed mutual intelligibility as Isan reach.",,EVIDENCE_ONLY_CONTEXT,false,dcf4e4005125ca42b57993bd4be7aa5ed5370591bde7b2bdc9e5f60d90668716,,,,,
regional:OCEANIA_CENTRAL_ASIA_EMPIRICAL_INPUTS:tyz-Latn-VN:257,OCEANIA_CENTRAL_ASIA_EMPIRICAL_INPUTS,tyz-Latn-VN,edition-target:lang:tyz-Latn-VN,REGIONAL_EMPIRICAL_STRATUM,census_ethnic_category_proxy,persons,1845492,1845492,1845492,"2019 census count for the Tày ethnic category, retained explicitly as a proxy for the named language community.",2019,Viet Nam,official/educational Latin orthography for the named variety,VNM_CENSUS_2019;VNM_UNICEF_MTBBE;VNM_WB_MINORITY_ED;VNM_UNICEF_MINORITY_2025;OER_UNESCO_2019;WCAG_22,https://www.nso.gov.vn/wp-content/uploads/2019/12/Ket-qua-toan-bo-Tong-dieu-tra-dan-so-va-nha-o-2019.pdf;https://www.unicef.org/vietnam/bringing-mother-tongues-classroom;https://documents1.worldbank.org/curated/en/331741468124474580/pdf/499760ESW0Whit1C10VietnamSummary1LR.pdf;https://www.unicef.org/vietnam/documents/disparities-and-multidimensional-child-poverty-among-ethnic-minority-populations-viet-nam;https://www.unesco.org/en/legal-affairs/recommendation-open-educational-resources-oer?hub=422;https://www.w3.org/TR/WCAG22/,"VNM_CENSUS_2019: population by ethnic group table; VNM_UNICEF_MTBBE: Mông, J’rai and Khmer pilot and scale-up sections; VNM_WB_MINORITY_ED: pp. 24–27; VNM_UNICEF_MINORITY_2025: highlights and full report; OER_UNESCO_2019: Definition I.1 and areas of action; WCAG_22: Conformance requirements and Success Criteria","Ethnicity proxy, not a speaker/reader count. Do not collapse Tày with the census macro category beyond the named mapping, Vietnamese, or neighboring varieties; pilot participation is a nested nonadditive cohort.",,ATTACHED_TO_EXISTING_EDITION,false,50d10966c0bfdca5657ab8452d74d12c1b84174b41dc2390709d9f6cd1728656,edition-target:lang:tyz-Latn-VN,,,edition-target:lang:tyz-Latn-VN,edition-target:lang:tyz-Latn-VN
regional:OCEANIA_CENTRAL_ASIA_EMPIRICAL_INPUTS:uz-Cyrl-UZ:269,OCEANIA_CENTRAL_ASIA_EMPIRICAL_INPUTS,uz-Cyrl-UZ,,REGIONAL_EMPIRICAL_STRATUM,unrankable_script_literacy_overlap,persons,,,,No compatible census count of Uzbek Cyrillic readers was verified.,,Uzbekistan,Uzbek Cyrillic orthography,UZB_CENSUS_PRELIM_2026;UZB_UNICEF_PISA;UZB_UNICEF_SITAN;OER_UNESCO_2019;WCAG_22,https://stat.uz/en/press-center/news-of-committee/68979-a-oli-va-ishlo-kh-zhaligini-r-jkhatga-olish-tadbirining-dastlabki-natizhalariga-ba-ishlangan-konferentsiya-tkazildi-4;https://www.unicef.org/uzbekistan/en/media/5926/file;https://www.unicef.org/uzbekistan/en/media/6731/file/SitAnen.pdf.pdf;https://www.unesco.org/en/legal-affairs/recommendation-open-educational-resources-oer?hub=422;https://www.w3.org/TR/WCAG22/,UZB_CENSUS_PRELIM_2026: native-language and ethnicity preliminary results; UZB_UNICEF_PISA: PISA 2022 baseline section; UZB_UNICEF_SITAN: education-language and attendance sections; OER_UNESCO_2019: Definition I.1 and areas of action; WCAG_22: Conformance requirements and Success Criteria,"Explicit unrankable script-reader population. This is an overlapping access arm, not an additional language population; do not copy or add the 35.7 million language count.",,EVIDENCE_ONLY_CONTEXT,false,33d9435d91077d5a26558e25ec16bc60634c54682a09dfe9835bbaf14059463c,,,,,
regional:OCEANIA_CENTRAL_ASIA_EMPIRICAL_INPUTS:uz-Latn-UZ:268,OCEANIA_CENTRAL_ASIA_EMPIRICAL_INPUTS,uz-Latn-UZ,edition-target:lang:uz-Latn-UZ,REGIONAL_EMPIRICAL_STRATUM,preliminary_census_native_language_rounded,persons,35650000,35700000,35749999,Preliminary 2026 census reports 35.7 million people naming Uzbek as native; interval preserves rounding to the nearest 0.1 million.,2026,Uzbekistan,Uzbek Latin alphabet,UZB_CENSUS_PRELIM_2026;UZB_UNICEF_PISA;UZB_UNICEF_SITAN;OER_UNESCO_2019;WCAG_22,https://stat.uz/en/press-center/news-of-committee/68979-a-oli-va-ishlo-kh-zhaligini-r-jkhatga-olish-tadbirining-dastlabki-natizhalariga-ba-ishlangan-konferentsiya-tkazildi-4;https://www.unicef.org/uzbekistan/en/media/5926/file;https://www.unicef.org/uzbekistan/en/media/6731/file/SitAnen.pdf.pdf;https://www.unesco.org/en/legal-affairs/recommendation-open-educational-resources-oer?hub=422;https://www.w3.org/TR/WCAG22/,UZB_CENSUS_PRELIM_2026: native-language and ethnicity preliminary results; UZB_UNICEF_PISA: PISA 2022 baseline section; UZB_UNICEF_SITAN: education-language and attendance sections; OER_UNESCO_2019: Definition I.1 and areas of action; WCAG_22: Conformance requirements and Success Criteria,"Preliminary rounded native-language interval, not literacy. Latin and Cyrillic rows are the same people in overlapping script-access strata and must never be added.",,ATTACHED_TO_EXISTING_EDITION,false,2822f17a88051ee1cf109d4ccabf53f7ce08bdae42d555d2212e68dfc778ff84,edition-target:lang:uz-Latn-UZ,,,edition-target:lang:uz-Latn-UZ,edition-target:lang:uz-Latn-UZ
regional:OCEANIA_CENTRAL_ASIA_EMPIRICAL_INPUTS:wbl-Latn-001:275,OCEANIA_CENTRAL_ASIA_EMPIRICAL_INPUTS,wbl-Latn-001,,REGIONAL_EMPIRICAL_STRATUM,published_transboundary_estimate_range,persons,37570,,72000,Published lower and upper Wakhi speaker estimates pooled across transboundary studies; no midpoint is manufactured.,2022,"Tajikistan, Afghanistan, Pakistan and China",Latin research orthography; Cyrillic and Perso-Arabic practices separately tagged,WAKHI_STUDY;TJK_UNICEF_CONNECT;TJK_UNICEF_SITAN_2025;OER_UNESCO_2019;WCAG_22,https://bahasawan.com/wp-content/uploads/2022/01/Wakhi-in-New-York_edited.pdf;https://www.unicef.org/tajikistan/reports/achieving-universal-connectivity-education-sector-republic-tajikistan;https://www.unicef.org/tajikistan/media/9231/file/Tajikistan_SitAn_2025_ENG.pdf.pdf;https://www.unesco.org/en/legal-affairs/recommendation-open-educational-resources-oer?hub=422;https://www.w3.org/TR/WCAG22/,WAKHI_STUDY: demography and orthography sections; TJK_UNICEF_CONNECT: school inventory and connectivity baseline; TJK_UNICEF_SITAN_2025: learning and minority/rural education sections; OER_UNESCO_2019: Definition I.1 and areas of action; WCAG_22: Conformance requirements and Success Criteria,"Heterogeneous transboundary estimate range with no base point; not additive across sources. Latin, Cyrillic and Perso-Arabic literacy arms must remain separate.",,EVIDENCE_ONLY_CONTEXT,false,b4c3d718185e48ea8a2093e95e29d3240b80c26107a7d2aee1106eb2e2d24dea,,,,,
regional:OCEANIA_CENTRAL_ASIA_EMPIRICAL_INPUTS:wlc-Latn-KM-MWA:245,OCEANIA_CENTRAL_ASIA_EMPIRICAL_INPUTS,wlc-Latn-KM-MWA,,REGIONAL_EMPIRICAL_STRATUM,island_territorial_exposure_ceiling,persons,,,51567,2017 resident population of the named island retained only as a maximum exposure ceiling for Shimwali.,2017,"Comoros, Mwali (Mohéli)",Latin orthography; Arabic-script religious/domain materials separately tagged,COM_CENSUS_2017;COM_ED_LANG;COM_WB_2025;OER_UNESCO_2019;WCAG_22,https://www.inseed-comores.org/wp-content/uploads/2024/02/RAPPORT-RESULTATS-GLOBAUX_COMORES-DU-RGPH-2017.pdf;https://publications-prairial.fr/rif/index.php?id=1495;https://documents1.worldbank.org/curated/en/099011725115522033/pdf/BOSIB-1b28ddee-3cc9-4cee-b588-d6971d933cfd.pdf;https://www.unesco.org/en/legal-affairs/recommendation-open-educational-resources-oer?hub=422;https://www.w3.org/TR/WCAG22/,COM_CENSUS_2017: island population tables; COM_ED_LANG: education-language sections; COM_WB_2025: education and digital-access sections; OER_UNESCO_2019: Definition I.1 and areas of action; WCAG_22: Conformance requirements and Success Criteria,Island territorial ceiling only. The three island ceilings are different geographies but not speaker counts; Comorian varieties and scripts must not be collapsed or treated as fully mutually substitutable.,,EVIDENCE_ONLY_CONTEXT,false,e3db5456d4128d512f6d3973ec2e81f2269537531cdd6f4ff350bdee6f2c1518,,,,,
regional:OCEANIA_CENTRAL_ASIA_EMPIRICAL_INPUTS:wni-Latn-KM-NDZ:244,OCEANIA_CENTRAL_ASIA_EMPIRICAL_INPUTS,wni-Latn-KM-NDZ,,REGIONAL_EMPIRICAL_STRATUM,island_territorial_exposure_ceiling,persons,,,327382,2017 resident population of the named island retained only as a maximum exposure ceiling for Shindzuani.,2017,"Comoros, Ndzuani (Anjouan)",Latin orthography; Arabic-script religious/domain materials separately tagged,COM_CENSUS_2017;COM_ED_LANG;COM_WB_2025;OER_UNESCO_2019;WCAG_22,https://www.inseed-comores.org/wp-content/uploads/2024/02/RAPPORT-RESULTATS-GLOBAUX_COMORES-DU-RGPH-2017.pdf;https://publications-prairial.fr/rif/index.php?id=1495;https://documents1.worldbank.org/curated/en/099011725115522033/pdf/BOSIB-1b28ddee-3cc9-4cee-b588-d6971d933cfd.pdf;https://www.unesco.org/en/legal-affairs/recommendation-open-educational-resources-oer?hub=422;https://www.w3.org/TR/WCAG22/,COM_CENSUS_2017: island population tables; COM_ED_LANG: education-language sections; COM_WB_2025: education and digital-access sections; OER_UNESCO_2019: Definition I.1 and areas of action; WCAG_22: Conformance requirements and Success Criteria,Island territorial ceiling only. The three island ceilings are different geographies but not speaker counts; Comorian varieties and scripts must not be collapsed or treated as fully mutually substitutable.,,EVIDENCE_ONLY_CONTEXT,false,cdb46c146dc0bfd35603c5274f08ed44aabff56a2a1db89fff1b8478edb283ea,,,,,
regional:OCEANIA_CENTRAL_ASIA_EMPIRICAL_INPUTS:zdj-Latn-KM-NGZ:243,OCEANIA_CENTRAL_ASIA_EMPIRICAL_INPUTS,zdj-Latn-KM-NGZ,,REGIONAL_EMPIRICAL_STRATUM,island_territorial_exposure_ceiling,persons,,,379367,2017 resident population of the named island retained only as a maximum exposure ceiling for Shingazidja.,2017,"Comoros, Ngazidja (Grande Comore)",Latin orthography; Arabic-script religious/domain materials separately tagged,COM_CENSUS_2017;COM_ED_LANG;COM_WB_2025;OER_UNESCO_2019;WCAG_22,https://www.inseed-comores.org/wp-content/uploads/2024/02/RAPPORT-RESULTATS-GLOBAUX_COMORES-DU-RGPH-2017.pdf;https://publications-prairial.fr/rif/index.php?id=1495;https://documents1.worldbank.org/curated/en/099011725115522033/pdf/BOSIB-1b28ddee-3cc9-4cee-b588-d6971d933cfd.pdf;https://www.unesco.org/en/legal-affairs/recommendation-open-educational-resources-oer?hub=422;https://www.w3.org/TR/WCAG22/,COM_CENSUS_2017: island population tables; COM_ED_LANG: education-language sections; COM_WB_2025: education and digital-access sections; OER_UNESCO_2019: Definition I.1 and areas of action; WCAG_22: Conformance requirements and Success Criteria,Island territorial ceiling only. The three island ceilings are different geographies but not speaker counts; Comorian varieties and scripts must not be collapsed or treated as fully mutually substitutable.,,EVIDENCE_ONLY_CONTEXT,false,72dba938b9f6cd337b050652e7ab322d2d5b4883370edf499dab1482944e505b,,,,,
regional:OCEANIA_CENTRAL_ASIA_EMPIRICAL_INPUTS:zza-Latn-TR:297,OCEANIA_CENTRAL_ASIA_EMPIRICAL_INPUTS,zza-Latn-TR,,REGIONAL_EMPIRICAL_STRATUM,peer_reviewed_secondary_estimate_range,persons,1000000,,2000000,PARME Table A.1 and VarDial literature report approximately 1–2 million speakers; no midpoint is manufactured.,2025,Türkiye,Latin Zazaki orthographies; dialect/standard variants separately tagged,PARME_ACL_2025;ZAZAKI_VARDIAL;OER_UNESCO_2019;WCAG_22,https://aclanthology.org/2025.acl-long.1451.pdf;https://aclanthology.org/2020.vardial-1.7.pdf;https://www.unesco.org/en/legal-affairs/recommendation-open-educational-resources-oer?hub=422;https://www.w3.org/TR/WCAG22/,"PARME_ACL_2025: Table A.1 and Appendix A; ZAZAKI_VARDIAL: introduction, population/endangerment and corpus sections; OER_UNESCO_2019: Definition I.1 and areas of action; WCAG_22: Conformance requirements and Success Criteria","Rounded estimate range, not census or script readers; no midpoint. Zazaki must not be collapsed into Kurmanji or generic Kurdish.",,EVIDENCE_ONLY_CONTEXT,false,c3ea5e698e4e13b8eed0f8d29d7024dba3703f9fab3c926bef827a77623e27e2,,,,,
regional:cmn-cn-putonghua-rate-2020,v2_population,REG-CMN-CN-SPOKEN-RATE-2020,edition-target:lang:cmn-CN:spoken,POPULATION_OR_CONTEXT,reported_ability_rate,percent,,80.72,,Reported Putonghua communicative-ability rate; no compatible person denominator in the cited press locator,2020,,,SRC_AUDIT_GLOBAL_LARGE_LANGUAGE_CONTROLS,,,nonadditive_rate_context,CN_PUTONGHUA_2020,V2_CANONICAL_EVIDENCE,false,590f32a38562f9102dc43037983b3547923898a9ccba5fd9299460abca7a4b83,edition-target:lang:cmn-CN:spoken,,,edition-target:lang:cmn-CN:spoken,edition-target:lang:cmn-CN:spoken
regional:ja-jp-nationality-exposure-2024,v2_population,REG-JA-JP-NATIONALS-2024,edition-target:lang:ja-Jpan-JP,POPULATION_OR_CONTEXT,nationality_exposure_ceiling,persons,,,120296000,Japanese nationals in Japan; administrative exposure definition and not language ability,2024,,,SRC_AUDIT_GLOBAL_LARGE_LANGUAGE_CONTROLS,,,alternative_exposure_definition,JA_JP_EXPOSURE_2024,V2_CANONICAL_EVIDENCE,false,e4a5ddc8d6ddef4634f009bab6902301411ac1c5b23ddbc77a577a960ee1a05b,edition-target:lang:ja-Jpan-JP,,,edition-target:lang:ja-Jpan-JP,edition-target:lang:ja-Jpan-JP
regional:ja-jp-resident-exposure-2024,v2_population,REG-JA-JP-RESIDENTS-2024,edition-target:lang:ja-Jpan-JP,POPULATION_OR_CONTEXT,resident_exposure_ceiling,persons,,,123802000,Total residents of Japan; administrative exposure definition and not language ability,2024,,,SRC_AUDIT_GLOBAL_LARGE_LANGUAGE_CONTROLS,,,alternative_exposure_definition,JA_JP_EXPOSURE_2024,V2_CANONICAL_EVIDENCE,false,b49bef1cdfa2f9565dd119fe813a62ff24ed0f4e7f965dd9e27da0ca8c15f319,edition-target:lang:ja-Jpan-JP,,,edition-target:lang:ja-Jpan-JP,edition-target:lang:ja-Jpan-JP
regional:ru-ru-ability-item-respondents-2021,v2_population,REG-RU-RU-RESPONSE-DENOM-2021,edition-target:lang:ru-Cyrl-RU,POPULATION_OR_CONTEXT,survey_response_denominator,persons,135125671,135125671,135125671,Persons answering the Russian Federation census language-ability item,2021,,,SRC_AUDIT_GLOBAL_LARGE_LANGUAGE_CONTROLS,,,denominator_context_only,RU_CENSUS_LANGUAGE_2021,V2_CANONICAL_EVIDENCE,false,a31f08d24a191aa9bf9651c7ce62b65561cb55956dd601acc3e86942e83eee41,edition-target:lang:ru-Cyrl-RU,,,edition-target:lang:ru-Cyrl-RU,edition-target:lang:ru-Cyrl-RU
regional:ru-ru-daily-use-2021,v2_population,REG-RU-RU-DAILY-2021,edition-target:lang:ru-Cyrl-RU,POPULATION_OR_CONTEXT,daily_use,persons,132317159,132317159,132317159,Persons reporting daily use of Russian in the 2020 Census referenced to 1 October 2021,2021,,,SRC_AUDIT_GLOBAL_LARGE_LANGUAGE_CONTROLS,,,alternative_overlapping_endpoint,RU_CENSUS_LANGUAGE_2021,V2_CANONICAL_EVIDENCE,false,0e478d67640c791a9b66112beb0110e1c649f01c2685359750853f7a3d0a5126,edition-target:lang:ru-Cyrl-RU,,,edition-target:lang:ru-Cyrl-RU,edition-target:lang:ru-Cyrl-RU
regional:ru-ru-reported-ability-2021,v2_population,REG-RU-RU-ABILITY-2021,edition-target:lang:ru-Cyrl-RU,POPULATION_OR_CONTEXT,reported_ability,persons,134319233,134319233,134319233,Persons reporting Russian ability in the 2020 Census referenced to 1 October 2021,2021,,,SRC_AUDIT_GLOBAL_LARGE_LANGUAGE_CONTROLS,,,alternative_overlapping_endpoint,RU_CENSUS_LANGUAGE_2021,V2_CANONICAL_EVIDENCE,false,f0966932de0f9d522c1157080413c8abfbb51721cd87696a5816b558c4a8ee45,edition-target:lang:ru-Cyrl-RU,,,edition-target:lang:ru-Cyrl-RU,edition-target:lang:ru-Cyrl-RU
regional:tr-tr-resident-ceiling-2024,v2_population,REG-TR-TR-RESIDENT-2024,edition-target:lang:tr-Latn-TR,POPULATION_OR_CONTEXT,territorial_exposure_ceiling,persons,,,85664944,Registered population of Turkiye; a territorial ceiling and not a Turkish-user count,2024,,,SRC_AUDIT_GLOBAL_LARGE_LANGUAGE_CONTROLS,,,alternative_construct,TR_TR_CONTEXT,V2_CANONICAL_EVIDENCE,false,c2df202797376fe2cea51725492c6650e802dec37eeb2e0a30ce3e2125478bb6,edition-target:lang:tr-Latn-TR,,,edition-target:lang:tr-Latn-TR,edition-target:lang:tr-Latn-TR
regional:tr-tr-speaker-lower-bound,v2_population,REG-TR-TR-SPEAKER-CONTEXT,edition-target:lang:tr-Latn-TR,POPULATION_OR_CONTEXT,rounded_speaker_lower_bound,persons,80000000,,,Peer-reviewed rounded statement that Turkish is spoken by more than 80 million people mainly in Turkiye,n.d.,,,SRC_AUDIT_GLOBAL_LARGE_LANGUAGE_CONTROLS,,,alternative_construct,TR_TR_CONTEXT,V2_CANONICAL_EVIDENCE,false,14e5464b789b198921a392763b56c02088e9427c3a7f292964f3d6ee8c2f2419,edition-target:lang:tr-Latn-TR,,,edition-target:lang:tr-Latn-TR,edition-target:lang:tr-Latn-TR
regional:zh-hant-hk-ceiling-2021,v2_population,REG-ZH-HANT-HK-CEILING-2021,edition-target:lang:zh-Hant-HK:written,POPULATION_OR_CONTEXT,territorial_written_standard_exposure_ceiling,persons,,,7413070,Hong Kong census population; ceiling only and not a reader count,2021,,,SRC_AUDIT_GLOBAL_LARGE_LANGUAGE_CONTROLS,,,territory_disjoint_context,ZH_HANT_TERRITORIES,V2_CANONICAL_EVIDENCE,false,d3bc3d1904f769751c6638095649bbc49ea57c175c02e5818635d14f069bd055,edition-target:lang:zh-Hant-HK:written,,,edition-target:lang:zh-Hant-HK:written,edition-target:lang:zh-Hant-HK:written
regional:zh-hant-mo-ceiling-2021,v2_population,REG-ZH-HANT-MO-CEILING-2021,edition-target:lang:zh-Hant-MO:written,POPULATION_OR_CONTEXT,territorial_written_standard_exposure_ceiling,persons,,,682070,Macao census population; ceiling only and not a reader count,2021,,,SRC_AUDIT_GLOBAL_LARGE_LANGUAGE_CONTROLS,,,territory_disjoint_context,ZH_HANT_TERRITORIES,V2_CANONICAL_EVIDENCE,false,5cf6c815cee3f5d7d75adec63a90cdb4e25b39cc31945aebd14d706fca651a99,edition-target:lang:zh-Hant-MO:written,,,edition-target:lang:zh-Hant-MO:written,edition-target:lang:zh-Hant-MO:written
regional:zh-hant-tw-ceiling-2020,v2_population,REG-ZH-HANT-TW-CEILING-2020,edition-target:lang:zh-Hant-TW:written,POPULATION_OR_CONTEXT,territorial_written_standard_exposure_ceiling,persons,,,23561236,Taiwan registered population; ceiling only and not a reader count,2020,,,SRC_AUDIT_GLOBAL_LARGE_LANGUAGE_CONTROLS,,,territory_disjoint_context,ZH_HANT_TERRITORIES,V2_CANONICAL_EVIDENCE,false,cc0b0cd39511438c2e52238b53e47447cdbd6d254432ff3da94e5b2ad7cc9c15,edition-target:lang:zh-Hant-TW:written,,,edition-target:lang:zh-Hant-TW:written,edition-target:lang:zh-Hant-TW:written
signed:AC-AT-GLOBAL-2022-DENIED,v2_signed_accessibility,AC-AT-GLOBAL-2022-DENIED,,access_gap,nearly,persons,,1000000000,,People needing one or more assistive products who lack access.,2022,Global,,source:signed:ac-at-global-2022-denied,https://www.who.int/news/item/16-05-2022-almost-one-billion-children-and-adults-with-disabilities-and-older-persons-in-need-of-assistive-technology-denied-access--according-to-new-report,,nested_subset_not_additive,GLOBAL_ASSISTIVE_TECHNOLOGY,ACCESSIBILITY_OVERLAY_NONADDITIVE,false,4fa77fba481610a793e40882e8b557d4fe57636aac7b4e1ee19500e954bd7cbd,,,,,
signed:AC-AT-GLOBAL-2022-NEED,v2_signed_accessibility,AC-AT-GLOBAL-2022-NEED,,broad_population_context,more_than,persons,,2500000000,,"Need for one or more assistive products across mobility, hearing, self-care, vision, cognition, and communication.",2022,Global,,source:signed:ac-at-global-2022-need,https://www.who.int/news/item/16-05-2022-almost-one-billion-children-and-adults-with-disabilities-and-older-persons-in-need-of-assistive-technology-denied-access--according-to-new-report,,person_overlay_not_additive,GLOBAL_ASSISTIVE_TECHNOLOGY,ACCESSIBILITY_OVERLAY_NONADDITIVE,false,2d65277d88e85ad176d80c76480fe716046746e064950d6c852aa9bbcd59d66a,,,,,
signed:AC-AUDIO-US-NLS-FY2024,v2_signed_accessibility,AC-AUDIO-US-NLS-FY2024,,observed_service_use,reported,readers,,,,Readers served using audio; NLS digital talking-book players support DAISY/ANSI-NISO formats.,FY2024,United States NLS service,,source:signed:ac-audio-us-nls-fy2024,https://www.loc.gov/static/portals/about/reports-and-budgets/documents/annual-reports/fy2024.pdf,,service_categories_overlap,US_NLS_FY2024_READERSHIP,SUPPLY_POLICY_UTILIZATION_NONADDITIVE,false,e7182d1128ee31cb787deee502af842f9f6e231f209ca25c8d7c186c30f56d27,,,,,
signed:AC-DEMENTIA-GLOBAL-2021,v2_signed_accessibility,AC-DEMENTIA-GLOBAL-2021,,population_need_proxy,estimated,persons,,57000000,,People living with dementia.,2021,Global,,source:signed:ac-dementia-global-2021,https://www.who.int/news-room/fact-sheets/detail/dementia%E2%80%AF,,person_overlay_not_additive,GLOBAL_PLAIN_COGNITIVE_ACCESS,ACCESSIBILITY_OVERLAY_NONADDITIVE,false,769f314b4fcdfec466916e11ba5bc7e567e72b8363429012d97de8b7797bf428,,,,,
signed:AC-EPUB-GLOBAL-WIPO-ACCESS,v2_signed_accessibility,AC-EPUB-GLOBAL-WIPO-ACCESS,,supply_access_gap,less_than,percent_of_published_materials,,,,Share estimated readable by blind or low-vision people.,current portal; estimate date not stated,Global,,source:signed:ac-epub-global-wipo-access,https://www.wipo.int/en/web/abc/portal/index,,supply_unit_not_person_count,GLOBAL_ACCESSIBLE_PUBLISHING,SUPPLY_POLICY_UTILIZATION_NONADDITIVE,false,4169a6d86c4ac64aa6285280fa5d9c064bbaf9a8b3eb7e88f57b0d3b88f33968,,,,,
signed:AC-HOMEINTERNET-YOUTH-GLOBAL-2020,v2_signed_accessibility,AC-HOMEINTERNET-YOUTH-GLOBAL-2020,,population_access_gap,estimated,persons,,2200000000,,No internet connection at home.,2020,Global,,source:signed:ac-homeinternet-youth-global-2020,https://www.unicef.org/media/88381/file/How-many-children-and-young-people-have-internet-access-at-home-2020.pdf,,person_overlay_not_additive,GLOBAL_CONNECTIVITY_ACCESS,ACCESSIBILITY_OVERLAY_NONADDITIVE,false,1e7d4f40aed8b05ef1cbf3d5b734d978a8f8216144fe98947d7b780f3791afef,,,,,
signed:AC-HTML-UK-2022-24-INFOREL,v2_signed_accessibility,AC-HTML-UK-2022-24-INFOREL,,supply_access_gap,reported,percent_of_websites,,,,Percentage of tested websites with WCAG 1.3.1 Info and Relationships issues.,2022-2024,United Kingdom public sector,,source:signed:ac-html-uk-2022-24-inforel,https://www.gov.uk/government/publications/accessibility-monitoring-of-public-sector-websites-and-mobile-apps-from-2022-to-2024/accessibility-monitoring-of-public-sector-websites-and-mobile-apps-from-2022-to-2024,,supply_unit_not_person_count,UK_GDS_2022_24_WEB_MONITORING,SUPPLY_POLICY_UTILIZATION_NONADDITIVE,false,3139317674e5cfd45a9eda524c2a63376d63fbfd18abd5e1361ab82f88cbe6df,,,,,
signed:AC-LITERACY-GLOBAL-2025,v2_signed_accessibility,AC-LITERACY-GLOBAL-2025,,population_need_proxy,estimated,persons,,739000000,,Adults lacking basic literacy skills under UIS reporting.,2025,Global,,source:signed:ac-literacy-global-2025,https://www.unesco.org/en/literacy?hub=68243,,person_overlay_not_additive,GLOBAL_PLAIN_COGNITIVE_ACCESS,ACCESSIBILITY_OVERLAY_NONADDITIVE,false,f8996c4dc15588df279844f7c0ae1d416bf76cf4109a551368f8374416630a5c,,,,,
signed:AC-LITERACY-OECD-PIAAC2023,v2_signed_accessibility,AC-LITERACY-OECD-PIAAC2023,,population_rate_proxy,average,percent_of_adults,,,,Average share scoring at Level 1 or below on the PIAAC literacy scale.,2023,PIAAC Cycle 2 participating OECD countries,,source:signed:ac-literacy-oecd-piaac2023,https://www.oecd.org/en/topics/literacy-skills.html,,rate_not_person_count,GLOBAL_PLAIN_COGNITIVE_ACCESS,ACCESSIBILITY_OVERLAY_NONADDITIVE,false,d933fe5577683e1a1b8c8095e70be43fef03b04f0f844ff8b1d7095d9ffd6b62,,,,,
signed:AC-OFFLINE-GLOBAL-ITU2025,v2_signed_accessibility,AC-OFFLINE-GLOBAL-ITU2025,,population_access_gap,estimated,persons,,2200000000,,People not using the Internet under ITU usage concepts.,2025,Global,,source:signed:ac-offline-global-itu2025,https://www.itu.int/en/mediacentre/Pages/PR-2025-11-17-Facts-and-Figures.aspx,,person_overlay_not_additive,GLOBAL_CONNECTIVITY_ACCESS,ACCESSIBILITY_OVERLAY_NONADDITIVE,false,702a23b8af540d0b1317992ba5061f254268f29564d7f9ad7577ef261ace0e64,,,,,
signed:AC-PDF-IE-2023,v2_signed_accessibility,AC-PDF-IE-2023,,supply_access_gap,reported,sites,,,,PDF errors accounted for the highest total number of errors on the site.,2023,Ireland public sector,,source:signed:ac-pdf-ie-2023,https://nda.ie/uploads/publications/Monitoring-Report-EU-WAD-Ireland-2023.pdf,,supply_unit_not_person_count,IE_NDA_2023_WEB_MONITORING,SUPPLY_POLICY_UTILIZATION_NONADDITIVE,false,87d84112f71a7c9326f0254ef3e0f4528a447571f5a912e9be5f252d303fe09a,,,,,
signed:AC-PRINT-UK-2026-POLICY,v2_signed_accessibility,AC-PRINT-UK-2026-POLICY,,delivery_standard,non_quantitative_policy,policy_statement,,,,"Public services should provide supported offline routes including phone lines, paper forms, and face-to-face support where appropriate.",2026,United Kingdom public services,,source:signed:ac-print-uk-2026-policy,https://assets.publishing.service.gov.uk/media/69c563414a06660f085442f4/260326_One_Year_On_Progress_Report_-_Large_Print.pdf,,non_quantitative_standard,OFFLINE_ROUTE_STANDARD,SUPPLY_POLICY_UTILIZATION_NONADDITIVE,false,828b2aaa010d447f9f3353930be0008ed7166b1ec1838536d2e75707500d4c23,,,,,
signed:AC-REMOTELEARN-GLOBAL-2020,v2_signed_accessibility,AC-REMOTELEARN-GLOBAL-2020,,population_access_gap,at_least,students,,463000000,,Potentially unreachable due to absent remote-learning policy or equipment at home.,2020,Global,,source:signed:ac-remotelearn-global-2020,https://data.unicef.org/resources/remote-learning-reachability-factsheet/,,person_overlay_not_additive,GLOBAL_CONNECTIVITY_ACCESS,ACCESSIBILITY_OVERLAY_NONADDITIVE,false,a30becb40f1dc0129a72b79b1104dc026cf2827ba2ff2ceb317a22c8e93687ef,,,,,
signed:AC-SCHOOLNET-GLOBAL-LOWSEC-2023,v2_signed_accessibility,AC-SCHOOLNET-GLOBAL-LOWSEC-2023,,institutional_access_rate,reported,percent_of_schools,,,,Share of lower-secondary schools connected to the internet.,2023,Global,,source:signed:ac-schoolnet-global-lowsec-2023,https://gem-report-2023.unesco.org/,,institution_rate_not_person_count,GLOBAL_SCHOOL_CONNECTIVITY_2023,SUPPLY_POLICY_UTILIZATION_NONADDITIVE,false,4adbb209bfcbf63bcad77360c23eecfe65be46b579bf0e14fafc325f43d3140a,,,,,
signed:AC-SCHOOLNET-GLOBAL-PRIMARY-2023,v2_signed_accessibility,AC-SCHOOLNET-GLOBAL-PRIMARY-2023,,institutional_access_rate,reported,percent_of_schools,,,,Share of primary schools connected to the internet.,2023,Global,,source:signed:ac-schoolnet-global-primary-2023,https://gem-report-2023.unesco.org/,,institution_rate_not_person_count,GLOBAL_SCHOOL_CONNECTIVITY_2023,SUPPLY_POLICY_UTILIZATION_NONADDITIVE,false,969bcb9f2fcfeaf8edc97616857359c64d5a822fe66a9c8cbaa7e72ac2c4a9dd,,,,,
signed:AC-SCHOOLNET-GLOBAL-UPSEC-2023,v2_signed_accessibility,AC-SCHOOLNET-GLOBAL-UPSEC-2023,,institutional_access_rate,reported,percent_of_schools,,,,Share of upper-secondary schools connected to the internet.,2023,Global,,source:signed:ac-schoolnet-global-upsec-2023,https://gem-report-2023.unesco.org/,,institution_rate_not_person_count,GLOBAL_SCHOOL_CONNECTIVITY_2023,SUPPLY_POLICY_UTILIZATION_NONADDITIVE,false,9beebc343c3d959b797336ee7455b9032b66e55504a1c5e7b006c6fb16e313fc,,,,,
signed:AC-VISION-GLOBAL-2020-BLIND,v2_signed_accessibility,AC-VISION-GLOBAL-2020-BLIND,,population_need_proxy,estimated,persons,,43300000,,Blindness under vision-impairment definitions cited by the GBD study.,2020,Global,,source:signed:ac-vision-global-2020-blind,https://www.emro.who.int/emhj-volume-29-2023/volume-29-issue-6/systematic-review-and-meta-analysis-of-childhood-visual-impairment-in-the-eastern-mediterranean-region.html,,person_overlay_not_additive,GLOBAL_VISUAL_ACCESS,ACCESSIBILITY_OVERLAY_NONADDITIVE,false,179aac882711af4ef17c7265caa8ce410c8f10708caf392bae67127703d69c9e,,,,,
signed:AC-VISION-GLOBAL-2026-BROAD,v2_signed_accessibility,AC-VISION-GLOBAL-2026-BROAD,,broad_population_context,at_least,persons,,2200000000,,People with near or distance vision impairment.,2026,Global,,source:signed:ac-vision-global-2026-broad,https://www.who.int/news-room/fact-sheets/detail/blindness-and-visual-impairment,,person_overlay_not_additive,GLOBAL_VISUAL_ACCESS,ACCESSIBILITY_OVERLAY_NONADDITIVE,false,2582d1c4326615fced69c0b366c1e0a56ae443fc26d083cb612e58d54f258159,,,,,
signed:SL-ASL-CA-2021-KNOW,v2_signed_accessibility,SL-ASL-CA-2021-KNOW,edition-target:lang:ase-CA,language_user_measure,census_sample_estimate,persons,,37620,,Reported ASL among languages the person could use well enough to conduct a conversation.,2021,Canada,,source:signed:sl-asl-ca-2021-know,https://www12.statcan.gc.ca/census-recensement/2021/dp-pd/prof/details/page.cfm?DGUIDlist=2021A000011124&GENDERlist=1&HEADERlist=0&Lang=E&STATISTIClist=1%2C4,,multiple_response_overlay,CA_2021_KNOWLEDGE_LANGUAGES,DIRECT_TARGET_ONLY,false,6873534791fe59d63f2610a606dae6efa0adfa716283d6ddea22e0fa64f57f55,edition-target:lang:ase-CA,,,edition-target:lang:ase-CA,edition-target:lang:ase-CA
signed:SL-ASL-US-GAP,v2_signed_accessibility,SL-ASL-US-GAP,edition-target:lang:ase-US,official_data_gap,not_available,persons,,,,ACS language questions are not designed to identify ASL users and cannot provide separate ASL-use data.,current ACS design,United States,,source:signed:sl-asl-us-gap,https://www.census.gov/topics/population/language-use/about/faqs.html,,not_additive_gap,ASL_US_DATA_GAP,PROXY_OR_GAP_NO_INHERITANCE,false,6dd49460e1d27218f527b643c0414daed64221ac19e87a3e0f6474ca28d3f2e8,edition-target:lang:ase-US,,,edition-target:lang:ase-US,edition-target:lang:ase-US
signed:SL-AUSLAN-AU-2021-HOME,v2_signed_accessibility,SL-AUSLAN-AU-2021-HOME,edition-target:lang:asf-AU,language_user_measure,census_count_with_perturbation,persons,,16242,,Main non-English language used at home; 2021 form explicitly included sign languages and accepted one response.,2021,Australia,,source:signed:sl-auslan-au-2021-home,https://www.abs.gov.au/census/find-census-data/quickstats/2021/AUS,,single_response_home_language,AU_2021_MAIN_NONENGLISH_HOME_LANGUAGE,DIRECT_TARGET_ONLY,false,e8bae6253f5d5d8b65e510a0d5c0a6e4225b26af7ec2c54c79e61ca31b3e8d54,edition-target:lang:asf-AU,,,edition-target:lang:asf-AU,edition-target:lang:asf-AU
signed:SL-BSL-ENG-2021-MAIN,v2_signed_accessibility,SL-BSL-ENG-2021-MAIN,edition-target:lang:bfi-GB,language_user_measure,census_count_with_perturbation,persons,,20739,,British Sign Language reported as main language.,2021,England,,source:signed:sl-bsl-eng-2021-main,"https://api.beta.ons.gov.uk/v1/datasets/TS024/editions/2021/versions/3/json?area-type=ctry,E92000001",,mutually_exclusive_within_same_main_language_table,GB_2021_MAIN_LANGUAGE,DIRECT_TARGET_ONLY,false,ceac7edb5df268449101d79f2aa7ec278dd64ebe2126d9aba610c034d69993dd,edition-target:lang:bfi-GB,,,edition-target:lang:bfi-GB,edition-target:lang:bfi-GB
signed:SL-BSL-NIR-2021-MAIN,v2_signed_accessibility,SL-BSL-NIR-2021-MAIN,edition-target:lang:bfi-GB,language_user_measure,commissioned_census_table_sum,persons,,539,,British Sign Language reported as main language; total summed across religion columns.,2021,Northern Ireland,,source:signed:sl-bsl-nir-2021-main,https://www.nisra.gov.uk/publications/ct0041-main-language-sign-language-religion,,mutually_exclusive_within_same_main_language_table,GB_2021_MAIN_LANGUAGE,DIRECT_TARGET_ONLY,false,cb9156509bbf1a34dcd15fde08801bc0769b67806c203c9b32089fc4db0dffbf,edition-target:lang:bfi-GB,,,edition-target:lang:bfi-GB,edition-target:lang:bfi-GB
signed:SL-BSL-SCT-2022-CANUSE,v2_signed_accessibility,SL-BSL-SCT-2022-CANUSE,edition-target:lang:bfi-GB,language_user_measure,published_rounded,persons,,117300,,Affirmative response to whether the person can use BSL.,2022,Scotland,,source:signed:sl-bsl-sct-2022-canuse,https://www.scotlandscensus.gov.uk/2022-reports/scotland-s-census-2022-ethnic-group-national-identity-language-and-religion/,,multiple_response_ability_overlay,SCT_2022_BSL_CANUSE,DIRECT_TARGET_ONLY,false,2e12c6faec7b941f15ec584235079656a6c9a3384fdbd96f8875d8d4729a2254,edition-target:lang:bfi-GB,,,edition-target:lang:bfi-GB,edition-target:lang:bfi-GB
signed:SL-BSL-WLS-2021-MAIN,v2_signed_accessibility,SL-BSL-WLS-2021-MAIN,edition-target:lang:bfi-GB,language_user_measure,census_count_with_perturbation,persons,,893,,British Sign Language reported as main language.,2021,Wales,,source:signed:sl-bsl-wls-2021-main,"https://api.beta.ons.gov.uk/v1/datasets/TS024/editions/2021/versions/3/json?area-type=ctry,W92000004",,mutually_exclusive_within_same_main_language_table,GB_2021_MAIN_LANGUAGE,DIRECT_TARGET_ONLY,false,67f9f743e74f3705cd2e6287b81ea7ea9f7218145e058cfc4698fbed9b8c3181,edition-target:lang:bfi-GB,,,edition-target:lang:bfi-GB,edition-target:lang:bfi-GB
signed:SL-CSL-CN-2025-HEARING-PROXY,v2_signed_accessibility,SL-CSL-CN-2025-HEARING-PROXY,edition-target:lang:csl-CN,need_proxy,case_claim,persons,,27800000,,Target population stated for an AI sign-translation deployment case.,2025,China,,source:signed:sl-csl-cn-2025-hearing-proxy,https://www.nda.gov.cn/sjj/zhuanti/sjbz/0520/20250520203734249576249_pc.html,,proxy_not_additive,CN_HEARING_IMPAIRMENT_PROXY,PROXY_OR_GAP_NO_INHERITANCE,false,1f76c3b04981f7dd14746ce943267981455a620408f64a1e523e8ad827d19588,edition-target:lang:csl-CN,,,edition-target:lang:csl-CN,edition-target:lang:csl-CN
signed:SL-DGS-DE-2007-INTERP-PROXY,v2_signed_accessibility,SL-DGS-DE-2007-INTERP-PROXY,edition-target:lang:gsg-DE,need_proxy,approximately_association_estimate,persons,,100000,,German Deaf Association estimate relayed by a Bundestag report: people dependent on sign-language interpreters.,2007,Germany,,source:signed:sl-dgs-de-2007-interp-proxy,https://dserver.bundestag.de/btd/16/138/1613860.pdf,,proxy_not_additive,DE_SIGN_INTERPRETER_NEED_PROXY,PROXY_OR_GAP_NO_INHERITANCE,false,f6b6ef73de08f7d24135cc651e787fdff8e056964cd1d57096b030d3546ac726,edition-target:lang:gsg-DE,,,edition-target:lang:gsg-DE,edition-target:lang:gsg-DE
signed:SL-IRSL-IE-2011-HOME,v2_signed_accessibility,SL-IRSL-IE-2011-HOME,edition-target:lang:isg-IE,language_user_measure,census_count,persons,,2590,,Irish Sign Language reported in the Census language-at-home response.,2011,Ireland,,source:signed:sl-irsl-ie-2011-home,https://www.cso.ie/en/media/csoie/census/documents/census2011profile8/Profile_8_Full_document.pdf,,home_language_restricted,IE_CEN2011_SIGN_LANGUAGE_HOME,DIRECT_TARGET_ONLY,false,914ac03451caf993fa4686caefc5ecebb0cbe799a0fdca656f536aa9be4fa0ec,edition-target:lang:isg-IE,,,edition-target:lang:isg-IE,edition-target:lang:isg-IE
signed:SL-ISLINDIA-IN-2011-HEARING-PROXY,v2_signed_accessibility,SL-ISLINDIA-IN-2011-HEARING-PROXY,edition-target:lang:ins-IN,need_proxy,reported,percent,,,,Share of persons with disabilities reported as having hearing disabilities.,2011,India,,source:signed:sl-islindia-in-2011-hearing-proxy,https://www.pib.gov.in/PressReleasePage.aspx?PRID=2110150&lang=2&reg=48,,proxy_not_additive,IN_CEN2011_DISABILITY,PROXY_OR_GAP_NO_INHERITANCE,false,172221cc3363a7019d58533f326c2e84b04f69e411e6ea51e26a5a0170258c36,edition-target:lang:ins-IN,,,edition-target:lang:ins-IN,edition-target:lang:ins-IN
signed:SL-JSL-JP-2006-SIGNMEDIATED,v2_signed_accessibility,SL-JSL-JP-2006-SIGNMEDIATED,edition-target:lang:jsl-JP,need_proxy,approximately,persons,,65000,,Uses sign language or sign-language interpretation as a communication means.,2006,Japan,,source:signed:sl-jsl-jp-2006-signmediated,https://www.mhlw.go.jp/bunya/shougaihoken/cyousajigyou/jiritsushien_project/seika/research_09/dl/result/11-07c.pdf,,restricted_need_proxy_not_language_count,JP_2006_HEARING_DISABLED_COMMUNICATION,PROXY_OR_GAP_NO_INHERITANCE,false,6360d6b55c53b10341246818f079661133d37761b045944d8991562c175d6333,edition-target:lang:jsl-JP,,,edition-target:lang:jsl-JP,edition-target:lang:jsl-JP
signed:SL-LIBRAS-BR-2019-KNOW,v2_signed_accessibility,SL-LIBRAS-BR-2019-KNOW,edition-target:lang:bzs-BR,language_user_measure,approximately,persons,,153000,,Self/proxy report of knowing how to use Libras.,2019,Brazil,,source:signed:sl-libras-br-2019-know,https://www.ibge.gov.br/biblioteca/visualizacao/livros/liv101846.pdf,,restricted_population_overlay,BR_PNS2019_HEARING_DIFFICULTY_AGE5_40,DIRECT_TARGET_ONLY,false,693423b5ec7b98e102693234332d36c1de6594d5bd18112c52073f6cd340e93d,edition-target:lang:bzs-BR,,,edition-target:lang:bzs-BR,edition-target:lang:bzs-BR
signed:SL-LSF-FR-1998-99-USE,v2_signed_accessibility,SL-LSF-FR-1998-99-USE,edition-target:lang:fsl-FR,language_user_measure,approximately,persons,,119000,,"Reported using sign language; report section discusses LSF and includes 44,000 people with hearing impairment plus 75,000 without declared hearing impairment.",1998-1999,Metropolitan France,,source:signed:sl-lsf-fr-1998-99-use,https://drees.solidarites-sante.gouv.fr/sites/default/files/2020-10/dtee71.pdf,,already_union_total,FR_HID1998_99_SIGN_USE,QUALIFIED_CONTEXT_NO_INHERITANCE,false,b55403c323745eba600c668a8164cf7c9bdb7b3c9d2e0d9351cb4426955744d0,edition-target:lang:fsl-FR,,,edition-target:lang:fsl-FR,edition-target:lang:fsl-FR
signed:SL-LSQ-CA-2021-KNOW,v2_signed_accessibility,SL-LSQ-CA-2021-KNOW,edition-target:lang:fcs-CA,language_user_measure,census_sample_estimate,persons,,6195,,Reported LSQ among languages the person could use well enough to conduct a conversation.,2021,Canada,,source:signed:sl-lsq-ca-2021-know,https://www12.statcan.gc.ca/census-recensement/2021/dp-pd/prof/details/page.cfm?DGUIDlist=2021A000011124&GENDERlist=1&HEADERlist=0&Lang=E&STATISTIClist=1%2C4,,multiple_response_overlay,CA_2021_KNOWLEDGE_LANGUAGES,DIRECT_TARGET_ONLY,false,ec3f065510199a42f38f58d2a44a7af9190f1164218fd8874a8878cd3f90dc30,edition-target:lang:fcs-CA,,,edition-target:lang:fcs-CA,edition-target:lang:fcs-CA
signed:SL-NZSL-NZ-2023-CANUSE,v2_signed_accessibility,SL-NZSL-NZ-2023-CANUSE,edition-target:lang:nzs-NZ,language_user_measure,randomly_rounded_census_count,persons,,24678,,NZSL among languages a person can speak or use; up to six responses allowed.,2023,New Zealand,,source:signed:sl-nzsl-nz-2023-canuse,https://tools.summaries.stats.govt.nz/ethnic-group/pacific-peoples-not-further-defined,,multiple_response_overlay,NZ_2023_LANGUAGES_SPOKEN,DIRECT_TARGET_ONLY,false,bc92a7d9a893cc85aa0039310d6bde0d72129e6b780d482c4439515fffa2162f,edition-target:lang:nzs-NZ,,,edition-target:lang:nzs-NZ,edition-target:lang:nzs-NZ
signed:SL-SPAIN-SIGN-2020-USE,v2_signed_accessibility,SL-SPAIN-SIGN-2020-USE,,language_user_measure,survey_estimate_from_thousands,persons,,27300,,"Reported use of lengua de signos; survey table does not separate Spanish, Catalan, or other sign languages.",2020,Spain,,source:signed:sl-spain-sign-2020-use,https://www.ine.es/jaxi/Tabla.htm?L=0&tpx=51816,,restricted_population_overlay,ES_EDAD2020_HEARING_DISABILITY_AGE6PLUS,QUALIFIED_CONTEXT_NO_INHERITANCE,false,192b996df705e658d2977112b15d5e653ba3c45815076cb67725249f0cd439a3,,,,,
supplement:bn-Beng-IN-reported-L123-2011,large_population_supplement_v1,bn-Beng-IN-reported-L123-2011,edition-target:lang:bn-Beng-IN,LARGE_POPULATION_SUPPLEMENT,exact_census_reported_first_second_third_language_total,persons,,107472243,,"National sum of Bengali in the first-language/mother-tongue group (97237669), first subsidiary-language/L2 (9095810), and second subsidiary-language/L3 (1138764) positions.",2011,"India, national Census 2011 state code 00",Bengali; Bengali script literacy not measured by C-17,LPOS_IN_C17_2011,https://censusindia.gov.in/nada/index.php/catalog/10262/download/13374/DDW-C17-0000.XLSX,"Sheet1, state code 00; Bengali first-language total 97237669, L2 sum 9095810, L3 sum 1138764.","Do not add to the raw Bengali L1 row, Bangladesh proxy, or cross-country package total; it is an overlapping alternative endpoint.",,ALTERNATIVE_MEASURE_ATTACHED,false,8b55b244930926c4a5862f52e7dc39611b830879c85e9ca7f427679d79bcde16,edition-target:lang:bn-Beng-IN,,,edition-target:lang:bn-Beng-IN,edition-target:lang:bn-Beng-IN
supplement:en-Latn-ET-secondary-higher-exposure-2025,large_population_supplement_v1,en-Latn-ET-secondary-higher-exposure-2025,edition-target:supplement:en-Latn-ET-secondary-higher-exposure-2025,LARGE_POPULATION_SUPPLEMENT,modelled_territorial_stage_limited_education_language_exposure_ceiling,persons,,,135472051,World Development Indicators 2025 population retained only as a maximum territorial context for the policy assigning English to secondary and higher education; actual stage participants are a smaller unmeasured subset.,2025 population; education policy 1994,Ethiopia,English; Latin script; secondary and higher-education medium under national policy,LPOS_WDI_ETH_POP_2025;LPOS_ET_EDUCATION_POLICY,https://api.worldbank.org/v2/country/ETH/indicator/SP.POP.TOTL?date=2025&format=json;https://www.moe.gov.et/storage/Books/Ethiopia%20Education%20and%20Training%20Policy.pdf,"WDI 2025 Ethiopia population 135472051; Education and Training Policy clauses 3.5.4-3.5.7, including English as medium for secondary and higher education.",Stage-limited ceiling only. Never assign all residents to English or add Amharic/Oromo/Tigrinya/other language cohorts.,,NEW_SUPPLEMENT_EDITION_EVIDENCE,false,076a1229ff0030a7f50140b30bb82f780124d97c152a59cb8eae49f7240a9300,edition-target:supplement:en-Latn-ET-secondary-higher-exposure-2025,en-Latn-ET-secondary-higher-exposure-2025,,edition-target:supplement:en-Latn-ET-secondary-higher-exposure-2025,edition-target:supplement:en-Latn-ET-secondary-higher-exposure-2025
supplement:en-Latn-IN-reported-L123-2011,large_population_supplement_v1,en-Latn-IN-reported-L123-2011,edition-target:supplement:en-Latn-IN-reported-L123-2011,LARGE_POPULATION_SUPPLEMENT,exact_census_reported_first_second_third_language_total,persons,,128539090,,"National sum of English recorded as mother tongue/first language (259678), first subsidiary language/L2 (82717239), or second subsidiary language/L3 (45562173) in Census C-17.",2011,"India, national Census 2011 state code 00","English; Latin script; reported language knowledge position, not tested proficiency",LPOS_IN_C17_2011,https://censusindia.gov.in/nada/index.php/catalog/10262/download/13374/DDW-C17-0000.XLSX,"Sheet1, state code 00, rows 7-24766; English L1 row 13485 columns D/E; sum column J where I=ENGLISH; sum column O where N=ENGLISH.",Exact for the 2011 census table construct only; stale for current population and not a tested or academic-proficiency count.,,NEW_SUPPLEMENT_EDITION_EVIDENCE,false,1887703b43780ac4f39f859aa6a5a4868ddb57a9e9011c7353f4bb08f82534e2,edition-target:supplement:en-Latn-IN-reported-L123-2011,en-Latn-IN-reported-L123-2011,,edition-target:supplement:en-Latn-IN-reported-L123-2011,edition-target:supplement:en-Latn-IN-reported-L123-2011
supplement:en-Latn-NG-education-exposure-2025,large_population_supplement_v1,en-Latn-NG-education-exposure-2025,edition-target:supplement:en-Latn-NG-education-exposure-2025,LARGE_POPULATION_SUPPLEMENT,modelled_territorial_education_language_exposure_ceiling,persons,,,237527782,World Development Indicators 2025 population retained only as an upper national English-instruction exposure context after the federal reaffirmation of English as medium across levels; not an English-user count.,2025,Nigeria,English; Latin script; official medium of instruction across levels under 2025 policy,LPOS_WDI_NGA_POP_2025;LPOS_NG_ENGLISH_POLICY_2025,https://api.worldbank.org/v2/country/NGA/indicator/SP.POP.TOTL?date=2025&format=json;https://fmino.gov.ng/fg-reaffirms-english-as-medium-of-instruction-launches-inclusive-language-policy-to-promote-national-unity/,WDI 2025 Nigeria population 237527782; 69th National Council on Education decision reaffirming English as medium from primary through tertiary.,"The population is a modeled territorial ceiling. Do not add Hausa, Yoruba, Igbo, Fulfulde, Pidgin or other language cohorts and do not infer English proficiency.",,NEW_SUPPLEMENT_EDITION_EVIDENCE,false,feb9c75f49398408119c99833a5bb251882cd7d69a9ee87f770bb6591d643bc0,edition-target:supplement:en-Latn-NG-education-exposure-2025,en-Latn-NG-education-exposure-2025,,edition-target:supplement:en-Latn-NG-education-exposure-2025,edition-target:supplement:en-Latn-NG-education-exposure-2025
supplement:en-Latn-PH-education-exposure-2024,large_population_supplement_v1,en-Latn-PH-education-exposure-2024,edition-target:supplement:en-Latn-PH-education-exposure-2024,LARGE_POPULATION_SUPPLEMENT,official_census_scope_co_medium_exposure_ceiling,persons,,,112729484,2024 national census population retained only as an upper exposure ceiling for English under the Filipino/English medium-of-instruction framework; not an English-user count.,2024,Philippines,English; Latin script; formal education medium,LPOS_PH_PSA_POPCEN_2024;LPOS_PH_RA12027_2024,https://psa.gov.ph/statistics/population-and-housing/node/1684077791;https://lawphil.net/statutes/repacts/ra2024/ra_12027_2024.html,"PSA total population 112729484 as of 2024-07-01; RA 12027 medium of instruction reverts to Filipino and English, with bounded mother-tongue/auxiliary-language provisions.",Non-additive with Filipino and regional-language exposure rows; never treat all residents as English users.,,NEW_SUPPLEMENT_EDITION_EVIDENCE,false,b38f5fba57b2b457b0d0a855e6fbc22aa0c8273346ea1b0a463d5b2a539de489,edition-target:supplement:en-Latn-PH-education-exposure-2024,en-Latn-PH-education-exposure-2024,,edition-target:supplement:en-Latn-PH-education-exposure-2024,edition-target:supplement:en-Latn-PH-education-exposure-2024
supplement:en-Latn-PK-education-exposure-2023,large_population_supplement_v1,en-Latn-PK-education-exposure-2023,edition-target:supplement:en-Latn-PK-education-exposure-2023,LARGE_POPULATION_SUPPLEMENT,official_census_scope_education_language_exposure_ceiling,persons,,,240458089,2023 detailed-demographic census population retained only as a maximum national English education-language exposure context; not an English-user or learner count.,2023,Pakistan detailed-demographic census scope: four provinces plus Islamabad Capital Territory,English; Latin script; subject and cross-curricular medium varies by province and school,LPOS_PK_PBS_CENSUS_2023;LPOS_PK_NCC_ENGLISH_2021,https://www.pbs.gov.pk/sites/default/files/population/2023/tables/table_11_national.pdf;https://ncc.gov.pk/Detail/MDk3YWE3ZjgtMmM5NS00YzlhLWI2NTAtYWE2NTRmOGFiMmNk,PBS Table 11 national detailed-demographic universe 240458089; National Curriculum Council English curriculum: English is a subject and medium for other disciplines.,"Non-additive with Urdu, Punjabi, Sindhi, Pashto, Balochi and other language rows; never treat the ceiling as English knowledge.",,NEW_SUPPLEMENT_EDITION_EVIDENCE,false,9df3d97a9fa86b6941c12ba36f6c4d0cf3b4c357e2325e8cf3a1915cfd40df6f,edition-target:supplement:en-Latn-PK-education-exposure-2023,en-Latn-PK-education-exposure-2023,,edition-target:supplement:en-Latn-PK-education-exposure-2023,edition-target:supplement:en-Latn-PK-education-exposure-2023
supplement:en-Latn-US-home-2023,large_population_supplement_v1,en-Latn-US-home-2023,edition-target:supplement:en-Latn-US-home-2023,LARGE_POPULATION_SUPPLEMENT,official_sample_survey_estimate_home_language_age5plus_90pct_moe,persons,245250680,245472067,245693454,ACS 2023 one-year estimate of people age 5+ who speak only English at home; low/high are the published estimate plus or minus the 90% margin of error.,2023,"United States, 50 states and District of Columbia",spoken/written US English; Latin script; ACS home-language endpoint,LPOS_US_ACS_B16001_2023,https://data.census.gov/table/ACSDT1Y2023.B16001,"ACS 2023 one-year table B16001: speak only English at home age 5+, estimate 245472067, margin of error 221387.",The interval is a published survey-MOE interval for one construct. Do not add multilingual English users or the global 1.5bn mixed-proficiency estimate.,,NEW_SUPPLEMENT_EDITION_EVIDENCE,false,33e75de4355ef42c9a4e0d7dba0fe55a3db154b1e28ebd9edf0dd2afb222b186,edition-target:supplement:en-Latn-US-home-2023,en-Latn-US-home-2023,,edition-target:supplement:en-Latn-US-home-2023,edition-target:supplement:en-Latn-US-home-2023
supplement:fr-Latn-CD-education-exposure-2025,large_population_supplement_v1,fr-Latn-CD-education-exposure-2025,edition-target:supplement:fr-Latn-CD-education-exposure-2025,LARGE_POPULATION_SUPPLEMENT,modelled_territorial_education_language_exposure_ceiling,persons,,,112832473,World Development Indicators 2025 population retained only as a maximum French education-language exposure context under the national education law; not a French-speaker or learner count.,2025 population; education law 2014,Democratic Republic of the Congo,French; Latin script; language of instruction with national/local-language elementary provisions,LPOS_WDI_COD_POP_2025;LPOS_CD_EDUCATION_LAW_2014,https://api.worldbank.org/v2/country/COD/indicator/SP.POP.TOTL?date=2025&format=json;https://www.leganet.cd/Legislation/Droit%20Public/enseignement/Loi14.004.11.02.2004.htm,WDI 2025 DRC population 112832473; Loi-cadre 14/004: French language of instruction and national/local-language provisions at primary stages.,"Territorial ceiling only. Never assign every resident to French or add Lingala, Congo Swahili, Kikongo ya leta, Tshiluba and other cohorts.",,NEW_SUPPLEMENT_EDITION_EVIDENCE,false,229ad028bd64d6843582892d216d9cf29c4cc8e1c63dd968e2879c1137b1dd1a,edition-target:supplement:fr-Latn-CD-education-exposure-2025,fr-Latn-CD-education-exposure-2025,,edition-target:supplement:fr-Latn-CD-education-exposure-2025,edition-target:supplement:fr-Latn-CD-education-exposure-2025
supplement:mr-Deva-IN-reported-L123-2011,large_population_supplement_v1,mr-Deva-IN-reported-L123-2011,edition-target:lang:mr-Deva-IN,LARGE_POPULATION_SUPPLEMENT,exact_census_reported_first_second_third_language_total,persons,,99058786,,"National sum of Marathi in the first-language/mother-tongue group (83026680), first subsidiary-language/L2 (13001079), and second subsidiary-language/L3 (3031027) positions.",2011,"India, national Census 2011 state code 00",Marathi; Devanagari; script literacy not measured by C-17,LPOS_IN_C17_2011,https://censusindia.gov.in/nada/index.php/catalog/10262/download/13374/DDW-C17-0000.XLSX,"Sheet1, state code 00; Marathi first-language total 83026680, L2 sum 13001079, L3 sum 3031027.",Do not extrapolate to 2026 or convert the 2011 total into an above-100m current count; keep threshold status unresolved.,,ALTERNATIVE_MEASURE_ATTACHED,false,17934d0ddffd17c6b1abb0835a4efe0b0da3fe6311dd0e189c70f804a669f0d6,edition-target:lang:mr-Deva-IN,,,edition-target:lang:mr-Deva-IN,edition-target:lang:mr-Deva-IN
supplement:te-Telu-IN-reported-L123-2011,large_population_supplement_v1,te-Telu-IN-reported-L123-2011,edition-target:lang:te-Telu-IN,LARGE_POPULATION_SUPPLEMENT,exact_census_reported_first_second_third_language_total,persons,,94501603,,"National sum of Telugu in the first-language/mother-tongue position (81127740), first subsidiary-language/L2 (12167609), and second subsidiary-language/L3 (1206254) positions.",2011,"India, national Census 2011 state code 00",Telugu; Telugu script; script literacy not measured by C-17,LPOS_IN_C17_2011,https://censusindia.gov.in/nada/index.php/catalog/10262/download/13374/DDW-C17-0000.XLSX,"Sheet1, state code 00; Telugu L1 81127740, L2 sum 12167609, L3 sum 1206254.",Do not extrapolate to 2026 or convert the 2011 total into an above-100m current count; keep threshold status unresolved.,,ALTERNATIVE_MEASURE_ATTACHED,false,f1e82127482f99592a524d46273d7d7becabb8ad33da4e4640f97e7c4b9a8a84,edition-target:lang:te-Telu-IN,,,edition-target:lang:te-Telu-IN,edition-target:lang:te-Telu-IN
