evidence_identity_id,source_lane,source_record_id,edition_target_id,evidence_role,measure_class,population_unit,population_low_persons,population_base_persons,population_high_persons,population_definition,reference_year,territory,script_or_mode,source_ids,source_urls,source_locators,additivity_class,overlap_group,disposition,rank_eligible,row_sha256
canonical:pop:0006fc3c2360f33c129c35cd,v2_population,pop:0006fc3c2360f33c129c35cd,edition-target:lang:unresolved-tag:tharu-census-category:nepal-tharu-communities,POPULATION_OR_CONTEXT,macro_l1,persons_L1,1714091,1714091,1714091,Census mother-tongue category; internal variety and script split unavailable,2021,,,NPL_LANG_2021,https://censusnepal.cbs.gov.np/results/files/result-folder/Language%20in%20Nepal.pdf,,non_additive; never sum with another measure or measure class without a proved disjoint-person crosswalk,,V2_CANONICAL_EVIDENCE,false,90b58b8d41123b0d3d58b5c14b5550dc569bd6f20ea02596525271bc6d58a871
canonical:pop:00fa6825d0212d4eeb8f73cd,v2_population,pop:00fa6825d0212d4eeb8f73cd,edition-target:lang:ms-Arab-MY,POPULATION_OR_CONTEXT,ethnicity_or_identity_proxy,persons_ethnicity_proxy_range_nonadditive,17600000,,18500000,Same proxy range as Rumi row; non-additive script-access edition.,,,,MYS_DOSM_POP,https://open.dosm.gov.my/data-catalogue/population_malaysia,,non_additive; never sum with another measure or measure class without a proved disjoint-person crosswalk,,V2_CANONICAL_EVIDENCE,false,93325107b6a435c51a3d5f64e21f73a1bf4ce536b7fb29dabae4148687ff913e
canonical:pop:01315a880f1036004da81749,v2_population,pop:01315a880f1036004da81749,edition-target:lang:zh-Hans-CN,POPULATION_OR_CONTEXT,enrolment,persons,,4299500,,Master's and doctoral students enrolled in 2025,2025,,,SRC_MOE_EDU_2025,https://www.moe.gov.cn/jyb_sjzl/sjzl_fztjgb/202607/t20260706_1442870.html,,non_additive; never sum with another measure or measure class without a proved disjoint-person crosswalk,,V2_CANONICAL_EVIDENCE,false,6f5e64421747e8798c1d88aaa04f07d6d7ff1cd99579ef3aebfb087e20fec994
canonical:pop:01627a2b4bbb684f46bf933a,v2_population,pop:01627a2b4bbb684f46bf933a,edition-target:lang:raj-Deva-IN,POPULATION_OR_CONTEXT,macro_l1,persons_L1,25806344,25806344,25806344,Mother-tongue return inside Hindi umbrella; internal variety split and overlap uncertain,2011,,,IND_C16_2011,https://censusindia.gov.in/nada/index.php/catalog/10191,,non_additive; never sum with another measure or measure class without a proved disjoint-person crosswalk,,V2_CANONICAL_EVIDENCE,false,f844b7f292a445e7d0418d837e6ae82476d5829f44005fbb96048790cc0da498
canonical:pop:022c5db3543e69d7ed7c95eb,v2_population,pop:022c5db3543e69d7ed7c95eb,edition-target:lang:id-Latn-ID,POPULATION_OR_CONTEXT,workforce_cohort,million employed persons,,42.6,,"People employed in agriculture, forestry and fishing in May 2026; published rounded estimate.",2026-05,,,BPS_LABOUR_MAY_2026,https://www.bps.go.id/en/pressrelease/2026/08/05/2606/tingkat-pengangguran-terbuka--tpt--sebesar-4-65-persen---rata-rata-upah-buruh-sebesar-3-39-juta-rupiah-.html,,non_additive; never sum with another measure or measure class without a proved disjoint-person crosswalk,,V2_CANONICAL_EVIDENCE,false,bded17c1d920e6c4a049dac39bfd6fb293bdd7fe9deccd7cd9312d83de804b77
canonical:pop:023ca1bc8561beb2e8fa088a,v2_population,pop:023ca1bc8561beb2e8fa088a,edition-target:lang:pt-Latn-001,POPULATION_OR_CONTEXT,macro_speaker_estimate,people,265000000,265000000,265000000,Institutional worldwide speaker estimate.,2026,,,SRC_UN_PORTUGUESE_2026,https://www.un.org/sg/en/content/sg/statements/2026-05-05/secretary-generals-message-world-portuguese-language-day,,non_additive; never sum with another measure or measure class without a proved disjoint-person crosswalk,,V2_CANONICAL_EVIDENCE,false,b85e5aa8c372d7214c29d4105bfff6159647a4fefed30f641b5071a7fb455a22
canonical:pop:02a99eee802df38698abee2d,v2_population,pop:02a99eee802df38698abee2d,edition-target:lang:kos-Latn-FM,POPULATION_OR_CONTEXT,home_or_first_language,persons_age5plus_home_language,4566,4566,4566,People aged 5+ reporting the named home language,2023,,,OIO_EA133B14931A,https://www.pacificweb.org/library/preview.php?file=fsm/states/2023FSMMunicipality.xlsx,,non_additive; never sum with another measure or measure class without a proved disjoint-person crosswalk,,V2_CANONICAL_EVIDENCE,false,c3445557dc7c31a3392bd3a7ad4eb747644d2b3b8f57c266f7a4ecbbe2a9770a
canonical:pop:02c4cac428d92de70bae2606,v2_population,pop:02c4cac428d92de70bae2606,edition-target:lang:tzo-MX,POPULATION_OR_CONTEXT,speaker_or_reported_ability,persons_age3plus_language_speakers,,550274,,People age 3+ reported Tsotsil.,2020,,,SRC_AMAR_MEX_INEGI_2020,https://www.inegi.org.mx/contenidos/programas/ccpv/2020/doc/Censo2020_Principales_resultados_EUM.pdf,,non_additive; never sum with another measure or measure class without a proved disjoint-person crosswalk,,V2_CANONICAL_EVIDENCE,false,6a8f37bb98060e8122328794131614ef404f5756b6b62700d007b40ccbd414b0
canonical:pop:0319e0c2dcfc2a946200d997,v2_population,pop:0319e0c2dcfc2a946200d997,edition-target:lang:oji-CA,POPULATION_OR_CONTEXT,speaker_or_reported_ability,persons_2021_language_knowledge,,20715,,"People reporting knowledge of Ojibway, not otherwise specified; mother-tongue count 12500. Counts randomly rounded.",2021,,,SRC_AMAR_CAN_ALGONQ_2021,https://www150.statcan.gc.ca/n1/pub/41-20-0002/412000022025002-eng.htm,,non_additive; never sum with another measure or measure class without a proved disjoint-person crosswalk,,V2_CANONICAL_EVIDENCE,false,73876d4d062e5bfb726cf5c71fdaab7ba9eb26757475ffcc8909f2453a63efd5
canonical:pop:034692087acb25c6eafbc401,v2_population,pop:034692087acb25c6eafbc401,edition-target:lang:mag-Deva-NP,POPULATION_OR_CONTEXT,l1,persons_L1,230117,230117,230117,Census mother-tongue count,2021,,,NPL_LANG_2021,https://censusnepal.cbs.gov.np/results/files/result-folder/Language%20in%20Nepal.pdf,,non_additive; never sum with another measure or measure class without a proved disjoint-person crosswalk,,V2_CANONICAL_EVIDENCE,false,5e2b4f5ba2cf15f9e647cc6bde72969bb5ab3f7c93e91aa75a473c7cfd8f1bb6
canonical:pop:036221d53ad09a48edd1d3e2,v2_population,pop:036221d53ad09a48edd1d3e2,edition-target:lang:ciw-CA,POPULATION_OR_CONTEXT,speaker_or_reported_ability,persons_2021_language_knowledge,,2040,,People reporting knowledge of Anishinaabemowin / Chippewa; mother-tongue count 765. Counts randomly rounded.,2021,,,SRC_AMAR_CAN_ALGONQ_2021,https://www150.statcan.gc.ca/n1/pub/41-20-0002/412000022025002-eng.htm,,non_additive; never sum with another measure or measure class without a proved disjoint-person crosswalk,,V2_CANONICAL_EVIDENCE,false,c54d204e5582162eb09b5c6a6e8869340230e25f69e5849cac58fc546c437fa2
canonical:pop:04283d29e33f25b5fd2e9344,v2_population,pop:04283d29e33f25b5fd2e9344,edition-target:lang:sme,POPULATION_OR_CONTEXT,speaker_or_reported_ability,persons_language_users_literature_range,20000,,25000,Peer-reviewed speaker estimate or range; not harmonized census count.,,,,SRC_AMAR_SAMI_REVIEW_2025,https://www.tandfonline.com/doi/abs/10.1080/14790718.2025.2517902,,non_additive; never sum with another measure or measure class without a proved disjoint-person crosswalk,,V2_CANONICAL_EVIDENCE,false,e084bd5cf8cea9eeeae816940d151ba873af22efd35e552329c5871044acb2bb
canonical:pop:048524fec04276d0618e84c3,v2_population,pop:048524fec04276d0618e84c3,edition-target:lang:ms-Latn-MY,POPULATION_OR_CONTEXT,ethnicity_or_identity_proxy,persons_ethnicity_proxy_range,17600000,,18500000,Approximate ethnic-Malay planning range from Malaysian population data; not a direct language-use count and smaller than national exposure.,,,,MYS_DOSM_POP,https://open.dosm.gov.my/data-catalogue/population_malaysia,,non_additive; never sum with another measure or measure class without a proved disjoint-person crosswalk,,V2_CANONICAL_EVIDENCE,false,a32ae1caab81e4b181365554fe1bf62b9284c5ed27d31dcfc88ed98eaf7fa242
canonical:pop:04b6889e80d1ae18e50eb6fd,v2_population,pop:04b6889e80d1ae18e50eb6fd,edition-target:lang:kem-Latn-TL,POPULATION_OR_CONTEXT,home_or_first_language,persons_L1,,68995,,2015 census L1 count reproduced in an open peer-reviewed study.,2015,,,TLS_CENSUS_LANGUAGE_STUDY,https://pmc.ncbi.nlm.nih.gov/articles/PMC9411783/,,non_additive; never sum with another measure or measure class without a proved disjoint-person crosswalk,,V2_CANONICAL_EVIDENCE,false,f5cee03ecfb863b5234cf0bbf119bf73d230489549b5b2ca57edbc23d816d570
canonical:pop:05c20aff41345522bcbcdfc4,v2_population,pop:05c20aff41345522bcbcdfc4,edition-target:lang:ta-Taml-LK:community:sri-lanka-tamil,POPULATION_OR_CONTEXT,ethnicity_proxy,persons_ethnicity_proxy,2681627,2681627,2681627,Sri Lanka Tamil ethnicity count; L1 equivalence not enumerated,2024,,,LKA_CENSUS_2024,https://www.statistics.gov.lk/Resource/en/Population/CPH_2024/CPH2024_Final_Eng.pdf,,non_additive; never sum with another measure or measure class without a proved disjoint-person crosswalk,,V2_CANONICAL_EVIDENCE,false,de6be7a89bdc562a146f582d4df830083a8c5a7fc240a29ad8d41acd35cb315c
canonical:pop:067a026b2b1f291099c85232,v2_population,pop:067a026b2b1f291099c85232,edition-target:lang:hil-Latn-PH,POPULATION_OR_CONTEXT,ethnicity_or_identity_proxy,persons_ethnicity_proxy,,8608191,,"2020 ethnicity proxy; the census also reports 1,933,512 home-language households, not persons.",2020,,,PH_PSA_ETHNICITY_2020,https://psa.gov.ph/content/ethnicity-philippines-2020-census-population-and-housing,,non_additive; never sum with another measure or measure class without a proved disjoint-person crosswalk,,V2_CANONICAL_EVIDENCE,false,319d07c869284761eecb31f63400bdae03b95c3240a264d553acbc8b4c537dcb
canonical:pop:07dba49c932795d75471c5e8,v2_population,pop:07dba49c932795d75471c5e8,edition-target:lang:sid-Latn-ET,POPULATION_OR_CONTEXT,persons_basis_not_stated,people,,2981471,,2007 Ethiopia mother-tongue count,2007,,,SRC_ESS_CENSUS_2007,https://drs.ess.gov.et/bitstreams/61d74990-69a7-4f11-8e91-9234ca31d94f/download,,non_additive; never sum with another measure or measure class without a proved disjoint-person crosswalk,,V2_CANONICAL_EVIDENCE,false,b3faa8c979463e91dd2f7a326de76fc95b1317644ed7e7a33ed738f73ec8bbfa
canonical:pop:07e3cc4eb493772ea61be502,v2_population,pop:07e3cc4eb493772ea61be502,edition-target:lang:unresolved-tag:multilingual-mainland-population-zh-hans-cn-capable-subset-unmeasured:mainland-china-people-offline-in-the,POPULATION_OR_CONTEXT,offline_population_estimate,persons,,279900000,,Approximate offline population derived from rounded NBS year-end population and CNNIC internet-user count,2025,,,SRC_CNNIC_57_2025,https://www3.cnnic.cn/n4/2026/0304/c88-11549.html,,non_additive; never sum with another measure or measure class without a proved disjoint-person crosswalk,,V2_CANONICAL_EVIDENCE,false,ba6c807f85612ad52daeee80b6ad3b9b088b719eda09b351d2b08ba3391972d9
canonical:pop:08314d40297a9bc50863eb49,v2_population,pop:08314d40297a9bc50863eb49,edition-target:lang:zh-Hans-CN:written,POPULATION_OR_CONTEXT,enrolment,persons,,8059000,,Adult undergraduate and associate learners enrolled in 2025,2025,,,SRC_MOE_EDU_2025,https://www.moe.gov.cn/jyb_sjzl/sjzl_fztjgb/202607/t20260706_1442870.html,,non_additive; never sum with another measure or measure class without a proved disjoint-person crosswalk,,V2_CANONICAL_EVIDENCE,false,3d34ac29ffc487f82fb77b380d51cccba0080c39a89b31c925a7197227e725b8
canonical:pop:086035c2c540a39c8767d8f5,v2_population,pop:086035c2c540a39c8767d8f5,edition-target:lang:cuk-PA,POPULATION_OR_CONTEXT,ethnicity_or_identity_proxy,persons_indigenous_identity_proxy,,112319,,People identifying with the Guna people; not a speaker count.,2023,,,SRC_AMAR_PAN_INEC_2023,https://www.inec.gob.pa/Publicaciones/Default3.aspx?ID_CATEGORIA=19&ID_PUBLICACION=1212&ID_SUBCATEGORIA=71,,non_additive; never sum with another measure or measure class without a proved disjoint-person crosswalk,,V2_CANONICAL_EVIDENCE,false,155757fa45394fcf2678eec7ecbf096ed8ced3938bfd760d3454076885cae4bf
canonical:pop:098f8cc1eee32013c992f2ab,v2_population,pop:098f8cc1eee32013c992f2ab,edition-target:lang:st-Latn-ZA,POPULATION_OR_CONTEXT,percentage_only,percent,,7.8,,Share of South Africa population reporting Sesotho as household language,2022,,,SRC_STATSSA_CENSUS_2022,https://www.statssa.gov.za/wp-content/uploads/2023/11/Mbalo-brief-November.pdf,,non_additive; never sum with another measure or measure class without a proved disjoint-person crosswalk,,V2_CANONICAL_EVIDENCE,false,34dfab372c4ee74a5d1b406a2a9b014f2438411da825aee2897f87b9c9b17e3e
canonical:pop:0ba3c9b0647aa75ce1659d19,v2_population,pop:0ba3c9b0647aa75ce1659d19,edition-target:lang:bzj-BZ,POPULATION_OR_CONTEXT,percentage_only,percent_population_age4plus_multiple_response_speaking_ability,,49,,"Share of population age 4+ reporting ability to speak Belize Kriol; multiple languages allowed, not a mother-tongue share.",2022,,,SRC_AMAR_BLZ_SIB_2022,https://sib.org.bz/wp-content/uploads/CensusKeyFindingsReport_2022.pdf,,non_additive; never sum with another measure or measure class without a proved disjoint-person crosswalk,,V2_CANONICAL_EVIDENCE,false,583e1346d479a2c4cc54fbf282403f0ca015c577830794bae149be9383486797
canonical:pop:0ba8b556e1bc941de0d5d9f6,v2_population,pop:0ba8b556e1bc941de0d5d9f6,edition-target:lang:zun-US,POPULATION_OR_CONTEXT,home_or_first_language,persons_age5plus_home_language,,8109,,People age 5+ reporting Zuni at home in the 2017–2021 ACS.,2017-2021,,,SRC_AMAR_US_ACS_2017_2021,https://www.census.gov/library/stories/2025/06/native-american-language-use.html,,non_additive; never sum with another measure or measure class without a proved disjoint-person crosswalk,,V2_CANONICAL_EVIDENCE,false,98125e6dc3a9442600a8d6ae37388af77cb19fbe717006cdb2c5921bb4e2dd70
canonical:pop:0bc384a44a55e0b2b57a72bd,v2_population,pop:0bc384a44a55e0b2b57a72bd,edition-target:lang:plg-AR,POPULATION_OR_CONTEXT,percentage_only,percent_of_self_identified_people_speak_or_understand_own_language,,89,,Share of the self-identified Pilagá people who speak or understand the people's language; denominator count is not encoded here.,2022,,,SRC_AMAR_ARG_INDEC_2022,https://www.indec.gob.ar/ftp/cuadros/poblacion/censo2022_poblacion_indigena.pdf,,non_additive; never sum with another measure or measure class without a proved disjoint-person crosswalk,,V2_CANONICAL_EVIDENCE,false,27c009f248cbe65805c2b7c161724a73aa3b4fd62254b65773c813d60ff3c48c
canonical:pop:0d1a88a9d77adca9e17f7173,v2_population,pop:0d1a88a9d77adca9e17f7173,edition-target:lang:lo-Laoo-LA,POPULATION_OR_CONTEXT,ethnicity_or_identity_proxy,persons_ethnicity_proxy,,3450000,,Rounded ethnic-Lao count derived from 53.2% of the 2015 census population; not a language-use census.,2015,,,LAO_CENSUS_2015,https://lao.unfpa.org/en/publications/results-population-and-housing-census-2015-english-version,,non_additive; never sum with another measure or measure class without a proved disjoint-person crosswalk,,V2_CANONICAL_EVIDENCE,false,6790f1b33a645ec5f19414569aeca14eb30de90f56ec85e2a27a86ce6466af3e
canonical:pop:0ea1c757685c2d2d888ffedf,v2_population,pop:0ea1c757685c2d2d888ffedf,edition-target:lang:mh-Latn-MH,POPULATION_OR_CONTEXT,percentage_only,percent_age5plus_speaking,,96,,People aged 5+ reported speaking Marshallese,2021,,,OIO_F4F04B63A55A,https://prdrse4all.spc.int/sites/default/files/marshall_islands_census_report_2021.pdf,,non_additive; never sum with another measure or measure class without a proved disjoint-person crosswalk,,V2_CANONICAL_EVIDENCE,false,172c049fcabec22c4d14deb5b055cb67a1c91f56a8608f5af77a537fe7042c53
canonical:pop:0febc04682405966e45d0186,v2_population,pop:0febc04682405966e45d0186,edition-target:lang:ja-Jpan-JP,POPULATION_OR_CONTEXT,enrolment,persons,,92442,,Residence-status Student holders enrolled in university undergraduate programs,2025,,,JPN-S007,https://www.studyinjapan.go.jp/ja/statistics/enrollment/data/2605291000.html,,non_additive; never sum with another measure or measure class without a proved disjoint-person crosswalk,,V2_CANONICAL_EVIDENCE,false,908b6078335f03160439491011a26cecab8a8e618f2eb77efe339c3ae255087d
canonical:pop:122da67a31b6e9f10514b3b8,v2_population,pop:122da67a31b6e9f10514b3b8,edition-target:lang:zh-Hans-CN:written,POPULATION_OR_CONTEXT,enrolment,persons,,5423500,,Web-based higher-education learners enrolled in 2025,2025,,,SRC_MOE_EDU_2025,https://www.moe.gov.cn/jyb_sjzl/sjzl_fztjgb/202607/t20260706_1442870.html,,non_additive; never sum with another measure or measure class without a proved disjoint-person crosswalk,,V2_CANONICAL_EVIDENCE,false,5072c2a63d249a0ec1e353d4505fe9a6987875fa8ff0d1d5a010f4ede2b5a926
canonical:pop:124acde14997257ccf4fbab1,v2_population,pop:124acde14997257ccf4fbab1,edition-target:lang:tca-CO,POPULATION_OR_CONTEXT,speaker_or_reported_ability,persons_named_language_speaker_estimate,,4512,,Named-language speaker estimate in the national decennial language plan.,,,,SRC_AMAR_COL_LANG_PLAN,https://dokumen.pub/plan-decenal-de-lenguas-nativas-de-colombia-9789587534948.html,,non_additive; never sum with another measure or measure class without a proved disjoint-person crosswalk,,V2_CANONICAL_EVIDENCE,false,660f083cc46f5a0dcbbf472fc369e804ed71dd569c2f20f5dd8c1a195bad4ca9
canonical:pop:132d9d37cb993953ece8aff0,v2_population,pop:132d9d37cb993953ece8aff0,edition-target:lang:mtp-AR,POPULATION_OR_CONTEXT,percentage_only,percent_of_self_identified_people_speak_or_understand_own_language,,63.1,,Share of the self-identified Weenhayek people who speak or understand the people's language; denominator count is not encoded here.,2022,,,SRC_AMAR_ARG_INDEC_2022,https://www.indec.gob.ar/ftp/cuadros/poblacion/censo2022_poblacion_indigena.pdf,,non_additive; never sum with another measure or measure class without a proved disjoint-person crosswalk,,V2_CANONICAL_EVIDENCE,false,1ef9542cd9932f66643906bdf900867961a8ca6eee5265f1d9c93b5177868583
canonical:pop:13469bc5808556f0312a2d3e,v2_population,pop:13469bc5808556f0312a2d3e,edition-target:lang:pon-Latn-FM,POPULATION_OR_CONTEXT,home_or_first_language,persons_age5plus_home_language,17787,17787,17787,People aged 5+ reporting the named home language,2023,,,OIO_EA133B14931A,https://www.pacificweb.org/library/preview.php?file=fsm/states/2023FSMMunicipality.xlsx,,non_additive; never sum with another measure or measure class without a proved disjoint-person crosswalk,,V2_CANONICAL_EVIDENCE,false,d2af9d9a27579a1da146e59e88d7a53c4cb445434da65ed21457205379395377
canonical:pop:13a2f93c14c2492f765ccdd3,v2_population,pop:13a2f93c14c2492f765ccdd3,edition-target:macro:AMAR_MEX_NAHUATL_LOCALITY_REQUIRED,POPULATION_OR_CONTEXT,speaker_or_reported_ability,persons_age3plus_language_speakers_aggregate,,1651958,,People age 3+ reported under the census aggregate Náhuatl; not assignable to an INALI variety.,2020,,,SRC_AMAR_MEX_INEGI_2020,https://www.inegi.org.mx/contenidos/programas/ccpv/2020/doc/Censo2020_Principales_resultados_EUM.pdf,,non_additive; never sum with another measure or measure class without a proved disjoint-person crosswalk,,V2_CANONICAL_EVIDENCE,false,f20da422761959909195a88791c0a4b5595d127465f9dcf15fdd6f4189720047
canonical:pop:141c2af19850479410aacb44,v2_population,pop:141c2af19850479410aacb44,edition-target:lang:rap-Latn-CL,POPULATION_OR_CONTEXT,speaker_or_reported_ability,persons_age5plus_speak_or_understand,7006,7006,7006,People age 5+ nationwide reporting that they speak or understand Rapa Nui; combined ability question,2024,,,OIO_A7D1D42EC130,https://censo2024.ine.gob.cl/wp-content/uploads/2025/12/sintesis_resultados_censo2024.pdf,,non_additive; never sum with another measure or measure class without a proved disjoint-person crosswalk,,V2_CANONICAL_EVIDENCE,false,c6a347f5f51f1b308d53ee5a701962866fed6e614f1d61f03146014bbbf98835
canonical:pop:14603b503b0999e150581667,v2_population,pop:14603b503b0999e150581667,edition-target:lang:cac-GT,POPULATION_OR_CONTEXT,home_or_first_language,persons_age4plus_mother_tongue,,58592,,People age 4+ reporting Chuj as mother tongue.,2018,,,SRC_AMAR_GTM_INE_2018,https://censo2018.ine.gob.gt/archivos/resultados_censo2018.pdf,,non_additive; never sum with another measure or measure class without a proved disjoint-person crosswalk,,V2_CANONICAL_EVIDENCE,false,3eee8f7b309d089bde36cde69ede10d96b66a0b113fb49dc467a51c938183a72
canonical:pop:1575dbef18144b6e088d695f,v2_population,pop:1575dbef18144b6e088d695f,edition-target:lang:bho-Deva-NP,POPULATION_OR_CONTEXT,l1,persons_L1,1820795,1820795,1820795,Census mother-tongue count,2021,,,NPL_LANG_2021,https://censusnepal.cbs.gov.np/results/files/result-folder/Language%20in%20Nepal.pdf,,non_additive; never sum with another measure or measure class without a proved disjoint-person crosswalk,,V2_CANONICAL_EVIDENCE,false,b4d822eb8744e3c818a6f936cd30840c6454ae4afada4aad62a3ef7ace32fc32
canonical:pop:1599a45394c261baef7f6b5d,v2_population,pop:1599a45394c261baef7f6b5d,edition-target:lang:so-Latn-ET,POPULATION_OR_CONTEXT,persons_basis_not_stated,people,,4609274,,2007 Ethiopia mother-tongue count for Somali overall,2007,,,SRC_ESS_CENSUS_2007,https://drs.ess.gov.et/bitstreams/61d74990-69a7-4f11-8e91-9234ca31d94f/download,,non_additive; never sum with another measure or measure class without a proved disjoint-person crosswalk,,V2_CANONICAL_EVIDENCE,false,9259625fee1169bdc9fa531d9cb8b0216f8868afcd4bf46859c246adfff88149
canonical:pop:159fe34a7c15edc5d3942d40,v2_population,pop:159fe34a7c15edc5d3942d40,edition-target:macro:AMAR_MEX_ZAPOTEC_LOCALITY_REQUIRED,POPULATION_OR_CONTEXT,speaker_or_reported_ability,persons_age3plus_language_speakers_aggregate,,490845,,People age 3+ reported under the census aggregate Zapotec; not assignable to a local variety.,2020,,,SRC_AMAR_MEX_INEGI_2020,https://www.inegi.org.mx/contenidos/programas/ccpv/2020/doc/Censo2020_Principales_resultados_EUM.pdf,,non_additive; never sum with another measure or measure class without a proved disjoint-person crosswalk,,V2_CANONICAL_EVIDENCE,false,f70dfc0bad696bdcf9a312a90f951d97f8eca688dd3d6aac109dbbcf3caff8b8
canonical:pop:15ce6665932281053a92aacb,v2_population,pop:15ce6665932281053a92aacb,edition-target:lang:gcf-GP,POPULATION_OR_CONTEXT,percentage_only,percent_adults_age15plus_language_mastery,,88,,Adult age 15+ mastery share in 2019–2020; not a headcount.,2019-2020,,,SRC_AMAR_FRA_CREOLE_2019_20,https://www.bnsp.insee.fr/ark:/12148/bc6p089kb96/f1.pdf,,non_additive; never sum with another measure or measure class without a proved disjoint-person crosswalk,,V2_CANONICAL_EVIDENCE,false,eb6009b072778d54c39eaa7491bed542b606e60a058093c6837e62f7f56cd29c
canonical:pop:15f112591a81374743bc3e66,v2_population,pop:15f112591a81374743bc3e66,edition-target:lang:ha-Latn-NG,POPULATION_OR_CONTEXT,speaker_estimate_lower_bound,people,80000000,,,Institutional lower-bound estimate for Nigeria; upper bound not stated.,2026,,,SRC_UNESCO_HAUSA_2026,https://www.unesco.org/en/articles/african-languages-blind-spot-ai,,non_additive; never sum with another measure or measure class without a proved disjoint-person crosswalk,,V2_CANONICAL_EVIDENCE,false,79d72b2e968d93db1b1ce099596d7c9fb76ebf6679f3eaa3e188d8f7fc0bdd94
canonical:pop:161c1a9a3b5fe3578f628f35,v2_population,pop:161c1a9a3b5fe3578f628f35,edition-target:lang:cab-BZ,POPULATION_OR_CONTEXT,percentage_only,percent_population_age4plus_multiple_response_speaking_ability,,2,,"Share of population age 4+ reporting ability to speak Belize Garifuna; multiple languages allowed, not a mother-tongue share.",2022,,,SRC_AMAR_BLZ_SIB_2022,https://sib.org.bz/wp-content/uploads/CensusKeyFindingsReport_2022.pdf,,non_additive; never sum with another measure or measure class without a proved disjoint-person crosswalk,,V2_CANONICAL_EVIDENCE,false,2bd47874cdbd796a2e8e88c30cf5ab4477ca1a17b788b17ac91fd115f6211a1d
canonical:pop:166940960f3e75dade277ada,v2_population,pop:166940960f3e75dade277ada,edition-target:lang:gil-Latn-TV-x-nui,POPULATION_OR_CONTEXT,percentage_only,percent_age5plus_literate,,19,,People aged 5+ reported literate in Nuian,2022,,,OIO_0C068ED806B3,https://stats.gov.tv/download/85/population-and-housing-census/1836/tuvalu_2022_census_report,,non_additive; never sum with another measure or measure class without a proved disjoint-person crosswalk,,V2_CANONICAL_EVIDENCE,false,8793a18c3136adc99079ec1d6bfbbd3c62c6402fc93f7a239569b72a2aee3402
canonical:pop:1698830a17c6f59ef42306e5,v2_population,pop:1698830a17c6f59ef42306e5,edition-target:lang:moe-CA,POPULATION_OR_CONTEXT,speaker_or_reported_ability,persons_2021_language_knowledge,,10740,,People reporting knowledge of Innu-Aimun; mother-tongue count 9430. Counts randomly rounded.,2021,,,SRC_AMAR_CAN_ALGONQ_2021,https://www150.statcan.gc.ca/n1/pub/41-20-0002/412000022025002-eng.htm,,non_additive; never sum with another measure or measure class without a proved disjoint-person crosswalk,,V2_CANONICAL_EVIDENCE,false,ac9660d78a626504c959b5de0e6e868ed171e4840664ac0de7a94b18ef1e0945
canonical:pop:17cf10e73d97cfe655727995,v2_population,pop:17cf10e73d97cfe655727995,edition-target:lang:tkl-Latn-TK,POPULATION_OR_CONTEXT,proxy,persons_population_count_scope,1647,1647,1647,"Population count including Tokelau public-service families based in Samoa; 1,480 were on atolls on census night",2019,,,OIO_6B422DE3E061,https://www.tokelau.org.nz/site/tokelau/2019%20Tokelau%20Population%20Count.pdf,,non_additive; never sum with another measure or measure class without a proved disjoint-person crosswalk,,V2_CANONICAL_EVIDENCE,false,77e2c44ddf60257838c1494650550f63ed0c8f31e43901677b129b85bfe504b9
canonical:pop:1890df4e838ba013835e1dac,v2_population,pop:1890df4e838ba013835e1dac,edition-target:lang:ig-Latn-NG,POPULATION_OR_CONTEXT,speaker_estimate,people,23000000,25000000,27000000,"Approximate federal-government speaker estimate, around 25m.",2026,,,SRC_NIGERIA_FMACCE,https://www.fmacce.gov.ng/indigenous-language,,non_additive; never sum with another measure or measure class without a proved disjoint-person crosswalk,,V2_CANONICAL_EVIDENCE,false,55223433df61b8389cc32511a13d394309809bfd854f8f666563e79e1bf18351
canonical:pop:18db243036b830db09e6124f,v2_population,pop:18db243036b830db09e6124f,edition-target:lang:bho-Deva-IN,POPULATION_OR_CONTEXT,l1,persons_L1,50579447,50579447,50579447,Raw mother-tongue return inside Census Hindi umbrella,2011,,,IND_C16_2011,https://censusindia.gov.in/nada/index.php/catalog/10191,,non_additive; never sum with another measure or measure class without a proved disjoint-person crosswalk,,V2_CANONICAL_EVIDENCE,false,992d72dcd3416f34fd9cd6b669ad0435c073f79679d4155fc13949c634b506b7
canonical:pop:1992ed381313830db0336e77,v2_population,pop:1992ed381313830db0336e77,edition-target:lang:fcs-CA,POPULATION_OR_CONTEXT,home_or_first_language,persons_sign_language_mother_tongue,,990,,LSQ mother-tongue respondents; not all users.,2021,,,SRC_AMAR_CAN_SIGN_2021,https://www12.statcan.gc.ca/census-recensement/2021/dp-pd/prof/details/page.cfm?DGUIDlist=2021A000224%2C2021A000011124&GENDERlist=1%2C2%2C3&HEADERlist=15%2C13%2C18%2C12%2C16%2C14%2C17&Lang=E&STATISTIClist=1%2C4&SearchText=,,non_additive; never sum with another measure or measure class without a proved disjoint-person crosswalk,,V2_CANONICAL_EVIDENCE,false,fbcb8cf06552f3d3632be57757b4fa1a26122511cfac782483b86c903c127b0c
canonical:pop:1a114d556942633b24d14186,v2_population,pop:1a114d556942633b24d14186,edition-target:lang:bzs-BR,POPULATION_OR_CONTEXT,disability_proxy,deaf_hard_of_hearing_deafblind_school_cohort_proxy,,62100,,"Pupils classified deaf, hard of hearing, or deafblind; not a Libras-user count. 55,900 were in common classes and 6,300 in exclusive/bilingual classes.",2023,,,SRC_AMAR_BRA_DEAF_2023,https://www.gov.br/planejamento/pt-br/assuntos/planejamento/plano-plurianual/arquivos/arquivos-ppa-2024-2027/agenda_crianca_adolescente_completa.pdf,,non_additive; never sum with another measure or measure class without a proved disjoint-person crosswalk,,V2_CANONICAL_EVIDENCE,false,cdbbc8279fceda66d486562f7fba29174d610f47c33ce7b347d904846c090053
canonical:pop:1a296b1f7b12ec1ef607f53a,v2_population,pop:1a296b1f7b12ec1ef607f53a,edition-target:lang:sm-Latn-AS,POPULATION_OR_CONTEXT,home_or_first_language,persons_age5plus_households_home_language,38835,38835,38835,People aged 5+ in households reporting Samoan at home; group-quarters residents excluded,2020,,,OIO_EC058330AB8F,https://data.census.gov/table/DECENNIALDHCAS2020.PBG5,,non_additive; never sum with another measure or measure class without a proved disjoint-person crosswalk,,V2_CANONICAL_EVIDENCE,false,455a1765033008b5a325ca22e724ade3b75a254b40c152482fa7651307b890be
canonical:pop:1b0fedae1f0166ba231953b3,v2_population,pop:1b0fedae1f0166ba231953b3,edition-target:lang:bn-Beng-IN,POPULATION_OR_CONTEXT,l1,persons_L1,96177835,96177835,96177835,Raw Census mother-tongue count,2011,,,IND_C16_2011,https://censusindia.gov.in/nada/index.php/catalog/10191,,non_additive; never sum with another measure or measure class without a proved disjoint-person crosswalk,,V2_CANONICAL_EVIDENCE,false,ac2c9eea7a9c7106a3079b50d08f576a096f4a5dc5d5ad0d9f2f3ab3a95dc92c
canonical:pop:1b92c887d8521d60126ccce5,v2_population,pop:1b92c887d8521d60126ccce5,edition-target:lang:unresolved-tag:national-and-indigenous-sign-languages:worldwide-signing-deaf-communities,POPULATION_OR_CONTEXT,macro_community_estimate,people,70000000,,,WFD lower-bound estimate: more than 70m people in signing Deaf communities; not one language.,2026,,,SRC_WFD_FAQ,https://wfdeaf.org/contact/faqs/,,non_additive; never sum with another measure or measure class without a proved disjoint-person crosswalk,,V2_CANONICAL_EVIDENCE,false,09d379f35a3224975028d257e4be18d17e24a61f4cb0303c89c044dbea68dabe
canonical:pop:1ce287c71d58f413f7dec02d,v2_population,pop:1ce287c71d58f413f7dec02d,edition-target:lang:sg-Latn-CF,POPULATION_OR_CONTEXT,home_or_first_language,people,5000000,5500000,6000000,Rounded bridge-reach range; not an L1-only count,,,,,,,non_additive; never sum with another measure or measure class without a proved disjoint-person crosswalk,,V2_CANONICAL_EVIDENCE,false,01946f896477abd0dfb06a99328450f0e4ad4b5ad4fe1e07ab4e1edec8b78478
canonical:pop:1d9828107f5af2e12cdc538d,v2_population,pop:1d9828107f5af2e12cdc538d,edition-target:lang:ynk-RU,POPULATION_OR_CONTEXT,speaker_or_reported_ability,persons_within_named_people_reporting_same_named_language_knowledge_shared_where_noted,,160,,"Shared census 'Eskimo' language-knowledge count; ethnic population 1,659; not split from Chaplinski.",2021,,,SRC_AMAR_RUS_ROSSTAT_2021,https://rosstat.gov.ru/storage/mediabank/Tom5_tab18_VPN-2020.xlsx,,non_additive; never sum with another measure or measure class without a proved disjoint-person crosswalk,,V2_CANONICAL_EVIDENCE,false,4963d6119da291377a97da0e53e9c86b6d698799bf9a9aeac8b03257ac9200eb
canonical:pop:1dda9969087ea2a16ee06645,v2_population,pop:1dda9969087ea2a16ee06645,edition-target:lang:tpi-Latn-PG,POPULATION_OR_CONTEXT,percentage_only,percent_plan_reported_literacy,,57,,Reported literacy in Tok Pisin; overlapping with other language-literacy measures and not a speaker headcount,2020 plan using available national evidence,,,OIO_4D280718188B,https://planipolis.iiep.unesco.org/sites/default/files/ressources/papua_new_guinea_nep_2020-2029.pdf,,non_additive; never sum with another measure or measure class without a proved disjoint-person crosswalk,,V2_CANONICAL_EVIDENCE,false,5e9529fff15f0224a52f064aef8b7275683c9d1bc58b50dfe692dab8f4a0e0cd
canonical:pop:1eba93df0b84d1dadf945ee6,v2_population,pop:1eba93df0b84d1dadf945ee6,edition-target:lang:cre-CA,POPULATION_OR_CONTEXT,speaker_or_reported_ability,persons_2021_language_knowledge,,61000,,"People reporting knowledge of Cree, not otherwise specified; mother-tongue count 47855. Counts randomly rounded.",2021,,,SRC_AMAR_CAN_ALGONQ_2021,https://www150.statcan.gc.ca/n1/pub/41-20-0002/412000022025002-eng.htm,,non_additive; never sum with another measure or measure class without a proved disjoint-person crosswalk,,V2_CANONICAL_EVIDENCE,false,4bd2d9218407ebcc56b3e234574fa1bc792c08b9958d48bc613ccc9b42cb208c
canonical:pop:1ed848c1d928c4559fb89df2,v2_population,pop:1ed848c1d928c4559fb89df2,edition-target:lang:zh-Hans-CN:written,POPULATION_OR_CONTEXT,enrolment,persons,,101782900,,Learners enrolled in primary education in 2025,2025,,,SRC_MOE_EDU_2025,https://www.moe.gov.cn/jyb_sjzl/sjzl_fztjgb/202607/t20260706_1442870.html,,non_additive; never sum with another measure or measure class without a proved disjoint-person crosswalk,,V2_CANONICAL_EVIDENCE,false,c5296b36be2d856423b6bd9047ccfc8d943ec9a318d2b0c99fa1b5ba676011d2
canonical:pop:1f81f0627da3dae77a4627f9,v2_population,pop:1f81f0627da3dae77a4627f9,edition-target:lang:mdh-Latn-PH,POPULATION_OR_CONTEXT,ethnicity_or_identity_proxy,persons_ethnicity_proxy,,2021099,,"2020 ethnicity proxy; the census also reports 365,032 Maguindanao home-language households.",2020,,,PH_PSA_ETHNICITY_2020,https://psa.gov.ph/content/ethnicity-philippines-2020-census-population-and-housing,,non_additive; never sum with another measure or measure class without a proved disjoint-person crosswalk,,V2_CANONICAL_EVIDENCE,false,18599c84f6c86b611d430845b394795b8467d7e38316de53395fd26e1ce57c00
canonical:pop:1fa5cc2a9b5ee05d1da3cc72,v2_population,pop:1fa5cc2a9b5ee05d1da3cc72,edition-target:lang:yux-RU,POPULATION_OR_CONTEXT,speaker_or_reported_ability,persons_within_named_people_reporting_same_named_language_knowledge_shared_where_noted,,300,,"Shared Yukaghir language-knowledge count; ethnic population 1,813; not split from Tundra Yukaghir.",2021,,,SRC_AMAR_RUS_ROSSTAT_2021,https://rosstat.gov.ru/storage/mediabank/Tom5_tab18_VPN-2020.xlsx,,non_additive; never sum with another measure or measure class without a proved disjoint-person crosswalk,,V2_CANONICAL_EVIDENCE,false,76bd962cf1b34e5fe4bd333c3e25d31ec7ce2b36fb2d79f46ad74a984ea3b15e
canonical:pop:1fc814504dc4aaaeb4aa8518,v2_population,pop:1fc814504dc4aaaeb4aa8518,edition-target:lang:tet-Latn-TL,POPULATION_OR_CONTEXT,home_or_first_language,persons_L1,,361027,,2015 census L1 count reproduced in an open peer-reviewed study.,2015,,,TLS_CENSUS_LANGUAGE_STUDY,https://pmc.ncbi.nlm.nih.gov/articles/PMC9411783/,,non_additive; never sum with another measure or measure class without a proved disjoint-person crosswalk,,V2_CANONICAL_EVIDENCE,false,7d3090f16029af0e6b78efd4ba4eb76a1621dc732f666e0444be9ec18580a4e7
canonical:pop:2289a36bf1a824781abfef99,v2_population,pop:2289a36bf1a824781abfef99,edition-target:lang:pam-Latn-PH,POPULATION_OR_CONTEXT,ethnicity_or_identity_proxy,persons_ethnicity_proxy,,3209738,,"2020 ethnicity proxy; 639,687 home-language households were separately reported.",2020,,,PH_PSA_ETHNICITY_2020,https://psa.gov.ph/content/ethnicity-philippines-2020-census-population-and-housing,,non_additive; never sum with another measure or measure class without a proved disjoint-person crosswalk,,V2_CANONICAL_EVIDENCE,false,d24ec5f4e486131097a7796a4d82a5c493b488a5076d29040dd969776d260652
canonical:pop:245bf7d282801a8855f10e95,v2_population,pop:245bf7d282801a8855f10e95,edition-target:lang:unresolved-tag:paikoka:ecuador-paikoka-communities,POPULATION_OR_CONTEXT,speaker_or_reported_ability,persons_named_language_speakers,,580,,Speakers; associated population 720.,2022,,,SRC_AMAR_ECU_PLAN_2024,https://www.secretariapueblosynacionalidades.gob.ec/wp-content/uploads/2024/07/EPF-Sintesis-de-plan-decenal-correccion3-final-18-junio-2024.pdf,,non_additive; never sum with another measure or measure class without a proved disjoint-person crosswalk,,V2_CANONICAL_EVIDENCE,false,67e032299c78efe3ce539ce996905775b33ebe0e31b31dc8d590561bd48540b7
canonical:pop:24e8e3425266fe71334da050,v2_population,pop:24e8e3425266fe71334da050,edition-target:lang:ilo-Latn-PH,POPULATION_OR_CONTEXT,ethnicity_or_identity_proxy,persons_ethnicity_proxy,,8746169,,"2020 ethnicity proxy; the census also reports 1,863,409 home-language households, not persons.",2020,,,PH_PSA_ETHNICITY_2020,https://psa.gov.ph/content/ethnicity-philippines-2020-census-population-and-housing,,non_additive; never sum with another measure or measure class without a proved disjoint-person crosswalk,,V2_CANONICAL_EVIDENCE,false,3dfabd037e9c1590f0057f8d4fc41f05f3db11f571538cac0b4cdd18f69c54e8
canonical:pop:2562598298aa93b8b4ef12ea,v2_population,pop:2562598298aa93b8b4ef12ea,edition-target:lang:jac-GT,POPULATION_OR_CONTEXT,home_or_first_language,persons_age4plus_mother_tongue,,32568,,People age 4+ reporting Popti’ / Jakalteko as mother tongue.,2018,,,SRC_AMAR_GTM_INE_2018,https://censo2018.ine.gob.gt/archivos/resultados_censo2018.pdf,,non_additive; never sum with another measure or measure class without a proved disjoint-person crosswalk,,V2_CANONICAL_EVIDENCE,false,c981355dc76cee9fe7b3782ce2fe4eb2081f386fb22154a7db9f5a282ad7e640
canonical:pop:25f5ed879f82a38f50dcd2f0,v2_population,pop:25f5ed879f82a38f50dcd2f0,edition-target:lang:nso-Latn-ZA,POPULATION_OR_CONTEXT,percentage_only,percent,,10,,Share of South Africa population reporting Sepedi/Northern Sotho as household language,2022,,,SRC_STATSSA_CENSUS_2022,https://www.statssa.gov.za/wp-content/uploads/2023/11/Mbalo-brief-November.pdf,,non_additive; never sum with another measure or measure class without a proved disjoint-person crosswalk,,V2_CANONICAL_EVIDENCE,false,3f07a79f39730fb520bcf58c2b1ae739f54a14f34e94593c5e3b9f8af48c95f4
canonical:pop:2627a877bd76541188fc187c,v2_population,pop:2627a877bd76541188fc187c,edition-target:lang:tts-Thai-TH,POPULATION_OR_CONTEXT,home_or_first_language,persons_L1_planning_range,15000000,,22000000,Public planning range anchored in the older Mahidol ethnolinguistic mapping context; no recent official language census.,,,,THA_UNICEF_BRIDGE_FULL,https://www.unicef.org/thailand/media/1282/file/Bridge%20to%20a%20Brighter%20Tomorrow%20%28Full%20Report%29.pdf,,non_additive; never sum with another measure or measure class without a proved disjoint-person crosswalk,,V2_CANONICAL_EVIDENCE,false,1f9c0d378395435e68e30bebc82f8933d1aed59c56293b78e9ecef7cd2f4b617
canonical:pop:265ad12ab34505a5caa42599,v2_population,pop:265ad12ab34505a5caa42599,edition-target:lang:unresolved-tag:waima-a:timor-leste-waima-a-l1-communities,POPULATION_OR_CONTEXT,home_or_first_language,persons_L1,,21227,,2015 census L1 count reproduced in an open peer-reviewed study.,2015,,,TLS_CENSUS_LANGUAGE_STUDY,https://pmc.ncbi.nlm.nih.gov/articles/PMC9411783/,,non_additive; never sum with another measure or measure class without a proved disjoint-person crosswalk,,V2_CANONICAL_EVIDENCE,false,da7858f5f36fe5c4d88e4a47a297f2b526e61080dbd1be82d7c9eec7479812a8
canonical:pop:26c11abff362ef9cb6d287c2,v2_population,pop:26c11abff362ef9cb6d287c2,edition-target:lang:zh-Hans-CN:written,POPULATION_OR_CONTEXT,enrolment,persons,,753600,,Doctoral students enrolled in 2025,2025,,,SRC_MOE_EDU_2025,https://www.moe.gov.cn/jyb_sjzl/sjzl_fztjgb/202607/t20260706_1442870.html,,non_additive; never sum with another measure or measure class without a proved disjoint-person crosswalk,,V2_CANONICAL_EVIDENCE,false,0467cc7c1e0c12891fc8762a499292a69766b1c3b08678ff8f49af781e6c4768
canonical:pop:278f62597452eca626dc0521,v2_population,pop:278f62597452eca626dc0521,edition-target:lang:prs-Arab-AF,POPULATION_OR_CONTEXT,percentage_only,percent_adult_survey_respondents,,53.8,,Native-language share in nationally representative adult survey; no census-quality headcount,2019,,,AFG_MDS_2019,https://asiafoundation.org/wp-content/uploads/2020/05/Afghanistan_2019-Model-Disability-Survey.pdf,,non_additive; never sum with another measure or measure class without a proved disjoint-person crosswalk,,V2_CANONICAL_EVIDENCE,false,bb985f3e67371ba2c06e9593f26eb5d81a04441b3dda63267ed64d705048d837
canonical:pop:292607b924bd2ee5422ae070,v2_population,pop:292607b924bd2ee5422ae070,edition-target:lang:ne-Deva-NP,POPULATION_OR_CONTEXT,l1,persons_L1,13084457,13084457,13084457,Census mother-tongue count,2021,,,NPL_LANG_2021,https://censusnepal.cbs.gov.np/results/files/result-folder/Language%20in%20Nepal.pdf,,non_additive; never sum with another measure or measure class without a proved disjoint-person crosswalk,,V2_CANONICAL_EVIDENCE,false,579a521184383e1ac774ab379eed944369cfa68adc5aeb3e9bdbbc59548dd054
canonical:pop:2974f21008f0ddd3c01de93a,v2_population,pop:2974f21008f0ddd3c01de93a,edition-target:lang:mop-BZ,POPULATION_OR_CONTEXT,percentage_only,percent_population_age4plus_multiple_response_speaking_ability,,3.9,,"Share of population age 4+ reporting ability to speak Belize Mopan; multiple languages allowed, not a mother-tongue share.",2022,,,SRC_AMAR_BLZ_SIB_2022,https://sib.org.bz/wp-content/uploads/CensusKeyFindingsReport_2022.pdf,,non_additive; never sum with another measure or measure class without a proved disjoint-person crosswalk,,V2_CANONICAL_EVIDENCE,false,c3a8284694630d6ad267c24a40c73da026b398e5fa32300ea8ebfb56ea359b6e
canonical:pop:29bbd4ea4d0add8fe3f4306e,v2_population,pop:29bbd4ea4d0add8fe3f4306e,edition-target:lang:ur-Arab-PK,POPULATION_OR_CONTEXT,l1,persons_L1,22249307,22249307,22249307,Census mother-tongue count; wider functional reach uncounted,2023,,,PBS_MT_2023,https://www.pbs.gov.pk/wp-content/uploads/census_tables/tables/table_11_national.pdf,,non_additive; never sum with another measure or measure class without a proved disjoint-person crosswalk,,V2_CANONICAL_EVIDENCE,false,d3dec485a9bd60501cf3067ae566db2957a0a346a79cd8b0fb1ccf862e5a80c3
canonical:pop:29ee505aeed4c97162d1fe98,v2_population,pop:29ee505aeed4c97162d1fe98,edition-target:lang:crk-CA,POPULATION_OR_CONTEXT,speaker_or_reported_ability,persons_2021_language_knowledge,,12005,,People reporting knowledge of Nehiyawewin / Plains Cree; mother-tongue count 6730. Counts randomly rounded.,2021,,,SRC_AMAR_CAN_ALGONQ_2021,https://www150.statcan.gc.ca/n1/pub/41-20-0002/412000022025002-eng.htm,,non_additive; never sum with another measure or measure class without a proved disjoint-person crosswalk,,V2_CANONICAL_EVIDENCE,false,614e7ba4571b7f5b88ecd00a960fc1110a1fbfa6f7ca8bacdc0175f702d52851
canonical:pop:2a4c2070f3c2a5974847ce06,v2_population,pop:2a4c2070f3c2a5974847ce06,edition-target:lang:rad-Latn-VN,POPULATION_OR_CONTEXT,ethnicity_or_identity_proxy,persons_ethnicity_proxy,,398671,,2019 ethnicity proxy.,2019,,,VNM_CENSUS_2019,https://tongdieutradanso.vn/uploads/data/6/files/files/Population%20and%20Housing%20Census%202019_final%20report.pdf,,non_additive; never sum with another measure or measure class without a proved disjoint-person crosswalk,,V2_CANONICAL_EVIDENCE,false,8d3277103897c3cab70bd3fda00206dfed6aae29ef1673908d6548beae703d20
canonical:pop:2a74f45f01adcf93b5498742,v2_population,pop:2a74f45f01adcf93b5498742,edition-target:lang:pnb-Arab-PK,POPULATION_OR_CONTEXT,l1,persons_L1,88915544,88915544,88915544,Census mother-tongue count; script not enumerated,2023,,,PBS_MT_2023,https://www.pbs.gov.pk/wp-content/uploads/census_tables/tables/table_11_national.pdf,,non_additive; never sum with another measure or measure class without a proved disjoint-person crosswalk,,V2_CANONICAL_EVIDENCE,false,f080e29940a4f8eebd11721a5b5e751c414a324cb8babf89b1b85c4f61db8245
canonical:pop:2a8065ee99c2977b6ca489e4,v2_population,pop:2a8065ee99c2977b6ca489e4,edition-target:lang:acr-GT,POPULATION_OR_CONTEXT,home_or_first_language,persons_age4plus_mother_tongue,,124338,,People age 4+ reporting Achi as mother tongue.,2018,,,SRC_AMAR_GTM_INE_2018,https://censo2018.ine.gob.gt/archivos/resultados_censo2018.pdf,,non_additive; never sum with another measure or measure class without a proved disjoint-person crosswalk,,V2_CANONICAL_EVIDENCE,false,d488d2193937fd742d1b33ba281a43d99638b2ae84d946ec4bec0460cf145460
canonical:pop:2bd626bb58b8f546687ec0e3,v2_population,pop:2bd626bb58b8f546687ec0e3,edition-target:lang:bug-Bugi-ID,POPULATION_OR_CONTEXT,home_or_first_language,persons_daily_home_language_age5plus_nonadditive,,3510000,,Same population basis as the Latin Buginese row; this is a non-additive script access edition.,2010,,,IDN_BPS_LANG_2010,https://www.bps.go.id/en/publication/2012/05/23/55eca38b7fe0830834605b35/nationality--ethnicity--religion--and-dailylanguage-of-indonesian-population.html,,non_additive; never sum with another measure or measure class without a proved disjoint-person crosswalk,,V2_CANONICAL_EVIDENCE,false,1c664a8ac76c0c058d70805c43dbb5314dfcc0ead306bf706118ea538e06597f
canonical:pop:2c6b4fbd82a93bd3d3893336,v2_population,pop:2c6b4fbd82a93bd3d3893336,edition-target:lang:nzs-NZ,POPULATION_OR_CONTEXT,nonexclusive_use,people,24678,24678,24678,People reporting NZSL use in Census 2023 summary.,2023,,,SRC_NZ_CENSUS_2023,https://tools.summaries.stats.govt.nz/ethnic-group/maori,,non_additive; never sum with another measure or measure class without a proved disjoint-person crosswalk,,V2_CANONICAL_EVIDENCE,false,81a4d8f34fe131026f5834e884886c43df50d247f5ea64df6da5fd3378900316
canonical:pop:2cb02fc39902ed72029da51a,v2_population,pop:2cb02fc39902ed72029da51a,edition-target:lang:ta-Taml-IN,POPULATION_OR_CONTEXT,l1,persons_L1,68888839,68888839,68888839,Raw Census mother-tongue count,2011,,,IND_C16_2011,https://censusindia.gov.in/nada/index.php/catalog/10191,,non_additive; never sum with another measure or measure class without a proved disjoint-person crosswalk,,V2_CANONICAL_EVIDENCE,false,1196d0e150aca8ca32fb5c53e92222d04cb25c5cef8b647936bb03e126109a51
canonical:pop:2ced7cd7a5d230f765177570,v2_population,pop:2ced7cd7a5d230f765177570,edition-target:lang:mch-VE,POPULATION_OR_CONTEXT,ethnicity_or_identity_proxy,persons_indigenous_identity_stale_proxy,,7997,,Ye’kwana identity count; not a speaker count.,2011,,,SRC_AMAR_VEN_INE_2011,https://celade.cepal.org/censosinfo/manuales/VE_EmpadronPobIndigena_2011.pdf,,non_additive; never sum with another measure or measure class without a proved disjoint-person crosswalk,,V2_CANONICAL_EVIDENCE,false,30fa2db7f2e492e363dcf9b5f7a66f27710594ca59fd807d6e84ce9917ed9644
canonical:pop:2d0b4ab1f76b6ddf5293fef8,v2_population,pop:2d0b4ab1f76b6ddf5293fef8,edition-target:lang:unresolved-tag:fataluku:timor-leste-fataluku-l1-communities,POPULATION_OR_CONTEXT,home_or_first_language,persons_L1,,41500,,2015 census L1 count reproduced in an open peer-reviewed study.,2015,,,TLS_CENSUS_LANGUAGE_STUDY,https://pmc.ncbi.nlm.nih.gov/articles/PMC9411783/,,non_additive; never sum with another measure or measure class without a proved disjoint-person crosswalk,,V2_CANONICAL_EVIDENCE,false,bb16bc0ff08245af5d58ad36f1c8fa717d961b1c488e5c8871411323fa05e91d
canonical:pop:2d407ad3f659e88495e45953,v2_population,pop:2d407ad3f659e88495e45953,edition-target:lang:sn-Latn-ZA,POPULATION_OR_CONTEXT,home_language,people,,716967,,Shona home-language users in South Africa,2022,,,SRC_STATSSA_CENSUS_2022,https://www.statssa.gov.za/wp-content/uploads/2023/11/Mbalo-brief-November.pdf,,non_additive; never sum with another measure or measure class without a proved disjoint-person crosswalk,,V2_CANONICAL_EVIDENCE,false,6a7382294cac818f98a41651c6002e17d2358d532c6ba1d12e6089929c8ac72b
canonical:pop:2eccbeef4cf4351a88626fd5,v2_population,pop:2eccbeef4cf4351a88626fd5,edition-target:lang:qum-GT,POPULATION_OR_CONTEXT,home_or_first_language,persons_age4plus_mother_tongue,,4155,,People age 4+ reporting Sipakapense as mother tongue.,2018,,,SRC_AMAR_GTM_INE_2018,https://censo2018.ine.gob.gt/archivos/resultados_censo2018.pdf,,non_additive; never sum with another measure or measure class without a proved disjoint-person crosswalk,,V2_CANONICAL_EVIDENCE,false,ffb6f23d441f8393813ec5e075b2480476147fa82518a5ee5ff0168ecdcb4657
canonical:pop:2fe16dbd21183f349bceb5e0,v2_population,pop:2fe16dbd21183f349bceb5e0,edition-target:lang:yo-Latn-NG,POPULATION_OR_CONTEXT,speaker_estimate,people,28000000,30000000,32000000,"Approximate federal-government speaker estimate, around 30m.",2026,,,SRC_NIGERIA_FMACCE,https://www.fmacce.gov.ng/indigenous-language,,non_additive; never sum with another measure or measure class without a proved disjoint-person crosswalk,,V2_CANONICAL_EVIDENCE,false,19d336fddf7579581c20bcdd88970dd7eca4bc5195fa1a4065d28c10be9fca38
canonical:pop:30b85d161825c7e8d14ec148,v2_population,pop:30b85d161825c7e8d14ec148,edition-target:lang:ta-Taml-LK:community:malayaga,POPULATION_OR_CONTEXT,ethnicity_proxy,persons_ethnicity_proxy,600360,600360,600360,Indian Tamil/Malayaga Thamilar ethnicity count; L1 equivalence not enumerated,2024,,,LKA_CENSUS_2024,https://www.statistics.gov.lk/Resource/en/Population/CPH_2024/CPH2024_Final_Eng.pdf,,non_additive; never sum with another measure or measure class without a proved disjoint-person crosswalk,,V2_CANONICAL_EVIDENCE,false,73cdd98a216886f60a2e2b67125dd582c2e362a74dff87602e75da19cf2bfecb
canonical:pop:30fcbd66ba7792f401b8b510,v2_population,pop:30fcbd66ba7792f401b8b510,edition-target:lang:guq-PY,POPULATION_OR_CONTEXT,ethnicity_or_identity_proxy,persons_indigenous_identity_proxy,,2604,,People identifying with the Aché people; not a speaker count.,2022,,,SRC_AMAR_PRY_INDIG_2022,https://www.ine.gov.py/Publicaciones/Biblioteca/documento/237/Resultados-Finales-Censo-Indigena.pdf,,non_additive; never sum with another measure or measure class without a proved disjoint-person crosswalk,,V2_CANONICAL_EVIDENCE,false,7401ac8736076ce6f208c93a36e00bd3dfe6b1d5e2c2374b5d4a3e5a42f6232f
canonical:pop:31bc491cca7b26a0a2d9dbb0,v2_population,pop:31bc491cca7b26a0a2d9dbb0,edition-target:lang:ess-RU,POPULATION_OR_CONTEXT,speaker_or_reported_ability,persons_within_named_people_reporting_same_named_language_knowledge_shared_where_noted,,160,,"Shared census 'Eskimo' language-knowledge count; ethnic population 1,659; not split from Naukan.",2021,,,SRC_AMAR_RUS_ROSSTAT_2021,https://rosstat.gov.ru/storage/mediabank/Tom5_tab18_VPN-2020.xlsx,,non_additive; never sum with another measure or measure class without a proved disjoint-person crosswalk,,V2_CANONICAL_EVIDENCE,false,296b8058c22e5502221171e7a82d7ecc7d40fc5f2d6598b039dc75cc5bc248ad
canonical:pop:31da6dc1ef3d162e04c21b2f,v2_population,pop:31da6dc1ef3d162e04c21b2f,edition-target:lang:sat-Olck-IN,POPULATION_OR_CONTEXT,l1_ceiling_not_script_specific,persons_L1_ceiling,,,6973345,Raw Santali L1 total is an upper bound; census does not enumerate Ol Chiki use,2011,,,IND_C16_2011,https://censusindia.gov.in/nada/index.php/catalog/10191,,non_additive; never sum with another measure or measure class without a proved disjoint-person crosswalk,,V2_CANONICAL_EVIDENCE,false,5285092e49472e19cb7ccdccb2c724f46bc3c16ffc144a3722abcc7c66d1699d
canonical:pop:332bfb8cba99b2012fc8420f,v2_population,pop:332bfb8cba99b2012fc8420f,edition-target:lang:unresolved-tag:inuktun-avanersuarmiutut:qaanaaq-avanersuaq-greenland,POPULATION_OR_CONTEXT,speaker_or_reported_ability,persons_language_users_literature_upper_bound,,,999,"Literature estimate below 1,000; no official count.",,,,SRC_AMAR_GRL_MERCATOR,https://wiki.mercator-research.eu/languages%3Atunumiisiut_in_greenland,,non_additive; never sum with another measure or measure class without a proved disjoint-person crosswalk,,V2_CANONICAL_EVIDENCE,false,da1cf3987e9137efec98472471c763e257384d1a20b49eddd62271e5b761d56c
canonical:pop:336d98a6d4f1f727b401fb9c,v2_population,pop:336d98a6d4f1f727b401fb9c,edition-target:lang:mi-Latn-NZ,POPULATION_OR_CONTEXT,reported_ability,people,213849,213849,213849,People reporting ability to speak te reo Maori in Census 2023.,2023,,,SRC_NZ_CENSUS_2023,https://tools.summaries.stats.govt.nz/ethnic-group/maori,,non_additive; never sum with another measure or measure class without a proved disjoint-person crosswalk,,V2_CANONICAL_EVIDENCE,false,a68b6572e30910c34ecaf343229f18fef0dc3112a3b81ed015547ce5feab2f0c
canonical:pop:34208bc4845e950505b1123f,v2_population,pop:34208bc4845e950505b1123f,edition-target:lang:si-Sinh-LK,POPULATION_OR_CONTEXT,ethnicity_proxy,persons_ethnicity_proxy,16144037,16144037,16144037,Sinhalese ethnicity count used as Sinhala population proxy,2024,,,LKA_CENSUS_2024,https://www.statistics.gov.lk/Resource/en/Population/CPH_2024/CPH2024_Final_Eng.pdf,,non_additive; never sum with another measure or measure class without a proved disjoint-person crosswalk,,V2_CANONICAL_EVIDENCE,false,a53b2ad6d8fe9015cf05b5a3db5cb1ba778e72ba49b43a79d35e98253b7b5f5b
canonical:pop:34ea3c317e2d72a46c043c6f,v2_population,pop:34ea3c317e2d72a46c043c6f,edition-target:lang:mg-Latn-MG,POPULATION_OR_CONTEXT,territorial_exposure_ceiling,persons_resident_territory_ceiling,25674196,25674196,25674196,Madagascar resident population; not a Standard Malagasy speaker count,2018,,,OIO_989DA9582176,https://www.instat.mg/p/resultats-definitifs-du-rgph-3-2018-troisieme-recensement-general-de-la-population-et-de-lhabitation,,non_additive; never sum with another measure or measure class without a proved disjoint-person crosswalk,,V2_CANONICAL_EVIDENCE,false,01d214b9574d73690a0a1d0dc5c13c1903c0b9175b79e10019610ee79b86e32e
canonical:pop:3516458bf214aaf7d61b51f9,v2_population,pop:3516458bf214aaf7d61b51f9,edition-target:lang:fr-Latn-001,POPULATION_OR_CONTEXT,macro_speaker_estimate,people,396000000,396000000,396000000,Institutional worldwide speaker estimate.,2026,,,SRC_OIF_2026,https://www.francophonie.org/lancement-du-rapport-la-langue-francaise-dans-le-monde-2026-8426,,non_additive; never sum with another measure or measure class without a proved disjoint-person crosswalk,,V2_CANONICAL_EVIDENCE,false,af49d3fc311564505e07bc315f3c5723f0b8270eb5e688ad1a03f75f48248bd2
canonical:pop:3914b0ebff1e8cdf7ab97738,v2_population,pop:3914b0ebff1e8cdf7ab97738,edition-target:lang:uz-Latn-UZ,POPULATION_OR_CONTEXT,l1,people,35700000,35700000,35700000,Preliminary 2026 census native-language count; 91.3% of enumerated population.,2026,,,SRC_UZBEKISTAN_CENSUS_2026,https://stat.uz/en/press-center/news-of-committee/68979-a-oli-va-ishlo-kh-zhaligini-r-jkhatga-olish-tadbirining-dastlabki-natizhalariga-ba-ishlangan-konferentsiya-tkazildi-4,,non_additive; never sum with another measure or measure class without a proved disjoint-person crosswalk,,V2_CANONICAL_EVIDENCE,false,b459e5d482726340e0d7e17ba28331fafb69e344ba84f6eac24b267d3c3a57cc
canonical:pop:39de2462a63d58bf0aa760b4,v2_population,pop:39de2462a63d58bf0aa760b4,edition-target:lang:id-Latn-ID,POPULATION_OR_CONTEXT,home_language,people,42682566,42682566,42682566,Home language among population age 5+ in Census 2010.,2010,,,SRC_BPS_ID_2010,https://www.bps.go.id/id/publication/2012/05/23/55eca38b7fe0830834605b35/kewarganegaraan-suku-bangsa-agama-dan-bahasa-%20sehari-hari-penduduk-indonesia.html,,non_additive; never sum with another measure or measure class without a proved disjoint-person crosswalk,,V2_CANONICAL_EVIDENCE,false,fa66224741a5d31b88d2869beefbd6b57e9425e98b915db0616cba0117dc97dc
canonical:pop:39ef977a7da59a3b5457900f,v2_population,pop:39ef977a7da59a3b5457900f,edition-target:lang:niv-RU:variety:sakhalin-nivkh,POPULATION_OR_CONTEXT,speaker_or_reported_ability,persons_within_named_people_reporting_same_named_language_knowledge_shared_where_noted,,683,,"Shared Nivkh language-knowledge count; ethnic population 3,863; not split from Amur Nivkh.",2021,,,SRC_AMAR_RUS_ROSSTAT_2021,https://rosstat.gov.ru/storage/mediabank/Tom5_tab18_VPN-2020.xlsx,,non_additive; never sum with another measure or measure class without a proved disjoint-person crosswalk,,V2_CANONICAL_EVIDENCE,false,f5ae4d0721361e928bc4c2903fb713ddcf1eafa161d6882c736b34c6705070b8
canonical:pop:3ab4abcd70234f2930fd086d,v2_population,pop:3ab4abcd70234f2930fd086d,edition-target:lang:pap-CW,POPULATION_OR_CONTEXT,percentage_only,percent_respondents_first_home_language,,78,,"Of 147,498 respondents, 78.0% named Papiamentu first/most spoken; 9.9% second and 2.0% third.",2023,,,SRC_AMAR_CUW_CENSUS_2023,https://senso.cbs.cw/talen-gesproken-in-curacao-resultaten-census-2023,,non_additive; never sum with another measure or measure class without a proved disjoint-person crosswalk,,V2_CANONICAL_EVIDENCE,false,89ff8bf8fbe527ece03385ac1162ed9e68b0edf1f60856945a524d7addb13568
canonical:pop:3afe7dfddc13c5a9184212e6,v2_population,pop:3afe7dfddc13c5a9184212e6,edition-target:lang:unresolved-tag:thai-census-category:viet-nam-thai-ethnicity-proxy,POPULATION_OR_CONTEXT,ethnicity_or_identity_proxy,persons_ethnicity_proxy,,1820950,,2019 ethnicity proxy covering multiple varieties such as Tai Dam and Tai Don; not one production language.,2019,,,VNM_CENSUS_2019,https://tongdieutradanso.vn/uploads/data/6/files/files/Population%20and%20Housing%20Census%202019_final%20report.pdf,,non_additive; never sum with another measure or measure class without a proved disjoint-person crosswalk,,V2_CANONICAL_EVIDENCE,false,fb301ebc5cfdb0bd40a097c19a5653f841e28eddba9ddd39b24ce75c3938839b
canonical:pop:3b435aec900de0ed5e6efe1f,v2_population,pop:3b435aec900de0ed5e6efe1f,edition-target:lang:ja-Jpan-JP,POPULATION_OR_CONTEXT,persons_basis_not_stated,persons,,912800,,Researchers as of 2025-03-31 in the national Survey of Research and Development; sector and time-allocation definitions apply,2025,,,JPN-S026,https://www.stat.go.jp/english/data/kagaku/pdf/2025summary.pdf,,non_additive; never sum with another measure or measure class without a proved disjoint-person crosswalk,,V2_CANONICAL_EVIDENCE,false,b7794380207a2e37365a2559de2356eb240a63f1db4fa4ea0b41a92a2234da79
canonical:pop:3bc919afd6ce7daa63dbb910,v2_population,pop:3bc919afd6ce7daa63dbb910,edition-target:lang:mop-GT,POPULATION_OR_CONTEXT,home_or_first_language,persons_age4plus_mother_tongue,,2011,,People age 4+ reporting Mopan as mother tongue.,2018,,,SRC_AMAR_GTM_INE_2018,https://censo2018.ine.gob.gt/archivos/resultados_censo2018.pdf,,non_additive; never sum with another measure or measure class without a proved disjoint-person crosswalk,,V2_CANONICAL_EVIDENCE,false,bdbee269e06a3308cc00e7d6bbf6721430f3fb76fc899036a9982d7d72d58ea2
canonical:pop:3bf522d2edfee3ccaec5efd5,v2_population,pop:3bf522d2edfee3ccaec5efd5,edition-target:lang:yua-BZ,POPULATION_OR_CONTEXT,percentage_only,percent_population_age4plus_multiple_response_speaking_ability,,0.5,,"Share of population age 4+ reporting ability to speak Belize Yucatec Maya; multiple languages allowed, not a mother-tongue share.",2022,,,SRC_AMAR_BLZ_SIB_2022,https://sib.org.bz/wp-content/uploads/CensusKeyFindingsReport_2022.pdf,,non_additive; never sum with another measure or measure class without a proved disjoint-person crosswalk,,V2_CANONICAL_EVIDENCE,false,db45504e92b998c0eac42e7bf4c5db92a576e22b959be8ccbe980a02e3a10554
canonical:pop:3c3715a5a99b2c64dc7046b5,v2_population,pop:3c3715a5a99b2c64dc7046b5,edition-target:lang:unresolved-tag:hindko-census-category:pakistan-especially-khyber-pakhtunkh,POPULATION_OR_CONTEXT,macro_l1,persons_L1,5590559,5590559,5590559,Census Hindko category; internal variety split unavailable,2023,,,PBS_MT_2023,https://www.pbs.gov.pk/wp-content/uploads/census_tables/tables/table_11_national.pdf,,non_additive; never sum with another measure or measure class without a proved disjoint-person crosswalk,,V2_CANONICAL_EVIDENCE,false,faa4ef8567f109da0cd9dad4b5326457e58379756290442f6c18891a01bfbe6d
canonical:pop:3c5fd6014d2f93f61f5858b0,v2_population,pop:3c5fd6014d2f93f61f5858b0,edition-target:lang:jls-JM,POPULATION_OR_CONTEXT,enrolment,students_in_deaf_schools_proxy,,310,,"2014/15 school census count in Deaf schools, plus 51 omitted at one centre; not a JSL-user count.",2014-2015,,,SRC_AMAR_JAM_DEAF_ED,https://lms.jamdeaf.org.jm/mod/resource/view.php?id=730,,non_additive; never sum with another measure or measure class without a proved disjoint-person crosswalk,,V2_CANONICAL_EVIDENCE,false,f981e7e75a2f4a885169fa9509cd2eb3076c1e6ea7da10b360129e0aa01a82d8
canonical:pop:3cedcc0195aed3dc4ab95d12,v2_population,pop:3cedcc0195aed3dc4ab95d12,edition-target:lang:ayr-Latn-BO,POPULATION_OR_CONTEXT,macro_nonexclusive_use,people,1477654,1477654,1477654,Age 6+ non-exclusive spoken-language count in Census 2024.,2024,,,SRC_BOLIVIA_CENSUS_2024,https://nimbus.ine.gob.bo/index.php/s/WXC7si7z5sWsfMf/download,,non_additive; never sum with another measure or measure class without a proved disjoint-person crosswalk,,V2_CANONICAL_EVIDENCE,false,41fd9431cd92ea779f43b4a8b000ac462e9e37bcbcd6d82fc52882cee2f1a310
canonical:pop:3dbb0ea3594e28b76172dace,v2_population,pop:3dbb0ea3594e28b76172dace,edition-target:lang:mai-Deva-IN,POPULATION_OR_CONTEXT,l1,persons_L1,13353347,13353347,13353347,Raw Census mother-tongue count,2011,,,IND_C16_2011,https://censusindia.gov.in/nada/index.php/catalog/10191,,non_additive; never sum with another measure or measure class without a proved disjoint-person crosswalk,,V2_CANONICAL_EVIDENCE,false,638ddca148c71bdc8454a5ef7675b4ec5d763675a15c6832e4887791667bcc39
canonical:pop:3df88cd0f1785f4e70205139,v2_population,pop:3df88cd0f1785f4e70205139,edition-target:lang:cwd-CA,POPULATION_OR_CONTEXT,speaker_or_reported_ability,persons_2021_language_knowledge,,5110,,People reporting knowledge of Nihithawiwin / Woods Cree; mother-tongue count 3760. Counts randomly rounded.,2021,,,SRC_AMAR_CAN_ALGONQ_2021,https://www150.statcan.gc.ca/n1/pub/41-20-0002/412000022025002-eng.htm,,non_additive; never sum with another measure or measure class without a proved disjoint-person crosswalk,,V2_CANONICAL_EVIDENCE,false,035559e597094d95eb374e727548ae8bf68dc4a11cc3742cf8b299ac3e946edd
canonical:pop:3e233fc2bd1412401107766d,v2_population,pop:3e233fc2bd1412401107766d,edition-target:lang:enx-PY,POPULATION_OR_CONTEXT,ethnicity_or_identity_proxy,persons_indigenous_identity_proxy,,8189,,People identifying with the Enxet Sur people; not a speaker count.,2022,,,SRC_AMAR_PRY_INDIG_2022,https://www.ine.gov.py/Publicaciones/Biblioteca/documento/237/Resultados-Finales-Censo-Indigena.pdf,,non_additive; never sum with another measure or measure class without a proved disjoint-person crosswalk,,V2_CANONICAL_EVIDENCE,false,a57e120b524df0073ad3d63c7231d594104c9ae7862d38f6ce4918e69c181585
canonical:pop:3e2e7060fae0d760bbc002b3,v2_population,pop:3e2e7060fae0d760bbc002b3,edition-target:lang:wal-Latn-ET,POPULATION_OR_CONTEXT,persons_basis_not_stated,people,,1627955,,2007 Ethiopia mother-tongue count,2007,,,SRC_ESS_CENSUS_2007,https://drs.ess.gov.et/bitstreams/61d74990-69a7-4f11-8e91-9234ca31d94f/download,,non_additive; never sum with another measure or measure class without a proved disjoint-person crosswalk,,V2_CANONICAL_EVIDENCE,false,c606409c7c3ac5e4a10b42051964e1ef1186d453a3d5113fcbf226dc77c3cad7
canonical:pop:3e335a3b5526f21c1f7a22bd,v2_population,pop:3e335a3b5526f21c1f7a22bd,edition-target:lang:unresolved-tag:any-target-written-language-descriptions-require-subject-expertise-and-l:global-instantiate-by-language-curri,POPULATION_OR_CONTEXT,disability_proxy,persons_blind_GBD_2020_proxy,,43000000,,Approximate number of blind people in the 2020 VLEG/GBD vision-loss model; proxy only and not a count of text-description users.,2020,,,IAPB_VISION_2020,https://www.iapb.org/wp-content/uploads/2021/05/Vision-Atlas_Global-Snapshot_18052021.pdf,,non_additive; never sum with another measure or measure class without a proved disjoint-person crosswalk,,V2_CANONICAL_EVIDENCE,false,5b44e316fc85369cb0ad73da3940c6b26d4a71c79cf1622ecb615407c9d08bdd
canonical:pop:40966e32f54b2ca66a3ffc5c,v2_population,pop:40966e32f54b2ca66a3ffc5c,edition-target:lang:war-Latn-PH,POPULATION_OR_CONTEXT,ethnicity_or_identity_proxy,persons_ethnicity_proxy,,4106539,,"2020 ethnicity proxy; 698,745 home-language households were separately reported.",2020,,,PH_PSA_ETHNICITY_2020,https://psa.gov.ph/content/ethnicity-philippines-2020-census-population-and-housing,,non_additive; never sum with another measure or measure class without a proved disjoint-person crosswalk,,V2_CANONICAL_EVIDENCE,false,997ed7458b9c42662a12cce9469653005c64cf0e6ccf711407195a13d04c8233
canonical:pop:4097728726692320ac91b42f,v2_population,pop:4097728726692320ac91b42f,edition-target:lang:iu-Cans-CA,POPULATION_OR_CONTEXT,reported_ability,people,41675,41675,41675,People reporting ability in Inuktitut in Census 2021.,2021,,,SRC_CANADA_CENSUS_2021,https://www150.statcan.gc.ca/n1/daily-quotidien/250331/dq250331a-eng.htm,,non_additive; never sum with another measure or measure class without a proved disjoint-person crosswalk,,V2_CANONICAL_EVIDENCE,false,c844254d2cc9ee21c24fa5852f8054cd6462e2f5bb3ce4b693cfb18ba91b534e
canonical:pop:40a7ec6c0f9ce1c0f1a86902,v2_population,pop:40a7ec6c0f9ce1c0f1a86902,edition-target:lang:arn-CL:variety:chezungun-williche-mapudungun,POPULATION_OR_CONTEXT,speaker_or_reported_ability,persons_age5plus_speak_or_understand,,381762,,Shared Mapuzugun speaks-or-understands aggregate; no Williche allocation.,2024,,,SRC_AMAR_CHL_INE_2024,https://censo2024.ine.gob.cl/wp-content/uploads/2025/12/sintesis_resultados_censo2024.pdf,,non_additive; never sum with another measure or measure class without a proved disjoint-person crosswalk,,V2_CANONICAL_EVIDENCE,false,53ffc38ba1e77eac3b334bec8b06a7dc3dede345268ed8027e53820f8a22f0bf
canonical:pop:40c446ddfd3acffc7697db5d,v2_population,pop:40c446ddfd3acffc7697db5d,edition-target:lang:unresolved-tag:naueti:timor-leste-naueti-l1-communities,POPULATION_OR_CONTEXT,home_or_first_language,persons_L1,,16507,,2015 census L1 count reproduced in an open peer-reviewed study.,2015,,,TLS_CENSUS_LANGUAGE_STUDY,https://pmc.ncbi.nlm.nih.gov/articles/PMC9411783/,,non_additive; never sum with another measure or measure class without a proved disjoint-person crosswalk,,V2_CANONICAL_EVIDENCE,false,6a194b0500d9c7ef6136edd1d7e69e4694cc63b797ccd5582f28e55700424091
canonical:pop:414a0eb7fe9109d67a43341f,v2_population,pop:414a0eb7fe9109d67a43341f,edition-target:lang:quv-GT,POPULATION_OR_CONTEXT,home_or_first_language,persons_age4plus_mother_tongue,,6528,,People age 4+ reporting Sakapulteko as mother tongue.,2018,,,SRC_AMAR_GTM_INE_2018,https://censo2018.ine.gob.gt/archivos/resultados_censo2018.pdf,,non_additive; never sum with another measure or measure class without a proved disjoint-person crosswalk,,V2_CANONICAL_EVIDENCE,false,863ba97215630e5954512321141f8bc9743085a08f5f73aec4fe245e45364d87
canonical:pop:415b6076857c8a5c166526ca,v2_population,pop:415b6076857c8a5c166526ca,edition-target:lang:hmn-Latn-LA,POPULATION_OR_CONTEXT,ethnicity_or_identity_proxy,persons_ethnicity_proxy,,597000,,Rounded Hmong ethnicity proxy from the 2015 census; the census category does not identify exact variety or orthography.,2015,,,LAO_CENSUS_2015,https://lao.unfpa.org/en/publications/results-population-and-housing-census-2015-english-version,,non_additive; never sum with another measure or measure class without a proved disjoint-person crosswalk,,V2_CANONICAL_EVIDENCE,false,3440337067ba0313b3f70dde3fcd31b7200cdb120ff38bcc09130bb84f79c7e7
canonical:pop:41b47dba1a7724b70bd30501,v2_population,pop:41b47dba1a7724b70bd30501,edition-target:lang:mfa-Latn-TH,POPULATION_OR_CONTEXT,home_or_first_language,persons_L1_planning_range,1000000,,1500000,Planning range in the report; the cited UIL source supports the bilingual-program context.,,,,THA_UIL_PATANI,https://www.uil.unesco.org/en/litbase/patani-malay-thai-bilingual/multilingual-education-thailand,,non_additive; never sum with another measure or measure class without a proved disjoint-person crosswalk,,V2_CANONICAL_EVIDENCE,false,87476db11ba31ac0046de0b836084d6878c99f4fd7e502d5d39b493d310a14b7
canonical:pop:421866eb9d82223b614f4f64,v2_population,pop:421866eb9d82223b614f4f64,edition-target:lang:unresolved-tag:phou-tai-tai-dam-census-related-labels:lao-pdr-phou-tai-ethnicity-proxy,POPULATION_OR_CONTEXT,ethnicity_or_identity_proxy,persons_ethnicity_proxy,,220000,,Rounded 3.4% Phou Tai ethnicity proxy from the 2015 census; not one language/orthography count.,2015,,,LAO_CENSUS_2015,https://lao.unfpa.org/en/publications/results-population-and-housing-census-2015-english-version,,non_additive; never sum with another measure or measure class without a proved disjoint-person crosswalk,,V2_CANONICAL_EVIDENCE,false,22a1dc044edb75c69c7385ed3ebf5db908d7dc05439d8f8d705a6d0f52177b46
canonical:pop:4245f610c4891898b10b1429,v2_population,pop:4245f610c4891898b10b1429,edition-target:lang:icr-CO,POPULATION_OR_CONTEXT,ethnicity_or_identity_proxy,persons_raizal_identity_proxy,,25515,,Self-identified Raizal people; not a Creole speaker count.,2018,,,SRC_AMAR_COL_RAIZAL_2018,https://www.dane.gov.co/files/investigaciones/experimentales/demografia-poblacion/pertenencia-etnica/pertenencia-etnica-presentacion-contexto-resultados-junio-2021.pdf,,non_additive; never sum with another measure or measure class without a proved disjoint-person crosswalk,,V2_CANONICAL_EVIDENCE,false,082182450d067ad4e0923bb6cbeb6874d1a813b6507986416e635be17c90a2b4
canonical:pop:4291438f9dc0e89a2c84c958,v2_population,pop:4291438f9dc0e89a2c84c958,edition-target:lang:id-Latn-ID,POPULATION_OR_CONTEXT,reported_ability,persons age 5+,,248501794,,"People aged five or older reported able to speak Indonesian under BPS's conversational definition; this is a reach ceiling, not a count needing every curriculum bundle.",2022,,,BPS_LANG_SPEAK_2022,https://sensus.bps.go.id/topik/tabular/sp2022/196/1/0,,non_additive; never sum with another measure or measure class without a proved disjoint-person crosswalk,,V2_CANONICAL_EVIDENCE,false,b9142a14d88444c0008d8b1da8a100329757ce7a16fd443269a91085f90d90cd
canonical:pop:438614b1ab9b06d39ce06b38,v2_population,pop:438614b1ab9b06d39ce06b38,edition-target:lang:unresolved-tag:mapuche-tehuelche:argentina-people-self-identifying-as,POPULATION_OR_CONTEXT,percentage_only,percent_of_self_identified_people_speak_or_understand_own_language,,10.5,,Share of the self-identified Mapuche-Tehuelche people who speak or understand the people's language; denominator count is not encoded here.,2022,,,SRC_AMAR_ARG_INDEC_2022,https://www.indec.gob.ar/ftp/cuadros/poblacion/censo2022_poblacion_indigena.pdf,,non_additive; never sum with another measure or measure class without a proved disjoint-person crosswalk,,V2_CANONICAL_EVIDENCE,false,5e76a299ed081a7e0b50a53e2edb95bbf503d187de9db0ab897b0b6c0a15f00d
canonical:pop:43e20343174a2345397541d1,v2_population,pop:43e20343174a2345397541d1,edition-target:lang:esu-US,POPULATION_OR_CONTEXT,speaker_or_reported_ability,persons_language_speaker_approximate,,10000,,Approximate public estimate attributed to Alaska Native Language Center data; not an ACS exact count.,,,,SRC_AMAR_US_ALASKA_EST,https://www.elections.ca/content.aspx?dir=comp%2Fmar2922&document=p8&lang=e&section=abo,,non_additive; never sum with another measure or measure class without a proved disjoint-person crosswalk,,V2_CANONICAL_EVIDENCE,false,92f373fede94607d48805ffe779ccd728e9b6c844e5c8aee9731cfbf433824a6
canonical:pop:440843fbee079050026b3b10,v2_population,pop:440843fbee079050026b3b10,edition-target:lang:crs-Latn-SC,POPULATION_OR_CONTEXT,percentage_only,percent_main_first_home_language,,85.1,,Share reporting Kreol Seselwa as main first home language,2022,,,OIO_2D14CD7A1E98,https://www.diva-portal.org/smash/get/diva2%3A1899546/FULLTEXT01.pdf,,non_additive; never sum with another measure or measure class without a proved disjoint-person crosswalk,,V2_CANONICAL_EVIDENCE,false,c618e7878e031afb74ca736089b9683231910f512cb7d7829fc2a3e6d04af215
canonical:pop:4448dc9abee1b95bb61b0981,v2_population,pop:4448dc9abee1b95bb61b0981,edition-target:lang:rhg-Rohg,POPULATION_OR_CONTEXT,displacement_status_cohort,persons_UNHCR_operational_populations,,1848647,,"Sum of 1,329,000 stateless Rohingya refugees/asylum-seekers abroad and 519,647 stateless Rohingya inside Myanmar at end-2025; operational categories, not a speaker census.",2025,,,MMR_UNHCR_SITUATION_2025,https://data.unhcr.org/en/situations/myanmar,,non_additive; never sum with another measure or measure class without a proved disjoint-person crosswalk,,V2_CANONICAL_EVIDENCE,false,45023b1086a8537a23caf32f66c8ff77ed50edec572299d2a21d2b5af903daac
canonical:pop:446248a30efaa0315810ada0,v2_population,pop:446248a30efaa0315810ada0,edition-target:lang:enh-RU,POPULATION_OR_CONTEXT,speaker_or_reported_ability,persons_within_named_people_reporting_same_named_language_knowledge_shared_where_noted,,91,,Shared Enets language-knowledge count; ethnic population 203; not split from Forest Enets.,2021,,,SRC_AMAR_RUS_ROSSTAT_2021,https://rosstat.gov.ru/storage/mediabank/Tom5_tab18_VPN-2020.xlsx,,non_additive; never sum with another measure or measure class without a proved disjoint-person crosswalk,,V2_CANONICAL_EVIDENCE,false,c10660d455ec9a1931e52423edc9833946d971e3af0efb6fb6dd1d9cd6404742
canonical:pop:4696e193fad557c6e8f559e5,v2_population,pop:4696e193fad557c6e8f559e5,edition-target:lang:ayr-CL,POPULATION_OR_CONTEXT,speaker_or_reported_ability,persons_age5plus_speak_or_understand,,60605,,People age 5+ who speak or understand Aymara.,2024,,,SRC_AMAR_CHL_INE_2024,https://censo2024.ine.gob.cl/wp-content/uploads/2025/12/sintesis_resultados_censo2024.pdf,,non_additive; never sum with another measure or measure class without a proved disjoint-person crosswalk,,V2_CANONICAL_EVIDENCE,false,05203bf12083a8fbef80349265877de33aa306343dfecf0377d23877730796e6
canonical:pop:46e9066df0dffefa128de506,v2_population,pop:46e9066df0dffefa128de506,edition-target:lang:agr-PE,POPULATION_OR_CONTEXT,speaker_or_reported_ability,persons_named_language_speakers,,56584,,Childhood or mother-tongue speakers reported by BDPI.,2017,,,SRC_AMAR_PER_BDPI_AWAJUN,https://bdpi.cultura.gob.pe/pueblos/awajun,,non_additive; never sum with another measure or measure class without a proved disjoint-person crosswalk,,V2_CANONICAL_EVIDENCE,false,cbb17dee769baa2b62de4919c64922f4bce9f45e80c4a569f075357c189d295e
canonical:pop:4855aa023e1d1724a773a0f8,v2_population,pop:4855aa023e1d1724a773a0f8,edition-target:lang:zh-Hans-CN:written,POPULATION_OR_CONTEXT,enrolment,persons,,55093400,,Learners enrolled in junior-secondary education in 2025,2025,,,SRC_MOE_EDU_2025,https://www.moe.gov.cn/jyb_sjzl/sjzl_fztjgb/202607/t20260706_1442870.html,,non_additive; never sum with another measure or measure class without a proved disjoint-person crosswalk,,V2_CANONICAL_EVIDENCE,false,2022d6a8e92b854855b5ac41df8a4e6e29e0fce14755b99ecda68c0296e0bb75
canonical:pop:49c095f665acad8a8b200ced,v2_population,pop:49c095f665acad8a8b200ced,edition-target:lang:unresolved-tag:bai-coca:ecuador-bai-coca-communities,POPULATION_OR_CONTEXT,speaker_or_reported_ability,persons_named_language_speakers,,379,,Speakers; associated population 959.,2022,,,SRC_AMAR_ECU_PLAN_2024,https://www.secretariapueblosynacionalidades.gob.ec/wp-content/uploads/2024/07/EPF-Sintesis-de-plan-decenal-correccion3-final-18-junio-2024.pdf,,non_additive; never sum with another measure or measure class without a proved disjoint-person crosswalk,,V2_CANONICAL_EVIDENCE,false,caf10856ca57f0ef60dcec7914daed592363439cf0a5bc0cec3d8a4c9a924ede
canonical:pop:4a0f6e4e0a48e2702401f678,v2_population,pop:4a0f6e4e0a48e2702401f678,edition-target:lang:hop-US,POPULATION_OR_CONTEXT,home_or_first_language,persons_age5plus_home_language,,7105,,People age 5+ reporting Hopi at home in the 2017–2021 ACS.,2017-2021,,,SRC_AMAR_US_ACS_2017_2021,https://www.census.gov/library/stories/2025/06/native-american-language-use.html,,non_additive; never sum with another measure or measure class without a proved disjoint-person crosswalk,,V2_CANONICAL_EVIDENCE,false,71c517cab095987b85646aadf9d30bc94327aebac5e017c5a4e5300727279fa4
canonical:pop:4a925a70570d27fc5479fe72,v2_population,pop:4a925a70570d27fc5479fe72,edition-target:lang:pbb-CO,POPULATION_OR_CONTEXT,speaker_or_reported_ability,persons_named_language_speaker_estimate,,80805,,Named-language speaker estimate in the national decennial language plan.,,,,SRC_AMAR_COL_LANG_PLAN,https://dokumen.pub/plan-decenal-de-lenguas-nativas-de-colombia-9789587534948.html,,non_additive; never sum with another measure or measure class without a proved disjoint-person crosswalk,,V2_CANONICAL_EVIDENCE,false,456ee2363317e7e4ab5681759e2ce3e5670f3863f7aa5ec4d6216bd082d93198
canonical:pop:4afa24c6ab2cdad5027f4042,v2_population,pop:4afa24c6ab2cdad5027f4042,edition-target:lang:kgk-BR,POPULATION_OR_CONTEXT,speaker_or_reported_ability,persons_age5plus_named_indigenous_language_speakers,,38658,,People age 5+ speaking Guarani Kaiowá in the 2022 census language release.,2022,,,SRC_AMAR_BRA_IBGE_2022,https://agenciadenoticias.ibge.gov.br/en/agencia-press-room/2184-news-agency/news/44866-2022-census-brazil-has-391-indigenous-ethnicities-and-295-indigenous-languages.html,,non_additive; never sum with another measure or measure class without a proved disjoint-person crosswalk,,V2_CANONICAL_EVIDENCE,false,a92a4cc89c707c0e2acb067e745a5c6af417d918327b9761498125b1995c5828
canonical:pop:4b1ca9d977739838884c98b2,v2_population,pop:4b1ca9d977739838884c98b2,edition-target:lang:zh-Hans-CN:written,POPULATION_OR_CONTEXT,fte_person_years,FTE_person_years,,7950000,,"R&D labour input in 2025 measured as full-time-equivalent person-years, not distinct researchers",2025,,,SRC_NBS_RD_2025,https://www.stats.gov.cn/sj/sjjd/202606/t20260602_1963861.html,,non_additive; never sum with another measure or measure class without a proved disjoint-person crosswalk,,V2_CANONICAL_EVIDENCE,false,573f541358e07212241050e7ece38641770d615b2a08683db6e4758d90118aba
canonical:pop:4e1c52904ba348afbd5b6354,v2_population,pop:4e1c52904ba348afbd5b6354,edition-target:lang:zh-Hans-CN:written,POPULATION_OR_CONTEXT,low_literacy_cohort,persons,,37750200,,People aged 15 or older who could not read under the 2020 census definition,2020,,,SRC_NBS_CENSUS_LITERACY_2020,https://www.stats.gov.cn/sj/zxfb/202302/t20230203_1901086.html,,non_additive; never sum with another measure or measure class without a proved disjoint-person crosswalk,,V2_CANONICAL_EVIDENCE,false,a3e2479ecd9f81e73bc72c3880b6d69347e9cd3ac0f29fe72979863a1c8a3501
canonical:pop:4e562b4f261e959e1a6ab1a7,v2_population,pop:4e562b4f261e959e1a6ab1a7,edition-target:lang:unresolved-tag:any-target-written-language-rewriting-and-cultural-examples-must-be-loca:global-instantiate-by-language-liter,POPULATION_OR_CONTEXT,literacy_proxy,persons_adults_15plus_lacking_basic_literacy_proxy,,739000000,,UIS 2025 global estimate of adults aged 15+ lacking basic literacy skills; underlying literacy data are largely self- or proxy-declared and may understate functional difficulty; proxy only.,2025,,,UNESCO_LITERACY_2025,https://www.unesco.org/en/literacy?hub=68243,,non_additive; never sum with another measure or measure class without a proved disjoint-person crosswalk,,V2_CANONICAL_EVIDENCE,false,4a1d9cee52d8120b8721c0023ddff13063651015a35361cfb8003504672e6970
canonical:pop:4ebc95cb211f680b94972294,v2_population,pop:4ebc95cb211f680b94972294,edition-target:lang:sma,POPULATION_OR_CONTEXT,speaker_or_reported_ability,persons_language_users_literature_range,500,,1000,Peer-reviewed speaker estimate or range; not harmonized census count.,,,,SRC_AMAR_SAMI_REVIEW_2025,https://www.tandfonline.com/doi/abs/10.1080/14790718.2025.2517902,,non_additive; never sum with another measure or measure class without a proved disjoint-person crosswalk,,V2_CANONICAL_EVIDENCE,false,e1cfa3159371d7c60b4677b01817ad84b2f4fb5948f9e4e93c143b9ad9a757b0
canonical:pop:4edca46abad0fcb53fa16ed6,v2_population,pop:4edca46abad0fcb53fa16ed6,edition-target:lang:zh-Hans-CN:written,POPULATION_OR_CONTEXT,enrolment,persons,,30395000,,Learners enrolled in ordinary senior-secondary education in 2025,2025,,,SRC_MOE_EDU_2025,https://www.moe.gov.cn/jyb_sjzl/sjzl_fztjgb/202607/t20260706_1442870.html,,non_additive; never sum with another measure or measure class without a proved disjoint-person crosswalk,,V2_CANONICAL_EVIDENCE,false,f35cc64f5f82d66a8a707b47931c9cd84caefbba4a03a53e9c81cfc873afe707
canonical:pop:5030754c14aaa74739e846df,v2_population,pop:5030754c14aaa74739e846df,edition-target:lang:crl-CA,POPULATION_OR_CONTEXT,speaker_or_reported_ability,persons_2021_language_knowledge,,4875,,People reporting knowledge of Iyiyiw-Ayimiwin / Northern East Cree; mother-tongue count 3855. Counts randomly rounded.,2021,,,SRC_AMAR_CAN_ALGONQ_2021,https://www150.statcan.gc.ca/n1/pub/41-20-0002/412000022025002-eng.htm,,non_additive; never sum with another measure or measure class without a proved disjoint-person crosswalk,,V2_CANONICAL_EVIDENCE,false,1aa321a341de306903c7739d6196c4c9f725cd74860e3cf7bd24af1330994994
canonical:pop:5085c45ea367f771ada6520b,v2_population,pop:5085c45ea367f771ada6520b,edition-target:lang:woe-Latn-FM,POPULATION_OR_CONTEXT,home_or_first_language,persons_age5plus_home_language,2952,2952,2952,People aged 5+ reporting the named home language,2023,,,OIO_EA133B14931A,https://www.pacificweb.org/library/preview.php?file=fsm/states/2023FSMMunicipality.xlsx,,non_additive; never sum with another measure or measure class without a proved disjoint-person crosswalk,,V2_CANONICAL_EVIDENCE,false,f5c6b94d41fe9d3405f657760f396dde7593179f3f418dc4c05f4d7b17aaadec
canonical:pop:50c2333e77bc18cc63456b5f,v2_population,pop:50c2333e77bc18cc63456b5f,edition-target:lang:kpy-RU,POPULATION_OR_CONTEXT,speaker_or_reported_ability,persons_within_named_people_reporting_same_named_language_knowledge_shared_where_noted,,2205,,"Koryak people reporting knowledge of Koryak; ethnic population 7,498.",2021,,,SRC_AMAR_RUS_ROSSTAT_2021,https://rosstat.gov.ru/storage/mediabank/Tom5_tab18_VPN-2020.xlsx,,non_additive; never sum with another measure or measure class without a proved disjoint-person crosswalk,,V2_CANONICAL_EVIDENCE,false,a3ebe1f5a0db54acbfda7fefeb3cd6c986c977cc143e59888ba0ebe9a7c944f0
canonical:pop:510d06f83bbb314c4c3d9e6f,v2_population,pop:510d06f83bbb314c4c3d9e6f,edition-target:lang:gub-BR,POPULATION_OR_CONTEXT,speaker_or_reported_ability,persons_age5plus_named_indigenous_language_speakers,,29212,,People age 5+ speaking Guajajara in the 2022 census language release.,2022,,,SRC_AMAR_BRA_IBGE_2022,https://agenciadenoticias.ibge.gov.br/en/agencia-press-room/2184-news-agency/news/44866-2022-census-brazil-has-391-indigenous-ethnicities-and-295-indigenous-languages.html,,non_additive; never sum with another measure or measure class without a proved disjoint-person crosswalk,,V2_CANONICAL_EVIDENCE,false,13c36bc19f4e9429c5091c4a49fc55b3d260c015f9632b438907dfa82c930794
canonical:pop:51564c1b6cbb87ae2ad4be3e,v2_population,pop:51564c1b6cbb87ae2ad4be3e,edition-target:lang:unresolved-tag:iogys:argentina-people-self-identifying-as,POPULATION_OR_CONTEXT,percentage_only,percent_of_self_identified_people_speak_or_understand_own_language,,55.1,,Share of the self-identified Iogys people who speak or understand the people's language; denominator count is not encoded here.,2022,,,SRC_AMAR_ARG_INDEC_2022,https://www.indec.gob.ar/ftp/cuadros/poblacion/censo2022_poblacion_indigena.pdf,,non_additive; never sum with another measure or measure class without a proved disjoint-person crosswalk,,V2_CANONICAL_EVIDENCE,false,619a5532fda01bedc1d7d55a3385b245e4f6e99b22bc2d0013b0df41e324135a
canonical:pop:51abe077d0139899162234df,v2_population,pop:51abe077d0139899162234df,edition-target:lang:sd-Arab-PK,POPULATION_OR_CONTEXT,l1,persons_L1,34401564,34401564,34401564,Census mother-tongue count,2023,,,PBS_MT_2023,https://www.pbs.gov.pk/wp-content/uploads/census_tables/tables/table_11_national.pdf,,non_additive; never sum with another measure or measure class without a proved disjoint-person crosswalk,,V2_CANONICAL_EVIDENCE,false,6f1541c805c0176ae20bdd9bbf422b9f5fb6a641e0b6ec8a0eb13c2d391f0748
canonical:pop:51ce191923afe3566b322cf7,v2_population,pop:51ce191923afe3566b322cf7,edition-target:lang:unresolved-tag:midiki:timor-leste-midiki-l1-communities,POPULATION_OR_CONTEXT,home_or_first_language,persons_L1,,14616,,2015 census L1 count reproduced in an open peer-reviewed study.,2015,,,TLS_CENSUS_LANGUAGE_STUDY,https://pmc.ncbi.nlm.nih.gov/articles/PMC9411783/,,non_additive; never sum with another measure or measure class without a proved disjoint-person crosswalk,,V2_CANONICAL_EVIDENCE,false,c7b07165f47715b29dd9d8f01fdc021fd469cd6255d57e62394dbbb911d569c0
canonical:pop:51dcc5418ed706a8636dffd7,v2_population,pop:51dcc5418ed706a8636dffd7,edition-target:lang:hmn-Latn-VN,POPULATION_OR_CONTEXT,ethnicity_or_identity_proxy,persons_ethnicity_proxy,,1393547,,2019 Hmong ethnicity proxy; not an exact variety or speaker count.,2019,,,VNM_CENSUS_2019,https://tongdieutradanso.vn/uploads/data/6/files/files/Population%20and%20Housing%20Census%202019_final%20report.pdf,,non_additive; never sum with another measure or measure class without a proved disjoint-person crosswalk,,V2_CANONICAL_EVIDENCE,false,740bad52050e18ffb199e8875c028cd6f1d37608dbd564530ab66f4c955c8a66
canonical:pop:52238851e27f8441cb8c0bee,v2_population,pop:52238851e27f8441cb8c0bee,edition-target:lang:ca-Latn-ES,POPULATION_OR_CONTEXT,speaker_estimate,people,9000000,10000000,11000000,Institutional estimate of approximately 10m speakers.,2026,,,SRC_COE_CATALAN_2026,https://llengua.gencat.cat/en/detalls/noticia/Language-Policy-Forum-2026,,non_additive; never sum with another measure or measure class without a proved disjoint-person crosswalk,,V2_CANONICAL_EVIDENCE,false,589f2a849fc40d288f614c875174dd02b2f6d6a9e2b72c2b841309898526c2e2
canonical:pop:526c335b85433cc82bd0954a,v2_population,pop:526c335b85433cc82bd0954a,edition-target:lang:cy-Latn-GB,POPULATION_OR_CONTEXT,reported_ability,people,538000,538000,538000,Approximate number age 3+ able to speak Welsh in Census 2021.,2021,,,SRC_ONS_WELSH_2021,https://www.ons.gov.uk/census/aboutcensus/census2021generalreport/census2021inwales,,non_additive; never sum with another measure or measure class without a proved disjoint-person crosswalk,,V2_CANONICAL_EVIDENCE,false,80b0dc33d68fa36538cdc9dacda33ec12e002cfc427cb38f66946bfa3ed3c7a4
canonical:pop:53621e583804f6885ca7ecbc,v2_population,pop:53621e583804f6885ca7ecbc,edition-target:lang:kek-GT,POPULATION_OR_CONTEXT,first_learned,people,1127387,1127387,1127387,First-learned language among population age 4+ in Census 2018.,2018,,,SRC_GUATEMALA_CENSUS_2018,https://censo2018.ine.gob.gt/archivos/Principales_resultados_Censo2018.pdf,,non_additive; never sum with another measure or measure class without a proved disjoint-person crosswalk,,V2_CANONICAL_EVIDENCE,false,b57e7a2cd2c4fcbb64b2b93e3168faa3497702fcb2ef654a3f8bfcb28f29a6c7
canonical:pop:53a179b46780da099f22cb87,v2_population,pop:53a179b46780da099f22cb87,edition-target:lang:ceb-Latn-PH,POPULATION_OR_CONTEXT,ethnicity_or_identity_proxy,persons_ethnicity_proxy,,8680000,,Rounded Cebuano ethnicity proxy; not automatically additive with the separately reported Bisaya/Binisaya category.,2020,,,PH_PSA_ETHNICITY_2020,https://psa.gov.ph/content/ethnicity-philippines-2020-census-population-and-housing,,non_additive; never sum with another measure or measure class without a proved disjoint-person crosswalk,,V2_CANONICAL_EVIDENCE,false,70c4cbf8ff190f805cf247fc37cd18f233e16995307a171cef31b8f3a65e6b6d
canonical:pop:5461824a3bac510b5f3e77c4,v2_population,pop:5461824a3bac510b5f3e77c4,edition-target:lang:nio-RU,POPULATION_OR_CONTEXT,speaker_or_reported_ability,persons_within_named_people_reporting_same_named_language_knowledge_shared_where_noted,,294,,Nganasan people reporting knowledge of Nganasan; ethnic population 693.,2021,,,SRC_AMAR_RUS_ROSSTAT_2021,https://rosstat.gov.ru/storage/mediabank/Tom5_tab18_VPN-2020.xlsx,,non_additive; never sum with another measure or measure class without a proved disjoint-person crosswalk,,V2_CANONICAL_EVIDENCE,false,64db568b29af77b40073040f269cd5436b1787229d3e4fbd0b0095943df63baa
canonical:pop:54d104e0216101913c7bd838,v2_population,pop:54d104e0216101913c7bd838,edition-target:lang:ajp-Arab-PS,POPULATION_OR_CONTEXT,status_cohort,people,6000000,6000000,6000000,"Palestine refugees under UNRWA mandate at end-2025; status population, not current cross-border displacement or language count.",2025,,,SRC_UNHCR_GLOBAL_2025,https://www.unhcr.org/global-trends,,non_additive; never sum with another measure or measure class without a proved disjoint-person crosswalk,,V2_CANONICAL_EVIDENCE,false,9c10c76a0687177d95b4c930fed2a89e73c5f09e6e51b79be715c705341e24d4
canonical:pop:54e9e2b29ce82bb19316c6db,v2_population,pop:54e9e2b29ce82bb19316c6db,edition-target:lang:gug-Latn-PY,POPULATION_OR_CONTEXT,home_language_nonexclusive,people,3792294,3792294,3792294,Age 5+ using Guarani alone or with Castilian at home in EPHC 2025 covered population.,2025,,,SRC_PARAGUAY_EPHC_2025,https://www.ine.gov.py/ende/contenido.php?c=2754&title=El_Paraguay_mantiene_su_diversidad_ling%C3%BC%C3%ADstica_con_predominio_del_biling%C3%BC%C3%ADsmo_en_los_hogares,,non_additive; never sum with another measure or measure class without a proved disjoint-person crosswalk,,V2_CANONICAL_EVIDENCE,false,2f4344ee2215e220f4315b58666a66be44d76b2cff17395d2bf492b18bbb1926
canonical:pop:55005a88af1c01149d486731,v2_population,pop:55005a88af1c01149d486731,edition-target:lang:se-Latn-001,POPULATION_OR_CONTEXT,macro_speaker_estimate,people,20000,25000,30000,Institutional total across Sami languages.,2026,,,SRC_SAMI_PARLIAMENT,https://samediggi.fi/vastuualueet/saamen-kielet/gollegiella/,,non_additive; never sum with another measure or measure class without a proved disjoint-person crosswalk,,V2_CANONICAL_EVIDENCE,false,92196e4c8e27b90b9405872deae4bde6afa11f66827e0916122fa53531463987
canonical:pop:5549664281aa46f48a3117c7,v2_population,pop:5549664281aa46f48a3117c7,edition-target:lang:pqm-CA,POPULATION_OR_CONTEXT,speaker_or_reported_ability,persons_2021_language_knowledge,,820,,People reporting knowledge of Wolastoqewi; mother-tongue count 445. Counts randomly rounded.,2021,,,SRC_AMAR_CAN_ALGONQ_2021,https://www150.statcan.gc.ca/n1/pub/41-20-0002/412000022025002-eng.htm,,non_additive; never sum with another measure or measure class without a proved disjoint-person crosswalk,,V2_CANONICAL_EVIDENCE,false,70b2832f42876ff08b0528a33022335398e0a162e94561079d556c717bcfacfa
canonical:pop:56b541179f9129b8fbc7fb72,v2_population,pop:56b541179f9129b8fbc7fb72,edition-target:lang:mam-GT,POPULATION_OR_CONTEXT,home_or_first_language,persons_age4plus_mother_tongue,,590641,,People age 4+ reporting Mam as mother tongue.,2018,,,SRC_AMAR_GTM_INE_2018,https://censo2018.ine.gob.gt/archivos/resultados_censo2018.pdf,,non_additive; never sum with another measure or measure class without a proved disjoint-person crosswalk,,V2_CANONICAL_EVIDENCE,false,1675d67d23982e12dc739fa52daacd60e242e9d8afc4352202259d70ba0b912d
canonical:pop:56df0d5868975b16faa7bc4f,v2_population,pop:56df0d5868975b16faa7bc4f,edition-target:lang:unresolved-tag:argentina-quechua-exact-local-variety-required:argentina-people-self-identifying-as,POPULATION_OR_CONTEXT,percentage_only,percent_of_self_identified_people_speak_or_understand_own_language,,51.3,,Share of the self-identified Argentina Quechua — exact local variety required people who speak or understand the people's language; denominator count is not encoded here.,2022,,,SRC_AMAR_ARG_INDEC_2022,https://www.indec.gob.ar/ftp/cuadros/poblacion/censo2022_poblacion_indigena.pdf,,non_additive; never sum with another measure or measure class without a proved disjoint-person crosswalk,,V2_CANONICAL_EVIDENCE,false,d2e2ff436c6be38c1724cd942aeca2c3031e92f44e7f9639d66627583359cc48
canonical:pop:57213f04a98fc39df0fc30b9,v2_population,pop:57213f04a98fc39df0fc30b9,edition-target:lang:aqt-PY,POPULATION_OR_CONTEXT,ethnicity_or_identity_proxy,persons_indigenous_identity_proxy,,7239,,People identifying with the Angaité people; not a speaker count.,2022,,,SRC_AMAR_PRY_INDIG_2022,https://www.ine.gov.py/Publicaciones/Biblioteca/documento/237/Resultados-Finales-Censo-Indigena.pdf,,non_additive; never sum with another measure or measure class without a proved disjoint-person crosswalk,,V2_CANONICAL_EVIDENCE,false,6d12c1b671a2667c4095412282c1d561823fd1070e4c9aec55ca028d51740862
canonical:pop:5780338acfc9c90fac9277bc,v2_population,pop:5780338acfc9c90fac9277bc,edition-target:macro:SEA_PH_BISAYA_MACRO_SCREEN,POPULATION_OR_CONTEXT,ethnicity_or_identity_proxy,persons_ethnicity_proxy,,15520000,,Rounded ethnicity proxy under an overlapping sociolinguistic macro-label; not a production language and not additive with Cebuano.,2020,,,PH_PSA_ETHNICITY_2020,https://psa.gov.ph/content/ethnicity-philippines-2020-census-population-and-housing,,non_additive; never sum with another measure or measure class without a proved disjoint-person crosswalk,,V2_CANONICAL_EVIDENCE,false,93937723902b8d3f8c658ff5f31c6df02d9a874dc41c83b72395077342a3e737
canonical:pop:578fb38428c6d70d7d2b5c3c,v2_population,pop:578fb38428c6d70d7d2b5c3c,edition-target:lang:itl-RU,POPULATION_OR_CONTEXT,speaker_or_reported_ability,persons_within_named_people_reporting_same_named_language_knowledge_shared_where_noted,,455,,"Itelmen people reporting knowledge of Itelmen; ethnic population 2,622.",2021,,,SRC_AMAR_RUS_ROSSTAT_2021,https://rosstat.gov.ru/storage/mediabank/Tom5_tab18_VPN-2020.xlsx,,non_additive; never sum with another measure or measure class without a proved disjoint-person crosswalk,,V2_CANONICAL_EVIDENCE,false,bd5049ba0880c9f65e62f3d4266f66996bdacfeb65188294392ec99f4435b26c
canonical:pop:57c547e17d616f5d3d979a3c,v2_population,pop:57c547e17d616f5d3d979a3c,edition-target:lang:bla-CA,POPULATION_OR_CONTEXT,speaker_or_reported_ability,persons_2021_language_knowledge,,6680,,People reporting knowledge of Blackfoot; mother-tongue count 4945. Counts randomly rounded.,2021,,,SRC_AMAR_CAN_ALGONQ_2021,https://www150.statcan.gc.ca/n1/pub/41-20-0002/412000022025002-eng.htm,,non_additive; never sum with another measure or measure class without a proved disjoint-person crosswalk,,V2_CANONICAL_EVIDENCE,false,5d47635a0b0b952d2c826412e20511448583e2fb093b5cb0d58ac5339d3e349b
canonical:pop:57dd95e71d2dbeecc7445fa8,v2_population,pop:57dd95e71d2dbeecc7445fa8,edition-target:lang:enf-RU,POPULATION_OR_CONTEXT,speaker_or_reported_ability,persons_within_named_people_reporting_same_named_language_knowledge_shared_where_noted,,91,,Shared Enets language-knowledge count; ethnic population 203; not split from Tundra Enets.,2021,,,SRC_AMAR_RUS_ROSSTAT_2021,https://rosstat.gov.ru/storage/mediabank/Tom5_tab18_VPN-2020.xlsx,,non_additive; never sum with another measure or measure class without a proved disjoint-person crosswalk,,V2_CANONICAL_EVIDENCE,false,08148df355f3867bab8a755c1f44701d27ef2a5bc5a0f0538fd591c57fe0a90e
canonical:pop:582fa60ee0213da7709061b6,v2_population,pop:582fa60ee0213da7709061b6,edition-target:lang:unresolved-tag:tunumiisut-east-greenlandic:east-greenland,POPULATION_OR_CONTEXT,speaker_or_reported_ability,persons_language_users_literature_estimate,,3000,,Approximate literature-scale estimate; not an official census count.,,,,SRC_AMAR_GRL_MERCATOR,https://wiki.mercator-research.eu/languages%3Atunumiisiut_in_greenland,,non_additive; never sum with another measure or measure class without a proved disjoint-person crosswalk,,V2_CANONICAL_EVIDENCE,false,8238efa0fc3c356f8e961279946b53051d0dbe21081dca020a52b24b6c05717b
canonical:pop:58ae1bc0db268e791513c4e3,v2_population,pop:58ae1bc0db268e791513c4e3,edition-target:lang:nut-Latn-VN,POPULATION_OR_CONTEXT,ethnicity_or_identity_proxy,persons_ethnicity_proxy,,1083298,,2019 ethnicity proxy; not a direct speaker count.,2019,,,VNM_CENSUS_2019,https://tongdieutradanso.vn/uploads/data/6/files/files/Population%20and%20Housing%20Census%202019_final%20report.pdf,,non_additive; never sum with another measure or measure class without a proved disjoint-person crosswalk,,V2_CANONICAL_EVIDENCE,false,bab46a8ef1d245f71cf8bca7b2a6b6e68f646f552adcb2f801bcd845e29b808a
canonical:pop:590072f1240016501b6ef243,v2_population,pop:590072f1240016501b6ef243,edition-target:lang:rap-Latn-CL,POPULATION_OR_CONTEXT,speaker_or_reported_ability,persons_age5plus_speak_or_understand,,7006,,People age 5+ who speak or understand Rapa Nui.,2024,,,SRC_AMAR_CHL_INE_2024,https://censo2024.ine.gob.cl/wp-content/uploads/2025/12/sintesis_resultados_censo2024.pdf,,non_additive; never sum with another measure or measure class without a proved disjoint-person crosswalk,,V2_CANONICAL_EVIDENCE,false,bc589aa52bfdb32602537904c70178b3eeecdf1629f5e62f2487a951078bde4f
canonical:pop:594ab3c4757cd073bd5445a3,v2_population,pop:594ab3c4757cd073bd5445a3,edition-target:lang:ccr-GT,POPULATION_OR_CONTEXT,home_or_first_language,persons_age4plus_mother_tongue,,21550,,People age 4+ reporting Chalchiteko as mother tongue.,2018,,,SRC_AMAR_GTM_INE_2018,https://censo2018.ine.gob.gt/archivos/resultados_censo2018.pdf,,non_additive; never sum with another measure or measure class without a proved disjoint-person crosswalk,,V2_CANONICAL_EVIDENCE,false,6a5c1c02a26ab201d1aaa8c91f5bdf2cd40137e065fb2d2d90fea4b15d324e86
canonical:pop:59fd95d70bc81b8b81dec710,v2_population,pop:59fd95d70bc81b8b81dec710,edition-target:lang:zh-Hans-CN:written,POPULATION_OR_CONTEXT,enrolment_subcohort,persons,,4124200,,Migrant workers' accompanying children enrolled in junior secondary in 2025 under MOE's rural-registration and co-residence definition,2025,,,SRC_MOE_EDU_2025,https://www.moe.gov.cn/jyb_sjzl/sjzl_fztjgb/202607/t20260706_1442870.html,,non_additive; never sum with another measure or measure class without a proved disjoint-person crosswalk,,V2_CANONICAL_EVIDENCE,false,f70721ffa8f3215474390a26ec14d17f43f32dc56ec4db0d6b130fd592f00b22
canonical:pop:5a244b29b3c95c6a0978706e,v2_population,pop:5a244b29b3c95c6a0978706e,edition-target:lang:ja-Jpan-JP,POPULATION_OR_CONTEXT,enrolment,persons,,20681,,Public lower-secondary pupils officially identified as needing Japanese instruction; foreign and Japanese nationality combined,2025,,,JPN-S003,https://www.mext.go.jp/b_menu/houdou/31/09/1421569_00007.htm,,non_additive; never sum with another measure or measure class without a proved disjoint-person crosswalk,,V2_CANONICAL_EVIDENCE,false,c251ad61f7694d668e27e08c994b2c26dbce006602a06fe356020385a758edfc
canonical:pop:5ab79476db66dcaf0ddce85e,v2_population,pop:5ab79476db66dcaf0ddce85e,edition-target:lang:gui-BO,POPULATION_OR_CONTEXT,speaker_or_reported_ability,persons_age6plus_greatest_use_language,,17592,,People age 6+ reporting Bolivian Guaraní as language of greatest use; not mother tongue.,2024,,,SRC_AMAR_BOL_INE_2024,https://anda.ine.gob.bo/index.php/catalog/163/variable/F8/V742?name=s01a_07_1,,non_additive; never sum with another measure or measure class without a proved disjoint-person crosswalk,,V2_CANONICAL_EVIDENCE,false,5b611554eb6ab260541262f73bf737515815c74c8e0f92381a278c5fa5d31941
canonical:pop:5b5db6d3139b8324785a3cd9,v2_population,pop:5b5db6d3139b8324785a3cd9,edition-target:lang:unresolved-tag:multilingual-older-population-zh-hans-cn-capable-subset-unmeasured:mainland-china-people-aged-60-or-old,POPULATION_OR_CONTEXT,offline_population_estimate,persons,,149700000,,Approximate older non-user population derived by applying the reported 46.3 percent non-use share to the NBS year-end population aged 60 or older,2025,,,SRC_CNNIC_57_2025,https://www3.cnnic.cn/n4/2026/0304/c88-11549.html,,non_additive; never sum with another measure or measure class without a proved disjoint-person crosswalk,,V2_CANONICAL_EVIDENCE,false,20176a8615901ae1cd788fd33ea062bcc6f41cad2ff8282252f7a8d166487cb5
canonical:pop:5bb1430136a88a1940369a9c,v2_population,pop:5bb1430136a88a1940369a9c,edition-target:lang:nsk-CA,POPULATION_OR_CONTEXT,speaker_or_reported_ability,persons_2021_language_knowledge,,1035,,People reporting knowledge of Naskapi; mother-tongue count 740. Counts randomly rounded.,2021,,,SRC_AMAR_CAN_ALGONQ_2021,https://www150.statcan.gc.ca/n1/pub/41-20-0002/412000022025002-eng.htm,,non_additive; never sum with another measure or measure class without a proved disjoint-person crosswalk,,V2_CANONICAL_EVIDENCE,false,d5d849db9395d52c8208169fd31e35d782fa31a55aeb22233f0cfa59822bb54e
canonical:pop:5beff93e02e8070bb5af630c,v2_population,pop:5beff93e02e8070bb5af630c,edition-target:lang:awa-Deva-NP,POPULATION_OR_CONTEXT,l1,persons_L1,864276,864276,864276,Census mother-tongue count,2021,,,NPL_LANG_2021,https://censusnepal.cbs.gov.np/results/files/result-folder/Language%20in%20Nepal.pdf,,non_additive; never sum with another measure or measure class without a proved disjoint-person crosswalk,,V2_CANONICAL_EVIDENCE,false,677a3224aef020d643e37e1e6d230b8ed82745c011fe369b549edbc83543c74a
canonical:pop:5c4e339deb8ea665726f83c6,v2_population,pop:5c4e339deb8ea665726f83c6,edition-target:lang:gun-AR,POPULATION_OR_CONTEXT,percentage_only,percent_of_self_identified_people_speak_or_understand_own_language,,83.6,,Share of the self-identified Argentina Mbyá Guaraní people who speak or understand the people's language; denominator count is not encoded here.,2022,,,SRC_AMAR_ARG_INDEC_2022,https://www.indec.gob.ar/ftp/cuadros/poblacion/censo2022_poblacion_indigena.pdf,,non_additive; never sum with another measure or measure class without a proved disjoint-person crosswalk,,V2_CANONICAL_EVIDENCE,false,d46375478e7c7a383eaae92ce626cc6a619ce7acadca888414feaece147fbd5c
canonical:pop:5d18e76493b2bae5aacee1a7,v2_population,pop:5d18e76493b2bae5aacee1a7,edition-target:lang:gu-Gujr-IN,POPULATION_OR_CONTEXT,l1,persons_L1,55036204,55036204,55036204,Raw Census mother-tongue count,2011,,,IND_C16_2011,https://censusindia.gov.in/nada/index.php/catalog/10191,,non_additive; never sum with another measure or measure class without a proved disjoint-person crosswalk,,V2_CANONICAL_EVIDENCE,false,95809a6f5398cd46c837145540680555db03d14d974457b056d7f98111656bef
canonical:pop:5d92b5222c46900120e3dd7a,v2_population,pop:5d92b5222c46900120e3dd7a,edition-target:lang:tzh-MX,POPULATION_OR_CONTEXT,speaker_or_reported_ability,persons_age3plus_language_speakers,,589144,,People age 3+ reported Tseltal.,2020,,,SRC_AMAR_MEX_INEGI_2020,https://www.inegi.org.mx/contenidos/programas/ccpv/2020/doc/Censo2020_Principales_resultados_EUM.pdf,,non_additive; never sum with another measure or measure class without a proved disjoint-person crosswalk,,V2_CANONICAL_EVIDENCE,false,d59124eebcf872072a1f409944a6ed0426a1d0ebdc969f104c5cfdc2f8ccdbdc
canonical:pop:5dc065acfd7a7f4aff4a610f,v2_population,pop:5dc065acfd7a7f4aff4a610f,edition-target:lang:ti-Ethi-ET,POPULATION_OR_CONTEXT,persons_basis_not_stated,people,,4324933,,2007 Ethiopia mother-tongue count,2007,,,SRC_ESS_CENSUS_2007,https://drs.ess.gov.et/bitstreams/61d74990-69a7-4f11-8e91-9234ca31d94f/download,,non_additive; never sum with another measure or measure class without a proved disjoint-person crosswalk,,V2_CANONICAL_EVIDENCE,false,ff4ffccef3946f15737ba54873c4f6b9651bbe8f6c1d3e85e406f0b3885f49ab
canonical:pop:5ec881cf43c86faa9d9f487b,v2_population,pop:5ec881cf43c86faa9d9f487b,edition-target:lang:kgp-BR,POPULATION_OR_CONTEXT,speaker_or_reported_ability,persons_age5plus_named_indigenous_language_speakers,,27482,,People age 5+ speaking Kaingang in the 2022 census language release.,2022,,,SRC_AMAR_BRA_IBGE_2022,https://agenciadenoticias.ibge.gov.br/en/agencia-press-room/2184-news-agency/news/44866-2022-census-brazil-has-391-indigenous-ethnicities-and-295-indigenous-languages.html,,non_additive; never sum with another measure or measure class without a proved disjoint-person crosswalk,,V2_CANONICAL_EVIDENCE,false,0e8525aa2779262a4e4772326a3383e4fd5e3649895c5e71f9dc75a10768c04d
canonical:pop:5f028d359abc55820816b399,v2_population,pop:5f028d359abc55820816b399,edition-target:lang:niu-Latn-NU,POPULATION_OR_CONTEXT,percentage_only,percent_residents_spoken_proficiency,,69.7,,Residents reported proficient in spoken Niuean,2022,,,OIO_441142AEE043,https://niuestatistics.nu/download/35/census/2793/2022-niue-census-of-population-and-housing-report.pdf,,non_additive; never sum with another measure or measure class without a proved disjoint-person crosswalk,,V2_CANONICAL_EVIDENCE,false,735589bb0a61227815a522ef8304418b157f1c055156f70243816e5a01039e66
canonical:pop:5f953b7fd675c43bc50e85cf,v2_population,pop:5f953b7fd675c43bc50e85cf,edition-target:lang:ja-Jpan-JP,POPULATION_OR_CONTEXT,territorial_or_age_exposure_ceiling,persons,,2645837,,All university undergraduates; opportunity universe rather than measured need count,2025,,,JPN-S002,https://www.mext.go.jp/b_menu/toukei/chousa01/kihon/kekka/k_detail/2025.htm,,non_additive; never sum with another measure or measure class without a proved disjoint-person crosswalk,,V2_CANONICAL_EVIDENCE,false,21b79e7f9105ae054eff8e722f11ca7a099f302fe70016ec695cba50cdcac1d4
canonical:pop:5fe49fd527fe941f30a21b94,v2_population,pop:5fe49fd527fe941f30a21b94,edition-target:lang:moc-AR,POPULATION_OR_CONTEXT,percentage_only,percent_of_self_identified_people_speak_or_understand_own_language,,24.2,,Share of the self-identified Moqoit people who speak or understand the people's language; denominator count is not encoded here.,2022,,,SRC_AMAR_ARG_INDEC_2022,https://www.indec.gob.ar/ftp/cuadros/poblacion/censo2022_poblacion_indigena.pdf,,non_additive; never sum with another measure or measure class without a proved disjoint-person crosswalk,,V2_CANONICAL_EVIDENCE,false,22152bea3c8d29a465bddf9b46f3279ecd013c950d0dc384051fada9a3ed4058
canonical:pop:5feb25dc931cbca480766caf,v2_population,pop:5feb25dc931cbca480766caf,edition-target:lang:ane-Latn-NC,POPULATION_OR_CONTEXT,speaker_or_reported_ability,persons_age15plus_speaking,5600,5600,5600,People aged 15+ reported speaking the named language,2019,,,OIO_9D74E354F4EB,https://www.isee.nc/component/phocadownload/category/269-recensement-de-la-population?download=2186%3Arp-2019-la-population-vivant-en-tribus,,non_additive; never sum with another measure or measure class without a proved disjoint-person crosswalk,,V2_CANONICAL_EVIDENCE,false,ff63868778afa3c394152877eba4cd8e8fc4ccd1a2f3981229e7b8ce24b0ec10
canonical:pop:607c7246ca92e1c71804bcec,v2_population,pop:607c7246ca92e1c71804bcec,edition-target:lang:mkz-Latn-TL,POPULATION_OR_CONTEXT,home_or_first_language,persons_L1,,123840,,2015 census L1 count reproduced in an open peer-reviewed study.,2015,,,TLS_CENSUS_LANGUAGE_STUDY,https://pmc.ncbi.nlm.nih.gov/articles/PMC9411783/,,non_additive; never sum with another measure or measure class without a proved disjoint-person crosswalk,,V2_CANONICAL_EVIDENCE,false,3f2b2ddd4b80273a22e4c4a2d49cdc29ed3391dddad4a3455c64e698ce22f169
canonical:pop:60dad2dc31f8b63629c2d3fb,v2_population,pop:60dad2dc31f8b63629c2d3fb,edition-target:lang:tvl-Latn-TV,POPULATION_OR_CONTEXT,percentage_only,percent_age5plus_literate,,97.1,,People aged 5+ reported literate in Tuvaluan,2022,,,OIO_0C068ED806B3,https://stats.gov.tv/download/85/population-and-housing-census/1836/tuvalu_2022_census_report,,non_additive; never sum with another measure or measure class without a proved disjoint-person crosswalk,,V2_CANONICAL_EVIDENCE,false,939456efa84780b46a7419150295cc84cf6fe59c24e4c749d045d92e991fe21f
canonical:pop:612fd63dbfcf42d2e3ab271a,v2_population,pop:612fd63dbfcf42d2e3ab271a,edition-target:lang:sw-Latn-001,POPULATION_OR_CONTEXT,macro_speaker_estimate_lower_bound,people,200000000,,,Institutional lower-bound estimate: more than 200m speakers.,2026,,,SRC_UNESCO_SWAHILI_2026,https://www.unesco.org/en/articles/kiswahili-bridge-cultural-diversity-dialogue-and-digital-innovation,,non_additive; never sum with another measure or measure class without a proved disjoint-person crosswalk,,V2_CANONICAL_EVIDENCE,false,87b77f85a5461224375e61b55fd50fbd66639bdff2cbb71d25c1c9dfc4d0c80d
canonical:pop:61854d3f48ebb05e46c5b292,v2_population,pop:61854d3f48ebb05e46c5b292,edition-target:lang:ms-Latn-BN,POPULATION_OR_CONTEXT,ethnicity_or_identity_proxy,persons_race_category_proxy,,297016,,"2021 Malay race-category count from a population of 440,715; category combines several groups and is not a speaker count.",2021,,,BRN_YEARBOOK_2021,https://deps.mofe.gov.bn/wp-content/uploads/2025/12/BDSYB-2021.pdf,,non_additive; never sum with another measure or measure class without a proved disjoint-person crosswalk,,V2_CANONICAL_EVIDENCE,false,f084240abdca3bbe815b2c9d5356cd4b32df8375e015afc69941ae8c2b44a282
canonical:pop:6275ddc5fb49a1ec70eec247,v2_population,pop:6275ddc5fb49a1ec70eec247,edition-target:lang:na-Latn-NR,POPULATION_OR_CONTEXT,speaker_or_reported_ability,persons_ages5_14_speaking,2880,2880,2880,"Sum of disjoint census age groups: 1,466 speakers ages 5–9 and 1,414 ages 10–14",2021,,,OIO_495458A1273D,https://stats.gov.nr/download/49/2021/359/nauru-2021-population-and-housing-census-analytical-report.pdf,,non_additive; never sum with another measure or measure class without a proved disjoint-person crosswalk,,V2_CANONICAL_EVIDENCE,false,10687d51533b45a2b643daaf266cef5a767430ef0649b6a8e726ece59120c85d
canonical:pop:634692347a0d69feca4158b9,v2_population,pop:634692347a0d69feca4158b9,edition-target:lang:mic-CA,POPULATION_OR_CONTEXT,speaker_or_reported_ability,persons_2021_language_knowledge,,9240,,People reporting knowledge of Mi’kmaq; mother-tongue count 6495. Counts randomly rounded.,2021,,,SRC_AMAR_CAN_ALGONQ_2021,https://www150.statcan.gc.ca/n1/pub/41-20-0002/412000022025002-eng.htm,,non_additive; never sum with another measure or measure class without a proved disjoint-person crosswalk,,V2_CANONICAL_EVIDENCE,false,fc523b1d5e3c126b653807385cef559dd691588c29cbd2c9b5ec51f85b74d1ec
canonical:pop:63bde9c6eab7e933216dba6d,v2_population,pop:63bde9c6eab7e933216dba6d,edition-target:lang:pap-AW,POPULATION_OR_CONTEXT,persons_basis_not_stated,persons_total_population_proxy,,101484,,Total 2010 population; Papiamento was most often spoken in 68% of households; no speaker count derived.,2010,,,SRC_AMAR_ABW_CENSUS_2010,https://cbs.aw/wp/wp-content/uploads/2015/10/Social_Atlas_Aruba_2010.pdf,,non_additive; never sum with another measure or measure class without a proved disjoint-person crosswalk,,V2_CANONICAL_EVIDENCE,false,cfa206b7b739cba5e1d341cbaac841ba73fe0953d57f8a93b0de42a68277b597
canonical:pop:63c7ddb5313a6147a9f454ef,v2_population,pop:63c7ddb5313a6147a9f454ef,edition-target:lang:ja-Jpan-JP,POPULATION_OR_CONTEXT,enrolment,persons,,294198,,"Learners reported by 2,669 responding MEXT-known Japanese-language education institutions",2024,,,JPN-S008,https://www.mext.go.jp/b_menu/toukei/chousa01/nihongokyoiku_jittai/kekka/mext_03374.html,,non_additive; never sum with another measure or measure class without a proved disjoint-person crosswalk,,V2_CANONICAL_EVIDENCE,false,f90f0b558280f9dfda4aac27f2fa2cc7999cd939dc290d75313e4f9e9b449373
canonical:pop:64a326212eec15c63f3332c7,v2_population,pop:64a326212eec15c63f3332c7,edition-target:lang:zh-Hans-CX,POPULATION_OR_CONTEXT,home_or_first_language,persons_home_language,235,235,235,People reporting Mandarin at home,2021,,,OIO_6D23AF4D0F5F,https://www.abs.gov.au/census/find-census-data/quickstats/2021/SAL90001,,non_additive; never sum with another measure or measure class without a proved disjoint-person crosswalk,,V2_CANONICAL_EVIDENCE,false,836783bdb60b10db92cf9f40b6ede615735c22b18652eddbb59379a2b55ef299
canonical:pop:64df0e1a866a4363b2c14c88,v2_population,pop:64df0e1a866a4363b2c14c88,edition-target:lang:unresolved-tag:galoli:timor-leste-galoli-l1-communities,POPULATION_OR_CONTEXT,home_or_first_language,persons_L1,,16266,,2015 census L1 count reproduced in an open peer-reviewed study.,2015,,,TLS_CENSUS_LANGUAGE_STUDY,https://pmc.ncbi.nlm.nih.gov/articles/PMC9411783/,,non_additive; never sum with another measure or measure class without a proved disjoint-person crosswalk,,V2_CANONICAL_EVIDENCE,false,f06aab3ea8e5fa08ece6cd49a76d6c81973ae407f6ef9ee722e7342b6461e772
canonical:pop:65440f6d5ae67ed8635141ba,v2_population,pop:65440f6d5ae67ed8635141ba,edition-target:lang:qu-Latn-PE,POPULATION_OR_CONTEXT,macro_l1,people,3735682,3735682,3735682,Direct census umbrella mother-tongue count.,2017,,,SRC_PERU_CENSUS_2017,https://www.inei.gob.pe/media/MenuRecursivo/publicaciones_digitales/Est/Lib1803/libro.pdf,,non_additive; never sum with another measure or measure class without a proved disjoint-person crosswalk,,V2_CANONICAL_EVIDENCE,false,6baf9090ab23858c8a65b3b081ff41d9e4136edad3441fdfd130901644c9ddba
canonical:pop:65d626538f3dfe7c6fa3f4d2,v2_population,pop:65d626538f3dfe7c6fa3f4d2,edition-target:lang:unresolved-tag:wichi:argentina-people-self-identifying-as,POPULATION_OR_CONTEXT,percentage_only,percent_of_self_identified_people_speak_or_understand_own_language,,73.4,,Share of the self-identified Wichí people who speak or understand the people's language; denominator count is not encoded here.,2022,,,SRC_AMAR_ARG_INDEC_2022,https://www.indec.gob.ar/ftp/cuadros/poblacion/censo2022_poblacion_indigena.pdf,,non_additive; never sum with another measure or measure class without a proved disjoint-person crosswalk,,V2_CANONICAL_EVIDENCE,false,6b866aebf7e780943136ddd12d73ba2d5c7699eec8fbe5ceefcdb5c13c2a99ac
canonical:pop:6675ca49ad1364558f62562f,v2_population,pop:6675ca49ad1364558f62562f,edition-target:lang:quc-GT,POPULATION_OR_CONTEXT,home_or_first_language,persons_age4plus_mother_tongue,,1054818,,People age 4+ reporting K’iche’ as mother tongue.,2018,,,SRC_AMAR_GTM_INE_2018,https://censo2018.ine.gob.gt/archivos/resultados_censo2018.pdf,,non_additive; never sum with another measure or measure class without a proved disjoint-person crosswalk,,V2_CANONICAL_EVIDENCE,false,05e500cf8763983d582c42be7b5f8114ca7331aa576e531ed2b69aa2d2ab2b11
canonical:pop:67404d2abc972f5d86dad902,v2_population,pop:67404d2abc972f5d86dad902,edition-target:lang:ht-Latn-HT,POPULATION_OR_CONTEXT,l1_proxy,people,11500000,11667880,11800000,Derived screening estimate: 98% primary-language share applied to 2025 Haiti population.,2025,,,SRC_HAITI_IBE,https://www.ibe.unesco.org/en/articles/towards-inclusive-education-and-learning-success-embracing-creole-haitian-schools,,non_additive; never sum with another measure or measure class without a proved disjoint-person crosswalk,,V2_CANONICAL_EVIDENCE,false,b884be4de3fd45ef8eb683b94a4bbb9734d3d911e1a9b4a1ab2e3e760678ca05
canonical:pop:676eb50e5ae61c38d3579c6a,v2_population,pop:676eb50e5ae61c38d3579c6a,edition-target:lang:rop-Latn-AU,POPULATION_OR_CONTEXT,home_or_first_language,persons_home_language,7403,7403,7403,Australia-wide people reporting Kriol at home,2021,,,OIO_53E72381DA9F,https://www.abs.gov.au/statistics/people/aboriginal-and-torres-strait-islander-peoples/language-statistics-aboriginal-and-torres-strait-islander-peoples/latest-release,,non_additive; never sum with another measure or measure class without a proved disjoint-person crosswalk,,V2_CANONICAL_EVIDENCE,false,92e8899e1e8f39d5eb6da260466d38022c2755ba28de3c48327fa7e24ba8ebfb
canonical:pop:6856048a68c7c861e30df37f,v2_population,pop:6856048a68c7c861e30df37f,edition-target:lang:rom-Latn-150,POPULATION_OR_CONTEXT,macro_community_estimate,people,10000000,11000000,12000000,Roma/Romani language-community screen; local proficiency and dialect require direct measurement.,2023,,,SRC_COE_ROMANI,https://www.coe.int/en/web/roma-and-travellers/-/secretary-general-calls-on-member-states-to-recognise-protect-and-promote-romani-language,,non_additive; never sum with another measure or measure class without a proved disjoint-person crosswalk,,V2_CANONICAL_EVIDENCE,false,3d7d0e58a25f95f7927ff893421d26035083d7836bf416bfae03f8ff9566f24e
canonical:pop:68b8a9378c9d4fa802baa927,v2_population,pop:68b8a9378c9d4fa802baa927,edition-target:lang:prq-PE,POPULATION_OR_CONTEXT,home_or_first_language,persons_mother_tongue_aggregate_shared,,73567,,Shared Ashaninka count; no separate prq count in the source.,2017,,,SRC_AMAR_PER_BDPI_ASHANINKA,https://bdpi.cultura.gob.pe/lenguas/ashaninka,,non_additive; never sum with another measure or measure class without a proved disjoint-person crosswalk,,V2_CANONICAL_EVIDENCE,false,4f0523ee60ade71af696519afa9610f9e25cb4b87d6af12baa4b58aa58b62b0b
canonical:pop:68c95f250799504f13650768,v2_population,pop:68c95f250799504f13650768,edition-target:lang:ja-Jpan-JP,POPULATION_OR_CONTEXT,enrolment,persons,,140174,,Residence-status Student holders enrolled in Japanese-language institutions,2025,,,JPN-S007,https://www.studyinjapan.go.jp/ja/statistics/enrollment/data/2605291000.html,,non_additive; never sum with another measure or measure class without a proved disjoint-person crosswalk,,V2_CANONICAL_EVIDENCE,false,ca0bd707313e3717f12dc5b951edabc0acaf88198954aa54d9846b468d7ecd52
canonical:pop:690404cf96ccb815a67471e7,v2_population,pop:690404cf96ccb815a67471e7,edition-target:lang:unresolved-tag:guarani-nandeva:paraguay-guarani-nandeva-people,POPULATION_OR_CONTEXT,ethnicity_or_identity_proxy,persons_indigenous_identity_proxy,,3266,,People identifying with the Guaraní Ñandéva people; not a speaker count.,2022,,,SRC_AMAR_PRY_INDIG_2022,https://www.ine.gov.py/Publicaciones/Biblioteca/documento/237/Resultados-Finales-Censo-Indigena.pdf,,non_additive; never sum with another measure or measure class without a proved disjoint-person crosswalk,,V2_CANONICAL_EVIDENCE,false,0f9424eb50f49dca85db6b111ce50af39b4aac97fe92baa010f36ea87fd014d6
canonical:pop:6a8813be5e963ebc6fdf8815,v2_population,pop:6a8813be5e963ebc6fdf8815,edition-target:lang:tkd-Latn-TL,POPULATION_OR_CONTEXT,home_or_first_language,persons_L1,,46784,,2015 census L1 count reproduced in an open peer-reviewed study.,2015,,,TLS_CENSUS_LANGUAGE_STUDY,https://pmc.ncbi.nlm.nih.gov/articles/PMC9411783/,,non_additive; never sum with another measure or measure class without a proved disjoint-person crosswalk,,V2_CANONICAL_EVIDENCE,false,7d2dff1c3b810be9f1e128d84f0b3a296faed9e04f353b1c8538d5df9fb9e175
canonical:pop:6b66635ca3d0f392431e86ff,v2_population,pop:6b66635ca3d0f392431e86ff,edition-target:lang:enl-PY,POPULATION_OR_CONTEXT,ethnicity_or_identity_proxy,persons_indigenous_identity_proxy,,9874,,People identifying with the Enlhet Norte people; not a speaker count.,2022,,,SRC_AMAR_PRY_INDIG_2022,https://www.ine.gov.py/Publicaciones/Biblioteca/documento/237/Resultados-Finales-Censo-Indigena.pdf,,non_additive; never sum with another measure or measure class without a proved disjoint-person crosswalk,,V2_CANONICAL_EVIDENCE,false,dffe55d25f9519ed51d4806564ada381e4481ec2e101cabdefa182e0991336d6
canonical:pop:6bb68e65287885e9e6adb078,v2_population,pop:6bb68e65287885e9e6adb078,edition-target:lang:chk-Latn-FM,POPULATION_OR_CONTEXT,home_or_first_language,persons_age5plus_home_language,27677,27677,27677,People aged 5+ reporting the named home language,2023,,,OIO_EA133B14931A,https://www.pacificweb.org/library/preview.php?file=fsm/states/2023FSMMunicipality.xlsx,,non_additive; never sum with another measure or measure class without a proved disjoint-person crosswalk,,V2_CANONICAL_EVIDENCE,false,e94df6de8a77accb9fd6b0fbb06d8c65c3672fa7e26323fe6322dc190e011a05
canonical:pop:6c4b63050e598299d1fd63dc,v2_population,pop:6c4b63050e598299d1fd63dc,edition-target:lang:sap-PY,POPULATION_OR_CONTEXT,ethnicity_or_identity_proxy,persons_indigenous_identity_proxy,,3523,,People identifying with the Sanapaná people; not a speaker count.,2022,,,SRC_AMAR_PRY_INDIG_2022,https://www.ine.gov.py/Publicaciones/Biblioteca/documento/237/Resultados-Finales-Censo-Indigena.pdf,,non_additive; never sum with another measure or measure class without a proved disjoint-person crosswalk,,V2_CANONICAL_EVIDENCE,false,f2ea80c68e2986b78b1b532ad8a3b95527feafcc669d523235b22471c472ea10
canonical:pop:6c74f03410c71c2ae9888b61,v2_population,pop:6c74f03410c71c2ae9888b61,edition-target:macro:AMAR_MEX_MAZATEC_LOCALITY_REQUIRED,POPULATION_OR_CONTEXT,speaker_or_reported_ability,persons_age3plus_language_speakers_aggregate,,237212,,People age 3+ reported under the census aggregate Mazatec; not assignable to a local tonal variety.,2020,,,SRC_AMAR_MEX_INEGI_2020,https://www.inegi.org.mx/contenidos/programas/ccpv/2020/doc/Censo2020_Principales_resultados_EUM.pdf,,non_additive; never sum with another measure or measure class without a proved disjoint-person crosswalk,,V2_CANONICAL_EVIDENCE,false,82049792f56bac98b37070dcaae34875abc16aafe81d106c2ce9f3b3f98a19a1
canonical:pop:6c8dd118da12dfee079c8fff,v2_population,pop:6c8dd118da12dfee079c8fff,edition-target:lang:cod-PE,POPULATION_OR_CONTEXT,speaker_or_reported_ability,persons_named_language_speakers,,1185,,Mother-tongue speakers; serious endangerment.,2017,,,SRC_AMAR_PER_BDPI_KUKAMA,https://bdpi.cultura.gob.pe/lenguas/kukama-kukamiria,,non_additive; never sum with another measure or measure class without a proved disjoint-person crosswalk,,V2_CANONICAL_EVIDENCE,false,e55bcb2771f34cab36fc81a10bd40caec2d00ef45abff69f1ec43c78d1fc0e3c
canonical:pop:6ca2f835abe6c18b9897f4b1,v2_population,pop:6ca2f835abe6c18b9897f4b1,edition-target:lang:poc-GT,POPULATION_OR_CONTEXT,home_or_first_language,persons_age4plus_mother_tongue,,10787,,People age 4+ reporting Poqomam as mother tongue.,2018,,,SRC_AMAR_GTM_INE_2018,https://censo2018.ine.gob.gt/archivos/resultados_censo2018.pdf,,non_additive; never sum with another measure or measure class without a proved disjoint-person crosswalk,,V2_CANONICAL_EVIDENCE,false,ddc26670a8be26a6b48d262c4f645e6ba4a98510e2461c9d159e8563db14805d
canonical:pop:6d1fcf540c56bdb5901784b8,v2_population,pop:6d1fcf540c56bdb5901784b8,edition-target:lang:tcs-Latn-AU,POPULATION_OR_CONTEXT,home_or_first_language,persons_home_language,2922,2922,2922,People reporting Yumplatok at home in the Torres Strait Islands statistical area,2021,,,OIO_F0734199AAAD,https://www.abs.gov.au/census/find-census-data/quickstats/2021/315011402,,non_additive; never sum with another measure or measure class without a proved disjoint-person crosswalk,,V2_CANONICAL_EVIDENCE,false,565ddb86aa248ae3effd3829898d20459b991c18fefd815f2c5c53e44fba59eb
canonical:pop:6d450b53f8ac016988b885fe,v2_population,pop:6d450b53f8ac016988b885fe,edition-target:lang:zh-Hans-CN:written,POPULATION_OR_CONTEXT,enrolment,persons,,32255200,,Children enrolled in preschool in 2025,2025,,,SRC_MOE_EDU_2025,https://www.moe.gov.cn/jyb_sjzl/sjzl_fztjgb/202607/t20260706_1442870.html,,non_additive; never sum with another measure or measure class without a proved disjoint-person crosswalk,,V2_CANONICAL_EVIDENCE,false,367fc16c7681699c9d29d8da127ef56a9db35b14aa950d6a4705cb2661f5109d
canonical:pop:6da76c51604b91f1834156bd,v2_population,pop:6da76c51604b91f1834156bd,edition-target:lang:kjg-Latn-LA,POPULATION_OR_CONTEXT,ethnicity_or_identity_proxy,persons_ethnicity_proxy,,714000,,Rounded 11.0% ethnic-Khmu proxy from the 2015 census; not a direct speaker count.,2015,,,LAO_CENSUS_2015,https://lao.unfpa.org/en/publications/results-population-and-housing-census-2015-english-version,,non_additive; never sum with another measure or measure class without a proved disjoint-person crosswalk,,V2_CANONICAL_EVIDENCE,false,3e702cf9da25612f902a35083ec14b000fbb4f833c982c8432cd6dacffe1602b
canonical:pop:6e05b3aa9849035e1a61b5c3,v2_population,pop:6e05b3aa9849035e1a61b5c3,edition-target:lang:ja-Jpan-JP,POPULATION_OR_CONTEXT,enrolment,persons,,9153,,"Foreign compulsory-age children possibly not enrolled: 911 confirmed not enrolled plus 8,013 status unascertainable plus 229 register/report difference",2025,,,JPN-S004,https://www.mext.go.jp/content/20260525-mxt_kyokoku-000049808_02.pdf,,non_additive; never sum with another measure or measure class without a proved disjoint-person crosswalk,,V2_CANONICAL_EVIDENCE,false,aa3e2a069265250b3b8e75a2be56024e4c5296f73cbfca62291f0b5c91d4f07a
canonical:pop:6e5b557d1a518ccf04e6a05b,v2_population,pop:6e5b557d1a518ccf04e6a05b,edition-target:lang:unresolved-tag:ka-apor-sign-language:brazil-ka-apor-community,POPULATION_OR_CONTEXT,named_sign_language_users_approximate,persons_deaf_kaapor_signers_approximate,,18,,"Approximately 18 deaf Ka’apor signers; kept separate from the 2,000–2,300 community-population range.",,,,SRC_AMAR_BRA_KAAPOR_SIGN,https://periodicos.sbu.unicamp.br/ojs/index.php/liames/article/view/8667939,,non_additive; never sum with another measure or measure class without a proved disjoint-person crosswalk,,V2_CANONICAL_EVIDENCE,false,00a07ca0f6850f68a100ebb02d759a5aa7bc96d2f45c99cf1a332a5534cecfab
canonical:pop:6ee9fba24ce0a4217136538a,v2_population,pop:6ee9fba24ce0a4217136538a,edition-target:lang:wls-Latn-WF,POPULATION_OR_CONTEXT,territorial_exposure_ceiling,persons_island_population_ceiling,8088,8088,8088,Wallis resident population; not a Wallisian-speaker count,2023,,,OIO_AEAB1D32F6F8,https://www.insee.fr/fr/statistiques/8272934,,non_additive; never sum with another measure or measure class without a proved disjoint-person crosswalk,,V2_CANONICAL_EVIDENCE,false,307ea822bac8b678ddaa9bb00f3244bf88b91a449eae1fa98c1abd64f05d0015
canonical:pop:6f36389cba5cbef67b902ed5,v2_population,pop:6f36389cba5cbef67b902ed5,edition-target:lang:iks-CA,POPULATION_OR_CONTEXT,speaker_or_reported_ability,persons_sign_language_users_stale_estimate,,47,,Stale 2000 estimate among Nunavut deaf residents; not current.,2000,,,SRC_AMAR_CAN_IUR,https://www.gov.nu.ca/sites/default/files/publications/2024-09/2019-2020_-_Minister_of_Languages_Annual_Report.pdf,,non_additive; never sum with another measure or measure class without a proved disjoint-person crosswalk,,V2_CANONICAL_EVIDENCE,false,a8972a92fac08f75c44bf89bd2266d51f493965c81f6dfccfb8f7d6c2b0479d9
canonical:pop:6f451dcfe4e6e9cdbf5b0054,v2_population,pop:6f451dcfe4e6e9cdbf5b0054,edition-target:macro:AMAR_MEX_MIXTEC_LOCALITY_REQUIRED,POPULATION_OR_CONTEXT,speaker_or_reported_ability,persons_age3plus_language_speakers_aggregate,,526593,,People age 3+ reported under the census aggregate Mixtec; not assignable to a local variety.,2020,,,SRC_AMAR_MEX_INEGI_2020,https://www.inegi.org.mx/contenidos/programas/ccpv/2020/doc/Censo2020_Principales_resultados_EUM.pdf,,non_additive; never sum with another measure or measure class without a proved disjoint-person crosswalk,,V2_CANONICAL_EVIDENCE,false,cbb70ed6956f50bc3b989f49519b75e3d51f6f7ff69c1bc873639db0e93d75d4
canonical:pop:71024bd452756cac8abda116,v2_population,pop:71024bd452756cac8abda116,edition-target:lang:dhv-Latn-NC,POPULATION_OR_CONTEXT,speaker_or_reported_ability,persons_age15plus_speaking,15900,15900,15900,People aged 15+ reported speaking the named language,2019,,,OIO_9D74E354F4EB,https://www.isee.nc/component/phocadownload/category/269-recensement-de-la-population?download=2186%3Arp-2019-la-population-vivant-en-tribus,,non_additive; never sum with another measure or measure class without a proved disjoint-person crosswalk,,V2_CANONICAL_EVIDENCE,false,cc471fd4f19fbe3f016c4562c8f353db166df13b82f37890ff3f93664a43d6c2
canonical:pop:718c3cb44e2abc255092f749,v2_population,pop:718c3cb44e2abc255092f749,edition-target:lang:ayr-PE,POPULATION_OR_CONTEXT,home_or_first_language,persons_age5plus_mother_tongue,,444389,,People age 5+ reporting Aymara as mother tongue.,2017,,,SRC_AMAR_PER_INEI_2017,https://www.inei.gob.pe/media/MenuRecursivo/publicaciones_digitales/Est/Lib1539/libro.pdf,,non_additive; never sum with another measure or measure class without a proved disjoint-person crosswalk,,V2_CANONICAL_EVIDENCE,false,2e16def6a10d481279d73be697ef1c4ec0e18701a7b699fe3f45e61452befb0f
canonical:pop:72124029940f05b9672cd1cc,v2_population,pop:72124029940f05b9672cd1cc,edition-target:lang:ja-Jpan-JP,POPULATION_OR_CONTEXT,enrolment,persons,,277132,,"All graduate students: 174,961 masters 79,560 doctoral and 22,611 professional-degree",2025,,,JPN-S002,https://www.mext.go.jp/b_menu/toukei/chousa01/kihon/kekka/k_detail/2025.htm,,non_additive; never sum with another measure or measure class without a proved disjoint-person crosswalk,,V2_CANONICAL_EVIDENCE,false,0cda5fc0f056a63e6928c39bd224f5a4809f735d47845f43c6428211dd10513f
canonical:pop:72cd2e5e95e96b7ce1bbe3f4,v2_population,pop:72cd2e5e95e96b7ce1bbe3f4,edition-target:lang:apc-Arab-SY,POPULATION_OR_CONTEXT,status_cohort,people,4900000,4900000,4900000,"Refugees from Syria at end-2025; status cohort, not direct language count.",2025,,,SRC_UNHCR_GLOBAL_2025,https://www.unhcr.org/global-trends,,non_additive; never sum with another measure or measure class without a proved disjoint-person crosswalk,,V2_CANONICAL_EVIDENCE,false,8ca6315ca9eef78ee22bc7fd0e9c9d07e80d0bb166213d9ac0aca9f527afc1c9
canonical:pop:738f89ca064484dc7f7dce70,v2_population,pop:738f89ca064484dc7f7dce70,edition-target:lang:ur-Arab-IN,POPULATION_OR_CONTEXT,l1,persons_L1,50725762,50725762,50725762,Raw Census mother-tongue count,2011,,,IND_C16_2011,https://censusindia.gov.in/nada/index.php/catalog/10191,,non_additive; never sum with another measure or measure class without a proved disjoint-person crosswalk,,V2_CANONICAL_EVIDENCE,false,546b13cce9467beb85db1017e136763cc0d8690d4f63c8e3620b472322b840af
canonical:pop:74895a35a692128b18139fec,v2_population,pop:74895a35a692128b18139fec,edition-target:lang:yua-MX,POPULATION_OR_CONTEXT,speaker_or_reported_ability,persons_age3plus_language_speakers,,774755,,"People age 3+ reported Maya in the Mexico census; retained as Maayat’aan/Yucatec, not pan-Maya.",2020,,,SRC_AMAR_MEX_INEGI_2020,https://www.inegi.org.mx/contenidos/programas/ccpv/2020/doc/Censo2020_Principales_resultados_EUM.pdf,,non_additive; never sum with another measure or measure class without a proved disjoint-person crosswalk,,V2_CANONICAL_EVIDENCE,false,e16bb9a7650e1d2c56c955c45b69e593d817984448e081b27eeefb0580a6522f
canonical:pop:74d87a3c3c52f75acf4ca24e,v2_population,pop:74d87a3c3c52f75acf4ca24e,edition-target:lang:ess-US,POPULATION_OR_CONTEXT,speaker_or_reported_ability,persons_language_speaker_approximate,,1000,,Approximate public estimate attributed to Alaska Native Language Center data; not an ACS exact count.,,,,SRC_AMAR_US_ALASKA_EST,https://www.elections.ca/content.aspx?dir=comp%2Fmar2922&document=p8&lang=e&section=abo,,non_additive; never sum with another measure or measure class without a proved disjoint-person crosswalk,,V2_CANONICAL_EVIDENCE,false,898b3939dbbaa26d95aef9139e846e261c0b1d6349ee13ad8c550c49a8f08deb
canonical:pop:74e206acae57a0362a5a68db,v2_population,pop:74e206acae57a0362a5a68db,edition-target:lang:noa-CO,POPULATION_OR_CONTEXT,speaker_or_reported_ability,persons_named_language_speaker_estimate,,13445,,Named-language speaker estimate in the national decennial language plan.,,,,SRC_AMAR_COL_LANG_PLAN,https://dokumen.pub/plan-decenal-de-lenguas-nativas-de-colombia-9789587534948.html,,non_additive; never sum with another measure or measure class without a proved disjoint-person crosswalk,,V2_CANONICAL_EVIDENCE,false,fe142b5b97afb33ac7518eb06ba61998a0d07c749d25cf07cbc2221448ed43f9
canonical:pop:74e4bf043ec5ed6103fe5b6b,v2_population,pop:74e4bf043ec5ed6103fe5b6b,edition-target:lang:tca-BR,POPULATION_OR_CONTEXT,speaker_or_reported_ability,persons_age5plus_named_indigenous_language_speakers,,51978,,People age 5+ speaking Tikúna in the 2022 census language release.,2022,,,SRC_AMAR_BRA_IBGE_2022,https://agenciadenoticias.ibge.gov.br/en/agencia-press-room/2184-news-agency/news/44866-2022-census-brazil-has-391-indigenous-ethnicities-and-295-indigenous-languages.html,,non_additive; never sum with another measure or measure class without a proved disjoint-person crosswalk,,V2_CANONICAL_EVIDENCE,false,09cfc0837798c2dd56273dc7f47f65fdcf2a0e7562ded69252cb6fe4c08854a9
canonical:pop:74fe3ccf03d19b829e44191b,v2_population,pop:74fe3ccf03d19b829e44191b,edition-target:lang:es-Latn-001,POPULATION_OR_CONTEXT,macro_speaker_estimate,people,520000000,520000000,520000000,Institutional estimate of native Spanish speakers; potential-user estimate exceeds 630m and is recorded only in notes.,2025,,,SRC_CERVANTES_2025,https://cvc.cervantes.es/lengua/anuario/anuario_25/elm/p01.htm,,non_additive; never sum with another measure or measure class without a proved disjoint-person crosswalk,,V2_CANONICAL_EVIDENCE,false,0bf62b8ad78ca5ecf60ee11ed58fb68c2a99a9f6e6a717862a73097cf674cf9d
canonical:pop:750ff1a1ce930cd090bdce4e,v2_population,pop:750ff1a1ce930cd090bdce4e,edition-target:lang:ojs-CA,POPULATION_OR_CONTEXT,speaker_or_reported_ability,persons_2021_language_knowledge,,15305,,People reporting knowledge of Oji-Cree / Anishininiimowin; mother-tongue count 11930. Counts randomly rounded.,2021,,,SRC_AMAR_CAN_ALGONQ_2021,https://www150.statcan.gc.ca/n1/pub/41-20-0002/412000022025002-eng.htm,,non_additive; never sum with another measure or measure class without a proved disjoint-person crosswalk,,V2_CANONICAL_EVIDENCE,false,14a8b3e29191ac66c542e8ea12aac9444b05cf1d7e04c7b2e71fbc8834dfc772
canonical:pop:756b9d474e64bdcbf1f1eee0,v2_population,pop:756b9d474e64bdcbf1f1eee0,edition-target:lang:crj-CA,POPULATION_OR_CONTEXT,speaker_or_reported_ability,persons_2021_language_knowledge,,895,,People reporting knowledge of Inu Ayimun / Southern East Cree; mother-tongue count 700. Counts randomly rounded.,2021,,,SRC_AMAR_CAN_ALGONQ_2021,https://www150.statcan.gc.ca/n1/pub/41-20-0002/412000022025002-eng.htm,,non_additive; never sum with another measure or measure class without a proved disjoint-person crosswalk,,V2_CANONICAL_EVIDENCE,false,17638bef53cccb01675b79ce7376220c5e1e552ab63674cdb8e7217f24070131
canonical:pop:7719f7ddfb91816b3c902d90,v2_population,pop:7719f7ddfb91816b3c902d90,edition-target:lang:coa-Latn-CC,POPULATION_OR_CONTEXT,home_or_first_language,persons_home_language_malay_category,363,363,363,People reporting the census Malay home-language category; category may include Malay varieties and is not explicitly Cocos-Malay-only,2021,,,OIO_0CC9AE5B448F,https://www.abs.gov.au/census/find-census-data/quickstats/2021/90102,,non_additive; never sum with another measure or measure class without a proved disjoint-person crosswalk,,V2_CANONICAL_EVIDENCE,false,cea69b57e67470723c8af479ca8256afe4816f2a3082fdffa1284f99f13e0f78
canonical:pop:772a28555c45f896d1403526,v2_population,pop:772a28555c45f896d1403526,edition-target:lang:pag-Latn-PH,POPULATION_OR_CONTEXT,ethnicity_or_identity_proxy,persons_ethnicity_proxy,,2010000,,"Rounded 2020 ethnicity proxy; 334,759 home-language households were separately reported.",2020,,,PH_PSA_ETHNICITY_2020,https://psa.gov.ph/content/ethnicity-philippines-2020-census-population-and-housing,,non_additive; never sum with another measure or measure class without a proved disjoint-person crosswalk,,V2_CANONICAL_EVIDENCE,false,03df5e150557c1bb00b8576bbc3241ec402976da625f585d4c6ab83fdbc8bc73
canonical:pop:776aba066231b7a9ec2cbd5f,v2_population,pop:776aba066231b7a9ec2cbd5f,edition-target:lang:sab-PA,POPULATION_OR_CONTEXT,ethnicity_or_identity_proxy,persons_indigenous_identity_proxy,,23898,,People identifying with the Buglere people; not a speaker count.,2023,,,SRC_AMAR_PAN_INEC_2023,https://www.inec.gob.pa/Publicaciones/Default3.aspx?ID_CATEGORIA=19&ID_PUBLICACION=1212&ID_SUBCATEGORIA=71,,non_additive; never sum with another measure or measure class without a proved disjoint-person crosswalk,,V2_CANONICAL_EVIDENCE,false,be078b402c065fa130707e18320034788f6402f4faf9f1114be5544a0a8fc5da
canonical:pop:78fb5d4ae3e4f19bf50a1c9d,v2_population,pop:78fb5d4ae3e4f19bf50a1c9d,edition-target:lang:mr-Deva-IN,POPULATION_OR_CONTEXT,l1,persons_L1,82801140,82801140,82801140,Raw Census mother-tongue count,2011,,,IND_C16_2011,https://censusindia.gov.in/nada/index.php/catalog/10191,,non_additive; never sum with another measure or measure class without a proved disjoint-person crosswalk,,V2_CANONICAL_EVIDENCE,false,c86826f8d0d02d08885ecde3a7af466636b3a24bd7f89451de6c2abfc81e3463
canonical:pop:78ffc41680a2047f6d68850f,v2_population,pop:78ffc41680a2047f6d68850f,edition-target:lang:wba-VE,POPULATION_OR_CONTEXT,ethnicity_or_identity_proxy,persons_indigenous_identity_stale_proxy,,48771,,Warao identity count; not a speaker count.,2011,,,SRC_AMAR_VEN_INE_2011,https://celade.cepal.org/censosinfo/manuales/VE_EmpadronPobIndigena_2011.pdf,,non_additive; never sum with another measure or measure class without a proved disjoint-person crosswalk,,V2_CANONICAL_EVIDENCE,false,61165ea601c9b3a1b413d179a557f5164c44750ce72abcc83edcdaed75abaaf4
canonical:pop:791abb978d3b5da49c019629,v2_population,pop:791abb978d3b5da49c019629,edition-target:lang:guh-VE,POPULATION_OR_CONTEXT,ethnicity_or_identity_proxy,persons_indigenous_identity_stale_proxy,,23953,,Jivi/Guajibo/Sikwani identity count; not a speaker count.,2011,,,SRC_AMAR_VEN_INE_2011,https://celade.cepal.org/censosinfo/manuales/VE_EmpadronPobIndigena_2011.pdf,,non_additive; never sum with another measure or measure class without a proved disjoint-person crosswalk,,V2_CANONICAL_EVIDENCE,false,ad75f521cd365c2e3d19e2f771eec2229567b67f6af42d6417548d4ecd51c241
canonical:pop:79b686e9e90dad241cae7192,v2_population,pop:79b686e9e90dad241cae7192,edition-target:lang:jiv-EC,POPULATION_OR_CONTEXT,speaker_or_reported_ability,persons_named_language_speakers,,58770,,"Speakers; associated population 136,463.",2022,,,SRC_AMAR_ECU_PLAN_2024,https://www.secretariapueblosynacionalidades.gob.ec/wp-content/uploads/2024/07/EPF-Sintesis-de-plan-decenal-correccion3-final-18-junio-2024.pdf,,non_additive; never sum with another measure or measure class without a proved disjoint-person crosswalk,,V2_CANONICAL_EVIDENCE,false,16e559d040a5d4fbef7a761f2b5201011611d69d144880ac4e8d149af16605d3
canonical:pop:79b9f1fabb784fc34161a23a,v2_population,pop:79b9f1fabb784fc34161a23a,edition-target:lang:bi-Latn-VU,POPULATION_OR_CONTEXT,percentage_only,percent_age15plus_literate,,90.1,,People aged 15+ reported literate in Bislama; multilingual literacy percentages overlap,2020,,,OIO_7A5576553308,https://vnso.gov.vu/sites/default/files/2020_Vanuatu_National_Population_and_Housing_Census_-_Analytical_report_Volume_2.pdf,,non_additive; never sum with another measure or measure class without a proved disjoint-person crosswalk,,V2_CANONICAL_EVIDENCE,false,512c86248eaef490b0bd93b4e0cd73f740d38c1df9d5c5934934b688f0dd27f2
canonical:pop:79cbadc85977c341fee6db2f,v2_population,pop:79cbadc85977c341fee6db2f,edition-target:lang:kjb-GT,POPULATION_OR_CONTEXT,home_or_first_language,persons_age4plus_mother_tongue,,166261,,People age 4+ reporting Q’anjob’al as mother tongue.,2018,,,SRC_AMAR_GTM_INE_2018,https://censo2018.ine.gob.gt/archivos/resultados_censo2018.pdf,,non_additive; never sum with another measure or measure class without a proved disjoint-person crosswalk,,V2_CANONICAL_EVIDENCE,false,c13340add55ed2822cd3976b722282b522546bd676cdaad4800bd4ab84edda28
canonical:pop:7a16ec27a0b4e90413dad0c5,v2_population,pop:7a16ec27a0b4e90413dad0c5,edition-target:lang:ja-Jpan-JP,POPULATION_OR_CONTEXT,enrolment,persons,,106829,,Residence-status Student holders enrolled in professional training colleges,2025,,,JPN-S007,https://www.studyinjapan.go.jp/ja/statistics/enrollment/data/2605291000.html,,non_additive; never sum with another measure or measure class without a proved disjoint-person crosswalk,,V2_CANONICAL_EVIDENCE,false,12586add86b20d5713435bc376e3731a765bf1b797f5dba31eb0809851f78487
canonical:pop:7aac019da3d37434d58f59a9,v2_population,pop:7aac019da3d37434d58f59a9,edition-target:lang:zu-Latn-ZA,POPULATION_OR_CONTEXT,percentage_only,percent,,24.4,,Share of South Africa population reporting isiZulu as household language,2022,,,SRC_STATSSA_CENSUS_2022,https://www.statssa.gov.za/wp-content/uploads/2023/11/Mbalo-brief-November.pdf,,non_additive; never sum with another measure or measure class without a proved disjoint-person crosswalk,,V2_CANONICAL_EVIDENCE,false,44b902649e2cda00bb29ca8ce8c90f21bbeac04f52046a55094f4a44f9a6641d
canonical:pop:7ab9eda9219c62fd7341e2e3,v2_population,pop:7ab9eda9219c62fd7341e2e3,edition-target:lang:ja-Jpan-JP,POPULATION_OR_CONTEXT,enrolment,persons,,7313,,Public upper-secondary pupils officially identified as needing Japanese instruction; foreign and Japanese nationality combined,2025,,,JPN-S003,https://www.mext.go.jp/b_menu/houdou/31/09/1421569_00007.htm,,non_additive; never sum with another measure or measure class without a proved disjoint-person crosswalk,,V2_CANONICAL_EVIDENCE,false,64f9ad067150fabdcdbc1f15d0d427f4cbe41ecc28cb6379932bebb819f4c9bd
canonical:pop:7d54223293228859a8359468,v2_population,pop:7d54223293228859a8359468,edition-target:lang:cak-GT,POPULATION_OR_CONTEXT,home_or_first_language,persons_age4plus_mother_tongue,,411089,,People age 4+ reporting Kaqchikel as mother tongue.,2018,,,SRC_AMAR_GTM_INE_2018,https://censo2018.ine.gob.gt/archivos/resultados_censo2018.pdf,,non_additive; never sum with another measure or measure class without a proved disjoint-person crosswalk,,V2_CANONICAL_EVIDENCE,false,21db773c4fa1e305217c37fbc45e5e6790ac4122bc10e347f8fcce0aeb23e263
canonical:pop:7e60a110e78e419e9a877fc1,v2_population,pop:7e60a110e78e419e9a877fc1,edition-target:lang:skr-Arab-PK,POPULATION_OR_CONTEXT,l1,persons_L1,28849579,28849579,28849579,Census mother-tongue count,2023,,,PBS_MT_2023,https://www.pbs.gov.pk/wp-content/uploads/census_tables/tables/table_11_national.pdf,,non_additive; never sum with another measure or measure class without a proved disjoint-person crosswalk,,V2_CANONICAL_EVIDENCE,false,980f739e6fca826b3615c79c26fba88b204d5679e13aab8539f4abc24311c54b
canonical:pop:8030e201c92658d206a92ee2,v2_population,pop:8030e201c92658d206a92ee2,edition-target:macro:IDN_REGIONAL_FIRST_COMPANION,POPULATION_OR_CONTEXT,macro_first_language,persons age 5+,,181082044,,People aged five or older whose first language was a regional language in the 2022 long-form census.,2022,,,BPS_LANG_FIRST_2022,https://sensus.bps.go.id/topik/tabular/sp2022/197/0/0,,non_additive; never sum with another measure or measure class without a proved disjoint-person crosswalk,,V2_CANONICAL_EVIDENCE,false,a806ae65de643ac55de48f949b721dd4b1218233ca4c1ace9d56b4fb8a5ca12f
canonical:pop:812b9427cb5aa5b12e1f9dbb,v2_population,pop:812b9427cb5aa5b12e1f9dbb,edition-target:lang:ja-Jpan-JP,POPULATION_OR_CONTEXT,enrolment,persons,,158910,,Students enrolled in special-needs schools,2025,,,JPN-S002,https://www.mext.go.jp/b_menu/toukei/chousa01/kihon/kekka/k_detail/2025.htm,,non_additive; never sum with another measure or measure class without a proved disjoint-person crosswalk,,V2_CANONICAL_EVIDENCE,false,170b5d1ca25b7c38b7e8981b510f057f4d391d9bd639f41a3e738151da24db0c
canonical:pop:81c2eb0deb82a255d760e37e,v2_population,pop:81c2eb0deb82a255d760e37e,edition-target:lang:su-Latn-ID,POPULATION_OR_CONTEXT,home_or_first_language,persons_daily_home_language_age5plus,,32412752,,BPS daily-home-language count for people age five and above.,2010,,,IDN_BPS_LANG_2010,https://www.bps.go.id/en/publication/2012/05/23/55eca38b7fe0830834605b35/nationality--ethnicity--religion--and-dailylanguage-of-indonesian-population.html,,non_additive; never sum with another measure or measure class without a proved disjoint-person crosswalk,,V2_CANONICAL_EVIDENCE,false,145afb018a0e22841082d351f0dbeafea6c0327fd387fe18be22992edf374d20
canonical:pop:81c9c91ab2b61116c0c8eea1,v2_population,pop:81c9c91ab2b61116c0c8eea1,edition-target:lang:zh-Hans-CN:written,POPULATION_OR_CONTEXT,enrolment,persons,,11187700,,Learners in secondary-vocational institutions within MOE's 2025 statistical scope,2025,,,SRC_MOE_EDU_2025,https://www.moe.gov.cn/jyb_sjzl/sjzl_fztjgb/202607/t20260706_1442870.html,,non_additive; never sum with another measure or measure class without a proved disjoint-person crosswalk,,V2_CANONICAL_EVIDENCE,false,5208fc41eea0cfeaad5f8177980ff4efc7c89396255459e424d1e49407acbf38
canonical:pop:81ca85f5ec5499fbe388de6a,v2_population,pop:81ca85f5ec5499fbe388de6a,edition-target:lang:mi-Latn-NZ,POPULATION_OR_CONTEXT,enrolment,learners_maori_medium_majority_curriculum,28382,28382,28382,Learners receiving at least 51% of curriculum time in Māori-medium schooling,2025,,,OIO_3B937BEFED23,https://www.educationcounts.govt.nz/statistics/maori-language-in-schooling,,non_additive; never sum with another measure or measure class without a proved disjoint-person crosswalk,,V2_CANONICAL_EVIDENCE,false,a7a24ea350c4db198275f3b82ffcd8868f399368ea27c76c777e5eb05439fbec
canonical:pop:829e89a5b7bd29ca2ea6f3a9,v2_population,pop:829e89a5b7bd29ca2ea6f3a9,edition-target:lang:huu-CO,POPULATION_OR_CONTEXT,speaker_or_reported_ability,persons_named_language_speaker_estimate,,4321,,Named-language speaker estimate in the national decennial language plan.,,,,SRC_AMAR_COL_LANG_PLAN,https://dokumen.pub/plan-decenal-de-lenguas-nativas-de-colombia-9789587534948.html,,non_additive; never sum with another measure or measure class without a proved disjoint-person crosswalk,,V2_CANONICAL_EVIDENCE,false,a768f746248379bcf42092fa9c02fed578a14032b529576487e2517a175d439d
canonical:pop:82ca357c6144d49cb99324e4,v2_population,pop:82ca357c6144d49cb99324e4,edition-target:lang:zh-Hans-CN:written,POPULATION_OR_CONTEXT,enrolment,persons,,21357700,,Ordinary bachelor's students enrolled in 2025,2025,,,SRC_MOE_EDU_2025,https://www.moe.gov.cn/jyb_sjzl/sjzl_fztjgb/202607/t20260706_1442870.html,,non_additive; never sum with another measure or measure class without a proved disjoint-person crosswalk,,V2_CANONICAL_EVIDENCE,false,fd1fa66e40ad64ab66e83756403d504ee96b28abf915967dd317b9214ee192db
canonical:pop:83243c196d1726fea40aa644,v2_population,pop:83243c196d1726fea40aa644,edition-target:lang:unresolved-tag:ba-na:viet-nam-ba-na-ethnicity-proxy,POPULATION_OR_CONTEXT,ethnicity_or_identity_proxy,persons_ethnicity_proxy,,286910,,2019 ethnicity proxy.,2019,,,VNM_CENSUS_2019,https://tongdieutradanso.vn/uploads/data/6/files/files/Population%20and%20Housing%20Census%202019_final%20report.pdf,,non_additive; never sum with another measure or measure class without a proved disjoint-person crosswalk,,V2_CANONICAL_EVIDENCE,false,940f12e9db5e33294db785e442e314fa8dfdb30457f2c08b22c04a000174e146
canonical:pop:83b4eae8f6760a35b659c4b3,v2_population,pop:83b4eae8f6760a35b659c4b3,edition-target:lang:arn-AR,POPULATION_OR_CONTEXT,percentage_only,percent_of_self_identified_people_speak_or_understand_own_language,,17.9,,Share of the self-identified Argentina Mapuche people who speak or understand the people's language; denominator count is not encoded here.,2022,,,SRC_AMAR_ARG_INDEC_2022,https://www.indec.gob.ar/ftp/cuadros/poblacion/censo2022_poblacion_indigena.pdf,,non_additive; never sum with another measure or measure class without a proved disjoint-person crosswalk,,V2_CANONICAL_EVIDENCE,false,b4b20c34ecc403bffa27467fdb18cc0d56c07c09dae3069d8b19b6da43c42c1f
canonical:pop:83d3a17e71d31556e2e7662d,v2_population,pop:83d3a17e71d31556e2e7662d,edition-target:lang:zh-Hans-CN:written,POPULATION_OR_CONTEXT,enrolment_subcohort,persons,,8617500,,Migrant workers' accompanying children enrolled in primary education in 2025 under MOE's rural-registration and co-residence definition,2025,,,SRC_MOE_EDU_2025,https://www.moe.gov.cn/jyb_sjzl/sjzl_fztjgb/202607/t20260706_1442870.html,,non_additive; never sum with another measure or measure class without a proved disjoint-person crosswalk,,V2_CANONICAL_EVIDENCE,false,71f14fdd61581d87a0a27368eff898c706948920306ab8e6e24163884a2843ae
canonical:pop:84110d26424c42789440d5af,v2_population,pop:84110d26424c42789440d5af,edition-target:lang:kuz-CL,POPULATION_OR_CONTEXT,speaker_or_reported_ability,persons_age5plus_speak_or_understand,,2616,,"People age 5+ who speak or understand Ckunza, including reclamation/passive knowledge.",2024,,,SRC_AMAR_CHL_INE_2024,https://censo2024.ine.gob.cl/wp-content/uploads/2025/12/sintesis_resultados_censo2024.pdf,,non_additive; never sum with another measure or measure class without a proved disjoint-person crosswalk,,V2_CANONICAL_EVIDENCE,false,1cff98f0f18043fa1288084a359d25fdd49b3ca959ed24ea86bc96fd5e8ce2b7
canonical:pop:845779acbc07291d72562c10,v2_population,pop:845779acbc07291d72562c10,edition-target:lang:unresolved-tag:any-target-written-language-font-coverage-line-breaking-directionality-a:global-instantiate-by-language-print,POPULATION_OR_CONTEXT,disability_proxy,persons_vision_loss_VLEG_GBD_2020_proxy,,1106000000,,"Total people with vision loss in the 2020 VLEG/GBD model: approximately 43 million blind, 295 million with moderate-to-severe distance loss, 258 million with mild distance loss, and 510 million with near vision loss; proxy only.",2020,,,IAPB_VISION_2020,https://www.iapb.org/wp-content/uploads/2021/05/Vision-Atlas_Global-Snapshot_18052021.pdf,,non_additive; never sum with another measure or measure class without a proved disjoint-person crosswalk,,V2_CANONICAL_EVIDENCE,false,3c2b61f75886d6a4aa521cd7f09a6008e299d10aa16c1969859ff55658b58bec
canonical:pop:8501139cbc2b24bb6e1f24a8,v2_population,pop:8501139cbc2b24bb6e1f24a8,edition-target:lang:ta-Taml-LK:community:sri-lanka-tamil,POPULATION_OR_CONTEXT,ethnicity_ceiling,persons_ethnicity_ceiling,,,2283246,Moor/Muslim ethnicity count is an upper bound; Tamil L1/use share unknown,2024,,,LKA_CENSUS_2024,https://www.statistics.gov.lk/Resource/en/Population/CPH_2024/CPH2024_Final_Eng.pdf,,non_additive; never sum with another measure or measure class without a proved disjoint-person crosswalk,,V2_CANONICAL_EVIDENCE,false,7bf665d2116a5000b02aecfd53c7cf8b7111f9edf26b69a4b3eaaceaa7edcb79
canonical:pop:852e2cb279a84514cf61316c,v2_population,pop:852e2cb279a84514cf61316c,edition-target:lang:zh-Hans-CN:written,POPULATION_OR_CONTEXT,enrolment_subcohort,persons,,927000,,"Students enrolled in special education in 2025 across special schools, special classes, mainstream inclusion, and home delivery",2025,,,SRC_MOE_EDU_2025,https://www.moe.gov.cn/jyb_sjzl/sjzl_fztjgb/202607/t20260706_1442870.html,,non_additive; never sum with another measure or measure class without a proved disjoint-person crosswalk,,V2_CANONICAL_EVIDENCE,false,09600452cfe14bc6b57d1ff93b68ee514cd1a7b737b1faa2c89bbac95c57c5b6
canonical:pop:85634c9188e37bf635f6562a,v2_population,pop:85634c9188e37bf635f6562a,edition-target:lang:chr-US,POPULATION_OR_CONTEXT,home_or_first_language,persons_age5plus_home_language,,10440,,People age 5+ reporting Cherokee at home in the 2017–2021 ACS.,2017-2021,,,SRC_AMAR_US_ACS_2017_2021,https://www.census.gov/library/stories/2025/06/native-american-language-use.html,,non_additive; never sum with another measure or measure class without a proved disjoint-person crosswalk,,V2_CANONICAL_EVIDENCE,false,023626fa9ce31e401a377bc0f58d699ef0a673c2910eb020d7ba37b1c2c75e5b
canonical:pop:86f6cdacda0f4a0a6c2ffb72,v2_population,pop:86f6cdacda0f4a0a6c2ffb72,edition-target:lang:ja-Jpan-JP,POPULATION_OR_CONTEXT,enrolment,persons,,137704,,Elementary pupils absent 30 or more days in FY2024 for psychological emotional physical or social factors other than illness or economic reason,2024,,,JPN-S005,https://www.mext.go.jp/a_menu/shotou/seitoshidou/1302902.htm,,non_additive; never sum with another measure or measure class without a proved disjoint-person crosswalk,,V2_CANONICAL_EVIDENCE,false,a708054224abe70b18b7995c9cefb4a25ca8dfeefecd545d6e90115fac4510e4
canonical:pop:8769a570123aa3d669d927d9,v2_population,pop:8769a570123aa3d669d927d9,edition-target:lang:jv-Latn-ID,POPULATION_OR_CONTEXT,home_language,people,68044660,68044660,68044660,Home language among population age 5+ in Census 2010.,2010,,,SRC_BPS_ID_2010,https://www.bps.go.id/id/publication/2012/05/23/55eca38b7fe0830834605b35/kewarganegaraan-suku-bangsa-agama-dan-bahasa-%20sehari-hari-penduduk-indonesia.html,,non_additive; never sum with another measure or measure class without a proved disjoint-person crosswalk,,V2_CANONICAL_EVIDENCE,false,23a909a20d223472477f53f8ac86756afbd0e82f1e4f7bad56d414753be41075
canonical:pop:87881892ce158ae9e61abad0,v2_population,pop:87881892ce158ae9e61abad0,edition-target:lang:ja-Jpan-JP,POPULATION_OR_CONTEXT,enrolment,persons,,1969,,Students enrolled in 52 public night junior high schools,2024,,,JPN-S010,https://www.mext.go.jp/a_menu/shotou/yakan/1408539_00002.htm,,non_additive; never sum with another measure or measure class without a proved disjoint-person crosswalk,,V2_CANONICAL_EVIDENCE,false,1c89f6ea686ed0cbb7344988fd35d96a8ac5e6473ba99269a86aa3ced3450558
canonical:pop:87d45218db3bdc03ab4590e8,v2_population,pop:87d45218db3bdc03ab4590e8,edition-target:lang:quc-GT,POPULATION_OR_CONTEXT,first_learned,people,1054818,1054818,1054818,First-learned language among population age 4+ in Census 2018.,2018,,,SRC_GUATEMALA_CENSUS_2018,https://censo2018.ine.gob.gt/archivos/Principales_resultados_Censo2018.pdf,,non_additive; never sum with another measure or measure class without a proved disjoint-person crosswalk,,V2_CANONICAL_EVIDENCE,false,3fdd0ba966913afb1dc6430993715c95dd55d573bf2930d707317f85d86760a7
canonical:pop:8815ac0802fae5121c3cd522,v2_population,pop:8815ac0802fae5121c3cd522,edition-target:lang:ja-Jpan-JP,POPULATION_OR_CONTEXT,enrolment,persons,,3946,,Residence-status Student holders enrolled in preparatory courses,2025,,,JPN-S007,https://www.studyinjapan.go.jp/ja/statistics/enrollment/data/2605291000.html,,non_additive; never sum with another measure or measure class without a proved disjoint-person crosswalk,,V2_CANONICAL_EVIDENCE,false,a83d5180f86a9900eb74e1d64f7447c188281ade90d6a4638b08d4f366b02ea3
canonical:pop:8829b36bed74faa08907aa59,v2_population,pop:8829b36bed74faa08907aa59,edition-target:lang:tl-Latn-PH,POPULATION_OR_CONTEXT,ethnicity_or_identity_proxy,persons_ethnicity_proxy,,28270000,,"Rounded person-level Tagalog ethnicity proxy; not proof of first-language use. The same census reports 10,522,507 Tagalog-home-language households, which are not persons.",2020,,,PH_PSA_ETHNICITY_2020,https://psa.gov.ph/content/ethnicity-philippines-2020-census-population-and-housing,,non_additive; never sum with another measure or measure class without a proved disjoint-person crosswalk,,V2_CANONICAL_EVIDENCE,false,dc35b60df85f754f7beab3733d4a298a6c15c22d7810dc306e7bc1a34d4cd8f2
canonical:pop:892115d7fee11b1c6d7b3027,v2_population,pop:892115d7fee11b1c6d7b3027,edition-target:lang:tcu-PA,POPULATION_OR_CONTEXT,ethnicity_or_identity_proxy,persons_indigenous_identity_proxy,,6899,,People identifying with the Naso Tjer Di people; not a speaker count.,2023,,,SRC_AMAR_PAN_INEC_2023,https://www.inec.gob.pa/Publicaciones/Default3.aspx?ID_CATEGORIA=19&ID_PUBLICACION=1212&ID_SUBCATEGORIA=71,,non_additive; never sum with another measure or measure class without a proved disjoint-person crosswalk,,V2_CANONICAL_EVIDENCE,false,7e4a9b0872bc1dad90abb12b55dc72f020206d6765526494df18ee80887ca15e
canonical:pop:893286d180740ea6a98491ce,v2_population,pop:893286d180740ea6a98491ce,edition-target:lang:alq-CA,POPULATION_OR_CONTEXT,speaker_or_reported_ability,persons_2021_language_knowledge,,1955,,People reporting knowledge of Anicinabemowin / Algonquin; mother-tongue count 1085. Counts randomly rounded.,2021,,,SRC_AMAR_CAN_ALGONQ_2021,https://www150.statcan.gc.ca/n1/pub/41-20-0002/412000022025002-eng.htm,,non_additive; never sum with another measure or measure class without a proved disjoint-person crosswalk,,V2_CANONICAL_EVIDENCE,false,3bb8347a415593b4ba8bf3b6aef1daf56009e062a3be2bfc027a7d6ab4127324
canonical:pop:8995695f4fb3e3afc983cbf4,v2_population,pop:8995695f4fb3e3afc983cbf4,edition-target:lang:lua-Latn-CD,POPULATION_OR_CONTEXT,persons_basis_not_stated,people,10000000,,,Plausible direct or bridge lower bound; rounded report synthesis,,,,,,,non_additive; never sum with another measure or measure class without a proved disjoint-person crosswalk,,V2_CANONICAL_EVIDENCE,false,2b980ab5667689d37247bdb6492d76d841e540c9715d22ecd9bb732baa4dc312
canonical:pop:8abc697a2c611942e19c1d54,v2_population,pop:8abc697a2c611942e19c1d54,edition-target:lang:ch-Latn-MP,POPULATION_OR_CONTEXT,home_or_first_language,persons_age5plus_home_language,9579,9579,9579,People aged 5+ reporting Chamorro at home in census table CT25,2020,,,OIO_300FF612F3CD,https://data.census.gov/table/DECENNIALCROSSTABMP2020.CT25,,non_additive; never sum with another measure or measure class without a proved disjoint-person crosswalk,,V2_CANONICAL_EVIDENCE,false,db0fda33aa95e7f193d1afbb51a8f349b8bc4d19d7419ab2bf2a4efd7c9d914f
canonical:pop:8b058efc7ea0d98e7600a46a,v2_population,pop:8b058efc7ea0d98e7600a46a,edition-target:lang:ixl-GT,POPULATION_OR_CONTEXT,home_or_first_language,persons_age4plus_mother_tongue,,114997,,People age 4+ reporting Ixil as mother tongue.,2018,,,SRC_AMAR_GTM_INE_2018,https://censo2018.ine.gob.gt/archivos/resultados_censo2018.pdf,,non_additive; never sum with another measure or measure class without a proved disjoint-person crosswalk,,V2_CANONICAL_EVIDENCE,false,28b7654c41720793835c05617afe36344e3e719a25aa64a97510ee1b647c3c18
canonical:pop:8c451478ea0cd432fc92e3d0,v2_population,pop:8c451478ea0cd432fc92e3d0,edition-target:lang:tsg-Arab-PH,POPULATION_OR_CONTEXT,ethnicity_or_identity_proxy,persons_ethnicity_proxy_nonadditive,,1615680,,Same ethnicity proxy as Latin row; non-additive script-access edition.,2020,,,PH_PSA_ETHNICITY_2020,https://psa.gov.ph/content/ethnicity-philippines-2020-census-population-and-housing,,non_additive; never sum with another measure or measure class without a proved disjoint-person crosswalk,,V2_CANONICAL_EVIDENCE,false,dafaf3cbf13971eb2c0ab0c6e0f4a82fc29428f8d36bf7b1cb59eb8fedd91f1f
canonical:pop:8da230406c25757d1588daac,v2_population,pop:8da230406c25757d1588daac,edition-target:lang:itz-GT,POPULATION_OR_CONTEXT,home_or_first_language,persons_age4plus_mother_tongue,,406,,People age 4+ reporting Itza’ as mother tongue.,2018,,,SRC_AMAR_GTM_INE_2018,https://censo2018.ine.gob.gt/archivos/resultados_censo2018.pdf,,non_additive; never sum with another measure or measure class without a proved disjoint-person crosswalk,,V2_CANONICAL_EVIDENCE,false,b000bb275b83b22fc85fc793e1a29bd7ef05e6f2cbc25e1b52dba3f82db65cbd
canonical:pop:8db6cc1f8fdc117b746f67c1,v2_population,pop:8db6cc1f8fdc117b746f67c1,edition-target:lang:unresolved-tag:inuvialuktun:canada-inuvialuktun-communities-and,POPULATION_OR_CONTEXT,speaker_or_reported_ability,persons_2021_language_knowledge,,355,,People reporting knowledge of Inuvialuktun; mother-tongue count 305. Counts randomly rounded.,2021,,,SRC_AMAR_CAN_INUKTUT_2021,https://www150.statcan.gc.ca/n1/pub/41-20-0002/412000022025004-eng.htm,,non_additive; never sum with another measure or measure class without a proved disjoint-person crosswalk,,V2_CANONICAL_EVIDENCE,false,9c8b35ef1fb3efb4ac36f74040013dd56c7e17235ed9b56dc6865634e04635a4
canonical:pop:8e4bc445ca800bc0bff1b5a0,v2_population,pop:8e4bc445ca800bc0bff1b5a0,edition-target:lang:niv-RU:variety:amur-nivkh,POPULATION_OR_CONTEXT,speaker_or_reported_ability,persons_within_named_people_reporting_same_named_language_knowledge_shared_where_noted,,683,,"Shared Nivkh language-knowledge count; ethnic population 3,863; not split from Sakhalin Nivkh.",2021,,,SRC_AMAR_RUS_ROSSTAT_2021,https://rosstat.gov.ru/storage/mediabank/Tom5_tab18_VPN-2020.xlsx,,non_additive; never sum with another measure or measure class without a proved disjoint-person crosswalk,,V2_CANONICAL_EVIDENCE,false,4301f6759d0a47ad8a9267027b47ed62b454cf08b23ec415c0ae3f5921b40bf9
canonical:pop:8f306fff71417542c7369c36,v2_population,pop:8f306fff71417542c7369c36,edition-target:lang:cag-AR,POPULATION_OR_CONTEXT,percentage_only,percent_of_self_identified_people_speak_or_understand_own_language,,75.1,,Share of the self-identified Argentina Nivaclé people who speak or understand the people's language; denominator count is not encoded here.,2022,,,SRC_AMAR_ARG_INDEC_2022,https://www.indec.gob.ar/ftp/cuadros/poblacion/censo2022_poblacion_indigena.pdf,,non_additive; never sum with another measure or measure class without a proved disjoint-person crosswalk,,V2_CANONICAL_EVIDENCE,false,53ca8e4075eb626defd4e6164330ba62915945631671f1cbc1dd92a8bf37b762
canonical:pop:8fef3cf7bd7d08c8995990c4,v2_population,pop:8fef3cf7bd7d08c8995990c4,edition-target:lang:ja-Jpan-JP,POPULATION_OR_CONTEXT,enrolment,persons,,54888,,Public elementary pupils officially identified as needing Japanese instruction; foreign and Japanese nationality combined,2025,,,JPN-S003,https://www.mext.go.jp/b_menu/houdou/31/09/1421569_00007.htm,,non_additive; never sum with another measure or measure class without a proved disjoint-person crosswalk,,V2_CANONICAL_EVIDENCE,false,316baf41b742ff7ea548fbfab631f896f1a8bc784124a9982016a52263884a0d
canonical:pop:9040a65326137c80f9465566,v2_population,pop:9040a65326137c80f9465566,edition-target:lang:kek-BZ,POPULATION_OR_CONTEXT,percentage_only,percent_population_age4plus_multiple_response_speaking_ability,,6.3,,"Share of population age 4+ reporting ability to speak Belize Q’eqchi’; multiple languages allowed, not a mother-tongue share.",2022,,,SRC_AMAR_BLZ_SIB_2022,https://sib.org.bz/wp-content/uploads/CensusKeyFindingsReport_2022.pdf,,non_additive; never sum with another measure or measure class without a proved disjoint-person crosswalk,,V2_CANONICAL_EVIDENCE,false,148fc589822e4ad482c0349b2b92b1d5b01a2bae41d598691827b5991efbe854
canonical:pop:906ddb6aa03210a07475e7c8,v2_population,pop:906ddb6aa03210a07475e7c8,edition-target:lang:unresolved-tag:ka-apor-sign-language:brazil-ka-apor-community,POPULATION_OR_CONTEXT,community_population_context,persons_kaapor_community_context,2000,,2300,Ka’apor community population range; context only and not the sign-language user count.,,,,SRC_AMAR_BRA_KAAPOR_SIGN,https://periodicos.sbu.unicamp.br/ojs/index.php/liames/article/view/8667939,,non_additive; never sum with another measure or measure class without a proved disjoint-person crosswalk,,V2_CANONICAL_EVIDENCE,false,756d124b216f2479128ccd7db24cd023067e7d34dab05ff86d6f234227905d91
canonical:pop:91cfce1959e1362d9fee24d2,v2_population,pop:91cfce1959e1362d9fee24d2,edition-target:lang:eve-RU,POPULATION_OR_CONTEXT,speaker_or_reported_ability,persons_within_named_people_reporting_same_named_language_knowledge_shared_where_noted,,4645,,"Even people reporting knowledge of Even; ethnic population 19,975.",2021,,,SRC_AMAR_RUS_ROSSTAT_2021,https://rosstat.gov.ru/storage/mediabank/Tom5_tab18_VPN-2020.xlsx,,non_additive; never sum with another measure or measure class without a proved disjoint-person crosswalk,,V2_CANONICAL_EVIDENCE,false,1982f8e5c1b7e7650d29a71455d84e313a64a714f451a917b733abc21bc7af9f
canonical:pop:9224e603e1f11ab52ebba918,v2_population,pop:9224e603e1f11ab52ebba918,edition-target:lang:gil-Latn-KI,POPULATION_OR_CONTEXT,territorial_exposure_ceiling,persons_resident_territory_ceiling,119981,119981,119981,Kiribati resident population; not a language-speaker count,2020,,,OIO_145762DD5ECE,https://www.mfed.gov.ki/sites/default/files/Kiribati%20NIIP_web_full%20version.pdf,,non_additive; never sum with another measure or measure class without a proved disjoint-person crosswalk,,V2_CANONICAL_EVIDENCE,false,7e31e98edc81e7440c82cd7c5f49de8012edc979c275293bff035c61628cedf7
canonical:pop:923776de7b107f6ce3c0c03a,v2_population,pop:923776de7b107f6ce3c0c03a,edition-target:lang:und-SD,POPULATION_OR_CONTEXT,status_cohort,people,9100000,9100000,9100000,Conflict/violence IDPs in Sudan at end-2025; not a language count.,2025,,,SRC_UNHCR_GLOBAL_2025,https://www.unhcr.org/global-trends,,non_additive; never sum with another measure or measure class without a proved disjoint-person crosswalk,,V2_CANONICAL_EVIDENCE,false,f40f79b82b4ffa55d458bd264dcbe7a1ac8a7c3730140e8624691141db53a137
canonical:pop:94146a163ffd03be00c97ee2,v2_population,pop:94146a163ffd03be00c97ee2,edition-target:lang:gug-PY,POPULATION_OR_CONTEXT,persons_basis_not_stated,persons_age5plus_predominantly_guarani_household_language,,1587817,,"People age 5+ in predominantly Guaraní-speaking households; an additional 2,204,477 lived in bilingual Guaraní-Spanish households; excluded areas prevent national total.",2025,,,SRC_AMAR_PRY_INE_2025,https://www.ine.gov.py/ende/contenido.php?c=2754&title=El_Paraguay_mantiene_su_diversidad_ling%C3%BC%C3%ADstica_con_predominio_del_bilinguismo_en_los_hogares,,non_additive; never sum with another measure or measure class without a proved disjoint-person crosswalk,,V2_CANONICAL_EVIDENCE,false,42afdce655110403665f6d4f17a6fe1b20c89b8e24cfdcadd960fd55a60a5d3d
canonical:pop:949e89951282a978265b5aa9,v2_population,pop:949e89951282a978265b5aa9,edition-target:lang:nen-Latn-NC,POPULATION_OR_CONTEXT,speaker_or_reported_ability,persons_age15plus_speaking,9400,9400,9400,People aged 15+ reported speaking the named language,2019,,,OIO_9D74E354F4EB,https://www.isee.nc/component/phocadownload/category/269-recensement-de-la-population?download=2186%3Arp-2019-la-population-vivant-en-tribus,,non_additive; never sum with another measure or measure class without a proved disjoint-person crosswalk,,V2_CANONICAL_EVIDENCE,false,d803479fd5d9c4e7906268a3b5216465088a317a12ca72cc7dfc9ba21725dc2b
canonical:pop:94b7d73fd9b3ff84c43fb5c0,v2_population,pop:94b7d73fd9b3ff84c43fb5c0,edition-target:lang:ja-Jpan-JP,POPULATION_OR_CONTEXT,persons_basis_not_stated,persons,,5229000,,Approximate 7 percent of the 74.7 million adults represented by OECD Survey of Adult Skills 2023,2022-23,,,JPN-S015,https://www.oecd.org/en/publications/2024/12/survey-of-adults-skills-2023-country-notes_df7b4a60/japan_c63b2ef1.html,,non_additive; never sum with another measure or measure class without a proved disjoint-person crosswalk,,V2_CANONICAL_EVIDENCE,false,f58a880ec30040e68adee94ae1d958f72af90c2c27f9ba453dae037939f8f750
canonical:pop:954585fc4acbb2ba4709f754,v2_population,pop:954585fc4acbb2ba4709f754,edition-target:lang:unresolved-tag:providencia-island-sign-network-proposed-island-sign-language:providencia-island-colombia,POPULATION_OR_CONTEXT,disability_proxy,deaf_residents_small_island_cohort,,13,,"Thirteen deaf residents in an island population about 4,500; 11 deaf and five hearing signers recorded; language status disputed.",2019,,,SRC_AMAR_PROVIDENCIA_SIGN,https://www.researchgate.net/publication/379127221_Sampling_Signers_in_Providence_Island_Reflections_on_a_Small-Scale_Documentation_Project,,non_additive; never sum with another measure or measure class without a proved disjoint-person crosswalk,,V2_CANONICAL_EVIDENCE,false,b072442bf79209d992889ad1fb4fe6b41dc0d99826bc671c386f80e2ea543cb1
canonical:pop:967cd12ca72068ea73e6449d,v2_population,pop:967cd12ca72068ea73e6449d,edition-target:lang:am-Ethi-ET,POPULATION_OR_CONTEXT,persons_basis_not_stated,people,,21634396,,2007 Ethiopia mother-tongue count,2007,,,SRC_ESS_CENSUS_2007,https://drs.ess.gov.et/bitstreams/61d74990-69a7-4f11-8e91-9234ca31d94f/download,,non_additive; never sum with another measure or measure class without a proved disjoint-person crosswalk,,V2_CANONICAL_EVIDENCE,false,4d9cf1dfa5faba715cbb5db3a714e0f1dbc375f9ac00507cc0c257249a26620f
canonical:pop:97d5d3542876336b204505b1,v2_population,pop:97d5d3542876336b204505b1,edition-target:lang:ase-CA,POPULATION_OR_CONTEXT,home_or_first_language,persons_sign_language_mother_tongue,,4965,,ASL mother-tongue respondents; not all users.,2021,,,SRC_AMAR_CAN_SIGN_2021,https://www12.statcan.gc.ca/census-recensement/2021/dp-pd/prof/details/page.cfm?DGUIDlist=2021A000224%2C2021A000011124&GENDERlist=1%2C2%2C3&HEADERlist=15%2C13%2C18%2C12%2C16%2C14%2C17&Lang=E&STATISTIClist=1%2C4&SearchText=,,non_additive; never sum with another measure or measure class without a proved disjoint-person crosswalk,,V2_CANONICAL_EVIDENCE,false,a8d080d9c023a784820a7eaa5d3d4c277f0ea4f05d5e69acfafea6f47b6cc63b
canonical:pop:986f139dd9ee10ddd7948966,v2_population,pop:986f139dd9ee10ddd7948966,edition-target:lang:ary-Arab-MA,POPULATION_OR_CONTEXT,nonexclusive_use,people,33000000,34000000,35000000,Derived screening band from 91.9% non-exclusive Darija use in RGPH 2024 and national population; not L1.,2024,,,SRC_MOROCCO_RGPH_2024,https://www.hcp.ma/region-agadir/docs/docs/Note%20de%20synthese-%20Resultats%20du%20RGPH%202024%20%28Version%20Francaise%29%20%281.pdf,,non_additive; never sum with another measure or measure class without a proved disjoint-person crosswalk,,V2_CANONICAL_EVIDENCE,false,3505a4e7aca73be8d9c5644c23e9926f0d95ae989af9928dec7a07ddc4994585
canonical:pop:996d913ccbe65d80921b8e2d,v2_population,pop:996d913ccbe65d80921b8e2d,edition-target:lang:unresolved-tag:arha:new-caledonia-arha-using-communities,POPULATION_OR_CONTEXT,speaker_or_reported_ability,persons_age15plus_speaking,20,20,20,People aged 15+ reported speaking the named language,2019,,,OIO_9D74E354F4EB,https://www.isee.nc/component/phocadownload/category/269-recensement-de-la-population?download=2186%3Arp-2019-la-population-vivant-en-tribus,,non_additive; never sum with another measure or measure class without a proved disjoint-person crosswalk,,V2_CANONICAL_EVIDENCE,false,f06fb5e26fc2c6e6ee1188554d98a618da915c14ff523f360ce2f0d537917878
canonical:pop:9b57986f4e4befb44530dc24,v2_population,pop:9b57986f4e4befb44530dc24,edition-target:lang:caa-GT,POPULATION_OR_CONTEXT,home_or_first_language,persons_age4plus_mother_tongue,,16663,,People age 4+ reporting Ch’orti’ as mother tongue.,2018,,,SRC_AMAR_GTM_INE_2018,https://censo2018.ine.gob.gt/archivos/resultados_censo2018.pdf,,non_additive; never sum with another measure or measure class without a proved disjoint-person crosswalk,,V2_CANONICAL_EVIDENCE,false,5a02f8aac0e998c7786c87721b8618d51e4e6edc5058b7c4de1354b58a1782f1
canonical:pop:9bb7e4d888ff8605ae272c35,v2_population,pop:9bb7e4d888ff8605ae272c35,edition-target:lang:unresolved-tag:all-languages-package-must-preserve-every-localized-text-font-caption-si:global-especially-rural-low-income-d,POPULATION_OR_CONTEXT,offline_population_proxy,persons_not_using_internet_previous_3_months,,2200000000,,"ITU 2025 modelled estimate of people who did not use the Internet in the previous three months; Internet use, coverage, household access, device ownership, affordability, and skill are distinct measures.",2025,,,ITU_FF_2025,https://www.itu.int/itu-d/reports/statistics/facts-figures-2025/,,non_additive; never sum with another measure or measure class without a proved disjoint-person crosswalk,,V2_CANONICAL_EVIDENCE,false,3fd126aeb301fdfa2e53dd4c2cee31173bf42ea0c976e9ffb4b804bb2191055a
canonical:pop:9c716ea01474c94ecbdbc6b0,v2_population,pop:9c716ea01474c94ecbdbc6b0,edition-target:lang:mad-Latn-ID,POPULATION_OR_CONTEXT,home_or_first_language,persons_daily_home_language_age5plus,,7743533,,BPS daily-home-language count for people age five and above.,2010,,,IDN_BPS_LANG_2010,https://www.bps.go.id/en/publication/2012/05/23/55eca38b7fe0830834605b35/nationality--ethnicity--religion--and-dailylanguage-of-indonesian-population.html,,non_additive; never sum with another measure or measure class without a proved disjoint-person crosswalk,,V2_CANONICAL_EVIDENCE,false,394a23d827d8b0e1f5ff98bfffc060746773e5117d767574720a73f76c6d6bdc
canonical:pop:9d4ded733152910f1b3b0d5a,v2_population,pop:9d4ded733152910f1b3b0d5a,edition-target:lang:gym-PA,POPULATION_OR_CONTEXT,ethnicity_or_identity_proxy,persons_indigenous_identity_proxy,,444878,,People identifying with the Ngäbere people; not a speaker count.,2023,,,SRC_AMAR_PAN_INEC_2023,https://www.inec.gob.pa/Publicaciones/Default3.aspx?ID_CATEGORIA=19&ID_PUBLICACION=1212&ID_SUBCATEGORIA=71,,non_additive; never sum with another measure or measure class without a proved disjoint-person crosswalk,,V2_CANONICAL_EVIDENCE,false,30c99b51805812bec736db7669bd9314bfb09f81c44f128c4588ea0adb30b5ea
canonical:pop:9d8ad92cc3e2a7fd2d6fd8be,v2_population,pop:9d8ad92cc3e2a7fd2d6fd8be,edition-target:lang:id-Latn-ID,POPULATION_OR_CONTEXT,enrolment,SMK learner records,,4991122,,Administrative SMK student total displayed in the ministry dashboard snapshot.,2026-04-16 snapshot,,,KEMDIK_DAPODIK_2026,https://pd.data.kemdikbud.go.id/index.php?r=site%2Fdata,,non_additive; never sum with another measure or measure class without a proved disjoint-person crosswalk,,V2_CANONICAL_EVIDENCE,false,f190e5adf9e3188c88270d3477a9befa22fdcb90ac6a3bafe69fa2e9d1c91a3a
canonical:pop:9db074df99ff7d37d3e242a7,v2_population,pop:9db074df99ff7d37d3e242a7,edition-target:macro:AMAR_MEX_OTOMI_LOCALITY_REQUIRED,POPULATION_OR_CONTEXT,speaker_or_reported_ability,persons_age3plus_language_speakers_aggregate,,298861,,People age 3+ reported under the census aggregate Otomí; not assignable to a local variety.,2020,,,SRC_AMAR_MEX_INEGI_2020,https://www.inegi.org.mx/contenidos/programas/ccpv/2020/doc/Censo2020_Principales_resultados_EUM.pdf,,non_additive; never sum with another measure or measure class without a proved disjoint-person crosswalk,,V2_CANONICAL_EVIDENCE,false,bed62616013a02bda3becddb9070564555930ecc561c8284867c6f9b63b33c9f
canonical:pop:9de4feeb1da6e16d31b714f6,v2_population,pop:9de4feeb1da6e16d31b714f6,edition-target:lang:zh-Hans-CN:written,POPULATION_OR_CONTEXT,enrolment,persons,,3546000,,Master's students enrolled in 2025,2025,,,SRC_MOE_EDU_2025,https://www.moe.gov.cn/jyb_sjzl/sjzl_fztjgb/202607/t20260706_1442870.html,,non_additive; never sum with another measure or measure class without a proved disjoint-person crosswalk,,V2_CANONICAL_EVIDENCE,false,8b6d31e2ce8b3b682bba85c13120962e5943775624642b19d6e87fe41c983844
canonical:pop:9e349abef5cd58a8ac3f2848,v2_population,pop:9e349abef5cd58a8ac3f2848,edition-target:lang:tk-Latn-TM,POPULATION_OR_CONTEXT,l1,people,6297965,6297965,6297965,Direct mother-tongue count in Census 2022.,2022,,,SRC_TURKMEN_CENSUS_2022,https://www.stat.gov.tm/population-census-pdfs/results/en/4.pdf,,non_additive; never sum with another measure or measure class without a proved disjoint-person crosswalk,,V2_CANONICAL_EVIDENCE,false,67df19a9e056c2c34ba34c6c47d88befa699537cd0408b650c241f473d90f032
canonical:pop:9e445627cad3fa302ddb05c6,v2_population,pop:9e445627cad3fa302ddb05c6,edition-target:lang:unresolved-tag:bolivian-quechua-exact-regional-variety-required:bolivia-named-language-communities,POPULATION_OR_CONTEXT,speaker_or_reported_ability,persons_age6plus_greatest_use_language,,1170119,,People age 6+ reporting Bolivian Quechua as language of greatest use; not mother tongue.,2024,,,SRC_AMAR_BOL_INE_2024,https://anda.ine.gob.bo/index.php/catalog/163/variable/F8/V742?name=s01a_07_1,,non_additive; never sum with another measure or measure class without a proved disjoint-person crosswalk,,V2_CANONICAL_EVIDENCE,false,76b305e3e77d3b698d5973cfcca123e4f4774982924abbcf4f4be9e81c8d7bc8
canonical:pop:9ef36b874f6ef94a6573a71b,v2_population,pop:9ef36b874f6ef94a6573a71b,edition-target:lang:mag-Deva-IN,POPULATION_OR_CONTEXT,l1,persons_L1,12706825,12706825,12706825,Mother-tongue return inside Hindi umbrella,2011,,,IND_C16_2011,https://censusindia.gov.in/nada/index.php/catalog/10191,,non_additive; never sum with another measure or measure class without a proved disjoint-person crosswalk,,V2_CANONICAL_EVIDENCE,false,955f349f1e7a803bba753892190fade201bf4a9829577b9c4f3b564491fbf1ce
canonical:pop:9f3f028bdf12a1289408abe3,v2_population,pop:9f3f028bdf12a1289408abe3,edition-target:lang:pui-CO,POPULATION_OR_CONTEXT,speaker_or_reported_ability,persons_named_language_speaker_estimate,,6468,,Named-language speaker estimate in the national decennial language plan.,,,,SRC_AMAR_COL_LANG_PLAN,https://dokumen.pub/plan-decenal-de-lenguas-nativas-de-colombia-9789587534948.html,,non_additive; never sum with another measure or measure class without a proved disjoint-person crosswalk,,V2_CANONICAL_EVIDENCE,false,a1c2d8c34ea5f663ad98a3ff14f44e56845e346836774b8987a12f8d74d188b7
canonical:pop:a03709d73062a925ce93d4af,v2_population,pop:a03709d73062a925ce93d4af,edition-target:lang:ipk-US,POPULATION_OR_CONTEXT,speaker_or_reported_ability,persons_language_speaker_approximate,,2144,,Approximate public estimate attributed to Alaska Native Language Center data; not an ACS exact count.,,,,SRC_AMAR_US_ALASKA_EST,https://www.elections.ca/content.aspx?dir=comp%2Fmar2922&document=p8&lang=e&section=abo,,non_additive; never sum with another measure or measure class without a proved disjoint-person crosswalk,,V2_CANONICAL_EVIDENCE,false,f8c0898c5dd9a6d0f91b414c5fdbc4b7b59b81d15e4fceaf4054bc12b14e0604
canonical:pop:a0f69540c8c94eecf78cc8a8,v2_population,pop:a0f69540c8c94eecf78cc8a8,edition-target:lang:ss-Latn-ZA,POPULATION_OR_CONTEXT,percentage_only,percent,,2.8,,Share of South Africa population reporting siSwati as household language,2022,,,SRC_STATSSA_CENSUS_2022,https://www.statssa.gov.za/wp-content/uploads/2023/11/Mbalo-brief-November.pdf,,non_additive; never sum with another measure or measure class without a proved disjoint-person crosswalk,,V2_CANONICAL_EVIDENCE,false,609e44cec6e3d1272ddc7eb7326c97649426de080476dc4f759ad27819f5db62
canonical:pop:a15c6e4ee31082c4afde22dc,v2_population,pop:a15c6e4ee31082c4afde22dc,edition-target:lang:kn-Knda-IN,POPULATION_OR_CONTEXT,l1,persons_L1,43506272,43506272,43506272,Raw Census mother-tongue count,2011,,,IND_C16_2011,https://censusindia.gov.in/nada/index.php/catalog/10191,,non_additive; never sum with another measure or measure class without a proved disjoint-person crosswalk,,V2_CANONICAL_EVIDENCE,false,3b385473362bb071348ff660542a2a64f351d6f1f0cf44402f4817dd505fd50c
canonical:pop:a6b6435d855be4c853c0c779,v2_population,pop:a6b6435d855be4c853c0c779,edition-target:lang:unresolved-tag:chorote:argentina-people-self-identifying-as,POPULATION_OR_CONTEXT,percentage_only,percent_of_self_identified_people_speak_or_understand_own_language,,75.1,,Share of the self-identified Chorote people who speak or understand the people's language; denominator count is not encoded here.,2022,,,SRC_AMAR_ARG_INDEC_2022,https://www.indec.gob.ar/ftp/cuadros/poblacion/censo2022_poblacion_indigena.pdf,,non_additive; never sum with another measure or measure class without a proved disjoint-person crosswalk,,V2_CANONICAL_EVIDENCE,false,9672f3f24e169f8f5d629fae01953d75ddf836edbffd7828e6e150d34d3eb6cb
canonical:pop:a7ccf6f53787d76698104186,v2_population,pop:a7ccf6f53787d76698104186,edition-target:lang:vmw-Latn-MZ,POPULATION_OR_CONTEXT,direct_reach_synthesis,people,6000000,7000000,8000000,Rounded direct-reach range for Emakhuwa,,,,,,,non_additive; never sum with another measure or measure class without a proved disjoint-person crosswalk,,V2_CANONICAL_EVIDENCE,false,227a62ad84af0e5ee662fcf9bf4516b6343924124b7deb053e596aa0bb868d28
canonical:pop:a835e077ba3e6c32efee6233,v2_population,pop:a835e077ba3e6c32efee6233,edition-target:lang:srn-SR,POPULATION_OR_CONTEXT,households,households_main_language,,11802,,"Households using Sranan as main language; 50,143 households reported it second; not unique speakers.",2012,,,SRC_AMAR_SUR_CENSUS_2012,https://unstats.un.org/unsd/demographic-social/census/documents/Suriname/SUR-Census2012-vol3.pdf,,non_additive; never sum with another measure or measure class without a proved disjoint-person crosswalk,,V2_CANONICAL_EVIDENCE,false,977e01d3387cfac8342f3c27e934121a4437927b110ef606a48b5f10c32cae30
canonical:pop:a8afbb883774ec362df03bd6,v2_population,pop:a8afbb883774ec362df03bd6,edition-target:lang:yag-CL,POPULATION_OR_CONTEXT,speaker_or_reported_ability,persons_age5plus_speak_or_understand,,785,,People age 5+ who speak or understand Yagán.,2024,,,SRC_AMAR_CHL_INE_2024,https://censo2024.ine.gob.cl/wp-content/uploads/2025/12/sintesis_resultados_censo2024.pdf,,non_additive; never sum with another measure or measure class without a proved disjoint-person crosswalk,,V2_CANONICAL_EVIDENCE,false,1334ff91b7fb94037b67fa1e84697ad430f0ebfcd4f282812b9d3d15f61e4c4f
canonical:pop:a907d8aa1337cd5dc04f8208,v2_population,pop:a907d8aa1337cd5dc04f8208,edition-target:lang:ojw-CA,POPULATION_OR_CONTEXT,speaker_or_reported_ability,persons_2021_language_knowledge,,3630,,People reporting knowledge of Saulteau / Western Ojibway; mother-tongue count 2590. Counts randomly rounded.,2021,,,SRC_AMAR_CAN_ALGONQ_2021,https://www150.statcan.gc.ca/n1/pub/41-20-0002/412000022025002-eng.htm,,non_additive; never sum with another measure or measure class without a proved disjoint-person crosswalk,,V2_CANONICAL_EVIDENCE,false,e5084567ac7346545f18c64e8c4eb630725ab3f5df1ef0168accf7087b94c6a1
canonical:pop:aa3625f74f46b80865bc80f1,v2_population,pop:aa3625f74f46b80865bc80f1,edition-target:lang:zh-Hans-CN:written,POPULATION_OR_CONTEXT,enrolment,persons,,18701000,,Full-time teachers in formal education in 2025,2025,,,SRC_MOE_EDU_2025,https://www.moe.gov.cn/jyb_sjzl/sjzl_fztjgb/202607/t20260706_1442870.html,,non_additive; never sum with another measure or measure class without a proved disjoint-person crosswalk,,V2_CANONICAL_EVIDENCE,false,98c1ea8b253181faf6062898a438baf1f561a046df566ab47212fd1765bbc5eb
canonical:pop:aa904709cd64ce9f123a7a1e,v2_population,pop:aa904709cd64ce9f123a7a1e,edition-target:lang:nah-Latn-MX,POPULATION_OR_CONTEXT,macro_speaker_count,people,1651958,1651958,1651958,Age 3+ census-group speaker count.,2020,,,SRC_MEXICO_CENSUS_2020,https://cuentame.inegi.org.mx/descubre/poblacion/hablantes_de_lengua_indigena/,,non_additive; never sum with another measure or measure class without a proved disjoint-person crosswalk,,V2_CANONICAL_EVIDENCE,false,ec5f2971084859bf39ddf69944e50be9c301583a18878b543cfcc5d4e84f4be9
canonical:pop:aac6052dd56799696f7c5694,v2_population,pop:aac6052dd56799696f7c5694,edition-target:lang:crm-CA,POPULATION_OR_CONTEXT,speaker_or_reported_ability,persons_2021_language_knowledge,,415,,People reporting knowledge of Ilimowin / Moose Cree; mother-tongue count 185. Counts randomly rounded.,2021,,,SRC_AMAR_CAN_ALGONQ_2021,https://www150.statcan.gc.ca/n1/pub/41-20-0002/412000022025002-eng.htm,,non_additive; never sum with another measure or measure class without a proved disjoint-person crosswalk,,V2_CANONICAL_EVIDENCE,false,cf45cfbb86941fd9c9f0aa36b99ae1f8e2d27a76935ee6b2986d0607a63e2fba
canonical:pop:aacdbe0f9297248b46d20583,v2_population,pop:aacdbe0f9297248b46d20583,edition-target:lang:zh-Hans-CN:written,POPULATION_OR_CONTEXT,enrolment,persons,,17663600,,Higher-vocational and associate students enrolled in 2025,2025,,,SRC_MOE_EDU_2025,https://www.moe.gov.cn/jyb_sjzl/sjzl_fztjgb/202607/t20260706_1442870.html,,non_additive; never sum with another measure or measure class without a proved disjoint-person crosswalk,,V2_CANONICAL_EVIDENCE,false,6e4e31f80be53204ead9bc99c503ea576190c85c8d266e97b444fcd5de08dd68
canonical:pop:ab3f7ea7e89b8bb0fa118829,v2_population,pop:ab3f7ea7e89b8bb0fa118829,edition-target:lang:unresolved-tag:baikenu-uab-meto:timor-leste-baikenu-uab-meto-l1-comm,POPULATION_OR_CONTEXT,home_or_first_language,persons_L1,,69190,,2015 census L1 count reproduced in an open peer-reviewed study.,2015,,,TLS_CENSUS_LANGUAGE_STUDY,https://pmc.ncbi.nlm.nih.gov/articles/PMC9411783/,,non_additive; never sum with another measure or measure class without a proved disjoint-person crosswalk,,V2_CANONICAL_EVIDENCE,false,7fff4e62a1af0e99076ab9e653a5743f9a0906bf866f80980a05e00f8c5aa6f4
canonical:pop:ab4c9448490115421d6fbaf7,v2_population,pop:ab4c9448490115421d6fbaf7,edition-target:lang:sm-Latn-WS,POPULATION_OR_CONTEXT,territorial_exposure_ceiling,persons_resident_territory_ceiling,205557,205557,205557,Samoa resident population; not a Samoan-speaker count,2021,,,OIO_B1D3F3F2A172,https://www.sbs.gov.ws/documents/census/2021/Census_2021_Final_Report.pdf,,non_additive; never sum with another measure or measure class without a proved disjoint-person crosswalk,,V2_CANONICAL_EVIDENCE,false,6a4d721fb56c50c3b2264ad17ea4ed0e64d25f2b310ab57e429d6302ca5e6e6a
canonical:pop:ad4aa2a6b7a507fecbac9d31,v2_population,pop:ad4aa2a6b7a507fecbac9d31,edition-target:lang:mfe-Latn-MU,POPULATION_OR_CONTEXT,home_language_aggregate,persons_primary_or_only_creole_aggregate,968952,968952,968952,Census primary/only 'Creole' category for Republic tables excluding Agalega; includes Rodrigues and is not an exact Kreol Morisien count,2022,,,OIO_CA36C5E73C30,https://statsmauritius.govmu.org/Documents/Census_and_Surveys/Census2022/HPC_TR_Vol2_Demography_Yr22.pdf,,non_additive; never sum with another measure or measure class without a proved disjoint-person crosswalk,,V2_CANONICAL_EVIDENCE,false,51ac69e29247ee3bc7dd8bd65ce0538a48c1b67e5ab09bac700baf44a23f55b4
canonical:pop:adc307888f76840dde175608,v2_population,pop:adc307888f76840dde175608,edition-target:lang:ja-Jpan-JP,POPULATION_OR_CONTEXT,territorial_or_age_exposure_ceiling,persons,,36243000,,Residents aged 65 and older; opportunity universe rather than measured educational-need count,2024,,,JPN-S001,https://www.stat.go.jp/data/jinsui/2024np/index.html,,non_additive; never sum with another measure or measure class without a proved disjoint-person crosswalk,,V2_CANONICAL_EVIDENCE,false,e3fa4ac15c4720f5349abb2c33f0ef587c5d91bcf22f93984e1aaafa1ebb7593
canonical:pop:afafea95dd275726c602c270,v2_population,pop:afafea95dd275726c602c270,edition-target:lang:unresolved-tag:forest-nenets:russian-arctic-and-sub-arctic-forest,POPULATION_OR_CONTEXT,speaker_or_reported_ability,persons_within_named_people_reporting_same_named_language_knowledge_shared_where_noted,,23768,,"Shared same-named Nenets language-knowledge count; ethnic population 49,787; not split from Tundra Nenets.",2021,,,SRC_AMAR_RUS_ROSSTAT_2021,https://rosstat.gov.ru/storage/mediabank/Tom5_tab18_VPN-2020.xlsx,,non_additive; never sum with another measure or measure class without a proved disjoint-person crosswalk,,V2_CANONICAL_EVIDENCE,false,d23a7eefda6755d4d075a308cde835f7cc3d6783a07bdeb2547db0fdb7da3fc6
canonical:pop:b0d44a4ede0d71d52fcd5788,v2_population,pop:b0d44a4ede0d71d52fcd5788,edition-target:lang:unresolved-tag:guarani-occidental:paraguay-guarani-occidental-people,POPULATION_OR_CONTEXT,ethnicity_or_identity_proxy,persons_indigenous_identity_proxy,,4090,,People identifying with the Guaraní Occidental people; not a speaker count.,2022,,,SRC_AMAR_PRY_INDIG_2022,https://www.ine.gov.py/Publicaciones/Biblioteca/documento/237/Resultados-Finales-Censo-Indigena.pdf,,non_additive; never sum with another measure or measure class without a proved disjoint-person crosswalk,,V2_CANONICAL_EVIDENCE,false,7f2ce8d2d9e97eedc83fffacbf46439c50e9dcd42d4345f962d97271f7cd5621
canonical:pop:b133abe0a852d079e781a91f,v2_population,pop:b133abe0a852d079e781a91f,edition-target:lang:bfn-Latn-TL,POPULATION_OR_CONTEXT,home_or_first_language,persons_L1,,64686,,2015 census L1 count reproduced in an open peer-reviewed study.,2015,,,TLS_CENSUS_LANGUAGE_STUDY,https://pmc.ncbi.nlm.nih.gov/articles/PMC9411783/,,non_additive; never sum with another measure or measure class without a proved disjoint-person crosswalk,,V2_CANONICAL_EVIDENCE,false,cb1d883935ecb01ec4ac819bfd9658ca68241b18309c4db77152b1419a51106a
canonical:pop:b1345564bfe8cd3e3207cfd3,v2_population,pop:b1345564bfe8cd3e3207cfd3,edition-target:lang:id-Latn-ID,POPULATION_OR_CONTEXT,enrolment,master's plus doctoral enrolments,,479045,,"Sum of 405,551 master's and 73,494 doctoral programme enrolments reported by PDDikti for 2025.",2025,,,PDDIKTI_HE_2025,https://lldikti3.kemdiktisaintek.go.id/wp-content/uploads/2026/05/Buku-Statistik-Pendidikan-Tinggi-Tahun-2025.pdf,,non_additive; never sum with another measure or measure class without a proved disjoint-person crosswalk,,V2_CANONICAL_EVIDENCE,false,23f2ed1fd0f4b88eca34e6d423edc834513e02279f3e48c71506d46dbce98c4c
canonical:pop:b198cd8a95b8f03c4f6ba425,v2_population,pop:b198cd8a95b8f03c4f6ba425,edition-target:lang:nr-Latn-ZA,POPULATION_OR_CONTEXT,percentage_only,percent,,1.7,,Share of South Africa population reporting isiNdebele as household language,2022,,,SRC_STATSSA_CENSUS_2022,https://www.statssa.gov.za/wp-content/uploads/2023/11/Mbalo-brief-November.pdf,,non_additive; never sum with another measure or measure class without a proved disjoint-person crosswalk,,V2_CANONICAL_EVIDENCE,false,c85ee5be027c0af67daaafa05c5d2dc482badaf096d962d548aeacba6fce05d9
canonical:pop:b2bc51a8af09b7a1857ac96d,v2_population,pop:b2bc51a8af09b7a1857ac96d,edition-target:lang:id-Latn-ID,POPULATION_OR_CONTEXT,enrolment,represented in-school 15-year-olds,,3790800,,"PISA 2022 weighted target population represented by 13,439 sampled students in 410 schools; about 85% of all Indonesian 15-year-olds.",2022,,,OECD_PISA_2022,https://www.oecd.org/en/publications/pisa-2022-results-volume-i-and-ii-country-notes_ed6fbcc5-en/indonesia_c2e1ae0e-en.html,,non_additive; never sum with another measure or measure class without a proved disjoint-person crosswalk,,V2_CANONICAL_EVIDENCE,false,a649265923d2c453bf42009119a413fe5c182a4377a8f168e3c22d7a63af2964
canonical:pop:b2c1241d17e3e0cd61e9536b,v2_population,pop:b2c1241d17e3e0cd61e9536b,edition-target:lang:fud-Latn-WF,POPULATION_OR_CONTEXT,territorial_exposure_ceiling,persons_island_population_ceiling,3063,3063,3063,Futuna resident population; not a Futunan-speaker count,2023,,,OIO_AEAB1D32F6F8,https://www.insee.fr/fr/statistiques/8272934,,non_additive; never sum with another measure or measure class without a proved disjoint-person crosswalk,,V2_CANONICAL_EVIDENCE,false,0a4ee2ff3d6cf99bb0abc4a0a452724c7b8d8ed92cb24d81f4bb5b57ddecbb62
canonical:pop:b32ab588ff384a47fb4e0d3d,v2_population,pop:b32ab588ff384a47fb4e0d3d,edition-target:lang:as-Beng-IN,POPULATION_OR_CONTEXT,l1,persons_L1,14816414,14816414,14816414,Raw Census mother-tongue count,2011,,,IND_C16_2011,https://censusindia.gov.in/nada/index.php/catalog/10191,,non_additive; never sum with another measure or measure class without a proved disjoint-person crosswalk,,V2_CANONICAL_EVIDENCE,false,24ed2613b9441532d2d34781cfeb7e930ded6c09bdcabcc4b7008073086344a2
canonical:pop:b48441f340bdabc0377d6cd6,v2_population,pop:b48441f340bdabc0377d6cd6,edition-target:lang:id-Latn-ID,POPULATION_OR_CONTEXT,status_cohort,reported people affected or displaced,,8136271,,BNPB's finalized 2024 sum of people affected or displaced across recorded disasters.,2024,,,BNPB_DISASTER_2024,https://bnpb.go.id/storage/app/media/Buletin%20Info%20Bencana/Buku%20Data%20Bencana%202024/20250613_Buku%20Data%202024.pdf,,non_additive; never sum with another measure or measure class without a proved disjoint-person crosswalk,,V2_CANONICAL_EVIDENCE,false,bcdce9da41a78b455ce42283d844f3a79a5a7f2adc2bba69152ec491a60c0fc1
canonical:pop:b55df3c620acbeaa7bc68f6c,v2_population,pop:b55df3c620acbeaa7bc68f6c,edition-target:lang:tn-Latn-ZA,POPULATION_OR_CONTEXT,percentage_only,percent,,8.3,,Share of South Africa population reporting Setswana as household language,2022,,,SRC_STATSSA_CENSUS_2022,https://www.statssa.gov.za/wp-content/uploads/2023/11/Mbalo-brief-November.pdf,,non_additive; never sum with another measure or measure class without a proved disjoint-person crosswalk,,V2_CANONICAL_EVIDENCE,false,f776afedcba861e37d862c9e1e1563dd37b983585f43bc1e54b63840fa31a3e7
canonical:pop:b6d0c116290d0ccb5c33f5fe,v2_population,pop:b6d0c116290d0ccb5c33f5fe,edition-target:lang:alc-CL,POPULATION_OR_CONTEXT,speaker_or_reported_ability,persons_age5plus_speak_or_understand,,656,,People age 5+ who speak or understand Kawésqar.,2024,,,SRC_AMAR_CHL_INE_2024,https://censo2024.ine.gob.cl/wp-content/uploads/2025/12/sintesis_resultados_censo2024.pdf,,non_additive; never sum with another measure or measure class without a proved disjoint-person crosswalk,,V2_CANONICAL_EVIDENCE,false,4e06947486cf7a9a6414bf9d7b1733c699e89947e9cd42bc8037c6d7205d3d64
canonical:pop:b7c1eaea387e73b8613377ef,v2_population,pop:b7c1eaea387e73b8613377ef,edition-target:lang:mns-RU,POPULATION_OR_CONTEXT,speaker_or_reported_ability,persons_within_named_people_reporting_same_named_language_knowledge_shared_where_noted,,1236,,"Mansi people reporting knowledge of Mansi; ethnic population 12,308.",2021,,,SRC_AMAR_RUS_ROSSTAT_2021,https://rosstat.gov.ru/storage/mediabank/Tom5_tab18_VPN-2020.xlsx,,non_additive; never sum with another measure or measure class without a proved disjoint-person crosswalk,,V2_CANONICAL_EVIDENCE,false,47a15b541923f66ffc3dd40e575d8029aa0760e402d9db14edd8c28245635896
canonical:pop:b8c01a4124e6739102ae7d98,v2_population,pop:b8c01a4124e6739102ae7d98,edition-target:lang:ml-Mlym-IN,POPULATION_OR_CONTEXT,l1,persons_L1,34776533,34776533,34776533,Raw Census mother-tongue count,2011,,,IND_C16_2011,https://censusindia.gov.in/nada/index.php/catalog/10191,,non_additive; never sum with another measure or measure class without a proved disjoint-person crosswalk,,V2_CANONICAL_EVIDENCE,false,7d3c8568c1a4c6e17cd99edca1410d6d249c99eca538eabdc34a7361bbee3dd0
canonical:pop:b90d6a7e151accd0a7ca3e09,v2_population,pop:b90d6a7e151accd0a7ca3e09,edition-target:lang:haw-Latn-US,POPULATION_OR_CONTEXT,enrolment,learners_hawaiian_medium,3772,3772,3772,"2,452 department-school plus 1,320 charter-school Hawaiian-medium learners",2024–25,,,OIO_E48D7AE0994A,https://hawaiipublicschools.org/academics/hawaiian-education/mo%CA%BBaukala-o-ka-papahana-kaiapuni/,,non_additive; never sum with another measure or measure class without a proved disjoint-person crosswalk,,V2_CANONICAL_EVIDENCE,false,bf939c3feb14e288c658a3c3d56bdbc7cbce6c3e6807b1f7d0fee74cbae98541
canonical:pop:b9782224e35c51f20fff91e0,v2_population,pop:b9782224e35c51f20fff91e0,edition-target:lang:pcm-Latn-NG,POPULATION_OR_CONTEXT,speaker_estimate_lower_bound,people,60000000,,,Institutional lower-bound statement: well over 60m residents speak Nigerian Pidgin effortlessly.,2025,,,SRC_NBC_PIDGIN_2025,https://www.nbc.gov.ng/wp-content/uploads/2025/10/ABJ-Complete-Vol-3-No-1-September-2025.pdf,,non_additive; never sum with another measure or measure class without a proved disjoint-person crosswalk,,V2_CANONICAL_EVIDENCE,false,724f4154c0fc66faee0fcd766b7eef36b49ba7ea069cae0b499b4bf2364d330f
canonical:pop:ba4061fcdecd26b34bbe6489,v2_population,pop:ba4061fcdecd26b34bbe6489,edition-target:lang:yrk-RU,POPULATION_OR_CONTEXT,speaker_or_reported_ability,persons_within_named_people_reporting_same_named_language_knowledge_shared_where_noted,,23768,,"Shared same-named Nenets language-knowledge count; ethnic population 49,787; not split from Forest Nenets.",2021,,,SRC_AMAR_RUS_ROSSTAT_2021,https://rosstat.gov.ru/storage/mediabank/Tom5_tab18_VPN-2020.xlsx,,non_additive; never sum with another measure or measure class without a proved disjoint-person crosswalk,,V2_CANONICAL_EVIDENCE,false,afaeaecbfcc78724bbe3479cd12415247570dfed5e3228db78832e264bc2a017
canonical:pop:bb11c7c009055ee8da5fbca3,v2_population,pop:bb11c7c009055ee8da5fbca3,edition-target:lang:aa-Latn-ET,POPULATION_OR_CONTEXT,persons_basis_not_stated,people,,1281284,,2007 Ethiopia mother-tongue count,2007,,,SRC_ESS_CENSUS_2007,https://drs.ess.gov.et/bitstreams/61d74990-69a7-4f11-8e91-9234ca31d94f/download,,non_additive; never sum with another measure or measure class without a proved disjoint-person crosswalk,,V2_CANONICAL_EVIDENCE,false,286a3a391cc1257f5cbe7d11a09f116a1eeb53f7c38a66edc9e0523e8e6a1368
canonical:pop:bb1f9c37fb86a780512196e9,v2_population,pop:bb1f9c37fb86a780512196e9,edition-target:lang:min-Latn-ID,POPULATION_OR_CONTEXT,home_or_first_language,persons_daily_home_language_age5plus,,4230000,,Rounded BPS daily-home-language count for people age five and above.,2010,,,IDN_BPS_LANG_2010,https://www.bps.go.id/en/publication/2012/05/23/55eca38b7fe0830834605b35/nationality--ethnicity--religion--and-dailylanguage-of-indonesian-population.html,,non_additive; never sum with another measure or measure class without a proved disjoint-person crosswalk,,V2_CANONICAL_EVIDENCE,false,d73c59aeea94236cce48f947a41f350f87bc3ad7e42cb5fe07b30287315ae85d
canonical:pop:bb761324b92645d05f18b46e,v2_population,pop:bb761324b92645d05f18b46e,edition-target:lang:id-Latn-ID,POPULATION_OR_CONTEXT,enrolment,higher-education enrolments,,10754154,,All programme enrolments reported by PDDikti for 2025.,2025,,,PDDIKTI_HE_2025,https://lldikti3.kemdiktisaintek.go.id/wp-content/uploads/2026/05/Buku-Statistik-Pendidikan-Tinggi-Tahun-2025.pdf,,non_additive; never sum with another measure or measure class without a proved disjoint-person crosswalk,,V2_CANONICAL_EVIDENCE,false,47bebef998a1ffdbe958652f3239c3a27fb487e56c1d1f5d39e795d9ad6a62c6
canonical:pop:bbe199a06c15dc411f4b0e33,v2_population,pop:bbe199a06c15dc411f4b0e33,edition-target:lang:prl-PE,POPULATION_OR_CONTEXT,l1,people,10447,10447,10447,People returning Peruvian Sign Language as mother tongue in Census 2017.,2017,,,SRC_PERU_CENSUS_2017,https://www.inei.gob.pe/media/MenuRecursivo/publicaciones_digitales/Est/Lib1803/libro.pdf,,non_additive; never sum with another measure or measure class without a proved disjoint-person crosswalk,,V2_CANONICAL_EVIDENCE,false,fecedce494f134970a775d4397c2a55b49744ded9dfaf8bdc47473a2e28d3ef8
canonical:pop:becc4683c53126aa8e06ec32,v2_population,pop:becc4683c53126aa8e06ec32,edition-target:lang:kek-GT,POPULATION_OR_CONTEXT,home_or_first_language,persons_age4plus_mother_tongue,,1127387,,People age 4+ reporting Q’eqchi’ as mother tongue.,2018,,,SRC_AMAR_GTM_INE_2018,https://censo2018.ine.gob.gt/archivos/resultados_censo2018.pdf,,non_additive; never sum with another measure or measure class without a proved disjoint-person crosswalk,,V2_CANONICAL_EVIDENCE,false,d3eb727166bbbdc2904cb9b1178d39ceb901ad78ec0dede66e62e577fb3f3621
canonical:pop:bf362e50303e45ff779d28ae,v2_population,pop:bf362e50303e45ff779d28ae,edition-target:lang:guc-VE,POPULATION_OR_CONTEXT,ethnicity_or_identity_proxy,persons_indigenous_identity_stale_proxy,,413437,,Wayuu identity count; not a Wayuunaiki speaker count.,2011,,,SRC_AMAR_VEN_INE_2011,https://celade.cepal.org/censosinfo/manuales/VE_EmpadronPobIndigena_2011.pdf,,non_additive; never sum with another measure or measure class without a proved disjoint-person crosswalk,,V2_CANONICAL_EVIDENCE,false,f3d12208368c6d0cbee7022abc3a50a9f941c7902f57356de363a75bea554df0
canonical:pop:bf3f6da85b3c7e110622c2a9,v2_population,pop:bf3f6da85b3c7e110622c2a9,edition-target:lang:pid-VE,POPULATION_OR_CONTEXT,ethnicity_or_identity_proxy,persons_indigenous_identity_stale_proxy,,19293,,Piaroa identity count; not a speaker count.,2011,,,SRC_AMAR_VEN_INE_2011,https://celade.cepal.org/censosinfo/manuales/VE_EmpadronPobIndigena_2011.pdf,,non_additive; never sum with another measure or measure class without a proved disjoint-person crosswalk,,V2_CANONICAL_EVIDENCE,false,e377293fbea0dcfc8e1c7b4f987fc8570d3e35d4087d0b37919a48b4b1740e64
canonical:pop:bfde747d90b71d839629a249,v2_population,pop:bfde747d90b71d839629a249,edition-target:lang:pri-Latn-NC,POPULATION_OR_CONTEXT,speaker_or_reported_ability,persons_age15plus_speaking,6500,6500,6500,People aged 15+ reported speaking the named language,2019,,,OIO_9D74E354F4EB,https://www.isee.nc/component/phocadownload/category/269-recensement-de-la-population?download=2186%3Arp-2019-la-population-vivant-en-tribus,,non_additive; never sum with another measure or measure class without a proved disjoint-person crosswalk,,V2_CANONICAL_EVIDENCE,false,b417e0ceca2d84abdf02d90e8a20bb0da0224d79cd24ec69049bd852a47dab00
canonical:pop:c106b99899cbaa7a7dff7d35,v2_population,pop:c106b99899cbaa7a7dff7d35,edition-target:lang:ayr-BO,POPULATION_OR_CONTEXT,speaker_or_reported_ability,persons_age6plus_greatest_use_language,,457358,,People age 6+ reporting Bolivian Aymara as language of greatest use; not mother tongue.,2024,,,SRC_AMAR_BOL_INE_2024,https://anda.ine.gob.bo/index.php/catalog/163/variable/F8/V742?name=s01a_07_1,,non_additive; never sum with another measure or measure class without a proved disjoint-person crosswalk,,V2_CANONICAL_EVIDENCE,false,28198c764f9b65893310f8a772ac861e61644e2ddc04c4481651e03e859d0261
canonical:pop:c13ca84f0a0ea2bced9b52f6,v2_population,pop:c13ca84f0a0ea2bced9b52f6,edition-target:lang:csw-CA,POPULATION_OR_CONTEXT,speaker_or_reported_ability,persons_2021_language_knowledge,,4670,,People reporting knowledge of Nehinawewin / Swampy Cree; mother-tongue count 3135. Counts randomly rounded.,2021,,,SRC_AMAR_CAN_ALGONQ_2021,https://www150.statcan.gc.ca/n1/pub/41-20-0002/412000022025002-eng.htm,,non_additive; never sum with another measure or measure class without a proved disjoint-person crosswalk,,V2_CANONICAL_EVIDENCE,false,f90dd013f972879ee6ae41f769410ba092b13de26a95296a6bd66e5cfa793133
canonical:pop:c1fc631ccd236095a8a9e2f6,v2_population,pop:c1fc631ccd236095a8a9e2f6,edition-target:lang:unresolved-tag:sishee:new-caledonia-sishee-using-communiti,POPULATION_OR_CONTEXT,speaker_or_reported_ability,persons_age15plus_speaking,10,10,10,People aged 15+ reported speaking the named language,2019,,,OIO_9D74E354F4EB,https://www.isee.nc/component/phocadownload/category/269-recensement-de-la-population?download=2186%3Arp-2019-la-population-vivant-en-tribus,,non_additive; never sum with another measure or measure class without a proved disjoint-person crosswalk,,V2_CANONICAL_EVIDENCE,false,faecdb85e3f9c5cd6f0614ad50a3dff4bd69a673c828168d4589f8cc77bb5249
canonical:pop:c2ba79cb9b626b5f9ce2846a,v2_population,pop:c2ba79cb9b626b5f9ce2846a,edition-target:lang:unresolved-tag:pai-tavytera:paraguay-pai-tavytera-people,POPULATION_OR_CONTEXT,ethnicity_or_identity_proxy,persons_indigenous_identity_proxy,,15706,,People identifying with the Paĩ Tavyterã people; not a speaker count.,2022,,,SRC_AMAR_PRY_INDIG_2022,https://www.ine.gov.py/Publicaciones/Biblioteca/documento/237/Resultados-Finales-Censo-Indigena.pdf,,non_additive; never sum with another measure or measure class without a proved disjoint-person crosswalk,,V2_CANONICAL_EVIDENCE,false,8c8f14e9bf98522b5875aab034d47e6910bccdcdb9e22cdfab5d8d19208a32a1
canonical:pop:c32dbfb48e27c345279800e1,v2_population,pop:c32dbfb48e27c345279800e1,edition-target:lang:hat-HT,POPULATION_OR_CONTEXT,territorial_exposure_ceiling,persons_total_national_population_proxy,,11867032,,"Official 2024 population; UNESCO cites Kreyòl as primary for 98%, including 80% exclusive, but no count is derived here.",2024,,,SRC_AMAR_HTI_IHSI_2024,https://ihsi.gouv.ht/public/storage/document-views/March2025/Oan4m17p5LEKtsGEnHgt.pdf,,non_additive; never sum with another measure or measure class without a proved disjoint-person crosswalk,,V2_CANONICAL_EVIDENCE,false,3d0e6ce58cabe1a1f8ed14f64c065810af58cb233a54a9665fbc494d7d695481
canonical:pop:c3af1aadbac0a0947cc2bc4e,v2_population,pop:c3af1aadbac0a0947cc2bc4e,edition-target:lang:az-Latn-AZ,POPULATION_OR_CONTEXT,l1_proxy,people,9436100,9436100,9436100,Ethnic Azerbaijanis reporting their ethnic language as native in Census 2019.,2019,,,SRC_AZERBAIJAN_2019,https://www.stat.gov.az/menu/6/statistical_yearbooks/source/stat-yearbook_2024.pdf,,non_additive; never sum with another measure or measure class without a proved disjoint-person crosswalk,,V2_CANONICAL_EVIDENCE,false,ae92f9994a67a8b871e2feafe27eb09f67ee9b18cbd63de86ba29c06d1ee6e79
canonical:pop:c591f725fcf8e0af6e59fe1f,v2_population,pop:c591f725fcf8e0af6e59fe1f,edition-target:lang:eu-Latn-ES,POPULATION_OR_CONTEXT,reported_ability,people,936812,936812,936812,People speaking or understanding Basque well in Census 2021.,2021,,,SRC_EUSTAT_BASQUE_2021,https://en.eustat.eus/estad/id_16/ti_Population%20and%20housing%20census.%20Basque/latest-press-release.html,,non_additive; never sum with another measure or measure class without a proved disjoint-person crosswalk,,V2_CANONICAL_EVIDENCE,false,284310169c501135d2a88c996351eb7c572ee2301cfe10ce4d88b8c87a4c73eb
canonical:pop:c5dda9e4ddf9846934b7f971,v2_population,pop:c5dda9e4ddf9846934b7f971,edition-target:lang:pap-BQ,POPULATION_OR_CONTEXT,percentage_only,percent_residents_age15plus_main_language_sample,,62.4,,2021 sample share age 15+ naming Papiamentu main language; 88.4% could speak it and 91.4% were multilingual.,2021,,,SRC_AMAR_BON_CBS_2021,https://www.cbs.nl/en-gb/longread/diversen/2025/the-dutch-caribbean-15-years-after-the-dissolution-of-the-netherlands-antilles/3-population,,non_additive; never sum with another measure or measure class without a proved disjoint-person crosswalk,,V2_CANONICAL_EVIDENCE,false,f2ad3db7fde9fad363d4387754e2262595e65e439625c85dc80632f58ce83be1
canonical:pop:c5f8aac39879ab4441abf389,v2_population,pop:c5f8aac39879ab4441abf389,edition-target:lang:jam-JM,POPULATION_OR_CONTEXT,percentage_only,percent_adults_jamaican_only_competence_survey,,36.5,,Representative 2007 survey share Jamaican-only; 46.4% bilingual and 17.1% Standard Jamaican English-only; not a current population count.,2007,,,SRC_AMAR_JAM_JLU_2007,https://www.mona.uwi.edu/dllp/sites/default/files/dllp/The%20Language%20Competence%20Survey%20of%20Jamaica%20-%20Data%20Analysis.pdf,,non_additive; never sum with another measure or measure class without a proved disjoint-person crosswalk,,V2_CANONICAL_EVIDENCE,false,bb95924b72d6a49cc8f6b5b26eef77d4af8a2fc31f1645314dd50acdcf2144f1
canonical:pop:c729e20bba5b319d043754c8,v2_population,pop:c729e20bba5b319d043754c8,edition-target:lang:ts-Latn-ZA,POPULATION_OR_CONTEXT,percentage_only,percent,,4.7,,Share of South Africa population reporting itsonga as household language,2022,,,SRC_STATSSA_CENSUS_2022,https://www.statssa.gov.za/wp-content/uploads/2023/11/Mbalo-brief-November.pdf,,non_additive; never sum with another measure or measure class without a proved disjoint-person crosswalk,,V2_CANONICAL_EVIDENCE,false,a6d9918a43527b94f5da17b5c00686f9c9a68f2667117c2aa05079e386c808dc
canonical:pop:c77ff8879f08726640f78e00,v2_population,pop:c77ff8879f08726640f78e00,edition-target:lang:tuf-CO,POPULATION_OR_CONTEXT,speaker_or_reported_ability,persons_named_language_speaker_estimate,,8713,,Named-language speaker estimate in the national decennial language plan.,,,,SRC_AMAR_COL_LANG_PLAN,https://dokumen.pub/plan-decenal-de-lenguas-nativas-de-colombia-9789587534948.html,,non_additive; never sum with another measure or measure class without a proved disjoint-person crosswalk,,V2_CANONICAL_EVIDENCE,false,023272a91b0ae89220e6c95263df495140430c2d055012f1177576a356b86c90
canonical:pop:c79b7c07655504542a6a59e7,v2_population,pop:c79b7c07655504542a6a59e7,edition-target:macro:AMAR_MEX_TOTONAC_LOCALITY_REQUIRED,POPULATION_OR_CONTEXT,speaker_or_reported_ability,persons_age3plus_language_speakers_aggregate,,256344,,People age 3+ reported under the census aggregate Totonac; not assignable to a local variety.,2020,,,SRC_AMAR_MEX_INEGI_2020,https://www.inegi.org.mx/contenidos/programas/ccpv/2020/doc/Censo2020_Principales_resultados_EUM.pdf,,non_additive; never sum with another measure or measure class without a proved disjoint-person crosswalk,,V2_CANONICAL_EVIDENCE,false,c34e6fe086a396ae3a3c95cab9abf1a7d82e5d3e5de284a9d40094c4278d83a2
canonical:pop:c79d42a751eb7a4d58189e79,v2_population,pop:c79d42a751eb7a4d58189e79,edition-target:lang:ms-Latn-SG,POPULATION_OR_CONTEXT,ethnicity_or_identity_proxy,persons_ethnicity_proxy_age5plus,,496659,,"2020 Malay residents age five and above; ethnicity, not direct speaker count.",2020,,,SGP_CENSUS_2020,https://www.singstat.gov.sg/-/media/files/publications/cop2020/sr1/cop2020sr1.pdf,,non_additive; never sum with another measure or measure class without a proved disjoint-person crosswalk,,V2_CANONICAL_EVIDENCE,false,2459d4e156318c9e3ad5a22aa977c3feee8b76dca3ea9717408650907df61a38
canonical:pop:c85173e47bc97f99f5576940,v2_population,pop:c85173e47bc97f99f5576940,edition-target:lang:ikt-CA,POPULATION_OR_CONTEXT,speaker_or_reported_ability,persons_2021_language_knowledge,,790,,People reporting knowledge of Inuinnaqtun; mother-tongue count 500. Counts randomly rounded.,2021,,,SRC_AMAR_CAN_INUKTUT_2021,https://www150.statcan.gc.ca/n1/pub/41-20-0002/412000022025004-eng.htm,,non_additive; never sum with another measure or measure class without a proved disjoint-person crosswalk,,V2_CANONICAL_EVIDENCE,false,f4506bfa94d53c0d9c4ae055115f454b6be6edbc9f5ad191d5dce18e27d23837
canonical:pop:c86b2fd35785f5e5da7724cf,v2_population,pop:c86b2fd35785f5e5da7724cf,edition-target:lang:unresolved-tag:any-target-written-language-easy-read-conventions-and-images-require-loc:global-instantiate-by-language-cogni,POPULATION_OR_CONTEXT,disability_proxy,persons_per_1000_population_intellectual_disability_meta_analysis,9.55,10.37,11.18,"Pooled intellectual-disability prevalence per 1,000 population from 52 population-based studies published 1980-2009; 95% CI 9.55-11.18; heterogeneous definitions, ascertainment, settings, ages, and income groups.",1980-2009,,,MAULIK_ID_2011,https://pubmed.ncbi.nlm.nih.gov/21236634/,,non_additive; never sum with another measure or measure class without a proved disjoint-person crosswalk,,V2_CANONICAL_EVIDENCE,false,0bcfbaf261d7ad44acf4a213e20e454ebd5e37370536efd0d80c6d8272d9c26b
canonical:pop:c8a807b2f8dcd796e65bffee,v2_population,pop:c8a807b2f8dcd796e65bffee,edition-target:lang:jv-Latn-ID,POPULATION_OR_CONTEXT,home_or_first_language,persons_daily_home_language_age5plus,,68044660,,BPS daily-home-language count for people age five and above.,2010,,,IDN_BPS_LANG_2010,https://www.bps.go.id/en/publication/2012/05/23/55eca38b7fe0830834605b35/nationality--ethnicity--religion--and-dailylanguage-of-indonesian-population.html,,non_additive; never sum with another measure or measure class without a proved disjoint-person crosswalk,,V2_CANONICAL_EVIDENCE,false,16a734410f1c51ecd09f6f2a0a07d3f14fa0f111396997c7afac16a3750a451f
canonical:pop:c90e9d86277f4f8a8e33d223,v2_population,pop:c90e9d86277f4f8a8e33d223,edition-target:lang:km-Khmr-VN-x-krom,POPULATION_OR_CONTEXT,ethnicity_or_identity_proxy,persons_ethnicity_proxy,,1319652,,2019 Khmer ethnicity proxy; it does not isolate every Khmer Krom language-use pattern.,2019,,,VNM_CENSUS_2019,https://tongdieutradanso.vn/uploads/data/6/files/files/Population%20and%20Housing%20Census%202019_final%20report.pdf,,non_additive; never sum with another measure or measure class without a proved disjoint-person crosswalk,,V2_CANONICAL_EVIDENCE,false,ee4c952b689c11f527a207e9488bcc5a987fff77890502d6430ad2aa4edf2585
canonical:pop:c91769bd9652ba96fdb7fcc5,v2_population,pop:c91769bd9652ba96fdb7fcc5,edition-target:lang:bal-Arab-PK,POPULATION_OR_CONTEXT,macro_l1,persons_L1,8117795,8117795,8117795,Census mother-tongue count; dialect split unavailable,2023,,,PBS_MT_2023,https://www.pbs.gov.pk/wp-content/uploads/census_tables/tables/table_11_national.pdf,,non_additive; never sum with another measure or measure class without a proved disjoint-person crosswalk,,V2_CANONICAL_EVIDENCE,false,f8ee096a6478166c4e73053536153c833a0903eb44ee1bea4f4e4d24e25d521d
canonical:pop:c95b5c0c1c9254756b4dddcf,v2_population,pop:c95b5c0c1c9254756b4dddcf,edition-target:lang:iku-CA,POPULATION_OR_CONTEXT,speaker_or_reported_ability,persons_2021_language_knowledge,,41675,,People reporting knowledge of Inuktitut; mother-tongue count 37520. Counts randomly rounded.,2021,,,SRC_AMAR_CAN_INUKTUT_2021,https://www150.statcan.gc.ca/n1/pub/41-20-0002/412000022025004-eng.htm,,non_additive; never sum with another measure or measure class without a proved disjoint-person crosswalk,,V2_CANONICAL_EVIDENCE,false,1218ca8fd3b1c2938f9a4449a135aa149004a3b4ca26148ca0e591ea2f584326
canonical:pop:ca276ac0780596aa9a7d1712,v2_population,pop:ca276ac0780596aa9a7d1712,edition-target:lang:ja-Jpan-JP,POPULATION_OR_CONTEXT,enrolment,persons,,2873619,,All upper-secondary students; opportunity universe rather than measured language-need count,2025,,,JPN-S002,https://www.mext.go.jp/b_menu/toukei/chousa01/kihon/kekka/k_detail/2025.htm,,non_additive; never sum with another measure or measure class without a proved disjoint-person crosswalk,,V2_CANONICAL_EVIDENCE,false,c7cad27170a49f5d39195afa2da5d219bdef8c33f328a2aaaf64a46fac96f68a
canonical:pop:cbb44940330a64b52c1b4568,v2_population,pop:cbb44940330a64b52c1b4568,edition-target:lang:ko-Kore-001,POPULATION_OR_CONTEXT,combined_territorial_exposure,people,74000000,77000000,80000000,Combined territorial national/education exposure ceiling; not direct speaker count.,2024,,,SRC_WPP_2024,https://www.un.org/development/desa/pd/content/world-population-prospects-2024-dataset,,non_additive; never sum with another measure or measure class without a proved disjoint-person crosswalk,,V2_CANONICAL_EVIDENCE,false,c47de4e4c9f0afd4de41042a38f024a8e39bfb8bd9c17abffe53be8d04ecf2cd
canonical:pop:cc607bc6838ff4211cf2ec30,v2_population,pop:cc607bc6838ff4211cf2ec30,edition-target:lang:nav-US,POPULATION_OR_CONTEXT,home_or_first_language,persons_age5plus_home_language,,161174,,People age 5+ reporting Diné Bizaad / Navajo at home in the 2017–2021 ACS.,2017-2021,,,SRC_AMAR_US_ACS_2017_2021,https://www.census.gov/library/stories/2025/06/native-american-language-use.html,,non_additive; never sum with another measure or measure class without a proved disjoint-person crosswalk,,V2_CANONICAL_EVIDENCE,false,354fbdd5f85dd4cc739e7ac280431767a571dbb91a17839d05f65eb75d3c29d5
canonical:pop:cc81651e8d8e3964a51cd6da,v2_population,pop:cc81651e8d8e3964a51cd6da,edition-target:lang:id-Latn-ID,POPULATION_OR_CONTEXT,territorial_exposure,million residents,,284.67,,"Total resident population from SUPAS 2025; this is a broad public-health audience universe, not the number with a health-literacy deficit.",2025,,,BPS_SUPAS_2025,https://www.bps.go.id/en/news/2026/08/07/927/supas-2025-jadi-fondasi-penguatan-kebijakan-penurunan-kematian-ibu-dan-anak.html,,non_additive; never sum with another measure or measure class without a proved disjoint-person crosswalk,,V2_CANONICAL_EVIDENCE,false,a4b99c45d8e012c3a047589c1fd161af4d92bd694d979c7f25985d9a9f9a5c3b
canonical:pop:cd6728809402b21335a03334,v2_population,pop:cd6728809402b21335a03334,edition-target:lang:mfe-Latn-MU-x-agalega,POPULATION_OR_CONTEXT,territorial_exposure_ceiling,persons_resident_territory_ceiling,330,330,330,Agalega resident population; census language tables exclude Agalega and this is not a language count,2022,,,OIO_CA36C5E73C30,https://statsmauritius.govmu.org/Documents/Census_and_Surveys/Census2022/HPC_TR_Vol2_Demography_Yr22.pdf,,non_additive; never sum with another measure or measure class without a proved disjoint-person crosswalk,,V2_CANONICAL_EVIDENCE,false,f6dfd2c7a021a797dd942e90db3433254ea3723ceb2531cc910f8ce94b1b02e7
canonical:pop:cddde9629c086ca9cefcabed,v2_population,pop:cddde9629c086ca9cefcabed,edition-target:lang:mrw-Latn-PH,POPULATION_OR_CONTEXT,ethnicity_or_identity_proxy,persons_ethnicity_proxy,,1800130,,2020 ethnicity proxy; not a home-language count.,2020,,,PH_PSA_ETHNICITY_2020,https://psa.gov.ph/content/ethnicity-philippines-2020-census-population-and-housing,,non_additive; never sum with another measure or measure class without a proved disjoint-person crosswalk,,V2_CANONICAL_EVIDENCE,false,d39ac1221a24925d7aebdfb565cf52499bee89213b40df78739252dc0e8f808b
canonical:pop:cde21dd6a4e6823e4c17442c,v2_population,pop:cde21dd6a4e6823e4c17442c,edition-target:lang:ru-Cyrl-001,POPULATION_OR_CONTEXT,macro_speaker_estimate_lower_bound,people,250000000,,,Institutional lower-bound estimate: more than 250m speakers globally.,2024,,,SRC_UNESCO_RUSSIAN_2024,https://www.unesco.org/sites/default/files/medias/fichiers/2024/06/0606_russian%20language.pdf,,non_additive; never sum with another measure or measure class without a proved disjoint-person crosswalk,,V2_CANONICAL_EVIDENCE,false,77157d447a697fb3e34a50befa6c3e6763bd7396fcf7bf9c932e2c16a7062cf5
canonical:pop:ce31e2e9824311f19db5adb1,v2_population,pop:ce31e2e9824311f19db5adb1,edition-target:lang:jra-Latn-VN,POPULATION_OR_CONTEXT,ethnicity_or_identity_proxy,persons_ethnicity_proxy,,513930,,2019 ethnicity proxy.,2019,,,VNM_CENSUS_2019,https://tongdieutradanso.vn/uploads/data/6/files/files/Population%20and%20Housing%20Census%202019_final%20report.pdf,,non_additive; never sum with another measure or measure class without a proved disjoint-person crosswalk,,V2_CANONICAL_EVIDENCE,false,4a5c21317916c201d45e8d3bc09cab4f1687a09b19913a9307c67a9c06e5b662
canonical:pop:cecf7f37c1730d64adeed622,v2_population,pop:cecf7f37c1730d64adeed622,edition-target:lang:zh-Hans-CN,POPULATION_OR_CONTEXT,status_cohort,persons,,138000000,,"Rounded published total of migrant, rural left-behind, and urban left-behind children affected by migration in the 2020 census-based analysis",2020,,,SRC_NBS_CHILD_MOBILITY_2020,https://www.stats.gov.cn/zs/tjwh/tjkw/tjzl/202304/P020230419425666818737.pdf,,non_additive; never sum with another measure or measure class without a proved disjoint-person crosswalk,,V2_CANONICAL_EVIDENCE,false,444c6f127abd25919026611d9f2bf6a825c2e4c409a8b176a8f9e114a6406d8b
canonical:pop:ced1a14b6775629fe2b395e3,v2_population,pop:ced1a14b6775629fe2b395e3,edition-target:lang:poh-GT,POPULATION_OR_CONTEXT,home_or_first_language,persons_age4plus_mother_tongue,,133074,,People age 4+ reporting Poqomchi’ as mother tongue.,2018,,,SRC_AMAR_GTM_INE_2018,https://censo2018.ine.gob.gt/archivos/resultados_censo2018.pdf,,non_additive; never sum with another measure or measure class without a proved disjoint-person crosswalk,,V2_CANONICAL_EVIDENCE,false,aba4798f0457a231ea6fc78efb9269b1db47714a65d1973cb39d143ed9f8ca76
canonical:pop:cefc4f3e136ec1fa2702d481,v2_population,pop:cefc4f3e136ec1fa2702d481,edition-target:lang:evn-RU,POPULATION_OR_CONTEXT,speaker_or_reported_ability,persons_within_named_people_reporting_same_named_language_knowledge_shared_where_noted,,5394,,"Evenki people reporting knowledge of Evenki; ethnic population 39,420.",2021,,,SRC_AMAR_RUS_ROSSTAT_2021,https://rosstat.gov.ru/storage/mediabank/Tom5_tab18_VPN-2020.xlsx,,non_additive; never sum with another measure or measure class without a proved disjoint-person crosswalk,,V2_CANONICAL_EVIDENCE,false,4bd92baebd90cd46e0389d8e982c8c77a008e3ca109ba0432cc49aae742b4144
canonical:pop:cf3112ce4f20670def11f58d,v2_population,pop:cf3112ce4f20670def11f58d,edition-target:lang:awa-Deva-IN,POPULATION_OR_CONTEXT,l1,persons_L1,3850906,3850906,3850906,Mother-tongue return inside Hindi umbrella,2011,,,IND_C16_2011,https://censusindia.gov.in/nada/index.php/catalog/10191,,non_additive; never sum with another measure or measure class without a proved disjoint-person crosswalk,,V2_CANONICAL_EVIDENCE,false,89a2fa6ffb7b17af01c7b0e84841253e3082ce812369ebc83685faf309365a48
canonical:pop:cfd49ccfa509189ed47f4dee,v2_population,pop:cfd49ccfa509189ed47f4dee,edition-target:lang:pa-Guru-IN,POPULATION_OR_CONTEXT,l1,persons_L1,31144095,31144095,31144095,Raw Census mother-tongue count; script not enumerated,2011,,,IND_C16_2011,https://censusindia.gov.in/nada/index.php/catalog/10191,,non_additive; never sum with another measure or measure class without a proved disjoint-person crosswalk,,V2_CANONICAL_EVIDENCE,false,6104f5fbe57e89c296acac90d695aaf9895de96a152e69d9e1c535777fc0f8aa
canonical:pop:d0b15f9fbe3faaf8c928a1e0,v2_population,pop:d0b15f9fbe3faaf8c928a1e0,edition-target:lang:su-Latn-ID,POPULATION_OR_CONTEXT,home_language,people,32412752,32412752,32412752,Home language among population age 5+ in Census 2010.,2010,,,SRC_BPS_ID_2010,https://www.bps.go.id/id/publication/2012/05/23/55eca38b7fe0830834605b35/kewarganegaraan-suku-bangsa-agama-dan-bahasa-%20sehari-hari-penduduk-indonesia.html,,non_additive; never sum with another measure or measure class without a proved disjoint-person crosswalk,,V2_CANONICAL_EVIDENCE,false,8f6800663b0b09cfc88d632eaaaf1e18f9b0b1bdf6a4c3b2c05ceeed1c91aff0
canonical:pop:d13966a32398741ac4f894d8,v2_population,pop:d13966a32398741ac4f894d8,edition-target:lang:yap-Latn-FM,POPULATION_OR_CONTEXT,home_or_first_language,persons_age5plus_home_language,4190,4190,4190,People aged 5+ reporting the named home language,2023,,,OIO_EA133B14931A,https://www.pacificweb.org/library/preview.php?file=fsm/states/2023FSMMunicipality.xlsx,,non_additive; never sum with another measure or measure class without a proved disjoint-person crosswalk,,V2_CANONICAL_EVIDENCE,false,028d0e23f411c88d9f5d75224e2620d75660c12ea3b2fdfb75f435427e759cb4
canonical:pop:d13a7085a4e2cc561361a665,v2_population,pop:d13a7085a4e2cc561361a665,edition-target:lang:yue-Hant-HK,POPULATION_OR_CONTEXT,usual_spoken,people,6328947,6328947,6328947,Usual spoken language among population age 5+ in Hong Kong Census 2021.,2021,,,SRC_HK_CENSUS_2021,https://www.censtatd.gov.hk/en/data/stat_report/product/B1120106/att/B11201062021XXXXB01.pdf,,non_additive; never sum with another measure or measure class without a proved disjoint-person crosswalk,,V2_CANONICAL_EVIDENCE,false,c347b7ae3c2c206ac54615e6942c4a9496cb20e6b8c034bd52aead35ba40b3ac
canonical:pop:d16073117461a91c1e0b7843,v2_population,pop:d16073117461a91c1e0b7843,edition-target:lang:unresolved-tag:tetun-terik:timor-leste-tetun-terik-l1-communiti,POPULATION_OR_CONTEXT,home_or_first_language,persons_L1,,71418,,2015 census L1 count reproduced in an open peer-reviewed study.,2015,,,TLS_CENSUS_LANGUAGE_STUDY,https://pmc.ncbi.nlm.nih.gov/articles/PMC9411783/,,non_additive; never sum with another measure or measure class without a proved disjoint-person crosswalk,,V2_CANONICAL_EVIDENCE,false,e154246657e89745c41c63fb61aa2b47cc2d71ab046db716503c6c6ecfcc419f
canonical:pop:d1a0cc4a0b69844ffd32a751,v2_population,pop:d1a0cc4a0b69844ffd32a751,edition-target:lang:vi-Latn-VN,POPULATION_OR_CONTEXT,home_or_first_language,persons_total_population_exposure_ceiling,,96208984,,"2019 total population; an exposure ceiling, not a Vietnamese L1 or proficiency count.",2019,,,VNM_CENSUS_2019,https://tongdieutradanso.vn/uploads/data/6/files/files/Population%20and%20Housing%20Census%202019_final%20report.pdf,,non_additive; never sum with another measure or measure class without a proved disjoint-person crosswalk,,V2_CANONICAL_EVIDENCE,false,e4871379b45e832ef5bb11a3d3bd0db6b02fdb973b45058c7a31dc1cd5c4f700
canonical:pop:d3ca0b8bb185751c92431b02,v2_population,pop:d3ca0b8bb185751c92431b02,edition-target:lang:te-Telu-IN,POPULATION_OR_CONTEXT,l1,persons_L1,80912459,80912459,80912459,Raw Census mother-tongue count,2011,,,IND_C16_2011,https://censusindia.gov.in/nada/index.php/catalog/10191,,non_additive; never sum with another measure or measure class without a proved disjoint-person crosswalk,,V2_CANONICAL_EVIDENCE,false,329e48fb92af217913b82a702442c607d42050d46a3f8aa52286470a256b798c
canonical:pop:d3d3e4eb548b08cae47f514f,v2_population,pop:d3d3e4eb548b08cae47f514f,edition-target:lang:id-Latn-ID,POPULATION_OR_CONTEXT,home_or_first_language,persons_daily_home_language_age5plus,,42680000,,Rounded daily-home-language count reported by BPS for people age five and above; national L2 educational reach is much larger and must be represented separately.,2010,,,IDN_BPS_LANG_2010,https://www.bps.go.id/en/publication/2012/05/23/55eca38b7fe0830834605b35/nationality--ethnicity--religion--and-dailylanguage-of-indonesian-population.html,,non_additive; never sum with another measure or measure class without a proved disjoint-person crosswalk,,V2_CANONICAL_EVIDENCE,false,37610af7a2c07fd2c38179ec3029b405c025789bb3b826788c59bd6b3e4303ed
canonical:pop:d5582df55f058a8b13437661,v2_population,pop:d5582df55f058a8b13437661,edition-target:lang:id-Latn-ID,POPULATION_OR_CONTEXT,enrolment,higher-education enrolments,,10754154,,All programme enrolments reported by PDDikti for 2025; used as the directly observed formal higher-education audience.,2025,,,PDDIKTI_HE_2025,https://lldikti3.kemdiktisaintek.go.id/wp-content/uploads/2026/05/Buku-Statistik-Pendidikan-Tinggi-Tahun-2025.pdf,,non_additive; never sum with another measure or measure class without a proved disjoint-person crosswalk,,V2_CANONICAL_EVIDENCE,false,3c319d47635fa7d241fc364339a0d399e767baa09a8b517765d683400bed38d7
canonical:pop:d5906c79415770327e34d6e3,v2_population,pop:d5906c79415770327e34d6e3,edition-target:lang:hi-Deva-IN,POPULATION_OR_CONTEXT,l1,persons_L1,322230097,322230097,322230097,Raw Hindi mother-tongue return; excludes separately returned varieties inside Hindi umbrella,2011,,,IND_C16_2011,https://censusindia.gov.in/nada/index.php/catalog/10191,,non_additive; never sum with another measure or measure class without a proved disjoint-person crosswalk,,V2_CANONICAL_EVIDENCE,false,2edff55f179dbd0cad90bd1c45554b99deaf1c8016a6dec46604b49cf36423fd
canonical:pop:d5a37d6de497b898b07d8a53,v2_population,pop:d5a37d6de497b898b07d8a53,edition-target:lang:mfe-Latn-MU-x-rodrigues,POPULATION_OR_CONTEXT,home_language_aggregate,persons_creole_response_including_combinations,43423,43423,43423,Rodrigues residents in the census Creole category including combinations; census label does not distinguish Rodriguais from Morisien,2022,,,OIO_CA36C5E73C30,https://statsmauritius.govmu.org/Documents/Census_and_Surveys/Census2022/HPC_TR_Vol2_Demography_Yr22.pdf,,non_additive; never sum with another measure or measure class without a proved disjoint-person crosswalk,,V2_CANONICAL_EVIDENCE,false,0b76d44e23dbcb9f010e13ee0950c3056bea910878bdf4ffcd985514848d51ed
canonical:pop:d5bdbe591b46c9e042cfea1d,v2_population,pop:d5bdbe591b46c9e042cfea1d,edition-target:lang:unresolved-tag:pwapwa:new-caledonia-pwapwa-using-communiti,POPULATION_OR_CONTEXT,speaker_or_reported_ability,persons_age15plus_speaking,80,80,80,People aged 15+ reported speaking the named language,2019,,,OIO_9D74E354F4EB,https://www.isee.nc/component/phocadownload/category/269-recensement-de-la-population?download=2186%3Arp-2019-la-population-vivant-en-tribus,,non_additive; never sum with another measure or measure class without a proved disjoint-person crosswalk,,V2_CANONICAL_EVIDENCE,false,8cfc34a0b4c83f6517f9e3c49934fd94666fe34651456ed3919ad648a8bde8fb
canonical:pop:d60c6882a71c3f2bcc71f547,v2_population,pop:d60c6882a71c3f2bcc71f547,edition-target:lang:bn-Beng-BD,POPULATION_OR_CONTEXT,l1_proxy,persons_L1_proxy,,168419331,,Derived: 99.17% Bangla mother tongue multiplied by post-enumeration-adjusted population 169828911,2022-2023,,,BBS_BN_PROXY_2022_23,https://bbs.portal.gov.bd/pages/static-pages/6922e0ff933eb65569e297dc,,non_additive; never sum with another measure or measure class without a proved disjoint-person crosswalk,,V2_CANONICAL_EVIDENCE,false,293422734d861ede6e147525ba8b700a11cfa2e25f8314cd6f3bb5bdf82a21cc
canonical:pop:d738f094b1ea447c2706af5a,v2_population,pop:d738f094b1ea447c2706af5a,edition-target:lang:cho-US,POPULATION_OR_CONTEXT,home_or_first_language,persons_age5plus_home_language,,7260,,People age 5+ reporting Choctaw at home in the 2017–2021 ACS.,2017-2021,,,SRC_AMAR_US_ACS_2017_2021,https://www.census.gov/library/stories/2025/06/native-american-language-use.html,,non_additive; never sum with another measure or measure class without a proved disjoint-person crosswalk,,V2_CANONICAL_EVIDENCE,false,ee2ebde3d899ec769d8230e112184a58576ac9ae1cd9358538008831a3590bf8
canonical:pop:d79e422b4e68a9b093d4fc64,v2_population,pop:d79e422b4e68a9b093d4fc64,edition-target:lang:pis-Latn-SB,POPULATION_OR_CONTEXT,home_or_first_language,persons_age5plus_first_language,101588,101588,101588,People aged 5+ reporting Pijin as the first language learned,2019,,,OIO_E645DBB4D613,https://statistics.gov.sb/english-is-solomon-islands-most-predominant-language-in-communication/,,non_additive; never sum with another measure or measure class without a proved disjoint-person crosswalk,,V2_CANONICAL_EVIDENCE,false,94f65d2894eb540d01c81873d19f75d329972fc40ca327f08e154065373dd205
canonical:pop:d7f5183d757509437b0ec0f8,v2_population,pop:d7f5183d757509437b0ec0f8,edition-target:lang:bug-Latn-ID,POPULATION_OR_CONTEXT,home_or_first_language,persons_daily_home_language_age5plus,,3510000,,Rounded BPS daily-home-language count for people age five and above.,2010,,,IDN_BPS_LANG_2010,https://www.bps.go.id/en/publication/2012/05/23/55eca38b7fe0830834605b35/nationality--ethnicity--religion--and-dailylanguage-of-indonesian-population.html,,non_additive; never sum with another measure or measure class without a proved disjoint-person crosswalk,,V2_CANONICAL_EVIDENCE,false,cd7b99655619c120d04ed8770ff98f3c3315eeaa1af22a0a5c12b1f24eef383f
canonical:pop:d8420a6d768543b755df90ec,v2_population,pop:d8420a6d768543b755df90ec,edition-target:macro:IDN_SIGN_LANGUAGE_ACCESS,POPULATION_OR_CONTEXT,sign_language_aggregate,persons age 5+,,283662,,People aged five or older whose first language was reported as a sign language in the 2022 long-form census.,2022,,,BPS_LANG_FIRST_2022,https://sensus.bps.go.id/topik/tabular/sp2022/197/0/0,,non_additive; never sum with another measure or measure class without a proved disjoint-person crosswalk,,V2_CANONICAL_EVIDENCE,false,3c9df712d23c573d83d960c2b65386e5b5cf944a5e443070e05c67328c781eff
canonical:pop:d88183abc8ad013a2b2be4c2,v2_population,pop:d88183abc8ad013a2b2be4c2,edition-target:lang:shp-PE,POPULATION_OR_CONTEXT,speaker_or_reported_ability,persons_named_language_speakers,,34152,,Mother-tongue speakers reported by BDPI.,2017,,,SRC_AMAR_PER_BDPI_SHIPIBO,https://bdpi.cultura.gob.pe/pueblos/shipibo-konibo,,non_additive; never sum with another measure or measure class without a proved disjoint-person crosswalk,,V2_CANONICAL_EVIDENCE,false,13e13b15440656cd175590b2f8c64907e89b7aafe0f5e5401088a50e48b2ecb3
canonical:pop:d899bc3b8e4a64408c17b95c,v2_population,pop:d899bc3b8e4a64408c17b95c,edition-target:lang:id-Latn-ID,POPULATION_OR_CONTEXT,workforce_cohort,million employed persons,,148.19,,"Employed population in May 2026; published rounded estimate used as the broad adult-work audience, not a count with low financial literacy.",2026-05,,,BPS_LABOUR_MAY_2026,https://www.bps.go.id/en/pressrelease/2026/08/05/2606/tingkat-pengangguran-terbuka--tpt--sebesar-4-65-persen---rata-rata-upah-buruh-sebesar-3-39-juta-rupiah-.html,,non_additive; never sum with another measure or measure class without a proved disjoint-person crosswalk,,V2_CANONICAL_EVIDENCE,false,391e9594306f96500441524fdbbe7351e3b8dba35f8f0e07e4904d76091f044b
canonical:pop:d951eb285e704c973144d735,v2_population,pop:d951eb285e704c973144d735,edition-target:lang:tob-AR,POPULATION_OR_CONTEXT,percentage_only,percent_of_self_identified_people_speak_or_understand_own_language,,49.2,,Share of the self-identified Qom / Toba people who speak or understand the people's language; denominator count is not encoded here.,2022,,,SRC_AMAR_ARG_INDEC_2022,https://www.indec.gob.ar/ftp/cuadros/poblacion/censo2022_poblacion_indigena.pdf,,non_additive; never sum with another measure or measure class without a proved disjoint-person crosswalk,,V2_CANONICAL_EVIDENCE,false,faa74fd887e98b0cb633067c3b4014cb1c6ddd8ba1a959a6348a4981c07054f1
canonical:pop:d95d2c325348f5008419587f,v2_population,pop:d95d2c325348f5008419587f,edition-target:lang:ps-Arab-AF,POPULATION_OR_CONTEXT,percentage_only,percent_adult_survey_respondents,,35.2,,Native-language share in nationally representative adult survey; no census-quality headcount,2019,,,AFG_MDS_2019,https://asiafoundation.org/wp-content/uploads/2020/05/Afghanistan_2019-Model-Disability-Survey.pdf,,non_additive; never sum with another measure or measure class without a proved disjoint-person crosswalk,,V2_CANONICAL_EVIDENCE,false,b507e96dded96902df9c04b931a089ef0bfee054fd5dcf9a96df07837e7ac294
canonical:pop:d9b4e09ae223c3234b7760ec,v2_population,pop:d9b4e09ae223c3234b7760ec,edition-target:lang:unresolved-tag:multilingual-rural-population-zh-hans-cn-capable-subset-unmeasured:mainland-china-rural-residents-offli,POPULATION_OR_CONTEXT,offline_population_estimate,persons,,137600000,,Approximate rural offline population derived by applying the reported 30.5 percent rural non-use share to the NBS year-end rural population,2025,,,SRC_CNNIC_57_2025,https://www3.cnnic.cn/n4/2026/0304/c88-11549.html,,non_additive; never sum with another measure or measure class without a proved disjoint-person crosswalk,,V2_CANONICAL_EVIDENCE,false,6ffe5e363c4b42dc5e5564addbb11ecd47aa70e84ce8e0642c0dce066ad0d903
canonical:pop:d9df54cbed975c611524c858,v2_population,pop:d9df54cbed975c611524c858,edition-target:lang:acu-EC,POPULATION_OR_CONTEXT,speaker_or_reported_ability,persons_named_language_speakers,,9162,,"Speakers; associated population 12,703.",2022,,,SRC_AMAR_ECU_PLAN_2024,https://www.secretariapueblosynacionalidades.gob.ec/wp-content/uploads/2024/07/EPF-Sintesis-de-plan-decenal-correccion3-final-18-junio-2024.pdf,,non_additive; never sum with another measure or measure class without a proved disjoint-person crosswalk,,V2_CANONICAL_EVIDENCE,false,ff71873b60c419a6aea4bf1e87cb1a8f506fabca49816dd4323abf47e192a14c
canonical:pop:da45950f41bcde67fe785d65,v2_population,pop:da45950f41bcde67fe785d65,edition-target:lang:ne-Deva-IN,POPULATION_OR_CONTEXT,l1,persons_L1,2925796,2925796,2925796,Raw Census mother-tongue count,2011,,,IND_C16_2011,https://censusindia.gov.in/nada/index.php/catalog/10191,,non_additive; never sum with another measure or measure class without a proved disjoint-person crosswalk,,V2_CANONICAL_EVIDENCE,false,a0499a67f2eec06df70cbb5b402f05d0c42af24f2d72d035f8681cde9f5ebaec
canonical:pop:dace4f94ac62bece6ffd5fa9,v2_population,pop:dace4f94ac62bece6ffd5fa9,edition-target:lang:id-Latn-ID,POPULATION_OR_CONTEXT,status_cohort,persons ages 15–24,,9002930,,"Youth not employed, enrolled in education or participating in training in August 2024; denominator 44,328,216 youth.",2024-08,,,BPS_DECENT_WORK_2024,https://www.bps.go.id/id/publication/2025/04/28/1ecc9dec1ef7a591babf5962/indikator-,,non_additive; never sum with another measure or measure class without a proved disjoint-person crosswalk,,V2_CANONICAL_EVIDENCE,false,562a7f16f8e591b14b3b004ad5c303417f73b35f74004e5d6b41d549c0791c64
canonical:pop:db35179e618eb2555175a856,v2_population,pop:db35179e618eb2555175a856,edition-target:lang:sel-RU,POPULATION_OR_CONTEXT,speaker_or_reported_ability,persons_within_named_people_reporting_same_named_language_knowledge_shared_where_noted,,924,,"Selkup people reporting knowledge of Selkup; ethnic population 3,491.",2021,,,SRC_AMAR_RUS_ROSSTAT_2021,https://rosstat.gov.ru/storage/mediabank/Tom5_tab18_VPN-2020.xlsx,,non_additive; never sum with another measure or measure class without a proved disjoint-person crosswalk,,V2_CANONICAL_EVIDENCE,false,86c206b9da03bdf968b88677552c78f0ae484579edb8d4157973cf9e3ffea0f2
canonical:pop:db49ffe17b002b4c7f6f445e,v2_population,pop:db49ffe17b002b4c7f6f445e,edition-target:lang:knj-GT,POPULATION_OR_CONTEXT,home_or_first_language,persons_age4plus_mother_tongue,,55290,,People age 4+ reporting Akateko as mother tongue.,2018,,,SRC_AMAR_GTM_INE_2018,https://censo2018.ine.gob.gt/archivos/resultados_censo2018.pdf,,non_additive; never sum with another measure or measure class without a proved disjoint-person crosswalk,,V2_CANONICAL_EVIDENCE,false,2fb7c9308671a4a2d9732f988d1471d4643f67a4943ba5515c1cc40f837738c5
canonical:pop:db810d459548a43cdfacbe9c,v2_population,pop:db810d459548a43cdfacbe9c,edition-target:lang:cag-PY,POPULATION_OR_CONTEXT,ethnicity_or_identity_proxy,persons_indigenous_identity_proxy,,18280,,People identifying with the Nivaclé people; not a speaker count.,2022,,,SRC_AMAR_PRY_INDIG_2022,https://www.ine.gov.py/Publicaciones/Biblioteca/documento/237/Resultados-Finales-Censo-Indigena.pdf,,non_additive; never sum with another measure or measure class without a proved disjoint-person crosswalk,,V2_CANONICAL_EVIDENCE,false,72df0defe5c719a0ca135bbf4c059c57a661a6b44149385d1baa51d64d0bc883
canonical:pop:db9a140a68322945679808d3,v2_population,pop:db9a140a68322945679808d3,edition-target:lang:or-Orya-IN,POPULATION_OR_CONTEXT,l1,persons_L1,34059266,34059266,34059266,Raw Odia mother-tongue count; excludes separately returned Sambalpuri and others,2011,,,IND_C16_2011,https://censusindia.gov.in/nada/index.php/catalog/10191,,non_additive; never sum with another measure or measure class without a proved disjoint-person crosswalk,,V2_CANONICAL_EVIDENCE,false,ada6331c5ff840b63ecb732f79913b5ba919e4650b52852594483e9642005b83
canonical:pop:dc971b1872aea29db9028ce9,v2_population,pop:dc971b1872aea29db9028ce9,edition-target:lang:zh-Hans-CN:written,POPULATION_OR_CONTEXT,workforce_cohort,persons,,196950000,,"Approximate number of migrant workers with junior-secondary education or less, derived from the rounded 301.15 million total and 65.4 percent share",2025,,,SRC_NBS_MIGRANT_WORKERS_2025,https://www.stats.gov.cn/sj/zxfb/202604/t20260430_1963472.html,,non_additive; never sum with another measure or measure class without a proved disjoint-person crosswalk,,V2_CANONICAL_EVIDENCE,false,62456d703d6d15b153f285d942842eafb248da54628fbb003af18a1301271351
canonical:pop:dcc30527548d032f43f70bb3,v2_population,pop:dcc30527548d032f43f70bb3,edition-target:lang:es-Latn-US,POPULATION_OR_CONTEXT,home_language,people,43369734,43369734,43369734,People age 5+ speaking Spanish at home in ACS 2023.,2023,,,SRC_US_ACS_2023,https://data.census.gov/table/ACSDT1Y2023.B16001,,non_additive; never sum with another measure or measure class without a proved disjoint-person crosswalk,,V2_CANONICAL_EVIDENCE,false,fb3cc841b4c8c7171a3742bb254c79d15c61e75e0c33bc7dd989a0b1d6fd0077
canonical:pop:dd30e4e76fd221a92624b236,v2_population,pop:dd30e4e76fd221a92624b236,edition-target:lang:ctu-MX,POPULATION_OR_CONTEXT,speaker_or_reported_ability,persons_age3plus_language_speakers,,254715,,People age 3+ reported Chol.,2020,,,SRC_AMAR_MEX_INEGI_2020,https://www.inegi.org.mx/contenidos/programas/ccpv/2020/doc/Censo2020_Principales_resultados_EUM.pdf,,non_additive; never sum with another measure or measure class without a proved disjoint-person crosswalk,,V2_CANONICAL_EVIDENCE,false,bb31307789527f1f0d21d212e1f019a4aefa16269a6c0a14b569e225fdc67f3b
canonical:pop:dd6b9addc7eb4916565a1ecd,v2_population,pop:dd6b9addc7eb4916565a1ecd,edition-target:lang:id-Latn-ID,POPULATION_OR_CONTEXT,enrolment,higher-education enrolments,,10754154,,"All programme enrolments reported by PDDikti for 2025; used as the directly measured learner anchor, not as the full adult benefit population.",2025,,,PDDIKTI_HE_2025,https://lldikti3.kemdiktisaintek.go.id/wp-content/uploads/2026/05/Buku-Statistik-Pendidikan-Tinggi-Tahun-2025.pdf,,non_additive; never sum with another measure or measure class without a proved disjoint-person crosswalk,,V2_CANONICAL_EVIDENCE,false,0bbc008d71c88902b1721189e32b0f141b0b6adfdb3bce784a86d4980bed67b8
canonical:pop:ddbf4374fd1e7665fe985b34,v2_population,pop:ddbf4374fd1e7665fe985b34,edition-target:lang:unresolved-tag:chinese-varieties-among-hoa-communities:viet-nam-hoa-ethnicity-proxy,POPULATION_OR_CONTEXT,ethnicity_or_identity_proxy,persons_ethnicity_proxy,,749466,,"2019 Hoa ethnicity proxy; not a Mandarin, Cantonese or literacy count.",2019,,,VNM_CENSUS_2019,https://tongdieutradanso.vn/uploads/data/6/files/files/Population%20and%20Housing%20Census%202019_final%20report.pdf,,non_additive; never sum with another measure or measure class without a proved disjoint-person crosswalk,,V2_CANONICAL_EVIDENCE,false,6a6a659ec515247c2e7a258dd0ac352330fed11e24d9137e3d6e2cf7409266b2
canonical:pop:df071d36eb967c2a669129a2,v2_population,pop:df071d36eb967c2a669129a2,edition-target:lang:ja-Jpan-JP,POPULATION_OR_CONTEXT,education_status_cohort,persons,,216266,,"Derived lower-secondary nonattendance count: 353,970 elementary-plus-lower-secondary total minus 137,704 elementary",2024,,,JPN-S005,https://www.mext.go.jp/a_menu/shotou/seitoshidou/1302902.htm,,non_additive; never sum with another measure or measure class without a proved disjoint-person crosswalk,,V2_CANONICAL_EVIDENCE,false,b3d012c89d132a2d7aa2fe86bd0e9dca6254ffa4b4e14c68e29e62fb701632a9
canonical:pop:df5903907af81ffc92e9c592,v2_population,pop:df5903907af81ffc92e9c592,edition-target:lang:guh-CO,POPULATION_OR_CONTEXT,speaker_or_reported_ability,persons_named_language_speaker_estimate,,42919,,Named-language speaker estimate in the national decennial language plan.,,,,SRC_AMAR_COL_LANG_PLAN,https://dokumen.pub/plan-decenal-de-lenguas-nativas-de-colombia-9789587534948.html,,non_additive; never sum with another measure or measure class without a proved disjoint-person crosswalk,,V2_CANONICAL_EVIDENCE,false,6c9015399e960f1b79298904bec151084fb0015ea9624760ee02149ad25d05ef
canonical:pop:e04766d5e05c064e85caef46,v2_population,pop:e04766d5e05c064e85caef46,edition-target:lang:hne-Deva-IN,POPULATION_OR_CONTEXT,l1,persons_L1,16245190,16245190,16245190,Mother-tongue return inside Hindi umbrella,2011,,,IND_C16_2011,https://censusindia.gov.in/nada/index.php/catalog/10191,,non_additive; never sum with another measure or measure class without a proved disjoint-person crosswalk,,V2_CANONICAL_EVIDENCE,false,8d0d354c38a5272baf3318e7b653306953bc0b975ac933fcb88984dc5f63414c
canonical:pop:e101bec822df045348d62ddc,v2_population,pop:e101bec822df045348d62ddc,edition-target:lang:und-AF,POPULATION_OR_CONTEXT,status_cohort,people,3700000,3700000,3700000,Afghan refugees or others needing international protection at end-2025; not a language count.,2025,,,SRC_UNHCR_GLOBAL_2025,https://www.unhcr.org/global-trends,,non_additive; never sum with another measure or measure class without a proved disjoint-person crosswalk,,V2_CANONICAL_EVIDENCE,false,0d25b188e1afd7b6cd724870de3bfb1fb2ec8d2f23253c07f6e0e4e549fdef7a
canonical:pop:e149dd67e55e6b856bd28cdd,v2_population,pop:e149dd67e55e6b856bd28cdd,edition-target:lang:ckt-RU,POPULATION_OR_CONTEXT,speaker_or_reported_ability,persons_within_named_people_reporting_same_named_language_knowledge_shared_where_noted,,2308,,"Chukchi people reporting knowledge of Chukchi; ethnic population 16,228.",2021,,,SRC_AMAR_RUS_ROSSTAT_2021,https://rosstat.gov.ru/storage/mediabank/Tom5_tab18_VPN-2020.xlsx,,non_additive; never sum with another measure or measure class without a proved disjoint-person crosswalk,,V2_CANONICAL_EVIDENCE,false,4646a6fb201f7ea618f6355cb60d85ee80c14439bc7503b336616f0554323243
canonical:pop:e1bedb0d8ee5913d81ff00e7,v2_population,pop:e1bedb0d8ee5913d81ff00e7,edition-target:lang:to-Latn-TO,POPULATION_OR_CONTEXT,percentage_only,percent_age5plus_simple_sentence_literacy,,96,,People aged 5+ meeting the census simple-sentence literacy threshold in Tongan,2021,,,OIO_95DD37B89EA1,https://tongastats.gov.to/statistics/social-statistics/,,non_additive; never sum with another measure or measure class without a proved disjoint-person crosswalk,,V2_CANONICAL_EVIDENCE,false,5279c638657c86db3dfdb17717f87d3a2e8460086bd5cf8c271d413102e962da
canonical:pop:e2902b667a19167f3901d80b,v2_population,pop:e2902b667a19167f3901d80b,edition-target:lang:unresolved-bajjika-Deva-NP,POPULATION_OR_CONTEXT,l1,persons_L1,1133764,1133764,1133764,Census mother-tongue count,2021,,,NPL_LANG_2021,https://censusnepal.cbs.gov.np/results/files/result-folder/Language%20in%20Nepal.pdf,,non_additive; never sum with another measure or measure class without a proved disjoint-person crosswalk,,V2_CANONICAL_EVIDENCE,false,3e53a8d449dd03f7ead1cd1bb0ab82eb92e0a42e7d42cd536621b4fda691d8f4
canonical:pop:e2c41808e133111192795ee5,v2_population,pop:e2c41808e133111192795ee5,edition-target:lang:cni-PE,POPULATION_OR_CONTEXT,home_or_first_language,persons_mother_tongue_aggregate_ashaninka,,73567,,Official Ashaninka mother-tongue count; not safely allocable between cni and Alto Perené prq.,2017,,,SRC_AMAR_PER_BDPI_ASHANINKA,https://bdpi.cultura.gob.pe/lenguas/ashaninka,,non_additive; never sum with another measure or measure class without a proved disjoint-person crosswalk,,V2_CANONICAL_EVIDENCE,false,e58b4ce9e903fdfb1d9dc48e769d2df5389e72313a036324c16ba57370abb04e
canonical:pop:e391762eba8c81cb6c0384db,v2_population,pop:e391762eba8c81cb6c0384db,edition-target:lang:dlg-RU,POPULATION_OR_CONTEXT,speaker_or_reported_ability,persons_within_named_people_reporting_same_named_language_knowledge_shared_where_noted,,4701,,"Dolgan people reporting knowledge of Dolgan; ethnic population 8,182.",2021,,,SRC_AMAR_RUS_ROSSTAT_2021,https://rosstat.gov.ru/storage/mediabank/Tom5_tab18_VPN-2020.xlsx,,non_additive; never sum with another measure or measure class without a proved disjoint-person crosswalk,,V2_CANONICAL_EVIDENCE,false,59337489c999e4172e04a3ea9702884a427fbd36365eccc76e94c606cdb1d194
canonical:pop:e3bc081c783f1e024f3f41b5,v2_population,pop:e3bc081c783f1e024f3f41b5,edition-target:lang:gcf-MQ,POPULATION_OR_CONTEXT,percentage_only,percent_adults_age15plus_language_mastery,,90,,Adult age 15+ mastery share in 2019–2020; not a headcount.,2019-2020,,,SRC_AMAR_FRA_CREOLE_2019_20,https://www.bnsp.insee.fr/ark:/12148/bc6p089kb96/f1.pdf,,non_additive; never sum with another measure or measure class without a proved disjoint-person crosswalk,,V2_CANONICAL_EVIDENCE,false,44e6c9f1257fba8ec50bf48e49fb5698ce2e2dc69579034771c08634f95ba1aa
canonical:pop:e3c11fea5de512f4f92edb48,v2_population,pop:e3c11fea5de512f4f92edb48,edition-target:lang:ulk-Latn-AU,POPULATION_OR_CONTEXT,home_or_first_language,persons_home_language,60,60,60,People reporting Meriam Mir at home in the Torres Strait Islands statistical area,2021,,,OIO_F0734199AAAD,https://www.abs.gov.au/census/find-census-data/quickstats/2021/315011402,,non_additive; never sum with another measure or measure class without a proved disjoint-person crosswalk,,V2_CANONICAL_EVIDENCE,false,8b700b29e4b78d43e21ae5d70d8cd8609f2076cd219fbb61ff6c7671230b1d7b
canonical:pop:e3f894f75b6a554ee80eb8be,v2_population,pop:e3f894f75b6a554ee80eb8be,edition-target:lang:xh-Latn-ZA,POPULATION_OR_CONTEXT,percentage_only,percent,,16.3,,Share of South Africa population reporting isiXhosa as household language,2022,,,SRC_STATSSA_CENSUS_2022,https://www.statssa.gov.za/wp-content/uploads/2023/11/Mbalo-brief-November.pdf,,non_additive; never sum with another measure or measure class without a proved disjoint-person crosswalk,,V2_CANONICAL_EVIDENCE,false,09e9a1c3c1da9c994b2eb97a7304214f9df502c4178293ba90ac0d2da83164f2
canonical:pop:e433584af1835e762c19a6af,v2_population,pop:e433584af1835e762c19a6af,edition-target:lang:mrl-Latn-FM,POPULATION_OR_CONTEXT,home_or_first_language,persons_age5plus_home_language,3709,3709,3709,People aged 5+ reporting the named home language,2023,,,OIO_EA133B14931A,https://www.pacificweb.org/library/preview.php?file=fsm/states/2023FSMMunicipality.xlsx,,non_additive; never sum with another measure or measure class without a proved disjoint-person crosswalk,,V2_CANONICAL_EVIDENCE,false,5c1472bc620509b4daaa5ba91b628a4ff67db405344b18b09f9515f9cb7c6da1
canonical:pop:e58d5d7fe380971e766c4716,v2_population,pop:e58d5d7fe380971e766c4716,edition-target:lang:pau-Latn-PW,POPULATION_OR_CONTEXT,home_language_response,persons_language_response,12399,12399,12399,"Sum of disjoint census categories Palauan only (7,205) and Palauan plus another language (5,194)",2020,,,OIO_A4F28AF4858F,https://www.palaugov.pw/wp-content/uploads/2022/09/2020-Census-of-Population-and-Housing.pdf,,non_additive; never sum with another measure or measure class without a proved disjoint-person crosswalk,,V2_CANONICAL_EVIDENCE,false,f5ada172f4f7e970dbf6d2c0d6c981853a225bf6970dfc21ce92b1d46a352961
canonical:pop:e5ce23e04310977f9e30a710,v2_population,pop:e5ce23e04310977f9e30a710,edition-target:lang:my-Mymr-MM,POPULATION_OR_CONTEXT,home_or_first_language,persons_regular_household_use_estimate,36000000,,41000000,Planning range inferred in the cited World Bank report from about 80% current household use and an older estimate near 70%; not a census L1 count.,2022,,,MMR_WB_PHONE_2023_24,https://documents1.worldbank.org/curated/en/099070124012035856/pdf/P50066314cb91a0d4199041567b48f877da.pdf,,non_additive; never sum with another measure or measure class without a proved disjoint-person crosswalk,,V2_CANONICAL_EVIDENCE,false,1e6b60a36256fa2c170c9fb4d8e49aab094da6c32959928b993481ade33c0027
canonical:pop:e5ce8c4383365b538104aca6,v2_population,pop:e5ce8c4383365b538104aca6,edition-target:lang:tsg-Latn-PH,POPULATION_OR_CONTEXT,ethnicity_or_identity_proxy,persons_ethnicity_proxy,,1615680,,2020 ethnicity proxy; not a home-language count.,2020,,,PH_PSA_ETHNICITY_2020,https://psa.gov.ph/content/ethnicity-philippines-2020-census-population-and-housing,,non_additive; never sum with another measure or measure class without a proved disjoint-person crosswalk,,V2_CANONICAL_EVIDENCE,false,241b6cd173a6fe31685aefbfe40133911203829817bc674a6b24cf6f1c0fd2e7
canonical:pop:e5ee609ea99bb1d9e81365c4,v2_population,pop:e5ee609ea99bb1d9e81365c4,edition-target:lang:mos-Latn-BF,POPULATION_OR_CONTEXT,direct_reach_synthesis,people,8000000,9000000,10000000,Rounded direct-reach range for Mooré,,,,,,,non_additive; never sum with another measure or measure class without a proved disjoint-person crosswalk,,V2_CANONICAL_EVIDENCE,false,a273ed4df7c687decebd801991ef922779c7c68c8a20b1c31c204ebf132956a0
canonical:pop:e5fc83a67ae49b2e9b6c29c2,v2_population,pop:e5fc83a67ae49b2e9b6c29c2,edition-target:lang:gun-PY,POPULATION_OR_CONTEXT,ethnicity_or_identity_proxy,persons_indigenous_identity_proxy,,28123,,People identifying with the Mbyá Guaraní people; not a speaker count.,2022,,,SRC_AMAR_PRY_INDIG_2022,https://www.ine.gov.py/Publicaciones/Biblioteca/documento/237/Resultados-Finales-Censo-Indigena.pdf,,non_additive; never sum with another measure or measure class without a proved disjoint-person crosswalk,,V2_CANONICAL_EVIDENCE,false,0b83583c1482114475cb61cb4c7d0ab38c4c89fe430d7298aae6b16e18605878
canonical:pop:e66c33ef9027d53a5e9a0943,v2_population,pop:e66c33ef9027d53a5e9a0943,edition-target:lang:unresolved-tag:dao-census-category:viet-nam-dao-ethnicity-proxy,POPULATION_OR_CONTEXT,ethnicity_or_identity_proxy,persons_ethnicity_proxy,,891151,,2019 ethnicity proxy covering internal variety diversity; not one production language.,2019,,,VNM_CENSUS_2019,https://tongdieutradanso.vn/uploads/data/6/files/files/Population%20and%20Housing%20Census%202019_final%20report.pdf,,non_additive; never sum with another measure or measure class without a proved disjoint-person crosswalk,,V2_CANONICAL_EVIDENCE,false,feaf6612a19093776a24e36b721ce0f2142e9cb283052f8b162bc09d6f62091d
canonical:pop:e78a63ffe8e4f60bb46091d4,v2_population,pop:e78a63ffe8e4f60bb46091d4,edition-target:lang:tyz-Latn-VN,POPULATION_OR_CONTEXT,ethnicity_or_identity_proxy,persons_ethnicity_proxy,,1845492,,2019 ethnicity proxy; not a direct speaker count.,2019,,,VNM_CENSUS_2019,https://tongdieutradanso.vn/uploads/data/6/files/files/Population%20and%20Housing%20Census%202019_final%20report.pdf,,non_additive; never sum with another measure or measure class without a proved disjoint-person crosswalk,,V2_CANONICAL_EVIDENCE,false,3d71db789f62c278744a4a088de7860a2b3fe4bbf40932dc13b616e7be4fc8a1
canonical:pop:e9136f447407e9ca2a8b907c,v2_population,pop:e9136f447407e9ca2a8b907c,edition-target:lang:kal-GL,POPULATION_OR_CONTEXT,territorial_exposure_ceiling,persons_total_territory_population_proxy,,56740,,Total Greenland population on 1 January 2026; not a Kalaallisut speaker count.,2026,,,SRC_AMAR_GRL_POP_2026,https://stat.gl/publ/da/BE/202601/oversigt/Befolkningsstatus.htm,,non_additive; never sum with another measure or measure class without a proved disjoint-person crosswalk,,V2_CANONICAL_EVIDENCE,false,be9ac96ec2b5c5850276777e8af1d5a090970eacb7c8cd8b1271d8ad6b791cfa
canonical:pop:e9424fb70a292753ff215798,v2_population,pop:e9424fb70a292753ff215798,edition-target:lang:umb-Latn-AO,POPULATION_OR_CONTEXT,direct_reach_synthesis,people,6000000,7000000,8000000,Rounded direct-reach range for Umbundu,,,,,,,non_additive; never sum with another measure or measure class without a proved disjoint-person crosswalk,,V2_CANONICAL_EVIDENCE,false,43ddd51d515c955db937ebbac44ca627af5931d9b4b86916baeeab6d3c7380e8
canonical:pop:e971c0d9ad86571a6d181fcc,v2_population,pop:e971c0d9ad86571a6d181fcc,edition-target:lang:mwr-Deva-IN,POPULATION_OR_CONTEXT,l1,persons_L1,7831749,7831749,7831749,Separate mother-tongue return inside Hindi umbrella,2011,,,IND_C16_2011,https://censusindia.gov.in/nada/index.php/catalog/10191,,non_additive; never sum with another measure or measure class without a proved disjoint-person crosswalk,,V2_CANONICAL_EVIDENCE,false,0bbaf4ad778697333ecb843ad54a26edd3fd0f0571baac2af18a4a61069a5469
canonical:pop:e9bab391381d2c7e6fff1b58,v2_population,pop:e9bab391381d2c7e6fff1b58,edition-target:lang:kk-Cyrl-KZ,POPULATION_OR_CONTEXT,alternative_definition_mix,people,12670407,13380107,13380107,"Low is fluent Kazakh speakers age 5+; base/high is own-nationality native-language count. These are alternative definitions, not sampling bounds.",2021,,,SRC_KAZAKHSTAN_CENSUS_2021,https://stat.gov.kz/upload/medialibrary/cee/3rsfg8ps3xo19orb284esg4rx27ihqf7/%D0%9D%D0%B0%D1%86%D0%B8%D0%BE%D0%BD%D0%B0%D0%BB%D1%8C%D0%BD%D1%8B%D0%B9%20%D1%81%D0%BE%D1%81%D1%82%D0%B0%D0%B2.pdf,,non_additive; never sum with another measure or measure class without a proved disjoint-person crosswalk,,V2_CANONICAL_EVIDENCE,false,f44fbba04c5425ba109bc2a5e5e26bdb0f7ddb7d44b32131924c8e8df75bfb81
canonical:pop:ea8bdabcef8f924abe03dc20,v2_population,pop:ea8bdabcef8f924abe03dc20,edition-target:lang:zh-Hans-CN:written,POPULATION_OR_CONTEXT,person_times,person_times,,4544200,,"Registrations for higher-education self-study examinations in 2025, reported as person-times rather than distinct people",2025,,,SRC_MOE_EDU_2025,https://www.moe.gov.cn/jyb_sjzl/sjzl_fztjgb/202607/t20260706_1442870.html,,non_additive; never sum with another measure or measure class without a proved disjoint-person crosswalk,,V2_CANONICAL_EVIDENCE,false,ef79ff8d05bcfbe573e75c6f2960de297d63169f71d6dbd70432a21005ea223e
canonical:pop:eb8f51b0ea8da14dc32c0bbd,v2_population,pop:eb8f51b0ea8da14dc32c0bbd,edition-target:lang:mfa-Arab-TH,POPULATION_OR_CONTEXT,home_or_first_language,persons_L1_planning_range_nonadditive,1000000,,1500000,Same planning range as Rumi row; non-additive script-access edition.,,,,THA_UIL_PATANI,https://www.uil.unesco.org/en/litbase/patani-malay-thai-bilingual/multilingual-education-thailand,,non_additive; never sum with another measure or measure class without a proved disjoint-person crosswalk,,V2_CANONICAL_EVIDENCE,false,e632df2c48aae92f0abb0811181d64d885a212f0099b835ee00aa5d34f5a662c
canonical:pop:edfec6339bd840e51c26a58e,v2_population,pop:edfec6339bd840e51c26a58e,edition-target:lang:bjn-Latn-ID,POPULATION_OR_CONTEXT,home_or_first_language,persons_daily_home_language_age5plus,,3650000,,Rounded BPS daily-home-language count for people age five and above.,2010,,,IDN_BPS_LANG_2010,https://www.bps.go.id/en/publication/2012/05/23/55eca38b7fe0830834605b35/nationality--ethnicity--religion--and-dailylanguage-of-indonesian-population.html,,non_additive; never sum with another measure or measure class without a proved disjoint-person crosswalk,,V2_CANONICAL_EVIDENCE,false,59dea05f97999fbae1b81c54e1dcfa1142895cc77cc9e804d01dc94309be7544
canonical:pop:ee91bd6a1245bdc50af0ab7e,v2_population,pop:ee91bd6a1245bdc50af0ab7e,edition-target:lang:ja-Jpan-JP,POPULATION_OR_CONTEXT,enrolment,persons,,59377,,Higher-education students with disability certificate or diagnosis/health examination establishing disability,2025,,,JPN-S012,https://www.jasso.go.jp/statistics/gakusei_shogai_syugaku/2025.html,,non_additive; never sum with another measure or measure class without a proved disjoint-person crosswalk,,V2_CANONICAL_EVIDENCE,false,cbea905f7448a32bc1479d43b2daf339f7cfb5cf5035d8f072e7ab685000bda8
canonical:pop:eeb104969546c4a01a2c60b5,v2_population,pop:eeb104969546c4a01a2c60b5,edition-target:lang:unresolved-tag:any-spoken-language-variety-terminology-timing-pronunciation-and-voice-r:global-instantiate-by-media-language,POPULATION_OR_CONTEXT,disability_proxy,persons_blind_GBD_2020_proxy,,43000000,,Approximate number of blind people in the 2020 VLEG/GBD vision-loss model; proxy only and not a count of audio-description users.,2020,,,IAPB_VISION_2020,https://www.iapb.org/wp-content/uploads/2021/05/Vision-Atlas_Global-Snapshot_18052021.pdf,,non_additive; never sum with another measure or measure class without a proved disjoint-person crosswalk,,V2_CANONICAL_EVIDENCE,false,06a88747b5c32fb3c07b9d344fd42ec3cc7c7e2cd2dbf67d27ab967dc82d1c3f
canonical:pop:ef654c1ae1b22e0badd557a9,v2_population,pop:ef654c1ae1b22e0badd557a9,edition-target:lang:ayo-PY,POPULATION_OR_CONTEXT,ethnicity_or_identity_proxy,persons_indigenous_identity_proxy,,2520,,People identifying with the Ayoreo people; not a speaker count.,2022,,,SRC_AMAR_PRY_INDIG_2022,https://www.ine.gov.py/Publicaciones/Biblioteca/documento/237/Resultados-Finales-Censo-Indigena.pdf,,non_additive; never sum with another measure or measure class without a proved disjoint-person crosswalk,,V2_CANONICAL_EVIDENCE,false,2adbb7e17335ed1bf02581b93cf7370ab947d55180815508138b359dcc85523b
canonical:pop:efac9649b3a5f457238c9b94,v2_population,pop:efac9649b3a5f457238c9b94,edition-target:lang:id-Latn-ID,POPULATION_OR_CONTEXT,enrolment,bachelor's enrolments,,8542317,,Bachelor's programme enrolment stock reported by PDDikti for 2025.,2025,,,PDDIKTI_HE_2025,https://lldikti3.kemdiktisaintek.go.id/wp-content/uploads/2026/05/Buku-Statistik-Pendidikan-Tinggi-Tahun-2025.pdf,,non_additive; never sum with another measure or measure class without a proved disjoint-person crosswalk,,V2_CANONICAL_EVIDENCE,false,6117aa356c80c82e5564ac9f75dcc5412ddc4d4abc9ec4513a731b3f6d63438f
canonical:pop:efff62121285d2edd7f73e45,v2_population,pop:efff62121285d2edd7f73e45,edition-target:lang:tl-Latn-PH,POPULATION_OR_CONTEXT,household_count,households,10523000,10523000,10523000,Households reporting Tagalog generally spoken at home; not people.,2020,,,SRC_PSA_PH_2020,https://psa.gov.ph/system/files/phcd/02%20-Press%20Release%20on%20Language_Dialect%20Generally%20Spoken%20at%20Home_030323_PMMJ_CRD.pdf,,non_additive; never sum with another measure or measure class without a proved disjoint-person crosswalk,,V2_CANONICAL_EVIDENCE,false,9e670e4ceb34fd1a10d9cec17995513ec8701f8363243c804dfbe87807179a26
canonical:pop:f05f95e48ae76f4d336fd2e4,v2_population,pop:f05f95e48ae76f4d336fd2e4,edition-target:lang:zh-Hans-CN:written,POPULATION_OR_CONTEXT,disability_population_ceiling,persons,85000000,,,Official plan states that China has more than 85 million disabled people,2021,,,SRC_CDPF_DISABILITY_PLAN,https://www.cdpf.org.cn/zwgk/ghjh/af85c8a4edd744159b1a60f659a36d9b.htm,,non_additive; never sum with another measure or measure class without a proved disjoint-person crosswalk,,V2_CANONICAL_EVIDENCE,false,22afe25b530e35759485c6c675129592d77cc4ec1ac564f41140094df9e300ce
canonical:pop:f11bb07a90bf383e717ecdce,v2_population,pop:f11bb07a90bf383e717ecdce,edition-target:lang:rhg-Rohg-BD,POPULATION_OR_CONTEXT,status_cohort,people,1800000,1800000,1800000,"Reported stateless Rohingya at mid-2025; status cohort, not script-specific language count.",2025,,,SRC_UNHCR_MID_2025,https://www.unhcr.org/mid-year-trends,,non_additive; never sum with another measure or measure class without a proved disjoint-person crosswalk,,V2_CANONICAL_EVIDENCE,false,3af66f02d91967412ac6e65ec7d87896314d2a066035ea1c48e73710dfc00750
canonical:pop:f13a1e88b606ae7fd303c7c9,v2_population,pop:f13a1e88b606ae7fd303c7c9,edition-target:lang:ps-Arab-PK,POPULATION_OR_CONTEXT,l1,persons_L1,43633946,43633946,43633946,Census mother-tongue count,2023,,,PBS_MT_2023,https://www.pbs.gov.pk/wp-content/uploads/census_tables/tables/table_11_national.pdf,,non_additive; never sum with another measure or measure class without a proved disjoint-person crosswalk,,V2_CANONICAL_EVIDENCE,false,68d35985308e7d1b8bcbbb1bf92960c20a0f9d63820c902f2148fe50f6f0f171
canonical:pop:f20f2aed448b7b634e9f5fb0,v2_population,pop:f20f2aed448b7b634e9f5fb0,edition-target:lang:de-Latn-001,POPULATION_OR_CONTEXT,macro_speaker_estimate,people,95000000,100000000,105000000,"Institutional estimate of native speakers, around 100m.",2013,,,SRC_GOETHE_GERMAN,https://www.goethe.de/resources/files/pdf21/gi_04-13_en-web.pdf,,non_additive; never sum with another measure or measure class without a proved disjoint-person crosswalk,,V2_CANONICAL_EVIDENCE,false,2352e21a3b6a948533093951f4ace8f4a5328cb572d4759d2fd0ca4eb1ad6e76
canonical:pop:f28e7b6aa0216b33c197d307,v2_population,pop:f28e7b6aa0216b33c197d307,edition-target:lang:guc-CO,POPULATION_OR_CONTEXT,speaker_or_reported_ability,persons_named_language_speaker_estimate,,334939,,Named-language speaker estimate in the national decennial language plan.,,,,SRC_AMAR_COL_LANG_PLAN,https://dokumen.pub/plan-decenal-de-lenguas-nativas-de-colombia-9789587534948.html,,non_additive; never sum with another measure or measure class without a proved disjoint-person crosswalk,,V2_CANONICAL_EVIDENCE,false,fa919724788ab9a609a555cae8b88c83b6f6c3caff1e3c415ecb411fb9a6ee83
canonical:pop:f2908250e7250cb593a3f5da,v2_population,pop:f2908250e7250cb593a3f5da,edition-target:macro:IDN_NON_INDONESIAN_SPEAKER_ACCESS,POPULATION_OR_CONTEXT,negative_ability_aggregate,persons age 5+,,5177554,,People aged five or older reported unable to speak Indonesian under the BPS conversational definition.,2022,,,BPS_LANG_SPEAK_2022,https://sensus.bps.go.id/topik/tabular/sp2022/196/1/0,,non_additive; never sum with another measure or measure class without a proved disjoint-person crosswalk,,V2_CANONICAL_EVIDENCE,false,de7ff67a5d72f46a8c53552f47e4e01d538a9cd2a4f99bb6807e9584442095af
canonical:pop:f2fb2cb4b3319348b3b7b6bc,v2_population,pop:f2fb2cb4b3319348b3b7b6bc,edition-target:lang:rcf-Latn-RE,POPULATION_OR_CONTEXT,percentage_only,percent_age18_64_childhood_home_creole_only,,48,,Adults ages 18–64 reporting only Creole in the childhood home; a separate 22% reported both Creole and French,survey reported 2024,,,OIO_7390EBB1C54E,https://www.insee.fr/fr/statistiques/8279889,,non_additive; never sum with another measure or measure class without a proved disjoint-person crosswalk,,V2_CANONICAL_EVIDENCE,false,8fa73cc241b2aaca67a2832c9002c44abb2e86e150698a11a53db52122cb69bf
canonical:pop:f306bc4090e9b57f2dbd3a80,v2_population,pop:f306bc4090e9b57f2dbd3a80,edition-target:lang:unresolved-tag:muong-varieties:viet-nam-muong-ethnicity-proxy,POPULATION_OR_CONTEXT,ethnicity_or_identity_proxy,persons_ethnicity_proxy,,1452095,,2019 ethnicity proxy; not an exact variety or direct speaker count.,2019,,,VNM_CENSUS_2019,https://tongdieutradanso.vn/uploads/data/6/files/files/Population%20and%20Housing%20Census%202019_final%20report.pdf,,non_additive; never sum with another measure or measure class without a proved disjoint-person crosswalk,,V2_CANONICAL_EVIDENCE,false,ee57e85e024b2b7916c18d66adedd85e3f7b0427583fb48916e3315cad776f15
canonical:pop:f30ea6d4f591134989fc8933,v2_population,pop:f30ea6d4f591134989fc8933,edition-target:lang:ve-Latn-ZA,POPULATION_OR_CONTEXT,percentage_only,percent,,2.5,,Share of South Africa population reporting Tshivenda as household language,2022,,,SRC_STATSSA_CENSUS_2022,https://www.statssa.gov.za/wp-content/uploads/2023/11/Mbalo-brief-November.pdf,,non_additive; never sum with another measure or measure class without a proved disjoint-person crosswalk,,V2_CANONICAL_EVIDENCE,false,216f911b3cdc5b39c1ba7e034ceb28fbdad2c8eee62a7fb698863070d4acca81
canonical:pop:f33bbaa1682c2f12b998e134,v2_population,pop:f33bbaa1682c2f12b998e134,edition-target:lang:prl-PE,POPULATION_OR_CONTEXT,home_or_first_language,persons_sign_language_mother_tongue,,10447,,People reporting LSP as mother tongue; not all LSP users.,2017,,,SRC_AMAR_PER_INEI_LSP_2017,https://www.inei.gob.pe/media/MenuRecursivo/publicaciones_digitales/Est/Lib1676/03.pdf,,non_additive; never sum with another measure or measure class without a proved disjoint-person crosswalk,,V2_CANONICAL_EVIDENCE,false,5a4df1e7c346e719e8f80570a7bee00a645e18528f2f24074702e034f98e246a
canonical:pop:f347529ae7ac1a1b4af03612,v2_population,pop:f347529ae7ac1a1b4af03612,edition-target:lang:otw-CA,POPULATION_OR_CONTEXT,speaker_or_reported_ability,persons_2021_language_knowledge,,220,,People reporting knowledge of Daawaamwin / Odawa; mother-tongue count 130. Counts randomly rounded.,2021,,,SRC_AMAR_CAN_ALGONQ_2021,https://www150.statcan.gc.ca/n1/pub/41-20-0002/412000022025002-eng.htm,,non_additive; never sum with another measure or measure class without a proved disjoint-person crosswalk,,V2_CANONICAL_EVIDENCE,false,0b6f224525bcdc1b96b168878829fa2e52eee7d1a2c99710664d8456f1c94832
canonical:pop:f49bada43f82f2e1749e84ce,v2_population,pop:f49bada43f82f2e1749e84ce,edition-target:lang:ayr-AR,POPULATION_OR_CONTEXT,percentage_only,percent_of_self_identified_people_speak_or_understand_own_language,,50.8,,Share of the self-identified Argentina Aymara people who speak or understand the people's language; denominator count is not encoded here.,2022,,,SRC_AMAR_ARG_INDEC_2022,https://www.indec.gob.ar/ftp/cuadros/poblacion/censo2022_poblacion_indigena.pdf,,non_additive; never sum with another measure or measure class without a proved disjoint-person crosswalk,,V2_CANONICAL_EVIDENCE,false,60a146ea211920653e8b08c5862726154344ba3cadcb9d352091557d81e6b9fc
canonical:pop:f5f0ed99d5d08d292b1bdd8c,v2_population,pop:f5f0ed99d5d08d292b1bdd8c,edition-target:lang:unresolved-tag:ava-guarani:paraguay-ava-guarani-people,POPULATION_OR_CONTEXT,ethnicity_or_identity_proxy,persons_indigenous_identity_proxy,,22694,,People identifying with the Ava Guaraní people; not a speaker count.,2022,,,SRC_AMAR_PRY_INDIG_2022,https://www.ine.gov.py/Publicaciones/Biblioteca/documento/237/Resultados-Finales-Censo-Indigena.pdf,,non_additive; never sum with another measure or measure class without a proved disjoint-person crosswalk,,V2_CANONICAL_EVIDENCE,false,d540ad6b549edc0565a7f317dac5cfd15817dfc4a62b3473aec7adaf7f464e6c
canonical:pop:f5fe74bef65af636ea7f2c74,v2_population,pop:f5fe74bef65af636ea7f2c74,edition-target:lang:mai-Deva-NP,POPULATION_OR_CONTEXT,l1,persons_L1,3222389,3222389,3222389,Census mother-tongue count,2021,,,NPL_LANG_2021,https://censusnepal.cbs.gov.np/results/files/result-folder/Language%20in%20Nepal.pdf,,non_additive; never sum with another measure or measure class without a proved disjoint-person crosswalk,,V2_CANONICAL_EVIDENCE,false,c0536217d59606fd303234c18588dc1a474a2cdc8e02059c578f45e5221fbd79
canonical:pop:f6619caf8327caf3d2a22960,v2_population,pop:f6619caf8327caf3d2a22960,edition-target:lang:mgm-Latn-TL,POPULATION_OR_CONTEXT,home_or_first_language,persons_L1,,195778,,2015 census L1 count reproduced in an open peer-reviewed study.,2015,,,TLS_CENSUS_LANGUAGE_STUDY,https://pmc.ncbi.nlm.nih.gov/articles/PMC9411783/,,non_additive; never sum with another measure or measure class without a proved disjoint-person crosswalk,,V2_CANONICAL_EVIDENCE,false,e75cc4c9b099a3a727d92af6b62404cd51dc8396b938002b667597cb0d66cb70
canonical:pop:f71177c091b3e0054383d5d4,v2_population,pop:f71177c091b3e0054383d5d4,edition-target:lang:agu-GT,POPULATION_OR_CONTEXT,home_or_first_language,persons_age4plus_mother_tongue,,10145,,People age 4+ reporting Awakateko as mother tongue.,2018,,,SRC_AMAR_GTM_INE_2018,https://censo2018.ine.gob.gt/archivos/resultados_censo2018.pdf,,non_additive; never sum with another measure or measure class without a proved disjoint-person crosswalk,,V2_CANONICAL_EVIDENCE,false,c362e3fae94a31016a954fd2ab3fc3e23d46ad612b58346bf6c6b79e68e8e3a6
canonical:pop:f880a4d5c4b969242e52968f,v2_population,pop:f880a4d5c4b969242e52968f,edition-target:lang:unresolved-tag:jamaican-country-sign-konchri-sain:st-elizabeth-jamaica,POPULATION_OR_CONTEXT,disability_proxy,deaf_adult_users_stale_estimate,,40,,Approximate deaf adult users in 2009; many hearing community members also signed.,2009,,,SRC_AMAR_JAM_COUNTRY_SIGN,https://lms.jamdeaf.org.jm/pluginfile.php/1562/mod_resource/content/1/Socio%20linguistic%20profile%20of%20the%20Deaf%20community.pdf,,non_additive; never sum with another measure or measure class without a proved disjoint-person crosswalk,,V2_CANONICAL_EVIDENCE,false,e640b14bd19329b6be34b04e74e3912a579bdb28321f36dcf31415afd09d0ed6
canonical:pop:f88e047ae9f91bef2d8dc9a3,v2_population,pop:f88e047ae9f91bef2d8dc9a3,edition-target:lang:ja-Jpan-JP,POPULATION_OR_CONTEXT,enrolment,persons,,60013,,Residence-status Student holders enrolled in graduate schools,2025,,,JPN-S007,https://www.studyinjapan.go.jp/ja/statistics/enrollment/data/2605291000.html,,non_additive; never sum with another measure or measure class without a proved disjoint-person crosswalk,,V2_CANONICAL_EVIDENCE,false,83e4cc12565a040216e3430e002cf9ec02cbf66d0f32cc3ea29785eb237c686b
canonical:pop:f947d8b186ac763530534d7c,v2_population,pop:f947d8b186ac763530534d7c,edition-target:lang:ykg-RU,POPULATION_OR_CONTEXT,speaker_or_reported_ability,persons_within_named_people_reporting_same_named_language_knowledge_shared_where_noted,,300,,"Shared Yukaghir language-knowledge count; ethnic population 1,813; not split from Forest Yukaghir.",2021,,,SRC_AMAR_RUS_ROSSTAT_2021,https://rosstat.gov.ru/storage/mediabank/Tom5_tab18_VPN-2020.xlsx,,non_additive; never sum with another measure or measure class without a proved disjoint-person crosswalk,,V2_CANONICAL_EVIDENCE,false,53e401ab7f751a1acc08409348fbcd5d02558ce35c489cba05f67b4959c93108
canonical:pop:f954ecbfa521ac0984f243a1,v2_population,pop:f954ecbfa521ac0984f243a1,edition-target:lang:ky-Cyrl-KG,POPULATION_OR_CONTEXT,l1,people,5360056,5360056,5360056,Own-nationality native-language count in Census 2022.,2022,,,SRC_KYRGYZ_CENSUS_2022,https://stat.gov.kg/media/publicationarchive/0f717d2d-5078-4e18-8b56-fb2a530462a2.pdf,,non_additive; never sum with another measure or measure class without a proved disjoint-person crosswalk,,V2_CANONICAL_EVIDENCE,false,ee20ccc1381ab336de91853da1cfa0edb37b57d17b02d9a47a07cdaf11a4270e
canonical:pop:f95fbedf90f373eca0f79dec,v2_population,pop:f95fbedf90f373eca0f79dec,edition-target:lang:brh-Arab-PK,POPULATION_OR_CONTEXT,l1,persons_L1,2778670,2778670,2778670,Census mother-tongue count,2023,,,PBS_MT_2023,https://www.pbs.gov.pk/wp-content/uploads/census_tables/tables/table_11_national.pdf,,non_additive; never sum with another measure or measure class without a proved disjoint-person crosswalk,,V2_CANONICAL_EVIDENCE,false,5729bfe3a701941eb7e3dad14c8b5bc548ebbcb4d65a674685c32379245f27a1
canonical:pop:f9cec7ee185d0e3cd5d487b3,v2_population,pop:f9cec7ee185d0e3cd5d487b3,edition-target:lang:vi-Latn-VN,POPULATION_OR_CONTEXT,ethnicity_or_identity_proxy,persons_ethnicity_proxy,,82085826,,2019 Kinh ethnicity count; not a direct language-use measure.,2019,,,VNM_CENSUS_2019,https://tongdieutradanso.vn/uploads/data/6/files/files/Population%20and%20Housing%20Census%202019_final%20report.pdf,,non_additive; never sum with another measure or measure class without a proved disjoint-person crosswalk,,V2_CANONICAL_EVIDENCE,false,bb22e28b681623c282ef4c78fac747df3110c9e8419d8dc0e4a69247016fbf31
canonical:pop:fa5e0e45f5ed8fcab6218f60,v2_population,pop:fa5e0e45f5ed8fcab6218f60,edition-target:lang:unresolved-tag:chilean-quechua-exact-local-variety-required:chile-chilean-quechua-exact-local-va,POPULATION_OR_CONTEXT,speaker_or_reported_ability,persons_age5plus_speak_or_understand,,39430,,People age 5+ who speak or understand Quechua; variety unresolved.,2024,,,SRC_AMAR_CHL_INE_2024,https://censo2024.ine.gob.cl/wp-content/uploads/2025/12/sintesis_resultados_censo2024.pdf,,non_additive; never sum with another measure or measure class without a proved disjoint-person crosswalk,,V2_CANONICAL_EVIDENCE,false,bffb6efd6fc6d3d06ab412e6785f4ff4157bf57e407f542311d43f7c8655459c
canonical:pop:fa7099c1ec31ba95cc929ed5,v2_population,pop:fa7099c1ec31ba95cc929ed5,edition-target:lang:arn-CL:variety:mapuzugun-exact-regional-variety-required,POPULATION_OR_CONTEXT,speaker_or_reported_ability,persons_age5plus_speak_or_understand,,381762,,People age 5+ who speak or understand Mapuzugun; shared across regional varieties.,2024,,,SRC_AMAR_CHL_INE_2024,https://censo2024.ine.gob.cl/wp-content/uploads/2025/12/sintesis_resultados_censo2024.pdf,,non_additive; never sum with another measure or measure class without a proved disjoint-person crosswalk,,V2_CANONICAL_EVIDENCE,false,094fb50f002b7d3ad09b08a4e3441957df1a354639355022ab99cb23f15febef
canonical:pop:fa9596007dbae216303039ae,v2_population,pop:fa9596007dbae216303039ae,edition-target:lang:dv-Thaa-MV,POPULATION_OR_CONTEXT,percentage_only,percent_maldivians_age10plus_dhivehi_literate,,98.6,,"Maldivians age 10+ reported Dhivehi literacy; national aggregate, not Malé-standard-only",2022,,,OIO_7EC90A4A2993,https://census.gov.mv/2022/wp-content/uploads/2024/02/Education_Census-2022_Report.pdf,,non_additive; never sum with another measure or measure class without a proved disjoint-person crosswalk,,V2_CANONICAL_EVIDENCE,false,d3a164531cb98abe16b77fd52dfa3cfb427b483fcd7727fedd555c888bca2f81
canonical:pop:fbb027ef08e3e292ed1996b5,v2_population,pop:fbb027ef08e3e292ed1996b5,edition-target:lang:bho-Deva-MU,POPULATION_OR_CONTEXT,home_language_response,persons_language_response_including_combinations,106583,106583,106583,Census Bhojpuri category including combination responses in Republic tables excluding Agalega,2022,,,OIO_CA36C5E73C30,https://statsmauritius.govmu.org/Documents/Census_and_Surveys/Census2022/HPC_TR_Vol2_Demography_Yr22.pdf,,non_additive; never sum with another measure or measure class without a proved disjoint-person crosswalk,,V2_CANONICAL_EVIDENCE,false,72cafc46f50d207f43b278db62e42550744b98f3fff7ea85e57b25dcb9a48cfe
canonical:pop:fbb33431deb7c63768ba4a52,v2_population,pop:fbb33431deb7c63768ba4a52,edition-target:lang:ja-Jpan-JP,POPULATION_OR_CONTEXT,enrolment,persons,,1877,,Combined pupils needing Japanese instruction in compulsory-education schools 811; secondary-education schools 99; special-needs schools 967,2025,,,JPN-S003,https://www.mext.go.jp/b_menu/houdou/31/09/1421569_00007.htm,,non_additive; never sum with another measure or measure class without a proved disjoint-person crosswalk,,V2_CANONICAL_EVIDENCE,false,0c7892f367af97cf917b39c668e6053ef2a51e79048fff36e33dfeed0a5c5e80
canonical:pop:fc678728c361090556d47bee,v2_population,pop:fc678728c361090556d47bee,edition-target:lang:km-Khmr-KH,POPULATION_OR_CONTEXT,home_or_first_language,persons_mother_tongue,,14893134,,Cambodia 2019 census mother-tongue count.,2019,,,KHM_CENSUS_2019,https://nis.gov.kh/nis/Census2019/Final%20General%20Population%20Census%202019-English.pdf,,non_additive; never sum with another measure or measure class without a proved disjoint-person crosswalk,,V2_CANONICAL_EVIDENCE,false,fca8684078caa9a08d8280e2eed23988315e7ae9fab31050c268ab9794eb8693
canonical:pop:ff2ba3113c0274d885d3f483,v2_population,pop:ff2ba3113c0274d885d3f483,edition-target:lang:zh-Hans-CN:written,POPULATION_OR_CONTEXT,enrolment,persons,,518300,,Vocational bachelor's students enrolled in 2025,2025,,,SRC_MOE_EDU_2025,https://www.moe.gov.cn/jyb_sjzl/sjzl_fztjgb/202607/t20260706_1442870.html,,non_additive; never sum with another measure or measure class without a proved disjoint-person crosswalk,,V2_CANONICAL_EVIDENCE,false,bd08fa07c8d107581d59e6ab215105a5a0c3d47835ec74a7d92c02759c443412
canonical:pop:ffdfc71202edc76f82d195d7,v2_population,pop:ffdfc71202edc76f82d195d7,edition-target:lang:ig-Latn-NG,POPULATION_OR_CONTEXT,direct_reach_synthesis,people,30000000,35000000,40000000,Rounded direct-reach range by demographic proxies; not a speaker census,,,,,,,non_additive; never sum with another measure or measure class without a proved disjoint-person crosswalk,,V2_CANONICAL_EVIDENCE,false,b0b2ba58c64070e4f75e037d8bcbd67c80c78ab1af884db019df3e61d5031ef4
canonical:pop:shared:shared-denominator:001:,v2_population,pop:shared:shared-denominator:001:,edition-target:lang:fuv-Latn-NG,POPULATION_OR_CONTEXT,persons_basis_not_stated,people,40000000,,,"Fula-wide speaker lower bound; shared context only, not an exact variety count and not additive",2025,,,SRC_UNICODE17_CH19,https://www.unicode.org/versions/Unicode17.0.0/core-spec/chapter-19/,,non_additive; never sum with another measure or measure class without a proved disjoint-person crosswalk,shared-denominator:001,V2_CANONICAL_EVIDENCE,false,c996acbaa5fe34dfa666269241969eb853f5c2ab4d1a7d0815dc21e07da0f0b1
canonical:pop:shared:shared-denominator:002:,v2_population,pop:shared:shared-denominator:002:,edition-target:lang:knc-Latn-NG,POPULATION_OR_CONTEXT,persons_basis_not_stated,people,8000000,9000000,10000000,Rounded Lake Chad basin total across Kanuri varieties; shared and not additive,,,,,,,non_additive; never sum with another measure or measure class without a proved disjoint-person crosswalk,shared-denominator:002,V2_CANONICAL_EVIDENCE,false,47aa667ba0f53661183c05391b3d3a4caec160746af85bc39e30b81861be8be5
canonical:pop:shared:shared-denominator:003:,v2_population,pop:shared:shared-denominator:003:,edition-target:lang:unresolved-tag:amazonian-kichwa-in-peru:peru-amazonian-kichwa-in-peru-educat,POPULATION_OR_CONTEXT,home_or_first_language,persons_age5plus_mother_tongue_aggregate_shared,,3735682,,People age 5+ reporting the census aggregate Quechua as mother tongue; cannot be allocated to this education variety.,2017,,,SRC_AMAR_PER_INEI_2017,https://www.inei.gob.pe/media/MenuRecursivo/publicaciones_digitales/Est/Lib1539/libro.pdf,,non_additive; never sum with another measure or measure class without a proved disjoint-person crosswalk,shared-denominator:003,V2_CANONICAL_EVIDENCE,false,bbda4a48c6d0700f57c90c94e78b21dc58657cf2ffe2e04e9e624a673b2b999f
canonical:pop:shared:shared-denominator:004:,v2_population,pop:shared:shared-denominator:004:,edition-target:lang:swh-Latn-TZ:variety:tanzania-mainland-standard-kiswahili,POPULATION_OR_CONTEXT,persons_basis_not_stated,people,200000000,,,Regional Kiswahili total users; strict lower bound shared across localized rows and not additive,2026,,,SRC_UNESCO_KISWAHILI,https://www.unesco.org/en/days/kiswahili-language?hub=71635,,non_additive; never sum with another measure or measure class without a proved disjoint-person crosswalk,shared-denominator:004,V2_CANONICAL_EVIDENCE,false,28962241dec180c816fbc97e5aac03d1f21df5d4635b9529d864d4677be62cdf
canonical:pop:shared:shared-denominator:005:,v2_population,pop:shared:shared-denominator:005:,edition-target:lang:so-Latn-SO:variety:standard-somali-maxaa,POPULATION_OR_CONTEXT,direct_reach_synthesis,people,20000000,25000000,30000000,Rounded direct-reach range across the Somali package; shared and not additive,,,,,,,non_additive; never sum with another measure or measure class without a proved disjoint-person crosswalk,shared-denominator:005,V2_CANONICAL_EVIDENCE,false,f6e1b1ff6755f5cbf506a82a57a2604310d3041eb9b5b81a036c264aab0775b3
canonical:pop:shared:shared-denominator:006:,v2_population,pop:shared:shared-denominator:006:,edition-target:lang:plt-Latn-MG,POPULATION_OR_CONTEXT,direct_reach_synthesis,people,25000000,28500000,32000000,Rounded direct-reach range for the Malagasy package; shared and not additive,,,,,,,non_additive; never sum with another measure or measure class without a proved disjoint-person crosswalk,shared-denominator:006,V2_CANONICAL_EVIDENCE,false,95718b0ce36912b61ddd736aad3ecbb5fe19414fbca23a0a685955f3f3b87e5a
canonical:pop:shared:shared-denominator:007:,v2_population,pop:shared:shared-denominator:007:,edition-target:lang:sn-Latn-ZW:variety:standard-shona,POPULATION_OR_CONTEXT,direct_reach_synthesis,people,12000000,13500000,15000000,Rounded direct reach across the Zimbabwe Shona package; shared and not additive,,,,,,,non_additive; never sum with another measure or measure class without a proved disjoint-person crosswalk,shared-denominator:007,V2_CANONICAL_EVIDENCE,false,afb69d2827fa7b41b65841c0856b2dd1a64a88d4e4fa8f99c09bf1b29e15d5f2
canonical:pop:shared:shared-denominator:008:,v2_population,pop:shared:shared-denominator:008:,edition-target:lang:gym-CR,POPULATION_OR_CONTEXT,enrolment,learners_shared_indigenous_territory_school_cohort_proxy,,16000,,Total learners across 309 Indigenous-territory schools; shared proxy cannot be allocated to this language.,2024,,,SRC_AMAR_CRI_MEP_2024,https://mep.go.cr/noticias/mep-fortalece-educacion-territorios-indigenas,,non_additive; never sum with another measure or measure class without a proved disjoint-person crosswalk,shared-denominator:008,V2_CANONICAL_EVIDENCE,false,b1908570f2f68412fd11b49616f36866c00c0f4e99d52ba6019f8fc1b2e7ec71
canonical:pop:shared:shared-denominator:009:,v2_population,pop:shared:shared-denominator:009:,edition-target:lang:cpc-PE,POPULATION_OR_CONTEXT,speaker_or_reported_ability,persons_childhood_speakers_aggregate_shared,,8774,,"Field estimate of childhood Asheninka speakers across distinct varieties; 15,281 people were reported in Asheninka localities.",2017,,,SRC_AMAR_PER_BDPI_ASHENINKA,https://bdpi.cultura.gob.pe/pueblos/asheninka,,non_additive; never sum with another measure or measure class without a proved disjoint-person crosswalk,shared-denominator:009,V2_CANONICAL_EVIDENCE,false,e29b5793f95fb22bc187e3e78cf8026944e2175e0ef301c32448bd5243ea453f
canonical:pop:shared:shared-denominator:010:,v2_population,pop:shared:shared-denominator:010:,edition-target:lang:guu-VE,POPULATION_OR_CONTEXT,ethnicity_or_identity_proxy,persons_indigenous_identity_stale_proxy,,9479,,Shared Yanomami identity aggregate; not allocable to this language.,2011,,,SRC_AMAR_VEN_INE_2011,https://celade.cepal.org/censosinfo/manuales/VE_EmpadronPobIndigena_2011.pdf,,non_additive; never sum with another measure or measure class without a proved disjoint-person crosswalk,shared-denominator:010,V2_CANONICAL_EVIDENCE,false,5efd87b877b189c604b343581f7ac38453d6cd77f3a5ac9ca6a9b602d1a4618f
canonical:pop:shared:shared-denominator:011:,v2_population,pop:shared:shared-denominator:011:,edition-target:lang:yo-Latn-NG,POPULATION_OR_CONTEXT,direct_reach_synthesis,people,30000000,40000000,50000000,Rounded direct-reach range across the Yoruba package; shared across country rows and not additive,,,,,,,non_additive; never sum with another measure or measure class without a proved disjoint-person crosswalk,shared-denominator:011,V2_CANONICAL_EVIDENCE,false,9b12d8396f5dc0a300680f2881290dc623c4bc08d38e24a170db6efbbef112e8
canonical:pop:shared:shared-denominator:012:,v2_population,pop:shared:shared-denominator:012:,edition-target:lang:ln-Latn-CD:variety:drc-standard-lingala,POPULATION_OR_CONTEXT,persons_basis_not_stated,people,30000000,37500000,45000000,Rounded total-use reach across the Lingala package; shared and not additive,,,,,,,non_additive; never sum with another measure or measure class without a proved disjoint-person crosswalk,shared-denominator:012,V2_CANONICAL_EVIDENCE,false,cea4e83795cca86956b0dce7e6dc2a2b0568900fc5519a7a863b616239346a8d
canonical:pop:shared:shared-denominator:013:,v2_population,pop:shared:shared-denominator:013:,edition-target:lang:rn-Latn-BI,POPULATION_OR_CONTEXT,direct_reach_synthesis,people,12000000,12500000,13000000,Rounded direct-reach range for Kirundi; shared and not additive,,,,,,,non_additive; never sum with another measure or measure class without a proved disjoint-person crosswalk,shared-denominator:013,V2_CANONICAL_EVIDENCE,false,137fd0209a9cad44b600eda595178d3b9137ed9a7a4f4302a17b7332c8eee1ee
canonical:pop:shared:shared-denominator:014:,v2_population,pop:shared:shared-denominator:014:,edition-target:lang:tw-Latn-GH:variety:asante-twi,POPULATION_OR_CONTEXT,persons_basis_not_stated,people,15000000,17500000,20000000,Rounded reach for Akan standards; shared and not additive,,,,,,,non_additive; never sum with another measure or measure class without a proved disjoint-person crosswalk,shared-denominator:014,V2_CANONICAL_EVIDENCE,false,332f7c276318e58c2eb773534f2d8a1328a9064d8374a9add2b0f9e0373c09c5
canonical:pop:shared:shared-denominator:015:,v2_population,pop:shared:shared-denominator:015:,edition-target:lang:ny-Latn-MW,POPULATION_OR_CONTEXT,persons_basis_not_stated,people,15000000,17500000,20000000,Rounded cross-border reach for Chichewa/Nyanja; shared and not additive,,,,,,,non_additive; never sum with another measure or measure class without a proved disjoint-person crosswalk,shared-denominator:015,V2_CANONICAL_EVIDENCE,false,14439f6cd2bb5321a7549bcba13f4a7be8cf7a8b01d4daa99a4d0c18de5ef0ef
canonical:pop:shared:shared-denominator:016:,v2_population,pop:shared:shared-denominator:016:,edition-target:lang:sat-Beng-IN,POPULATION_OR_CONTEXT,l1_ceiling_not_script_specific,persons_L1_ceiling,,,6973345,Raw Santali L1 total is an upper bound; script-specific population unknown,2011,,,IND_C16_2011,https://censusindia.gov.in/nada/index.php/catalog/10191,,non_additive; never sum with another measure or measure class without a proved disjoint-person crosswalk,shared-denominator:016,V2_CANONICAL_EVIDENCE,false,e1b8d103d02805b9f6bf1de5ef236ffb767564b2d2fe5e17d441464dff2a197e
canonical:pop:shared:shared-denominator:017:,v2_population,pop:shared:shared-denominator:017:,edition-target:lang:kca-RU:variety:northern-khanty,POPULATION_OR_CONTEXT,speaker_or_reported_ability,persons_within_named_people_reporting_same_named_language_knowledge_shared_where_noted,,8664,,"Shared Khanty language-knowledge count; ethnic population 31,600; not split by variety.",2021,,,SRC_AMAR_RUS_ROSSTAT_2021,https://rosstat.gov.ru/storage/mediabank/Tom5_tab18_VPN-2020.xlsx,,non_additive; never sum with another measure or measure class without a proved disjoint-person crosswalk,shared-denominator:017,V2_CANONICAL_EVIDENCE,false,4f16be4c685b47616e63cb43f10424ce5e7f50dd6b5b26134e05a3e4f217e747
canonical:pop:shared:shared-denominator:018:,v2_population,pop:shared:shared-denominator:018:,edition-target:lang:srm-SR,POPULATION_OR_CONTEXT,households,households_grouped_maroon_language_shared,,21699,,"Households grouped by the census under 'Maroon language'; cannot be allocated among Saamaka, Ndyuka, and Paramaccan.",2012,,,SRC_AMAR_SUR_CENSUS_2012,https://unstats.un.org/unsd/demographic-social/census/documents/Suriname/SUR-Census2012-vol3.pdf,,non_additive; never sum with another measure or measure class without a proved disjoint-person crosswalk,shared-denominator:018,V2_CANONICAL_EVIDENCE,false,2cbb4775ed5060ded6f01b41d23d7949ff6b3c209170b0835d2048ff19e3fa46
canonical:pop:shared:shared-denominator:019:,v2_population,pop:shared:shared-denominator:019:,edition-target:lang:unresolved-tag:pemon-arekuna:venezuela-pemon-arekuna-communities,POPULATION_OR_CONTEXT,ethnicity_or_identity_proxy,persons_indigenous_identity_stale_proxy,,30148,,"Shared Pemón identity aggregate across Arekuna, Kamarakoto, and Taurepán.",2011,,,SRC_AMAR_VEN_INE_2011,https://celade.cepal.org/censosinfo/manuales/VE_EmpadronPobIndigena_2011.pdf,,non_additive; never sum with another measure or measure class without a proved disjoint-person crosswalk,shared-denominator:019,V2_CANONICAL_EVIDENCE,false,51942223edf2e2e1373f02ea0343171e16ffe9c15e758819af44fe0b99def9eb
canonical:pop:shared:shared-denominator:020:,v2_population,pop:shared:shared-denominator:020:,edition-target:lang:gaz-Latn-ET:variety:ethiopian-standard-oromo,POPULATION_OR_CONTEXT,persons_basis_not_stated,people,,24930424,,2007 Ethiopia mother-tongue count for Oromo overall; shared across Ethiopian variety rows and not additive,2007,,,SRC_ESS_CENSUS_2007,https://drs.ess.gov.et/bitstreams/61d74990-69a7-4f11-8e91-9234ca31d94f/download,,non_additive; never sum with another measure or measure class without a proved disjoint-person crosswalk,shared-denominator:020,V2_CANONICAL_EVIDENCE,false,6852c3216a97c8b6276aa89cd928ee5b7c47a486c994ac77b2aa5130ac957c03
canonical:pop:shared:shared-denominator:021:,v2_population,pop:shared:shared-denominator:021:,edition-target:lang:rw-Latn-RW,POPULATION_OR_CONTEXT,direct_reach_synthesis,people,13000000,13500000,14000000,Rounded direct-reach range for Kinyarwanda; shared and not additive,,,,,,,non_additive; never sum with another measure or measure class without a proved disjoint-person crosswalk,shared-denominator:021,V2_CANONICAL_EVIDENCE,false,45140afac52c633b1a4d20ea83f8d1eaf38c95e43d4b04fba84cbe01dff5a0e6
canonical:pop:shared:shared-denominator:022:,v2_population,pop:shared:shared-denominator:022:,edition-target:lang:bm-Latn-ML,POPULATION_OR_CONTEXT,persons_basis_not_stated,people,12000000,14000000,16000000,Rounded total or bridge reach for Bambara; shared across script rows and not additive,,,,,,,non_additive; never sum with another measure or measure class without a proved disjoint-person crosswalk,shared-denominator:022,V2_CANONICAL_EVIDENCE,false,c312e763e65d8ec4e55ebf95c4239926c3a93666b2063863ae880efe6772c0a6
canonical:pop:shared:shared-denominator:023:,v2_population,pop:shared:shared-denominator:023:,edition-target:lang:ktu-Latn-CD,POPULATION_OR_CONTEXT,persons_basis_not_stated,people,10000000,,,Combined bridge lower bound across Kikongo ya Leta and Kituba; shared and not additive,,,,,,,non_additive; never sum with another measure or measure class without a proved disjoint-person crosswalk,shared-denominator:023,V2_CANONICAL_EVIDENCE,false,a867277a192631cb2a27c92eb089674b398fbe005d8f4f28d7b7404fb6818444
canonical:pop:shared:shared-denominator:024:,v2_population,pop:shared:shared-denominator:024:,edition-target:lang:rhg-Latn,POPULATION_OR_CONTEXT,displacement_status_cohort,persons_UNHCR_operational_populations_nonadditive,,1848647,,Same operational population as Hanifi row; non-additive script-access edition.,2025,,,MMR_UNHCR_SITUATION_2025,https://data.unhcr.org/en/situations/myanmar,,non_additive; never sum with another measure or measure class without a proved disjoint-person crosswalk,shared-denominator:024,V2_CANONICAL_EVIDENCE,false,d5d77ccb8f50c8f48230470ead6769dd8e00f8307a0ac83b75caab73b623e6ca
canonical:pop:shared:shared-denominator:025:,v2_population,pop:shared:shared-denominator:025:,edition-target:lang:unresolved-tag:neku:new-caledonia-neku-using-communities,POPULATION_OR_CONTEXT,speaker_or_reported_ability,persons_age15plus_speaking,110,110,110,People aged 15+ reported speaking the named language,2019,,,OIO_9D74E354F4EB,https://www.isee.nc/component/phocadownload/category/269-recensement-de-la-population?download=2186%3Arp-2019-la-population-vivant-en-tribus,,non_additive; never sum with another measure or measure class without a proved disjoint-person crosswalk,shared-denominator:025,V2_CANONICAL_EVIDENCE,false,fc6dbf22d990715114634fe88457fcaa0daaa19edd74b7ff145ff67d6c0d15ab
canonical:pop:shared:shared-denominator:026:,v2_population,pop:shared:shared-denominator:026:,edition-target:lang:wlc-Arab-KM,POPULATION_OR_CONTEXT,territorial_exposure_ceiling,persons_island_population_ceiling,51567,51567,51567,Mwali resident population; not a Shimwali speaker count,2017,,,OIO_C7EC7E68CA83,https://www.inseed-comores.org/wp-content/uploads/2024/02/RAPPORT-RESULTATS-GLOBAUX_COMORES-DU-RGPH-2017.pdf,,non_additive; never sum with another measure or measure class without a proved disjoint-person crosswalk,shared-denominator:026,V2_CANONICAL_EVIDENCE,false,087bcd369697b09fc0e16e4ec9fd0dcfd543c0b36c366c001b2a3eb15625b4a6
canonical:pop:shared:shared-denominator:027:,v2_population,pop:shared:shared-denominator:027:,edition-target:lang:wni-Arab-KM,POPULATION_OR_CONTEXT,territorial_exposure_ceiling,persons_island_population_ceiling,327382,327382,327382,Ndzuwani resident population; not a Shindzuani speaker count,2017,,,OIO_C7EC7E68CA83,https://www.inseed-comores.org/wp-content/uploads/2024/02/RAPPORT-RESULTATS-GLOBAUX_COMORES-DU-RGPH-2017.pdf,,non_additive; never sum with another measure or measure class without a proved disjoint-person crosswalk,shared-denominator:027,V2_CANONICAL_EVIDENCE,false,7ed951fb8cd6655f91edf4dbbb6a0b2453a14e463ac971540d24cc2960af9616
canonical:pop:shared:shared-denominator:028:,v2_population,pop:shared:shared-denominator:028:,edition-target:lang:zdj-Arab-KM,POPULATION_OR_CONTEXT,territorial_exposure_ceiling,persons_island_population_ceiling,379367,379367,379367,Ngazidja resident population; not a Shingazidja speaker count,2017,,,OIO_C7EC7E68CA83,https://www.inseed-comores.org/wp-content/uploads/2024/02/RAPPORT-RESULTATS-GLOBAUX_COMORES-DU-RGPH-2017.pdf,,non_additive; never sum with another measure or measure class without a proved disjoint-person crosswalk,shared-denominator:028,V2_CANONICAL_EVIDENCE,false,e3d920cfa770d1471dabab6104846f7ee9c0fe23af5934c550dc7845bb3314dd
canonical:pop:shared:shared-denominator:029:,v2_population,pop:shared:shared-denominator:029:,edition-target:lang:unresolved-tag:highland-kichwa-exact-regional-variety-required:ecuador-highland-kichwa-exact-region,POPULATION_OR_CONTEXT,ethnicity_or_identity_proxy,persons_indigenous_identity_aggregate_shared,,516286,,People counted as Kichwa identity; cannot be allocated between Highland and Amazonian varieties and is not a speaker count.,2022,,,SRC_AMAR_ECU_INEC_2022,https://www.censoecuador.gob.ec/public/Boletin_Nacional.htm,,non_additive; never sum with another measure or measure class without a proved disjoint-person crosswalk,shared-denominator:029,V2_CANONICAL_EVIDENCE,false,5f617d510edae30da73ab91cfc5405149561bcadd65d551eaabf0b0b455efd4c
canonical:pop:shared:shared-denominator:030:,v2_population,pop:shared:shared-denominator:030:,edition-target:lang:smn,POPULATION_OR_CONTEXT,speaker_or_reported_ability,persons_language_users_literature_range,,300,,Peer-reviewed speaker estimate or range; not harmonized census count.,,,,SRC_AMAR_SAMI_REVIEW_2025,https://www.tandfonline.com/doi/abs/10.1080/14790718.2025.2517902,,non_additive; never sum with another measure or measure class without a proved disjoint-person crosswalk,shared-denominator:030,V2_CANONICAL_EVIDENCE,false,6dd3849276e1696c196e3442db1824e0ec11919aa59f8a9fb32578750f5ff45f
canonical:pop:shared:shared-denominator:031:,v2_population,pop:shared:shared-denominator:031:,edition-target:lang:shi-Tfng-MA,POPULATION_OR_CONTEXT,percentage_only,percent,,14.2,,Share of Morocco population reporting use of Tachelhit; repeated across scripts and not additive,2024,,,SRC_HCP_RGPH_2024,https://www.hcp.ma/downloads/RGPH-2024_t22752.html,,non_additive; never sum with another measure or measure class without a proved disjoint-person crosswalk,shared-denominator:031,V2_CANONICAL_EVIDENCE,false,76cd8b25a48d128113cd49ad858e7eeca1ee492c4929aacb475e9e18ed5d53a7
canonical:pop:shared:shared-denominator:032:,v2_population,pop:shared:shared-denominator:032:,edition-target:lang:tzm-Tfng-MA,POPULATION_OR_CONTEXT,percentage_only,percent,,7.4,,Share of Morocco population reporting use of Central Atlas Tamazight; repeated across scripts and not additive,2024,,,SRC_HCP_RGPH_2024,https://www.hcp.ma/downloads/RGPH-2024_t22752.html,,non_additive; never sum with another measure or measure class without a proved disjoint-person crosswalk,shared-denominator:032,V2_CANONICAL_EVIDENCE,false,104fbae06297fbec989b562674cfa48b971f80a031d4006bb81d8c466bf7fde7
canonical:pop:shared:shared-denominator:033:,v2_population,pop:shared:shared-denominator:033:,edition-target:lang:rif-Tfng-MA,POPULATION_OR_CONTEXT,percentage_only,percent,,3.2,,Share of Morocco population reporting use of Tarifit; repeated across scripts and not additive,2024,,,SRC_HCP_RGPH_2024,https://www.hcp.ma/downloads/RGPH-2024_t22752.html,,non_additive; never sum with another measure or measure class without a proved disjoint-person crosswalk,shared-denominator:033,V2_CANONICAL_EVIDENCE,false,e9919bba2db61f95c6d0dff7fcd2c96da79f63322b4b19b6c8c398d852600fdc
canonical:pop:shared:shared-denominator:034:,v2_population,pop:shared:shared-denominator:034:,edition-target:lang:ha-Latn-NG,POPULATION_OR_CONTEXT,persons_basis_not_stated,people,80000000,,,Hausa speakers in Nigeria; strict lower bound shared across Nigerian script rows and not additive,2026,,,SRC_UNESCO_AI_LANGUAGES,https://www.unesco.org/en/articles/african-languages-blind-spot-ai,,non_additive; never sum with another measure or measure class without a proved disjoint-person crosswalk,shared-denominator:034,V2_CANONICAL_EVIDENCE,false,8fc68d1d850247e87a279544cb26f76881de34f2e5bd165378fa230a9fddd0f8
canonical:pop:shared:shared-denominator:035:,v2_population,pop:shared:shared-denominator:035:,edition-target:lang:wo-Latn-SN,POPULATION_OR_CONTEXT,percentage_only,percent,,75,,Share of Senegal population using Wolof as L1 or L2; repeated across script rows and not additive,,,,SRC_WB_SENEGAL_CHAD,https://blogs.worldbank.org/en/education/learning-read-language-children-understand,,non_additive; never sum with another measure or measure class without a proved disjoint-person crosswalk,shared-denominator:035,V2_CANONICAL_EVIDENCE,false,bc2b1ea27e721a8df837342f4d7e5a549481e5cba53b86a19e69c169ce56a1a8
llps-package:PKG-BN-BD-IN-PARALLEL,v2_package_context,llps-package:PKG-BN-BD-IN-PARALLEL,edition-target:lang:bn-Beng-BD;edition-target:lang:bn-Beng-IN,PACKAGE_CONTEXT_NO_INHERITANCE,package_context,persons,264588675,264597166,264605657,"Arithmetic sum is person-disjoint by country, but cross-year and mixed evidence class; package context only.",,,,,,,PACKAGE_CONTEXT_NO_INHERITANCE,,PACKAGE_CONTEXT_ONLY,false,c50fb248514ad9596a8d93816c89220c424bb4cfd227d83fae96f5f6d72090ba
llps-package:PKG-HINDI-URDU-PARALLEL-L1-LOWER-BOUND,v2_package_context,llps-package:PKG-HINDI-URDU-PARALLEL-L1-LOWER-BOUND,edition-target:lang:hi-Deva-IN;edition-target:lang:ur-Arab-IN;edition-target:lang:ur-Arab-PK,PACKAGE_CONTEXT_NO_INHERITANCE,package_context,persons,395205166,395205166,395205166,Indian Hindi and Urdu are disjoint raw census categories; Pakistan Urdu is country-disjoint. This is not evidence of no-study cross-script comprehension.,,,,,,,PACKAGE_CONTEXT_NO_INHERITANCE,,PACKAGE_CONTEXT_ONLY,false,cf8591ba0ed42bf0962016811b5d928e9b843fc340c3bd5f5768b96a4ca36b62
llps-package:PKG-PA-GURU-SHAHMUKHI-PARALLEL,v2_package_context,llps-package:PKG-PA-GURU-SHAHMUKHI-PARALLEL,edition-target:lang:pa-Guru-IN;edition-target:lang:pnb-Arab-PK,PACKAGE_CONTEXT_NO_INHERITANCE,package_context,persons,120059639,120059639,120059639,"Person counts are country-disjoint; neither census enumerates script, so the sum is language-community reach for a two-script package only.",,,,,,,PACKAGE_CONTEXT_NO_INHERITANCE,,PACKAGE_CONTEXT_ONLY,false,24af4864358153a38a03d3b8afd2ce1021e3b0be4db765c9399cd1625479f4e3
llps:LLPS-AR-UMBRELLA-SPEAKERS,v2_population,LLPS-AR-UMBRELLA-SPEAKERS,edition-target:lang:arb-Arab-001,POPULATION_OR_CONTEXT,macrolanguage_speaker_estimate,persons,,450000000,,UNESCO approximate Arabic-speaker umbrella.,2024,,,source:llps:src_unesco_arabic,,,Never assign to MSA or add to vernaculars.,AR-MSA-vernacular,V2_CANONICAL_EVIDENCE,false,c3d21914aaebc77ee031ab2a188ac4918cfe76ecef6b422b43ad4c42d010bb36
llps:LLPS-ARB-MSA-EDU-EXPOSURE-2025,v2_population,LLPS-ARB-MSA-EDU-EXPOSURE-2025,edition-target:lang:arb-Arab-001,POPULATION_OR_CONTEXT,territorial_educational_exposure_ceiling,persons,503356133,503356133,503356133,Population of the Arab World aggregate; MSA is the cross-state written educational register but is not an L1.,2025,,,source:llps:src_wb_arab_world_pop;source:llps:src_wb_loi_arabic_2021,,,Do not add Arabic umbrella or any vernacular population; country residents include non-Arabic users and migrants.,AR-MSA-vernacular,V2_CANONICAL_EVIDENCE,false,40cb06f4e2cd5f0194a4743a4fae0662fdfd0fa339ca119df638acd18c779f29
llps:LLPS-ARZ-EG-TERRITORIAL-CEILING-2024,v2_package_context,llps:LLPS-ARZ-EG-TERRITORIAL-CEILING-2024,edition-target:lang:arz-Arab-EG;edition-target:lang:arz-Latn-EG,PACKAGE_CONTEXT_NO_INHERITANCE,package_context,persons,116538258,116538258,116538258,"Do not assign this population wholesale to Egyptian Arabic, MSA, or Latin transliteration; do not add to Arab World totals.",,,,,,,PACKAGE_CONTEXT_NO_INHERITANCE,,PACKAGE_CONTEXT_ONLY,false,f9fc4b2df9ef0dbdc34ab86c64341a5fd97d0c88d2d3d85a139ccf5436b294f1
llps:LLPS-BN-BD-L1PROXY-2022,v2_population,LLPS-BN-BD-L1PROXY-2022,edition-target:lang:bn-Beng-BD,POPULATION_OR_CONTEXT,derived_l1_proxy,persons,,168419331,,Adjusted population multiplied by official 99.17% Bangla mother-tongue share.,2022-2023,,,source:llps:src_bbs_bangladesh_2022;source:llps:src_bbs_seds_2023,,,Country-disjoint from India Bengali; may be combined only in a parallel-package profile.,BN-BD-language,V2_CANONICAL_EVIDENCE,false,b13f2e80f6da8b23ad4c67982eebd2c0fbff8e12c8938fcea5b120d7c62dd095
llps:LLPS-BN-IN-L1-2011,v2_population,LLPS-BN-IN-L1-2011,edition-target:lang:bn-Beng-IN,POPULATION_OR_CONTEXT,l1,persons,96177835,96177835,96177835,Raw Census mother-tongue return.,2011,,,source:llps:src_india_c16_2011,,,Country-disjoint from Bangladesh Bangla; may be combined only in a parallel-package profile.,IND-C16-2011-person,V2_CANONICAL_EVIDENCE,false,4bf512479321c95f30f53fb7784286e25f1487158065ae96d1109c6a4e23454d
llps:LLPS-DE-GLOBAL-NATIVE,v2_population,LLPS-DE-GLOBAL-NATIVE,edition-target:lang:de-Latn-001,POPULATION_OR_CONTEXT,institutional_native_speaker_rounded_estimate,persons,,100000000,,Goethe-Institut rounded estimate: around 100m native speakers.,2013,,,source:llps:src_goethe_german_2013,,,Do not create an uncited 95-105m interval.,DE-global,V2_CANONICAL_EVIDENCE,false,85fdd0e1518a28f209dc95d50a0fcc4888a5b13397f3e3d912a0ef45c5a7de68
llps:LLPS-EN-AU-HOME-2021,v2_population,LLPS-EN-AU-HOME-2021,edition-target:lang:en-Latn-001,POPULATION_OR_CONTEXT,home_language,persons,18303662,18303662,18303662,Census count using only English at home.,2021,,,source:llps:src_abs_language_2021,,,Country-disjoint from other national English rows; do not add global English estimate.,EN-country-disjoint,V2_CANONICAL_EVIDENCE,false,9475c04ecf5be3e2502a9ac7d3c4824d9e66e326aa001ba37ee2830f207f506c
llps:LLPS-EN-CA-KNOWLEDGE-2021,v2_population,LLPS-EN-CA-KNOWLEDGE-2021,edition-target:lang:en-Latn-001,POPULATION_OR_CONTEXT,reported_ability,persons,,31628570,,Census profile count reporting knowledge of English.,2021,,,source:llps:src_statcan_language_2021,,,Country-disjoint from other national English rows; do not add global English estimate.,EN-country-disjoint,V2_CANONICAL_EVIDENCE,false,04408399ebfc36f4b91c2062f88f89b7670643ebe124da3d3949ef0495ac60a0
llps:LLPS-EN-GLOBAL-MIXED,v2_population,LLPS-EN-GLOBAL-MIXED,edition-target:lang:en-Latn-001,POPULATION_OR_CONTEXT,mixed_l1_l2_ability_estimate,persons,1500000000,,,Institutional estimate of 1.5b English users of varying proficiency.,2013,,,source:llps:src_uk_english_global,,,Never add to country English rows; global estimate subsumes them.,EN-global,V2_CANONICAL_EVIDENCE,false,e2f070b4f7ffaba4ad7f43d013dc768d25599b6b9994b02496bcbddce8b03d02
llps:LLPS-EN-US-HOME-2023,v2_population,LLPS-EN-US-HOME-2023,edition-target:lang:en-Latn-001,POPULATION_OR_CONTEXT,home_language,persons,245250680,245472067,245693454,ACS estimate of people speaking only English at home.,2023,,,source:llps:src_us_acs_b16001_2023,,,"Country-disjoint from Canada, Australia, and England/Wales rows; do not add global English estimate.",EN-country-disjoint,V2_CANONICAL_EVIDENCE,false,156e3c778dddc3023de06823d35719bb7f522fccfa6c6fc41557b4a3e5ef3475
llps:LLPS-ES-GLOBAL-NATIVE,v2_population,LLPS-ES-GLOBAL-NATIVE,edition-target:lang:es-Latn-001,POPULATION_OR_CONTEXT,institutional_native_speaker_estimate,persons,,520000000,,Instituto Cervantes modeled native-domain community.,2025,,,source:llps:src_cervantes_spanish_2025,,,Never add potential users or US home-language row.,ES-global,V2_CANONICAL_EVIDENCE,false,de6b842452a8285bd9b1180ee976fc3bb1f824c70d10bc785c9afbb39090920d
llps:LLPS-ES-GLOBAL-POTENTIAL,v2_population,LLPS-ES-GLOBAL-POTENTIAL,edition-target:lang:es-Latn-001,POPULATION_OR_CONTEXT,mixed_native_limited_and_learner_estimate,persons,630000000,,,Lower bound: potential users exceed 630m.,2025,,,source:llps:src_cervantes_spanish_2025,,,Superset of the 520m native-domain estimate; never add.,ES-global,V2_CANONICAL_EVIDENCE,false,590ddf76188047f55b959b96a38834265a3c93729a80b78327b8dfd232314bb1
llps:LLPS-ES-US-HOME-2023,v2_population,LLPS-ES-US-HOME-2023,edition-target:lang:es-Latn-US,POPULATION_OR_CONTEXT,home_language,persons,43235387,43369734,43504081,ACS estimate of people speaking Spanish at home.,2023,,,source:llps:src_us_acs_b16001_2023,,,"Do not add to the global Cervantes native/potential-user totals, which already include US speakers.",ES-US-vs-global,V2_CANONICAL_EVIDENCE,false,ddb7e3cc47d859d1e125761d12e5e57f037e903a3c2de42b868e4301ee47e95b
llps:LLPS-FIL-PH-EXPOSURE-2024,v2_population,LLPS-FIL-PH-EXPOSURE-2024,edition-target:lang:fil-Latn-PH,POPULATION_OR_CONTEXT,territorial_educational_exposure_ceiling,persons,112729484,112729484,112729484,Official population paired with Filipino's co-medium role with English.,2024,,,source:llps:src_ph_psa_2024;source:llps:src_ph_ra12027_2024,,,Do not add Tagalog household count or assign the population to Tagalog L1.,FIL-TL-PH,V2_CANONICAL_EVIDENCE,false,ba36b53e69fcf34cbe1b5fc1734a288b19fe16cf9349c350ff1ed13418e1fe71
llps:LLPS-FR-GLOBAL-FRANCOPHONES,v2_population,LLPS-FR-GLOBAL-FRANCOPHONES,edition-target:lang:fr-Latn-001,POPULATION_OR_CONTEXT,institutional_country_modeled_speaker_estimate,persons,,396000000,,"OIF modeled Francophone total using country-level approaches, including literacy-in-French models for selected states.",2025,,,source:llps:src_oif_french_2026,,,Never add the 170m learner count or country components to this global total.,FR-global,V2_CANONICAL_EVIDENCE,false,999a1136525873a93d6f4735d45c1fe43763d0b0442151013c203b8a7dcb8624
llps:LLPS-HA-GLOBAL-USERS,v2_package_context,llps:LLPS-HA-GLOBAL-USERS,edition-target:lang:ha-Arab-NE;edition-target:lang:ha-Arab-NG;edition-target:lang:ha-Arab-TD;edition-target:lang:ha-Latn-CM;edition-target:lang:ha-Latn-GH;edition-target:lang:ha-Latn-NE;edition-target:lang:ha-Latn-NG;edition-target:lang:ha-Latn-TD,PACKAGE_CONTEXT_NO_INHERITANCE,package_context,persons,100000000,,,Global superset of Nigeria row; never add. No child target inherits 100m.,,,,,,,PACKAGE_CONTEXT_NO_INHERITANCE,,PACKAGE_CONTEXT_ONLY,false,e911074e7048e341d0584953bd71eb2f89bba773e9e62889bf5e56fdec7f76d1
llps:LLPS-HA-NG-USERS,v2_package_context,llps:LLPS-HA-NG-USERS,edition-target:lang:ha-Arab-NG;edition-target:lang:ha-Latn-NG,PACKAGE_CONTEXT_NO_INHERITANCE,package_context,persons,80000000,,,Shared across Nigeria Hausa script targets; no script row inherits all 80m.,,,,,,,PACKAGE_CONTEXT_NO_INHERITANCE,,PACKAGE_CONTEXT_ONLY,false,4a86a4097f3816e3a2ef79d42aa1136e075686ab7d0793ab277a5c6522a77162
llps:LLPS-HI-IN-L1-2011,v2_population,LLPS-HI-IN-L1-2011,edition-target:lang:hi-Deva-IN,POPULATION_OR_CONTEXT,l1,persons,322230097,322230097,322230097,"Raw Hindi return, excluding separately returned varieties grouped under the broader Hindi umbrella.",2011,,,source:llps:src_india_c16_2011,,,Country-disjoint from Pakistan; do not add the 528m Hindi umbrella.,IND-C16-2011-person,V2_CANONICAL_EVIDENCE,false,788561a552b3a24531f8dc450db985f6ae98a496b39b959a81315b62a40942a8
llps:LLPS-ID-ID-ABILITY-2022,v2_population,LLPS-ID-ID-ABILITY-2022,edition-target:lang:id-Latn-ID,POPULATION_OR_CONTEXT,reported_ability,persons,,248501794,,BPS weighted long-form estimate of people able to understand and produce comprehensible Indonesian.,2022,,,source:llps:src_bps_indonesian_ability_2022,,,Primary Indonesian ability denominator; do not add home-language or enrolment rows.,ID-ability-home-education,V2_CANONICAL_EVIDENCE,false,8fc543f19653ddfe4ac8b7bc2f0a6f791832e0e2a2ae9e9da277cb35cc38017b
llps:LLPS-ID-ID-HOME-2010,v2_population,LLPS-ID-ID-HOME-2010,edition-target:lang:id-Latn-ID,POPULATION_OR_CONTEXT,home_language,persons,42682566,42682566,42682566,Census daily/home-language count.,2010,,,source:llps:src_bps_indonesian_home_2010,,,Subset/alternative baseline; never add to the 2022 ability count.,ID-ability-home-education,V2_CANONICAL_EVIDENCE,false,1281f50512b22872644ead615cebdcf34aa1004413f6c4611bb5b38a8edebc7b
llps:LLPS-JA-JP-PUPILS-NEEDING-INSTRUCTION-2025,v2_population,LLPS-JA-JP-PUPILS-NEEDING-INSTRUCTION-2025,edition-target:lang:ja-Jpan-JP,POPULATION_OR_CONTEXT,direct_language_support_need_cohort,persons,84759,84759,84759,"Pupils officially identified as needing Japanese instruction, including conversational speakers lacking grade-level academic Japanese.",2025,,,source:llps:src_jp_mext_japanese_instruction_2025,,,Do not add stage components to the total; do not add this need cohort to whole-population exposure.,JA-direct-cohorts,V2_CANONICAL_EVIDENCE,false,fc339f4d0b4e790fce8eb86adaa254d4ea83b2f8f36d1eb38ff8efc50a7d7bb3
llps:LLPS-JA-JP-TERTIARY-OPPORTUNITY-2025,v2_population,LLPS-JA-JP-TERTIARY-OPPORTUNITY-2025,edition-target:lang:ja-Jpan-JP,POPULATION_OR_CONTEXT,higher_education_enrolment,persons,2922969,2922969,2922969,"2,645,837 undergraduates plus 277,132 graduate/professional-degree students.",2025,,,source:llps:src_jp_mext_enrolment_2025,,,Do not add to the whole-population bracket; later need and academic-language-nonoverlap factors remain required.,JA-direct-cohorts,V2_CANONICAL_EVIDENCE,false,8ae9b8c7b2e54074a185faf956dbb1e6cee1f31fe1711a88a7857d2dad512a45
llps:LLPS-KO-GLOBAL-SPEAKERS,v2_population,LLPS-KO-GLOBAL-SPEAKERS,edition-target:lang:ko-Kore-001,POPULATION_OR_CONTEXT,scholarly_speaker_approximation,persons,,80000000,,Oxford scholarly approximation of 80m Korean speakers worldwide.,n.d.,,,source:llps:src_oxford_korean;source:llps:src_kostat_pop_2024,,,Do not add the South Korean population or Korean-national count.,KO-global,V2_CANONICAL_EVIDENCE,false,bdd4319aa7fb1db61981f338e39ceefe104207637a36b32df2aeda8bb5ecb76c
llps:LLPS-MR-IN-L1-2011,v2_population,LLPS-MR-IN-L1-2011,edition-target:lang:mr-Deva-IN,POPULATION_OR_CONTEXT,l1,persons,82801140,82801140,82801140,Census language total.,2011,,,source:llps:src_india_c16_2011,,,Not additive with Hindi umbrella.,IND-C16-2011-person,V2_CANONICAL_EVIDENCE,false,b4524a178f7bf29eee18080b5219b4d6633a7e7b9a376e353e5ebf5cf7101fbd
llps:LLPS-PA-IN-L1-2011,v2_population,LLPS-PA-IN-L1-2011,edition-target:lang:pa-Guru-IN,POPULATION_OR_CONTEXT,l1,persons,31144095,31144095,31144095,Raw Census mother-tongue return.,2011,,,source:llps:src_india_c16_2011,,,Country-disjoint from Pakistan Punjabi; script readership is not measured.,PA-crossborder,V2_CANONICAL_EVIDENCE,false,661baeb745480bf4b5c027f582559358637125597e7084bb27522c47b834f5ef
llps:LLPS-PA-PK-L1-2023,v2_population,LLPS-PA-PK-L1-2023,edition-target:lang:pnb-Arab-PK,POPULATION_OR_CONTEXT,l1,persons,88915544,88915544,88915544,2023 Census mother-tongue count.,2023,,,source:llps:src_pbs_language_2023,,,Country-disjoint from India Punjabi; script readership is not measured.,PA-crossborder,V2_CANONICAL_EVIDENCE,false,cc58d5a549e86e1f3a994526a1b14017d67e8c0db79754ed8a7143728e4b1b13
llps:LLPS-PERSIAN-BRIDGE-GLOBAL,v2_package_context,llps:LLPS-PERSIAN-BRIDGE-GLOBAL,edition-target:lang:pes-Arab-IR;edition-target:lang:prs-Arab-AF;edition-target:lang:tg-Cyrl-TJ,PACKAGE_CONTEXT_NO_INHERITANCE,package_context,persons,,110000000,,No child standard inherits 110m; parallel editions and cross-comprehension evidence are required.,,,,,,,PACKAGE_CONTEXT_NO_INHERITANCE,,PACKAGE_CONTEXT_ONLY,false,8db00ba92975a507374484ca68d0ea1ecc14fc4f1a064be4f8aee3b02616385e
llps:LLPS-PES-IR-EXPOSURE-2024,v2_population,LLPS-PES-IR-EXPOSURE-2024,edition-target:lang:pes-Arab-IR,POPULATION_OR_CONTEXT,territorial_education_exposure_ceiling,persons,91567738,91567738,91567738,Iran resident population ceiling; Persian's national schooling role requires a separate language-proficiency/literacy measure.,2024,,,source:llps:src_wb_iran_pop,,,Do not add to the 110m Persian/Dari/Tajik estimate.,PERSIAN-bridge,V2_CANONICAL_EVIDENCE,false,56cf2a3331cd50edc937843255fa03815614465a9421fdc54d8f668f741b464a
llps:LLPS-PT-GLOBAL-SPEAKERS,v2_population,LLPS-PT-GLOBAL-SPEAKERS,edition-target:lang:pt-Latn-001,POPULATION_OR_CONTEXT,institutional_speaker_estimate,persons,,265000000,,UN institutional worldwide speaker estimate.,2026,,,source:llps:src_un_portuguese_2026,,,One global total; do not duplicate across regional targets.,PT-global,V2_CANONICAL_EVIDENCE,false,84ac45ca0f38cfe63dbf86872c6fdab35f85b66bd826b8e0a0dd3b63c88ba3e2
llps:LLPS-RU-GLOBAL-SPEAKERS,v2_population,LLPS-RU-GLOBAL-SPEAKERS,edition-target:lang:ru-Cyrl-001,POPULATION_OR_CONTEXT,institutional_speaker_lower_bound,persons,250000000,,,UNESCO lower-bound estimate: over 250m speakers globally.,2024,,,source:llps:src_unesco_russian_2024,,,Do not add Russia census or diaspora cells to the global total.,RU-global,V2_CANONICAL_EVIDENCE,false,4d40a9d98a2ad6662b1635636f2af504a15dc91880e68eca4187df98f6b92b44
llps:LLPS-SW-GLOBAL-USERS,v2_package_context,llps:LLPS-SW-GLOBAL-USERS,edition-target:lang:sw-Latn-001;edition-target:lang:swc-Latn-CD:variety:kivu-congo-swahili;edition-target:lang:swh-Latn-BI;edition-target:lang:swh-Latn-KE;edition-target:lang:swh-Latn-RW;edition-target:lang:swh-Latn-TZ:variety:tanzania-mainland-standard-kiswahili;edition-target:lang:swh-Latn-UG,PACKAGE_CONTEXT_NO_INHERITANCE,package_context,persons,200000000,,,Shared once across all Kiswahili/Swahili target profiles; no child target inherits 200m.,,,,,,,PACKAGE_CONTEXT_NO_INHERITANCE,,PACKAGE_CONTEXT_ONLY,false,c8441e8cb8f6e6981ddb28cac8da5758d573bbf4fa24130a15c85880f997c8f6
llps:LLPS-TA-IN-L1-2011,v2_population,LLPS-TA-IN-L1-2011,edition-target:lang:ta-Taml-IN,POPULATION_OR_CONTEXT,l1,persons,68888839,68888839,68888839,Census language total.,2011,,,source:llps:src_india_c16_2011,,,India-only; do not treat as worldwide Tamil count.,IND-C16-2011-person,V2_CANONICAL_EVIDENCE,false,67278517a78ed50e3d59d52b26525c847b7dad08a90edc5ea5de1e6ab04147a5
llps:LLPS-TE-IN-L1-2011,v2_population,LLPS-TE-IN-L1-2011,edition-target:lang:te-Telu-IN,POPULATION_OR_CONTEXT,l1,persons,81127740,81127740,81127740,Census language total.,2011,,,source:llps:src_india_c16_2011,,,Do not add the same persons' L2/L3 reports without capability-profile de-duplication.,IND-C16-2011-person,V2_CANONICAL_EVIDENCE,false,d956fafcd0af7e01049d6ccc0c8129724b8ad305321beb5e6bd630a5d493544b
llps:LLPS-TH-TH-EXPOSURE-2024,v2_population,LLPS-TH-TH-EXPOSURE-2024,edition-target:lang:th-Thai-TH,POPULATION_OR_CONTEXT,territorial_official_language_exposure_ceiling,persons,65951210,65951210,65951210,Official registered population; Thai is identified as official language in the NSO yearbook.,2024,,,source:llps:src_thai_nso_2024,,,Do not treat residents as Thai L1 or literate readers.,TH-TH-exposure,V2_CANONICAL_EVIDENCE,false,7982aa74968effc01fb7868b116e3b99e4c891c68f0f53040ae31f6d8a0cd3bf
llps:LLPS-UR-IN-L1-2011,v2_population,LLPS-UR-IN-L1-2011,edition-target:lang:ur-Arab-IN,POPULATION_OR_CONTEXT,l1,persons,50725762,50725762,50725762,Raw Census mother-tongue return.,2011,,,source:llps:src_india_c16_2011,,,Country-disjoint from Pakistan Urdu.,UR-crossborder,V2_CANONICAL_EVIDENCE,false,f6d60daf0e4826963bd95b52456d050e8bb144003cd947ca5b1de7147170acc6
llps:LLPS-UR-PK-EXPOSURE-2023,v2_population,LLPS-UR-PK-EXPOSURE-2023,edition-target:lang:ur-Arab-PK,POPULATION_OR_CONTEXT,territorial_national_language_exposure_ceiling,persons,240458089,240458089,240458089,Pakistan population ceiling paired with Urdu's constitutional national-language status.,2023,,,source:llps:src_pbs_language_2023;source:llps:src_pak_constitution,,,Do not add Pakistan Urdu L1 or assign universal Urdu proficiency.,UR-crossborder,V2_CANONICAL_EVIDENCE,false,6f28e1ef379bb8ad66950e77588f88c39c61ca26dd48ea0d89806a071afb438f
llps:LLPS-UR-PK-L1-2023,v2_population,LLPS-UR-PK-L1-2023,edition-target:lang:ur-Arab-PK,POPULATION_OR_CONTEXT,l1,persons,22249307,22249307,22249307,2023 Census mother-tongue count.,2023,,,source:llps:src_pbs_language_2023,,,Country-disjoint from India Urdu; not additive with Pakistan exposure ceiling.,UR-crossborder,V2_CANONICAL_EVIDENCE,false,adb34f75b884daf0b68eb1ff5d8e77ac7f3b1f7728ec733c5673cd739f571b88
llps:LLPS-VI-VN-EXPOSURE-2024,v2_population,LLPS-VI-VN-EXPOSURE-2024,edition-target:lang:vi-Latn-VN,POPULATION_OR_CONTEXT,territorial_educational_exposure_ceiling,persons,101112656,101112656,101112656,Official population paired with Vietnamese's statutory education-language role.,2024,,,source:llps:src_vn_gso_midterm_2024;source:llps:src_vn_education_law,,,Do not add ethnic Kinh or enrolment subcohorts.,VI-VN-exposure,V2_CANONICAL_EVIDENCE,false,f883f58829e134d2c6da68f40d84d75f0d11a0898a6162a9974346e41c716090
llps:LLPS-WAP-BRIDGE-GLOBAL,v2_package_context,llps:LLPS-WAP-BRIDGE-GLOBAL,edition-target:lang:pcm-Latn-NG;edition-target:lang:wes-Latn-CM;edition-target:lang:kri-Latn-SL;edition-target:lang:gpe-Latn-GH;edition-target:lang:fpe-Latn-GQ;edition-target:lang:kri-Latn-GM:variety:aku,PACKAGE_CONTEXT_NO_INHERITANCE,package_context,persons,106000000,,143000000,Store once for the six-variety package; no constituent inherits the total.,,,,,,,PACKAGE_CONTEXT_NO_INHERITANCE,,PACKAGE_CONTEXT_ONLY,false,efa9990f29add2937e4a174ad5ad485fe7484b1a75d11d2fa080fc4abc0d7290
llps:LLPS-ZH-HANS-CN-FORMAL-ENROLMENT-2025,v2_population,LLPS-ZH-HANS-CN-FORMAL-ENROLMENT-2025,edition-target:lang:zh-Hans-CN:written,POPULATION_OR_CONTEXT,formal_education_enrolment,persons,280404300,280404300,280404300,"All formal-education enrolments reported by MOE in 2025; a stage-opportunity universe, not a count needing new Chinese material.",2025,,,source:llps:src_cn_moe_education_2025,,,Do not add constituent stage enrolments or the whole-language population; use stage rows for package scoring.,CN-formal-education-2025,V2_CANONICAL_EVIDENCE,false,b20878fc52ef44f538b8e542c5927c12606dd42925cc01cc1a08f0a4bc8adeff
llps:LLPS-ZH-HANS-CN-WRITTEN-EXPOSURE,v2_population,LLPS-ZH-HANS-CN-WRITTEN-EXPOSURE,edition-target:lang:zh-Hans-CN:written,POPULATION_OR_CONTEXT,territorial_written_standard_exposure_ceiling,persons,,,1411778724,"The Mainland census universe is 1,411,778,724 and more than 95% of the literate population uses normative Chinese characters; the sources do not publish a compatible exact literate denominator for multiplication.",2020,,,source:llps:src_cn_nbs_census_2020;source:llps:src_cn_moe_normative_characters_2021,,,Almost wholly overlaps Putonghua ability and all Mainland subcohorts; never add.,CN-2020-language-capability,V2_CANONICAL_EVIDENCE,false,6f66b2e3c642878dd2aaa429f2ffb87a92197dde7ee14bf25ce7911f487100ae
quarantine:canonical:pop:6698b2f0da2a35b453dc1faf,v2_quarantine,pop:6698b2f0da2a35b453dc1faf,edition-target:lang:cmn-Hans-CN:spoken,QUARANTINED,reported_ability,people,1100000000,1139587786,1200000000,Derived ability estimate: 80.72% reporting Putonghua ability multiplied by the 2020 mainland census population; not mother tongue.,2020,,,SRC_CHINA_MOE_2020,https://en.moe.gov.cn/news/press_releases/202106/t20210616_538404.html,,non_additive; never sum with another measure or measure class without a proved disjoint-person crosswalk,,QUARANTINE_NO_INHERITANCE,false,fc028afeeadcd4c9e0ef37d09b039b13ce0b1513ceaf6100c2712b911f80f92c
quarantine:empirical-collision:apd-Arab-SD:asia-identity-scope,v2_quarantine,asia_20260901_v1:apd-Arab-SD,,QUARANTINED,,persons,,,,No direct national Sudanese-Arabic L1 denominator is established; displacement makes date/geography essential.,current evidence review,,,source:empirical:asia_20260901_v1:asia_fb5a2b3a6e71,,,,,QUARANTINE_NO_INHERITANCE,false,996ebb559f2579bdd9291f2085e9b5b2dd0a89bb5b38596c1a0167d8ed0150b1
quarantine:empirical-collision:arz-Arab-EG:asia-identity-scope,v2_quarantine,asia_20260901_v1:arz-Arab-EG,,QUARANTINED,,persons,,,116538258,World Bank 2024 Egypt population estimate retained only as a territorial ceiling; no direct Egyptian-Arabic speaker or script-reader count is established.,2024,,,source:empirical:asia_20260901_v1:asia_3726b96efd5a;source:empirical:asia_20260901_v1:asia_fb5a2b3a6e71,,,,,QUARANTINE_NO_INHERITANCE,false,f3023be6504aa18a577905aeab73381a0a52621fd0cb414ff7c038304d645267
quarantine:empirical-collision:mey-Arab-MR:asia-identity-scope,v2_quarantine,asia_20260901_v1:mey-Arab-MR,,QUARANTINED,,persons,,,,No comparable exact Hassaniya person denominator is established in this bundle.,current evidence review,,,source:empirical:asia_20260901_v1:asia_fb5a2b3a6e71,,,,,QUARANTINE_NO_INHERITANCE,false,9be479897ffdda5da186942c141906df2a8fb8974665cf71d81637d766b29821
quarantine:empirical-collision:shu-Arab-TD:asia-identity-scope,v2_quarantine,asia_20260901_v1:shu-Arab-TD,,QUARANTINED,,persons,,,,No comparable exact Chadian-Arabic person denominator is established in this bundle.,current evidence review,,,source:empirical:asia_20260901_v1:asia_fb5a2b3a6e71,,,,,QUARANTINE_NO_INHERITANCE,false,7e81cd6ee5479908b5325ba2dbff9339485081f9dd877b24958eff72daa0f9a6
quarantine:empirical:americas_europe_20260901_v1:gne-Latn-PY,v2_quarantine,americas_europe_20260901_v1:gne-Latn-PY,,QUARANTINED,,"all-age ethnic-pueblo members (proxy, not speakers)",,3266,,"2022 Indigenous census source-stated all-age population for the named pueblo; retained as an explicit proxy, not a language count.",2022,,,source:empirical:americas_europe_20260901_v1:py_indigenous_census_2022;source:empirical:americas_europe_20260901_v1:py_indig_lang_bulletin_2026;source:empirical:americas_europe_20260901_v1:py_indig_study_years_2022;source:empirical:americas_europe_20260901_v1:oer_unesco_2019,,,,,QUARANTINE_NO_INHERITANCE,false,bed2aa58807271a646a0160d65fb11f6357f667ee290ee3b904f92d6671d5d92
quarantine:empirical:americas_europe_20260901_v1:gnw-Latn-PY,v2_quarantine,americas_europe_20260901_v1:gnw-Latn-PY,,QUARANTINED,,"all-age ethnic-pueblo members (proxy, not speakers)",,4090,,"2022 Indigenous census source-stated all-age population for the named pueblo; retained as an explicit proxy, not a language count.",2022,,,source:empirical:americas_europe_20260901_v1:py_indigenous_census_2022;source:empirical:americas_europe_20260901_v1:py_indig_lang_bulletin_2026;source:empirical:americas_europe_20260901_v1:py_indig_study_years_2022;source:empirical:americas_europe_20260901_v1:oer_unesco_2019,,,,,QUARANTINE_NO_INHERITANCE,false,d35bc1dc56fcd0f5c664daa8bb610bd79e9775b4f74c2ce0edc73b9db093d965
quarantine:empirical:americas_europe_20260901_v1:gug-pai-tavytera-Latn-PY,v2_quarantine,americas_europe_20260901_v1:gug-pai-tavytera-Latn-PY,,QUARANTINED,,"all-age ethnic-pueblo members (proxy, not speakers)",,15706,,"2022 Indigenous census source-stated all-age population for the named pueblo; retained as an explicit proxy, not a language count.",2022,,,source:empirical:americas_europe_20260901_v1:py_indigenous_census_2022;source:empirical:americas_europe_20260901_v1:py_indig_lang_bulletin_2026;source:empirical:americas_europe_20260901_v1:py_indig_study_years_2022;source:empirical:americas_europe_20260901_v1:oer_unesco_2019,,,,,QUARANTINE_NO_INHERITANCE,false,eb5d35971281954fe763f750e9825d750dfae22af2828c400add3408b594ae87
quarantine:empirical:americas_europe_20260901_v1:gun-Latn-PY,v2_quarantine,americas_europe_20260901_v1:gun-Latn-PY,,QUARANTINED,,"all-age ethnic-pueblo members (proxy, not speakers)",,28123,,"2022 Indigenous census source-stated all-age population for the named pueblo; retained as an explicit proxy, not a language count.",2022,,,source:empirical:americas_europe_20260901_v1:py_indigenous_census_2022;source:empirical:americas_europe_20260901_v1:py_indig_lang_bulletin_2026;source:empirical:americas_europe_20260901_v1:py_indig_study_years_2022;source:empirical:americas_europe_20260901_v1:oer_unesco_2019,,,,,QUARANTINE_NO_INHERITANCE,false,f905b08d2eca680e23eb42c5aad6a2e1baf44b8096d0170c02a9493d4568b498
quarantine:empirical:americas_europe_20260901_v1:nds-Latn-CA,v2_quarantine,americas_europe_20260901_v1:nds-Latn-CA,,QUARANTINED,,census mother-tongue respondents,,8670,,2021 census source-stated Low German n.o.s. mother-tongue count; kept separate from Plautdietsch.,2021,,,source:empirical:americas_europe_20260901_v1:ca_census_language_profile_2021;source:empirical:americas_europe_20260901_v1:oer_unesco_2019;source:empirical:americas_europe_20260901_v1:catalog_otl_20260901;source:empirical:americas_europe_20260901_v1:catalog_doab_20260901,,,,,QUARANTINE_NO_INHERITANCE,false,b7922fe7e248eaba84a7bd46f1d8576d7ba53b86a724245f063ee69b21c6d017
quarantine:empirical:americas_europe_20260901_v1:nhd-Latn-PY,v2_quarantine,americas_europe_20260901_v1:nhd-Latn-PY,,QUARANTINED,,"all-age ethnic-pueblo members (proxy, not speakers)",,22694,,"2022 Indigenous census source-stated all-age population for the named pueblo; retained as an explicit proxy, not a language count.",2022,,,source:empirical:americas_europe_20260901_v1:py_indigenous_census_2022;source:empirical:americas_europe_20260901_v1:py_indig_lang_bulletin_2026;source:empirical:americas_europe_20260901_v1:py_indig_study_years_2022;source:empirical:americas_europe_20260901_v1:oer_unesco_2019,,,,,QUARANTINE_NO_INHERITANCE,false,fd4a7a2780b12fc0f9e6a9aa6e8efb121e113cdb11d3ab522b0073101f8c7e56
quarantine:empirical:americas_europe_20260901_v1:uk-Cyrl-EU-TEMP,v2_quarantine,americas_europe_20260901_v1:uk-Cyrl-EU-TEMP,,QUARANTINED,,estimated displaced children enrolled in EU schools,,700000,,European Commission/UNHCR source-stated estimate of displaced children from Ukraine enrolled in host-country schools; it is not a Ukrainian-speaker count.,2023/24,,,source:empirical:americas_europe_20260901_v1:eu_ukraine_education_2024;source:empirical:americas_europe_20260901_v1:unhcr_ukraine_education_2024;source:empirical:americas_europe_20260901_v1:unhcr_ukraine_seis_2025;source:empirical:americas_europe_20260901_v1:oer_unesco_2019;source:empirical:americas_europe_20260901_v1:catalog_otl_20260901;source:empirical:americas_europe_20260901_v1:catalog_doab_20260901,,,,,QUARANTINE_NO_INHERITANCE,false,925563bf5126d5460493165c2208ddf812764d72de523b5a224eec1f33db99ab
quarantine:empirical:asia_20260901_v1:arz-Arab-EG,v2_quarantine,asia_20260901_v1:arz-Arab-EG,,QUARANTINED,,persons,,,116538258,World Bank 2024 Egypt population estimate retained only as a territorial ceiling; no direct Egyptian-Arabic speaker or script-reader count is established.,2024,,,source:empirical:asia_20260901_v1:asia_3726b96efd5a;source:empirical:asia_20260901_v1:asia_fb5a2b3a6e71,,,,,QUARANTINE_NO_INHERITANCE,false,91e853bdf4f760332e36c3a86390bbd2b06f9049d2a885f463e8477b76330aec
quarantine:empirical:asia_20260901_v1:bn-Beng-BD,v2_quarantine,asia_20260901_v1:bn-Beng-BD,,QUARANTINED,,persons,,168419331,,"Arithmetic scale proxy from the BBS 2022 adjusted population and the SEDS 2023 weighted sample share 99.17% for Bangla as childhood language of greatest speaking proficiency. It is retained only as approximately 168.42m context, not an exact count or uncertainty interval.",2022 adjusted population × 2023 survey share,,,source:empirical:asia_20260901_v1:asia_0907c88bfe6d;source:empirical:asia_20260901_v1:asia_5b3aac5fd43c;source:empirical:asia_20260901_v1:asia_16d1e3fa20b5;source:empirical:asia_20260901_v1:asia_18994b5de59f;source:empirical:asia_20260901_v1:asia_e11e3b7f7a83;source:empirical:asia_20260901_v1:asia_5ab6108d5cd1;source:empirical:asia_20260901_v1:asia_8f34f008c0eb,,,,,QUARANTINE_NO_INHERITANCE,false,c1b0bb7b6b1cc5501f583ce154bd958c334159bc1178826597ba7838e8eb0c37
quarantine:empirical:asia_20260901_v1:bn-Beng-IN,v2_quarantine,asia_20260901_v1:bn-Beng-IN,,QUARANTINED,,persons,96177835,96177835,96177835,"Raw Bengali mother-tongue return, kept separate from the broader scheduled-language total 97237669.",2011,,,source:empirical:asia_20260901_v1:asia_ae7629dac814;source:empirical:asia_20260901_v1:asia_c8095e9b813e;source:empirical:asia_20260901_v1:asia_5ad512572da1;source:empirical:asia_20260901_v1:asia_f358d43b8de2,,,,,QUARANTINE_NO_INHERITANCE,false,6953cf12dc7ee1db77cca8d40530ef1b6e0c3db1bbdecd9e8f0181b8aca3784c
quarantine:empirical:asia_20260901_v1:hi-Deva-IN,v2_quarantine,asia_20260901_v1:hi-Deva-IN,,QUARANTINED,,persons,322230097,322230097,322230097,"Raw Hindi mother-tongue return, excluding separately returned varieties grouped into the 528347193 Hindi umbrella.",2011,,,source:empirical:asia_20260901_v1:asia_ae7629dac814;source:empirical:asia_20260901_v1:asia_c8095e9b813e;source:empirical:asia_20260901_v1:asia_5ad512572da1;source:empirical:asia_20260901_v1:asia_f358d43b8de2;source:empirical:asia_20260901_v1:asia_2d7db5b586aa,,,,,QUARANTINE_NO_INHERITANCE,false,553a35cc55ea1a19940862b43ea9746e921061a2b30262b9e27e28750f6804e3
quarantine:empirical:asia_20260901_v1:mr-Deva-IN,v2_quarantine,asia_20260901_v1:mr-Deva-IN,,QUARANTINED,,persons,82801140,82801140,82801140,Raw Marathi mother-tongue return; scheduled-language total is 83026680.,2011,,,source:empirical:asia_20260901_v1:asia_ae7629dac814;source:empirical:asia_20260901_v1:asia_c8095e9b813e;source:empirical:asia_20260901_v1:asia_5ad512572da1;source:empirical:asia_20260901_v1:asia_f358d43b8de2;source:empirical:asia_20260901_v1:asia_84e85ff94377;source:empirical:asia_20260901_v1:asia_25b978a75b75,,,,,QUARANTINE_NO_INHERITANCE,false,c8520ddb390a2fc9af894b39d7a0a9763724364c40444063088216f2e64585d2
quarantine:empirical:asia_20260901_v1:pa-Guru-IN,v2_quarantine,asia_20260901_v1:pa-Guru-IN,,QUARANTINED,,persons,,,31144095,The 2011 raw Punjabi/Panjabi mother-tongue return is retained only as a maximum language-community context because the census does not enumerate Gurmukhi literacy.,2011,,,source:empirical:asia_20260901_v1:asia_ae7629dac814;source:empirical:asia_20260901_v1:asia_c8095e9b813e;source:empirical:asia_20260901_v1:asia_5ad512572da1;source:empirical:asia_20260901_v1:asia_f358d43b8de2;source:empirical:asia_20260901_v1:asia_84e85ff94377;source:empirical:asia_20260901_v1:asia_25b978a75b75,,,,,QUARANTINE_NO_INHERITANCE,false,c1ac87a29cb1946550689ace852595af5a63c9e0d3488919c2dddb39ca385025
quarantine:empirical:asia_20260901_v1:ta-Taml-IN,v2_quarantine,asia_20260901_v1:ta-Taml-IN,,QUARANTINED,,persons,68888839,68888839,68888839,Raw Tamil mother-tongue return; scheduled-language total is 69026881.,2011,,,source:empirical:asia_20260901_v1:asia_ae7629dac814;source:empirical:asia_20260901_v1:asia_c8095e9b813e;source:empirical:asia_20260901_v1:asia_5ad512572da1;source:empirical:asia_20260901_v1:asia_f358d43b8de2;source:empirical:asia_20260901_v1:asia_25b978a75b75,,,,,QUARANTINE_NO_INHERITANCE,false,c3257221d5a25d6d126c8feb49db7fb1d51b1c96e3561fbe43abeec040f88fa3
quarantine:empirical:asia_20260901_v1:te-Telu-IN,v2_quarantine,asia_20260901_v1:te-Telu-IN,,QUARANTINED,,persons,80912459,80912459,80912459,Raw Telugu mother-tongue return. The broader scheduled-language total is 81127740 and is kept separate.,2011,,,source:empirical:asia_20260901_v1:asia_ae7629dac814;source:empirical:asia_20260901_v1:asia_c8095e9b813e;source:empirical:asia_20260901_v1:asia_5ad512572da1;source:empirical:asia_20260901_v1:asia_f358d43b8de2;source:empirical:asia_20260901_v1:asia_25b978a75b75,,,,,QUARANTINE_NO_INHERITANCE,false,958dd007cd09282e8cecb1dd9aaa264933bed1ec8bda61650b578db53d2dd81d
quarantine:empirical:asia_20260901_v1:tr-Latn-TR,v2_quarantine,asia_20260901_v1:tr-Latn-TR,,QUARANTINED,,persons,,85664944,,"TurkStat ABPRS count at 31 December 2024 for the covered registered population; it excludes Syrians under temporary protection and foreigners with visa/residence stays under 90 days, so it is not a strict territorial ceiling or Turkish-speaker count.",2024,,,source:empirical:asia_20260901_v1:asia_030d559fcb98;source:empirical:asia_20260901_v1:asia_38236bad07d7;source:empirical:asia_20260901_v1:asia_3bbeacc14483;source:empirical:asia_20260901_v1:asia_75c5b79598a8;source:empirical:asia_20260901_v1:asia_cc337d85314b;source:empirical:asia_20260901_v1:asia_a92f25b3b88f;source:empirical:asia_20260901_v1:asia_640adbaab7bd;source:empirical:asia_20260901_v1:asia_b6f525ef2bfb,,,,,QUARANTINE_NO_INHERITANCE,false,f33a80d06ee0113c1d275f73bb2025300d5a8d88866c26e4828c9fe576ca68ae
quarantine:empirical:asia_20260901_v1:ur-Arab-IN,v2_quarantine,asia_20260901_v1:ur-Arab-IN,,QUARANTINED,,persons,50725762,50725762,50725762,Raw Urdu mother-tongue return; broader C-16 scheduled-language total is 50772631.,2011,,,source:empirical:asia_20260901_v1:asia_ae7629dac814;source:empirical:asia_20260901_v1:asia_c8095e9b813e;source:empirical:asia_20260901_v1:asia_5ad512572da1;source:empirical:asia_20260901_v1:asia_f358d43b8de2;source:empirical:asia_20260901_v1:asia_2d7db5b586aa,,,,,QUARANTINE_NO_INHERITANCE,false,69eb604458cb203799cc57e314f34a02b4344af2c22fe27d12ec4d9a677bc333
quarantine:empirical:asia_20260901_v1:ur-Arab-PK,v2_quarantine,asia_20260901_v1:ur-Arab-PK,,QUARANTINED,,persons,22249307,22249307,22249307,2023 Census Urdu mother-tongue count among the 240458089-person detailed-demographic table universe (four provinces plus ICT and excluding restricted-area records); not a Nastaliq literacy or national Urdu-ability count.,2023,,,source:empirical:asia_20260901_v1:asia_aff2cfe5fd3e;source:empirical:asia_20260901_v1:asia_c108f664359d;source:empirical:asia_20260901_v1:asia_3ebbf28bd445;source:empirical:asia_20260901_v1:asia_fcfd0ebd2874;source:empirical:asia_20260901_v1:asia_0f8c359a9a6a;source:empirical:asia_20260901_v1:asia_c088eaef37b1;source:empirical:asia_20260901_v1:asia_ef1ba0a15be2,,,,,QUARANTINE_NO_INHERITANCE,false,f535d507d65ac04f77398eaf9684631f76a15a0b2e6900fe0d536cc3dfdc6fb3
quarantine:empirical:oceania_central_asia_20260901_v1:az-Latn-AZ,v2_quarantine,oceania_central_asia_20260901_v1:az-Latn-AZ,,QUARANTINED,,persons,9436123,9436123,9436123,"2019 census Azerbaijani ethnic-category count, retained explicitly as a proxy rather than a language or script-literacy count.",2019,,,source:empirical:oceania_central_asia_20260901_v1:aze_yearbook_2024;source:empirical:oceania_central_asia_20260901_v1:aze_wb_lp_2024;source:empirical:oceania_central_asia_20260901_v1:oer_unesco_2019;source:empirical:oceania_central_asia_20260901_v1:wcag_22,,,,,QUARANTINE_NO_INHERITANCE,false,25abec0fef43d7f146c7f565400cd46485926526e34d1bb880af7dc7efefd57c
quarantine:empirical:oceania_central_asia_20260901_v1:ce-Cyrl-RU,v2_quarantine,oceania_central_asia_20260901_v1:ce-Cyrl-RU,,QUARANTINED,,persons,1674854,1674854,1674854,"2021 census Chechen ethnic-category count, retained explicitly as a proxy.",2021,,,source:empirical:oceania_central_asia_20260901_v1:rus_census_2021;source:empirical:oceania_central_asia_20260901_v1:dag_language_ed;source:empirical:oceania_central_asia_20260901_v1:oer_unesco_2019;source:empirical:oceania_central_asia_20260901_v1:wcag_22,,,,,QUARANTINE_NO_INHERITANCE,false,43606d6df753f7bf5e36fd1f33aba3cf8f0dea0830fd22875c8562f0cafadcbd
quarantine:empirical:oceania_central_asia_20260901_v1:dng-Cyrl-KG,v2_quarantine,oceania_central_asia_20260901_v1:dng-Cyrl-KG,,QUARANTINED,,persons,76573,76573,76573,"2022 official Dungan ethnic-category count in Kyrgyzstan, retained explicitly as a proxy.",2022,,,source:empirical:oceania_central_asia_20260901_v1:kgz_dungan_2022;source:empirical:oceania_central_asia_20260901_v1:kgz_census_2022;source:empirical:oceania_central_asia_20260901_v1:kgz_assessment_2025;source:empirical:oceania_central_asia_20260901_v1:oer_unesco_2019;source:empirical:oceania_central_asia_20260901_v1:wcag_22,,,,,QUARANTINE_NO_INHERITANCE,false,8dd48733143187994c87dd05629db3a778b7cc3ae89b26713167e7bd81ed6364
quarantine:empirical:oceania_central_asia_20260901_v1:dv-Thaa-MV,v2_quarantine,oceania_central_asia_20260901_v1:dv-Thaa-MV,,QUARANTINED,,persons,,,382751,2022 Maldivian-nationality population retained only as a maximum possible Dhivehi exposure population.,2022,,,source:empirical:oceania_central_asia_20260901_v1:mdv_census_pop_2022;source:empirical:oceania_central_asia_20260901_v1:mdv_census_ed_2022;source:empirical:oceania_central_asia_20260901_v1:mdv_policy_study;source:empirical:oceania_central_asia_20260901_v1:oer_unesco_2019;source:empirical:oceania_central_asia_20260901_v1:wcag_22,,,,,QUARANTINE_NO_INHERITANCE,false,e20eb4e6061d41e46d184b1b13033d694b71f63a279d406b171a6da32dee98c0
quarantine:empirical:oceania_central_asia_20260901_v1:jra-Latn-VN,v2_quarantine,oceania_central_asia_20260901_v1:jra-Latn-VN,,QUARANTINED,,persons,513930,513930,513930,"2019 census count for the Gia Rai ethnic category, retained explicitly as a proxy for the named language community.",2019,,,source:empirical:oceania_central_asia_20260901_v1:vnm_census_2019;source:empirical:oceania_central_asia_20260901_v1:vnm_unicef_mtbbe;source:empirical:oceania_central_asia_20260901_v1:vnm_wb_minority_ed;source:empirical:oceania_central_asia_20260901_v1:vnm_unicef_minority_2025;source:empirical:oceania_central_asia_20260901_v1:oer_unesco_2019;source:empirical:oceania_central_asia_20260901_v1:wcag_22,,,,,QUARANTINE_NO_INHERITANCE,false,310a4f1edebd6c3904258bdf5ea5eea94774a6480b354a7df2c474263b036e65
quarantine:empirical:oceania_central_asia_20260901_v1:kaa-Latn-UZ,v2_quarantine,oceania_central_asia_20260901_v1:kaa-Latn-UZ,,QUARANTINED,,persons,839518,859041,878564,"Karakalpak ethnic category: 2.2% of preliminary 2026 census total 39,047,321; endpoints preserve one-decimal percentage rounding.",2026,,,source:empirical:oceania_central_asia_20260901_v1:uzb_census_prelim_2026;source:empirical:oceania_central_asia_20260901_v1:uzb_unicef_sitan;source:empirical:oceania_central_asia_20260901_v1:oer_unesco_2019;source:empirical:oceania_central_asia_20260901_v1:wcag_22,,,,,QUARANTINE_NO_INHERITANCE,false,e86886093276dc1404ed7e62bdced40d3494d04c90697a6639053e34d9b79472
quarantine:empirical:oceania_central_asia_20260901_v1:khm-Khmr-VN,v2_quarantine,oceania_central_asia_20260901_v1:khm-Khmr-VN,,QUARANTINED,,persons,1319652,1319652,1319652,"2019 census count for the Khmer ethnic category, retained explicitly as a proxy for the named language community.",2019,,,source:empirical:oceania_central_asia_20260901_v1:vnm_census_2019;source:empirical:oceania_central_asia_20260901_v1:vnm_unicef_mtbbe;source:empirical:oceania_central_asia_20260901_v1:vnm_wb_minority_ed;source:empirical:oceania_central_asia_20260901_v1:vnm_unicef_minority_2025;source:empirical:oceania_central_asia_20260901_v1:oer_unesco_2019;source:empirical:oceania_central_asia_20260901_v1:wcag_22,,,,,QUARANTINE_NO_INHERITANCE,false,c2624add90ce13b97e0dec9314a4c2240cd718d90315cf3ff113cd4baa3059c9
quarantine:empirical:oceania_central_asia_20260901_v1:kjg-Latn-LA,v2_quarantine,oceania_central_asia_20260901_v1:kjg-Latn-LA,,QUARANTINED,,persons,708412,708412,708412,"2015 census Khmu ethnic-category count; retained explicitly as an ethnicity proxy, not a language speaker count.",2015,,,source:empirical:oceania_central_asia_20260901_v1:lao_census_2015;source:empirical:oceania_central_asia_20260901_v1:oer_unesco_2019;source:empirical:oceania_central_asia_20260901_v1:wcag_22,,,,,QUARANTINE_NO_INHERITANCE,false,15c48bfe74fb6fc60e78d217c674cdbeed6ee7e84c6f8a6daea7eb55f6c18bb8
quarantine:empirical:oceania_central_asia_20260901_v1:kk-Cyrl-MN,v2_quarantine,oceania_central_asia_20260901_v1:kk-Cyrl-MN,,QUARANTINED,,persons,119045,119045,119045,"2020 census-derived count of ethnic Kazakhs in Mongolia, retained as an ethnicity proxy.",2020,,,source:empirical:oceania_central_asia_20260901_v1:mng_kazakh_count;source:empirical:oceania_central_asia_20260901_v1:mng_unicef_mics_ed;source:empirical:oceania_central_asia_20260901_v1:mng_unicef_ed;source:empirical:oceania_central_asia_20260901_v1:oer_unesco_2019;source:empirical:oceania_central_asia_20260901_v1:wcag_22,,,,,QUARANTINE_NO_INHERITANCE,false,0fb56e0e05f92479de2855389e4bfe591332d04cdf649275ebf7dddcf7c19346
quarantine:empirical:oceania_central_asia_20260901_v1:lez-Cyrl-AZ,v2_quarantine,oceania_central_asia_20260901_v1:lez-Cyrl-AZ,,QUARANTINED,,persons,167570,167570,167570,"2019 census Lezgin ethnic-category count, retained explicitly as a proxy.",2019,,,source:empirical:oceania_central_asia_20260901_v1:aze_yearbook_2024;source:empirical:oceania_central_asia_20260901_v1:aze_coe_2024;source:empirical:oceania_central_asia_20260901_v1:aze_wb_lp_2024;source:empirical:oceania_central_asia_20260901_v1:oer_unesco_2019;source:empirical:oceania_central_asia_20260901_v1:wcag_22,,,,,QUARANTINE_NO_INHERITANCE,false,599f444feaef2b232935f860e9c727ce1cf12de09c51ea47be9a2b4ac0f8bcc3
quarantine:empirical:oceania_central_asia_20260901_v1:rad-Latn-VN,v2_quarantine,oceania_central_asia_20260901_v1:rad-Latn-VN,,QUARANTINED,,persons,398671,398671,398671,"2019 census count for the Ê Đê ethnic category, retained explicitly as a proxy for the named language community.",2019,,,source:empirical:oceania_central_asia_20260901_v1:vnm_census_2019;source:empirical:oceania_central_asia_20260901_v1:vnm_unicef_mtbbe;source:empirical:oceania_central_asia_20260901_v1:vnm_wb_minority_ed;source:empirical:oceania_central_asia_20260901_v1:vnm_unicef_minority_2025;source:empirical:oceania_central_asia_20260901_v1:oer_unesco_2019;source:empirical:oceania_central_asia_20260901_v1:wcag_22,,,,,QUARANTINE_NO_INHERITANCE,false,f3d2b35e1d6a27a91abfaf1528e6d2e71a1df0ad1db73ecbff0442c70a1f1316
quarantine:empirical:oceania_central_asia_20260901_v1:rcf-Latn-MU-ROD,v2_quarantine,oceania_central_asia_20260901_v1:rcf-Latn-MU-ROD,,QUARANTINED,,persons,43423,43423,43423,2022 census count on Rodrigues reporting Creole at home including combinations; treated as a territorial linguistic proxy for Kreol Rodriguais.,2022,,,source:empirical:oceania_central_asia_20260901_v1:mus_census_2022;source:empirical:oceania_central_asia_20260901_v1:oer_unesco_2019;source:empirical:oceania_central_asia_20260901_v1:wcag_22,,,,,QUARANTINE_NO_INHERITANCE,false,33667487dfdd58fc364307f25e67c82a72f9a6a8e432dd14c3cc6c00f03db51c
quarantine:empirical:oceania_central_asia_20260901_v1:tyz-Latn-VN,v2_quarantine,oceania_central_asia_20260901_v1:tyz-Latn-VN,,QUARANTINED,,persons,1845492,1845492,1845492,"2019 census count for the Tày ethnic category, retained explicitly as a proxy for the named language community.",2019,,,source:empirical:oceania_central_asia_20260901_v1:vnm_census_2019;source:empirical:oceania_central_asia_20260901_v1:vnm_unicef_mtbbe;source:empirical:oceania_central_asia_20260901_v1:vnm_wb_minority_ed;source:empirical:oceania_central_asia_20260901_v1:vnm_unicef_minority_2025;source:empirical:oceania_central_asia_20260901_v1:oer_unesco_2019;source:empirical:oceania_central_asia_20260901_v1:wcag_22,,,,,QUARANTINE_NO_INHERITANCE,false,e3a301ad2b99ade7c3b4f457a08fbf63b016c4a8006bad4c31a2e47482c5b287
quarantine:llps:LLPS-CMN-CN-ABILITY-2020,v2_quarantine,LLPS-CMN-CN-ABILITY-2020,,QUARANTINED,,,,,,,,,,,,,,,QUARANTINE_NO_INHERITANCE,false,72b877f4b2a0e87679da5eddc1f57157d46d0fe611008d67fa84c84030e81fd5
quarantine:llps:LLPS-JA-JP-ADULT-LOW-SKILL-2023,v2_quarantine,LLPS-JA-JP-ADULT-LOW-SKILL-2023,,QUARANTINED,,,,,,,,,,,,,,,QUARANTINE_NO_INHERITANCE,false,1b26a706aca8ef14f7a72ad61bddfebf194ec5fb8a67a700744b166da8693586
quarantine:llps:LLPS-JA-JP-EXPOSURE-2024,v2_quarantine,LLPS-JA-JP-EXPOSURE-2024,,QUARANTINED,,,,,,,,,,,,,,,QUARANTINE_NO_INHERITANCE,false,f32dfb3d1c1cfbf4505dae72e1728cd543d77c676338186b1fba5126691223db
quarantine:llps:LLPS-TR-TR-EXPOSURE-2024,v2_quarantine,LLPS-TR-TR-EXPOSURE-2024,,QUARANTINED,,,,,,,,,,,,,,,QUARANTINE_NO_INHERITANCE,false,8c4d393d7d2aa2bcc676fdf8442260f4c7f7c35dcff874c5dffe9b6f3f295573
regional:AFRICA_EMPIRICAL_NEED_INPUTS:aeb-Arab-TN:001,AFRICA_EMPIRICAL_NEED_INPUTS,aeb-Arab-TN,edition-target:lang:aeb-Arab-TN,REGIONAL_EMPIRICAL_STRATUM,not_estimated_incompatible_sources,persons,,,,"No compatible exact-row person measure was verified; country, cluster, ethnicity, oral-language and script-literacy measures were not copied into this route.",,Tunisia,Arabic script; home variety,WB_ARABIC_2021;WB_WDI_COMPLETION_2026;WB_WDI_INTERNET_2026;WB_WDI_ELECTRICITY_2026;UNICEF_LP_OFFLINE,https://www.worldbank.org/en/region/mena/publication/advancing-arabic-language-teaching-and-learning-path-to-reducing-learning-poverty-in-the-middle-east-and-north-africa;https://data.worldbank.org/indicator/SE.PRM.CMPT.ZS;https://data.worldbank.org/indicator/IT.NET.USER.ZS;https://data.worldbank.org/indicator/EG.ELC.ACCS.ZS;https://www.unicef.org/learningpassport/offline-learning,WB_ARABIC_2021: Diglossia and formal-Arabic/home-variety discontinuity sections; WB_WDI_COMPLETION_2026: TN/SE.PRM.CMPT.ZS=93.6 (2021); WB_WDI_INTERNET_2026: TN/IT.NET.USER.ZS=76.5 (2024); WB_WDI_ELECTRICITY_2026: TN/EG.ELC.ACCS.ZS=100 (2024); UNICEF_LP_OFFLINE: Hub/learner-device and physical-sync ('sneakernet') concepts,"Regional diglossia evidence is transported only as a structural mechanism. No population, effect size or resource count is transported.",,ATTACHED_TO_EXISTING_EDITION,false,e3c8c4599b49dc1f8aa11119372302189d9d00fe3ef7bc7b04ef29fc33b03cd8
regional:AFRICA_EMPIRICAL_NEED_INPUTS:am-Ethi-ET:002,AFRICA_EMPIRICAL_NEED_INPUTS,am-Ethi-ET,edition-target:lang:am-Ethi-ET,REGIONAL_EMPIRICAL_STRATUM,census_mother_tongue_count,persons,,21634396,,"Persons reporting Amharic as mother tongue in the 2007 national census, Table 3.2.",2007,Ethiopia,Ethiopic (Geʽez),ET_ESS_CENSUS_2007;ET_MOE_POLICY;ET_MOE_ESAA_2022;ET_WB_LP_2024;WB_WDI_COMPLETION_2026;WB_WDI_INTERNET_2026;WB_WDI_ELECTRICITY_2026;UNICEF_LP_OFFLINE;WMF_WIKI_STATS_20260901;WMF_TERMS,https://drs.ess.gov.et/bitstreams/61d74990-69a7-4f11-8e91-9234ca31d94f/download;https://www.moe.gov.et/storage/Books/Ethiopia%20Education%20and%20Training%20Policy.pdf;https://moe.gov.et/storage/Books/ESAA%202014%20EC%20%282021-22%20G.C%29%20Final.pdf;https://documents1.worldbank.org/curated/en/099062624135522075/pdf/P1792091d3bd9308519cdf1354887c45a1d.pdf;https://data.worldbank.org/indicator/SE.PRM.CMPT.ZS;https://data.worldbank.org/indicator/IT.NET.USER.ZS;https://data.worldbank.org/indicator/EG.ELC.ACCS.ZS;https://www.unicef.org/learningpassport/offline-learning;https://commons.wikimedia.org/wiki/Data:Wikipedia_statistics/data.tab?action=raw;https://foundation.wikimedia.org/wiki/Policy:Terms_of_Use,"ET_ESS_CENSUS_2007: Table 3.2: population by mother tongue; ET_MOE_POLICY: Sections 3.5.1-3.5.7; ET_MOE_ESAA_2022: Textbook section and regional/language-related pupil-textbook ratios; ET_WB_LP_2024: p.1: learning poverty 90%, learning deprivation 89%, schooling deprivation 14.8%; WB_WDI_COMPLETION_2026: ET/SE.PRM.CMPT.ZS=54.4 (2024); WB_WDI_INTERNET_2026: ET/IT.NET.USER.ZS=21.9 (2024); WB_WDI_ELECTRICITY_2026: ET/EG.ELC.ACCS.ZS=56.6 (2024); UNICEF_LP_OFFLINE: Hub/learner-device and physical-sync ('sneakernet') concepts; WMF_WIKI_STATS_20260901: Rows for named *.wikipedia sites; articles column; retrieved 2026-09-01; table license CC0-1.0; WMF_TERMS: Section 7: Licensing of Content",The population anchor is exact for its 2007 mother-tongue definition but dated. It excludes second-language users and says nothing about literacy or current enrolment.,,ATTACHED_TO_EXISTING_EDITION,false,dc0f895d54a334bad13b8c915a1b5c2c36716ad15aad1a1ecf194f1c31baaded
regional:AFRICA_EMPIRICAL_NEED_INPUTS:aoa-Latn-ST:003,AFRICA_EMPIRICAL_NEED_INPUTS,aoa-Latn-ST,edition-target:lang:aoa-Latn-ST,REGIONAL_EMPIRICAL_STRATUM,census_reported_speakers,persons; multiple languages permitted,11377,11377,11377,Official 2012 census direct count of residents reporting that they speak Angolar.,2012,São Tomé and Príncipe,Latin orthography; exact language edition,STP_RGPH2012_LANG,https://www.ine.st/phocadownload/userupload/Documentos/Recenseamentos/2012/Dados%20Distritais%20e%20Nacional%20Recenseamento%202012/Resultados%20Nacionais%20do%20IV%20RGPH%202012.pdf,"STP_RGPH2012_LANG: Quadro 10, PDF p. 48, resident population by age, sex and language spoken","Multiple-response spoken-language counts overlap Portuguese and other languages; they are not L1, literacy, exclusive identity or academic-comfort counts.",,ATTACHED_TO_EXISTING_EDITION,false,47d86a31758387dd25a209949797633a4e22fdc7acd0978c3c16eda7ce1bed3a
regional:AFRICA_EMPIRICAL_NEED_INPUTS:apd-Arab-SD:004,AFRICA_EMPIRICAL_NEED_INPUTS,apd-Arab-SD,edition-target:lang:apd-Arab-SD,REGIONAL_EMPIRICAL_STRATUM,not_estimated_incompatible_sources,persons,,,,"No compatible exact-row person measure was verified; country, cluster, ethnicity, oral-language and script-literacy measures were not copied into this route.",,Sudan,Arabic script; home variety,WB_ARABIC_2021;SD_UNICEF_LP;WB_WDI_COMPLETION_2026;WB_WDI_INTERNET_2026;WB_WDI_ELECTRICITY_2026;UNICEF_LP_OFFLINE,https://www.worldbank.org/en/region/mena/publication/advancing-arabic-language-teaching-and-learning-path-to-reducing-learning-poverty-in-the-middle-east-and-north-africa;https://www.unicef.org/sudan/reports/learning-passport;https://data.worldbank.org/indicator/SE.PRM.CMPT.ZS;https://data.worldbank.org/indicator/IT.NET.USER.ZS;https://data.worldbank.org/indicator/EG.ELC.ACCS.ZS;https://www.unicef.org/learningpassport/offline-learning,WB_ARABIC_2021: Diglossia and formal-Arabic/home-variety discontinuity sections; SD_UNICEF_LP: Arabic/English; online and offline; WB_WDI_COMPLETION_2026: SD/SE.PRM.CMPT.ZS=60.1 (2019); WB_WDI_INTERNET_2026: SD/IT.NET.USER.ZS=18.6 (2017); WB_WDI_ELECTRICITY_2026: SD/EG.ELC.ACCS.ZS=66 (2024); UNICEF_LP_OFFLINE: Hub/learner-device and physical-sync ('sneakernet') concepts,Platform language 'Arabic' cannot be relabelled as Sudanese Arabic. Country access observations are dated/non-disaggregated.,,ATTACHED_TO_EXISTING_EDITION,false,d21ac4bf5282e5da6bf32e75b5e97eaf59026a696756903e2b661db6d3e43a36
regional:AFRICA_EMPIRICAL_NEED_INPUTS:arq-Arab-DZ:005,AFRICA_EMPIRICAL_NEED_INPUTS,arq-Arab-DZ,edition-target:lang:arq-Arab-DZ,REGIONAL_EMPIRICAL_STRATUM,not_estimated_incompatible_sources,persons,,,,"No compatible exact-row person measure was verified; country, cluster, ethnicity, oral-language and script-literacy measures were not copied into this route.",,Algeria,Arabic script; home variety,DZ_IICBA_TAMAZIGHT;WB_ARABIC_2021;WB_WDI_COMPLETION_2026;WB_WDI_INTERNET_2026;WB_WDI_ELECTRICITY_2026;UNICEF_LP_OFFLINE,https://www.iicba.unesco.org/en/algerias-tamazight-policy-and-challenge-home-language-instruction-africa;https://www.worldbank.org/en/region/mena/publication/advancing-arabic-language-teaching-and-learning-path-to-reducing-learning-poverty-in-the-middle-east-and-north-africa;https://data.worldbank.org/indicator/SE.PRM.CMPT.ZS;https://data.worldbank.org/indicator/IT.NET.USER.ZS;https://data.worldbank.org/indicator/EG.ELC.ACCS.ZS;https://www.unicef.org/learningpassport/offline-learning,DZ_IICBA_TAMAZIGHT: Daily Algerian Arabic; French in higher education/employment; English expanding; no unified Tamazight teacher guide/progression; WB_ARABIC_2021: Diglossia and formal-Arabic/home-variety discontinuity sections; WB_WDI_COMPLETION_2026: DZ/SE.PRM.CMPT.ZS=98.2 (2025); WB_WDI_INTERNET_2026: DZ/IT.NET.USER.ZS=77.4 (2024); WB_WDI_ELECTRICITY_2026: DZ/EG.ELC.ACCS.ZS=100 (2024); UNICEF_LP_OFFLINE: Hub/learner-device and physical-sync ('sneakernet') concepts,Country narrative supports the route but not a population or learning estimate. Arabic resources are not presumed to match the home variety.,,ATTACHED_TO_EXISTING_EDITION,false,e3e533a8d0499600dc1c630dd57ed251c5b3970babb4801b0eeb108d2587c478
regional:AFRICA_EMPIRICAL_NEED_INPUTS:ary-oral-MA:006,AFRICA_EMPIRICAL_NEED_INPUTS,ary-oral-MA,,REGIONAL_EMPIRICAL_STRATUM,census_local_language_use_count,persons,,30252692,,Persons reporting Moroccan Arabic/Darija among locally used languages in RGPH 2014 Table E18; multiple responses permitted.,2014,Morocco,Oral/local-use construct; script delivery unresolved,MA_HCP_RGPH2014;WB_ARABIC_2021;WB_WDI_COMPLETION_2026;WB_WDI_INTERNET_2026;WB_WDI_ELECTRICITY_2026;UNICEF_LP_OFFLINE;WMF_WIKI_STATS_20260901;WMF_TERMS,https://www.hcp.ma/file/230026/;https://www.worldbank.org/en/region/mena/publication/advancing-arabic-language-teaching-and-learning-path-to-reducing-learning-poverty-in-the-middle-east-and-north-africa;https://data.worldbank.org/indicator/SE.PRM.CMPT.ZS;https://data.worldbank.org/indicator/IT.NET.USER.ZS;https://data.worldbank.org/indicator/EG.ELC.ACCS.ZS;https://www.unicef.org/learningpassport/offline-learning;https://commons.wikimedia.org/wiki/Data:Wikipedia_statistics/data.tab?action=raw;https://foundation.wikimedia.org/wiki/Policy:Terms_of_Use,"MA_HCP_RGPH2014: Table E17 p.81: age 10+ written-language literacy including Amazigh 542,781; Table E18 p.81: local-language use counts; WB_ARABIC_2021: Diglossia and formal-Arabic/home-variety discontinuity sections; WB_WDI_COMPLETION_2026: MA/SE.PRM.CMPT.ZS=106.4 (2024); WB_WDI_INTERNET_2026: MA/IT.NET.USER.ZS=91.2 (2024); WB_WDI_ELECTRICITY_2026: MA/EG.ELC.ACCS.ZS=100 (2024); UNICEF_LP_OFFLINE: Hub/learner-device and physical-sync ('sneakernet') concepts; WMF_WIKI_STATS_20260901: Rows for named *.wikipedia sites; articles column; retrieved 2026-09-01; table license CC0-1.0; WMF_TERMS: Section 7: Licensing of Content","Multiple-response local use is compatible only with the oral/home-variety route, not script literacy. Regional diglossia is mechanism context, not a row effect size.",,EVIDENCE_ONLY_CONTEXT,false,00af37690c29b061c41a99fe78a76d99bb091e6df0656a09559a5cbfb928eead
regional:AFRICA_EMPIRICAL_NEED_INPUTS:arz-Arab-EG:007,AFRICA_EMPIRICAL_NEED_INPUTS,arz-Arab-EG,edition-target:lang:arz-Arab-EG,REGIONAL_EMPIRICAL_STRATUM,not_estimated_incompatible_sources,persons,,,,"No compatible exact-row person measure was verified; country, cluster, ethnicity, oral-language and script-literacy measures were not copied into this route.",,Egypt,Arabic script; home variety,WB_ARABIC_2021;WB_WDI_COMPLETION_2026;WB_WDI_INTERNET_2026;WB_WDI_ELECTRICITY_2026;UNICEF_LP_OFFLINE;WMF_WIKI_STATS_20260901;WMF_TERMS,https://www.worldbank.org/en/region/mena/publication/advancing-arabic-language-teaching-and-learning-path-to-reducing-learning-poverty-in-the-middle-east-and-north-africa;https://data.worldbank.org/indicator/SE.PRM.CMPT.ZS;https://data.worldbank.org/indicator/IT.NET.USER.ZS;https://data.worldbank.org/indicator/EG.ELC.ACCS.ZS;https://www.unicef.org/learningpassport/offline-learning;https://commons.wikimedia.org/wiki/Data:Wikipedia_statistics/data.tab?action=raw;https://foundation.wikimedia.org/wiki/Policy:Terms_of_Use,WB_ARABIC_2021: Diglossia and formal-Arabic/home-variety discontinuity sections; WB_WDI_COMPLETION_2026: EG/SE.PRM.CMPT.ZS=98.2 (2024); WB_WDI_INTERNET_2026: EG/IT.NET.USER.ZS=74.6 (2024); WB_WDI_ELECTRICITY_2026: EG/EG.ELC.ACCS.ZS=100 (2024); UNICEF_LP_OFFLINE: Hub/learner-device and physical-sync ('sneakernet') concepts; WMF_WIKI_STATS_20260901: Rows for named *.wikipedia sites; articles column; retrieved 2026-09-01; table license CC0-1.0; WMF_TERMS: Section 7: Licensing of Content,"Regional structural evidence is not an Egypt effect estimate. The language-edition count measures pages, not readers, quality or curriculum coverage.",,ATTACHED_TO_EXISTING_EDITION,false,a5cebee250661030393bb4f83707632aa26a037d60668fd064a07068347c16b6
regional:AFRICA_EMPIRICAL_NEED_INPUTS:ayl-Arab-LY:008,AFRICA_EMPIRICAL_NEED_INPUTS,ayl-Arab-LY,edition-target:lang:ayl-Arab-LY,REGIONAL_EMPIRICAL_STRATUM,not_estimated_incompatible_sources,persons,,,,"No compatible exact-row person measure was verified; country, cluster, ethnicity, oral-language and script-literacy measures were not copied into this route.",,Libya,Arabic script; home variety,WB_ARABIC_2021;WB_WDI_COMPLETION_2026;WB_WDI_INTERNET_2026;WB_WDI_ELECTRICITY_2026;UNICEF_LP_OFFLINE,https://www.worldbank.org/en/region/mena/publication/advancing-arabic-language-teaching-and-learning-path-to-reducing-learning-poverty-in-the-middle-east-and-north-africa;https://data.worldbank.org/indicator/SE.PRM.CMPT.ZS;https://data.worldbank.org/indicator/IT.NET.USER.ZS;https://data.worldbank.org/indicator/EG.ELC.ACCS.ZS;https://www.unicef.org/learningpassport/offline-learning,WB_ARABIC_2021: Diglossia and formal-Arabic/home-variety discontinuity sections; WB_WDI_COMPLETION_2026: LY/SE.PRM.CMPT.ZS=90.1 (1983); WB_WDI_INTERNET_2026: LY/IT.NET.USER.ZS=82 (2024); WB_WDI_ELECTRICITY_2026: LY/EG.ELC.ACCS.ZS=77.4 (2024); UNICEF_LP_OFFLINE: Hub/learner-device and physical-sync ('sneakernet') concepts,"Regional diglossia evidence is transported only as a structural mechanism. No population, effect size or resource count is transported.",,ATTACHED_TO_EXISTING_EDITION,false,576a8222cc04a0069363da89bf499966db3ee5b69b4363014f3871f99d9b8929
regional:AFRICA_EMPIRICAL_NEED_INPUTS:cnu-Latn-DZ:009,AFRICA_EMPIRICAL_NEED_INPUTS,cnu-Latn-DZ,edition-target:lang:cnu-Latn-DZ,REGIONAL_EMPIRICAL_STRATUM,not_estimated_incompatible_sources,persons,,,,"No compatible exact-row person measure was verified; country, cluster, ethnicity, oral-language and script-literacy measures were not copied into this route.",,Algeria,Latin,DZ_IICBA_TAMAZIGHT;UNICODE_TIFINAGH;WB_WDI_COMPLETION_2026;WB_WDI_INTERNET_2026;WB_WDI_ELECTRICITY_2026;UNICEF_LP_OFFLINE,https://www.iicba.unesco.org/en/algerias-tamazight-policy-and-challenge-home-language-instruction-africa;https://www.unicode.org/notes/tn59/tn59-1.html;https://data.worldbank.org/indicator/SE.PRM.CMPT.ZS;https://data.worldbank.org/indicator/IT.NET.USER.ZS;https://data.worldbank.org/indicator/EG.ELC.ACCS.ZS;https://www.unicef.org/learningpassport/offline-learning,"DZ_IICBA_TAMAZIGHT: Daily Algerian Arabic; French in higher education/employment; English expanding; no unified Tamazight teacher guide/progression; UNICODE_TIFINAGH: IRCAM subset, modern Tuareg letters and language-specific glyph variants; WB_WDI_COMPLETION_2026: DZ/SE.PRM.CMPT.ZS=98.2 (2025); WB_WDI_INTERNET_2026: DZ/IT.NET.USER.ZS=77.4 (2024); WB_WDI_ELECTRICITY_2026: DZ/EG.ELC.ACCS.ZS=100 (2024); UNICEF_LP_OFFLINE: Hub/learner-device and physical-sync ('sneakernet') concepts",No exact population denominator. No compatible open general-reference edition inventory was verified. Latin and Tifinagh resources are not interchangeable.,,ATTACHED_TO_EXISTING_EDITION,false,8da1560fefb7a0099ff86b1c2e3a80b4eed8ca3e79eb44fdd18e1a3682bbc006
regional:AFRICA_EMPIRICAL_NEED_INPUTS:cri-Latn-ST:010,AFRICA_EMPIRICAL_NEED_INPUTS,cri-Latn-ST,edition-target:lang:cri-Latn-ST,REGIONAL_EMPIRICAL_STRATUM,census_reported_speakers,persons; multiple languages permitted,62707,62707,62707,Official 2012 census direct count of residents reporting that they speak Forro.,2012,São Tomé and Príncipe,Latin orthography; exact language edition,STP_RGPH2012_LANG,https://www.ine.st/phocadownload/userupload/Documentos/Recenseamentos/2012/Dados%20Distritais%20e%20Nacional%20Recenseamento%202012/Resultados%20Nacionais%20do%20IV%20RGPH%202012.pdf,"STP_RGPH2012_LANG: Quadro 10, PDF p. 48, resident population by age, sex and language spoken","Multiple-response spoken-language counts overlap Portuguese and other languages; they are not L1, literacy, exclusive identity or academic-comfort counts.",,ATTACHED_TO_EXISTING_EDITION,false,4e62dc5866875ad5a67271de36bf4b8c89eca13d96f928684de43fa39872db86
regional:AFRICA_EMPIRICAL_NEED_INPUTS:ffm-Latn-ML:011,AFRICA_EMPIRICAL_NEED_INPUTS,ffm-Latn-ML,edition-target:lang:ffm-Latn-ML,REGIONAL_EMPIRICAL_STRATUM,not_estimated_incompatible_sources,persons,,,,"No compatible exact-row person measure was verified; country, cluster, ethnicity, oral-language and script-literacy measures were not copied into this route.",,Mali,Latin,FULA_UNICODE_17;ML_WB_CONVERGENT;WB_WDI_COMPLETION_2026;WB_WDI_INTERNET_2026;WB_WDI_ELECTRICITY_2026;UNICEF_LP_OFFLINE;WMF_WIKI_STATS_20260901;WMF_TERMS,https://www.unicode.org/versions/Unicode17.0.0/core-spec/chapter-19/;https://documents1.worldbank.org/curated/en/968431468756910910/pdf/273450ML.pdf;https://data.worldbank.org/indicator/SE.PRM.CMPT.ZS;https://data.worldbank.org/indicator/IT.NET.USER.ZS;https://data.worldbank.org/indicator/EG.ELC.ACCS.ZS;https://www.unicef.org/learningpassport/offline-learning;https://commons.wikimedia.org/wiki/Data:Wikipedia_statistics/data.tab?action=raw;https://foundation.wikimedia.org/wiki/Policy:Terms_of_Use,FULA_UNICODE_17: Section 19.9 Adlam: Fula cluster over 40 million; Adlam adoption and teaching; ML_WB_CONVERGENT: Additional Annex 9: mother tongue first year; French progressively from year two through grades 7-9; WB_WDI_COMPLETION_2026: ML/SE.PRM.CMPT.ZS=48.4 (2023); WB_WDI_INTERNET_2026: ML/IT.NET.USER.ZS=36.8 (2024); WB_WDI_ELECTRICITY_2026: ML/EG.ELC.ACCS.ZS=49.5 (2024); UNICEF_LP_OFFLINE: Hub/learner-device and physical-sync ('sneakernet') concepts; WMF_WIKI_STATS_20260901: Rows for named *.wikipedia sites; articles column; retrieved 2026-09-01; table license CC0-1.0; WMF_TERMS: Section 7: Licensing of Content,Historical programme evidence cannot establish current reach. Fula cluster and ff.wikipedia measures are not variety/territory specific.,,ATTACHED_TO_EXISTING_EDITION,false,828d1e24071e2e272278e1a49396c0d28b18b872a7790ff7eb7ecc5a6cd47a2b
regional:AFRICA_EMPIRICAL_NEED_INPUTS:fub-Latn-CM:012,AFRICA_EMPIRICAL_NEED_INPUTS,fub-Latn-CM,edition-target:lang:fub-Latn-CM,REGIONAL_EMPIRICAL_STRATUM,not_estimated_incompatible_sources,persons,,,,"No compatible exact-row person measure was verified; country, cluster, ethnicity, oral-language and script-literacy measures were not copied into this route.",,Cameroon,Latin,FULA_UNICODE_17;CM_UIS_FLSC_2014;CM_INS_MIS_2022;WB_WDI_COMPLETION_2026;WB_WDI_INTERNET_2026;WB_WDI_ELECTRICITY_2026;UNICEF_LP_OFFLINE;WMF_WIKI_STATS_20260901;WMF_TERMS,https://www.unicode.org/versions/Unicode17.0.0/core-spec/chapter-19/;https://nada.uis.unesco.org/nada/en/index.php/catalog/154/study-description;https://ins-cameroun.cm/wp-content/uploads/2025/06/Cameroon-MIS-2022-Final-Report-FR-FINAL-14Sep2023-For-Web.pdf;https://data.worldbank.org/indicator/SE.PRM.CMPT.ZS;https://data.worldbank.org/indicator/IT.NET.USER.ZS;https://data.worldbank.org/indicator/EG.ELC.ACCS.ZS;https://www.unicef.org/learningpassport/offline-learning;https://commons.wikimedia.org/wiki/Data:Wikipedia_statistics/data.tab?action=raw;https://foundation.wikimedia.org/wiki/Policy:Terms_of_Use,FULA_UNICODE_17: Section 19.9 Adlam: Fula cluster over 40 million; Adlam adoption and teaching; CM_UIS_FLSC_2014: Grade 6 English-system examination: mandatory subjects in English except French; CM_INS_MIS_2022: Questionnaire Q113-Q114 separately codes Fulfulde and Pidgin; WB_WDI_COMPLETION_2026: CM/SE.PRM.CMPT.ZS=75.3 (2024); WB_WDI_INTERNET_2026: CM/IT.NET.USER.ZS=46.3 (2024); WB_WDI_ELECTRICITY_2026: CM/EG.ELC.ACCS.ZS=72 (2024); UNICEF_LP_OFFLINE: Hub/learner-device and physical-sync ('sneakernet') concepts; WMF_WIKI_STATS_20260901: Rows for named *.wikipedia sites; articles column; retrieved 2026-09-01; table license CC0-1.0; WMF_TERMS: Section 7: Licensing of Content,Questionnaire coding is not a population estimate. Adamawa Fulfulde cannot inherit the Fula cluster or ff.wikipedia count.,,ATTACHED_TO_EXISTING_EDITION,false,e5cf7ffb88d13018b0d2c8e3fb5e91804eab33740c3e7662d1e30cee05ff4d7e
regional:AFRICA_EMPIRICAL_NEED_INPUTS:fuc-Adlm-SN:013,AFRICA_EMPIRICAL_NEED_INPUTS,fuc-Adlm-SN,edition-target:lang:fuc-Adlm-SN,REGIONAL_EMPIRICAL_STRATUM,not_estimated_incompatible_sources,persons,,,,"No compatible exact-row person measure was verified; country, cluster, ethnicity, oral-language and script-literacy measures were not copied into this route.",,Senegal,Adlam,FULA_UNICODE_17;SN_ANSD_CENSUS_2013;SN_WB_LANGUAGE;WB_WDI_COMPLETION_2026;WB_WDI_INTERNET_2026;WB_WDI_ELECTRICITY_2026;UNICEF_LP_OFFLINE,https://www.unicode.org/versions/Unicode17.0.0/core-spec/chapter-19/;https://www.ansd.sn/sites/default/files/recensements/rapport/rapport_national/Rapport-definitif-RGPHAE2013.pdf;https://blogs.worldbank.org/en/education/learning-read-language-children-understand;https://data.worldbank.org/indicator/SE.PRM.CMPT.ZS;https://data.worldbank.org/indicator/IT.NET.USER.ZS;https://data.worldbank.org/indicator/EG.ELC.ACCS.ZS;https://www.unicef.org/learningpassport/offline-learning,"FULA_UNICODE_17: Section 19.9 Adlam: Fula cluster over 40 million; Adlam adoption and teaching; SN_ANSD_CENSUS_2013: Tables 3.6-3.7: age 10+ literacy in national languages and Arabic; Pulaar 0.8%; SN_WB_LANGUAGE: Senegal local-language programmes, including Pulaar, alongside French formal schooling; WB_WDI_COMPLETION_2026: SN/SE.PRM.CMPT.ZS=62.9 (2024); WB_WDI_INTERNET_2026: SN/IT.NET.USER.ZS=60.1 (2024); WB_WDI_ELECTRICITY_2026: SN/EG.ELC.ACCS.ZS=82.9 (2024); UNICEF_LP_OFFLINE: Hub/learner-device and physical-sync ('sneakernet') concepts",Encoding and broad adoption evidence do not yield a Senegal/Pulaar Adlam population. Latin-Pulaar resources and ff.wikipedia are not credited to this script.,,ATTACHED_TO_EXISTING_EDITION,false,ece0069fe091f2047b84861a97dd6a4ce1b8cef8e233bf84a79cc22e06c528e6
regional:AFRICA_EMPIRICAL_NEED_INPUTS:fuc-Latn-SN:014,AFRICA_EMPIRICAL_NEED_INPUTS,fuc-Latn-SN,edition-target:lang:fuc-Latn-SN,REGIONAL_EMPIRICAL_STRATUM,not_estimated_incompatible_sources,persons,,,,"No compatible exact-row person measure was verified; country, cluster, ethnicity, oral-language and script-literacy measures were not copied into this route.",,Senegal,Latin,FULA_UNICODE_17;SN_ANSD_CENSUS_2013;SN_WB_LANGUAGE;WB_WDI_COMPLETION_2026;WB_WDI_INTERNET_2026;WB_WDI_ELECTRICITY_2026;UNICEF_LP_OFFLINE;WMF_WIKI_STATS_20260901;WMF_TERMS,https://www.unicode.org/versions/Unicode17.0.0/core-spec/chapter-19/;https://www.ansd.sn/sites/default/files/recensements/rapport/rapport_national/Rapport-definitif-RGPHAE2013.pdf;https://blogs.worldbank.org/en/education/learning-read-language-children-understand;https://data.worldbank.org/indicator/SE.PRM.CMPT.ZS;https://data.worldbank.org/indicator/IT.NET.USER.ZS;https://data.worldbank.org/indicator/EG.ELC.ACCS.ZS;https://www.unicef.org/learningpassport/offline-learning;https://commons.wikimedia.org/wiki/Data:Wikipedia_statistics/data.tab?action=raw;https://foundation.wikimedia.org/wiki/Policy:Terms_of_Use,"FULA_UNICODE_17: Section 19.9 Adlam: Fula cluster over 40 million; Adlam adoption and teaching; SN_ANSD_CENSUS_2013: Tables 3.6-3.7: age 10+ literacy in national languages and Arabic; Pulaar 0.8%; SN_WB_LANGUAGE: Senegal local-language programmes, including Pulaar, alongside French formal schooling; WB_WDI_COMPLETION_2026: SN/SE.PRM.CMPT.ZS=62.9 (2024); WB_WDI_INTERNET_2026: SN/IT.NET.USER.ZS=60.1 (2024); WB_WDI_ELECTRICITY_2026: SN/EG.ELC.ACCS.ZS=82.9 (2024); UNICEF_LP_OFFLINE: Hub/learner-device and physical-sync ('sneakernet') concepts; WMF_WIKI_STATS_20260901: Rows for named *.wikipedia sites; articles column; retrieved 2026-09-01; table license CC0-1.0; WMF_TERMS: Section 7: Licensing of Content","The published Pulaar literacy rate does not identify Latin versus Adlam, and ff.wikipedia is a macrolanguage edition rather than a Senegal-Pulaar inventory.",,ATTACHED_TO_EXISTING_EDITION,false,6d357eaf5a672abee5832d851fee36a774d711aa321417dbaa086704b80cbab7
regional:AFRICA_EMPIRICAL_NEED_INPUTS:fuf-Adlm-GN:015,AFRICA_EMPIRICAL_NEED_INPUTS,fuf-Adlm-GN,edition-target:lang:fuf-Adlm-GN,REGIONAL_EMPIRICAL_STRATUM,not_estimated_incompatible_sources,persons,,,,"No compatible exact-row person measure was verified; country, cluster, ethnicity, oral-language and script-literacy measures were not copied into this route.",,Guinea,Adlam,FULA_UNICODE_17;GN_INS_CENSUS_2014;GN_UNESCO_IBE_2023;GN_UNICEF_LP;WB_WDI_COMPLETION_2026;WB_WDI_INTERNET_2026;WB_WDI_ELECTRICITY_2026;UNICEF_LP_OFFLINE,https://www.unicode.org/versions/Unicode17.0.0/core-spec/chapter-19/;https://www.stat-guinee.org/images/Documents/Publications/INS/rapports_enquetes/RGPH3/RGPH3_etat_structure.pdf;https://www.ibe.unesco.org/sites/default/files/medias/fichiers/2023/10/COC%20R%C3%A9publique%20de%20Guin%C3%A9e%20Version%2028%2009%2023%20V3_0.pdf;https://www.unicef.org/guinea/recits/bient%C3%B4t-le-learning-passport-une-plateforme-denseignement-%C3%A0-distance-pour-l%C3%A9ducation;https://data.worldbank.org/indicator/SE.PRM.CMPT.ZS;https://data.worldbank.org/indicator/IT.NET.USER.ZS;https://data.worldbank.org/indicator/EG.ELC.ACCS.ZS;https://www.unicef.org/learningpassport/offline-learning,"FULA_UNICODE_17: Section 19.9 Adlam: Fula cluster over 40 million; Adlam adoption and teaching; GN_INS_CENSUS_2014: Section 5.5: Pular is the most spoken language; over one-third; rural 36.2%, urban 31.6%; GN_UNESCO_IBE_2023: p.14: national-language primary reform remains pilot/progressive scale-up; GN_UNICEF_LP: Online/offline operation for schools without internet; WB_WDI_COMPLETION_2026: GN/SE.PRM.CMPT.ZS=59.9 (2020); WB_WDI_INTERNET_2026: GN/IT.NET.USER.ZS=33.3 (2024); WB_WDI_ELECTRICITY_2026: GN/EG.ELC.ACCS.ZS=53.8 (2024); UNICEF_LP_OFFLINE: Hub/learner-device and physical-sync ('sneakernet') concepts","No script denominator; no transfer of Pular oral prevalence, Latin materials or ff.wikipedia content to Adlam.",,ATTACHED_TO_EXISTING_EDITION,false,bb55cb088260ff5628a88c48abb01000caeeec17bdebad4dd5d058f5b29b5b03
regional:AFRICA_EMPIRICAL_NEED_INPUTS:fuf-Latn-GN:016,AFRICA_EMPIRICAL_NEED_INPUTS,fuf-Latn-GN,edition-target:lang:fuf-Latn-GN,REGIONAL_EMPIRICAL_STRATUM,not_estimated_incompatible_sources,persons,,,,"No compatible exact-row person measure was verified; country, cluster, ethnicity, oral-language and script-literacy measures were not copied into this route.",,Guinea,Latin,FULA_UNICODE_17;GN_INS_CENSUS_2014;GN_UNESCO_IBE_2023;GN_UNICEF_LP;WB_WDI_COMPLETION_2026;WB_WDI_INTERNET_2026;WB_WDI_ELECTRICITY_2026;UNICEF_LP_OFFLINE;WMF_WIKI_STATS_20260901;WMF_TERMS,https://www.unicode.org/versions/Unicode17.0.0/core-spec/chapter-19/;https://www.stat-guinee.org/images/Documents/Publications/INS/rapports_enquetes/RGPH3/RGPH3_etat_structure.pdf;https://www.ibe.unesco.org/sites/default/files/medias/fichiers/2023/10/COC%20R%C3%A9publique%20de%20Guin%C3%A9e%20Version%2028%2009%2023%20V3_0.pdf;https://www.unicef.org/guinea/recits/bient%C3%B4t-le-learning-passport-une-plateforme-denseignement-%C3%A0-distance-pour-l%C3%A9ducation;https://data.worldbank.org/indicator/SE.PRM.CMPT.ZS;https://data.worldbank.org/indicator/IT.NET.USER.ZS;https://data.worldbank.org/indicator/EG.ELC.ACCS.ZS;https://www.unicef.org/learningpassport/offline-learning;https://commons.wikimedia.org/wiki/Data:Wikipedia_statistics/data.tab?action=raw;https://foundation.wikimedia.org/wiki/Policy:Terms_of_Use,"FULA_UNICODE_17: Section 19.9 Adlam: Fula cluster over 40 million; Adlam adoption and teaching; GN_INS_CENSUS_2014: Section 5.5: Pular is the most spoken language; over one-third; rural 36.2%, urban 31.6%; GN_UNESCO_IBE_2023: p.14: national-language primary reform remains pilot/progressive scale-up; GN_UNICEF_LP: Online/offline operation for schools without internet; WB_WDI_COMPLETION_2026: GN/SE.PRM.CMPT.ZS=59.9 (2020); WB_WDI_INTERNET_2026: GN/IT.NET.USER.ZS=33.3 (2024); WB_WDI_ELECTRICITY_2026: GN/EG.ELC.ACCS.ZS=53.8 (2024); UNICEF_LP_OFFLINE: Hub/learner-device and physical-sync ('sneakernet') concepts; WMF_WIKI_STATS_20260901: Rows for named *.wikipedia sites; articles column; retrieved 2026-09-01; table license CC0-1.0; WMF_TERMS: Section 7: Licensing of Content",The census statement is rounded/inequality-based and script-unspecified; no midpoint is manufactured. ff.wikipedia is cluster context only.,,ATTACHED_TO_EXISTING_EDITION,false,438e1cc61656c130418674d96677661655afcbc7d76a042762cdba916efd9ba2
regional:AFRICA_EMPIRICAL_NEED_INPUTS:fuv-Arab-NG-Ajami:017,AFRICA_EMPIRICAL_NEED_INPUTS,fuv-Arab-NG-Ajami,,REGIONAL_EMPIRICAL_STRATUM,not_estimated_incompatible_sources,persons,,,,"No compatible exact-row person measure was verified; country, cluster, ethnicity, oral-language and script-literacy measures were not copied into this route.",,Nigeria,Arabic-derived Ajami,FULA_UNICODE_17;NG_UNICEF_LIE;NG_UNICEF_FACTS_2023;NG_NERDC_LDC;WB_WDI_COMPLETION_2026;WB_WDI_INTERNET_2026;WB_WDI_ELECTRICITY_2026;UNICEF_LP_OFFLINE,https://www.unicode.org/versions/Unicode17.0.0/core-spec/chapter-19/;https://www.unicef.org/nigeria/media/7861/file/Language%20in%20Education%20Report.pdf;https://www.unicef.org/nigeria/media/9211/file/Nigeria%20Education%20Fact%20Sheets;https://www.nerdc.gov.ng/content_manager/ldc_achievements.html;https://data.worldbank.org/indicator/SE.PRM.CMPT.ZS;https://data.worldbank.org/indicator/IT.NET.USER.ZS;https://data.worldbank.org/indicator/EG.ELC.ACCS.ZS;https://www.unicef.org/learningpassport/offline-learning,"FULA_UNICODE_17: Section 19.9 Adlam: Fula cluster over 40 million; Adlam adoption and teaching; NG_UNICEF_LIE: p.45: immediate-environment language first three primary years, progressive English from year four; pp.45-48 implementation/materials discussion; NG_UNICEF_FACTS_2023: p.14 Figure 19: foundational reading by ethnicity; p.15 Figure 21: home/school-language grouping; NG_NERDC_LDC: Curricula for Hausa, Igbo, Yoruba and Fulfulde; bilingual dictionaries; Pidgin translation example; WB_WDI_COMPLETION_2026: NG/SE.PRM.CMPT.ZS=70.2 (2010); WB_WDI_INTERNET_2026: NG/IT.NET.USER.ZS=41.2 (2024); WB_WDI_ELECTRICITY_2026: NG/EG.ELC.ACCS.ZS=62.5 (2024); UNICEF_LP_OFFLINE: Hub/learner-device and physical-sync ('sneakernet') concepts","The route is retained to prevent Latin resources and ethnicity results from erasing Ajami need. It remains unrankable on population, learning and supply.",,EVIDENCE_ONLY_CONTEXT,false,5f5ae66a15af2445d4adde76badfd9dfa555e60a1f62840b1dc98e15ecd319b2
regional:AFRICA_EMPIRICAL_NEED_INPUTS:fuv-Latn-NG:018,AFRICA_EMPIRICAL_NEED_INPUTS,fuv-Latn-NG,edition-target:lang:fuv-Latn-NG,REGIONAL_EMPIRICAL_STRATUM,not_estimated_incompatible_sources,persons,,,,"No compatible exact-row person measure was verified; country, cluster, ethnicity, oral-language and script-literacy measures were not copied into this route.",,Nigeria,Latin,FULA_UNICODE_17;NG_UNICEF_LIE;NG_UNICEF_FACTS_2023;NG_NERDC_LDC;NG_LEARNING_PASSPORT_2024;WB_WDI_COMPLETION_2026;WB_WDI_INTERNET_2026;WB_WDI_ELECTRICITY_2026;UNICEF_LP_OFFLINE;WMF_WIKI_STATS_20260901;WMF_TERMS,https://www.unicode.org/versions/Unicode17.0.0/core-spec/chapter-19/;https://www.unicef.org/nigeria/media/7861/file/Language%20in%20Education%20Report.pdf;https://www.unicef.org/nigeria/media/9211/file/Nigeria%20Education%20Fact%20Sheets;https://www.nerdc.gov.ng/content_manager/ldc_achievements.html;https://www.unicef.org/nigeria/press-releases/nigeria-learning-passport-reaches-one-million-subscribers-milestone-educational;https://data.worldbank.org/indicator/SE.PRM.CMPT.ZS;https://data.worldbank.org/indicator/IT.NET.USER.ZS;https://data.worldbank.org/indicator/EG.ELC.ACCS.ZS;https://www.unicef.org/learningpassport/offline-learning;https://commons.wikimedia.org/wiki/Data:Wikipedia_statistics/data.tab?action=raw;https://foundation.wikimedia.org/wiki/Policy:Terms_of_Use,"FULA_UNICODE_17: Section 19.9 Adlam: Fula cluster over 40 million; Adlam adoption and teaching; NG_UNICEF_LIE: p.45: immediate-environment language first three primary years, progressive English from year four; pp.45-48 implementation/materials discussion; NG_UNICEF_FACTS_2023: p.14 Figure 19: foundational reading by ethnicity; p.15 Figure 21: home/school-language grouping; NG_NERDC_LDC: Curricula for Hausa, Igbo, Yoruba and Fulfulde; bilingual dictionaries; Pidgin translation example; NG_LEARNING_PASSPORT_2024: Features list: English, Hausa, Igbo, Yoruba; free, data-free, offline download; WB_WDI_COMPLETION_2026: NG/SE.PRM.CMPT.ZS=70.2 (2010); WB_WDI_INTERNET_2026: NG/IT.NET.USER.ZS=41.2 (2024); WB_WDI_ELECTRICITY_2026: NG/EG.ELC.ACCS.ZS=62.5 (2024); UNICEF_LP_OFFLINE: Hub/learner-device and physical-sync ('sneakernet') concepts; WMF_WIKI_STATS_20260901: Rows for named *.wikipedia sites; articles column; retrieved 2026-09-01; table license CC0-1.0; WMF_TERMS: Section 7: Licensing of Content","Ethnicity, variety, territory and script are incompatible denominators. ff.wikipedia is macrolanguage context, not Nigerian Fulfulde coverage.",,ATTACHED_TO_EXISTING_EDITION,false,1ef9fb14146e952c14fbace210c92946e48af14e4344c84985dbc003cbba85ac
regional:AFRICA_EMPIRICAL_NEED_INPUTS:gpe-Latn-GH:019,AFRICA_EMPIRICAL_NEED_INPUTS,gpe-Latn-GH,edition-target:lang:gpe-Latn-GH,REGIONAL_EMPIRICAL_STRATUM,not_estimated_incompatible_sources,persons,,,,"No compatible exact-row person measure was verified; country, cluster, ethnicity, oral-language and script-literacy measures were not copied into this route.",,Ghana,Latin,GH_MOE_PLAN_2018;GH_STATS_CENSUS_2021;WB_WDI_COMPLETION_2026;WB_WDI_INTERNET_2026;WB_WDI_ELECTRICITY_2026;UNICEF_LP_OFFLINE,https://planipolis.iiep.unesco.org/sites/default/files/ressources/ghana-education-sector-medium-term-development-plan_2018-2021.pdf;https://census2020.statsghana.gov.gh/gssmain/fileUpload/reportthemesub/2021%20PHC%20General%20Report%20Vol%203D_Literacy%20and%20Education.pdf;https://data.worldbank.org/indicator/SE.PRM.CMPT.ZS;https://data.worldbank.org/indicator/IT.NET.USER.ZS;https://data.worldbank.org/indicator/EG.ELC.ACCS.ZS;https://www.unicef.org/learningpassport/offline-learning,GH_MOE_PLAN_2018: Basic-education actions: local-language pedagogy P1-P3; transition to English by P4; GH_STATS_CENSUS_2021: Language-of-literacy tables use English/Ghanaian-language categories; WB_WDI_COMPLETION_2026: GH/SE.PRM.CMPT.ZS=97.5 (2024); WB_WDI_INTERNET_2026: GH/IT.NET.USER.ZS=72.2 (2024); WB_WDI_ELECTRICITY_2026: GH/EG.ELC.ACCS.ZS=91.9 (2024); UNICEF_LP_OFFLINE: Hub/learner-device and physical-sync ('sneakernet') concepts,Census omission is not evidence of zero use. No population midpoint or transfer from other West African Pidgins is permitted.,,ATTACHED_TO_EXISTING_EDITION,false,1d7732cc4ef068446e34369bbd822c8e4cc8a6007c174139bbc07d7b7fdad56b
regional:AFRICA_EMPIRICAL_NEED_INPUTS:ha-Arab-NE-Ajami:020,AFRICA_EMPIRICAL_NEED_INPUTS,ha-Arab-NE-Ajami,,REGIONAL_EMPIRICAL_STRATUM,not_estimated_incompatible_sources,persons,,,,"No compatible exact-row person measure was verified; country, cluster, ethnicity, oral-language and script-literacy measures were not copied into this route.",,Niger,Arabic-derived Ajami,UNICODE_HAUSA_AJAMI_2018;NE_UNICEF_MLE_2022;NE_UIL_ABC_2024;WB_WDI_COMPLETION_2026;WB_WDI_INTERNET_2026;WB_WDI_ELECTRICITY_2026;UNICEF_LP_OFFLINE,https://www.unicode.org/L2/L2018/18094-arabic-hausa.pdf;https://www.unicef.org/wca/media/9196/file/Etude%20MLE%20-%20rapport%20complet.pdf;https://www.uil.unesco.org/fr/litbase/alphabetisation-de-base-par-cellulaire-abc-mobiles-4-literacy-niger;https://data.worldbank.org/indicator/SE.PRM.CMPT.ZS;https://data.worldbank.org/indicator/IT.NET.USER.ZS;https://data.worldbank.org/indicator/EG.ELC.ACCS.ZS;https://www.unicef.org/learningpassport/offline-learning,UNICODE_HAUSA_AJAMI_2018: Character inventory and usage evidence; NE_UNICEF_MLE_2022: Sociolinguistic context and section 2: French as principal medium; Hausa-French bilingual schooling since 1973-74; national-language legal framework; NE_UIL_ABC_2024: Implementation and language sections: local instruction in Hausa or Zarma; basic literacy and SMS/mobile practice; WB_WDI_COMPLETION_2026: NE/SE.PRM.CMPT.ZS=40.8 (2024); WB_WDI_INTERNET_2026: NE/IT.NET.USER.ZS=15.6 (2024); WB_WDI_ELECTRICITY_2026: NE/EG.ELC.ACCS.ZS=21.3 (2024); UNICEF_LP_OFFLINE: Hub/learner-device and physical-sync ('sneakernet') concepts,This row is intentionally blank on population. Technical encoding and Hausa-language programming cannot substitute for verified Ajami literacy or resource coverage.,,EVIDENCE_ONLY_CONTEXT,false,d078d2fd854db5e1f71d1fa796b7264450cbd0aaf463f24ad7959288c64704b8
regional:AFRICA_EMPIRICAL_NEED_INPUTS:ha-Arab-NG-Ajami:021,AFRICA_EMPIRICAL_NEED_INPUTS,ha-Arab-NG-Ajami,,REGIONAL_EMPIRICAL_STRATUM,not_estimated_incompatible_sources,persons,,,,"No compatible exact-row person measure was verified; country, cluster, ethnicity, oral-language and script-literacy measures were not copied into this route.",,Nigeria,Arabic-derived Ajami,UNICODE_HAUSA_AJAMI_2018;NG_UNICEF_LIE;NG_UNICEF_FACTS_2023;NG_LEARNING_PASSPORT_2024;WB_WDI_COMPLETION_2026;WB_WDI_INTERNET_2026;WB_WDI_ELECTRICITY_2026;UNICEF_LP_OFFLINE,https://www.unicode.org/L2/L2018/18094-arabic-hausa.pdf;https://www.unicef.org/nigeria/media/7861/file/Language%20in%20Education%20Report.pdf;https://www.unicef.org/nigeria/media/9211/file/Nigeria%20Education%20Fact%20Sheets;https://www.unicef.org/nigeria/press-releases/nigeria-learning-passport-reaches-one-million-subscribers-milestone-educational;https://data.worldbank.org/indicator/SE.PRM.CMPT.ZS;https://data.worldbank.org/indicator/IT.NET.USER.ZS;https://data.worldbank.org/indicator/EG.ELC.ACCS.ZS;https://www.unicef.org/learningpassport/offline-learning,"UNICODE_HAUSA_AJAMI_2018: Character inventory and usage evidence; NG_UNICEF_LIE: p.45: immediate-environment language first three primary years, progressive English from year four; pp.45-48 implementation/materials discussion; NG_UNICEF_FACTS_2023: p.14 Figure 19: foundational reading by ethnicity; p.15 Figure 21: home/school-language grouping; NG_LEARNING_PASSPORT_2024: Features list: English, Hausa, Igbo, Yoruba; free, data-free, offline download; WB_WDI_COMPLETION_2026: NG/SE.PRM.CMPT.ZS=70.2 (2010); WB_WDI_INTERNET_2026: NG/IT.NET.USER.ZS=41.2 (2024); WB_WDI_ELECTRICITY_2026: NG/EG.ELC.ACCS.ZS=62.5 (2024); UNICEF_LP_OFFLINE: Hub/learner-device and physical-sync ('sneakernet') concepts","Unrankable by population, learning endpoint and open-resource inventory. Encoding support proves technical representability, not fonts, shaping, pedagogy, literacy or content supply.",,EVIDENCE_ONLY_CONTEXT,false,8fe3dbe54249efaf14714d0d56bed710673875ee11e89038bc50ae43c5f169a0
regional:AFRICA_EMPIRICAL_NEED_INPUTS:ha-Latn-NE:022,AFRICA_EMPIRICAL_NEED_INPUTS,ha-Latn-NE,edition-target:lang:ha-Latn-NE,REGIONAL_EMPIRICAL_STRATUM,not_estimated_incompatible_sources,persons,,,,"No compatible exact-row person measure was verified; country, cluster, ethnicity, oral-language and script-literacy measures were not copied into this route.",,Niger,Latin (Boko),UNESCO_AFRICAN_LANG_AI;NE_UNICEF_MLE_2022;NE_UIL_ABC_2024;WB_WDI_COMPLETION_2026;WB_WDI_INTERNET_2026;WB_WDI_ELECTRICITY_2026;UNICEF_LP_OFFLINE;WMF_WIKI_STATS_20260901;WMF_TERMS,https://www.unesco.org/en/articles/african-languages-blind-spot-ai;https://www.unicef.org/wca/media/9196/file/Etude%20MLE%20-%20rapport%20complet.pdf;https://www.uil.unesco.org/fr/litbase/alphabetisation-de-base-par-cellulaire-abc-mobiles-4-literacy-niger;https://data.worldbank.org/indicator/SE.PRM.CMPT.ZS;https://data.worldbank.org/indicator/IT.NET.USER.ZS;https://data.worldbank.org/indicator/EG.ELC.ACCS.ZS;https://www.unicef.org/learningpassport/offline-learning;https://commons.wikimedia.org/wiki/Data:Wikipedia_statistics/data.tab?action=raw;https://foundation.wikimedia.org/wiki/Policy:Terms_of_Use,UNESCO_AFRICAN_LANG_AI: Hausa example and Nigeria-wide cluster statement; NE_UNICEF_MLE_2022: Sociolinguistic context and section 2: French as principal medium; Hausa-French bilingual schooling since 1973-74; national-language legal framework; NE_UIL_ABC_2024: Implementation and language sections: local instruction in Hausa or Zarma; basic literacy and SMS/mobile practice; WB_WDI_COMPLETION_2026: NE/SE.PRM.CMPT.ZS=40.8 (2024); WB_WDI_INTERNET_2026: NE/IT.NET.USER.ZS=15.6 (2024); WB_WDI_ELECTRICITY_2026: NE/EG.ELC.ACCS.ZS=21.3 (2024); UNICEF_LP_OFFLINE: Hub/learner-device and physical-sync ('sneakernet') concepts; WMF_WIKI_STATS_20260901: Rows for named *.wikipedia sites; articles column; retrieved 2026-09-01; table license CC0-1.0; WMF_TERMS: Section 7: Licensing of Content,Hausa programme language is not a script denominator. Hausa Wikipedia is transnational and cannot be localized to Niger.,,ATTACHED_TO_EXISTING_EDITION,false,2c5de6727fdc3142e7e93a88fa68aa4bc699c5060d16d68e40d2ce60832c393b
regional:AFRICA_EMPIRICAL_NEED_INPUTS:ha-Latn-NG-Boko:023,AFRICA_EMPIRICAL_NEED_INPUTS,ha-Latn-NG-Boko,,REGIONAL_EMPIRICAL_STRATUM,not_estimated_incompatible_sources,persons,,,,"No compatible exact-row person measure was verified; country, cluster, ethnicity, oral-language and script-literacy measures were not copied into this route.",,Nigeria,Latin (Boko),UNESCO_AFRICAN_LANG_AI;NG_UNICEF_LIE;NG_UNICEF_FACTS_2023;NG_LEARNING_PASSPORT_2024;NG_NERDC_LDC;WB_WDI_COMPLETION_2026;WB_WDI_INTERNET_2026;WB_WDI_ELECTRICITY_2026;UNICEF_LP_OFFLINE;WMF_WIKI_STATS_20260901;WMF_TERMS,https://www.unesco.org/en/articles/african-languages-blind-spot-ai;https://www.unicef.org/nigeria/media/7861/file/Language%20in%20Education%20Report.pdf;https://www.unicef.org/nigeria/media/9211/file/Nigeria%20Education%20Fact%20Sheets;https://www.unicef.org/nigeria/press-releases/nigeria-learning-passport-reaches-one-million-subscribers-milestone-educational;https://www.nerdc.gov.ng/content_manager/ldc_achievements.html;https://data.worldbank.org/indicator/SE.PRM.CMPT.ZS;https://data.worldbank.org/indicator/IT.NET.USER.ZS;https://data.worldbank.org/indicator/EG.ELC.ACCS.ZS;https://www.unicef.org/learningpassport/offline-learning;https://commons.wikimedia.org/wiki/Data:Wikipedia_statistics/data.tab?action=raw;https://foundation.wikimedia.org/wiki/Policy:Terms_of_Use,"UNESCO_AFRICAN_LANG_AI: Hausa example and Nigeria-wide cluster statement; NG_UNICEF_LIE: p.45: immediate-environment language first three primary years, progressive English from year four; pp.45-48 implementation/materials discussion; NG_UNICEF_FACTS_2023: p.14 Figure 19: foundational reading by ethnicity; p.15 Figure 21: home/school-language grouping; NG_LEARNING_PASSPORT_2024: Features list: English, Hausa, Igbo, Yoruba; free, data-free, offline download; NG_NERDC_LDC: Curricula for Hausa, Igbo, Yoruba and Fulfulde; bilingual dictionaries; Pidgin translation example; WB_WDI_COMPLETION_2026: NG/SE.PRM.CMPT.ZS=70.2 (2010); WB_WDI_INTERNET_2026: NG/IT.NET.USER.ZS=41.2 (2024); WB_WDI_ELECTRICITY_2026: NG/EG.ELC.ACCS.ZS=62.5 (2024); UNICEF_LP_OFFLINE: Hub/learner-device and physical-sync ('sneakernet') concepts; WMF_WIKI_STATS_20260901: Rows for named *.wikipedia sites; articles column; retrieved 2026-09-01; table license CC0-1.0; WMF_TERMS: Section 7: Licensing of Content","No script-specific population. Ethnicity, home/school-language group and Boko literacy are incompatible constructs; Hausa Wikipedia is language-level and may not fully isolate territory or orthographic practice.",,EVIDENCE_ONLY_CONTEXT,false,aef02ddd0de32818f31f7a36babc9d240b1fdfe55ea7f79b5b2add83472edad8
regional:AFRICA_EMPIRICAL_NEED_INPUTS:ig-Latn-NG:024,AFRICA_EMPIRICAL_NEED_INPUTS,ig-Latn-NG,edition-target:lang:ig-Latn-NG,REGIONAL_EMPIRICAL_STRATUM,not_estimated_incompatible_sources,persons,,,,"No compatible exact-row person measure was verified; country, cluster, ethnicity, oral-language and script-literacy measures were not copied into this route.",,Nigeria,Latin with Igbo diacritics,NG_UNICEF_LIE;NG_UNICEF_FACTS_2023;NG_LEARNING_PASSPORT_2024;NG_NERDC_LDC;WB_WDI_COMPLETION_2026;WB_WDI_INTERNET_2026;WB_WDI_ELECTRICITY_2026;UNICEF_LP_OFFLINE;WMF_WIKI_STATS_20260901;WMF_TERMS,https://www.unicef.org/nigeria/media/7861/file/Language%20in%20Education%20Report.pdf;https://www.unicef.org/nigeria/media/9211/file/Nigeria%20Education%20Fact%20Sheets;https://www.unicef.org/nigeria/press-releases/nigeria-learning-passport-reaches-one-million-subscribers-milestone-educational;https://www.nerdc.gov.ng/content_manager/ldc_achievements.html;https://data.worldbank.org/indicator/SE.PRM.CMPT.ZS;https://data.worldbank.org/indicator/IT.NET.USER.ZS;https://data.worldbank.org/indicator/EG.ELC.ACCS.ZS;https://www.unicef.org/learningpassport/offline-learning;https://commons.wikimedia.org/wiki/Data:Wikipedia_statistics/data.tab?action=raw;https://foundation.wikimedia.org/wiki/Policy:Terms_of_Use,"NG_UNICEF_LIE: p.45: immediate-environment language first three primary years, progressive English from year four; pp.45-48 implementation/materials discussion; NG_UNICEF_FACTS_2023: p.14 Figure 19: foundational reading by ethnicity; p.15 Figure 21: home/school-language grouping; NG_LEARNING_PASSPORT_2024: Features list: English, Hausa, Igbo, Yoruba; free, data-free, offline download; NG_NERDC_LDC: Curricula for Hausa, Igbo, Yoruba and Fulfulde; bilingual dictionaries; Pidgin translation example; WB_WDI_COMPLETION_2026: NG/SE.PRM.CMPT.ZS=70.2 (2010); WB_WDI_INTERNET_2026: NG/IT.NET.USER.ZS=41.2 (2024); WB_WDI_ELECTRICITY_2026: NG/EG.ELC.ACCS.ZS=62.5 (2024); UNICEF_LP_OFFLINE: Hub/learner-device and physical-sync ('sneakernet') concepts; WMF_WIKI_STATS_20260901: Rows for named *.wikipedia sites; articles column; retrieved 2026-09-01; table license CC0-1.0; WMF_TERMS: Section 7: Licensing of Content","Ethnicity, home/school language, literacy and orthographic competence are not interchangeable. No exact person value is assigned.",,ATTACHED_TO_EXISTING_EDITION,false,a91c1b045f0dcf7c4194403ad0a5e885f2065d1d11a0fbba65a165c8988c7230
regional:AFRICA_EMPIRICAL_NEED_INPUTS:kab-Latn-DZ:025,AFRICA_EMPIRICAL_NEED_INPUTS,kab-Latn-DZ,edition-target:lang:kab-Latn-DZ,REGIONAL_EMPIRICAL_STRATUM,not_estimated_incompatible_sources,persons,,,,"No compatible exact-row person measure was verified; country, cluster, ethnicity, oral-language and script-literacy measures were not copied into this route.",,Algeria,Latin,DZ_IICBA_TAMAZIGHT;UNICODE_TIFINAGH;WB_WDI_COMPLETION_2026;WB_WDI_INTERNET_2026;WB_WDI_ELECTRICITY_2026;UNICEF_LP_OFFLINE;WMF_WIKI_STATS_20260901;WMF_TERMS,https://www.iicba.unesco.org/en/algerias-tamazight-policy-and-challenge-home-language-instruction-africa;https://www.unicode.org/notes/tn59/tn59-1.html;https://data.worldbank.org/indicator/SE.PRM.CMPT.ZS;https://data.worldbank.org/indicator/IT.NET.USER.ZS;https://data.worldbank.org/indicator/EG.ELC.ACCS.ZS;https://www.unicef.org/learningpassport/offline-learning;https://commons.wikimedia.org/wiki/Data:Wikipedia_statistics/data.tab?action=raw;https://foundation.wikimedia.org/wiki/Policy:Terms_of_Use,"DZ_IICBA_TAMAZIGHT: Daily Algerian Arabic; French in higher education/employment; English expanding; no unified Tamazight teacher guide/progression; UNICODE_TIFINAGH: IRCAM subset, modern Tuareg letters and language-specific glyph variants; WB_WDI_COMPLETION_2026: DZ/SE.PRM.CMPT.ZS=98.2 (2025); WB_WDI_INTERNET_2026: DZ/IT.NET.USER.ZS=77.4 (2024); WB_WDI_ELECTRICITY_2026: DZ/EG.ELC.ACCS.ZS=100 (2024); UNICEF_LP_OFFLINE: Hub/learner-device and physical-sync ('sneakernet') concepts; WMF_WIKI_STATS_20260901: Rows for named *.wikipedia sites; articles column; retrieved 2026-09-01; table license CC0-1.0; WMF_TERMS: Section 7: Licensing of Content","No exact population denominator. kab.wikipedia is a cross-territory general-reference proxy, not Algeria curriculum supply. Latin and Tifinagh resources are not interchangeable.",,ATTACHED_TO_EXISTING_EDITION,false,22350b1f6a4b6c6bc4ab51adafc87baeec1395b51046dcaa03ff13042baf1f1b
regional:AFRICA_EMPIRICAL_NEED_INPUTS:kri-Latn-SL:026,AFRICA_EMPIRICAL_NEED_INPUTS,kri-Latn-SL,edition-target:lang:kri-Latn-SL,REGIONAL_EMPIRICAL_STRATUM,not_estimated_incompatible_sources,persons,,,,"No compatible exact-row person measure was verified; country, cluster, ethnicity, oral-language and script-literacy measures were not copied into this route.",,Sierra Leone,Latin,SL_STATS_CENSUS_2015;SL_MBSSE_ACT_2023;SL_LASS_2021;WB_WDI_COMPLETION_2026;WB_WDI_INTERNET_2026;WB_WDI_ELECTRICITY_2026;UNICEF_LP_OFFLINE,https://www.statistics.sl/images/StatisticsSL/Documents/Census/2015/2015_census_national_analytical_report.pdf;https://mbsse.gov.sl/wp-content/uploads/2023/06/Basic-and-Senior-Secondary-Education-Act-2023-.pdf;https://mbsse.gov.sl/wp-content/uploads/2022/04/LASS-Study_BN1_Pupil-Learning_WEB_2.pdf;https://data.worldbank.org/indicator/SE.PRM.CMPT.ZS;https://data.worldbank.org/indicator/IT.NET.USER.ZS;https://data.worldbank.org/indicator/EG.ELC.ACCS.ZS;https://www.unicef.org/learningpassport/offline-learning,"SL_STATS_CENSUS_2015: Population 7,092,113; language narrative identifies Mende, Temne, then Krio; SL_MBSSE_ACT_2023: Section 84: English instruction; local/community language allowed ages 3-8; SL_LASS_2021: p.6 Figure 6: English/Krio versus other home-language learning; 54% English/Krio, footnote only 2% English; WB_WDI_COMPLETION_2026: SL/SE.PRM.CMPT.ZS=99.2 (2024); WB_WDI_INTERNET_2026: SL/IT.NET.USER.ZS=25.1 (2024); WB_WDI_ELECTRICITY_2026: SL/EG.ELC.ACCS.ZS=39.2 (2024); UNICEF_LP_OFFLINE: Hub/learner-device and physical-sync ('sneakernet') concepts","Census narrative, combined pupil group and territorial population have incompatible universes. Nigerian Pidgin resources are not transferred to Krio.",,ATTACHED_TO_EXISTING_EDITION,false,44a4e0946220db0c157563e31d747123b4f9af006884d769bfadd779c3ab1001
regional:AFRICA_EMPIRICAL_NEED_INPUTS:lir-Latn-LR:027,AFRICA_EMPIRICAL_NEED_INPUTS,lir-Latn-LR,,REGIONAL_EMPIRICAL_STRATUM,not_estimated_incompatible_sources,persons,,,,"No compatible exact-row person measure was verified; country, cluster, ethnicity, oral-language and script-literacy measures were not copied into this route.",,Liberia,Latin,LR_LISGIS_CENSUS_2022;LR_MOE_ESP;WB_WDI_COMPLETION_2026;WB_WDI_INTERNET_2026;WB_WDI_ELECTRICITY_2026;UNICEF_LP_OFFLINE,https://www.lisgis.gov.lr/document/LiberiaCensus2022Report.pdf;https://moe.gov.lr/;https://data.worldbank.org/indicator/SE.PRM.CMPT.ZS;https://data.worldbank.org/indicator/IT.NET.USER.ZS;https://data.worldbank.org/indicator/EG.ELC.ACCS.ZS;https://www.unicef.org/learningpassport/offline-learning,"LR_LISGIS_CENSUS_2022: Executive summary: population 5,250,187; literacy 59.9% in a simple language; LR_MOE_ESP: Education Sector Plan link and national curriculum portal; WB_WDI_COMPLETION_2026: LR/SE.PRM.CMPT.ZS=57.8 (2022); WB_WDI_INTERNET_2026: LR/IT.NET.USER.ZS=32.2 (2024); WB_WDI_ELECTRICITY_2026: LR/EG.ELC.ACCS.ZS=34.9 (2024); UNICEF_LP_OFFLINE: Hub/learner-device and physical-sync ('sneakernet') concepts","Territorial population, generic literacy and neighboring Pidgin/Krio evidence are incompatible. This route remains explicitly unrankable on direct population and supply.",,EVIDENCE_ONLY_CONTEXT,false,b90bbce807383299ed3872df62046f3a9e2e8f5b2e628604df7f628b89ad8d53
regional:AFRICA_EMPIRICAL_NEED_INPUTS:ln-Latn-CD:028,AFRICA_EMPIRICAL_NEED_INPUTS,ln-Latn-CD,edition-target:lang:ln-Latn-CD,REGIONAL_EMPIRICAL_STRATUM,not_estimated_incompatible_sources,persons,,,,"No compatible exact-row person measure was verified; country, cluster, ethnicity, oral-language and script-literacy measures were not copied into this route.",,Democratic Republic of the Congo,Latin,DRC_UIL_LITERACY;WB_WDI_COMPLETION_2026;WB_WDI_INTERNET_2026;WB_WDI_ELECTRICITY_2026;UNICEF_LP_OFFLINE;WMF_WIKI_STATS_20260901;WMF_TERMS,https://www.uil.unesco.org/en/litbase/congo-literacy-project-democratic-republic-congo;https://data.worldbank.org/indicator/SE.PRM.CMPT.ZS;https://data.worldbank.org/indicator/IT.NET.USER.ZS;https://data.worldbank.org/indicator/EG.ELC.ACCS.ZS;https://www.unicef.org/learningpassport/offline-learning;https://commons.wikimedia.org/wiki/Data:Wikipedia_statistics/data.tab?action=raw;https://foundation.wikimedia.org/wiki/Policy:Terms_of_Use,DRC_UIL_LITERACY: Language context and national-language implementation sections; WB_WDI_COMPLETION_2026: CD/SE.PRM.CMPT.ZS=75.7 (2023); WB_WDI_INTERNET_2026: CD/IT.NET.USER.ZS=19.7 (2024); WB_WDI_ELECTRICITY_2026: CD/EG.ELC.ACCS.ZS=22.5 (2024); UNICEF_LP_OFFLINE: Hub/learner-device and physical-sync ('sneakernet') concepts; WMF_WIKI_STATS_20260901: Rows for named *.wikipedia sites; articles column; retrieved 2026-09-01; table license CC0-1.0; WMF_TERMS: Section 7: Licensing of Content,No population denominator. ln.wikipedia is a cross-territory general-reference edition and not a DRC school-resource inventory.,,ATTACHED_TO_EXISTING_EDITION,false,69c99abeedc52d88de4a3b29ebffda6f77ce86f2b92e6855dff2c78a9b7ea469
regional:AFRICA_EMPIRICAL_NEED_INPUTS:ln-Latn-CG:029,AFRICA_EMPIRICAL_NEED_INPUTS,ln-Latn-CG,edition-target:lang:ln-Latn-CG,REGIONAL_EMPIRICAL_STRATUM,not_estimated_incompatible_sources,persons,,,,"No compatible exact-row person measure was verified; country, cluster, ethnicity, oral-language and script-literacy measures were not copied into this route.",,Republic of the Congo,Latin,WB_WDI_COMPLETION_2026;WB_WDI_INTERNET_2026;WB_WDI_ELECTRICITY_2026;UNICEF_LP_OFFLINE;WMF_WIKI_STATS_20260901;WMF_TERMS,https://data.worldbank.org/indicator/SE.PRM.CMPT.ZS;https://data.worldbank.org/indicator/IT.NET.USER.ZS;https://data.worldbank.org/indicator/EG.ELC.ACCS.ZS;https://www.unicef.org/learningpassport/offline-learning;https://commons.wikimedia.org/wiki/Data:Wikipedia_statistics/data.tab?action=raw;https://foundation.wikimedia.org/wiki/Policy:Terms_of_Use,WB_WDI_COMPLETION_2026: CG/SE.PRM.CMPT.ZS=71.1 (2023); WB_WDI_INTERNET_2026: CG/IT.NET.USER.ZS=47.3 (2024); WB_WDI_ELECTRICITY_2026: CG/EG.ELC.ACCS.ZS=53 (2024); UNICEF_LP_OFFLINE: Hub/learner-device and physical-sync ('sneakernet') concepts; WMF_WIKI_STATS_20260901: Rows for named *.wikipedia sites; articles column; retrieved 2026-09-01; table license CC0-1.0; WMF_TERMS: Section 7: Licensing of Content,"The row is explicitly unrankable on population, stage exposure, learning and supply. ln.wikipedia remains language-edition context only.",,ATTACHED_TO_EXISTING_EDITION,false,cb3b5bdde109a95dd4d5b0f1dcfc23d38b9d51dbec625ecf7eaabe6c8076f038
regional:AFRICA_EMPIRICAL_NEED_INPUTS:mey-Arab-MR:030,AFRICA_EMPIRICAL_NEED_INPUTS,mey-Arab-MR,edition-target:lang:mey-Arab-MR,REGIONAL_EMPIRICAL_STRATUM,not_estimated_incompatible_sources,persons,,,,"No compatible exact-row person measure was verified; country, cluster, ethnicity, oral-language and script-literacy measures were not copied into this route.",,Mauritania,Arabic script; home variety,WB_ARABIC_2021;WB_WDI_COMPLETION_2026;WB_WDI_INTERNET_2026;WB_WDI_ELECTRICITY_2026;UNICEF_LP_OFFLINE,https://www.worldbank.org/en/region/mena/publication/advancing-arabic-language-teaching-and-learning-path-to-reducing-learning-poverty-in-the-middle-east-and-north-africa;https://data.worldbank.org/indicator/SE.PRM.CMPT.ZS;https://data.worldbank.org/indicator/IT.NET.USER.ZS;https://data.worldbank.org/indicator/EG.ELC.ACCS.ZS;https://www.unicef.org/learningpassport/offline-learning,WB_ARABIC_2021: Diglossia and formal-Arabic/home-variety discontinuity sections; WB_WDI_COMPLETION_2026: MR/SE.PRM.CMPT.ZS=73.4 (2020); WB_WDI_INTERNET_2026: MR/IT.NET.USER.ZS=45.8 (2024); WB_WDI_ELECTRICITY_2026: MR/EG.ELC.ACCS.ZS=52.2 (2024); UNICEF_LP_OFFLINE: Hub/learner-device and physical-sync ('sneakernet') concepts,"No population transfer from Morocco, no general-Arabic substitution and no regional effect estimate. The row remains unrankable on direct outcomes and supply.",,ATTACHED_TO_EXISTING_EDITION,false,21fe7a2dc8d84cd0e29c0dbd547a4ace5ebf7a6a9a788c48bcfb317ddbf5dc23
regional:AFRICA_EMPIRICAL_NEED_INPUTS:mey-oral-MA-Hassaniya:031,AFRICA_EMPIRICAL_NEED_INPUTS,mey-oral-MA-Hassaniya,,REGIONAL_EMPIRICAL_STRATUM,census_local_language_use_count,persons,,273769,,Persons reporting Hassaniya among locally used languages in RGPH 2014 Table E18; multiple responses permitted.,2014,Morocco,Oral/local-use construct; script delivery unresolved,MA_HCP_RGPH2014;WB_ARABIC_2021;WB_WDI_COMPLETION_2026;WB_WDI_INTERNET_2026;WB_WDI_ELECTRICITY_2026;UNICEF_LP_OFFLINE,https://www.hcp.ma/file/230026/;https://www.worldbank.org/en/region/mena/publication/advancing-arabic-language-teaching-and-learning-path-to-reducing-learning-poverty-in-the-middle-east-and-north-africa;https://data.worldbank.org/indicator/SE.PRM.CMPT.ZS;https://data.worldbank.org/indicator/IT.NET.USER.ZS;https://data.worldbank.org/indicator/EG.ELC.ACCS.ZS;https://www.unicef.org/learningpassport/offline-learning,"MA_HCP_RGPH2014: Table E17 p.81: age 10+ written-language literacy including Amazigh 542,781; Table E18 p.81: local-language use counts; WB_ARABIC_2021: Diglossia and formal-Arabic/home-variety discontinuity sections; WB_WDI_COMPLETION_2026: MA/SE.PRM.CMPT.ZS=106.4 (2024); WB_WDI_INTERNET_2026: MA/IT.NET.USER.ZS=91.2 (2024); WB_WDI_ELECTRICITY_2026: MA/EG.ELC.ACCS.ZS=100 (2024); UNICEF_LP_OFFLINE: Hub/learner-device and physical-sync ('sneakernet') concepts",Multiple-response local use cannot be treated as script literacy or transferred to Mauritania. Regional Arabic evidence supplies no row estimate.,,EVIDENCE_ONLY_CONTEXT,false,76c6894eb84a647f769ba864997ccef1a2c89f3457a0a267d79170b4bd100096
regional:AFRICA_EMPIRICAL_NEED_INPUTS:mg-Latn-MG:032,AFRICA_EMPIRICAL_NEED_INPUTS,mg-Latn-MG,edition-target:lang:mg-Latn-MG,REGIONAL_EMPIRICAL_STRATUM,census_rounded_language_ability_interval,persons,23472708,23484462,23496217,"Persons age 3+ able to speak Malagasy, derived from 23,507,970 and the published 99.9%; conservative interval reflects one-decimal percentage rounding.",2018,Madagascar,Latin,MG_INSTAT_CENSUS_2018;UNICEF_LANGUAGE_LEARNING_2016;MG_UNICEF_LUL;MG_MOE_PROGRAMS;WB_WDI_COMPLETION_2026;WB_WDI_INTERNET_2026;WB_WDI_ELECTRICITY_2026;UNICEF_LP_OFFLINE;WMF_WIKI_STATS_20260901;WMF_TERMS,https://instat.mg/documents/upload/main/INSTAT_RGPH3-Definitif-ResultatsGlogaux-Tome1_17-2021.pdf;https://www.unicef.org/esa/sites/unicef.org.esa/files/2018-09/UNICEF-2016-Language-and-Learning-FullReport.pdf;https://www.unicef.org/madagascar/en/documents/learning-learning-madagascar-experience-improve-access-secondary-education-vulnerable;https://www.education.gov.mg/systeme-educatif/lycee/;https://data.worldbank.org/indicator/SE.PRM.CMPT.ZS;https://data.worldbank.org/indicator/IT.NET.USER.ZS;https://data.worldbank.org/indicator/EG.ELC.ACCS.ZS;https://www.unicef.org/learningpassport/offline-learning;https://commons.wikimedia.org/wiki/Data:Wikipedia_statistics/data.tab?action=raw;https://foundation.wikimedia.org/wiki/Policy:Terms_of_Use,"MG_INSTAT_CENSUS_2018: Table 31 p.47: age 3+ language ability; Table 33 p.49: age 11+ literacy by language; UNICEF_LANGUAGE_LEARNING_2016: Country reviews: Burundi pp.34-37; Eritrea pp.40-43; Ethiopia pp.44-47; Kenya pp.48-49; Madagascar pp.54-55; Rwanda pp.66-69; Somalia pp.71-73; South Africa pp.76-80; South Sudan pp.81-85; Tanzania pp.87-90; Uganda pp.91-94; MG_UNICEF_LUL: Malagasy lower-secondary materials, bilingual dictionaries and 35,000 self-learning textbook recipients; MG_MOE_PROGRAMS: Downloadable subject programmes, including Malagasy and French; WB_WDI_COMPLETION_2026: MG/SE.PRM.CMPT.ZS=60.7 (2024); WB_WDI_INTERNET_2026: MG/IT.NET.USER.ZS=18.7 (2024); WB_WDI_ELECTRICITY_2026: MG/EG.ELC.ACCS.ZS=42.5 (2024); UNICEF_LP_OFFLINE: Hub/learner-device and physical-sync ('sneakernet') concepts; WMF_WIKI_STATS_20260901: Rows for named *.wikipedia sites; articles column; retrieved 2026-09-01; table license CC0-1.0; WMF_TERMS: Section 7: Licensing of Content",Population interval is compatible with spoken ability only. Literacy rates are separate overlapping constructs and cannot replace or subdivide it.,,ATTACHED_TO_EXISTING_EDITION,false,4494f3b6c5d578920662a200541b9474b3b0c21a5389cfe565544715f5c812b0
regional:AFRICA_EMPIRICAL_NEED_INPUTS:mzb-Latn-DZ:033,AFRICA_EMPIRICAL_NEED_INPUTS,mzb-Latn-DZ,edition-target:lang:mzb-Latn-DZ,REGIONAL_EMPIRICAL_STRATUM,not_estimated_incompatible_sources,persons,,,,"No compatible exact-row person measure was verified; country, cluster, ethnicity, oral-language and script-literacy measures were not copied into this route.",,Algeria,Latin,DZ_IICBA_TAMAZIGHT;UNICODE_TIFINAGH;WB_WDI_COMPLETION_2026;WB_WDI_INTERNET_2026;WB_WDI_ELECTRICITY_2026;UNICEF_LP_OFFLINE,https://www.iicba.unesco.org/en/algerias-tamazight-policy-and-challenge-home-language-instruction-africa;https://www.unicode.org/notes/tn59/tn59-1.html;https://data.worldbank.org/indicator/SE.PRM.CMPT.ZS;https://data.worldbank.org/indicator/IT.NET.USER.ZS;https://data.worldbank.org/indicator/EG.ELC.ACCS.ZS;https://www.unicef.org/learningpassport/offline-learning,"DZ_IICBA_TAMAZIGHT: Daily Algerian Arabic; French in higher education/employment; English expanding; no unified Tamazight teacher guide/progression; UNICODE_TIFINAGH: IRCAM subset, modern Tuareg letters and language-specific glyph variants; WB_WDI_COMPLETION_2026: DZ/SE.PRM.CMPT.ZS=98.2 (2025); WB_WDI_INTERNET_2026: DZ/IT.NET.USER.ZS=77.4 (2024); WB_WDI_ELECTRICITY_2026: DZ/EG.ELC.ACCS.ZS=100 (2024); UNICEF_LP_OFFLINE: Hub/learner-device and physical-sync ('sneakernet') concepts",No exact population denominator. No compatible open general-reference edition inventory was verified. Latin and Tifinagh resources are not interchangeable.,,ATTACHED_TO_EXISTING_EDITION,false,8d6128a5a981b6ec490519afb272b68ba0b4c521ede433d83ead17693e0455be
regional:AFRICA_EMPIRICAL_NEED_INPUTS:om-Latn-ET-Qubee:034,AFRICA_EMPIRICAL_NEED_INPUTS,om-Latn-ET-Qubee,edition-target:lang:om-Latn-ET,REGIONAL_EMPIRICAL_STRATUM,census_mother_tongue_count,persons,,24930424,,"Persons reporting Oromo as mother tongue in the 2007 national census, Table 3.2; the census construct does not explicitly enumerate Qubee literacy.",2007,Ethiopia,Latin (Qubee),ET_ESS_CENSUS_2007;ET_MOE_POLICY;ET_MOE_ESAA_2022;ET_WB_LP_2024;WB_WDI_COMPLETION_2026;WB_WDI_INTERNET_2026;WB_WDI_ELECTRICITY_2026;UNICEF_LP_OFFLINE;WMF_WIKI_STATS_20260901;WMF_TERMS,https://drs.ess.gov.et/bitstreams/61d74990-69a7-4f11-8e91-9234ca31d94f/download;https://www.moe.gov.et/storage/Books/Ethiopia%20Education%20and%20Training%20Policy.pdf;https://moe.gov.et/storage/Books/ESAA%202014%20EC%20%282021-22%20G.C%29%20Final.pdf;https://documents1.worldbank.org/curated/en/099062624135522075/pdf/P1792091d3bd9308519cdf1354887c45a1d.pdf;https://data.worldbank.org/indicator/SE.PRM.CMPT.ZS;https://data.worldbank.org/indicator/IT.NET.USER.ZS;https://data.worldbank.org/indicator/EG.ELC.ACCS.ZS;https://www.unicef.org/learningpassport/offline-learning;https://commons.wikimedia.org/wiki/Data:Wikipedia_statistics/data.tab?action=raw;https://foundation.wikimedia.org/wiki/Policy:Terms_of_Use,"ET_ESS_CENSUS_2007: Table 3.2: population by mother tongue; ET_MOE_POLICY: Sections 3.5.1-3.5.7; ET_MOE_ESAA_2022: Textbook section and regional/language-related pupil-textbook ratios; ET_WB_LP_2024: p.1: learning poverty 90%, learning deprivation 89%, schooling deprivation 14.8%; WB_WDI_COMPLETION_2026: ET/SE.PRM.CMPT.ZS=54.4 (2024); WB_WDI_INTERNET_2026: ET/IT.NET.USER.ZS=21.9 (2024); WB_WDI_ELECTRICITY_2026: ET/EG.ELC.ACCS.ZS=56.6 (2024); UNICEF_LP_OFFLINE: Hub/learner-device and physical-sync ('sneakernet') concepts; WMF_WIKI_STATS_20260901: Rows for named *.wikipedia sites; articles column; retrieved 2026-09-01; table license CC0-1.0; WMF_TERMS: Section 7: Licensing of Content","Mother tongue is compatible with the language route but not a script-literacy denominator. Qubee literacy, second-language use and current population are unmeasured.",,NEW_EDITION_EVIDENCE,false,94363b0ca60177f5c1856ce92f032eec770318d6ec3a5353873921d4ee354bd2
regional:AFRICA_EMPIRICAL_NEED_INPUTS:pcm-Latn-NG:035,AFRICA_EMPIRICAL_NEED_INPUTS,pcm-Latn-NG,edition-target:lang:pcm-Latn-NG,REGIONAL_EMPIRICAL_STRATUM,not_estimated_incompatible_sources,persons,,,,"No compatible exact-row person measure was verified; country, cluster, ethnicity, oral-language and script-literacy measures were not copied into this route.",,Nigeria,Latin; harmonized Naijá route,NG_UNICEF_LIE;NG_NERDC_LDC;UNESCO_NG_LANGUAGE_REVIEW;IFRA_NAIJA_ORTHO;WB_WDI_COMPLETION_2026;WB_WDI_INTERNET_2026;WB_WDI_ELECTRICITY_2026;UNICEF_LP_OFFLINE;WMF_WIKI_STATS_20260901;WMF_TERMS,https://www.unicef.org/nigeria/media/7861/file/Language%20in%20Education%20Report.pdf;https://www.nerdc.gov.ng/content_manager/ldc_achievements.html;https://unesdoc.unesco.org/in/rest/annotationSVC/DownloadWatermarkedAttachment/attach_import_fb201c1b-b6b1-47c1-90d7-6ee59e15df9d?_=149503engo.pdf;https://ifra-nigeria.org/research/former-projects/89-guide-to-standard-naija-orthography-an-nla-harmonized-writing-system-for-common-naija-publications;https://data.worldbank.org/indicator/SE.PRM.CMPT.ZS;https://data.worldbank.org/indicator/IT.NET.USER.ZS;https://data.worldbank.org/indicator/EG.ELC.ACCS.ZS;https://www.unicef.org/learningpassport/offline-learning;https://commons.wikimedia.org/wiki/Data:Wikipedia_statistics/data.tab?action=raw;https://foundation.wikimedia.org/wiki/Policy:Terms_of_Use,"NG_UNICEF_LIE: p.45: immediate-environment language first three primary years, progressive English from year four; pp.45-48 implementation/materials discussion; NG_NERDC_LDC: Curricula for Hausa, Igbo, Yoruba and Fulfulde; bilingual dictionaries; Pidgin translation example; UNESCO_NG_LANGUAGE_REVIEW: Nigerian Pidgin section: formal written corpus/orthography constraints; IFRA_NAIJA_ORTHO: Introduction and 2009 conference outcomes; WB_WDI_COMPLETION_2026: NG/SE.PRM.CMPT.ZS=70.2 (2010); WB_WDI_INTERNET_2026: NG/IT.NET.USER.ZS=41.2 (2024); WB_WDI_ELECTRICITY_2026: NG/EG.ELC.ACCS.ZS=62.5 (2024); UNICEF_LP_OFFLINE: Hub/learner-device and physical-sync ('sneakernet') concepts; WMF_WIKI_STATS_20260901: Rows for named *.wikipedia sites; articles column; retrieved 2026-09-01; table license CC0-1.0; WMF_TERMS: Section 7: Licensing of Content","Historical orthography/corpus constraints and later harmonization coexist. No adoption, population or curriculum-completeness estimate is manufactured; Cameroon Pidgin, Ghanaian Pidgin, Krio and Liberian Kreyol are separate rows.",,ATTACHED_TO_EXISTING_EDITION,false,3de00a3755378f97571ad2231c061009e9cef101208e6a62f3722fa61d072557
regional:AFRICA_EMPIRICAL_NEED_INPUTS:pga-Latn-SS:036,AFRICA_EMPIRICAL_NEED_INPUTS,pga-Latn-SS,edition-target:lang:pga-Latn-SS,REGIONAL_EMPIRICAL_STRATUM,not_estimated_incompatible_sources,persons,,,,"No compatible exact-row person measure was verified; country, cluster, ethnicity, oral-language and script-literacy measures were not copied into this route.",,South Sudan,Latin route,WB_ARABIC_2021;WB_WDI_COMPLETION_2026;WB_WDI_INTERNET_2026;WB_WDI_ELECTRICITY_2026;UNICEF_LP_OFFLINE,https://www.worldbank.org/en/region/mena/publication/advancing-arabic-language-teaching-and-learning-path-to-reducing-learning-poverty-in-the-middle-east-and-north-africa;https://data.worldbank.org/indicator/SE.PRM.CMPT.ZS;https://data.worldbank.org/indicator/IT.NET.USER.ZS;https://data.worldbank.org/indicator/EG.ELC.ACCS.ZS;https://www.unicef.org/learningpassport/offline-learning,WB_ARABIC_2021: Diglossia and formal-Arabic/home-variety discontinuity sections; WB_WDI_COMPLETION_2026: SS/SE.PRM.CMPT.ZS=28.7 (2011); WB_WDI_INTERNET_2026: SS/IT.NET.USER.ZS=6.7 (2019); WB_WDI_ELECTRICITY_2026: SS/EG.ELC.ACCS.ZS=5.4 (2024); UNICEF_LP_OFFLINE: Hub/learner-device and physical-sync ('sneakernet') concepts,"Juba Arabic is not treated as interchangeable with Sudanese, Chadian or Modern Standard Arabic; no regional count or outcome is assigned.",,ATTACHED_TO_EXISTING_EDITION,false,ef3ce3ee35e90deda6e94b398650a834659214ac4130690c1ea0726ceb02f0df
regional:AFRICA_EMPIRICAL_NEED_INPUTS:pov-Latn-GW:037,AFRICA_EMPIRICAL_NEED_INPUTS,pov-Latn-GW,edition-target:lang:pov-Latn-GW,REGIONAL_EMPIRICAL_STRATUM,census_reported_speakers,Guinea-Bissau nationals; multiple languages permitted,1303743,1303743,1303743,Official RGPH 2009 Table 6 direct count of Guinea-Bissau nationals reporting that they speak Kriol; multiple language responses were permitted.,2009,Guinea-Bissau,Latin orthography; national bridge-language edition,GNB_RGPH2009_LANG,https://stat-guinebissau.com/Menu_principal/IV_RGPH/rgph1/caracteristicas_socio_cultural.pdf,"GNB_RGPH2009_LANG: Resumo pp. 9-10; section 3.6 pp. 36-43; Quadro 6 p. 38 (Kriol 1,303,743; Portuguese 390,727); rural comparison pp. 42-43","Multiple-response speaking counts overlap and are not L1, literacy or academic-comfort counts. The report notes census undercount/weighting limitations; published direct counts are retained without projecting them to 2026.",,ATTACHED_TO_EXISTING_EDITION,false,5485709492593313410e08794db02e42a00557d9b8f8902134aba990e17b64d2
regional:AFRICA_EMPIRICAL_NEED_INPUTS:pre-Latn-ST:038,AFRICA_EMPIRICAL_NEED_INPUTS,pre-Latn-ST,edition-target:lang:pre-Latn-ST,REGIONAL_EMPIRICAL_STRATUM,census_reported_speakers,persons; multiple languages permitted,1753,1753,1753,Official 2012 census direct count of residents reporting that they speak Lung'Ie.,2012,São Tomé and Príncipe,Latin orthography; exact language edition,STP_RGPH2012_LANG,https://www.ine.st/phocadownload/userupload/Documentos/Recenseamentos/2012/Dados%20Distritais%20e%20Nacional%20Recenseamento%202012/Resultados%20Nacionais%20do%20IV%20RGPH%202012.pdf,"STP_RGPH2012_LANG: Quadro 10, PDF p. 48, resident population by age, sex and language spoken","Multiple-response spoken-language counts overlap Portuguese and other languages; they are not L1, literacy, exclusive identity or academic-comfort counts.",,ATTACHED_TO_EXISTING_EDITION,false,3b1bc0a49a5f5e6f2a1acbbb4b9c50b1a274bfa0573a810ee62e367116f0bd7a
regional:AFRICA_EMPIRICAL_NEED_INPUTS:rif-oral-MA:039,AFRICA_EMPIRICAL_NEED_INPUTS,rif-oral-MA,,REGIONAL_EMPIRICAL_STRATUM,census_local_language_use_count,persons,,1339077,,Persons reporting Tarifit among locally used languages in RGPH 2014 Table E18; multiple responses permitted.,2014,Morocco,Oral/local-use construct; script delivery unresolved,MA_HCP_RGPH2014;MA_HCP_AMAZIGH_2024;MA_IRCAM_TIFAWIN;MA_IRCAM_MOOC;UNICODE_TIFINAGH;WB_WDI_COMPLETION_2026;WB_WDI_INTERNET_2026;WB_WDI_ELECTRICITY_2026;UNICEF_LP_OFFLINE,https://www.hcp.ma/file/230026/;https://www.hcp.ma/file/242745/;https://www.ircam.ma/fr/node/325;https://www.ircam.ma/fr/%C3%A9v%C3%A8nement/Coup_d%27envoi_officiel_des_cours_d%27enseignement_%C3%A0_distance_de_la_langue_amazighe_%3A_MOOC-IRCAM;https://www.unicode.org/notes/tn59/tn59-1.html;https://data.worldbank.org/indicator/SE.PRM.CMPT.ZS;https://data.worldbank.org/indicator/IT.NET.USER.ZS;https://data.worldbank.org/indicator/EG.ELC.ACCS.ZS;https://www.unicef.org/learningpassport/offline-learning,"MA_HCP_RGPH2014: Table E17 p.81: age 10+ written-language literacy including Amazigh 542,781; Table E18 p.81: local-language use counts; MA_HCP_AMAZIGH_2024: 2024 daily Amazigh use 24.8%; urban 19.9%; rural 33.3%; MA_IRCAM_TIFAWIN: Student manuals and teacher guides covering first five primary years; MA_IRCAM_MOOC: Free distance courses in northern, central and southern variants; UNICODE_TIFINAGH: IRCAM subset, modern Tuareg letters and language-specific glyph variants; WB_WDI_COMPLETION_2026: MA/SE.PRM.CMPT.ZS=106.4 (2024); WB_WDI_INTERNET_2026: MA/IT.NET.USER.ZS=91.2 (2024); WB_WDI_ELECTRICITY_2026: MA/EG.ELC.ACCS.ZS=100 (2024); UNICEF_LP_OFFLINE: Hub/learner-device and physical-sync ('sneakernet') concepts",Multiple-response oral/local use cannot be assigned to a script or treated as exclusive. Related standard resources do not prove equivalent comprehension.,,EVIDENCE_ONLY_CONTEXT,false,5feb27419f870aec5034325a4ce5bea68c766a60a2a0096cd2c0038fd7a6e50e
regional:AFRICA_EMPIRICAL_NEED_INPUTS:rn-Latn-BI:040,AFRICA_EMPIRICAL_NEED_INPUTS,rn-Latn-BI,edition-target:lang:rn-Latn-BI,REGIONAL_EMPIRICAL_STRATUM,territorial_exposure_ceiling,persons,,,12332788,"Preliminary 2024 census total for all Burundi residents; territorial upper exposure ceiling, not a Kirundi literacy count.",2024,Burundi,Latin,BI_IICBA_2026;BI_INSBU_CENSUS_2024;BI_UIL_LITERACY;WB_WDI_COMPLETION_2026;WB_WDI_INTERNET_2026;WB_WDI_ELECTRICITY_2026;UNICEF_LP_OFFLINE;WMF_WIKI_STATS_20260901;WMF_TERMS,https://www.iicba.unesco.org/en/burundi-language-and-insecurity-are-behind-low-and-declining-learning-outcomes;https://www.insbu.bi/resultatRGPHAE2024;https://www.uil.unesco.org/en/litbase/national-literacy-programme-burundi;https://data.worldbank.org/indicator/SE.PRM.CMPT.ZS;https://data.worldbank.org/indicator/IT.NET.USER.ZS;https://data.worldbank.org/indicator/EG.ELC.ACCS.ZS;https://www.unicef.org/learningpassport/offline-learning;https://commons.wikimedia.org/wiki/Data:Wikipedia_statistics/data.tab?action=raw;https://foundation.wikimedia.org/wiki/Policy:Terms_of_Use,"BI_IICBA_2026: Kirundi early grades; French shift grade 4 mathematics/grade 5 other subjects; Grade 6 global-threshold shares; BI_INSBU_CENSUS_2024: Population total: 12,332,788; BI_UIL_LITERACY: Implementation: instruction in mother tongue, notably Kirundi; WB_WDI_COMPLETION_2026: BI/SE.PRM.CMPT.ZS=47.6 (2020); WB_WDI_INTERNET_2026: BI/IT.NET.USER.ZS=8.6 (2024); WB_WDI_ELECTRICITY_2026: BI/EG.ELC.ACCS.ZS=20.1 (2024); UNICEF_LP_OFFLINE: Hub/learner-device and physical-sync ('sneakernet') concepts; WMF_WIKI_STATS_20260901: Rows for named *.wikipedia sites; articles column; retrieved 2026-09-01; table license CC0-1.0; WMF_TERMS: Section 7: Licensing of Content","Territorial ceiling only. Student spoken-language prevalence, adult literacy programming and Grade 6 outcomes have different universes and must not be multiplied together.",,ATTACHED_TO_EXISTING_EDITION,false,3687b4cc4f5e072c06945cf68a1239df6c920af7b143201fff0904a96c56afca
regional:AFRICA_EMPIRICAL_NEED_INPUTS:rw-Latn-RW:041,AFRICA_EMPIRICAL_NEED_INPUTS,rw-Latn-RW,edition-target:lang:rw-Latn-RW,REGIONAL_EMPIRICAL_STRATUM,census_rounded_language_literacy_interval,persons,6486597,6490743,6494888,"Persons age 15+ able to read, write and understand Kinyarwanda, derived from denominator 8,289,582 and the published 78.3%; conservative one-decimal rounding interval.",2022,Rwanda,Latin,RW_EDUCATION_LAW_2021;RW_NISR_EDUCATION_2022;UNICEF_LANGUAGE_LEARNING_2016;WB_WDI_COMPLETION_2026;WB_WDI_INTERNET_2026;WB_WDI_ELECTRICITY_2026;UNICEF_LP_OFFLINE;WMF_WIKI_STATS_20260901;WMF_TERMS,https://rwandalii.org/akn/rw/act/law/2021/10/eng%402021-02-18;https://www.statistics.gov.rw/sites/default/files/documents/2025-02/Education.pdf;https://www.unicef.org/esa/sites/unicef.org.esa/files/2018-09/UNICEF-2016-Language-and-Learning-FullReport.pdf;https://data.worldbank.org/indicator/SE.PRM.CMPT.ZS;https://data.worldbank.org/indicator/IT.NET.USER.ZS;https://data.worldbank.org/indicator/EG.ELC.ACCS.ZS;https://www.unicef.org/learningpassport/offline-learning;https://commons.wikimedia.org/wiki/Data:Wikipedia_statistics/data.tab?action=raw;https://foundation.wikimedia.org/wiki/Policy:Terms_of_Use,"RW_EDUCATION_LAW_2021: Article 20; RW_NISR_EDUCATION_2022: Table 7.7: age 15+ language literacy; Kinyarwanda 78.3%, English 21.2%, French 8.2%, Swahili 4.0%; definition requires reading, writing and understanding; UNICEF_LANGUAGE_LEARNING_2016: Country reviews: Burundi pp.34-37; Eritrea pp.40-43; Ethiopia pp.44-47; Kenya pp.48-49; Madagascar pp.54-55; Rwanda pp.66-69; Somalia pp.71-73; South Africa pp.76-80; South Sudan pp.81-85; Tanzania pp.87-90; Uganda pp.91-94; WB_WDI_COMPLETION_2026: RW/SE.PRM.CMPT.ZS=66.8 (2024); WB_WDI_INTERNET_2026: RW/IT.NET.USER.ZS=31.7 (2024); WB_WDI_ELECTRICITY_2026: RW/EG.ELC.ACCS.ZS=72 (2024); UNICEF_LP_OFFLINE: Hub/learner-device and physical-sync ('sneakernet') concepts; WMF_WIKI_STATS_20260901: Rows for named *.wikipedia sites; articles column; retrieved 2026-09-01; table license CC0-1.0; WMF_TERMS: Section 7: Licensing of Content",Low/base/high arise only from published percentage rounding. Multilingual categories are non-additive and the measure does not establish current learner exposure.,,ATTACHED_TO_EXISTING_EDITION,false,24950d3ea67da4bbfff7268b194d510f0292c1b6315fdc07e6db37ed71519cb8
regional:AFRICA_EMPIRICAL_NEED_INPUTS:shi-oral-MA:042,AFRICA_EMPIRICAL_NEED_INPUTS,shi-oral-MA,,REGIONAL_EMPIRICAL_STRATUM,census_local_language_use_count,persons,,4704398,,Persons reporting Tachelhit among locally used languages in RGPH 2014 Table E18; multiple responses permitted.,2014,Morocco,Oral/local-use construct; script delivery unresolved,MA_HCP_RGPH2014;MA_HCP_AMAZIGH_2024;MA_IRCAM_TIFAWIN;MA_IRCAM_MOOC;UNICODE_TIFINAGH;WB_WDI_COMPLETION_2026;WB_WDI_INTERNET_2026;WB_WDI_ELECTRICITY_2026;UNICEF_LP_OFFLINE;WMF_WIKI_STATS_20260901;WMF_TERMS,https://www.hcp.ma/file/230026/;https://www.hcp.ma/file/242745/;https://www.ircam.ma/fr/node/325;https://www.ircam.ma/fr/%C3%A9v%C3%A8nement/Coup_d%27envoi_officiel_des_cours_d%27enseignement_%C3%A0_distance_de_la_langue_amazighe_%3A_MOOC-IRCAM;https://www.unicode.org/notes/tn59/tn59-1.html;https://data.worldbank.org/indicator/SE.PRM.CMPT.ZS;https://data.worldbank.org/indicator/IT.NET.USER.ZS;https://data.worldbank.org/indicator/EG.ELC.ACCS.ZS;https://www.unicef.org/learningpassport/offline-learning;https://commons.wikimedia.org/wiki/Data:Wikipedia_statistics/data.tab?action=raw;https://foundation.wikimedia.org/wiki/Policy:Terms_of_Use,"MA_HCP_RGPH2014: Table E17 p.81: age 10+ written-language literacy including Amazigh 542,781; Table E18 p.81: local-language use counts; MA_HCP_AMAZIGH_2024: 2024 daily Amazigh use 24.8%; urban 19.9%; rural 33.3%; MA_IRCAM_TIFAWIN: Student manuals and teacher guides covering first five primary years; MA_IRCAM_MOOC: Free distance courses in northern, central and southern variants; UNICODE_TIFINAGH: IRCAM subset, modern Tuareg letters and language-specific glyph variants; WB_WDI_COMPLETION_2026: MA/SE.PRM.CMPT.ZS=106.4 (2024); WB_WDI_INTERNET_2026: MA/IT.NET.USER.ZS=91.2 (2024); WB_WDI_ELECTRICITY_2026: MA/EG.ELC.ACCS.ZS=100 (2024); UNICEF_LP_OFFLINE: Hub/learner-device and physical-sync ('sneakernet') concepts; WMF_WIKI_STATS_20260901: Rows for named *.wikipedia sites; articles column; retrieved 2026-09-01; table license CC0-1.0; WMF_TERMS: Section 7: Licensing of Content","Multiple-response oral/local use cannot be converted into a script population. shi.wikipedia is language-level reference context, not curriculum coverage.",,EVIDENCE_ONLY_CONTEXT,false,c0a553fcb76f30a32e27854b59f8c57168b0fd87e9842eaff21fbbb349235ad9
regional:AFRICA_EMPIRICAL_NEED_INPUTS:shu-Arab-TD:043,AFRICA_EMPIRICAL_NEED_INPUTS,shu-Arab-TD,edition-target:lang:shu-Arab-TD,REGIONAL_EMPIRICAL_STRATUM,not_estimated_incompatible_sources,persons,,,,"No compatible exact-row person measure was verified; country, cluster, ethnicity, oral-language and script-literacy measures were not copied into this route.",,Chad,Arabic script; home variety,WB_ARABIC_2021;WB_WDI_COMPLETION_2026;WB_WDI_INTERNET_2026;WB_WDI_ELECTRICITY_2026;UNICEF_LP_OFFLINE,https://www.worldbank.org/en/region/mena/publication/advancing-arabic-language-teaching-and-learning-path-to-reducing-learning-poverty-in-the-middle-east-and-north-africa;https://data.worldbank.org/indicator/SE.PRM.CMPT.ZS;https://data.worldbank.org/indicator/IT.NET.USER.ZS;https://data.worldbank.org/indicator/EG.ELC.ACCS.ZS;https://www.unicef.org/learningpassport/offline-learning,WB_ARABIC_2021: Diglossia and formal-Arabic/home-variety discontinuity sections; WB_WDI_COMPLETION_2026: TD/SE.PRM.CMPT.ZS=41.8 (2021); WB_WDI_INTERNET_2026: TD/IT.NET.USER.ZS=12.6 (2024); WB_WDI_ELECTRICITY_2026: TD/EG.ELC.ACCS.ZS=13.4 (2024); UNICEF_LP_OFFLINE: Hub/learner-device and physical-sync ('sneakernet') concepts,"This row is unrankable on population, stage exposure, learning and supply; regional evidence is context only.",,ATTACHED_TO_EXISTING_EDITION,false,c863ce52624730237f6d5c0df4744665b2e94af3f30914a688f58a2905f5b64b
regional:AFRICA_EMPIRICAL_NEED_INPUTS:shy-Latn-DZ:044,AFRICA_EMPIRICAL_NEED_INPUTS,shy-Latn-DZ,edition-target:lang:shy-Latn-DZ,REGIONAL_EMPIRICAL_STRATUM,not_estimated_incompatible_sources,persons,,,,"No compatible exact-row person measure was verified; country, cluster, ethnicity, oral-language and script-literacy measures were not copied into this route.",,Algeria,Latin,DZ_IICBA_TAMAZIGHT;UNICODE_TIFINAGH;WB_WDI_COMPLETION_2026;WB_WDI_INTERNET_2026;WB_WDI_ELECTRICITY_2026;UNICEF_LP_OFFLINE,https://www.iicba.unesco.org/en/algerias-tamazight-policy-and-challenge-home-language-instruction-africa;https://www.unicode.org/notes/tn59/tn59-1.html;https://data.worldbank.org/indicator/SE.PRM.CMPT.ZS;https://data.worldbank.org/indicator/IT.NET.USER.ZS;https://data.worldbank.org/indicator/EG.ELC.ACCS.ZS;https://www.unicef.org/learningpassport/offline-learning,"DZ_IICBA_TAMAZIGHT: Daily Algerian Arabic; French in higher education/employment; English expanding; no unified Tamazight teacher guide/progression; UNICODE_TIFINAGH: IRCAM subset, modern Tuareg letters and language-specific glyph variants; WB_WDI_COMPLETION_2026: DZ/SE.PRM.CMPT.ZS=98.2 (2025); WB_WDI_INTERNET_2026: DZ/IT.NET.USER.ZS=77.4 (2024); WB_WDI_ELECTRICITY_2026: DZ/EG.ELC.ACCS.ZS=100 (2024); UNICEF_LP_OFFLINE: Hub/learner-device and physical-sync ('sneakernet') concepts",No exact population denominator. No compatible open general-reference edition inventory was verified. Latin and Tifinagh resources are not interchangeable.,,ATTACHED_TO_EXISTING_EDITION,false,2af2343e4d4ac29c1aff46b5676617d94d63962efa4972ef28990de81e33643f
regional:AFRICA_EMPIRICAL_NEED_INPUTS:so-Latn-ET:045,AFRICA_EMPIRICAL_NEED_INPUTS,so-Latn-ET,edition-target:lang:so-Latn-ET,REGIONAL_EMPIRICAL_STRATUM,census_mother_tongue_count,persons,,4609274,,"Persons reporting Somali as mother tongue in Ethiopia's 2007 national census, Table 3.2.",2007,Ethiopia,Latin; Ethiopian Somali route,ET_ESS_CENSUS_2007;ET_MOE_POLICY;ET_MOE_ESAA_2022;ET_WB_LP_2024;WB_WDI_COMPLETION_2026;WB_WDI_INTERNET_2026;WB_WDI_ELECTRICITY_2026;UNICEF_LP_OFFLINE;WMF_WIKI_STATS_20260901;WMF_TERMS,https://drs.ess.gov.et/bitstreams/61d74990-69a7-4f11-8e91-9234ca31d94f/download;https://www.moe.gov.et/storage/Books/Ethiopia%20Education%20and%20Training%20Policy.pdf;https://moe.gov.et/storage/Books/ESAA%202014%20EC%20%282021-22%20G.C%29%20Final.pdf;https://documents1.worldbank.org/curated/en/099062624135522075/pdf/P1792091d3bd9308519cdf1354887c45a1d.pdf;https://data.worldbank.org/indicator/SE.PRM.CMPT.ZS;https://data.worldbank.org/indicator/IT.NET.USER.ZS;https://data.worldbank.org/indicator/EG.ELC.ACCS.ZS;https://www.unicef.org/learningpassport/offline-learning;https://commons.wikimedia.org/wiki/Data:Wikipedia_statistics/data.tab?action=raw;https://foundation.wikimedia.org/wiki/Policy:Terms_of_Use,"ET_ESS_CENSUS_2007: Table 3.2: population by mother tongue; ET_MOE_POLICY: Sections 3.5.1-3.5.7; ET_MOE_ESAA_2022: Textbook section and regional/language-related pupil-textbook ratios; ET_WB_LP_2024: p.1: learning poverty 90%, learning deprivation 89%, schooling deprivation 14.8%; WB_WDI_COMPLETION_2026: ET/SE.PRM.CMPT.ZS=54.4 (2024); WB_WDI_INTERNET_2026: ET/IT.NET.USER.ZS=21.9 (2024); WB_WDI_ELECTRICITY_2026: ET/EG.ELC.ACCS.ZS=56.6 (2024); UNICEF_LP_OFFLINE: Hub/learner-device and physical-sync ('sneakernet') concepts; WMF_WIKI_STATS_20260901: Rows for named *.wikipedia sites; articles column; retrieved 2026-09-01; table license CC0-1.0; WMF_TERMS: Section 7: Licensing of Content","The 2007 count is exact for mother tongue but dated. It cannot be combined with Somalia's territorial estimate, and so.wikipedia is a cross-territory edition.",,ATTACHED_TO_EXISTING_EDITION,false,1a23040a5f450883b0fe6ddaec9dd4d53cafeeff6bc95f9ebf95ac7d257a69f4
regional:AFRICA_EMPIRICAL_NEED_INPUTS:so-Latn-SO:046,AFRICA_EMPIRICAL_NEED_INPUTS,so-Latn-SO,edition-target:lang:so-Latn-SO:variety:standard-somali-maxaa,REGIONAL_EMPIRICAL_STRATUM,territorial_exposure_ceiling,persons,,,12316895,"2014 Population Estimation Survey estimate for all Somalia residents; an upper exposure ceiling, not a Somali-language or literacy count.",2014,Somalia,Latin; Somalia national route,SO_UNFPA_PESS_2014;UNICEF_LANGUAGE_LEARNING_2016;SO_UNESCO_RADIO_2024;WB_WDI_COMPLETION_2026;WB_WDI_INTERNET_2026;WB_WDI_ELECTRICITY_2026;UNICEF_LP_OFFLINE;WMF_WIKI_STATS_20260901;WMF_TERMS,https://somalia.unfpa.org/sites/default/files/pub-pdf/Population-Estimation-Survey-of-Somalia-PESS-2013-2014.pdf;https://www.unicef.org/esa/sites/unicef.org.esa/files/2018-09/UNICEF-2016-Language-and-Learning-FullReport.pdf;https://www.unesco.org/en/articles/somalia-celebrates-world-radio-day-2024;https://data.worldbank.org/indicator/SE.PRM.CMPT.ZS;https://data.worldbank.org/indicator/IT.NET.USER.ZS;https://data.worldbank.org/indicator/EG.ELC.ACCS.ZS;https://www.unicef.org/learningpassport/offline-learning;https://commons.wikimedia.org/wiki/Data:Wikipedia_statistics/data.tab?action=raw;https://foundation.wikimedia.org/wiki/Policy:Terms_of_Use,"SO_UNFPA_PESS_2014: p.22: estimated population 12,316,895 and settlement categories; UNICEF_LANGUAGE_LEARNING_2016: Country reviews: Burundi pp.34-37; Eritrea pp.40-43; Ethiopia pp.44-47; Kenya pp.48-49; Madagascar pp.54-55; Rwanda pp.66-69; Somalia pp.71-73; South Africa pp.76-80; South Sudan pp.81-85; Tanzania pp.87-90; Uganda pp.91-94; SO_UNESCO_RADIO_2024: Radio reach and oral/low-print context; WB_WDI_COMPLETION_2026: SO/SE.PRM.CMPT.ZS, no non-null observation retrieved; WB_WDI_INTERNET_2026: SO/IT.NET.USER.ZS=27.9 (2024); WB_WDI_ELECTRICITY_2026: SO/EG.ELC.ACCS.ZS=54.4 (2024); UNICEF_LP_OFFLINE: Hub/learner-device and physical-sync ('sneakernet') concepts; WMF_WIKI_STATS_20260901: Rows for named *.wikipedia sites; articles column; retrieved 2026-09-01; table license CC0-1.0; WMF_TERMS: Section 7: Licensing of Content","Territorial ceiling only; federal-member-state and private-system routes are nonuniform. Somali Wikipedia is global language context, not Somalia-localized curriculum supply.",,ATTACHED_TO_EXISTING_EDITION,false,2700eed71bb0ef2f8be3a7a41eabe8140cccdac9f4ed652819ee88e0c68b7bf2
regional:AFRICA_EMPIRICAL_NEED_INPUTS:swc-Latn-CD-Ituri:047,AFRICA_EMPIRICAL_NEED_INPUTS,swc-Latn-CD-Ituri,,REGIONAL_EMPIRICAL_STRATUM,not_estimated_incompatible_sources,persons,,,,"No compatible exact-row person measure was verified; country, cluster, ethnicity, oral-language and script-literacy measures were not copied into this route.",,"Ituri-area education markets, Democratic Republic of the Congo",Latin; localized Congo Swahili route,UNESCO_KISWAHILI;DRC_UIL_LITERACY;WB_WDI_COMPLETION_2026;WB_WDI_INTERNET_2026;WB_WDI_ELECTRICITY_2026;UNICEF_LP_OFFLINE;WMF_WIKI_STATS_20260901;WMF_TERMS,https://www.unesco.org/en/days/kiswahili-language?hub=71635;https://www.uil.unesco.org/en/litbase/congo-literacy-project-democratic-republic-congo;https://data.worldbank.org/indicator/SE.PRM.CMPT.ZS;https://data.worldbank.org/indicator/IT.NET.USER.ZS;https://data.worldbank.org/indicator/EG.ELC.ACCS.ZS;https://www.unicef.org/learningpassport/offline-learning;https://commons.wikimedia.org/wiki/Data:Wikipedia_statistics/data.tab?action=raw;https://foundation.wikimedia.org/wiki/Policy:Terms_of_Use,UNESCO_KISWAHILI: Overview statement: more than 200 million users; DRC_UIL_LITERACY: Language context and national-language implementation sections; WB_WDI_COMPLETION_2026: CD/SE.PRM.CMPT.ZS=75.7 (2023); WB_WDI_INTERNET_2026: CD/IT.NET.USER.ZS=19.7 (2024); WB_WDI_ELECTRICITY_2026: CD/EG.ELC.ACCS.ZS=22.5 (2024); UNICEF_LP_OFFLINE: Hub/learner-device and physical-sync ('sneakernet') concepts; WMF_WIKI_STATS_20260901: Rows for named *.wikipedia sites; articles column; retrieved 2026-09-01; table license CC0-1.0; WMF_TERMS: Section 7: Licensing of Content,"Katanga, Kivu and Ituri routes are retained separately because vocabulary, orthography and delivery localization may differ. The sw.wikipedia count is only broad Kiswahili-edition context and is not a Congo Swahili inventory.",,EVIDENCE_ONLY_CONTEXT,false,8f90eaf94d83ac629cc817f96ab890181a734f648bd537ed8c36403a155a64e5
regional:AFRICA_EMPIRICAL_NEED_INPUTS:swc-Latn-CD-Katanga:048,AFRICA_EMPIRICAL_NEED_INPUTS,swc-Latn-CD-Katanga,,REGIONAL_EMPIRICAL_STRATUM,not_estimated_incompatible_sources,persons,,,,"No compatible exact-row person measure was verified; country, cluster, ethnicity, oral-language and script-literacy measures were not copied into this route.",,"Katanga-area education markets, Democratic Republic of the Congo",Latin; localized Congo Swahili route,UNESCO_KISWAHILI;DRC_UIL_LITERACY;WB_WDI_COMPLETION_2026;WB_WDI_INTERNET_2026;WB_WDI_ELECTRICITY_2026;UNICEF_LP_OFFLINE;WMF_WIKI_STATS_20260901;WMF_TERMS,https://www.unesco.org/en/days/kiswahili-language?hub=71635;https://www.uil.unesco.org/en/litbase/congo-literacy-project-democratic-republic-congo;https://data.worldbank.org/indicator/SE.PRM.CMPT.ZS;https://data.worldbank.org/indicator/IT.NET.USER.ZS;https://data.worldbank.org/indicator/EG.ELC.ACCS.ZS;https://www.unicef.org/learningpassport/offline-learning;https://commons.wikimedia.org/wiki/Data:Wikipedia_statistics/data.tab?action=raw;https://foundation.wikimedia.org/wiki/Policy:Terms_of_Use,UNESCO_KISWAHILI: Overview statement: more than 200 million users; DRC_UIL_LITERACY: Language context and national-language implementation sections; WB_WDI_COMPLETION_2026: CD/SE.PRM.CMPT.ZS=75.7 (2023); WB_WDI_INTERNET_2026: CD/IT.NET.USER.ZS=19.7 (2024); WB_WDI_ELECTRICITY_2026: CD/EG.ELC.ACCS.ZS=22.5 (2024); UNICEF_LP_OFFLINE: Hub/learner-device and physical-sync ('sneakernet') concepts; WMF_WIKI_STATS_20260901: Rows for named *.wikipedia sites; articles column; retrieved 2026-09-01; table license CC0-1.0; WMF_TERMS: Section 7: Licensing of Content,"Katanga, Kivu and Ituri routes are retained separately because vocabulary, orthography and delivery localization may differ. The sw.wikipedia count is only broad Kiswahili-edition context and is not a Congo Swahili inventory.",,EVIDENCE_ONLY_CONTEXT,false,e3ca81f7092915ab6d047e959fe3b36def29450ca7f151a61ee4f4b35a0b26fa
regional:AFRICA_EMPIRICAL_NEED_INPUTS:swc-Latn-CD-Kivu:049,AFRICA_EMPIRICAL_NEED_INPUTS,swc-Latn-CD-Kivu,,REGIONAL_EMPIRICAL_STRATUM,not_estimated_incompatible_sources,persons,,,,"No compatible exact-row person measure was verified; country, cluster, ethnicity, oral-language and script-literacy measures were not copied into this route.",,"Kivu-area education markets, Democratic Republic of the Congo",Latin; localized Congo Swahili route,UNESCO_KISWAHILI;DRC_UIL_LITERACY;WB_WDI_COMPLETION_2026;WB_WDI_INTERNET_2026;WB_WDI_ELECTRICITY_2026;UNICEF_LP_OFFLINE;WMF_WIKI_STATS_20260901;WMF_TERMS,https://www.unesco.org/en/days/kiswahili-language?hub=71635;https://www.uil.unesco.org/en/litbase/congo-literacy-project-democratic-republic-congo;https://data.worldbank.org/indicator/SE.PRM.CMPT.ZS;https://data.worldbank.org/indicator/IT.NET.USER.ZS;https://data.worldbank.org/indicator/EG.ELC.ACCS.ZS;https://www.unicef.org/learningpassport/offline-learning;https://commons.wikimedia.org/wiki/Data:Wikipedia_statistics/data.tab?action=raw;https://foundation.wikimedia.org/wiki/Policy:Terms_of_Use,UNESCO_KISWAHILI: Overview statement: more than 200 million users; DRC_UIL_LITERACY: Language context and national-language implementation sections; WB_WDI_COMPLETION_2026: CD/SE.PRM.CMPT.ZS=75.7 (2023); WB_WDI_INTERNET_2026: CD/IT.NET.USER.ZS=19.7 (2024); WB_WDI_ELECTRICITY_2026: CD/EG.ELC.ACCS.ZS=22.5 (2024); UNICEF_LP_OFFLINE: Hub/learner-device and physical-sync ('sneakernet') concepts; WMF_WIKI_STATS_20260901: Rows for named *.wikipedia sites; articles column; retrieved 2026-09-01; table license CC0-1.0; WMF_TERMS: Section 7: Licensing of Content,"Katanga, Kivu and Ituri routes are retained separately because vocabulary, orthography and delivery localization may differ. The sw.wikipedia count is only broad Kiswahili-edition context and is not a Congo Swahili inventory.",,EVIDENCE_ONLY_CONTEXT,false,178622c39df56e62f4b75f26c3b12c84a8c9f4cb2acf79a57147cbecb59f6b0a
regional:AFRICA_EMPIRICAL_NEED_INPUTS:swh-Latn-BI:050,AFRICA_EMPIRICAL_NEED_INPUTS,swh-Latn-BI,edition-target:lang:swh-Latn-BI,REGIONAL_EMPIRICAL_STRATUM,not_estimated_incompatible_sources,persons,,,,"No compatible exact-row person measure was verified; country, cluster, ethnicity, oral-language and script-literacy measures were not copied into this route.",,Burundi,Latin; national additional-language route,UNESCO_KISWAHILI;BI_IICBA_2026;BI_INSBU_CENSUS_2024;WB_WDI_COMPLETION_2026;WB_WDI_INTERNET_2026;WB_WDI_ELECTRICITY_2026;UNICEF_LP_OFFLINE;WMF_WIKI_STATS_20260901;WMF_TERMS,https://www.unesco.org/en/days/kiswahili-language?hub=71635;https://www.iicba.unesco.org/en/burundi-language-and-insecurity-are-behind-low-and-declining-learning-outcomes;https://www.insbu.bi/resultatRGPHAE2024;https://data.worldbank.org/indicator/SE.PRM.CMPT.ZS;https://data.worldbank.org/indicator/IT.NET.USER.ZS;https://data.worldbank.org/indicator/EG.ELC.ACCS.ZS;https://www.unicef.org/learningpassport/offline-learning;https://commons.wikimedia.org/wiki/Data:Wikipedia_statistics/data.tab?action=raw;https://foundation.wikimedia.org/wiki/Policy:Terms_of_Use,"UNESCO_KISWAHILI: Overview statement: more than 200 million users; BI_IICBA_2026: Kirundi early grades; French shift grade 4 mathematics/grade 5 other subjects; Grade 6 global-threshold shares; BI_INSBU_CENSUS_2024: Population total: 12,332,788; WB_WDI_COMPLETION_2026: BI/SE.PRM.CMPT.ZS=47.6 (2020); WB_WDI_INTERNET_2026: BI/IT.NET.USER.ZS=8.6 (2024); WB_WDI_ELECTRICITY_2026: BI/EG.ELC.ACCS.ZS=20.1 (2024); UNICEF_LP_OFFLINE: Hub/learner-device and physical-sync ('sneakernet') concepts; WMF_WIKI_STATS_20260901: Rows for named *.wikipedia sites; articles column; retrieved 2026-09-01; table license CC0-1.0; WMF_TERMS: Section 7: Licensing of Content","Kiswahili cluster membership, territorial residence and school-language exposure are non-equivalent. The row remains unrankable by population and direct learning outcome.",,ATTACHED_TO_EXISTING_EDITION,false,7cc86c142aa18f479bdd0f7a6e6de140a2c7a0fa6af2eeb90483c5972ca43fef
regional:AFRICA_EMPIRICAL_NEED_INPUTS:swh-Latn-KE:051,AFRICA_EMPIRICAL_NEED_INPUTS,swh-Latn-KE,edition-target:lang:swh-Latn-KE,REGIONAL_EMPIRICAL_STRATUM,territorial_exposure_ceiling,persons,,,47564296,"2019 census enumerated population of Kenya; an upper exposure ceiling, not a Kiswahili-user count.",2019,Kenya,Latin; Kenyan national route,UNESCO_KISWAHILI;KE_KNBS_CENSUS_2019;KE_BASIC_ED_ACT;UNICEF_LANGUAGE_LEARNING_2016;WB_WDI_COMPLETION_2026;WB_WDI_INTERNET_2026;WB_WDI_ELECTRICITY_2026;UNICEF_LP_OFFLINE;WMF_WIKI_STATS_20260901;WMF_TERMS,https://www.unesco.org/en/days/kiswahili-language?hub=71635;https://new.knbs.or.ke/2019-kenya-population-and-housing-census-results/;https://new.kenyalaw.org/akn/ke/act/2013/14/eng%402022-12-31;https://www.unicef.org/esa/sites/unicef.org.esa/files/2018-09/UNICEF-2016-Language-and-Learning-FullReport.pdf;https://data.worldbank.org/indicator/SE.PRM.CMPT.ZS;https://data.worldbank.org/indicator/IT.NET.USER.ZS;https://data.worldbank.org/indicator/EG.ELC.ACCS.ZS;https://www.unicef.org/learningpassport/offline-learning;https://commons.wikimedia.org/wiki/Data:Wikipedia_statistics/data.tab?action=raw;https://foundation.wikimedia.org/wiki/Policy:Terms_of_Use,"UNESCO_KISWAHILI: Overview statement: more than 200 million users; KE_KNBS_CENSUS_2019: Total enumerated population: 47,564,296; KE_BASIC_ED_ACT: Language and culture provisions; early-childhood/lower-primary provisions; UNICEF_LANGUAGE_LEARNING_2016: Country reviews: Burundi pp.34-37; Eritrea pp.40-43; Ethiopia pp.44-47; Kenya pp.48-49; Madagascar pp.54-55; Rwanda pp.66-69; Somalia pp.71-73; South Africa pp.76-80; South Sudan pp.81-85; Tanzania pp.87-90; Uganda pp.91-94; WB_WDI_COMPLETION_2026: KE/SE.PRM.CMPT.ZS=102.2 (2016); WB_WDI_INTERNET_2026: KE/IT.NET.USER.ZS=35 (2024); WB_WDI_ELECTRICITY_2026: KE/EG.ELC.ACCS.ZS=77 (2024); UNICEF_LP_OFFLINE: Hub/learner-device and physical-sync ('sneakernet') concepts; WMF_WIKI_STATS_20260901: Rows for named *.wikipedia sites; articles column; retrieved 2026-09-01; table license CC0-1.0; WMF_TERMS: Section 7: Licensing of Content","Territorial ceiling only. Reported learning advantage is study/program evidence, not a transportable national effect size.",,ATTACHED_TO_EXISTING_EDITION,false,115b329f8e0e53a6b0d315caad9e253416db56177850c12d9ccb669b94393329
regional:AFRICA_EMPIRICAL_NEED_INPUTS:swh-Latn-RW:052,AFRICA_EMPIRICAL_NEED_INPUTS,swh-Latn-RW,edition-target:lang:swh-Latn-RW,REGIONAL_EMPIRICAL_STRATUM,census_rounded_language_literacy_interval,persons,327438,331583,335729,"Age 15+ able to read, write and understand Kiswahili; interval induced solely by the published 4.0% rounded rate applied to 8,289,582 people age 15+.",2022,Rwanda,Latin; national additional-language route,UNESCO_KISWAHILI;RW_EDUCATION_LAW_2021;RW_NISR_EDUCATION_2022;RW_REB_KISWAHILI;WB_WDI_COMPLETION_2026;WB_WDI_INTERNET_2026;WB_WDI_ELECTRICITY_2026;UNICEF_LP_OFFLINE;WMF_WIKI_STATS_20260901;WMF_TERMS,https://www.unesco.org/en/days/kiswahili-language?hub=71635;https://rwandalii.org/akn/rw/act/law/2021/10/eng%402021-02-18;https://www.statistics.gov.rw/sites/default/files/documents/2025-02/Education.pdf;https://uat-coremis.reb.rw/course/view.php?id=1088&section=1;https://data.worldbank.org/indicator/SE.PRM.CMPT.ZS;https://data.worldbank.org/indicator/IT.NET.USER.ZS;https://data.worldbank.org/indicator/EG.ELC.ACCS.ZS;https://www.unicef.org/learningpassport/offline-learning;https://commons.wikimedia.org/wiki/Data:Wikipedia_statistics/data.tab?action=raw;https://foundation.wikimedia.org/wiki/Policy:Terms_of_Use,"UNESCO_KISWAHILI: Overview statement: more than 200 million users; RW_EDUCATION_LAW_2021: Article 20; RW_NISR_EDUCATION_2022: Table 7.7: age 15+ language literacy; Kinyarwanda 78.3%, English 21.2%, French 8.2%, Swahili 4.0%; definition requires reading, writing and understanding; RW_REB_KISWAHILI: Course landing page and uploaded student/teacher guides; WB_WDI_COMPLETION_2026: RW/SE.PRM.CMPT.ZS=66.8 (2024); WB_WDI_INTERNET_2026: RW/IT.NET.USER.ZS=31.7 (2024); WB_WDI_ELECTRICITY_2026: RW/EG.ELC.ACCS.ZS=72 (2024); UNICEF_LP_OFFLINE: Hub/learner-device and physical-sync ('sneakernet') concepts; WMF_WIKI_STATS_20260901: Rows for named *.wikipedia sites; articles column; retrieved 2026-09-01; table license CC0-1.0; WMF_TERMS: Section 7: Licensing of Content","Low/base/high reflect one-decimal percentage rounding, not sampling uncertainty. Counts cannot be added across overlapping language categories.",,ATTACHED_TO_EXISTING_EDITION,false,9b4f8158ebf2dd7a6b694a6ffa16112a4dde1c9b7d92ded4958f2cbadf5d307b
regional:AFRICA_EMPIRICAL_NEED_INPUTS:swh-Latn-TZ-Zanzibar:053,AFRICA_EMPIRICAL_NEED_INPUTS,swh-Latn-TZ-Zanzibar,edition-target:lang:swh-Latn-TZ:variety:zanzibar-kiswahili-institutional-and-curri,REGIONAL_EMPIRICAL_STRATUM,territorial_exposure_ceiling,persons,,,1889773,"2022 census enumerated population of Zanzibar; an upper exposure ceiling, not a Kiswahili-user count.",2022,"Zanzibar, Tanzania",Latin; Zanzibar education route,UNESCO_KISWAHILI;TZ_NBS_CENSUS_2022;TZ_IESALC_2025;UNICEF_LANGUAGE_LEARNING_2016;WB_WDI_COMPLETION_2026;WB_WDI_INTERNET_2026;WB_WDI_ELECTRICITY_2026;UNICEF_LP_OFFLINE;WMF_WIKI_STATS_20260901;WMF_TERMS,https://www.unesco.org/en/days/kiswahili-language?hub=71635;https://www.nbs.go.tz/uploads/statistics/documents/sw-1720088450-2022%20PHC%20Initial%20Results%20-%20English.pdf;https://hepo.iesalc.unesco.org/pc/static/countrydocs/cp/2025/tza/tza_HEEdPlanLi.pdf;https://www.unicef.org/esa/sites/unicef.org.esa/files/2018-09/UNICEF-2016-Language-and-Learning-FullReport.pdf;https://data.worldbank.org/indicator/SE.PRM.CMPT.ZS;https://data.worldbank.org/indicator/IT.NET.USER.ZS;https://data.worldbank.org/indicator/EG.ELC.ACCS.ZS;https://www.unicef.org/learningpassport/offline-learning;https://commons.wikimedia.org/wiki/Data:Wikipedia_statistics/data.tab?action=raw;https://foundation.wikimedia.org/wiki/Policy:Terms_of_Use,"UNESCO_KISWAHILI: Overview statement: more than 200 million users; TZ_NBS_CENSUS_2022: Summary of Key Indicators: Mainland 59,851,347; Zanzibar 1,889,773; TZ_IESALC_2025: Language-of-instruction section; UNICEF_LANGUAGE_LEARNING_2016: Country reviews: Burundi pp.34-37; Eritrea pp.40-43; Ethiopia pp.44-47; Kenya pp.48-49; Madagascar pp.54-55; Rwanda pp.66-69; Somalia pp.71-73; South Africa pp.76-80; South Sudan pp.81-85; Tanzania pp.87-90; Uganda pp.91-94; WB_WDI_COMPLETION_2026: TZ/SE.PRM.CMPT.ZS=77.3 (2024); WB_WDI_INTERNET_2026: TZ/IT.NET.USER.ZS=31.2 (2024); WB_WDI_ELECTRICITY_2026: TZ/EG.ELC.ACCS.ZS=52.4 (2024); UNICEF_LP_OFFLINE: Hub/learner-device and physical-sync ('sneakernet') concepts; WMF_WIKI_STATS_20260901: Rows for named *.wikipedia sites; articles column; retrieved 2026-09-01; table license CC0-1.0; WMF_TERMS: Section 7: Licensing of Content","The ceiling is territorial, not linguistic. System-wide stage evidence is contextual for Zanzibar and does not establish identical implementation in every school.",,NEW_EDITION_EVIDENCE,false,b495d46c0cf9df48ccdbf2e00c78bf86897f5557e022a3131deb5fa7e4ce94ad
regional:AFRICA_EMPIRICAL_NEED_INPUTS:swh-Latn-TZ-mainland:054,AFRICA_EMPIRICAL_NEED_INPUTS,swh-Latn-TZ-mainland,edition-target:lang:swh-Latn-TZ:variety:tanzania-mainland-standard-kiswahili,REGIONAL_EMPIRICAL_STRATUM,territorial_exposure_ceiling,persons,,,59851347,"2022 census enumerated population of Tanzania Mainland; an upper exposure ceiling, not a Kiswahili-user count.",2022,Tanzania Mainland,Latin; national standard route,UNESCO_KISWAHILI;TZ_NBS_CENSUS_2022;TZ_IESALC_2025;UNICEF_LANGUAGE_LEARNING_2016;WB_WDI_COMPLETION_2026;WB_WDI_INTERNET_2026;WB_WDI_ELECTRICITY_2026;UNICEF_LP_OFFLINE;WMF_WIKI_STATS_20260901;WMF_TERMS,https://www.unesco.org/en/days/kiswahili-language?hub=71635;https://www.nbs.go.tz/uploads/statistics/documents/sw-1720088450-2022%20PHC%20Initial%20Results%20-%20English.pdf;https://hepo.iesalc.unesco.org/pc/static/countrydocs/cp/2025/tza/tza_HEEdPlanLi.pdf;https://www.unicef.org/esa/sites/unicef.org.esa/files/2018-09/UNICEF-2016-Language-and-Learning-FullReport.pdf;https://data.worldbank.org/indicator/SE.PRM.CMPT.ZS;https://data.worldbank.org/indicator/IT.NET.USER.ZS;https://data.worldbank.org/indicator/EG.ELC.ACCS.ZS;https://www.unicef.org/learningpassport/offline-learning;https://commons.wikimedia.org/wiki/Data:Wikipedia_statistics/data.tab?action=raw;https://foundation.wikimedia.org/wiki/Policy:Terms_of_Use,"UNESCO_KISWAHILI: Overview statement: more than 200 million users; TZ_NBS_CENSUS_2022: Summary of Key Indicators: Mainland 59,851,347; Zanzibar 1,889,773; TZ_IESALC_2025: Language-of-instruction section; UNICEF_LANGUAGE_LEARNING_2016: Country reviews: Burundi pp.34-37; Eritrea pp.40-43; Ethiopia pp.44-47; Kenya pp.48-49; Madagascar pp.54-55; Rwanda pp.66-69; Somalia pp.71-73; South Africa pp.76-80; South Sudan pp.81-85; Tanzania pp.87-90; Uganda pp.91-94; WB_WDI_COMPLETION_2026: TZ/SE.PRM.CMPT.ZS=77.3 (2024); WB_WDI_INTERNET_2026: TZ/IT.NET.USER.ZS=31.2 (2024); WB_WDI_ELECTRICITY_2026: TZ/EG.ELC.ACCS.ZS=52.4 (2024); UNICEF_LP_OFFLINE: Hub/learner-device and physical-sync ('sneakernet') concepts; WMF_WIKI_STATS_20260901: Rows for named *.wikipedia sites; articles column; retrieved 2026-09-01; table license CC0-1.0; WMF_TERMS: Section 7: Licensing of Content",The territorial census ceiling includes non-users and excludes no one; the cross-border Kiswahili cluster is non-additive. Mainland and Zanzibar governance routes must not be collapsed.,,NEW_EDITION_EVIDENCE,false,39df30dced720ad4866c518e621acb9711bb963696aedf2eb5e4a734e047cd52
regional:AFRICA_EMPIRICAL_NEED_INPUTS:swh-Latn-UG:055,AFRICA_EMPIRICAL_NEED_INPUTS,swh-Latn-UG,edition-target:lang:swh-Latn-UG,REGIONAL_EMPIRICAL_STRATUM,not_estimated_incompatible_sources,persons,,,,"No compatible exact-row person measure was verified; country, cluster, ethnicity, oral-language and script-literacy measures were not copied into this route.",,Uganda,Latin; national curriculum route,UNESCO_KISWAHILI;UG_NCDC_KISWAHILI;UG_NCDC_PRIMARY;UG_NCDC_KISW_RES;WB_WDI_COMPLETION_2026;WB_WDI_INTERNET_2026;WB_WDI_ELECTRICITY_2026;UNICEF_LP_OFFLINE;WMF_WIKI_STATS_20260901;WMF_TERMS,https://www.unesco.org/en/days/kiswahili-language?hub=71635;https://ncdc.go.ug/wp-content/uploads/2025/09/Curriculum-Magazine-Issue-04-10.10.2022-Web-file-1.pdf;https://ncdc.go.ug/directoratesn/;https://ncdc.go.ug/wp-content/uploads/2024/02/KISWAHILI_TEXTBOOK_-_SENIOR_ONE_Prototype.pdf;https://data.worldbank.org/indicator/SE.PRM.CMPT.ZS;https://data.worldbank.org/indicator/IT.NET.USER.ZS;https://data.worldbank.org/indicator/EG.ELC.ACCS.ZS;https://www.unicef.org/learningpassport/offline-learning;https://commons.wikimedia.org/wiki/Data:Wikipedia_statistics/data.tab?action=raw;https://foundation.wikimedia.org/wiki/Policy:Terms_of_Use,"UNESCO_KISWAHILI: Overview statement: more than 200 million users; UG_NCDC_KISWAHILI: p.10, Cabinet decision and implementation status; UG_NCDC_PRIMARY: Primary Phase 2 (P4) transition to English; Phase 3 (P5-P7) English primary medium; UG_NCDC_KISW_RES: Cover/copyright notice and Senior One prototype contents; WB_WDI_COMPLETION_2026: UG/SE.PRM.CMPT.ZS=53.3 (2017); WB_WDI_INTERNET_2026: UG/IT.NET.USER.ZS=8.9 (2024); WB_WDI_ELECTRICITY_2026: UG/EG.ELC.ACCS.ZS=55.3 (2024); UNICEF_LP_OFFLINE: Hub/learner-device and physical-sync ('sneakernet') concepts; WMF_WIKI_STATS_20260901: Rows for named *.wikipedia sites; articles column; retrieved 2026-09-01; table license CC0-1.0; WMF_TERMS: Section 7: Licensing of Content","No compatible person denominator. Curriculum adoption, classroom implementation and resource possession are distinct constructs.",,ATTACHED_TO_EXISTING_EDITION,false,5acd1a12b9e0d7afefdb0c2b400f40c6407d8fd0dd0bbfe808bad5d4a8e8eedf
regional:AFRICA_EMPIRICAL_NEED_INPUTS:taq-Latn-NE:056,AFRICA_EMPIRICAL_NEED_INPUTS,taq-Latn-NE,,REGIONAL_EMPIRICAL_STRATUM,not_estimated_incompatible_sources,persons,,,,"No compatible exact-row person measure was verified; country, cluster, ethnicity, oral-language and script-literacy measures were not copied into this route.",,Niger,Latin route,NE_UNICEF_MLE_2022;UNICODE_TIFINAGH;WB_WDI_COMPLETION_2026;WB_WDI_INTERNET_2026;WB_WDI_ELECTRICITY_2026;UNICEF_LP_OFFLINE,https://www.unicef.org/wca/media/9196/file/Etude%20MLE%20-%20rapport%20complet.pdf;https://www.unicode.org/notes/tn59/tn59-1.html;https://data.worldbank.org/indicator/SE.PRM.CMPT.ZS;https://data.worldbank.org/indicator/IT.NET.USER.ZS;https://data.worldbank.org/indicator/EG.ELC.ACCS.ZS;https://www.unicef.org/learningpassport/offline-learning,"NE_UNICEF_MLE_2022: Sociolinguistic context and section 2: French as principal medium; Hausa-French bilingual schooling since 1973-74; national-language legal framework; UNICODE_TIFINAGH: IRCAM subset, modern Tuareg letters and language-specific glyph variants; WB_WDI_COMPLETION_2026: NE/SE.PRM.CMPT.ZS=40.8 (2024); WB_WDI_INTERNET_2026: NE/IT.NET.USER.ZS=15.6 (2024); WB_WDI_ELECTRICITY_2026: NE/EG.ELC.ACCS.ZS=21.3 (2024); UNICEF_LP_OFFLINE: Hub/learner-device and physical-sync ('sneakernet') concepts","Latin Tamasheq is kept separate from Tifinagh/Tuareg routes. Unicode orthography context proves script diversity, not Niger reach or population.",,EVIDENCE_ONLY_CONTEXT,false,d78539e247d5aefc91a6e1452dc21e98d357eb63d50f6da91e94d3f3f4da41f5
regional:AFRICA_EMPIRICAL_NEED_INPUTS:thv-Tfng-DZ:057,AFRICA_EMPIRICAL_NEED_INPUTS,thv-Tfng-DZ,edition-target:lang:thv-Tfng-DZ,REGIONAL_EMPIRICAL_STRATUM,not_estimated_incompatible_sources,persons,,,,"No compatible exact-row person measure was verified; country, cluster, ethnicity, oral-language and script-literacy measures were not copied into this route.",,Algeria,Tifinagh/Tuareg route,DZ_IICBA_TAMAZIGHT;UNICODE_TIFINAGH;WB_WDI_COMPLETION_2026;WB_WDI_INTERNET_2026;WB_WDI_ELECTRICITY_2026;UNICEF_LP_OFFLINE,https://www.iicba.unesco.org/en/algerias-tamazight-policy-and-challenge-home-language-instruction-africa;https://www.unicode.org/notes/tn59/tn59-1.html;https://data.worldbank.org/indicator/SE.PRM.CMPT.ZS;https://data.worldbank.org/indicator/IT.NET.USER.ZS;https://data.worldbank.org/indicator/EG.ELC.ACCS.ZS;https://www.unicef.org/learningpassport/offline-learning,"DZ_IICBA_TAMAZIGHT: Daily Algerian Arabic; French in higher education/employment; English expanding; no unified Tamazight teacher guide/progression; UNICODE_TIFINAGH: IRCAM subset, modern Tuareg letters and language-specific glyph variants; WB_WDI_COMPLETION_2026: DZ/SE.PRM.CMPT.ZS=98.2 (2025); WB_WDI_INTERNET_2026: DZ/IT.NET.USER.ZS=77.4 (2024); WB_WDI_ELECTRICITY_2026: DZ/EG.ELC.ACCS.ZS=100 (2024); UNICEF_LP_OFFLINE: Hub/learner-device and physical-sync ('sneakernet') concepts",No exact population denominator. No compatible open general-reference edition inventory was verified. Latin and Tifinagh resources are not interchangeable.,,ATTACHED_TO_EXISTING_EDITION,false,241aae520da6cc3b2665c260bb6af71d69608fe2877b7739ec883fff641fc67b
regional:AFRICA_EMPIRICAL_NEED_INPUTS:ti-Ethi-ER:058,AFRICA_EMPIRICAL_NEED_INPUTS,ti-Ethi-ER,edition-target:lang:ti-Ethi-ER,REGIONAL_EMPIRICAL_STRATUM,not_estimated_incompatible_sources,persons,,,,"No compatible exact-row person measure was verified; country, cluster, ethnicity, oral-language and script-literacy measures were not copied into this route.",,Eritrea,Ethiopic (Geʽez),ER_UNICEF_LANGUAGE_2017;WB_WDI_COMPLETION_2026;WB_WDI_INTERNET_2026;WB_WDI_ELECTRICITY_2026;UNICEF_LP_OFFLINE;WMF_WIKI_STATS_20260901;WMF_TERMS,https://www.unicef.org/esa/sites/unicef.org.esa/files/2018-09/UNICEF-2017-Language-and-Learning-Eritrea.pdf;https://data.worldbank.org/indicator/SE.PRM.CMPT.ZS;https://data.worldbank.org/indicator/IT.NET.USER.ZS;https://data.worldbank.org/indicator/EG.ELC.ACCS.ZS;https://www.unicef.org/learningpassport/offline-learning;https://commons.wikimedia.org/wiki/Data:Wikipedia_statistics/data.tab?action=raw;https://foundation.wikimedia.org/wiki/Policy:Terms_of_Use,ER_UNICEF_LANGUAGE_2017: Section 2.5.4 and transition discussion; WB_WDI_COMPLETION_2026: ER/SE.PRM.CMPT.ZS=61.3 (2022); WB_WDI_INTERNET_2026: ER/IT.NET.USER.ZS=14.3 (2020); WB_WDI_ELECTRICITY_2026: ER/EG.ELC.ACCS.ZS=55.3 (2024); UNICEF_LP_OFFLINE: Hub/learner-device and physical-sync ('sneakernet') concepts; WMF_WIKI_STATS_20260901: Rows for named *.wikipedia sites; articles column; retrieved 2026-09-01; table license CC0-1.0; WMF_TERMS: Section 7: Licensing of Content,No compatible population denominator. Tigrinya counts from Ethiopia and global ti.wikipedia supply cannot be transported to Eritrea.,,ATTACHED_TO_EXISTING_EDITION,false,ca0794d538c36320469021c7e4518ef2838355c89cff1c6abebd24bd5b0358f4
regional:AFRICA_EMPIRICAL_NEED_INPUTS:ti-Ethi-ET:059,AFRICA_EMPIRICAL_NEED_INPUTS,ti-Ethi-ET,edition-target:lang:ti-Ethi-ET,REGIONAL_EMPIRICAL_STRATUM,census_mother_tongue_count,persons,,4324933,,"Persons reporting Tigrinya as mother tongue in Ethiopia's 2007 national census, Table 3.2.",2007,Ethiopia,Ethiopic (Geʽez),ET_ESS_CENSUS_2007;ET_MOE_POLICY;ET_MOE_ESAA_2022;ET_WB_LP_2024;WB_WDI_COMPLETION_2026;WB_WDI_INTERNET_2026;WB_WDI_ELECTRICITY_2026;UNICEF_LP_OFFLINE;WMF_WIKI_STATS_20260901;WMF_TERMS,https://drs.ess.gov.et/bitstreams/61d74990-69a7-4f11-8e91-9234ca31d94f/download;https://www.moe.gov.et/storage/Books/Ethiopia%20Education%20and%20Training%20Policy.pdf;https://moe.gov.et/storage/Books/ESAA%202014%20EC%20%282021-22%20G.C%29%20Final.pdf;https://documents1.worldbank.org/curated/en/099062624135522075/pdf/P1792091d3bd9308519cdf1354887c45a1d.pdf;https://data.worldbank.org/indicator/SE.PRM.CMPT.ZS;https://data.worldbank.org/indicator/IT.NET.USER.ZS;https://data.worldbank.org/indicator/EG.ELC.ACCS.ZS;https://www.unicef.org/learningpassport/offline-learning;https://commons.wikimedia.org/wiki/Data:Wikipedia_statistics/data.tab?action=raw;https://foundation.wikimedia.org/wiki/Policy:Terms_of_Use,"ET_ESS_CENSUS_2007: Table 3.2: population by mother tongue; ET_MOE_POLICY: Sections 3.5.1-3.5.7; ET_MOE_ESAA_2022: Textbook section and regional/language-related pupil-textbook ratios; ET_WB_LP_2024: p.1: learning poverty 90%, learning deprivation 89%, schooling deprivation 14.8%; WB_WDI_COMPLETION_2026: ET/SE.PRM.CMPT.ZS=54.4 (2024); WB_WDI_INTERNET_2026: ET/IT.NET.USER.ZS=21.9 (2024); WB_WDI_ELECTRICITY_2026: ET/EG.ELC.ACCS.ZS=56.6 (2024); UNICEF_LP_OFFLINE: Hub/learner-device and physical-sync ('sneakernet') concepts; WMF_WIKI_STATS_20260901: Rows for named *.wikipedia sites; articles column; retrieved 2026-09-01; table license CC0-1.0; WMF_TERMS: Section 7: Licensing of Content",Dated language count; no current learner denominator. Ethiopia and Eritrea routes are kept separate; the ti.wikipedia inventory is cross-border.,,ATTACHED_TO_EXISTING_EDITION,false,1a63bb3706e08ad1caab98ec0f77f2c7e4bc1a96c48f6db4e2a15a786aab5a89
regional:AFRICA_EMPIRICAL_NEED_INPUTS:tzm-oral-MA:060,AFRICA_EMPIRICAL_NEED_INPUTS,tzm-oral-MA,,REGIONAL_EMPIRICAL_STRATUM,census_local_language_use_count,persons,,2644419,,Persons reporting Tamazight/Central Atlas Tamazight among locally used languages in RGPH 2014 Table E18; multiple responses permitted.,2014,Morocco,Oral/local-use construct; script delivery unresolved,MA_HCP_RGPH2014;MA_HCP_AMAZIGH_2024;MA_IRCAM_TIFAWIN;MA_IRCAM_MOOC;UNICODE_TIFINAGH;WB_WDI_COMPLETION_2026;WB_WDI_INTERNET_2026;WB_WDI_ELECTRICITY_2026;UNICEF_LP_OFFLINE,https://www.hcp.ma/file/230026/;https://www.hcp.ma/file/242745/;https://www.ircam.ma/fr/node/325;https://www.ircam.ma/fr/%C3%A9v%C3%A8nement/Coup_d%27envoi_officiel_des_cours_d%27enseignement_%C3%A0_distance_de_la_langue_amazighe_%3A_MOOC-IRCAM;https://www.unicode.org/notes/tn59/tn59-1.html;https://data.worldbank.org/indicator/SE.PRM.CMPT.ZS;https://data.worldbank.org/indicator/IT.NET.USER.ZS;https://data.worldbank.org/indicator/EG.ELC.ACCS.ZS;https://www.unicef.org/learningpassport/offline-learning,"MA_HCP_RGPH2014: Table E17 p.81: age 10+ written-language literacy including Amazigh 542,781; Table E18 p.81: local-language use counts; MA_HCP_AMAZIGH_2024: 2024 daily Amazigh use 24.8%; urban 19.9%; rural 33.3%; MA_IRCAM_TIFAWIN: Student manuals and teacher guides covering first five primary years; MA_IRCAM_MOOC: Free distance courses in northern, central and southern variants; UNICODE_TIFINAGH: IRCAM subset, modern Tuareg letters and language-specific glyph variants; WB_WDI_COMPLETION_2026: MA/SE.PRM.CMPT.ZS=106.4 (2024); WB_WDI_INTERNET_2026: MA/IT.NET.USER.ZS=91.2 (2024); WB_WDI_ELECTRICITY_2026: MA/EG.ELC.ACCS.ZS=100 (2024); UNICEF_LP_OFFLINE: Hub/learner-device and physical-sync ('sneakernet') concepts",Multiple-response oral count cannot stand for a script reader count. Standard and variant resources are related but not assumed interchangeable.,,EVIDENCE_ONLY_CONTEXT,false,56caf95217db4700a29689c700d43401f4b195b2bf50549c372b5e3e98647e81
regional:AFRICA_EMPIRICAL_NEED_INPUTS:wes-Latn-CM:061,AFRICA_EMPIRICAL_NEED_INPUTS,wes-Latn-CM,edition-target:lang:wes-Latn-CM,REGIONAL_EMPIRICAL_STRATUM,not_estimated_incompatible_sources,persons,,,,"No compatible exact-row person measure was verified; country, cluster, ethnicity, oral-language and script-literacy measures were not copied into this route.",,Cameroon,Latin,CM_UIS_FLSC_2014;CM_INS_MIS_2022;WB_WDI_COMPLETION_2026;WB_WDI_INTERNET_2026;WB_WDI_ELECTRICITY_2026;UNICEF_LP_OFFLINE,https://nada.uis.unesco.org/nada/en/index.php/catalog/154/study-description;https://ins-cameroun.cm/wp-content/uploads/2025/06/Cameroon-MIS-2022-Final-Report-FR-FINAL-14Sep2023-For-Web.pdf;https://data.worldbank.org/indicator/SE.PRM.CMPT.ZS;https://data.worldbank.org/indicator/IT.NET.USER.ZS;https://data.worldbank.org/indicator/EG.ELC.ACCS.ZS;https://www.unicef.org/learningpassport/offline-learning,CM_UIS_FLSC_2014: Grade 6 English-system examination: mandatory subjects in English except French; CM_INS_MIS_2022: Questionnaire Q113-Q114 separately codes Fulfulde and Pidgin; WB_WDI_COMPLETION_2026: CM/SE.PRM.CMPT.ZS=75.3 (2024); WB_WDI_INTERNET_2026: CM/IT.NET.USER.ZS=46.3 (2024); WB_WDI_ELECTRICITY_2026: CM/EG.ELC.ACCS.ZS=72 (2024); UNICEF_LP_OFFLINE: Hub/learner-device and physical-sync ('sneakernet') concepts,Questionnaire category is not prevalence. Nigerian Pidgin/Krio resources are not assumed interchangeable with Kamtok.,,ATTACHED_TO_EXISTING_EDITION,false,c0c3f4d60593f79099e2bf957d012ba5d669aaa617c75b8e47c47a07ced520cc
regional:AFRICA_EMPIRICAL_NEED_INPUTS:xh-Latn-ZA:062,AFRICA_EMPIRICAL_NEED_INPUTS,xh-Latn-ZA,edition-target:lang:xh-Latn-ZA,REGIONAL_EMPIRICAL_STRATUM,census_household_language_count,persons,,9786928,,"Persons age 1+ for whom isiXhosa was the language most often spoken in the household, South Africa Census 2022.",2022,South Africa,Latin,ZA_STATSSA_CENSUS_2022;ZA_STATSSA_METADATA_2022;ZA_UNDATA_LANGUAGE_2022;ZA_DBE_PIRLS_2021;ZA_DBE_MTBBE_2025;WB_WDI_COMPLETION_2026;WB_WDI_INTERNET_2026;WB_WDI_ELECTRICITY_2026;UNICEF_LP_OFFLINE;WMF_WIKI_STATS_20260901;WMF_TERMS,"https://census.statssa.gov.za/assets/documents/2022/P03014_Census_2022_Statistical_Release.pdf;https://census.statssa.gov.za/assets/documents/2022/Census2022tenpercentmetadata.pdf;https://data.un.org/Data.aspx?c=2,3,6,8,10,12,14,15,16&d=POP&f=tableCode:27%3BcountryCode:710&s=refYear:desc;https://www.education.gov.za/Portals/0/Documents/Reports/2023/PIRLS%202021_Highlights%20Reports.pdf;https://www.education.gov.za/Programmes/MTbBE.aspx;https://data.worldbank.org/indicator/SE.PRM.CMPT.ZS;https://data.worldbank.org/indicator/IT.NET.USER.ZS;https://data.worldbank.org/indicator/EG.ELC.ACCS.ZS;https://www.unicef.org/learningpassport/offline-learning;https://commons.wikimedia.org/wiki/Data:Wikipedia_statistics/data.tab?action=raw;https://foundation.wikimedia.org/wiki/Policy:Terms_of_Use","ZA_STATSSA_CENSUS_2022: Table 2.8 p.22: isiZulu 24.4%, isiXhosa 16.3%; ZA_STATSSA_METADATA_2022: Variable P08: language most often spoken in household; universe age 1+; ZA_UNDATA_LANGUAGE_2022: South Africa 2022, both sexes, total: age 1+ 60,135,415; isiZulu 14,613,202; isiXhosa 9,786,928; ZA_DBE_PIRLS_2021: p.7 Figure 6: 81% Grade 4 below low international benchmark; Grade 6 56%; ZA_DBE_MTBBE_2025: Grade 4 transition evidence and curriculum/toolkit rollout; WB_WDI_COMPLETION_2026: ZA/SE.PRM.CMPT.ZS=95.3 (2023); WB_WDI_INTERNET_2026: ZA/IT.NET.USER.ZS=78.4 (2024); WB_WDI_ELECTRICITY_2026: ZA/EG.ELC.ACCS.ZS=90.2 (2024); UNICEF_LP_OFFLINE: Hub/learner-device and physical-sync ('sneakernet') concepts; WMF_WIKI_STATS_20260901: Rows for named *.wikipedia sites; articles column; retrieved 2026-09-01; table license CC0-1.0; WMF_TERMS: Section 7: Licensing of Content","Population is exact for household language, not literacy. Country learning context is not transported to an isiXhosa estimate.",,ATTACHED_TO_EXISTING_EDITION,false,934d520ab76c992bf7bccb73d3ec3843f8e8e24eb1c795084d79879ddf337f75
regional:AFRICA_EMPIRICAL_NEED_INPUTS:yo-Latn-NG:063,AFRICA_EMPIRICAL_NEED_INPUTS,yo-Latn-NG,edition-target:lang:yo-Latn-NG,REGIONAL_EMPIRICAL_STRATUM,not_estimated_incompatible_sources,persons,,,,"No compatible exact-row person measure was verified; country, cluster, ethnicity, oral-language and script-literacy measures were not copied into this route.",,Nigeria,Latin with Yoruba diacritics,NG_UNICEF_LIE;NG_UNICEF_FACTS_2023;NG_LEARNING_PASSPORT_2024;NG_NERDC_LDC;WB_WDI_COMPLETION_2026;WB_WDI_INTERNET_2026;WB_WDI_ELECTRICITY_2026;UNICEF_LP_OFFLINE;WMF_WIKI_STATS_20260901;WMF_TERMS,https://www.unicef.org/nigeria/media/7861/file/Language%20in%20Education%20Report.pdf;https://www.unicef.org/nigeria/media/9211/file/Nigeria%20Education%20Fact%20Sheets;https://www.unicef.org/nigeria/press-releases/nigeria-learning-passport-reaches-one-million-subscribers-milestone-educational;https://www.nerdc.gov.ng/content_manager/ldc_achievements.html;https://data.worldbank.org/indicator/SE.PRM.CMPT.ZS;https://data.worldbank.org/indicator/IT.NET.USER.ZS;https://data.worldbank.org/indicator/EG.ELC.ACCS.ZS;https://www.unicef.org/learningpassport/offline-learning;https://commons.wikimedia.org/wiki/Data:Wikipedia_statistics/data.tab?action=raw;https://foundation.wikimedia.org/wiki/Policy:Terms_of_Use,"NG_UNICEF_LIE: p.45: immediate-environment language first three primary years, progressive English from year four; pp.45-48 implementation/materials discussion; NG_UNICEF_FACTS_2023: p.14 Figure 19: foundational reading by ethnicity; p.15 Figure 21: home/school-language grouping; NG_LEARNING_PASSPORT_2024: Features list: English, Hausa, Igbo, Yoruba; free, data-free, offline download; NG_NERDC_LDC: Curricula for Hausa, Igbo, Yoruba and Fulfulde; bilingual dictionaries; Pidgin translation example; WB_WDI_COMPLETION_2026: NG/SE.PRM.CMPT.ZS=70.2 (2010); WB_WDI_INTERNET_2026: NG/IT.NET.USER.ZS=41.2 (2024); WB_WDI_ELECTRICITY_2026: NG/EG.ELC.ACCS.ZS=62.5 (2024); UNICEF_LP_OFFLINE: Hub/learner-device and physical-sync ('sneakernet') concepts; WMF_WIKI_STATS_20260901: Rows for named *.wikipedia sites; articles column; retrieved 2026-09-01; table license CC0-1.0; WMF_TERMS: Section 7: Licensing of Content","Ethnicity, home language, instructional language and orthographically proficient Yoruba readership are non-equivalent; no population value is manufactured.",,ATTACHED_TO_EXISTING_EDITION,false,09653e5df5a0d7d6707c23c82ead5eed8c9f0ce7e3322b574f30c3c06df8d8c7
regional:AFRICA_EMPIRICAL_NEED_INPUTS:zgh-Tfng-MA:064,AFRICA_EMPIRICAL_NEED_INPUTS,zgh-Tfng-MA,edition-target:lang:zgh-Tfng-MA,REGIONAL_EMPIRICAL_STRATUM,census_written_tifinagh_literacy_count,persons,,542781,,Persons age 10+ reported able to read and write Amazigh; the census questionnaire specifies Tifinagh for this first-ever written-Amazigh item.,2014,Morocco,Neo-Tifinagh,MA_HCP_RGPH2014;MA_HCP_Q2014;MA_HCP_AMAZIGH_2024;MA_IRCAM_TIFAWIN;MA_IRCAM_MOOC;UNICODE_TIFINAGH;WB_WDI_COMPLETION_2026;WB_WDI_INTERNET_2026;WB_WDI_ELECTRICITY_2026;UNICEF_LP_OFFLINE;WMF_WIKI_STATS_20260901;WMF_TERMS,https://www.hcp.ma/file/230026/;https://www.rgph2014.hcp.ma/Questionnaire-du-RGPH-2014_a89.html;https://www.hcp.ma/file/242745/;https://www.ircam.ma/fr/node/325;https://www.ircam.ma/fr/%C3%A9v%C3%A8nement/Coup_d%27envoi_officiel_des_cours_d%27enseignement_%C3%A0_distance_de_la_langue_amazighe_%3A_MOOC-IRCAM;https://www.unicode.org/notes/tn59/tn59-1.html;https://data.worldbank.org/indicator/SE.PRM.CMPT.ZS;https://data.worldbank.org/indicator/IT.NET.USER.ZS;https://data.worldbank.org/indicator/EG.ELC.ACCS.ZS;https://www.unicef.org/learningpassport/offline-learning;https://commons.wikimedia.org/wiki/Data:Wikipedia_statistics/data.tab?action=raw;https://foundation.wikimedia.org/wiki/Policy:Terms_of_Use,"MA_HCP_RGPH2014: Table E17 p.81: age 10+ written-language literacy including Amazigh 542,781; Table E18 p.81: local-language use counts; MA_HCP_Q2014: Questionnaire note: first census question on reading/writing Amazigh in Tifinagh; MA_HCP_AMAZIGH_2024: 2024 daily Amazigh use 24.8%; urban 19.9%; rural 33.3%; MA_IRCAM_TIFAWIN: Student manuals and teacher guides covering first five primary years; MA_IRCAM_MOOC: Free distance courses in northern, central and southern variants; UNICODE_TIFINAGH: IRCAM subset, modern Tuareg letters and language-specific glyph variants; WB_WDI_COMPLETION_2026: MA/SE.PRM.CMPT.ZS=106.4 (2024); WB_WDI_INTERNET_2026: MA/IT.NET.USER.ZS=91.2 (2024); WB_WDI_ELECTRICITY_2026: MA/EG.ELC.ACCS.ZS=100 (2024); UNICEF_LP_OFFLINE: Hub/learner-device and physical-sync ('sneakernet') concepts; WMF_WIKI_STATS_20260901: Rows for named *.wikipedia sites; articles column; retrieved 2026-09-01; table license CC0-1.0; WMF_TERMS: Section 7: Licensing of Content","2014 literacy count is exact for its age/script construct but dated. Oral variety use, standard literacy and school exposure cannot be added; the zgh Wikipedia edition is reference context only.",,ATTACHED_TO_EXISTING_EDITION,false,44db6f6bd5536a5d2c8b8a8b1f1cc34872fb42c68d3040879c0c00b39da7253e
regional:AFRICA_EMPIRICAL_NEED_INPUTS:zu-Latn-ZA:065,AFRICA_EMPIRICAL_NEED_INPUTS,zu-Latn-ZA,edition-target:lang:zu-Latn-ZA,REGIONAL_EMPIRICAL_STRATUM,census_household_language_count,persons,,14613202,,"Persons age 1+ for whom isiZulu was the language most often spoken in the household, South Africa Census 2022.",2022,South Africa,Latin,ZA_STATSSA_CENSUS_2022;ZA_STATSSA_METADATA_2022;ZA_UNDATA_LANGUAGE_2022;ZA_DBE_PIRLS_2021;ZA_DBE_MTBBE_2025;WB_WDI_COMPLETION_2026;WB_WDI_INTERNET_2026;WB_WDI_ELECTRICITY_2026;UNICEF_LP_OFFLINE;WMF_WIKI_STATS_20260901;WMF_TERMS,"https://census.statssa.gov.za/assets/documents/2022/P03014_Census_2022_Statistical_Release.pdf;https://census.statssa.gov.za/assets/documents/2022/Census2022tenpercentmetadata.pdf;https://data.un.org/Data.aspx?c=2,3,6,8,10,12,14,15,16&d=POP&f=tableCode:27%3BcountryCode:710&s=refYear:desc;https://www.education.gov.za/Portals/0/Documents/Reports/2023/PIRLS%202021_Highlights%20Reports.pdf;https://www.education.gov.za/Programmes/MTbBE.aspx;https://data.worldbank.org/indicator/SE.PRM.CMPT.ZS;https://data.worldbank.org/indicator/IT.NET.USER.ZS;https://data.worldbank.org/indicator/EG.ELC.ACCS.ZS;https://www.unicef.org/learningpassport/offline-learning;https://commons.wikimedia.org/wiki/Data:Wikipedia_statistics/data.tab?action=raw;https://foundation.wikimedia.org/wiki/Policy:Terms_of_Use","ZA_STATSSA_CENSUS_2022: Table 2.8 p.22: isiZulu 24.4%, isiXhosa 16.3%; ZA_STATSSA_METADATA_2022: Variable P08: language most often spoken in household; universe age 1+; ZA_UNDATA_LANGUAGE_2022: South Africa 2022, both sexes, total: age 1+ 60,135,415; isiZulu 14,613,202; isiXhosa 9,786,928; ZA_DBE_PIRLS_2021: p.7 Figure 6: 81% Grade 4 below low international benchmark; Grade 6 56%; ZA_DBE_MTBBE_2025: Grade 4 transition evidence and curriculum/toolkit rollout; WB_WDI_COMPLETION_2026: ZA/SE.PRM.CMPT.ZS=95.3 (2023); WB_WDI_INTERNET_2026: ZA/IT.NET.USER.ZS=78.4 (2024); WB_WDI_ELECTRICITY_2026: ZA/EG.ELC.ACCS.ZS=90.2 (2024); UNICEF_LP_OFFLINE: Hub/learner-device and physical-sync ('sneakernet') concepts; WMF_WIKI_STATS_20260901: Rows for named *.wikipedia sites; articles column; retrieved 2026-09-01; table license CC0-1.0; WMF_TERMS: Section 7: Licensing of Content",Exact population construct but nonexclusive of other competence and unrelated to literacy. National learning results are context only.,,ATTACHED_TO_EXISTING_EDITION,false,f68d167364c5555aaa5defd93f39c928639caca490cfcad3887400c57d7574b4
regional:AMERICAS_EUROPE_EMPIRICAL_NEED_INPUTS:acf-Latn-LC:113,AMERICAS_EUROPE_EMPIRICAL_NEED_INPUTS,acf-Latn-LC,edition-target:lang:acf-LC,REGIONAL_EMPIRICAL_STRATUM,no_territory_specific_person_count_verified,exact Kwéyòl speakers,,,,No current exact speaker count is used; numeric fields are blank.,2021 policy evidence,Saint Lucia,written and spoken; Latin script,LC_LANGUAGE_POLICY_2021;KREYOL_MT_2024;COMMON_VOICE_26_2026;OER_UNESCO_2019,https://www.govt.lc/news/national-language-policy-underway;https://www.cs.jhu.edu/~kevinduh/t/naacl24/final_pdf/paper289.pdf;https://raw.githubusercontent.com/common-voice/cv-dataset/main/datasets/scripted-speech/cv-corpus-26.0-2026-06-12.json;https://www.unesco.org/en/legal-affairs/recommendation-open-educational-resources-oer?hub=422,"LC_LANGUAGE_POLICY_2021: primary/secondary Kwéyòl competence, teacher development, certification and resource goals | KREYOL_MT_2024: pp. 2, 5–6 and Table 3: exact/pooled language public/all sentence counts and genre transfer | COMMON_VOICE_26_2026: locale entry counts/hours and absence audit | OER_UNESCO_2019: Definition I.1 and scope",Policy intent is not implementation or outcome; excluded secondary population figure is not territory-compatible.,,NEW_EDITION_EVIDENCE,false,1435e639ce7efcfc26c957bd7cbe66f5358e7bb36e3a08d966ac8f897bed4f0a
regional:AMERICAS_EUROPE_EMPIRICAL_NEED_INPUTS:acr-Latn-GT:114,AMERICAS_EUROPE_EMPIRICAL_NEED_INPUTS,acr-Latn-GT,edition-target:lang:acr-GT,REGIONAL_EMPIRICAL_STRATUM,census_exact_childhood_acquired_language,persons age 4+ reporting the named language as the language in which they learned to speak,,124338,,"2018 census exact language-learned-to-speak count; not current use, proficiency or ethnic belonging.",2018,Guatemala,written and spoken; Latin-script official educational orthography,GT_CENSUS_LANGUAGE_2018;GT_EIB_G1_READING_2008;GT_EIB_DELIVERY_2022;GT_DIGEBI_TARGET;OER_UNESCO_2019,https://censo2018.ine.gob.gt/archivos/Principales_resultados_Censo2018.pdf;https://edu.mineduc.gob.gt/digeduca/documents/informes/Informe_Primaria_Bilingue_2008.pdf;https://edu.mineduc.gob.gt/documents/memoriaLabores/Memoria_de_Labores_2022.pdf;https://digebi.mineduc.gob.gt/digebi/nuestra-meta/;https://www.unesco.org/en/legal-affairs/recommendation-open-educational-resources-oer?hub=422,"GT_CENSUS_LANGUAGE_2018: language in which persons age 4+ learned to speak by exact named language | GT_EIB_G1_READING_2008: p. 32, Figure 14: Spanish-reading performance by K’iche’, Kaqchikel, Mam and Q’eqchi’ labels | GT_EIB_DELIVERY_2022: p. 40 Table 11 EIB enrolment by stage and language-material production | GT_DIGEBI_TARGET: named-language stage targets through Grade 6 versus preprimary–Grade 3 | OER_UNESCO_2019: Definition I.1 and scope","Childhood language, EIB programme totals, Grade 1 assessment and material outputs have different denominators. Exact language does not imply one dialect/orthography; no dominant-language or device coverage inferred.",,NEW_EDITION_EVIDENCE,false,34134f26682a382306aa4cf3d9675e35a2793b358f2ad663f970846dba3e5132
regional:AMERICAS_EUROPE_EMPIRICAL_NEED_INPUTS:ay-central-Latn-BO-LP:115,AMERICAS_EUROPE_EMPIRICAL_NEED_INPUTS,ay-central-Latn-BO-LP,,REGIONAL_EMPIRICAL_STRATUM,exact_variety_count_unavailable_territorial_census_category_ceiling_only,exact Central Aymara speakers,,,,No exact Central Aymara person count was verified; numeric fields are blank.,2012 census context / 2021 corpus,"La Paz Department, Bolivia",written and spoken; Latin script,BO_CENSUS_LANGUAGE_2012;NLP_AMERICASNLP_2021;OER_UNESCO_2019;CATALOG_OTL_20260901;CATALOG_DOAB_20260901,https://anda4.ine.gob.bo/ANDA4_3/index.php/catalog/495/download/2358;https://aclanthology.org/2021.americasnlp-1.23.pdf;https://www.unesco.org/en/legal-affairs/recommendation-open-educational-resources-oer?hub=422;https://open.umn.edu/opentextbooks/textbooks.json;https://directory.doabooks.org/rest/search,"BO_CENSUS_LANGUAGE_2012: principal language age 6+; La Paz Aymara table and national graphs | NLP_AMERICASNLP_2021: Table 1 and section 3: corpus sizes, variety, orthography and domain composition | OER_UNESCO_2019: Definition I.1 and scope | CATALOG_OTL_20260901: links.total_count after language-code query; counts reproduced in each row | CATALOG_DOAB_20260901: x-total-count after exact dc.language label query; counts reproduced in each row",La Paz Aymara category is not Central Aymara. Corpus pairs are not people or learning. Training/evaluation domain and variety mismatch prevents broad coverage claims.,,EVIDENCE_ONLY_CONTEXT,false,284a738ec7317674c3394298aa13621b5d4935ea179d0e6985634acd8f81ce91
regional:AMERICAS_EUROPE_EMPIRICAL_NEED_INPUTS:ay-southern-Latn-PE:116,AMERICAS_EUROPE_EMPIRICAL_NEED_INPUTS,ay-southern-Latn-PE,,REGIONAL_EMPIRICAL_STRATUM,exact_variety_count_unavailable_umbrella_childhood_language_only,exact-variety speakers,,,,No source-stated Southern Aymara count was verified; numeric fields are blank.,2017 umbrella evidence,"Puno, Moquegua, Tacna, Madre de Dios and Sandia, Peru",written and spoken; Latin-script official educational orthography,PE_MINEDU_LANGUAGE_TAXONOMY;PE_BDPI_AYMARA;PE_ECE_EIB_READING_2018;OER_UNESCO_2019;CATALOG_OTL_20260901;CATALOG_DOAB_20260901,https://repositorio.minedu.gob.pe/bitstream/handle/20.500.12799/6261/Lenguas%20Originarias%20del%20Peru.pdf?isAllowed=y&sequence=1;https://bdpi.cultura.gob.pe/lenguas/aimara;https://repositorio.minedu.gob.pe/bitstream/handle/20.500.12799/6562/Resultados%202018%20Evaluaci%C3%B3n%20Censal%20de%20Estudiantes%20y%20Evaluaci%C3%B3n%20Muestral%20de%20Estudiantes%20evaluaciones%20de%20logros%20de%20aprendizaje.pdf?isAllowed=y&sequence=1;https://www.unesco.org/en/legal-affairs/recommendation-open-educational-resources-oer?hub=422;https://open.umn.edu/opentextbooks/textbooks.json;https://directory.doabooks.org/rest/search,"PE_MINEDU_LANGUAGE_TAXONOMY: p. 22 Aymara/Jaqaru treatment and Quechua vitality table | PE_BDPI_AYMARA: 450,010 people who learned Aymara in childhood | PE_ECE_EIB_READING_2018: p. 32: Grade 4 EIB first-language reading by Chanka, Collao and Aymara labels | OER_UNESCO_2019: Definition I.1 and scope | CATALOG_OTL_20260901: links.total_count after language-code query; counts reproduced in each row | CATALOG_DOAB_20260901: x-total-count after exact dc.language label query; counts reproduced in each row",Umbrella childhood-language total is not exact Southern Aymara. Assessment label omits subvariety; sample caution and later-stage gaps preclude a precise endpoint.,,EVIDENCE_ONLY_CONTEXT,false,e8edab77366eaa4a0f54d54ce7c6e248a01040ba30156d2c14d9021e6a1dfd3a
regional:AMERICAS_EUROPE_EMPIRICAL_NEED_INPUTS:bah-Latn-BS:117,AMERICAS_EUROPE_EMPIRICAL_NEED_INPUTS,bah-Latn-BS,edition-target:regional:bah-Latn-BS,REGIONAL_EMPIRICAL_STRATUM,unrankable_no_compatible_person_measure,exact-variety persons,,,,No compatible exact person measure was verified; numeric fields are blank.,2024 resource evidence,The Bahamas,written and spoken; Latin script; exact orthographic coverage unverified,KREYOL_MT_2024;COMMON_VOICE_26_2026;OER_UNESCO_2019,https://www.cs.jhu.edu/~kevinduh/t/naacl24/final_pdf/paper289.pdf;https://raw.githubusercontent.com/common-voice/cv-dataset/main/datasets/scripted-speech/cv-corpus-26.0-2026-06-12.json;https://www.unesco.org/en/legal-affairs/recommendation-open-educational-resources-oer?hub=422,"KREYOL_MT_2024: pp. 2, 5–6 and Table 3: exact/pooled language public/all sentence counts and genre transfer | COMMON_VOICE_26_2026: locale entry counts/hours and absence audit | OER_UNESCO_2019: Definition I.1 and scope","Sentence pairs are not people, learning or curriculum. No exact population/outcome/access evidence; neighboring Creole standards are nonallocable.",,NEW_EDITION_EVIDENCE,false,7f7386199534d919547f45eb4f00f089d95f595b187ed44d53926cafb296b695
regional:AMERICAS_EUROPE_EMPIRICAL_NEED_INPUTS:bzj-Latn-BZ:118,AMERICAS_EUROPE_EMPIRICAL_NEED_INPUTS,bzj-Latn-BZ,edition-target:lang:bzj-BZ,REGIONAL_EMPIRICAL_STRATUM,census_reported_speakers,persons age 4+; multiple responses permitted,180792,180792,180792,Statistical Institute of Belize 2022 census direct count of people age 4+ able to speak Creole; people could report more than one language.,2022,Belize,written and spoken; Latin script,BZ_CENSUS_LANG_INFOGRAPHIC_2022;BZ_EDU_PLAN_2021_25;KREYOL_MT_2024;COMMON_VOICE_26_2026;OER_UNESCO_2019,https://sib.org.bz/wp-content/uploads/Languages_Infographic_2022.pdf;https://edc.gov.bz/wp-content/uploads/2023/04/The-Belize-Education-Sector-Plan-2021-2025_MoECST.pdf;https://www.cs.jhu.edu/~kevinduh/t/naacl24/final_pdf/paper289.pdf;https://raw.githubusercontent.com/common-voice/cv-dataset/main/datasets/scripted-speech/cv-corpus-26.0-2026-06-12.json;https://www.unesco.org/en/legal-affairs/recommendation-open-educational-resources-oer?hub=422,"BZ_CENSUS_LANG_INFOGRAPHIC_2022: one-page official census infographic, Creole 180,792 persons and 49.0% | BZ_EDU_PLAN_2021_25: pp. 14 and 53 | KREYOL_MT_2024: pp. 2, 5-6 and Table 3 | COMMON_VOICE_26_2026: locale inventory | OER_UNESCO_2019: Definition I.1 and scope","Multiple-response speaking ability is nonexclusive and cannot be added to other Belize language counts; it is not L1, literacy, school-medium exposure or academic comfort.",,NEW_EDITION_EVIDENCE,false,75284189c5dae91a13cf69442d44561210eca75be3d7d234cc0c60fe903e558a
regional:AMERICAS_EUROPE_EMPIRICAL_NEED_INPUTS:ca-Latn-AD:119,AMERICAS_EUROPE_EMPIRICAL_NEED_INPUTS,ca-Latn-AD,edition-target:lang:ca-Latn-ES,REGIONAL_EMPIRICAL_STRATUM,survey_shares_without_source_stated_person_count,residents age over 14 in official language-use survey,,,,"Official survey n=747 reports Catalan initial/habitual-use shares and a knowledge index, but no source-stated person count is used; numeric fields are blank.",2022,Andorra,written and spoken; Latin script,ANDORRA_LANGUAGE_SURVEY_2022;OER_UNESCO_2019;CATALOG_OTL_20260901;CATALOG_DOAB_20260901,https://www.govern.ad/ca/w/l-estudi-de-coneixements-i-usos-lingueistics-indica-que-el-catala-es-la-llengua-de-referencia-de-la-poblacio-en-coneixement-i-us-1;https://www.unesco.org/en/legal-affairs/recommendation-open-educational-resources-oer?hub=422;https://open.umn.edu/opentextbooks/textbooks.json;https://directory.doabooks.org/rest/search,"ANDORRA_LANGUAGE_SURVEY_2022: sample size, initial language, habitual language and knowledge indicators | OER_UNESCO_2019: Definition I.1 and scope | CATALOG_OTL_20260901: links.total_count after language-code query; counts reproduced in each row | CATALOG_DOAB_20260901: x-total-count after exact dc.language label query; counts reproduced in each row","Multiresponse language shares and knowledge indices cannot be converted into a speaker total. School exposure, academic outcomes, devices and open-resource completeness are unrankable.",,NEW_EDITION_EVIDENCE,false,8e93e6b7ac27293b2c8ac99590be18523d8ffe69afc16f1a82dc5fd8ceab6415
regional:AMERICAS_EUROPE_EMPIRICAL_NEED_INPUTS:ca-Latn-ES-CT:120,AMERICAS_EUROPE_EMPIRICAL_NEED_INPUTS,ca-Latn-ES-CT,edition-target:lang:ca-Latn-ES,REGIONAL_EMPIRICAL_STRATUM,official_sample_survey_speaking_ability_estimate,survey-estimated residents age 15+ reporting ability to speak Catalan,,5454700,,Idescat 2023 source-stated estimate of residents age 15+ able to speak Catalan.,2023,"Catalonia, Spain",written and spoken; Latin script,CATALONIA_EULP_2023;CATALONIA_XTEC_RESOURCES;EUROSTAT_INTERNET_2025;OER_UNESCO_2019;CATALOG_OTL_20260901;CATALOG_DOAB_20260901,https://idescat.cat/pub/?id=eulp&lang=en&n=10367;https://xtec.gencat.cat/ca/curriculum/primaria/recursos-i-materials/;https://ec.europa.eu/eurostat/statistics-explained/SEPDF/cache/108644.pdf;https://www.unesco.org/en/legal-affairs/recommendation-open-educational-resources-oer?hub=422;https://open.umn.edu/opentextbooks/textbooks.json;https://directory.doabooks.org/rest/search,"CATALONIA_EULP_2023: knowledge table: understand, speak, read, write and all four skills | CATALONIA_XTEC_RESOURCES: primary curriculum resource collections | EUROSTAT_INTERNET_2025: household internet-access section and country chart | OER_UNESCO_2019: Definition I.1 and scope | CATALOG_OTL_20260901: links.total_count after language-code query; counts reproduced in each row | CATALOG_DOAB_20260901: x-total-count after exact dc.language label query; counts reproduced in each row","Language skills are separate self-reports. Catalog supply is not territory-specific; no stage exposure/outcome, device, disability or full licensing audit exists.",,NEW_EDITION_EVIDENCE,false,54c056534bcfad7f996570f17a0f6616e90e41524acff9762f82bfeaac0a6e28
regional:AMERICAS_EUROPE_EMPIRICAL_NEED_INPUTS:ca-Latn-ES-IB:121,AMERICAS_EUROPE_EMPIRICAL_NEED_INPUTS,ca-Latn-ES-IB,,REGIONAL_EMPIRICAL_STRATUM,territorial_sample_survey_universe_ceiling,"survey target-universe persons age 15+ (ceiling, not speakers)",,,929422,Official 2014 survey universe of residents age 15+ is retained only as the maximum possible population exposed to the survey category; no speaker count is manufactured from percentages.,2014,"Balearic Islands, Spain",written and spoken; Latin script; island varieties,BALEARIC_EULIB_2014;EUROSTAT_INTERNET_2025;OER_UNESCO_2019;CATALOG_OTL_20260901;CATALOG_DOAB_20260901,https://llengua.gencat.cat/web/.content/temes/dades_estudis/base-de-dades/documents/EULIB2014-informe.pdf;https://ec.europa.eu/eurostat/statistics-explained/SEPDF/cache/108644.pdf;https://www.unesco.org/en/legal-affairs/recommendation-open-educational-resources-oer?hub=422;https://open.umn.edu/opentextbooks/textbooks.json;https://directory.doabooks.org/rest/search,BALEARIC_EULIB_2014: Table 1.1 universe/sample and language-knowledge tables | EUROSTAT_INTERNET_2025: household internet-access section and country chart | OER_UNESCO_2019: Definition I.1 and scope | CATALOG_OTL_20260901: links.total_count after language-code query; counts reproduced in each row | CATALOG_DOAB_20260901: x-total-count after exact dc.language label query; counts reproduced in each row,"929,422 is a universe ceiling, not a speaker estimate. Percentages are not converted to counts; island varieties, current change, outcomes and resource licences are unresolved.",,EVIDENCE_ONLY_CONTEXT,false,6ec8454b517fba8374b6c403dfab164ee341c94a126c9df0993005bfb688dd94
regional:AMERICAS_EUROPE_EMPIRICAL_NEED_INPUTS:ca-valencia-Latn-ES-VC:122,AMERICAS_EUROPE_EMPIRICAL_NEED_INPUTS,ca-valencia-Latn-ES-VC,,REGIONAL_EMPIRICAL_STRATUM,survey_skill_shares_without_person_point_estimate,population age 15+ in official language survey; no source-stated speaker count,,,,"Official 2021 survey n=7,117 reports skill shares; no speaker-person estimate is derived, so numeric fields are blank.",2021,"Valencian Community, Spain",written and spoken; Latin script; official Valencian territorial standard,VALENCIA_AVL_STANDARD;VALENCIA_LANGUAGE_SURVEY_2021;VALENCIA_BASE_LANGUAGE_CHOICE_2025;EUROSTAT_INTERNET_2025;OER_UNESCO_2019;CATALOG_OTL_20260901;CATALOG_DOAB_20260901,https://www.avl.gva.es/gnv/buscador.jsp?gramatica=GNV&index=majuscules_consideracions_generals;https://ceice.gva.es/documents/161863132/174616028/enquesta+%C3%BAs+del+valencia%CC%80+2021_web.pdf/6a3e6836-f136-bffc-8593-0381eedc297b;https://comunica.gva.es/es/detalle?id=390097430&site=373430869;https://ec.europa.eu/eurostat/statistics-explained/SEPDF/cache/108644.pdf;https://www.unesco.org/en/legal-affairs/recommendation-open-educational-resources-oer?hub=422;https://open.umn.edu/opentextbooks/textbooks.json;https://directory.doabooks.org/rest/search,"VALENCIA_AVL_STANDARD: shared language system and distinct territorial normative features | VALENCIA_LANGUAGE_SURVEY_2021: sample n=7,117, territory universe and understand/speak/read/write shares by linguistic zone | VALENCIA_BASE_LANGUAGE_CHOICE_2025: 570,000 eligible families and base-language-choice construct | EUROSTAT_INTERNET_2025: household internet-access section and country chart | OER_UNESCO_2019: Definition I.1 and scope | CATALOG_OTL_20260901: links.total_count after language-code query; counts reproduced in each row | CATALOG_DOAB_20260901: x-total-count after exact dc.language label query; counts reproduced in each row","Skill shares are not converted into persons; survey zones, eligible families and implemented medium differ. Catalonia/Balearic data and global Catalan resources are nonallocable.",,EVIDENCE_ONLY_CONTEXT,false,41c37e8bac76314aec2299ddb63986e9600bc7de38b9f185e8e0a4b74ae647ee
regional:AMERICAS_EUROPE_EMPIRICAL_NEED_INPUTS:cak-Latn-GT:123,AMERICAS_EUROPE_EMPIRICAL_NEED_INPUTS,cak-Latn-GT,edition-target:lang:cak-GT,REGIONAL_EMPIRICAL_STRATUM,census_exact_childhood_acquired_language,persons age 4+ reporting the named language as the language in which they learned to speak,,411089,,"2018 census exact language-learned-to-speak count; not current use, proficiency or ethnic belonging.",2018,Guatemala,written and spoken; Latin-script official educational orthography,GT_CENSUS_LANGUAGE_2018;GT_EIB_G1_READING_2008;GT_EIB_DELIVERY_2022;GT_DIGEBI_TARGET;OER_UNESCO_2019,https://censo2018.ine.gob.gt/archivos/Principales_resultados_Censo2018.pdf;https://edu.mineduc.gob.gt/digeduca/documents/informes/Informe_Primaria_Bilingue_2008.pdf;https://edu.mineduc.gob.gt/documents/memoriaLabores/Memoria_de_Labores_2022.pdf;https://digebi.mineduc.gob.gt/digebi/nuestra-meta/;https://www.unesco.org/en/legal-affairs/recommendation-open-educational-resources-oer?hub=422,"GT_CENSUS_LANGUAGE_2018: language in which persons age 4+ learned to speak by exact named language | GT_EIB_G1_READING_2008: p. 32, Figure 14: Spanish-reading performance by K’iche’, Kaqchikel, Mam and Q’eqchi’ labels | GT_EIB_DELIVERY_2022: p. 40 Table 11 EIB enrolment by stage and language-material production | GT_DIGEBI_TARGET: named-language stage targets through Grade 6 versus preprimary–Grade 3 | OER_UNESCO_2019: Definition I.1 and scope","Childhood language, EIB programme totals, Grade 1 assessment and material outputs have different denominators. Exact language does not imply one dialect/orthography; no dominant-language or device coverage inferred.",,NEW_EDITION_EVIDENCE,false,d605a9114db7e97b87574bd7432ce6ea45c535015a5b160fce3a637c9e89d874
regional:AMERICAS_EUROPE_EMPIRICAL_NEED_INPUTS:chol-northwest-Latn-MX:124,AMERICAS_EUROPE_EMPIRICAL_NEED_INPUTS,chol-northwest-Latn-MX,edition-target:regional:chol-northwest-Latn-MX,REGIONAL_EMPIRICAL_STRATUM,official_2000_exact_variant_estimate,persons age 5+ allocated to exact variant,,117379,,INALI source-stated exact-variant estimate using Census 2000/locality allocation.,2000,Mexico; exact INALI localities,written and spoken; Latin script,MX_INALI_LANGUAGE_RISK;MX_INEE_LANGUAGE_MATCH;NLP_MAYA_2024;OER_UNESCO_2019,https://site.inali.gob.mx/pdf/libro_lenguas_indigenas_nacionales_en_riesgo_de_desaparicion.pdf;https://www.inee.edu.mx/wp-content/uploads/2019/06/P2A348.pdf;https://aclanthology.org/2024.americasnlp-1.16.pdf;https://www.unesco.org/en/legal-affairs/recommendation-open-educational-resources-oer?hub=422,"MX_INALI_LANGUAGE_RISK: exact variant population, share age 5–14 and risk level tables | MX_INEE_LANGUAGE_MATCH: teacher command of pupils’ language and system mismatch indicator | NLP_MAYA_2024: Table 1: original, cleaned, train and development/test sentence-pair counts | OER_UNESCO_2019: Definition I.1 and scope",Dated exact estimate cannot be updated with a macro count. National education context is not allocated. Corpus exact-variant identity is unresolved.,,NEW_EDITION_EVIDENCE,false,306879679b900bd3fa0312e63095220c675062ce21375a3006c12c45bfdc967b
regional:AMERICAS_EUROPE_EMPIRICAL_NEED_INPUTS:chol-southeast-Latn-MX:125,AMERICAS_EUROPE_EMPIRICAL_NEED_INPUTS,chol-southeast-Latn-MX,edition-target:regional:chol-southeast-Latn-MX,REGIONAL_EMPIRICAL_STRATUM,official_2000_exact_variant_estimate,persons age 5+ allocated to exact variant,,27199,,INALI source-stated exact-variant estimate using Census 2000/locality allocation.,2000,Mexico; exact INALI localities,written and spoken; Latin script,MX_INALI_LANGUAGE_RISK;MX_INEE_LANGUAGE_MATCH;NLP_MAYA_2024;OER_UNESCO_2019,https://site.inali.gob.mx/pdf/libro_lenguas_indigenas_nacionales_en_riesgo_de_desaparicion.pdf;https://www.inee.edu.mx/wp-content/uploads/2019/06/P2A348.pdf;https://aclanthology.org/2024.americasnlp-1.16.pdf;https://www.unesco.org/en/legal-affairs/recommendation-open-educational-resources-oer?hub=422,"MX_INALI_LANGUAGE_RISK: exact variant population, share age 5–14 and risk level tables | MX_INEE_LANGUAGE_MATCH: teacher command of pupils’ language and system mismatch indicator | NLP_MAYA_2024: Table 1: original, cleaned, train and development/test sentence-pair counts | OER_UNESCO_2019: Definition I.1 and scope",Dated exact estimate cannot be updated with a macro count. National education context is not allocated. Corpus exact-variant identity is unresolved.,,NEW_EDITION_EVIDENCE,false,19406e2d53abed57c1c9ed01a25f8ec4951225c90b626f0915ce91efac1995c1
regional:AMERICAS_EUROPE_EMPIRICAL_NEED_INPUTS:ciw-script-unresolved-CA:126,AMERICAS_EUROPE_EMPIRICAL_NEED_INPUTS,ciw-script-unresolved-CA,edition-target:lang:ciw-CA,REGIONAL_EMPIRICAL_STRATUM,census_conversational_knowledge_published_rounded_count,private-household census respondents able to conduct a conversation,,2040,,Statistics Canada 2021 published rounded count able to converse; mean age 39.,2021,Canada,spoken; script not recorded by Census and not inferred,CA_STATCAN_ALGONQUIAN_2021;CA_STATCAN_SILENT_2021;CA_MB_LANGUAGE_SURVEY_2021;CA_MB_OPEN_PORTAL;OER_UNESCO_2019;CATALOG_OTL_20260901;CATALOG_DOAB_20260901,https://www150.statcan.gc.ca/n1/pub/41-20-0002/412000022025002-eng.htm;https://www150.statcan.gc.ca/n1/pub/41-20-0002/412000022026001-eng.htm;https://www.edu.gov.mb.ca/iid/docs/indigenous_languages_report.pdf;https://www.edu.gov.mb.ca/k12/mylearning/onlinelearning/index.html;https://www.unesco.org/en/legal-affairs/recommendation-open-educational-resources-oer?hub=422;https://open.umn.edu/opentextbooks/textbooks.json;https://directory.doabooks.org/rest/search,"CA_STATCAN_ALGONQUIAN_2021: Table 2 and Charts 1–2: knowledge, mother tongue and age by named language | CA_STATCAN_SILENT_2021: Annex Table A.1 by exact language | CA_MB_LANGUAGE_SURVEY_2021: pp. 1–5, 8, 10, 12 and 19: offerings, modes, barriers and dialect-teacher example | CA_MB_OPEN_PORTAL: Cree and Anishinaabemowin resource listings | OER_UNESCO_2019: Definition I.1 and scope | CATALOG_OTL_20260901: links.total_count after language-code query; counts reproduced in each row | CATALOG_DOAB_20260901: x-total-count after exact dc.language label query; counts reproduced in each row","Broad Anishinaabemowin, Ojibwe and Saulteau resources/courses are not assumed compatible with the Census Chippewa label. Ojibway n.o.s. has 20,715 conversational-knowledge and 12,500 mother-tongue respondents and is quarantined, not distributed. Census random rounding and incomplete enumeration apply.",,NEW_EDITION_EVIDENCE,false,264f2a91a6b1d45b02849b8cb655e82488de19f0de0ccd75254e9132ecb6fbaa
regional:AMERICAS_EUROPE_EMPIRICAL_NEED_INPUTS:crj-script-unresolved-CA:127,AMERICAS_EUROPE_EMPIRICAL_NEED_INPUTS,crj-script-unresolved-CA,edition-target:lang:crj-CA,REGIONAL_EMPIRICAL_STRATUM,census_conversational_knowledge_published_rounded_count,private-household census respondents able to conduct a conversation,,895,,Statistics Canada 2021 published rounded count able to conduct a conversation; mean age 31.,2021,Canada,spoken; script not recorded by Census and not inferred,CA_STATCAN_ALGONQUIAN_2021;CA_STATCAN_SILENT_2021;OER_UNESCO_2019;CATALOG_OTL_20260901;CATALOG_DOAB_20260901,https://www150.statcan.gc.ca/n1/pub/41-20-0002/412000022025002-eng.htm;https://www150.statcan.gc.ca/n1/pub/41-20-0002/412000022026001-eng.htm;https://www.unesco.org/en/legal-affairs/recommendation-open-educational-resources-oer?hub=422;https://open.umn.edu/opentextbooks/textbooks.json;https://directory.doabooks.org/rest/search,"CA_STATCAN_ALGONQUIAN_2021: Table 2 and Charts 1–2: knowledge, mother tongue and age by named language | CA_STATCAN_SILENT_2021: Annex Table A.1 by exact language | OER_UNESCO_2019: Definition I.1 and scope | CATALOG_OTL_20260901: links.total_count after language-code query; counts reproduced in each row | CATALOG_DOAB_20260901: x-total-count after exact dc.language label query; counts reproduced in each row","Northern East Cree, Cree n.o.s. and other Cree resources are not substituted. Cree n.o.s. has 61,000 conversational-knowledge and 47,855 mother-tongue respondents and is quarantined, not distributed. Census counts are rounded; 63 incompletely enumerated reserves/settlements apply.",,NEW_EDITION_EVIDENCE,false,883ea1cb217012ab76a576f783808e3ab2275d1f79341c1066c0dbc86d7e52fa
regional:AMERICAS_EUROPE_EMPIRICAL_NEED_INPUTS:crk-Latn-CA:128,AMERICAS_EUROPE_EMPIRICAL_NEED_INPUTS,crk-Latn-CA,edition-target:lang:crk-CA,REGIONAL_EMPIRICAL_STRATUM,census_conversational_knowledge_published_rounded_count,private-household census respondents able to conduct a conversation,,12005,,Statistics Canada 2021 published rounded count able to conduct a conversation; mean age 42.,2021,Canada,spoken and written; Alberta guide uses standard Roman orthography (Latin) and notes traditional syllabics,CA_STATCAN_ALGONQUIAN_2021;CA_STATCAN_SILENT_2021;CA_AB_PLAINS_CREE_GUIDE;OER_UNESCO_2019;CATALOG_OTL_20260901;CATALOG_DOAB_20260901,https://www150.statcan.gc.ca/n1/pub/41-20-0002/412000022025002-eng.htm;https://www150.statcan.gc.ca/n1/pub/41-20-0002/412000022026001-eng.htm;https://open.alberta.ca/dataset/ac9f2505-2b2d-4e4f-919e-41769c41d6ca/resource/4c805ee1-02bf-4721-a62e-c78ba6875038/download/cree-12y-guide-to-implementation-7-9-draft.pdf;https://www.unesco.org/en/legal-affairs/recommendation-open-educational-resources-oer?hub=422;https://open.umn.edu/opentextbooks/textbooks.json;https://directory.doabooks.org/rest/search,"CA_STATCAN_ALGONQUIAN_2021: Table 2 and Charts 1–2: knowledge, mother tongue and age by named language | CA_STATCAN_SILENT_2021: Annex Table A.1 by exact language | CA_AB_PLAINS_CREE_GUIDE: pp. 9–10: Y/Plains scope, standard Roman orthography and regional variation | OER_UNESCO_2019: Definition I.1 and scope | CATALOG_OTL_20260901: links.total_count after language-code query; counts reproduced in each row | CATALOG_DOAB_20260901: x-total-count after exact dc.language label query; counts reproduced in each row","The Latin-SRO/Y-dialect guide is not generic Cree coverage and does not establish syllabic-script, non-Y-dialect, K–6 or later-stage completeness. Cree n.o.s. has 61,000 conversational-knowledge and 47,855 mother-tongue respondents and is quarantined, not distributed. Census counts are rounded; 63 incompletely enumerated reserves/settlements apply.",,NEW_EDITION_EVIDENCE,false,a86dbf6c5b9692800719112e803bd4e5743412f30fcb326be71f73070c5d73aa
regional:AMERICAS_EUROPE_EMPIRICAL_NEED_INPUTS:crl-script-unresolved-CA:129,AMERICAS_EUROPE_EMPIRICAL_NEED_INPUTS,crl-script-unresolved-CA,edition-target:lang:crl-CA,REGIONAL_EMPIRICAL_STRATUM,census_conversational_knowledge_published_rounded_count,private-household census respondents able to conduct a conversation,,4875,,Statistics Canada 2021 published rounded count able to conduct a conversation; mean age 33.,2021,Canada,spoken; script not recorded by Census and not inferred,CA_STATCAN_ALGONQUIAN_2021;CA_STATCAN_SILENT_2021;OER_UNESCO_2019;CATALOG_OTL_20260901;CATALOG_DOAB_20260901,https://www150.statcan.gc.ca/n1/pub/41-20-0002/412000022025002-eng.htm;https://www150.statcan.gc.ca/n1/pub/41-20-0002/412000022026001-eng.htm;https://www.unesco.org/en/legal-affairs/recommendation-open-educational-resources-oer?hub=422;https://open.umn.edu/opentextbooks/textbooks.json;https://directory.doabooks.org/rest/search,"CA_STATCAN_ALGONQUIAN_2021: Table 2 and Charts 1–2: knowledge, mother tongue and age by named language | CA_STATCAN_SILENT_2021: Annex Table A.1 by exact language | OER_UNESCO_2019: Definition I.1 and scope | CATALOG_OTL_20260901: links.total_count after language-code query; counts reproduced in each row | CATALOG_DOAB_20260901: x-total-count after exact dc.language label query; counts reproduced in each row","Southern East Cree, Cree n.o.s. and other Cree resources are not substituted. Cree n.o.s. has 61,000 conversational-knowledge and 47,855 mother-tongue respondents and is quarantined, not distributed. Census counts are rounded; 63 incompletely enumerated reserves/settlements apply.",,NEW_EDITION_EVIDENCE,false,3e8fed151bb308437859046098441803bf5a0634c7c94912988a1df0dd8b1d07
regional:AMERICAS_EUROPE_EMPIRICAL_NEED_INPUTS:crm-script-unresolved-CA:130,AMERICAS_EUROPE_EMPIRICAL_NEED_INPUTS,crm-script-unresolved-CA,edition-target:lang:crm-CA,REGIONAL_EMPIRICAL_STRATUM,census_conversational_knowledge_published_rounded_count,private-household census respondents able to conduct a conversation,,415,,Statistics Canada 2021 published rounded count able to conduct a conversation; mean age 43.,2021,Canada,spoken; script not recorded by Census and not inferred,CA_STATCAN_ALGONQUIAN_2021;CA_STATCAN_SILENT_2021;OER_UNESCO_2019;CATALOG_OTL_20260901;CATALOG_DOAB_20260901,https://www150.statcan.gc.ca/n1/pub/41-20-0002/412000022025002-eng.htm;https://www150.statcan.gc.ca/n1/pub/41-20-0002/412000022026001-eng.htm;https://www.unesco.org/en/legal-affairs/recommendation-open-educational-resources-oer?hub=422;https://open.umn.edu/opentextbooks/textbooks.json;https://directory.doabooks.org/rest/search,"CA_STATCAN_ALGONQUIAN_2021: Table 2 and Charts 1–2: knowledge, mother tongue and age by named language | CA_STATCAN_SILENT_2021: Annex Table A.1 by exact language | OER_UNESCO_2019: Definition I.1 and scope | CATALOG_OTL_20260901: links.total_count after language-code query; counts reproduced in each row | CATALOG_DOAB_20260901: x-total-count after exact dc.language label query; counts reproduced in each row","This row cannot inherit generic Cree, Moose-region, school-system or another Cree variety’s resources/outcomes. Cree n.o.s. has 61,000 conversational-knowledge and 47,855 mother-tongue respondents and is quarantined, not distributed. Census counts are rounded; 63 incompletely enumerated reserves/settlements apply.",,NEW_EDITION_EVIDENCE,false,129bc140a5b5adb798937271713268c54c4ce02c2525fab1837c4507c9081ff6
regional:AMERICAS_EUROPE_EMPIRICAL_NEED_INPUTS:csw-script-unresolved-CA:131,AMERICAS_EUROPE_EMPIRICAL_NEED_INPUTS,csw-script-unresolved-CA,edition-target:lang:csw-CA,REGIONAL_EMPIRICAL_STRATUM,census_conversational_knowledge_published_rounded_count,private-household census respondents able to conduct a conversation,,4670,,Statistics Canada 2021 published rounded count able to conduct a conversation; mean age 44.,2021,Canada,spoken; script not recorded by Census and not inferred,CA_STATCAN_ALGONQUIAN_2021;CA_STATCAN_SILENT_2021;CA_MB_LANGUAGE_SURVEY_2021;CA_MB_OPEN_PORTAL;OER_UNESCO_2019;CATALOG_OTL_20260901;CATALOG_DOAB_20260901,https://www150.statcan.gc.ca/n1/pub/41-20-0002/412000022025002-eng.htm;https://www150.statcan.gc.ca/n1/pub/41-20-0002/412000022026001-eng.htm;https://www.edu.gov.mb.ca/iid/docs/indigenous_languages_report.pdf;https://www.edu.gov.mb.ca/k12/mylearning/onlinelearning/index.html;https://www.unesco.org/en/legal-affairs/recommendation-open-educational-resources-oer?hub=422;https://open.umn.edu/opentextbooks/textbooks.json;https://directory.doabooks.org/rest/search,"CA_STATCAN_ALGONQUIAN_2021: Table 2 and Charts 1–2: knowledge, mother tongue and age by named language | CA_STATCAN_SILENT_2021: Annex Table A.1 by exact language | CA_MB_LANGUAGE_SURVEY_2021: pp. 1–5, 8, 10, 12 and 19: offerings, modes, barriers and dialect-teacher example | CA_MB_OPEN_PORTAL: Cree and Anishinaabemowin resource listings | OER_UNESCO_2019: Definition I.1 and scope | CATALOG_OTL_20260901: links.total_count after language-code query; counts reproduced in each row | CATALOG_DOAB_20260901: x-total-count after exact dc.language label query; counts reproduced in each row","Combined Cree/Ininew school labels cannot be equated to the Census Swampy category; a one-school dialect mismatch is existence evidence, not prevalence. Cree n.o.s. has 61,000 conversational-knowledge and 47,855 mother-tongue respondents and is quarantined, not distributed. Census counts are rounded; 63 incompletely enumerated reserves/settlements apply.",,NEW_EDITION_EVIDENCE,false,4c0bf6c98e342172e7052f485b8535f55ba3f71504a19adfe2b1ebc470ae4898
regional:AMERICAS_EUROPE_EMPIRICAL_NEED_INPUTS:cwd-script-unresolved-CA:132,AMERICAS_EUROPE_EMPIRICAL_NEED_INPUTS,cwd-script-unresolved-CA,edition-target:lang:cwd-CA,REGIONAL_EMPIRICAL_STRATUM,census_conversational_knowledge_published_rounded_count,private-household census respondents able to conduct a conversation,,5110,,Statistics Canada 2021 published rounded count able to conduct a conversation; mean age 44.,2021,Canada,spoken; script not recorded by Census and not inferred,CA_STATCAN_ALGONQUIAN_2021;CA_STATCAN_SILENT_2021;CA_AB_PLAINS_CREE_GUIDE;OER_UNESCO_2019;CATALOG_OTL_20260901;CATALOG_DOAB_20260901,https://www150.statcan.gc.ca/n1/pub/41-20-0002/412000022025002-eng.htm;https://www150.statcan.gc.ca/n1/pub/41-20-0002/412000022026001-eng.htm;https://open.alberta.ca/dataset/ac9f2505-2b2d-4e4f-919e-41769c41d6ca/resource/4c805ee1-02bf-4721-a62e-c78ba6875038/download/cree-12y-guide-to-implementation-7-9-draft.pdf;https://www.unesco.org/en/legal-affairs/recommendation-open-educational-resources-oer?hub=422;https://open.umn.edu/opentextbooks/textbooks.json;https://directory.doabooks.org/rest/search,"CA_STATCAN_ALGONQUIAN_2021: Table 2 and Charts 1–2: knowledge, mother tongue and age by named language | CA_STATCAN_SILENT_2021: Annex Table A.1 by exact language | CA_AB_PLAINS_CREE_GUIDE: pp. 9–10: Y/Plains scope, standard Roman orthography and regional variation | OER_UNESCO_2019: Definition I.1 and scope | CATALOG_OTL_20260901: links.total_count after language-code query; counts reproduced in each row | CATALOG_DOAB_20260901: x-total-count after exact dc.language label query; counts reproduced in each row","Plains Cree/Y materials, combined Cree school data and Cree n.o.s. are non-allocable. Cree n.o.s. has 61,000 conversational-knowledge and 47,855 mother-tongue respondents and is quarantined, not distributed. Census counts are rounded; 63 incompletely enumerated reserves/settlements apply.",,NEW_EDITION_EVIDENCE,false,f18dc67b254b8551d2980c0e5c9b749482092ad927642db1ccd1f4b4c054705c
regional:AMERICAS_EUROPE_EMPIRICAL_NEED_INPUTS:cy-Latn-GB-WLS:133,AMERICAS_EUROPE_EMPIRICAL_NEED_INPUTS,cy-Latn-GB-WLS,edition-target:lang:cy-Latn-GB,REGIONAL_EMPIRICAL_STRATUM,census_self_reported_speaking_ability,usual residents age 3+ reporting ability to speak Welsh,,538300,,Census 2021 source-stated count of usual residents age 3+ able to speak Welsh.,2021,"Wales, United Kingdom",written and spoken; Latin script,WALES_CENSUS_SURVEY_DIFFERENCES_2021;WALES_SCHOOL_CENSUS_2025;WALES_PISA_2022;WALES_HWB_PUBLISHING;OER_UNESCO_2019;CATALOG_OTL_20260901;CATALOG_DOAB_20260901,https://www.gov.wales/differences-between-estimates-welsh-language-ability-census-2021-and-household-surveys-html;https://www.gov.wales/schools-census-results-january-2025-html;https://www.gov.wales/sites/default/files/statistics-and-research/2023-12/pisa-2022-national-report-wales-059.pdf;https://hwb.gov.wales/developing-resources-for-hwb/hwb-publishing-criteria-and-technical-requirements/;https://www.unesco.org/en/legal-affairs/recommendation-open-educational-resources-oer?hub=422;https://open.umn.edu/opentextbooks/textbooks.json;https://directory.doabooks.org/rest/search,"WALES_CENSUS_SURVEY_DIFFERENCES_2021: Census 2021 and Annual Population Survey estimates section | WALES_SCHOOL_CENSUS_2025: school language category and pupils-by-language tables | WALES_PISA_2022: reading proficiency distribution | WALES_HWB_PUBLISHING: Welsh/English, access, accessibility and licensing requirements | OER_UNESCO_2019: Definition I.1 and scope | CATALOG_OTL_20260901: links.total_count after language-code query; counts reproduced in each row | CATALOG_DOAB_20260901: x-total-count after exact dc.language label query; counts reproduced in each row","Speaker ability, school-language category, PISA population and platform inventory have different denominators. APS is not used as a census interval. Dialect and disability cross-tabs are unavailable.",,NEW_EDITION_EVIDENCE,false,d5b798d1025ba6dc65dc88b2d1c6724cf17de330a262309ab22bc8214a44f417
regional:AMERICAS_EUROPE_EMPIRICAL_NEED_INPUTS:djk-Latn-SR:134,AMERICAS_EUROPE_EMPIRICAL_NEED_INPUTS,djk-Latn-SR,edition-target:lang:djk-SR,REGIONAL_EMPIRICAL_STRATUM,unrankable_no_compatible_person_measure,exact-variety persons,,,,No compatible exact person measure was verified; numeric fields are blank.,2024 resource evidence,Suriname and French Guiana,written and spoken; Latin script; exact orthographic coverage unverified,KREYOL_MT_2024;COMMON_VOICE_26_2026;OER_UNESCO_2019,https://www.cs.jhu.edu/~kevinduh/t/naacl24/final_pdf/paper289.pdf;https://raw.githubusercontent.com/common-voice/cv-dataset/main/datasets/scripted-speech/cv-corpus-26.0-2026-06-12.json;https://www.unesco.org/en/legal-affairs/recommendation-open-educational-resources-oer?hub=422,"KREYOL_MT_2024: pp. 2, 5–6 and Table 3: exact/pooled language public/all sentence counts and genre transfer | COMMON_VOICE_26_2026: locale entry counts/hours and absence audit | OER_UNESCO_2019: Definition I.1 and scope","Sentence pairs are not people, learning or curriculum. No exact population/outcome/access evidence; neighboring Creole standards are nonallocable.",,NEW_EDITION_EVIDENCE,false,2dc8c339ceb2f3dec664e15aee1ec89927edf56e96c179d17a2e548ab421271f
regional:AMERICAS_EUROPE_EMPIRICAL_NEED_INPUTS:es-BO:135,AMERICAS_EUROPE_EMPIRICAL_NEED_INPUTS,es-BO,,REGIONAL_EMPIRICAL_STRATUM,census_principal_language_share_no_exact_person_count,principal-language survey/census share without exact standard person count,,,,"Census 2012 reports Spanish as principal language for 69.4% age 6+ under exclusions, but no source-stated exact person count is used.",2012,Bolivia,written and spoken; Latin script,BO_CENSUS_LANGUAGE_2012;BO_READING_DIAGNOSTIC_2025;BO_EDU_RESOURCES_2024;OER_UNESCO_2019;CATALOG_OTL_20260901;CATALOG_DOAB_20260901,https://anda4.ine.gob.bo/ANDA4_3/index.php/catalog/495/download/2358;https://olimpiada.minedu.gob.bo/pdf/boletines/resultados-prueba-de-lectura.pdf;https://www.minedu.gob.bo/files/publicaciones/unicom/publicaciones/2025/Memoria_Intitucional_2024_compressed.pdf;https://www.unesco.org/en/legal-affairs/recommendation-open-educational-resources-oer?hub=422;https://open.umn.edu/opentextbooks/textbooks.json;https://directory.doabooks.org/rest/search,"BO_CENSUS_LANGUAGE_2012: principal language age 6+; La Paz Aymara table and national graphs | BO_READING_DIAGNOSTIC_2025: tested population/coverage and mean correct by grade | BO_EDU_RESOURCES_2024: alphabets, glossaries, dictionaries, grammars and initial textbooks inventory | OER_UNESCO_2019: Definition I.1 and scope | CATALOG_OTL_20260901: links.total_count after language-code query; counts reproduced in each row | CATALOG_DOAB_20260901: x-total-count after exact dc.language label query; counts reproduced in each row","Percentages not converted. Principal language, inventory items and national assessment differ; exact standard population/open/access evidence absent.",,EVIDENCE_ONLY_CONTEXT,false,cc5b3b3d306def1f708a2ff297fc93d1939bfc4b48e45a593e68409f2eea5f91
regional:AMERICAS_EUROPE_EMPIRICAL_NEED_INPUTS:es-CO:136,AMERICAS_EUROPE_EMPIRICAL_NEED_INPUTS,es-CO,,REGIONAL_EMPIRICAL_STRATUM,unrankable_no_exact_standard_person_measure,exact Colombian-standard speakers,,,,No compatible exact Colombian-Spanish standard person count was verified; numeric fields blank.,2018–2024 evidence,Colombia,written and spoken; Latin script,CO_WAYUU_LANGUAGE_2018;CO_MEN_INDIG_EDU_2024;UNESCO_ERCE_READING_2019;CO_ENTIC_2024;OER_UNESCO_2019;CATALOG_OTL_20260901;CATALOG_DOAB_20260901,https://www.dane.gov.co/files/investigaciones/poblacion/informes-estadisticas-sociodemograficas/2021-09-24-Registro-Estadistico-Pueblo-Wayuu.pdf;https://www.mineducacion.gov.co/1780/articles-385377_recurso_29.pdf;https://unesdoc.unesco.org/in/rest/annotationSVC/DownloadWatermarkedAttachment/attach_import_467d448e-d64b-4f4d-b86f-f65db90b6b9b?_=380257spa.pdf;https://www.dane.gov.co/files/operaciones/ENTIC/bol-ENTICHogares-2024.pdf;https://www.unesco.org/en/legal-affairs/recommendation-open-educational-resources-oer?hub=422;https://open.umn.edu/opentextbooks/textbooks.json;https://directory.doabooks.org/rest/search,"CO_WAYUU_LANGUAGE_2018: p. 25 Wayuunaiki speaking/understanding constructs | CO_MEN_INDIG_EDU_2024: p. 35 Indigenous learners receiving own pedagogical proposals | UNESCO_ERCE_READING_2019: Annex p. 43: country percentage reaching minimum reading level, Grade 3 Level II+ and Grade 6 Level III+ | CO_ENTIC_2024: national/urban/rural and La Guajira/Vichada connected-household shares | OER_UNESCO_2019: Definition I.1 and scope | CATALOG_OTL_20260901: links.total_count after language-code query; counts reproduced in each row | CATALOG_DOAB_20260901: x-total-count after exact dc.language label query; counts reproduced in each row","No exact standard count. Wayúu constructs, program reach, ERCE and household access differ; territorial access not language cross-tab.",,EVIDENCE_ONLY_CONTEXT,false,fc65a6e2416cf93383329c9b71cd10fcf75563cedea00c5dea4f312bfbdb474a
regional:AMERICAS_EUROPE_EMPIRICAL_NEED_INPUTS:es-DO:137,AMERICAS_EUROPE_EMPIRICAL_NEED_INPUTS,es-DO,,REGIONAL_EMPIRICAL_STRATUM,census_territorial_population_ceiling,"resident territorial population ceiling, not standard speakers",,,10760028,Final Census 2022 territory total retained only as a ceiling; no exact Dominican-Spanish speaker count inferred.,2022,Dominican Republic,written and spoken; Latin script,DO_CENSUS_POP_2022;UNESCO_ERCE_READING_2019;DO_ENHOGAR_2024;OER_UNESCO_2019;CATALOG_OTL_20260901;CATALOG_DOAB_20260901,https://www.one.gob.do/media/0hqd0f5b/bolet%C3%ADn-censal-26.pdf;https://unesdoc.unesco.org/in/rest/annotationSVC/DownloadWatermarkedAttachment/attach_import_467d448e-d64b-4f4d-b86f-f65db90b6b9b?_=380257spa.pdf;https://www.one.gob.do/media/3njbmpu5/informe-general-enhogar-2024.pdf;https://www.unesco.org/en/legal-affairs/recommendation-open-educational-resources-oer?hub=422;https://open.umn.edu/opentextbooks/textbooks.json;https://directory.doabooks.org/rest/search,"DO_CENSUS_POP_2022: territory population 10,760,028 | UNESCO_ERCE_READING_2019: Annex p. 43: country percentage reaching minimum reading level, Grade 3 Level II+ and Grade 6 Level III+ | DO_ENHOGAR_2024: sample n=10,583 households; internet urban/rural and computer shares | OER_UNESCO_2019: Definition I.1 and scope | CATALOG_OTL_20260901: links.total_count after language-code query; counts reproduced in each row | CATALOG_DOAB_20260901: x-total-count after exact dc.language label query; counts reproduced in each row","Territory ceiling not speakers; ERCE and household sample differ. Exact standard/dialect, academic English and open-ladder evidence absent.",,EVIDENCE_ONLY_CONTEXT,false,954985acdd81ed1280ab73d415ea76b3bd45ae10a93167810a338b55c3c8a983
regional:AMERICAS_EUROPE_EMPIRICAL_NEED_INPUTS:es-EC:138,AMERICAS_EUROPE_EMPIRICAL_NEED_INPUTS,es-EC,,REGIONAL_EMPIRICAL_STRATUM,unrankable_no_exact_standard_person_measure,exact Ecuadorian-standard speakers,,,,No compatible exact standard person count verified; numeric fields blank.,2022–2023 evidence,Ecuador,written and spoken; Latin script,EC_SEIBE_2022;EC_EDU_ASSESS_ACCESS_2023;UNESCO_ERCE_READING_2019;OER_UNESCO_2019;CATALOG_OTL_20260901;CATALOG_DOAB_20260901,https://educacion.gob.ec/la-secretaria-de-educacion-intercultural-bilingue-y-la-etnoeducacion-cuenta-con-autonomia/;https://educacion.gob.ec/wp-content/plugins/download-monitor/download.php?id=22212;https://unesdoc.unesco.org/in/rest/annotationSVC/DownloadWatermarkedAttachment/attach_import_467d448e-d64b-4f4d-b86f-f65db90b6b9b?_=380257spa.pdf;https://www.unesco.org/en/legal-affairs/recommendation-open-educational-resources-oer?hub=422;https://open.umn.edu/opentextbooks/textbooks.json;https://directory.doabooks.org/rest/search,"EC_SEIBE_2022: EIB students, teachers and centres | EC_EDU_ASSESS_ACCESS_2023: pp. 16–17, 40 and 55: Grade 10 Language and Literature, pedagogical internet definitions/results | UNESCO_ERCE_READING_2019: Annex p. 43: country percentage reaching minimum reading level, Grade 3 Level II+ and Grade 6 Level III+ | OER_UNESCO_2019: Definition I.1 and scope | CATALOG_OTL_20260901: links.total_count after language-code query; counts reproduced in each row | CATALOG_DOAB_20260901: x-total-count after exact dc.language label query; counts reproduced in each row","Program, school internet and national learning outcomes have different denominators; no exact standard population or EIB causal result.",,EVIDENCE_ONLY_CONTEXT,false,19e8c06fca7714ca85facff0c30c5cc0c34b32fbf2e2ec2f7e22d308572fa9b1
regional:AMERICAS_EUROPE_EMPIRICAL_NEED_INPUTS:es-ES:139,AMERICAS_EUROPE_EMPIRICAL_NEED_INPUTS,es-ES,,REGIONAL_EMPIRICAL_STRATUM,census_territorial_population_ceiling,"resident territorial population ceiling, not standard speakers",,,47400798,Census 2021 resident total retained only as a ceiling. Co-official/minority language populations are not assumed Spanish-standard speakers.,2021,Spain,written and spoken; Latin script,ES_CENSUS_POP_2021;ES_PISA_2022;ES_PROCOMUN_OER;EUROSTAT_INTERNET_2025;OER_UNESCO_2019;CATALOG_OTL_20260901;CATALOG_DOAB_20260901,https://www.ine.es/prensa/censo_2021_pr.pdf;https://www.oecd.org/en/publications/pisa-2022-results-volume-i-and-ii-country-notes_ed6fbcc5-en/spain_f1a3afc1-en.html;https://educagob.educacionfpydeportes.gob.es/ensenanzas/idiomas/recursos-educativos.html;https://ec.europa.eu/eurostat/statistics-explained/SEPDF/cache/108644.pdf;https://www.unesco.org/en/legal-affairs/recommendation-open-educational-resources-oer?hub=422;https://open.umn.edu/opentextbooks/textbooks.json;https://directory.doabooks.org/rest/search,"ES_CENSUS_POP_2021: resident population 47,400,798 | ES_PISA_2022: reading Level 2+ and Level 5+ shares | ES_PROCOMUN_OER: structured, downloadable, reusable OER repository description | EUROSTAT_INTERNET_2025: household internet-access section and country chart | OER_UNESCO_2019: Definition I.1 and scope | CATALOG_OTL_20260901: links.total_count after language-code query; counts reproduced in each row | CATALOG_DOAB_20260901: x-total-count after exact dc.language label query; counts reproduced in each row",Territory ceiling not speakers; co-official-language users remain separate. PISA/internet are national contexts; global catalog counts not national standard inventory.,,EVIDENCE_ONLY_CONTEXT,false,1713220d6cb50231feb3301437dcf8e4fe18711703034c2cbadf409396934af2
regional:AMERICAS_EUROPE_EMPIRICAL_NEED_INPUTS:es-GT:140,AMERICAS_EUROPE_EMPIRICAL_NEED_INPUTS,es-GT,,REGIONAL_EMPIRICAL_STRATUM,census_childhood_acquired_language_not_exact_standard_proficiency,persons age 4+ reporting Spanish as language learned to speak,,9488838,,2018 census source-stated Spanish childhood-language count; not current/academic proficiency or one dialect.,2018,Guatemala,written and spoken; Latin script,GT_CENSUS_LANGUAGE_2018;GT_EDU_REPORT_2023;UNESCO_ERCE_READING_2019;GT_CENSUS_INTERNET_2018;OER_UNESCO_2019;CATALOG_OTL_20260901;CATALOG_DOAB_20260901,https://censo2018.ine.gob.gt/archivos/Principales_resultados_Censo2018.pdf;https://edu.mineduc.gob.gt/documents/memoriaLabores/Memoria_de_Labores_2023.pdf;https://unesdoc.unesco.org/in/rest/annotationSVC/DownloadWatermarkedAttachment/attach_import_467d448e-d64b-4f4d-b86f-f65db90b6b9b?_=380257spa.pdf;https://censo2018.ine.gob.gt/archivos/resultados_censo2018.pdf;https://www.unesco.org/en/legal-affairs/recommendation-open-educational-resources-oer?hub=422;https://open.umn.edu/opentextbooks/textbooks.json;https://directory.doabooks.org/rest/search,"GT_CENSUS_LANGUAGE_2018: language in which persons age 4+ learned to speak by exact named language | GT_EDU_REPORT_2023: EIB enrolment by stage, characterized-school footprint and named material outputs | UNESCO_ERCE_READING_2019: Annex p. 43: country percentage reaching minimum reading level, Grade 3 Level II+ and Grade 6 Level III+ | GT_CENSUS_INTERNET_2018: internet-used/not-used/undeclared counts | OER_UNESCO_2019: Definition I.1 and scope | CATALOG_OTL_20260901: links.total_count after language-code query; counts reproduced in each row | CATALOG_DOAB_20260901: x-total-count after exact dc.language label query; counts reproduced in each row","Childhood language, bilingual enrolment, ERCE and internet use differ. No exact standard current speaker/academic count; global catalog not territorial.",,EVIDENCE_ONLY_CONTEXT,false,07f86157e1ceb7965c7e98a2562cb42041b688d6c17e67e73846bf8c5ed86cea
regional:AMERICAS_EUROPE_EMPIRICAL_NEED_INPUTS:es-MX:141,AMERICAS_EUROPE_EMPIRICAL_NEED_INPUTS,es-MX,,REGIONAL_EMPIRICAL_STRATUM,census_territorial_age3plus_ceiling,"population age 3+ territorial ceiling, not standard speakers",,,119976584,2020 census age-3+ total retained only as a ceiling; no exact Mexican-standard Spanish count is inferred.,2020,Mexico,written and spoken; Latin script,MX_CENSUS_LANGUAGE_DETAIL_2020;MX_INDIG_CHILD_SPANISH_2020;MX_INEE_TEACHER_MATCH_2016_17;UNESCO_ERCE_READING_2019;MX_ENDUTIH_2023;OER_UNESCO_2019;CATALOG_OTL_20260901;CATALOG_DOAB_20260901,https://en.www.inegi.org.mx/contenidos/productos/prod_serv/contenidos/espanol/bvinegi/productos/nueva_estruc/889463901617.pdf;https://www.inegi.org.mx/contenidos/saladeprensa/aproposito/2022/EAP_DiaNino22.pdf;https://www.inee.edu.mx/wp-content/uploads/2019/08/P1B117.pdf;https://unesdoc.unesco.org/in/rest/annotationSVC/DownloadWatermarkedAttachment/attach_import_467d448e-d64b-4f4d-b86f-f65db90b6b9b?_=380257spa.pdf;https://www.inegi.org.mx/contenidos/saladeprensa/boletines/2024/ENDUTIH/ENDUTIH_23.pdf;https://www.unesco.org/en/legal-affairs/recommendation-open-educational-resources-oer?hub=422;https://open.umn.edu/opentextbooks/textbooks.json;https://directory.doabooks.org/rest/search,"MX_CENSUS_LANGUAGE_DETAIL_2020: total age-3+ population and Spanish ability among Indigenous-language speakers | MX_INDIG_CHILD_SPANISH_2020: p. 3: one million children; 280,000 did not speak Spanish | MX_INEE_TEACHER_MATCH_2016_17: p. 117: schools lacking any teacher speaking community mother tongue | UNESCO_ERCE_READING_2019: Annex p. 43: country percentage reaching minimum reading level, Grade 3 Level II+ and Grade 6 Level III+ | MX_ENDUTIH_2023: household internet access and Chiapas/Oaxaca/Guerrero shares | OER_UNESCO_2019: Definition I.1 and scope | CATALOG_OTL_20260901: links.total_count after language-code query; counts reproduced in each row | CATALOG_DOAB_20260901: x-total-count after exact dc.language label query; counts reproduced in each row","Ceiling is not speakers; standard/dialect not enumerated. Indigenous subgroup, school mismatch, ERCE and household internet denominators differ; Spanish OER counts are global.",,EVIDENCE_ONLY_CONTEXT,false,e32c32ed9a67b31d0f5cf21f3844b777bcc0e1f43cf252dfa3a2a4c34ad8c9ee
regional:AMERICAS_EUROPE_EMPIRICAL_NEED_INPUTS:es-PA:142,AMERICAS_EUROPE_EMPIRICAL_NEED_INPUTS,es-PA,,REGIONAL_EMPIRICAL_STRATUM,unrankable_no_exact_standard_person_measure,exact Panamanian-standard speakers,,,,No compatible exact standard count verified; numeric fields blank.,2023–2025 evidence,Panama,written and spoken; Latin script,PA_NGABE_ACCESS_2023;PA_MEDUCA_EIB_PLAN_2025_29;UNESCO_ERCE_READING_2019;OER_UNESCO_2019;CATALOG_OTL_20260901;CATALOG_DOAB_20260901,https://www.inec.gob.pa/archivos/P053342420231009163000CUADRO%2019.pdf;https://meduca.gob.pa/wp-content/uploads/2025/06/Plan_Estrategico_2025-2029.pdf;https://unesdoc.unesco.org/in/rest/annotationSVC/DownloadWatermarkedAttachment/attach_import_467d448e-d64b-4f4d-b86f-f65db90b6b9b?_=380257spa.pdf;https://www.unesco.org/en/legal-affairs/recommendation-open-educational-resources-oer?hub=422;https://open.umn.edu/opentextbooks/textbooks.json;https://directory.doabooks.org/rest/search,"PA_NGABE_ACCESS_2023: Table 19: age-4+ internet/computer use counts | PA_MEDUCA_EIB_PLAN_2025_29: Ari Taen Jadenkä classrooms/enrolment and Ngäbere mathematics delivery | UNESCO_ERCE_READING_2019: Annex p. 43: country percentage reaching minimum reading level, Grade 3 Level II+ and Grade 6 Level III+ | OER_UNESCO_2019: Definition I.1 and scope | CATALOG_OTL_20260901: links.total_count after language-code query; counts reproduced in each row | CATALOG_DOAB_20260901: x-total-count after exact dc.language label query; counts reproduced in each row","No exact standard population. Comarca access, program delivery and national ERCE differ; no causal language result or open-licence audit.",,EVIDENCE_ONLY_CONTEXT,false,ab6b22c530ad827d354bc83158a7bdc6424700c5049e3635dfc768fb39d3aba3
regional:AMERICAS_EUROPE_EMPIRICAL_NEED_INPUTS:es-PE:143,AMERICAS_EUROPE_EMPIRICAL_NEED_INPUTS,es-PE,,REGIONAL_EMPIRICAL_STRATUM,census_childhood_acquired_language_not_exact_standard_proficiency,persons age 5+ reporting Spanish learned in childhood,,22209686,,2017 census source-stated Spanish childhood-language count; not exact Peruvian-standard current/academic proficiency.,2017,Peru,written and spoken; Latin script,PE_CENSUS_LANGUAGE_2017;PE_MINEDU_EIB_2025;UNESCO_ERCE_READING_2019;PE_INTERNET_CHILDREN_2023;OER_UNESCO_2019;CATALOG_OTL_20260901;CATALOG_DOAB_20260901,https://censo2017.inei.gob.pe/inei-difunde-base-de-datos-de-los-censos-nacionales-2017-y-el-perfil-sociodemografico-del-peru/;https://www.gob.pe/institucion/minedu/noticias/1297300-minedu-atiende-a-estudiantes-en-12-lenguas-consideradas-en-riesgo-de-desaparicion;https://unesdoc.unesco.org/in/rest/annotationSVC/DownloadWatermarkedAttachment/attach_import_467d448e-d64b-4f4d-b86f-f65db90b6b9b?_=380257spa.pdf;https://www1.inei.gob.pe/media/MenuRecursivo/noticias/nota-de-prensa-n-034-2024-inei.pdf;https://www.unesco.org/en/legal-affairs/recommendation-open-educational-resources-oer?hub=422;https://open.umn.edu/opentextbooks/textbooks.json;https://directory.doabooks.org/rest/search,"PE_CENSUS_LANGUAGE_2017: Spanish, Quechua, Aymara and other native childhood-language counts | PE_MINEDU_EIB_2025: EIB learners, institutions, teachers, service languages and material languages/Quechua varieties | UNESCO_ERCE_READING_2019: Annex p. 43: country percentage reaching minimum reading level, Grade 3 Level II+ and Grade 6 Level III+ | PE_INTERNET_CHILDREN_2023: internet use and place/device access shares | OER_UNESCO_2019: Definition I.1 and scope | CATALOG_OTL_20260901: links.total_count after language-code query; counts reproduced in each row | CATALOG_DOAB_20260901: x-total-count after exact dc.language label query; counts reproduced in each row","Childhood language, EIB program reach, ERCE and internet users differ. Standard/dialect and academic proficiency not enumerated; global catalog counts not territorial.",,EVIDENCE_ONLY_CONTEXT,false,44f90efcf68790c7631532f08211c7d47270869c403d7b31a35a33d77bf17c19
regional:AMERICAS_EUROPE_EMPIRICAL_NEED_INPUTS:es-PY:144,AMERICAS_EUROPE_EMPIRICAL_NEED_INPUTS,es-PY,,REGIONAL_EMPIRICAL_STRATUM,survey_home_language_shares_no_exact_standard_count,age-5+ household-language survey category without exact standard person count,,,,No exact Paraguayan-Spanish standard person count is used; numeric fields blank.,2022,Paraguay,written and spoken; Latin script,PY_HOME_LANGUAGE_2022;PY_EDU_PLAN_2040;UNESCO_ERCE_READING_2019;PY_INTERNET_2023;OER_UNESCO_2019;CATALOG_OTL_20260901;CATALOG_DOAB_20260901,"https://www.ine.gov.py/ende/contenido.php?c=1484&title=21_de_febrero,_D%C3%ADa_Internacional_de_la_Lengua_Materna;https://siteal.iiep.unesco.org/sites/default/files/sit_accion_files/plan_nacional_de_transformacion_educativa_paraguay_2040.pdf;https://unesdoc.unesco.org/in/rest/annotationSVC/DownloadWatermarkedAttachment/attach_import_467d448e-d64b-4f4d-b86f-f65db90b6b9b?_=380257spa.pdf;https://www.ine.gov.py/Publicaciones/Biblioteca/documento/253/Tecnolog%C3%ADa%20de%20la%20Informaci%C3%B3n%20y%20Comunicaci%C3%B3n%20EPHC_2023_INE.pdf;https://www.unesco.org/en/legal-affairs/recommendation-open-educational-resources-oer?hub=422;https://open.umn.edu/opentextbooks/textbooks.json;https://directory.doabooks.org/rest/search","PY_HOME_LANGUAGE_2022: home-language shares and survey population 6,694,306 | PY_EDU_PLAN_2040: pp. 23–24 and 32: literacy, PISA-D reading, cohort completion and home-language association | UNESCO_ERCE_READING_2019: Annex p. 43: country percentage reaching minimum reading level, Grade 3 Level II+ and Grade 6 Level III+ | PY_INTERNET_2023: internet use, urban/rural shares, education/training use and exclusions | OER_UNESCO_2019: Definition I.1 and scope | CATALOG_OTL_20260901: links.total_count after language-code query; counts reproduced in each row | CATALOG_DOAB_20260901: x-total-count after exact dc.language label query; counts reproduced in each row","Home use is not exact standard ability. Survey, PISA-D, cohort completion, ERCE and internet samples differ; Indigenous exclusions limit access context.",,EVIDENCE_ONLY_CONTEXT,false,adc479e3c6941092dde53882f89e99212eddc67187f75f2439b1d7129cf105ba
regional:AMERICAS_EUROPE_EMPIRICAL_NEED_INPUTS:es-US-EL:145,AMERICAS_EUROPE_EMPIRICAL_NEED_INPUTS,es-US-EL,edition-target:regional:es-US-EL,REGIONAL_EMPIRICAL_STRATUM,official_public_school_administrative_language_need_cohort,current public-school English learners with Spanish/Castilian reported as home language,,4023289,,NCES/EDFacts source-stated fall-2021 count; excludes prekindergarten and is not a population count of all U.S. Spanish speakers.,2021/22,"United States, 50 states and District of Columbia public schools",written and spoken; Latin script,US_NCES_SPANISH_EL_2021;US_NCES_EL_READING_2022;US_NCES_EL_ACGR_2021_22;US_NCES_HSB_SPANISH_READING_2022;US_OPENSCIED_SPANISH;US_OPENUP_MATH_SPANISH;OER_UNESCO_2019;CATALOG_OTL_20260901;CATALOG_DOAB_20260901,https://nces.ed.gov/programs/digest/d23/tables/dt23_204.27.asp;https://nces.ed.gov/programs/coe/indicator/cnb/reading-performance?tid=4;https://nces.ed.gov/programs/digest/d23/tables/dt23_219.46.asp;https://nces.ed.gov/programs/digest/d23/tables/dt23_221.82.asp;https://openscied.org/knowledge/what-languages-are-the-openscied-materials-translated-into/;https://access.openupresources.org/curricula/our6-8math-v3/es;https://www.unesco.org/en/legal-affairs/recommendation-open-educational-resources-oer?hub=422;https://open.umn.edu/opentextbooks/textbooks.json;https://directory.doabooks.org/rest/search,"US_NCES_SPANISH_EL_2021: Spanish, Castilian row: 4,023,289 current ELs; 76.4% of ELs; 8.4% of total enrolment | US_NCES_EL_READING_2022: Grade 4 EL 190 versus non-EL 222; Grade 8 EL 225 versus non-EL 264 | US_NCES_EL_ACGR_2021_22: U.S. row: EL ACGR 72%; all students 87% | US_NCES_HSB_SPANISH_READING_2022: Spanish-primary monolingual reading quintiles 32.9/23.7/22.8/12.6/8.1 | US_OPENSCIED_SPANISH: all middle/high student readings, handouts and assessments translated into Spanish; unit-level CC BY/CC BY-NC licensing described on linked official pages | US_OPENUP_MATH_SPANISH: Spanish teacher/family/student materials; edition-level CC BY or CC BY-NC terms | OER_UNESCO_2019: Definition I.1 and scope | CATALOG_OTL_20260901: links.total_count after language-code query; counts reproduced in each row | CATALOG_DOAB_20260901: x-total-count after exact dc.language label query; counts reproduced in each row","Population is an education-need cohort, not all speakers. LIEP/NAEP/ACGR are all-EL contexts; HS&B is Spanish-primary-specific but a different study. Program, outcome and resource units differ.",,NEW_EDITION_EVIDENCE,false,f5495d2831bcf27c261eb602beadd4072a4bc8531fce3d2200d160c55f23fc56
regional:AMERICAS_EUROPE_EMPIRICAL_NEED_INPUTS:eu-Latn-ES-NC:146,AMERICAS_EUROPE_EMPIRICAL_NEED_INPUTS,eu-Latn-ES-NC,edition-target:lang:eu-Latn-ES,REGIONAL_EMPIRICAL_STRATUM,official_sociolinguistic_survey_estimate,survey-estimated Basque speakers age 16+,,76784,,Seventh Sociolinguistic Survey source-stated estimate for Basque speakers age 16+ in Navarre.,2021,"Navarre, Spain",written and spoken; Latin script; standardized Basque plus local varieties,BASQUE_SURVEY_2021;EUROSTAT_INTERNET_2025;OER_UNESCO_2019;CATALOG_OTL_20260901;CATALOG_DOAB_20260901,https://www.euskadi.eus/contenidos/informacion/eas_ikerketak/en_def/adjuntos/Seventh_Sociolinguistic_Survey_2021.pdf;https://ec.europa.eu/eurostat/statistics-explained/SEPDF/cache/108644.pdf;https://www.unesco.org/en/legal-affairs/recommendation-open-educational-resources-oer?hub=422;https://open.umn.edu/opentextbooks/textbooks.json;https://directory.doabooks.org/rest/search,BASQUE_SURVEY_2021: Table 2 population age 16+ by language competence and fluency/usage sections | EUROSTAT_INTERNET_2025: household internet-access section and country chart | OER_UNESCO_2019: Definition I.1 and scope | CATALOG_OTL_20260901: links.total_count after language-code query; counts reproduced in each row | CATALOG_DOAB_20260901: x-total-count after exact dc.language label query; counts reproduced in each row,Territory-specific stage and outcome evidence is absent; BAC education data are not imported. Counts are survey estimates; local varieties and zones unresolved.,,NEW_EDITION_EVIDENCE,false,2e8a1ad293e4e85de6bd5b85e4462abc754460a043d141fce56546ec0715c871
regional:AMERICAS_EUROPE_EMPIRICAL_NEED_INPUTS:eu-Latn-ES-PV:147,AMERICAS_EUROPE_EMPIRICAL_NEED_INPUTS,eu-Latn-ES-PV,edition-target:lang:eu-Latn-ES,REGIONAL_EMPIRICAL_STRATUM,official_sociolinguistic_survey_estimate,survey-estimated Basque speakers age 16+,,681072,,Seventh Sociolinguistic Survey source-stated estimate for bilingual Basque speakers age 16+ in the territory.,2021,"Basque Autonomous Community, Spain",written and spoken; Latin script; standardized Basque plus local varieties,BASQUE_SURVEY_2021;BASQUE_EUSTAT_SCHOOLS_2025;EUROSTAT_INTERNET_2025;OER_UNESCO_2019;CATALOG_OTL_20260901;CATALOG_DOAB_20260901,https://www.euskadi.eus/contenidos/informacion/eas_ikerketak/en_def/adjuntos/Seventh_Sociolinguistic_Survey_2021.pdf;https://en.eustat.eus/estad/id_68/ti_school-activity-statistics/latest-press-release.html;https://ec.europa.eu/eurostat/statistics-explained/SEPDF/cache/108644.pdf;https://www.unesco.org/en/legal-affairs/recommendation-open-educational-resources-oer?hub=422;https://open.umn.edu/opentextbooks/textbooks.json;https://directory.doabooks.org/rest/search,BASQUE_SURVEY_2021: Table 2 population age 16+ by language competence and fluency/usage sections | BASQUE_EUSTAT_SCHOOLS_2025: language-model shares by education stage and vocational training | EUROSTAT_INTERNET_2025: household internet-access section and country chart | OER_UNESCO_2019: Definition I.1 and scope | CATALOG_OTL_20260901: links.total_count after language-code query; counts reproduced in each row | CATALOG_DOAB_20260901: x-total-count after exact dc.language label query; counts reproduced in each row,"Survey speakers, age-5+ administrative counts and school-language models have different universes. Education model data apply only to the autonomous community; English and disability/access cross-tabs are absent.",,NEW_EDITION_EVIDENCE,false,653c9534d80f3bee9a26abf7efe0011c2ff3ff8f2fe59b180862cdf2723331f0
regional:AMERICAS_EUROPE_EMPIRICAL_NEED_INPUTS:eu-Latn-FR-64:148,AMERICAS_EUROPE_EMPIRICAL_NEED_INPUTS,eu-Latn-FR-64,edition-target:regional:eu-Latn-FR-64,REGIONAL_EMPIRICAL_STRATUM,official_sociolinguistic_survey_estimate,survey-estimated Basque speakers age 16+,,51484,,Seventh Sociolinguistic Survey source-stated estimate for Basque speakers age 16+ in Northern Basque Country.,2021,"Northern Basque Country, Pyrénées-Atlantiques, France",written and spoken; Latin script; standardized Basque plus local varieties,BASQUE_SURVEY_2021;EUROSTAT_INTERNET_2025;OER_UNESCO_2019;CATALOG_OTL_20260901;CATALOG_DOAB_20260901,https://www.euskadi.eus/contenidos/informacion/eas_ikerketak/en_def/adjuntos/Seventh_Sociolinguistic_Survey_2021.pdf;https://ec.europa.eu/eurostat/statistics-explained/SEPDF/cache/108644.pdf;https://www.unesco.org/en/legal-affairs/recommendation-open-educational-resources-oer?hub=422;https://open.umn.edu/opentextbooks/textbooks.json;https://directory.doabooks.org/rest/search,BASQUE_SURVEY_2021: Table 2 population age 16+ by language competence and fluency/usage sections | EUROSTAT_INTERNET_2025: household internet-access section and country chart | OER_UNESCO_2019: Definition I.1 and scope | CATALOG_OTL_20260901: links.total_count after language-code query; counts reproduced in each row | CATALOG_DOAB_20260901: x-total-count after exact dc.language label query; counts reproduced in each row,"Speaker count is a survey estimate; local varieties, stages, learning, disability/device access and open licences are unmeasured. Spain data are not transferred.",,NEW_EDITION_EVIDENCE,false,ce5ecedee57c49f1bb269449f43deb5502b8836501f33df44747c777db19488a
regional:AMERICAS_EUROPE_EMPIRICAL_NEED_INPUTS:frr-Latn-DE-SH:149,AMERICAS_EUROPE_EMPIRICAL_NEED_INPUTS,frr-Latn-DE-SH,,REGIONAL_EMPIRICAL_STRATUM,official_approximate_source_stated_speaker_range,persons described as speaking North Frisian,8000,,10000,"The state government directly states an approximate range of 8,000–10,000 North Frisian speakers; no midpoint is supplied.",2025,"North Frisia and Heligoland, Schleswig-Holstein, Germany",written and spoken; Latin script; multiple variety orthographies,DE_SH_NORTH_FRISIAN_SPEAKERS_2025;DE_SH_NORTH_FRISIAN_SCHOOLS_2026;EUROSTAT_INTERNET_2025;OER_UNESCO_2019;CATALOG_OTL_20260901;CATALOG_DOAB_20260901,https://www.schleswig-holstein.de/DE/landesregierung/ministerien-behoerden/I/_startseite/Artikel2025/II/250507_mb_arbeitsbuch_fering;https://www.schleswig-holstein.de/DE/fachinhalte/S/schule_und_unterricht/friesisch;https://ec.europa.eu/eurostat/statistics-explained/SEPDF/cache/108644.pdf;https://www.unesco.org/en/legal-affairs/recommendation-open-educational-resources-oer?hub=422;https://open.umn.edu/opentextbooks/textbooks.json;https://directory.doabooks.org/rest/search,"DE_SH_NORTH_FRISIAN_SPEAKERS_2025: speaker estimate and textbook announcement | DE_SH_NORTH_FRISIAN_SCHOOLS_2026: participating schools, pupils, teachers and named teaching varieties | EUROSTAT_INTERNET_2025: household internet-access section and country chart | OER_UNESCO_2019: Definition I.1 and scope | CATALOG_OTL_20260901: links.total_count after language-code query; counts reproduced in each row | CATALOG_DOAB_20260901: x-total-count after exact dc.language label query; counts reproduced in each row",Required exact-variety person denominators are absent. Administrative pupil counts and umbrella speakers differ. Named textbook availability cannot be generalized to all nine varieties or stages.,,EVIDENCE_ONLY_CONTEXT,false,3e87ad2bfae50684be4b3caf7b97efa4cf8e7dd8b3241ed41860835d60bb0eaa
regional:AMERICAS_EUROPE_EMPIRICAL_NEED_INPUTS:fy-Latn-NL-FRY:150,AMERICAS_EUROPE_EMPIRICAL_NEED_INPUTS,fy-Latn-NL-FRY,edition-target:regional:fy-Latn-NL-FRY,REGIONAL_EMPIRICAL_STRATUM,sample_survey_home_use_share_no_source_stated_count,persons age 15+ usually speaking Frisian at home,,,,"CBS reports 42% of Fryslân residents age 15+ usually speak Frisian at home, but supplies no source-stated person count on the cited page; numeric person fields are therefore blank.","survey data 2021, 2023 and 2024","Fryslân, Netherlands",written and spoken; Latin script,NL_CBS_HOME_LANGUAGE_2021_2024;NL_PRIMARY_FRISIAN_CURRICULUM;EUROSTAT_INTERNET_2025;OER_UNESCO_2019;CATALOG_OTL_20260901;CATALOG_DOAB_20260901,https://longreads.cbs.nl/the-netherlands-in-numbers-2025/what-languages-do-people-usually-speak-at-home/;https://www.government.nl/topics/primary-education/subjects-and-attainment-targets-in-primary-education;https://ec.europa.eu/eurostat/statistics-explained/SEPDF/cache/108644.pdf;https://www.unesco.org/en/legal-affairs/recommendation-open-educational-resources-oer?hub=422;https://open.umn.edu/opentextbooks/textbooks.json;https://directory.doabooks.org/rest/search,NL_CBS_HOME_LANGUAGE_2021_2024: Frisian home-language results and methods note | NL_PRIMARY_FRISIAN_CURRICULUM: Frisian language requirement and exemption paragraph | EUROSTAT_INTERNET_2025: household internet-access section and country chart | OER_UNESCO_2019: Definition I.1 and scope | CATALOG_OTL_20260901: links.total_count after language-code query; counts reproduced in each row | CATALOG_DOAB_20260901: x-total-count after exact dc.language label query; counts reproduced in each row,"Home use is not ability; the reported percentage is not converted into persons. No variety, learner-outcome, device or open-licence cross-tab is available.",,NEW_EDITION_EVIDENCE,false,73a8c4f96663776c01b02c59722c6c382c50fb62c31eaa6f82a02d3d98b816b2
regional:AMERICAS_EUROPE_EMPIRICAL_NEED_INPUTS:gcf-Latn-GP:151,AMERICAS_EUROPE_EMPIRICAL_NEED_INPUTS,gcf-Latn-GP,edition-target:lang:gcf-GP,REGIONAL_EMPIRICAL_STRATUM,unrankable_no_compatible_person_measure,exact-variety persons,,,,No compatible exact person measure was verified; numeric fields are blank.,2024 resource evidence,Guadeloupe,written and spoken; Latin script; exact orthographic coverage unverified,KREYOL_MT_2024;COMMON_VOICE_26_2026;OER_UNESCO_2019,https://www.cs.jhu.edu/~kevinduh/t/naacl24/final_pdf/paper289.pdf;https://raw.githubusercontent.com/common-voice/cv-dataset/main/datasets/scripted-speech/cv-corpus-26.0-2026-06-12.json;https://www.unesco.org/en/legal-affairs/recommendation-open-educational-resources-oer?hub=422,"KREYOL_MT_2024: pp. 2, 5–6 and Table 3: exact/pooled language public/all sentence counts and genre transfer | COMMON_VOICE_26_2026: locale entry counts/hours and absence audit | OER_UNESCO_2019: Definition I.1 and scope","Sentence pairs are not people, learning or curriculum. No exact population/outcome/access evidence; neighboring Creole standards are nonallocable.",,NEW_EDITION_EVIDENCE,false,af131262892725c0e670b60134274ded14ec14f544787ffd79b84b0581461dba
regional:AMERICAS_EUROPE_EMPIRICAL_NEED_INPUTS:gne-Latn-PY:152,AMERICAS_EUROPE_EMPIRICAL_NEED_INPUTS,gne-Latn-PY,,REGIONAL_EMPIRICAL_STRATUM,census_ethnic_pueblo_population_proxy_not_speaker_count,"all-age ethnic-pueblo members (proxy, not speakers)",,3266,,"2022 Indigenous census source-stated all-age population for the named pueblo; retained as an explicit proxy, not a language count.",2022,Paraguay,spoken and written; Latin script; exact own-language orthographic/resource coverage unverified,PY_INDIGENOUS_CENSUS_2022;PY_INDIG_LANG_BULLETIN_2026;PY_INDIG_STUDY_YEARS_2022;OER_UNESCO_2019,https://www.ine.gov.py/Publicaciones/Biblioteca/documento/237/Resultados-Finales-Censo-Indigena.pdf;https://www.ine.gov.py/Publicaciones/Biblioteca/documento/331/Diversidad_de_Lenguas_habladas_por_los_pueblos_indigenas.pdf;https://www.ine.gov.py/Publicaciones/Biblioteca/documento/260/TRIPTICO%20%28Castellano%29.pdf;https://www.unesco.org/en/legal-affairs/recommendation-open-educational-resources-oer?hub=422,PY_INDIGENOUS_CENSUS_2022: ethnic-pueblo counts and age-5+ first-language shares by named pueblo | PY_INDIG_LANG_BULLETIN_2026: own-language-first versus Paraguayan-Guaraní-first by named pueblo and national trend | PY_INDIG_STUDY_YEARS_2022: average years of study age 15+ by named Indigenous pueblo | OER_UNESCO_2019: Definition I.1 and scope,"The Paraguay census label is not presumed coextensive with Brazilian Guarani Nhandeva. Ethnic population and age-5+ first-language shares have different universes and are not multiplied. Exact speaker totals, stages and open-resource licences are absent.",,EVIDENCE_ONLY_CONTEXT,false,c56188c64f6696c87a31d76d9aeb24e589d8133911d58f6d3847ededf3171b08
regional:AMERICAS_EUROPE_EMPIRICAL_NEED_INPUTS:gnh-Latn-BR:153,AMERICAS_EUROPE_EMPIRICAL_NEED_INPUTS,gnh-Latn-BR,edition-target:regional:gnh-Latn-BR,REGIONAL_EMPIRICAL_STRATUM,census_exact_language_speaking_or_home_use,Indigenous persons age 2+ speaking or using the exact language at home,,6284,,IBGE 2022 source-stated count for Indigenous persons age 2+ speaking or using the exact named language at home.,2022,Brazil,spoken and written; Latin script; exact orthography coverage unverified,BR_IBGE_INDIG_LANG_2022;BR_MEC_INDIG_EDU;NLP_AMERICASNLP_2021;OER_UNESCO_2019,https://educa.ibge.gov.br/images/educa/professores/recursos/liv102252.pdf;https://portal.mec.gov.br/educacao-indigena;https://aclanthology.org/2021.americasnlp-1.23.pdf;https://www.unesco.org/en/legal-affairs/recommendation-open-educational-resources-oer?hub=422,"BR_IBGE_INDIG_LANG_2022: exact language spoken/used at home counts by Indigenous language and ethnic group | BR_MEC_INDIG_EDU: Indigenous teacher/material programs | NLP_AMERICASNLP_2021: Table 1 and section 3: corpus sizes, variety, orthography and domain composition | OER_UNESCO_2019: Definition I.1 and scope","Not merged with Paraguay Guaraní Ñandéva. Speaker/use, ethnicity, residence and program reach differ; cross-border Guaraní resources/counts are not combined.",,NEW_EDITION_EVIDENCE,false,8561947847b44640cc883a1cf581f1a724c36c545e25f968887784367e10db4b
regional:AMERICAS_EUROPE_EMPIRICAL_NEED_INPUTS:gnw-Latn-PY:154,AMERICAS_EUROPE_EMPIRICAL_NEED_INPUTS,gnw-Latn-PY,,REGIONAL_EMPIRICAL_STRATUM,census_ethnic_pueblo_population_proxy_not_speaker_count,"all-age ethnic-pueblo members (proxy, not speakers)",,4090,,"2022 Indigenous census source-stated all-age population for the named pueblo; retained as an explicit proxy, not a language count.",2022,Paraguay,spoken and written; Latin script; exact own-language orthographic/resource coverage unverified,PY_INDIGENOUS_CENSUS_2022;PY_INDIG_LANG_BULLETIN_2026;PY_INDIG_STUDY_YEARS_2022;OER_UNESCO_2019,https://www.ine.gov.py/Publicaciones/Biblioteca/documento/237/Resultados-Finales-Censo-Indigena.pdf;https://www.ine.gov.py/Publicaciones/Biblioteca/documento/331/Diversidad_de_Lenguas_habladas_por_los_pueblos_indigenas.pdf;https://www.ine.gov.py/Publicaciones/Biblioteca/documento/260/TRIPTICO%20%28Castellano%29.pdf;https://www.unesco.org/en/legal-affairs/recommendation-open-educational-resources-oer?hub=422,PY_INDIGENOUS_CENSUS_2022: ethnic-pueblo counts and age-5+ first-language shares by named pueblo | PY_INDIG_LANG_BULLETIN_2026: own-language-first versus Paraguayan-Guaraní-first by named pueblo and national trend | PY_INDIG_STUDY_YEARS_2022: average years of study age 15+ by named Indigenous pueblo | OER_UNESCO_2019: Definition I.1 and scope,"The exact census pueblo label is retained; Bolivian Guaraní counts/resources are not imported. Ethnic population and age-5+ first-language shares have different universes and are not multiplied. Exact speaker totals, stages and open-resource licences are absent.",,EVIDENCE_ONLY_CONTEXT,false,b48ea6f48d2761510d2dd38e7e8a856d861c75905dc6bfad10d48a093d30943b
regional:AMERICAS_EUROPE_EMPIRICAL_NEED_INPUTS:gug-Latn-PY-home:155,AMERICAS_EUROPE_EMPIRICAL_NEED_INPUTS,gug-Latn-PY-home,,REGIONAL_EMPIRICAL_STRATUM,survey_home_use_shares_without_exact_standard_person_count,EPHC population age 5+ by home-language category,,,,No exact standard Paraguayan-Guaraní speaker count is used; numeric fields are blank.,2022,Paraguay,spoken and written; Latin script; standard versus mixed Jopara unresolved,PY_HOME_LANGUAGE_2022;PY_EDU_PLAN_2040;NLP_AMERICASNLP_2021;OER_UNESCO_2019;CATALOG_OTL_20260901;CATALOG_DOAB_20260901,"https://www.ine.gov.py/ende/contenido.php?c=1484&title=21_de_febrero,_D%C3%ADa_Internacional_de_la_Lengua_Materna;https://siteal.iiep.unesco.org/sites/default/files/sit_accion_files/plan_nacional_de_transformacion_educativa_paraguay_2040.pdf;https://aclanthology.org/2021.americasnlp-1.23.pdf;https://www.unesco.org/en/legal-affairs/recommendation-open-educational-resources-oer?hub=422;https://open.umn.edu/opentextbooks/textbooks.json;https://directory.doabooks.org/rest/search","PY_HOME_LANGUAGE_2022: home-language shares and survey population 6,694,306 | PY_EDU_PLAN_2040: pp. 23–24 and 32: literacy, PISA-D reading, cohort completion and home-language association | NLP_AMERICASNLP_2021: Table 1 and section 3: corpus sizes, variety, orthography and domain composition | OER_UNESCO_2019: Definition I.1 and scope | CATALOG_OTL_20260901: links.total_count after language-code query; counts reproduced in each row | CATALOG_DOAB_20260901: x-total-count after exact dc.language label query; counts reproduced in each row","Home-use categories do not identify standard versus Jopara, and mixed use is not counted as standard. PISA/completion, household language and corpus units differ.",,EVIDENCE_ONLY_CONTEXT,false,30cdf96c4b09f991e8cdfa4ca33fe55fb653913d95a361d459eb1a7dd6255107
regional:AMERICAS_EUROPE_EMPIRICAL_NEED_INPUTS:gug-pai-tavytera-Latn-PY:156,AMERICAS_EUROPE_EMPIRICAL_NEED_INPUTS,gug-pai-tavytera-Latn-PY,,REGIONAL_EMPIRICAL_STRATUM,census_ethnic_pueblo_population_proxy_not_speaker_count,"all-age ethnic-pueblo members (proxy, not speakers)",,15706,,"2022 Indigenous census source-stated all-age population for the named pueblo; retained as an explicit proxy, not a language count.",2022,Paraguay,spoken and written; Latin script; exact own-language orthographic/resource coverage unverified,PY_INDIGENOUS_CENSUS_2022;PY_INDIG_LANG_BULLETIN_2026;PY_INDIG_STUDY_YEARS_2022;OER_UNESCO_2019,https://www.ine.gov.py/Publicaciones/Biblioteca/documento/237/Resultados-Finales-Censo-Indigena.pdf;https://www.ine.gov.py/Publicaciones/Biblioteca/documento/331/Diversidad_de_Lenguas_habladas_por_los_pueblos_indigenas.pdf;https://www.ine.gov.py/Publicaciones/Biblioteca/documento/260/TRIPTICO%20%28Castellano%29.pdf;https://www.unesco.org/en/legal-affairs/recommendation-open-educational-resources-oer?hub=422,PY_INDIGENOUS_CENSUS_2022: ethnic-pueblo counts and age-5+ first-language shares by named pueblo | PY_INDIG_LANG_BULLETIN_2026: own-language-first versus Paraguayan-Guaraní-first by named pueblo and national trend | PY_INDIG_STUDY_YEARS_2022: average years of study age 15+ by named Indigenous pueblo | OER_UNESCO_2019: Definition I.1 and scope,"Paĩ Tavyterã is not silently merged with Brazilian Kaiowá. Ethnic population and age-5+ first-language shares have different universes and are not multiplied. Exact speaker totals, stages and open-resource licences are absent.",,EVIDENCE_ONLY_CONTEXT,false,db367d40096496e831ad15249d92efe32f5eea8e16f56864abe6636167a28854
regional:AMERICAS_EUROPE_EMPIRICAL_NEED_INPUTS:gun-Latn-BR:157,AMERICAS_EUROPE_EMPIRICAL_NEED_INPUTS,gun-Latn-BR,edition-target:regional:gun-Latn-BR,REGIONAL_EMPIRICAL_STRATUM,census_exact_language_speaking_or_home_use,Indigenous persons age 2+ speaking or using the exact language at home,,8538,,IBGE 2022 source-stated count for Indigenous persons age 2+ speaking or using the exact named language at home.,2022,Brazil,spoken and written; Latin script; exact orthography coverage unverified,BR_IBGE_INDIG_LANG_2022;BR_MEC_INDIG_EDU;NLP_AMERICASNLP_2021;OER_UNESCO_2019,https://educa.ibge.gov.br/images/educa/professores/recursos/liv102252.pdf;https://portal.mec.gov.br/educacao-indigena;https://aclanthology.org/2021.americasnlp-1.23.pdf;https://www.unesco.org/en/legal-affairs/recommendation-open-educational-resources-oer?hub=422,"BR_IBGE_INDIG_LANG_2022: exact language spoken/used at home counts by Indigenous language and ethnic group | BR_MEC_INDIG_EDU: Indigenous teacher/material programs | NLP_AMERICASNLP_2021: Table 1 and section 3: corpus sizes, variety, orthography and domain composition | OER_UNESCO_2019: Definition I.1 and scope","Brazil and Paraguay Mbyá constructs are not combined. Speaker/use, ethnicity, residence and program reach differ; cross-border Guaraní resources/counts are not combined.",,NEW_EDITION_EVIDENCE,false,42c829284b0c8f65ce6d4da3d99262258fe54a4631926ffcb72c21fddd2279fb
regional:AMERICAS_EUROPE_EMPIRICAL_NEED_INPUTS:gun-Latn-PY:158,AMERICAS_EUROPE_EMPIRICAL_NEED_INPUTS,gun-Latn-PY,,REGIONAL_EMPIRICAL_STRATUM,census_ethnic_pueblo_population_proxy_not_speaker_count,"all-age ethnic-pueblo members (proxy, not speakers)",,28123,,"2022 Indigenous census source-stated all-age population for the named pueblo; retained as an explicit proxy, not a language count.",2022,Paraguay,spoken and written; Latin script; exact own-language orthographic/resource coverage unverified,PY_INDIGENOUS_CENSUS_2022;PY_INDIG_LANG_BULLETIN_2026;PY_INDIG_STUDY_YEARS_2022;OER_UNESCO_2019,https://www.ine.gov.py/Publicaciones/Biblioteca/documento/237/Resultados-Finales-Censo-Indigena.pdf;https://www.ine.gov.py/Publicaciones/Biblioteca/documento/331/Diversidad_de_Lenguas_habladas_por_los_pueblos_indigenas.pdf;https://www.ine.gov.py/Publicaciones/Biblioteca/documento/260/TRIPTICO%20%28Castellano%29.pdf;https://www.unesco.org/en/legal-affairs/recommendation-open-educational-resources-oer?hub=422,PY_INDIGENOUS_CENSUS_2022: ethnic-pueblo counts and age-5+ first-language shares by named pueblo | PY_INDIG_LANG_BULLETIN_2026: own-language-first versus Paraguayan-Guaraní-first by named pueblo and national trend | PY_INDIG_STUDY_YEARS_2022: average years of study age 15+ by named Indigenous pueblo | OER_UNESCO_2019: Definition I.1 and scope,"Paraguay Mbyá is not combined with Brazil Mbyá. Ethnic population and age-5+ first-language shares have different universes and are not multiplied. Exact speaker totals, stages and open-resource licences are absent.",,EVIDENCE_ONLY_CONTEXT,false,77a720c111c7f6638360e1c58b2952693fccfb162ba2c7c3bd1ce43d93ae65ff
regional:AMERICAS_EUROPE_EMPIRICAL_NEED_INPUTS:gyn-Latn-GY:159,AMERICAS_EUROPE_EMPIRICAL_NEED_INPUTS,gyn-Latn-GY,edition-target:lang:gyn-GY,REGIONAL_EMPIRICAL_STRATUM,unrankable_no_compatible_person_measure,exact-variety persons,,,,No compatible exact person measure was verified; numeric fields are blank.,2024 resource evidence,Guyana,written and spoken; Latin script; exact orthographic coverage unverified,KREYOL_MT_2024;COMMON_VOICE_26_2026;OER_UNESCO_2019,https://www.cs.jhu.edu/~kevinduh/t/naacl24/final_pdf/paper289.pdf;https://raw.githubusercontent.com/common-voice/cv-dataset/main/datasets/scripted-speech/cv-corpus-26.0-2026-06-12.json;https://www.unesco.org/en/legal-affairs/recommendation-open-educational-resources-oer?hub=422,"KREYOL_MT_2024: pp. 2, 5–6 and Table 3: exact/pooled language public/all sentence counts and genre transfer | COMMON_VOICE_26_2026: locale entry counts/hours and absence audit | OER_UNESCO_2019: Definition I.1 and scope","Sentence pairs are not people, learning or curriculum. No exact population/outcome/access evidence; neighboring Creole standards are nonallocable.",,NEW_EDITION_EVIDENCE,false,5387957a49eedf50631451530416cce6ca63c54216ccd6b11e76204d528e996c
regional:AMERICAS_EUROPE_EMPIRICAL_NEED_INPUTS:ht-Latn-HT:160,AMERICAS_EUROPE_EMPIRICAL_NEED_INPUTS,ht-Latn-HT,edition-target:lang:ht-Latn-HT,REGIONAL_EMPIRICAL_STRATUM,official_territory_population_estimate_ceiling,"territory population ceiling, not speaker count",,,11867032,IHSI 2024 population estimate is retained only as a maximum territorial ceiling; the Constitution establishes Creole as the common language but supplies no speaker enumeration.,2024,Haiti,written and spoken; official Latin orthography,HT_IHSI_POP_2024;HT_CONSTITUTION_ART5;HT_CLASSROOM_2014;HT_UNICEF_EDUCATION;HT_UNICEF_CRISIS_2025;KREYOL_MT_2024;COMMON_VOICE_26_2026;OER_UNESCO_2019;CATALOG_OTL_20260901;CATALOG_DOAB_20260901,https://www.ihsi.gouv.ht/statistiques/statistiques_demographiques_et_sociales/projections_et_estimations_de_la_population;https://oas.org/juridico/PDFs/mesicic4_hti_const.pdf;https://files.eric.ed.gov/fulltext/ED573569.pdf;https://www.unicef.org/haiti/en/education;https://www.unicef.org/child-alert/haitis-children-confront-polycrisis;https://www.cs.jhu.edu/~kevinduh/t/naacl24/final_pdf/paper289.pdf;https://raw.githubusercontent.com/common-voice/cv-dataset/main/datasets/scripted-speech/cv-corpus-26.0-2026-06-12.json;https://www.unesco.org/en/legal-affairs/recommendation-open-educational-resources-oer?hub=422;https://open.umn.edu/opentextbooks/textbooks.json;https://directory.doabooks.org/rest/search,"HT_IHSI_POP_2024: 2024 territory population estimate: 11,867,032 | HT_CONSTITUTION_ART5: Article 5: Creole common language; Creole and French official | HT_CLASSROOM_2014: pp. 9–12, Table 3 and footnote 7: instruction language and material use | HT_UNICEF_EDUCATION: Grade 2 reading and primary-school exclusion indicators | HT_UNICEF_CRISIS_2025: education section: school closures and armed-group occupation | KREYOL_MT_2024: pp. 2, 5–6 and Table 3: exact/pooled language public/all sentence counts and genre transfer | COMMON_VOICE_26_2026: locale entry counts/hours and absence audit | OER_UNESCO_2019: Definition I.1 and scope | CATALOG_OTL_20260901: links.total_count after language-code query; counts reproduced in each row | CATALOG_DOAB_20260901: x-total-count after exact dc.language label query; counts reproduced in each row","Territory population is a ceiling, not speakers. Classroom, Grade 2/out-of-school, crisis and corpus evidence have different years/denominators. Large corpus volume is not stage/genre functionality.",,ATTACHED_TO_EXISTING_EDITION,false,2d729b5c67aa2b992a38d7b5791a9ff62fefd019bd1e6d5feb745164aa4bd09c
regional:AMERICAS_EUROPE_EMPIRICAL_NEED_INPUTS:ike-multiscript-CA:161,AMERICAS_EUROPE_EMPIRICAL_NEED_INPUTS,ike-multiscript-CA,edition-target:lang:iku-CA,REGIONAL_EMPIRICAL_STRATUM,census_conversational_knowledge_published_rounded_count,private-household census respondents able to conduct a conversation,,41675,,Statistics Canada 2021 published rounded count able to converse; mean age 29.,2021,Canada,spoken and written; multiple regional syllabic and Roman systems; Census does not enumerate script,CA_STATCAN_INUKTUT_2021;CA_STATCAN_SILENT_2021;CA_NU_LANGUAGE_2021;CA_NU_EDU_AR_2022_23;CA_NU_EDU_AR_2023_24;CA_ITK_QALIUJAAQPait;CA_OAG_NUNAVUT_EDU_2019;OER_UNESCO_2019;CATALOG_OTL_20260901;CATALOG_DOAB_20260901,https://www150.statcan.gc.ca/n1/pub/41-20-0002/412000022025004-eng.htm;https://www150.statcan.gc.ca/n1/pub/41-20-0002/412000022026001-eng.htm;https://www150.statcan.gc.ca/n1/pub/89-657-x/89-657-x2024007-eng.htm;https://www.assembly.nu.ca/sites/default/files/2024-11/EDU%20Annual%20Report%202022-23%20EN.pdf;https://www.assembly.nu.ca/sites/default/files/2025-09/TD-463-6(2)-EN-Education%20Annual%20Report%202023-24.pdf;https://itk.ca/projects/inuktut-qaliujaaqpait-converter/;https://publications.gc.ca/collections/collection_2019/bvg-oag/FA3-155-2019-eng.pdf;https://www.unesco.org/en/legal-affairs/recommendation-open-educational-resources-oer?hub=422;https://open.umn.edu/opentextbooks/textbooks.json;https://directory.doabooks.org/rest/search,"CA_STATCAN_INUKTUT_2021: Table 2 and Charts 1–2: named language knowledge, mother tongue, home use and geography | CA_STATCAN_SILENT_2021: Annex Table A.1 by exact language | CA_NU_LANGUAGE_2021: Inuktitut and Inuinnaqtun mother-tongue transmission and home-use sections | CA_NU_EDU_AR_2022_23: pp. 21–24: curriculum status, delivery models, resources and bilingual teachers | CA_NU_EDU_AR_2023_24: pp. 4 and 22: enrolment, attendance, graduates, teachers and Inuktut allowance | CA_ITK_QALIUJAAQPait: supported writing systems and explicit conversion limitation | CA_OAG_NUNAVUT_EDU_2019: pp. 10, 12–13 and paragraphs 28–29: progression, graduation, English exam and remote adult access | OER_UNESCO_2019: Definition I.1 and scope | CATALOG_OTL_20260901: links.total_count after language-code query; counts reproduced in each row | CATALOG_DOAB_20260901: x-total-count after exact dc.language label query; counts reproduced in each row","The Census Inuktitut category does not absorb Inuinnaqtun or Inuvialuktun, and cannot be allocated among Nunavut, Nunavik, Nunatsiavut or regional scripts/varieties. Census categories/counts are rounded; regional taxonomies and scripts differ. Territory outcomes and exact-language populations have different denominators.",,NEW_EDITION_EVIDENCE,false,51305be99eb80658729d327ea64fab4b8beacc64ec75381fb6305389569fa698
regional:AMERICAS_EUROPE_EMPIRICAL_NEED_INPUTS:ikt-Latn-CA:162,AMERICAS_EUROPE_EMPIRICAL_NEED_INPUTS,ikt-Latn-CA,edition-target:lang:ikt-CA,REGIONAL_EMPIRICAL_STRATUM,census_conversational_knowledge_published_rounded_count,private-household census respondents able to conduct a conversation,,790,,Statistics Canada 2021 published rounded count able to converse; mean age 44.,2021,Canada,spoken and written; Latin script; official taxonomies differ for Kangiryuarmiutun,CA_STATCAN_INUKTUT_2021;CA_STATCAN_SILENT_2021;CA_NU_LANGUAGE_2021;CA_NU_EDU_AR_2022_23;CA_NWT_INUVIALUKTUN_RESOURCES;CA_ITK_QALIUJAAQPait;CA_OAG_NUNAVUT_EDU_2019;OER_UNESCO_2019;CATALOG_OTL_20260901;CATALOG_DOAB_20260901,https://www150.statcan.gc.ca/n1/pub/41-20-0002/412000022025004-eng.htm;https://www150.statcan.gc.ca/n1/pub/41-20-0002/412000022026001-eng.htm;https://www150.statcan.gc.ca/n1/pub/89-657-x/89-657-x2024007-eng.htm;https://www.assembly.nu.ca/sites/default/files/2024-11/EDU%20Annual%20Report%202022-23%20EN.pdf;https://www.ece.gov.nt.ca/en/services/indigenous-language-resources/inuvialuktun-resources;https://itk.ca/projects/inuktut-qaliujaaqpait-converter/;https://publications.gc.ca/collections/collection_2019/bvg-oag/FA3-155-2019-eng.pdf;https://www.unesco.org/en/legal-affairs/recommendation-open-educational-resources-oer?hub=422;https://open.umn.edu/opentextbooks/textbooks.json;https://directory.doabooks.org/rest/search,"CA_STATCAN_INUKTUT_2021: Table 2 and Charts 1–2: named language knowledge, mother tongue, home use and geography | CA_STATCAN_SILENT_2021: Annex Table A.1 by exact language | CA_NU_LANGUAGE_2021: Inuktitut and Inuinnaqtun mother-tongue transmission and home-use sections | CA_NU_EDU_AR_2022_23: pp. 21–24: curriculum status, delivery models, resources and bilingual teachers | CA_NWT_INUVIALUKTUN_RESOURCES: Sallirmiutun, Uummarmiutun and Kangiryuarmiutun taxonomy/resources | CA_ITK_QALIUJAAQPait: supported writing systems and explicit conversion limitation | CA_OAG_NUNAVUT_EDU_2019: pp. 10, 12–13 and paragraphs 28–29: progression, graduation, English exam and remote adult access | OER_UNESCO_2019: Definition I.1 and scope | CATALOG_OTL_20260901: links.total_count after language-code query; counts reproduced in each row | CATALOG_DOAB_20260901: x-total-count after exact dc.language label query; counts reproduced in each row","Statistics Canada, GNWT, IRC and ISO grouping of Kangiryuarmiutun/Inuinnaqtun/Inuvialuktun differ; no subvariety count is manufactured. Census categories/counts are rounded; regional taxonomies and scripts differ. Territory outcomes and exact-language populations have different denominators.",,NEW_EDITION_EVIDENCE,false,9581984de9f480bbd01a1b046d6abaa2f5aba72d42963d56b542c8de19f2c390
regional:AMERICAS_EUROPE_EMPIRICAL_NEED_INPUTS:inb-Latn-CO:163,AMERICAS_EUROPE_EMPIRICAL_NEED_INPUTS,inb-Latn-CO,edition-target:regional:inb-Latn-CO,REGIONAL_EMPIRICAL_STRATUM,official_plan_citing_2018_census_speaker_count,persons reported as Inga speakers,,7779,,"Colombia Ministry of Culture plan reports 7,779 Inga speakers from DANE 2018.",2018,"Nariño, Putumayo and Caquetá, Colombia",written and spoken; Latin script,CO_MCUL_INGA_PLAN_2022;NLP_INGA_2024;OER_UNESCO_2019,https://mng.mincultura.gov.co/areas/poblaciones/APP-de-lenguas-nativas/Documents/PLAN%20DECENAL%20DE%20LENGUAS%20NATIVAS%202022.pdf;https://aclanthology.org/2024.americasnlp-1.2.pdf;https://www.unesco.org/en/legal-affairs/recommendation-open-educational-resources-oer?hub=422,CO_MCUL_INGA_PLAN_2022: p. 14: Inga people and speaker counts | NLP_INGA_2024: pp. 10–11 and Table 1: corpus sizes and MT results | OER_UNESCO_2019: Definition I.1 and scope,"Ethnic people, speakers, corpus pairs and MT scores are incompatible measures. Cross-border Quechua/Kichwa resources are not presumed compatible.",,NEW_EDITION_EVIDENCE,false,6b34e030092887d82f48a4bee410614426032ab7aeefef3dd5c1ca442b4a148d
regional:AMERICAS_EUROPE_EMPIRICAL_NEED_INPUTS:inuvialuktun-Latn-CA:164,AMERICAS_EUROPE_EMPIRICAL_NEED_INPUTS,inuvialuktun-Latn-CA,edition-target:regional:inuvialuktun-Latn-CA,REGIONAL_EMPIRICAL_STRATUM,census_conversational_knowledge_published_rounded_count,private-household census respondents able to conduct a conversation,,355,,Statistics Canada 2021 published rounded count able to converse; mean age 48.,2021,Canada,spoken and written; Latin-script official resources; subvariety taxonomy differs,CA_STATCAN_INUKTUT_2021;CA_STATCAN_SILENT_2021;CA_NWT_INUVIALUKTUN_RESOURCES;CA_NWT_OUR_LANGUAGES_2020;CA_ITK_QALIUJAAQPait;CA_OAG_NUNAVUT_EDU_2019;OER_UNESCO_2019;CATALOG_OTL_20260901;CATALOG_DOAB_20260901,https://www150.statcan.gc.ca/n1/pub/41-20-0002/412000022025004-eng.htm;https://www150.statcan.gc.ca/n1/pub/41-20-0002/412000022026001-eng.htm;https://www.ece.gov.nt.ca/en/services/indigenous-language-resources/inuvialuktun-resources;https://www.ece.gov.nt.ca/sites/ece/files/resources/our_languages_curriculum_2020_low_res.pdf;https://itk.ca/projects/inuktut-qaliujaaqpait-converter/;https://publications.gc.ca/collections/collection_2019/bvg-oag/FA3-155-2019-eng.pdf;https://www.unesco.org/en/legal-affairs/recommendation-open-educational-resources-oer?hub=422;https://open.umn.edu/opentextbooks/textbooks.json;https://directory.doabooks.org/rest/search,"CA_STATCAN_INUKTUT_2021: Table 2 and Charts 1–2: named language knowledge, mother tongue, home use and geography | CA_STATCAN_SILENT_2021: Annex Table A.1 by exact language | CA_NWT_INUVIALUKTUN_RESOURCES: Sallirmiutun, Uummarmiutun and Kangiryuarmiutun taxonomy/resources | CA_NWT_OUR_LANGUAGES_2020: p. 10: historic Inuvialuktun/Gwich’in second-language endpoint diagnosis | CA_ITK_QALIUJAAQPait: supported writing systems and explicit conversion limitation | CA_OAG_NUNAVUT_EDU_2019: pp. 10, 12–13 and paragraphs 28–29: progression, graduation, English exam and remote adult access | OER_UNESCO_2019: Definition I.1 and scope | CATALOG_OTL_20260901: links.total_count after language-code query; counts reproduced in each row | CATALOG_DOAB_20260901: x-total-count after exact dc.language label query; counts reproduced in each row","A GNWT 2019 “555 speakers” figure differs in year, geography and taxonomy from the 2021 Census category and is not used as a bound. Exact Sallirmiutun/Uummarmiutun counts are absent. Census categories/counts are rounded; regional taxonomies and scripts differ. Territory outcomes and exact-language populations have different denominators.",,NEW_EDITION_EVIDENCE,false,dd77e20eddc427d0b6bc16be1a7368cceeabe39f62408aed920183ba3dc5bf09
regional:AMERICAS_EUROPE_EMPIRICAL_NEED_INPUTS:ixl-Latn-GT:165,AMERICAS_EUROPE_EMPIRICAL_NEED_INPUTS,ixl-Latn-GT,edition-target:lang:ixl-GT,REGIONAL_EMPIRICAL_STRATUM,census_exact_childhood_acquired_language,persons age 4+ reporting the named language as the language in which they learned to speak,,114997,,"2018 census exact language-learned-to-speak count; not current use, proficiency or ethnic belonging.",2018,Guatemala,written and spoken; Latin-script official educational orthography,GT_CENSUS_LANGUAGE_2018;GT_EIB_G1_READING_2008;GT_EIB_DELIVERY_2022;GT_DIGEBI_TARGET;OER_UNESCO_2019,https://censo2018.ine.gob.gt/archivos/Principales_resultados_Censo2018.pdf;https://edu.mineduc.gob.gt/digeduca/documents/informes/Informe_Primaria_Bilingue_2008.pdf;https://edu.mineduc.gob.gt/documents/memoriaLabores/Memoria_de_Labores_2022.pdf;https://digebi.mineduc.gob.gt/digebi/nuestra-meta/;https://www.unesco.org/en/legal-affairs/recommendation-open-educational-resources-oer?hub=422,"GT_CENSUS_LANGUAGE_2018: language in which persons age 4+ learned to speak by exact named language | GT_EIB_G1_READING_2008: p. 32, Figure 14: Spanish-reading performance by K’iche’, Kaqchikel, Mam and Q’eqchi’ labels | GT_EIB_DELIVERY_2022: p. 40 Table 11 EIB enrolment by stage and language-material production | GT_DIGEBI_TARGET: named-language stage targets through Grade 6 versus preprimary–Grade 3 | OER_UNESCO_2019: Definition I.1 and scope","Childhood language, EIB programme totals, Grade 1 assessment and material outputs have different denominators. Exact language does not imply one dialect/orthography; no dominant-language or device coverage inferred.",,NEW_EDITION_EVIDENCE,false,381a5134336971188e1cc3f3518cbc3d325ebe6ce4ee12c8dfe67629c6a346ff
regional:AMERICAS_EUROPE_EMPIRICAL_NEED_INPUTS:jam-Latn-JM:166,AMERICAS_EUROPE_EMPIRICAL_NEED_INPUTS,jam-Latn-JM,edition-target:lang:jam-JM,REGIONAL_EMPIRICAL_STRATUM,sample_counts_no_population_estimate,adult demonstrated-language-competence survey sample,,,,"No population total is asserted; the direct 2006 demonstrated-code-switch survey sample was n=1,000 adults.",2006,Jamaica,written and spoken; Latin script; nonexclusive spellings,JM_LANGUAGE_SURVEY_2006;JM_EARLY_CURRICULUM;JM_PEP_2026;KREYOL_MT_2024;COMMON_VOICE_26_2026;OER_UNESCO_2019;CATALOG_OTL_20260901;CATALOG_DOAB_20260901,https://www.mona.uwi.edu/dllp/sites/default/files/dllp/The%20Language%20Competence%20Survey%20of%20Jamaica%20-%20Data%20Analysis.pdf;https://moey.gov.jm/wp-content/uploads/2015/04/JECCG_Four-to-Five-Year-Old__final_intrnt.pdf;https://jis.gov.jm/improved-performance-in-pep-exam/;https://www.cs.jhu.edu/~kevinduh/t/naacl24/final_pdf/paper289.pdf;https://raw.githubusercontent.com/common-voice/cv-dataset/main/datasets/scripted-speech/cv-corpus-26.0-2026-06-12.json;https://www.unesco.org/en/legal-affairs/recommendation-open-educational-resources-oer?hub=422;https://open.umn.edu/opentextbooks/textbooks.json;https://directory.doabooks.org/rest/search,"JM_LANGUAGE_SURVEY_2006: Table 4 and pp. 11, 26, 29: English-only, Patwa-only and bilingual counts | JM_EARLY_CURRICULUM: PDF p. 231: Jamaican Creole home language and Standard Jamaican English academic/literacy role | JM_PEP_2026: Language Arts proficiency distribution and 2023–2026 trend | KREYOL_MT_2024: pp. 2, 5–6 and Table 3: exact/pooled language public/all sentence counts and genre transfer | COMMON_VOICE_26_2026: locale entry counts/hours and absence audit | OER_UNESCO_2019: Definition I.1 and scope | CATALOG_OTL_20260901: links.total_count after language-code query; counts reproduced in each row | CATALOG_DOAB_20260901: x-total-count after exact dc.language label query; counts reproduced in each row","Adult oral sample, pupil curriculum and national PEP cohorts differ. No national Patwa speaker count; PEP is not Patwa-specific; corpus and people measures are incompatible.",,NEW_EDITION_EVIDENCE,false,62c2c98bb8b92d3a931643d32faf7eaef86c8c73981b0504703cbcfc37747a06
regional:AMERICAS_EUROPE_EMPIRICAL_NEED_INPUTS:jqr-Latn-PE:167,AMERICAS_EUROPE_EMPIRICAL_NEED_INPUTS,jqr-Latn-PE,edition-target:regional:jqr-Latn-PE,REGIONAL_EMPIRICAL_STRATUM,census_childhood_acquired_language,persons reporting Jaqaru learned in childhood,,448,,BDPI source-stated 2017 count of people who learned Jaqaru in childhood.,2017,"Yauyos, Lima Region, Peru",written and spoken; Latin script,PE_BDPI_JAQARU;PE_MINEDU_LANGUAGE_TAXONOMY;OER_UNESCO_2019,https://bdpi.cultura.gob.pe/pueblos/jaqaru;https://repositorio.minedu.gob.pe/bitstream/handle/20.500.12799/6261/Lenguas%20Originarias%20del%20Peru.pdf?isAllowed=y&sequence=1;https://www.unesco.org/en/legal-affairs/recommendation-open-educational-resources-oer?hub=422,PE_BDPI_JAQARU: 448 childhood-language; 673 self-identification; 533 community estimate | PE_MINEDU_LANGUAGE_TAXONOMY: p. 22 Aymara/Jaqaru treatment and Quechua vitality table | OER_UNESCO_2019: Definition I.1 and scope,"Childhood language, identity and community estimate differ. Jaqaru is not merged with Southern/Central Aymara or Kawki.",,NEW_EDITION_EVIDENCE,false,3dcdbc27071e79631c2b32e48bafcd8446635ee8cb29f9098383f4f4bf3bd205
regional:AMERICAS_EUROPE_EMPIRICAL_NEED_INPUTS:kek-Latn-GT:168,AMERICAS_EUROPE_EMPIRICAL_NEED_INPUTS,kek-Latn-GT,edition-target:lang:kek-GT,REGIONAL_EMPIRICAL_STRATUM,census_exact_childhood_acquired_language,persons age 4+ reporting the named language as the language in which they learned to speak,,1127387,,"2018 census exact language-learned-to-speak count; not current use, proficiency or ethnic belonging.",2018,Guatemala,written and spoken; Latin-script official educational orthography,GT_CENSUS_LANGUAGE_2018;GT_EIB_G1_READING_2008;GT_EIB_DELIVERY_2022;GT_DIGEBI_TARGET;OER_UNESCO_2019,https://censo2018.ine.gob.gt/archivos/Principales_resultados_Censo2018.pdf;https://edu.mineduc.gob.gt/digeduca/documents/informes/Informe_Primaria_Bilingue_2008.pdf;https://edu.mineduc.gob.gt/documents/memoriaLabores/Memoria_de_Labores_2022.pdf;https://digebi.mineduc.gob.gt/digebi/nuestra-meta/;https://www.unesco.org/en/legal-affairs/recommendation-open-educational-resources-oer?hub=422,"GT_CENSUS_LANGUAGE_2018: language in which persons age 4+ learned to speak by exact named language | GT_EIB_G1_READING_2008: p. 32, Figure 14: Spanish-reading performance by K’iche’, Kaqchikel, Mam and Q’eqchi’ labels | GT_EIB_DELIVERY_2022: p. 40 Table 11 EIB enrolment by stage and language-material production | GT_DIGEBI_TARGET: named-language stage targets through Grade 6 versus preprimary–Grade 3 | OER_UNESCO_2019: Definition I.1 and scope","Childhood language, EIB programme totals, Grade 1 assessment and material outputs have different denominators. Exact language does not imply one dialect/orthography; no dominant-language or device coverage inferred.",,ATTACHED_TO_EXISTING_EDITION,false,9c5930f48852eb1dd1b405a6bed6bbe790f889bb9c409a4863b46993ccc9c9c3
regional:AMERICAS_EUROPE_EMPIRICAL_NEED_INPUTS:kgk-Latn-BR:169,AMERICAS_EUROPE_EMPIRICAL_NEED_INPUTS,kgk-Latn-BR,edition-target:lang:kgk-BR,REGIONAL_EMPIRICAL_STRATUM,census_exact_language_speaking_or_home_use,Indigenous persons age 2+ speaking or using the exact language at home,,38658,,IBGE 2022 source-stated count for Indigenous persons age 2+ speaking or using the exact named language at home.,2022,Brazil,spoken and written; Latin script; exact orthography coverage unverified,BR_IBGE_INDIG_LANG_2022;BR_MEC_INDIG_EDU;NLP_AMERICASNLP_2021;OER_UNESCO_2019,https://educa.ibge.gov.br/images/educa/professores/recursos/liv102252.pdf;https://portal.mec.gov.br/educacao-indigena;https://aclanthology.org/2021.americasnlp-1.23.pdf;https://www.unesco.org/en/legal-affairs/recommendation-open-educational-resources-oer?hub=422,"BR_IBGE_INDIG_LANG_2022: exact language spoken/used at home counts by Indigenous language and ethnic group | BR_MEC_INDIG_EDU: Indigenous teacher/material programs | NLP_AMERICASNLP_2021: Table 1 and section 3: corpus sizes, variety, orthography and domain composition | OER_UNESCO_2019: Definition I.1 and scope","Kaiowá is not equated to Paĩ Tavyterã absent a source mapping. Speaker/use, ethnicity, residence and program reach differ; cross-border Guaraní resources/counts are not combined.",,NEW_EDITION_EVIDENCE,false,389e58830c6a0efd8426ecc3e6f99f3b1aed1f92c7d8a43c51041fc85588b42e
regional:AMERICAS_EUROPE_EMPIRICAL_NEED_INPUTS:kjb-Latn-GT:170,AMERICAS_EUROPE_EMPIRICAL_NEED_INPUTS,kjb-Latn-GT,edition-target:lang:kjb-GT,REGIONAL_EMPIRICAL_STRATUM,census_exact_childhood_acquired_language,persons age 4+ reporting the named language as the language in which they learned to speak,,166261,,"2018 census exact language-learned-to-speak count; not current use, proficiency or ethnic belonging.",2018,Guatemala,written and spoken; Latin-script official educational orthography,GT_CENSUS_LANGUAGE_2018;GT_EIB_G1_READING_2008;GT_EIB_DELIVERY_2022;GT_DIGEBI_TARGET;OER_UNESCO_2019,https://censo2018.ine.gob.gt/archivos/Principales_resultados_Censo2018.pdf;https://edu.mineduc.gob.gt/digeduca/documents/informes/Informe_Primaria_Bilingue_2008.pdf;https://edu.mineduc.gob.gt/documents/memoriaLabores/Memoria_de_Labores_2022.pdf;https://digebi.mineduc.gob.gt/digebi/nuestra-meta/;https://www.unesco.org/en/legal-affairs/recommendation-open-educational-resources-oer?hub=422,"GT_CENSUS_LANGUAGE_2018: language in which persons age 4+ learned to speak by exact named language | GT_EIB_G1_READING_2008: p. 32, Figure 14: Spanish-reading performance by K’iche’, Kaqchikel, Mam and Q’eqchi’ labels | GT_EIB_DELIVERY_2022: p. 40 Table 11 EIB enrolment by stage and language-material production | GT_DIGEBI_TARGET: named-language stage targets through Grade 6 versus preprimary–Grade 3 | OER_UNESCO_2019: Definition I.1 and scope","Childhood language, EIB programme totals, Grade 1 assessment and material outputs have different denominators. Exact language does not imply one dialect/orthography; no dominant-language or device coverage inferred.",,NEW_EDITION_EVIDENCE,false,8084ae9103978bdb877adfd1033708dfcd62ce417967f3e1da75c13148ccd07d
regional:AMERICAS_EUROPE_EMPIRICAL_NEED_INPUTS:mam-Latn-GT:171,AMERICAS_EUROPE_EMPIRICAL_NEED_INPUTS,mam-Latn-GT,edition-target:lang:mam-GT,REGIONAL_EMPIRICAL_STRATUM,census_exact_childhood_acquired_language,persons age 4+ reporting the named language as the language in which they learned to speak,,590641,,"2018 census exact language-learned-to-speak count; not current use, proficiency or ethnic belonging.",2018,Guatemala,written and spoken; Latin-script official educational orthography,GT_CENSUS_LANGUAGE_2018;GT_EIB_G1_READING_2008;GT_EIB_DELIVERY_2022;GT_DIGEBI_TARGET;OER_UNESCO_2019,https://censo2018.ine.gob.gt/archivos/Principales_resultados_Censo2018.pdf;https://edu.mineduc.gob.gt/digeduca/documents/informes/Informe_Primaria_Bilingue_2008.pdf;https://edu.mineduc.gob.gt/documents/memoriaLabores/Memoria_de_Labores_2022.pdf;https://digebi.mineduc.gob.gt/digebi/nuestra-meta/;https://www.unesco.org/en/legal-affairs/recommendation-open-educational-resources-oer?hub=422,"GT_CENSUS_LANGUAGE_2018: language in which persons age 4+ learned to speak by exact named language | GT_EIB_G1_READING_2008: p. 32, Figure 14: Spanish-reading performance by K’iche’, Kaqchikel, Mam and Q’eqchi’ labels | GT_EIB_DELIVERY_2022: p. 40 Table 11 EIB enrolment by stage and language-material production | GT_DIGEBI_TARGET: named-language stage targets through Grade 6 versus preprimary–Grade 3 | OER_UNESCO_2019: Definition I.1 and scope","Childhood language, EIB programme totals, Grade 1 assessment and material outputs have different denominators. Exact language does not imply one dialect/orthography; no dominant-language or device coverage inferred.",,NEW_EDITION_EVIDENCE,false,cbc5d9fd32d52b3cc31936611af4e423934966ccffe1ccd8003a4da2b079bc8b
regional:AMERICAS_EUROPE_EMPIRICAL_NEED_INPUTS:mart1259-Latn-MQ:172,AMERICAS_EUROPE_EMPIRICAL_NEED_INPUTS,mart1259-Latn-MQ,edition-target:regional:mart1259-Latn-MQ,REGIONAL_EMPIRICAL_STRATUM,unrankable_no_compatible_person_measure,exact-variety persons,,,,No compatible exact person measure was verified; numeric fields are blank.,2024 resource evidence,Martinique,written and spoken; Latin script; exact orthographic coverage unverified,KREYOL_MT_2024;COMMON_VOICE_26_2026;OER_UNESCO_2019,https://www.cs.jhu.edu/~kevinduh/t/naacl24/final_pdf/paper289.pdf;https://raw.githubusercontent.com/common-voice/cv-dataset/main/datasets/scripted-speech/cv-corpus-26.0-2026-06-12.json;https://www.unesco.org/en/legal-affairs/recommendation-open-educational-resources-oer?hub=422,"KREYOL_MT_2024: pp. 2, 5–6 and Table 3: exact/pooled language public/all sentence counts and genre transfer | COMMON_VOICE_26_2026: locale entry counts/hours and absence audit | OER_UNESCO_2019: Definition I.1 and scope","Sentence pairs are not people, learning or curriculum. No exact population/outcome/access evidence; neighboring Creole standards are nonallocable.",,NEW_EDITION_EVIDENCE,false,e1c5b815a175dca3b1b27f6aa6943729690be2392b49397430803ba74f043dc4
regional:AMERICAS_EUROPE_EMPIRICAL_NEED_INPUTS:nah-central-veracruz-Latn-MX:173,AMERICAS_EUROPE_EMPIRICAL_NEED_INPUTS,nah-central-veracruz-Latn-MX,,REGIONAL_EMPIRICAL_STRATUM,official_2000_exact_variant_estimate_shared_localities_possible_overestimate,persons age 5+ allocated to the exact INALI variant,,118427,,INALI source-stated exact-variant estimate based on Census 2000 and the official catalog. The source asterisk marks shared localities and possible overestimation.,2000,Mexico; exact INALI localities for the named variant,written and spoken; Latin script; exact orthographic consensus/coverage unverified,MX_INALI_CLIN_NAHUATL;MX_INALI_NAHUATL_VARIANT_2000;MX_INALI_LANGUAGE_RISK;MX_INEE_LANGUAGE_MATCH;MX_INEGI_CENSUS_2020;NLP_AMERICASNLP_2021;OER_UNESCO_2019;CATALOG_OTL_20260901;CATALOG_DOAB_20260901,https://www.inali.gob.mx/sitios/clin-inali/html/v_nahuatl.html;https://site.inali.gob.mx/pdf/estadistica/VARIANTE/VARIANTE_C3_monolinguismo.pdf;https://site.inali.gob.mx/pdf/libro_lenguas_indigenas_nacionales_en_riesgo_de_desaparicion.pdf;https://www.inee.edu.mx/wp-content/uploads/2019/06/P2A348.pdf;https://www.inegi.org.mx/contenidos/programas/ccpv/2020/doc/Censo2020_Principales_resultados_EUM.pdf;https://aclanthology.org/2021.americasnlp-1.23.pdf;https://www.unesco.org/en/legal-affairs/recommendation-open-educational-resources-oer?hub=422;https://open.umn.edu/opentextbooks/textbooks.json;https://directory.doabooks.org/rest/search,"MX_INALI_CLIN_NAHUATL: 30 named variants and treatment as languages in public functions | MX_INALI_NAHUATL_VARIANT_2000: exact Nahuatl variant speaker estimates age 5+; asterisk marks shared-locality overestimation | MX_INALI_LANGUAGE_RISK: exact variant population, share age 5–14 and risk level tables | MX_INEE_LANGUAGE_MATCH: teacher command of pupils’ language and system mismatch indicator | MX_INEGI_CENSUS_2020: age-3+ macro language counts including Nahuatl and Maya | NLP_AMERICASNLP_2021: Table 1 and section 3: corpus sizes, variety, orthography and domain composition | OER_UNESCO_2019: Definition I.1 and scope | CATALOG_OTL_20260901: links.total_count after language-code query; counts reproduced in each row | CATALOG_DOAB_20260901: x-total-count after exact dc.language label query; counts reproduced in each row","Exact count is dated; the 2020 macro total cannot update it. Shared-locality allocation may overestimate this variant. School context, corpus units and people differ; no dominant-language or cross-variant coverage is inferred.",,EVIDENCE_ONLY_CONTEXT,false,0eea5ae843abf195b44b18eae98dfcac3f45607476adfe8d5f88082c3a342e47
regional:AMERICAS_EUROPE_EMPIRICAL_NEED_INPUTS:nah-centro-puebla-Latn-MX:174,AMERICAS_EUROPE_EMPIRICAL_NEED_INPUTS,nah-centro-puebla-Latn-MX,,REGIONAL_EMPIRICAL_STRATUM,official_2000_exact_variant_estimate_shared_localities_possible_overestimate,persons age 5+ allocated to the exact INALI variant,,72534,,INALI source-stated exact-variant estimate based on Census 2000 and the official catalog. The source asterisk marks shared localities and possible overestimation.,2000,Mexico; exact INALI localities for the named variant,written and spoken; Latin script; exact orthographic consensus/coverage unverified,MX_INALI_CLIN_NAHUATL;MX_INALI_NAHUATL_VARIANT_2000;MX_INALI_LANGUAGE_RISK;MX_INEE_LANGUAGE_MATCH;MX_INEGI_CENSUS_2020;NLP_AMERICASNLP_2021;OER_UNESCO_2019;CATALOG_OTL_20260901;CATALOG_DOAB_20260901,https://www.inali.gob.mx/sitios/clin-inali/html/v_nahuatl.html;https://site.inali.gob.mx/pdf/estadistica/VARIANTE/VARIANTE_C3_monolinguismo.pdf;https://site.inali.gob.mx/pdf/libro_lenguas_indigenas_nacionales_en_riesgo_de_desaparicion.pdf;https://www.inee.edu.mx/wp-content/uploads/2019/06/P2A348.pdf;https://www.inegi.org.mx/contenidos/programas/ccpv/2020/doc/Censo2020_Principales_resultados_EUM.pdf;https://aclanthology.org/2021.americasnlp-1.23.pdf;https://www.unesco.org/en/legal-affairs/recommendation-open-educational-resources-oer?hub=422;https://open.umn.edu/opentextbooks/textbooks.json;https://directory.doabooks.org/rest/search,"MX_INALI_CLIN_NAHUATL: 30 named variants and treatment as languages in public functions | MX_INALI_NAHUATL_VARIANT_2000: exact Nahuatl variant speaker estimates age 5+; asterisk marks shared-locality overestimation | MX_INALI_LANGUAGE_RISK: exact variant population, share age 5–14 and risk level tables | MX_INEE_LANGUAGE_MATCH: teacher command of pupils’ language and system mismatch indicator | MX_INEGI_CENSUS_2020: age-3+ macro language counts including Nahuatl and Maya | NLP_AMERICASNLP_2021: Table 1 and section 3: corpus sizes, variety, orthography and domain composition | OER_UNESCO_2019: Definition I.1 and scope | CATALOG_OTL_20260901: links.total_count after language-code query; counts reproduced in each row | CATALOG_DOAB_20260901: x-total-count after exact dc.language label query; counts reproduced in each row","Exact count is dated; the 2020 macro total cannot update it. Shared-locality allocation may overestimate this variant. School context, corpus units and people differ; no dominant-language or cross-variant coverage is inferred.",,EVIDENCE_ONLY_CONTEXT,false,d7ce73343363f863e0ef9ce7f8c93437ab251aba49312dd26c8fb342c79c1c3e
regional:AMERICAS_EUROPE_EMPIRICAL_NEED_INPUTS:nah-huasteca-hidalguense-Latn-MX:175,AMERICAS_EUROPE_EMPIRICAL_NEED_INPUTS,nah-huasteca-hidalguense-Latn-MX,edition-target:regional:nah-huasteca-hidalguense-Latn-MX,REGIONAL_EMPIRICAL_STRATUM,official_2000_exact_variant_estimate,persons age 5+ allocated to the exact INALI variant,,195770,,INALI source-stated exact-variant estimate based on Census 2000 and the official catalog.,2000,Mexico; exact INALI localities for the named variant,written and spoken; Latin script; exact orthographic consensus/coverage unverified,MX_INALI_CLIN_NAHUATL;MX_INALI_NAHUATL_VARIANT_2000;MX_INALI_LANGUAGE_RISK;MX_INEE_LANGUAGE_MATCH;MX_INEGI_CENSUS_2020;NLP_AMERICASNLP_2021;OER_UNESCO_2019;CATALOG_OTL_20260901;CATALOG_DOAB_20260901,https://www.inali.gob.mx/sitios/clin-inali/html/v_nahuatl.html;https://site.inali.gob.mx/pdf/estadistica/VARIANTE/VARIANTE_C3_monolinguismo.pdf;https://site.inali.gob.mx/pdf/libro_lenguas_indigenas_nacionales_en_riesgo_de_desaparicion.pdf;https://www.inee.edu.mx/wp-content/uploads/2019/06/P2A348.pdf;https://www.inegi.org.mx/contenidos/programas/ccpv/2020/doc/Censo2020_Principales_resultados_EUM.pdf;https://aclanthology.org/2021.americasnlp-1.23.pdf;https://www.unesco.org/en/legal-affairs/recommendation-open-educational-resources-oer?hub=422;https://open.umn.edu/opentextbooks/textbooks.json;https://directory.doabooks.org/rest/search,"MX_INALI_CLIN_NAHUATL: 30 named variants and treatment as languages in public functions | MX_INALI_NAHUATL_VARIANT_2000: exact Nahuatl variant speaker estimates age 5+; asterisk marks shared-locality overestimation | MX_INALI_LANGUAGE_RISK: exact variant population, share age 5–14 and risk level tables | MX_INEE_LANGUAGE_MATCH: teacher command of pupils’ language and system mismatch indicator | MX_INEGI_CENSUS_2020: age-3+ macro language counts including Nahuatl and Maya | NLP_AMERICASNLP_2021: Table 1 and section 3: corpus sizes, variety, orthography and domain composition | OER_UNESCO_2019: Definition I.1 and scope | CATALOG_OTL_20260901: links.total_count after language-code query; counts reproduced in each row | CATALOG_DOAB_20260901: x-total-count after exact dc.language label query; counts reproduced in each row","Exact count is dated; the 2020 macro total cannot update it. School context, corpus units and people differ; no dominant-language or cross-variant coverage is inferred.",,NEW_EDITION_EVIDENCE,false,34391f62169146aa5fefe09b4772c6fd4dc3ecd394265237c50c9747f0fc77cc
regional:AMERICAS_EUROPE_EMPIRICAL_NEED_INPUTS:nah-huasteca-potosina-Latn-MX:176,AMERICAS_EUROPE_EMPIRICAL_NEED_INPUTS,nah-huasteca-potosina-Latn-MX,edition-target:regional:nah-huasteca-potosina-Latn-MX,REGIONAL_EMPIRICAL_STRATUM,official_2000_exact_variant_estimate,persons age 5+ allocated to the exact INALI variant,,133234,,INALI source-stated exact-variant estimate based on Census 2000 and the official catalog.,2000,Mexico; exact INALI localities for the named variant,written and spoken; Latin script; exact orthographic consensus/coverage unverified,MX_INALI_CLIN_NAHUATL;MX_INALI_NAHUATL_VARIANT_2000;MX_INALI_LANGUAGE_RISK;MX_INEE_LANGUAGE_MATCH;MX_INEGI_CENSUS_2020;NLP_AMERICASNLP_2021;OER_UNESCO_2019;CATALOG_OTL_20260901;CATALOG_DOAB_20260901,https://www.inali.gob.mx/sitios/clin-inali/html/v_nahuatl.html;https://site.inali.gob.mx/pdf/estadistica/VARIANTE/VARIANTE_C3_monolinguismo.pdf;https://site.inali.gob.mx/pdf/libro_lenguas_indigenas_nacionales_en_riesgo_de_desaparicion.pdf;https://www.inee.edu.mx/wp-content/uploads/2019/06/P2A348.pdf;https://www.inegi.org.mx/contenidos/programas/ccpv/2020/doc/Censo2020_Principales_resultados_EUM.pdf;https://aclanthology.org/2021.americasnlp-1.23.pdf;https://www.unesco.org/en/legal-affairs/recommendation-open-educational-resources-oer?hub=422;https://open.umn.edu/opentextbooks/textbooks.json;https://directory.doabooks.org/rest/search,"MX_INALI_CLIN_NAHUATL: 30 named variants and treatment as languages in public functions | MX_INALI_NAHUATL_VARIANT_2000: exact Nahuatl variant speaker estimates age 5+; asterisk marks shared-locality overestimation | MX_INALI_LANGUAGE_RISK: exact variant population, share age 5–14 and risk level tables | MX_INEE_LANGUAGE_MATCH: teacher command of pupils’ language and system mismatch indicator | MX_INEGI_CENSUS_2020: age-3+ macro language counts including Nahuatl and Maya | NLP_AMERICASNLP_2021: Table 1 and section 3: corpus sizes, variety, orthography and domain composition | OER_UNESCO_2019: Definition I.1 and scope | CATALOG_OTL_20260901: links.total_count after language-code query; counts reproduced in each row | CATALOG_DOAB_20260901: x-total-count after exact dc.language label query; counts reproduced in each row","Exact count is dated; the 2020 macro total cannot update it. School context, corpus units and people differ; no dominant-language or cross-variant coverage is inferred.",,NEW_EDITION_EVIDENCE,false,316fa9776ced55dfbe9665e947c3460a9cc2afd5d6594bb7685f3ba1db40d600
regional:AMERICAS_EUROPE_EMPIRICAL_NEED_INPUTS:nah-huasteca-veracruzana-Latn-MX:177,AMERICAS_EUROPE_EMPIRICAL_NEED_INPUTS,nah-huasteca-veracruzana-Latn-MX,,REGIONAL_EMPIRICAL_STRATUM,official_2000_exact_variant_estimate_shared_localities_possible_overestimate,persons age 5+ allocated to the exact INALI variant,,135841,,INALI source-stated exact-variant estimate based on Census 2000 and the official catalog. The source asterisk marks shared localities and possible overestimation.,2000,Mexico; exact INALI localities for the named variant,written and spoken; Latin script; exact orthographic consensus/coverage unverified,MX_INALI_CLIN_NAHUATL;MX_INALI_NAHUATL_VARIANT_2000;MX_INALI_LANGUAGE_RISK;MX_INEE_LANGUAGE_MATCH;MX_INEGI_CENSUS_2020;NLP_AMERICASNLP_2021;OER_UNESCO_2019;CATALOG_OTL_20260901;CATALOG_DOAB_20260901,https://www.inali.gob.mx/sitios/clin-inali/html/v_nahuatl.html;https://site.inali.gob.mx/pdf/estadistica/VARIANTE/VARIANTE_C3_monolinguismo.pdf;https://site.inali.gob.mx/pdf/libro_lenguas_indigenas_nacionales_en_riesgo_de_desaparicion.pdf;https://www.inee.edu.mx/wp-content/uploads/2019/06/P2A348.pdf;https://www.inegi.org.mx/contenidos/programas/ccpv/2020/doc/Censo2020_Principales_resultados_EUM.pdf;https://aclanthology.org/2021.americasnlp-1.23.pdf;https://www.unesco.org/en/legal-affairs/recommendation-open-educational-resources-oer?hub=422;https://open.umn.edu/opentextbooks/textbooks.json;https://directory.doabooks.org/rest/search,"MX_INALI_CLIN_NAHUATL: 30 named variants and treatment as languages in public functions | MX_INALI_NAHUATL_VARIANT_2000: exact Nahuatl variant speaker estimates age 5+; asterisk marks shared-locality overestimation | MX_INALI_LANGUAGE_RISK: exact variant population, share age 5–14 and risk level tables | MX_INEE_LANGUAGE_MATCH: teacher command of pupils’ language and system mismatch indicator | MX_INEGI_CENSUS_2020: age-3+ macro language counts including Nahuatl and Maya | NLP_AMERICASNLP_2021: Table 1 and section 3: corpus sizes, variety, orthography and domain composition | OER_UNESCO_2019: Definition I.1 and scope | CATALOG_OTL_20260901: links.total_count after language-code query; counts reproduced in each row | CATALOG_DOAB_20260901: x-total-count after exact dc.language label query; counts reproduced in each row","Exact count is dated; the 2020 macro total cannot update it. Shared-locality allocation may overestimate this variant. School context, corpus units and people differ; no dominant-language or cross-variant coverage is inferred.",,EVIDENCE_ONLY_CONTEXT,false,ff8b370ac429d54fe05974ad1eb74f58449fbc77631db5a522514329222e6679
regional:AMERICAS_EUROPE_EMPIRICAL_NEED_INPUTS:nah-istmo-Latn-MX:178,AMERICAS_EUROPE_EMPIRICAL_NEED_INPUTS,nah-istmo-Latn-MX,edition-target:regional:nah-istmo-Latn-MX,REGIONAL_EMPIRICAL_STRATUM,official_2000_exact_variant_estimate,persons age 5+ allocated to the exact INALI variant,,26636,,INALI source-stated exact-variant estimate based on Census 2000 and the official catalog.,2000,Mexico; exact INALI localities for the named variant,written and spoken; Latin script; exact orthographic consensus/coverage unverified,MX_INALI_CLIN_NAHUATL;MX_INALI_NAHUATL_VARIANT_2000;MX_INALI_LANGUAGE_RISK;MX_INEE_LANGUAGE_MATCH;MX_INEGI_CENSUS_2020;NLP_AMERICASNLP_2021;OER_UNESCO_2019;CATALOG_OTL_20260901;CATALOG_DOAB_20260901,https://www.inali.gob.mx/sitios/clin-inali/html/v_nahuatl.html;https://site.inali.gob.mx/pdf/estadistica/VARIANTE/VARIANTE_C3_monolinguismo.pdf;https://site.inali.gob.mx/pdf/libro_lenguas_indigenas_nacionales_en_riesgo_de_desaparicion.pdf;https://www.inee.edu.mx/wp-content/uploads/2019/06/P2A348.pdf;https://www.inegi.org.mx/contenidos/programas/ccpv/2020/doc/Censo2020_Principales_resultados_EUM.pdf;https://aclanthology.org/2021.americasnlp-1.23.pdf;https://www.unesco.org/en/legal-affairs/recommendation-open-educational-resources-oer?hub=422;https://open.umn.edu/opentextbooks/textbooks.json;https://directory.doabooks.org/rest/search,"MX_INALI_CLIN_NAHUATL: 30 named variants and treatment as languages in public functions | MX_INALI_NAHUATL_VARIANT_2000: exact Nahuatl variant speaker estimates age 5+; asterisk marks shared-locality overestimation | MX_INALI_LANGUAGE_RISK: exact variant population, share age 5–14 and risk level tables | MX_INEE_LANGUAGE_MATCH: teacher command of pupils’ language and system mismatch indicator | MX_INEGI_CENSUS_2020: age-3+ macro language counts including Nahuatl and Maya | NLP_AMERICASNLP_2021: Table 1 and section 3: corpus sizes, variety, orthography and domain composition | OER_UNESCO_2019: Definition I.1 and scope | CATALOG_OTL_20260901: links.total_count after language-code query; counts reproduced in each row | CATALOG_DOAB_20260901: x-total-count after exact dc.language label query; counts reproduced in each row","Exact count is dated; the 2020 macro total cannot update it. School context, corpus units and people differ; no dominant-language or cross-variant coverage is inferred.",,NEW_EDITION_EVIDENCE,false,0516b89696fbd3b207eb59d0526ea840f738e2cefcd1fc6c7fa602179ed1e909
regional:AMERICAS_EUROPE_EMPIRICAL_NEED_INPUTS:nah-istmo-bajo-Latn-MX:179,AMERICAS_EUROPE_EMPIRICAL_NEED_INPUTS,nah-istmo-bajo-Latn-MX,edition-target:regional:nah-istmo-bajo-Latn-MX,REGIONAL_EMPIRICAL_STRATUM,official_2000_exact_variant_estimate,persons age 5+ allocated to the exact INALI variant,,6800,,INALI source-stated exact-variant estimate based on Census 2000 and the official catalog.,2000,Mexico; exact INALI localities for the named variant,written and spoken; Latin script; exact orthographic consensus/coverage unverified,MX_INALI_CLIN_NAHUATL;MX_INALI_NAHUATL_VARIANT_2000;MX_INALI_LANGUAGE_RISK;MX_INEE_LANGUAGE_MATCH;MX_INEGI_CENSUS_2020;NLP_AMERICASNLP_2021;OER_UNESCO_2019;CATALOG_OTL_20260901;CATALOG_DOAB_20260901,https://www.inali.gob.mx/sitios/clin-inali/html/v_nahuatl.html;https://site.inali.gob.mx/pdf/estadistica/VARIANTE/VARIANTE_C3_monolinguismo.pdf;https://site.inali.gob.mx/pdf/libro_lenguas_indigenas_nacionales_en_riesgo_de_desaparicion.pdf;https://www.inee.edu.mx/wp-content/uploads/2019/06/P2A348.pdf;https://www.inegi.org.mx/contenidos/programas/ccpv/2020/doc/Censo2020_Principales_resultados_EUM.pdf;https://aclanthology.org/2021.americasnlp-1.23.pdf;https://www.unesco.org/en/legal-affairs/recommendation-open-educational-resources-oer?hub=422;https://open.umn.edu/opentextbooks/textbooks.json;https://directory.doabooks.org/rest/search,"MX_INALI_CLIN_NAHUATL: 30 named variants and treatment as languages in public functions | MX_INALI_NAHUATL_VARIANT_2000: exact Nahuatl variant speaker estimates age 5+; asterisk marks shared-locality overestimation | MX_INALI_LANGUAGE_RISK: exact variant population, share age 5–14 and risk level tables | MX_INEE_LANGUAGE_MATCH: teacher command of pupils’ language and system mismatch indicator | MX_INEGI_CENSUS_2020: age-3+ macro language counts including Nahuatl and Maya | NLP_AMERICASNLP_2021: Table 1 and section 3: corpus sizes, variety, orthography and domain composition | OER_UNESCO_2019: Definition I.1 and scope | CATALOG_OTL_20260901: links.total_count after language-code query; counts reproduced in each row | CATALOG_DOAB_20260901: x-total-count after exact dc.language label query; counts reproduced in each row","Exact count is dated; the 2020 macro total cannot update it. School context, corpus units and people differ; no dominant-language or cross-variant coverage is inferred.",,NEW_EDITION_EVIDENCE,false,7be539af4fea0cdd679ffc32e8ab04fe817ca298ec0640f85d32485e75f58da6
regional:AMERICAS_EUROPE_EMPIRICAL_NEED_INPUTS:nah-mexicano-guerrero-Latn-MX:180,AMERICAS_EUROPE_EMPIRICAL_NEED_INPUTS,nah-mexicano-guerrero-Latn-MX,edition-target:regional:nah-mexicano-guerrero-Latn-MX,REGIONAL_EMPIRICAL_STRATUM,official_2000_exact_variant_estimate,persons age 5+ allocated to the exact INALI variant,,124762,,INALI source-stated exact-variant estimate based on Census 2000 and the official catalog.,2000,Mexico; exact INALI localities for the named variant,written and spoken; Latin script; exact orthographic consensus/coverage unverified,MX_INALI_CLIN_NAHUATL;MX_INALI_NAHUATL_VARIANT_2000;MX_INALI_LANGUAGE_RISK;MX_INEE_LANGUAGE_MATCH;MX_INEGI_CENSUS_2020;NLP_AMERICASNLP_2021;OER_UNESCO_2019;CATALOG_OTL_20260901;CATALOG_DOAB_20260901,https://www.inali.gob.mx/sitios/clin-inali/html/v_nahuatl.html;https://site.inali.gob.mx/pdf/estadistica/VARIANTE/VARIANTE_C3_monolinguismo.pdf;https://site.inali.gob.mx/pdf/libro_lenguas_indigenas_nacionales_en_riesgo_de_desaparicion.pdf;https://www.inee.edu.mx/wp-content/uploads/2019/06/P2A348.pdf;https://www.inegi.org.mx/contenidos/programas/ccpv/2020/doc/Censo2020_Principales_resultados_EUM.pdf;https://aclanthology.org/2021.americasnlp-1.23.pdf;https://www.unesco.org/en/legal-affairs/recommendation-open-educational-resources-oer?hub=422;https://open.umn.edu/opentextbooks/textbooks.json;https://directory.doabooks.org/rest/search,"MX_INALI_CLIN_NAHUATL: 30 named variants and treatment as languages in public functions | MX_INALI_NAHUATL_VARIANT_2000: exact Nahuatl variant speaker estimates age 5+; asterisk marks shared-locality overestimation | MX_INALI_LANGUAGE_RISK: exact variant population, share age 5–14 and risk level tables | MX_INEE_LANGUAGE_MATCH: teacher command of pupils’ language and system mismatch indicator | MX_INEGI_CENSUS_2020: age-3+ macro language counts including Nahuatl and Maya | NLP_AMERICASNLP_2021: Table 1 and section 3: corpus sizes, variety, orthography and domain composition | OER_UNESCO_2019: Definition I.1 and scope | CATALOG_OTL_20260901: links.total_count after language-code query; counts reproduced in each row | CATALOG_DOAB_20260901: x-total-count after exact dc.language label query; counts reproduced in each row","Exact count is dated; the 2020 macro total cannot update it. School context, corpus units and people differ; no dominant-language or cross-variant coverage is inferred.",,NEW_EDITION_EVIDENCE,false,eced5e1e58e80c3374ab95126202a62ab749f92b9ba42563e2fbfe24c20b6840
regional:AMERICAS_EUROPE_EMPIRICAL_NEED_INPUTS:nah-mexicano-oriente-central-Latn-MX:181,AMERICAS_EUROPE_EMPIRICAL_NEED_INPUTS,nah-mexicano-oriente-central-Latn-MX,edition-target:regional:nah-mexicano-oriente-central-Latn-MX,REGIONAL_EMPIRICAL_STRATUM,official_2000_exact_variant_estimate,persons age 5+ allocated to the exact INALI variant,,18909,,INALI source-stated exact-variant estimate based on Census 2000 and the official catalog.,2000,Mexico; exact INALI localities for the named variant,written and spoken; Latin script; exact orthographic consensus/coverage unverified,MX_INALI_CLIN_NAHUATL;MX_INALI_NAHUATL_VARIANT_2000;MX_INALI_LANGUAGE_RISK;MX_INEE_LANGUAGE_MATCH;MX_INEGI_CENSUS_2020;NLP_AMERICASNLP_2021;OER_UNESCO_2019;CATALOG_OTL_20260901;CATALOG_DOAB_20260901,https://www.inali.gob.mx/sitios/clin-inali/html/v_nahuatl.html;https://site.inali.gob.mx/pdf/estadistica/VARIANTE/VARIANTE_C3_monolinguismo.pdf;https://site.inali.gob.mx/pdf/libro_lenguas_indigenas_nacionales_en_riesgo_de_desaparicion.pdf;https://www.inee.edu.mx/wp-content/uploads/2019/06/P2A348.pdf;https://www.inegi.org.mx/contenidos/programas/ccpv/2020/doc/Censo2020_Principales_resultados_EUM.pdf;https://aclanthology.org/2021.americasnlp-1.23.pdf;https://www.unesco.org/en/legal-affairs/recommendation-open-educational-resources-oer?hub=422;https://open.umn.edu/opentextbooks/textbooks.json;https://directory.doabooks.org/rest/search,"MX_INALI_CLIN_NAHUATL: 30 named variants and treatment as languages in public functions | MX_INALI_NAHUATL_VARIANT_2000: exact Nahuatl variant speaker estimates age 5+; asterisk marks shared-locality overestimation | MX_INALI_LANGUAGE_RISK: exact variant population, share age 5–14 and risk level tables | MX_INEE_LANGUAGE_MATCH: teacher command of pupils’ language and system mismatch indicator | MX_INEGI_CENSUS_2020: age-3+ macro language counts including Nahuatl and Maya | NLP_AMERICASNLP_2021: Table 1 and section 3: corpus sizes, variety, orthography and domain composition | OER_UNESCO_2019: Definition I.1 and scope | CATALOG_OTL_20260901: links.total_count after language-code query; counts reproduced in each row | CATALOG_DOAB_20260901: x-total-count after exact dc.language label query; counts reproduced in each row","Exact count is dated; the 2020 macro total cannot update it. School context, corpus units and people differ; no dominant-language or cross-variant coverage is inferred.",,NEW_EDITION_EVIDENCE,false,17cffaf28e8501099f573856806e6b120e605e7d72bdad4a404c9054389faf1b
regional:AMERICAS_EUROPE_EMPIRICAL_NEED_INPUTS:nah-noroeste-central-Latn-MX:182,AMERICAS_EUROPE_EMPIRICAL_NEED_INPUTS,nah-noroeste-central-Latn-MX,edition-target:regional:nah-noroeste-central-Latn-MX,REGIONAL_EMPIRICAL_STRATUM,official_2000_exact_variant_estimate,persons age 5+ allocated to the exact INALI variant,,71040,,INALI source-stated exact-variant estimate based on Census 2000 and the official catalog.,2000,Mexico; exact INALI localities for the named variant,written and spoken; Latin script; exact orthographic consensus/coverage unverified,MX_INALI_CLIN_NAHUATL;MX_INALI_NAHUATL_VARIANT_2000;MX_INALI_LANGUAGE_RISK;MX_INEE_LANGUAGE_MATCH;MX_INEGI_CENSUS_2020;NLP_AMERICASNLP_2021;OER_UNESCO_2019;CATALOG_OTL_20260901;CATALOG_DOAB_20260901,https://www.inali.gob.mx/sitios/clin-inali/html/v_nahuatl.html;https://site.inali.gob.mx/pdf/estadistica/VARIANTE/VARIANTE_C3_monolinguismo.pdf;https://site.inali.gob.mx/pdf/libro_lenguas_indigenas_nacionales_en_riesgo_de_desaparicion.pdf;https://www.inee.edu.mx/wp-content/uploads/2019/06/P2A348.pdf;https://www.inegi.org.mx/contenidos/programas/ccpv/2020/doc/Censo2020_Principales_resultados_EUM.pdf;https://aclanthology.org/2021.americasnlp-1.23.pdf;https://www.unesco.org/en/legal-affairs/recommendation-open-educational-resources-oer?hub=422;https://open.umn.edu/opentextbooks/textbooks.json;https://directory.doabooks.org/rest/search,"MX_INALI_CLIN_NAHUATL: 30 named variants and treatment as languages in public functions | MX_INALI_NAHUATL_VARIANT_2000: exact Nahuatl variant speaker estimates age 5+; asterisk marks shared-locality overestimation | MX_INALI_LANGUAGE_RISK: exact variant population, share age 5–14 and risk level tables | MX_INEE_LANGUAGE_MATCH: teacher command of pupils’ language and system mismatch indicator | MX_INEGI_CENSUS_2020: age-3+ macro language counts including Nahuatl and Maya | NLP_AMERICASNLP_2021: Table 1 and section 3: corpus sizes, variety, orthography and domain composition | OER_UNESCO_2019: Definition I.1 and scope | CATALOG_OTL_20260901: links.total_count after language-code query; counts reproduced in each row | CATALOG_DOAB_20260901: x-total-count after exact dc.language label query; counts reproduced in each row","Exact count is dated; the 2020 macro total cannot update it. School context, corpus units and people differ; no dominant-language or cross-variant coverage is inferred.",,NEW_EDITION_EVIDENCE,false,32cf147be1cf524f269cb87e4fbaa800f79455c140dea2bc5503b1a628cbdac5
regional:AMERICAS_EUROPE_EMPIRICAL_NEED_INPUTS:nah-oaxaca-Latn-MX:183,AMERICAS_EUROPE_EMPIRICAL_NEED_INPUTS,nah-oaxaca-Latn-MX,edition-target:regional:nah-oaxaca-Latn-MX,REGIONAL_EMPIRICAL_STRATUM,official_2000_exact_variant_estimate,persons age 5+ allocated to the exact INALI variant,,8130,,INALI source-stated exact-variant estimate based on Census 2000 and the official catalog.,2000,Mexico; exact INALI localities for the named variant,written and spoken; Latin script; exact orthographic consensus/coverage unverified,MX_INALI_CLIN_NAHUATL;MX_INALI_NAHUATL_VARIANT_2000;MX_INALI_LANGUAGE_RISK;MX_INEE_LANGUAGE_MATCH;MX_INEGI_CENSUS_2020;NLP_AMERICASNLP_2021;OER_UNESCO_2019;CATALOG_OTL_20260901;CATALOG_DOAB_20260901,https://www.inali.gob.mx/sitios/clin-inali/html/v_nahuatl.html;https://site.inali.gob.mx/pdf/estadistica/VARIANTE/VARIANTE_C3_monolinguismo.pdf;https://site.inali.gob.mx/pdf/libro_lenguas_indigenas_nacionales_en_riesgo_de_desaparicion.pdf;https://www.inee.edu.mx/wp-content/uploads/2019/06/P2A348.pdf;https://www.inegi.org.mx/contenidos/programas/ccpv/2020/doc/Censo2020_Principales_resultados_EUM.pdf;https://aclanthology.org/2021.americasnlp-1.23.pdf;https://www.unesco.org/en/legal-affairs/recommendation-open-educational-resources-oer?hub=422;https://open.umn.edu/opentextbooks/textbooks.json;https://directory.doabooks.org/rest/search,"MX_INALI_CLIN_NAHUATL: 30 named variants and treatment as languages in public functions | MX_INALI_NAHUATL_VARIANT_2000: exact Nahuatl variant speaker estimates age 5+; asterisk marks shared-locality overestimation | MX_INALI_LANGUAGE_RISK: exact variant population, share age 5–14 and risk level tables | MX_INEE_LANGUAGE_MATCH: teacher command of pupils’ language and system mismatch indicator | MX_INEGI_CENSUS_2020: age-3+ macro language counts including Nahuatl and Maya | NLP_AMERICASNLP_2021: Table 1 and section 3: corpus sizes, variety, orthography and domain composition | OER_UNESCO_2019: Definition I.1 and scope | CATALOG_OTL_20260901: links.total_count after language-code query; counts reproduced in each row | CATALOG_DOAB_20260901: x-total-count after exact dc.language label query; counts reproduced in each row","Exact count is dated; the 2020 macro total cannot update it. School context, corpus units and people differ; no dominant-language or cross-variant coverage is inferred.",,NEW_EDITION_EVIDENCE,false,dc21f1e02d44b538d34e3d94974f52b9ccda39765bc120873b4bdc2e2e61ee19
regional:AMERICAS_EUROPE_EMPIRICAL_NEED_INPUTS:nah-sierra-negra-norte-Latn-MX:184,AMERICAS_EUROPE_EMPIRICAL_NEED_INPUTS,nah-sierra-negra-norte-Latn-MX,,REGIONAL_EMPIRICAL_STRATUM,official_2000_exact_variant_estimate_shared_localities_possible_overestimate,persons age 5+ allocated to the exact INALI variant,,109215,,INALI source-stated exact-variant estimate based on Census 2000 and the official catalog. The source asterisk marks shared localities and possible overestimation.,2000,Mexico; exact INALI localities for the named variant,written and spoken; Latin script; exact orthographic consensus/coverage unverified,MX_INALI_CLIN_NAHUATL;MX_INALI_NAHUATL_VARIANT_2000;MX_INALI_LANGUAGE_RISK;MX_INEE_LANGUAGE_MATCH;MX_INEGI_CENSUS_2020;NLP_AMERICASNLP_2021;OER_UNESCO_2019;CATALOG_OTL_20260901;CATALOG_DOAB_20260901,https://www.inali.gob.mx/sitios/clin-inali/html/v_nahuatl.html;https://site.inali.gob.mx/pdf/estadistica/VARIANTE/VARIANTE_C3_monolinguismo.pdf;https://site.inali.gob.mx/pdf/libro_lenguas_indigenas_nacionales_en_riesgo_de_desaparicion.pdf;https://www.inee.edu.mx/wp-content/uploads/2019/06/P2A348.pdf;https://www.inegi.org.mx/contenidos/programas/ccpv/2020/doc/Censo2020_Principales_resultados_EUM.pdf;https://aclanthology.org/2021.americasnlp-1.23.pdf;https://www.unesco.org/en/legal-affairs/recommendation-open-educational-resources-oer?hub=422;https://open.umn.edu/opentextbooks/textbooks.json;https://directory.doabooks.org/rest/search,"MX_INALI_CLIN_NAHUATL: 30 named variants and treatment as languages in public functions | MX_INALI_NAHUATL_VARIANT_2000: exact Nahuatl variant speaker estimates age 5+; asterisk marks shared-locality overestimation | MX_INALI_LANGUAGE_RISK: exact variant population, share age 5–14 and risk level tables | MX_INEE_LANGUAGE_MATCH: teacher command of pupils’ language and system mismatch indicator | MX_INEGI_CENSUS_2020: age-3+ macro language counts including Nahuatl and Maya | NLP_AMERICASNLP_2021: Table 1 and section 3: corpus sizes, variety, orthography and domain composition | OER_UNESCO_2019: Definition I.1 and scope | CATALOG_OTL_20260901: links.total_count after language-code query; counts reproduced in each row | CATALOG_DOAB_20260901: x-total-count after exact dc.language label query; counts reproduced in each row","Exact count is dated; the 2020 macro total cannot update it. Shared-locality allocation may overestimate this variant. School context, corpus units and people differ; no dominant-language or cross-variant coverage is inferred.",,EVIDENCE_ONLY_CONTEXT,false,da1ce786014de4086c2d800bfd1270a2d64befb1d02a7f66baa2010c2eabec16
regional:AMERICAS_EUROPE_EMPIRICAL_NEED_INPUTS:nah-sierra-negra-sur-Latn-MX:185,AMERICAS_EUROPE_EMPIRICAL_NEED_INPUTS,nah-sierra-negra-sur-Latn-MX,,REGIONAL_EMPIRICAL_STRATUM,official_2000_exact_variant_estimate_shared_localities_possible_overestimate,persons age 5+ allocated to the exact INALI variant,,32952,,INALI source-stated exact-variant estimate based on Census 2000 and the official catalog. The source asterisk marks shared localities and possible overestimation.,2000,Mexico; exact INALI localities for the named variant,written and spoken; Latin script; exact orthographic consensus/coverage unverified,MX_INALI_CLIN_NAHUATL;MX_INALI_NAHUATL_VARIANT_2000;MX_INALI_LANGUAGE_RISK;MX_INEE_LANGUAGE_MATCH;MX_INEGI_CENSUS_2020;NLP_AMERICASNLP_2021;OER_UNESCO_2019;CATALOG_OTL_20260901;CATALOG_DOAB_20260901,https://www.inali.gob.mx/sitios/clin-inali/html/v_nahuatl.html;https://site.inali.gob.mx/pdf/estadistica/VARIANTE/VARIANTE_C3_monolinguismo.pdf;https://site.inali.gob.mx/pdf/libro_lenguas_indigenas_nacionales_en_riesgo_de_desaparicion.pdf;https://www.inee.edu.mx/wp-content/uploads/2019/06/P2A348.pdf;https://www.inegi.org.mx/contenidos/programas/ccpv/2020/doc/Censo2020_Principales_resultados_EUM.pdf;https://aclanthology.org/2021.americasnlp-1.23.pdf;https://www.unesco.org/en/legal-affairs/recommendation-open-educational-resources-oer?hub=422;https://open.umn.edu/opentextbooks/textbooks.json;https://directory.doabooks.org/rest/search,"MX_INALI_CLIN_NAHUATL: 30 named variants and treatment as languages in public functions | MX_INALI_NAHUATL_VARIANT_2000: exact Nahuatl variant speaker estimates age 5+; asterisk marks shared-locality overestimation | MX_INALI_LANGUAGE_RISK: exact variant population, share age 5–14 and risk level tables | MX_INEE_LANGUAGE_MATCH: teacher command of pupils’ language and system mismatch indicator | MX_INEGI_CENSUS_2020: age-3+ macro language counts including Nahuatl and Maya | NLP_AMERICASNLP_2021: Table 1 and section 3: corpus sizes, variety, orthography and domain composition | OER_UNESCO_2019: Definition I.1 and scope | CATALOG_OTL_20260901: links.total_count after language-code query; counts reproduced in each row | CATALOG_DOAB_20260901: x-total-count after exact dc.language label query; counts reproduced in each row","Exact count is dated; the 2020 macro total cannot update it. Shared-locality allocation may overestimate this variant. School context, corpus units and people differ; no dominant-language or cross-variant coverage is inferred.",,EVIDENCE_ONLY_CONTEXT,false,deb157a473f0a73e606f7f7e2c36035fad210b7d282baf2f0d11b1c9da10905d
regional:AMERICAS_EUROPE_EMPIRICAL_NEED_INPUTS:nah-sierra-noreste-puebla-Latn-MX:186,AMERICAS_EUROPE_EMPIRICAL_NEED_INPUTS,nah-sierra-noreste-puebla-Latn-MX,edition-target:regional:nah-sierra-noreste-puebla-Latn-MX,REGIONAL_EMPIRICAL_STRATUM,official_2000_exact_variant_estimate,persons age 5+ allocated to the exact INALI variant,,134737,,INALI source-stated exact-variant estimate based on Census 2000 and the official catalog.,2000,Mexico; exact INALI localities for the named variant,written and spoken; Latin script; exact orthographic consensus/coverage unverified,MX_INALI_CLIN_NAHUATL;MX_INALI_NAHUATL_VARIANT_2000;MX_INALI_LANGUAGE_RISK;MX_INEE_LANGUAGE_MATCH;MX_INEGI_CENSUS_2020;NLP_AMERICASNLP_2021;OER_UNESCO_2019;CATALOG_OTL_20260901;CATALOG_DOAB_20260901,https://www.inali.gob.mx/sitios/clin-inali/html/v_nahuatl.html;https://site.inali.gob.mx/pdf/estadistica/VARIANTE/VARIANTE_C3_monolinguismo.pdf;https://site.inali.gob.mx/pdf/libro_lenguas_indigenas_nacionales_en_riesgo_de_desaparicion.pdf;https://www.inee.edu.mx/wp-content/uploads/2019/06/P2A348.pdf;https://www.inegi.org.mx/contenidos/programas/ccpv/2020/doc/Censo2020_Principales_resultados_EUM.pdf;https://aclanthology.org/2021.americasnlp-1.23.pdf;https://www.unesco.org/en/legal-affairs/recommendation-open-educational-resources-oer?hub=422;https://open.umn.edu/opentextbooks/textbooks.json;https://directory.doabooks.org/rest/search,"MX_INALI_CLIN_NAHUATL: 30 named variants and treatment as languages in public functions | MX_INALI_NAHUATL_VARIANT_2000: exact Nahuatl variant speaker estimates age 5+; asterisk marks shared-locality overestimation | MX_INALI_LANGUAGE_RISK: exact variant population, share age 5–14 and risk level tables | MX_INEE_LANGUAGE_MATCH: teacher command of pupils’ language and system mismatch indicator | MX_INEGI_CENSUS_2020: age-3+ macro language counts including Nahuatl and Maya | NLP_AMERICASNLP_2021: Table 1 and section 3: corpus sizes, variety, orthography and domain composition | OER_UNESCO_2019: Definition I.1 and scope | CATALOG_OTL_20260901: links.total_count after language-code query; counts reproduced in each row | CATALOG_DOAB_20260901: x-total-count after exact dc.language label query; counts reproduced in each row","Exact count is dated; the 2020 macro total cannot update it. School context, corpus units and people differ; no dominant-language or cross-variant coverage is inferred.",,NEW_EDITION_EVIDENCE,false,5054fb41f890810d5bd7e31455da8ab484f486129ca45eb140f20dc21f057e12
regional:AMERICAS_EUROPE_EMPIRICAL_NEED_INPUTS:nah-sierra-oeste-puebla-Latn-MX:187,AMERICAS_EUROPE_EMPIRICAL_NEED_INPUTS,nah-sierra-oeste-puebla-Latn-MX,edition-target:regional:nah-sierra-oeste-puebla-Latn-MX,REGIONAL_EMPIRICAL_STRATUM,official_2000_exact_variant_estimate,persons age 5+ allocated to the exact INALI variant,,19482,,INALI source-stated exact-variant estimate based on Census 2000 and the official catalog.,2000,Mexico; exact INALI localities for the named variant,written and spoken; Latin script; exact orthographic consensus/coverage unverified,MX_INALI_CLIN_NAHUATL;MX_INALI_NAHUATL_VARIANT_2000;MX_INALI_LANGUAGE_RISK;MX_INEE_LANGUAGE_MATCH;MX_INEGI_CENSUS_2020;NLP_AMERICASNLP_2021;OER_UNESCO_2019;CATALOG_OTL_20260901;CATALOG_DOAB_20260901,https://www.inali.gob.mx/sitios/clin-inali/html/v_nahuatl.html;https://site.inali.gob.mx/pdf/estadistica/VARIANTE/VARIANTE_C3_monolinguismo.pdf;https://site.inali.gob.mx/pdf/libro_lenguas_indigenas_nacionales_en_riesgo_de_desaparicion.pdf;https://www.inee.edu.mx/wp-content/uploads/2019/06/P2A348.pdf;https://www.inegi.org.mx/contenidos/programas/ccpv/2020/doc/Censo2020_Principales_resultados_EUM.pdf;https://aclanthology.org/2021.americasnlp-1.23.pdf;https://www.unesco.org/en/legal-affairs/recommendation-open-educational-resources-oer?hub=422;https://open.umn.edu/opentextbooks/textbooks.json;https://directory.doabooks.org/rest/search,"MX_INALI_CLIN_NAHUATL: 30 named variants and treatment as languages in public functions | MX_INALI_NAHUATL_VARIANT_2000: exact Nahuatl variant speaker estimates age 5+; asterisk marks shared-locality overestimation | MX_INALI_LANGUAGE_RISK: exact variant population, share age 5–14 and risk level tables | MX_INEE_LANGUAGE_MATCH: teacher command of pupils’ language and system mismatch indicator | MX_INEGI_CENSUS_2020: age-3+ macro language counts including Nahuatl and Maya | NLP_AMERICASNLP_2021: Table 1 and section 3: corpus sizes, variety, orthography and domain composition | OER_UNESCO_2019: Definition I.1 and scope | CATALOG_OTL_20260901: links.total_count after language-code query; counts reproduced in each row | CATALOG_DOAB_20260901: x-total-count after exact dc.language label query; counts reproduced in each row","Exact count is dated; the 2020 macro total cannot update it. School context, corpus units and people differ; no dominant-language or cross-variant coverage is inferred.",,NEW_EDITION_EVIDENCE,false,c0203ec5e4a5702b572f1861a30d992e5bdcb34f3a3c59a3f09f2d98467cbf9c
regional:AMERICAS_EUROPE_EMPIRICAL_NEED_INPUTS:nds-Latn-CA:188,AMERICAS_EUROPE_EMPIRICAL_NEED_INPUTS,nds-Latn-CA,,REGIONAL_EMPIRICAL_STRATUM,census_mother_tongue_category_variety_unresolved,census mother-tongue respondents,,8670,,2021 census source-stated Low German n.o.s. mother-tongue count; kept separate from Plautdietsch.,2021,Canada,written and spoken; Latin script; variety unresolved,CA_CENSUS_LANGUAGE_PROFILE_2021;OER_UNESCO_2019;CATALOG_OTL_20260901;CATALOG_DOAB_20260901,https://www12.statcan.gc.ca/census-recensement/2021/dp-pd/prof/details/page.cfm?DGUIDlist=2021A000011124&GENDERlist=1&HEADERlist=18&LANG=E&STATISTIClist=1;https://www.unesco.org/en/legal-affairs/recommendation-open-educational-resources-oer?hub=422;https://open.umn.edu/opentextbooks/textbooks.json;https://directory.doabooks.org/rest/search,"CA_CENSUS_LANGUAGE_PROFILE_2021: Mother tongue, knowledge and language spoken most often at home rows for Plautdietsch, Low German n.o.s. and Yiddish | OER_UNESCO_2019: Definition I.1 and scope | CATALOG_OTL_20260901: links.total_count after language-code query; counts reproduced in each row | CATALOG_DOAB_20260901: x-total-count after exact dc.language label query; counts reproduced in each row",Census category is not an exact variety. Knowledge/home-use counts are incompatible with mother tongue; Canadian and German Low German coverage is not transferable.,,EVIDENCE_ONLY_CONTEXT,false,9c55aa5507c5f35e0f285e7c6e376ed3cb0038d0cd771c2cd04fbc7744aea6d4
regional:AMERICAS_EUROPE_EMPIRICAL_NEED_INPUTS:nds-Latn-DE-NORTH:189,AMERICAS_EUROPE_EMPIRICAL_NEED_INPUTS,nds-Latn-DE-NORTH,,REGIONAL_EMPIRICAL_STRATUM,survey_extrapolated_self_rated_good_or_very_good_speakers,persons extrapolated as speaking Low German well or very well,,2500000,,Official state-government discussion reports the survey extrapolation of 2.5 million good/very-good speakers.,2016 survey,eight northern German states,written and spoken; Latin script; regional orthographic variation,DE_SH_LOW_GERMAN_SPEAKERS;DE_SH_LOW_GERMAN_POLICY_2026;EUROSTAT_INTERNET_2025;OER_UNESCO_2019;CATALOG_OTL_20260901;CATALOG_DOAB_20260901,https://www.schleswig-holstein.de/DE/landesregierung/ministerien-behoerden/LVB/Podcast/_documents/Material/Downloads/podcast06_Transkript;https://www.schleswig-holstein.de/DE/fachinhalte/S/schule_und_unterricht/niederdeutsch;https://ec.europa.eu/eurostat/statistics-explained/SEPDF/cache/108644.pdf;https://www.unesco.org/en/legal-affairs/recommendation-open-educational-resources-oer?hub=422;https://open.umn.edu/opentextbooks/textbooks.json;https://directory.doabooks.org/rest/search,"DE_SH_LOW_GERMAN_SPEAKERS: survey discussion: extrapolated 2.5 million good/very-good speakers | DE_SH_LOW_GERMAN_POLICY_2026: model schools, weekly hours, stages and online materials | EUROSTAT_INTERNET_2025: household internet-access section and country chart | OER_UNESCO_2019: Definition I.1 and scope | CATALOG_OTL_20260901: links.total_count after language-code query; counts reproduced in each row | CATALOG_DOAB_20260901: x-total-count after exact dc.language label query; counts reproduced in each row","Population is a survey extrapolation; provision evidence covers one state; local varieties are unresolved. No learning, academic-language, disability/device or licensing cross-tabs.",,EVIDENCE_ONLY_CONTEXT,false,9aa3011980026ec1e94d57d1c11289e6bc4ee53a8ceaa1eff3fc4c78ecc7cb20
regional:AMERICAS_EUROPE_EMPIRICAL_NEED_INPUTS:nhd-Latn-BR:190,AMERICAS_EUROPE_EMPIRICAL_NEED_INPUTS,nhd-Latn-BR,edition-target:regional:nhd-Latn-BR,REGIONAL_EMPIRICAL_STRATUM,census_exact_language_speaking_or_home_use,Indigenous persons age 2+ speaking or using the exact language at home,,3503,,IBGE 2022 source-stated count for Indigenous persons age 2+ speaking or using the exact named language at home.,2022,Brazil,spoken and written; Latin script; exact orthography coverage unverified,BR_IBGE_INDIG_LANG_2022;BR_MEC_INDIG_EDU;NLP_AMERICASNLP_2021;OER_UNESCO_2019,https://educa.ibge.gov.br/images/educa/professores/recursos/liv102252.pdf;https://portal.mec.gov.br/educacao-indigena;https://aclanthology.org/2021.americasnlp-1.23.pdf;https://www.unesco.org/en/legal-affairs/recommendation-open-educational-resources-oer?hub=422,"BR_IBGE_INDIG_LANG_2022: exact language spoken/used at home counts by Indigenous language and ethnic group | BR_MEC_INDIG_EDU: Indigenous teacher/material programs | NLP_AMERICASNLP_2021: Table 1 and section 3: corpus sizes, variety, orthography and domain composition | OER_UNESCO_2019: Definition I.1 and scope","Not merged with Paraguay Ava Guaraní. Speaker/use, ethnicity, residence and program reach differ; cross-border Guaraní resources/counts are not combined.",,NEW_EDITION_EVIDENCE,false,ddb806024973316041e8624300a82eb711cc1d7bde08484fb06c88fb4db44156
regional:AMERICAS_EUROPE_EMPIRICAL_NEED_INPUTS:nhd-Latn-PY:191,AMERICAS_EUROPE_EMPIRICAL_NEED_INPUTS,nhd-Latn-PY,edition-target:regional:nhd-Latn-PY,REGIONAL_EMPIRICAL_STRATUM,census_ethnic_pueblo_population_proxy_not_speaker_count,"all-age ethnic-pueblo members (proxy, not speakers)",,22694,,"2022 Indigenous census source-stated all-age population for the named pueblo; retained as an explicit proxy, not a language count.",2022,Paraguay,spoken and written; Latin script; exact own-language orthographic/resource coverage unverified,PY_INDIGENOUS_CENSUS_2022;PY_INDIG_LANG_BULLETIN_2026;PY_INDIG_STUDY_YEARS_2022;OER_UNESCO_2019,https://www.ine.gov.py/Publicaciones/Biblioteca/documento/237/Resultados-Finales-Censo-Indigena.pdf;https://www.ine.gov.py/Publicaciones/Biblioteca/documento/331/Diversidad_de_Lenguas_habladas_por_los_pueblos_indigenas.pdf;https://www.ine.gov.py/Publicaciones/Biblioteca/documento/260/TRIPTICO%20%28Castellano%29.pdf;https://www.unesco.org/en/legal-affairs/recommendation-open-educational-resources-oer?hub=422,PY_INDIGENOUS_CENSUS_2022: ethnic-pueblo counts and age-5+ first-language shares by named pueblo | PY_INDIG_LANG_BULLETIN_2026: own-language-first versus Paraguayan-Guaraní-first by named pueblo and national trend | PY_INDIG_STUDY_YEARS_2022: average years of study age 15+ by named Indigenous pueblo | OER_UNESCO_2019: Definition I.1 and scope,"Paraguay Ava is not combined with Brazil Avá Guarani. Ethnic population and age-5+ first-language shares have different universes and are not multiplied. Exact speaker totals, stages and open-resource licences are absent.",,NEW_EDITION_EVIDENCE,false,a08e076fcf06489542bb69d19bc62657c1cf46ca8aafe29abc07c37ee7b87711
regional:AMERICAS_EUROPE_EMPIRICAL_NEED_INPUTS:ojs-script-unresolved-CA:192,AMERICAS_EUROPE_EMPIRICAL_NEED_INPUTS,ojs-script-unresolved-CA,edition-target:lang:ojs-CA,REGIONAL_EMPIRICAL_STRATUM,census_conversational_knowledge_published_rounded_count,private-household census respondents able to conduct a conversation,,15305,,Statistics Canada 2021 published rounded count able to converse; mean age 33.,2021,Canada,spoken; script not recorded by Census and not inferred,CA_STATCAN_ALGONQUIAN_2021;CA_STATCAN_SILENT_2021;CA_MB_LANGUAGE_SURVEY_2021;CA_MB_POSTSECONDARY_2021_22;OER_UNESCO_2019;CATALOG_OTL_20260901;CATALOG_DOAB_20260901,https://www150.statcan.gc.ca/n1/pub/41-20-0002/412000022025002-eng.htm;https://www150.statcan.gc.ca/n1/pub/41-20-0002/412000022026001-eng.htm;https://www.edu.gov.mb.ca/iid/docs/indigenous_languages_report.pdf;https://www.edu.gov.mb.ca/iee/docs/mals_report_en.pdf;https://www.unesco.org/en/legal-affairs/recommendation-open-educational-resources-oer?hub=422;https://open.umn.edu/opentextbooks/textbooks.json;https://directory.doabooks.org/rest/search,"CA_STATCAN_ALGONQUIAN_2021: Table 2 and Charts 1–2: knowledge, mother tongue and age by named language | CA_STATCAN_SILENT_2021: Annex Table A.1 by exact language | CA_MB_LANGUAGE_SURVEY_2021: pp. 1–5, 8, 10, 12 and 19: offerings, modes, barriers and dialect-teacher example | CA_MB_POSTSECONDARY_2021_22: pp. 23–32: courses, enrolments, Oji-Cree absence and teacher-training gaps | OER_UNESCO_2019: Definition I.1 and scope | CATALOG_OTL_20260901: links.total_count after language-code query; counts reproduced in each row | CATALOG_DOAB_20260901: x-total-count after exact dc.language label query; counts reproduced in each row","Oji-Cree is a separate Census category and is not folded into Cree or Ojibway; school and postsecondary surveys have narrower institutions and different denominators. Ojibway n.o.s. has 20,715 conversational-knowledge and 12,500 mother-tongue respondents and is quarantined, not distributed. Census random rounding and incomplete enumeration apply.",,NEW_EDITION_EVIDENCE,false,6205e1e7a0d04f753cb9bcd9f4be54213dae1fe733fd2dfd620def3e60d7fd6c
regional:AMERICAS_EUROPE_EMPIRICAL_NEED_INPUTS:ojw-script-unresolved-CA:193,AMERICAS_EUROPE_EMPIRICAL_NEED_INPUTS,ojw-script-unresolved-CA,edition-target:lang:ojw-CA,REGIONAL_EMPIRICAL_STRATUM,census_conversational_knowledge_published_rounded_count,private-household census respondents able to conduct a conversation,,3630,,Statistics Canada 2021 published rounded count able to converse; mean age 48.,2021,Canada,spoken; Manitoba portal has double-vowel Roman Anishinaabemowin resources but exact match/completeness is unproven,CA_STATCAN_ALGONQUIAN_2021;CA_STATCAN_SILENT_2021;CA_MB_LANGUAGE_SURVEY_2021;CA_MB_OPEN_PORTAL;OER_UNESCO_2019;CATALOG_OTL_20260901;CATALOG_DOAB_20260901,https://www150.statcan.gc.ca/n1/pub/41-20-0002/412000022025002-eng.htm;https://www150.statcan.gc.ca/n1/pub/41-20-0002/412000022026001-eng.htm;https://www.edu.gov.mb.ca/iid/docs/indigenous_languages_report.pdf;https://www.edu.gov.mb.ca/k12/mylearning/onlinelearning/index.html;https://www.unesco.org/en/legal-affairs/recommendation-open-educational-resources-oer?hub=422;https://open.umn.edu/opentextbooks/textbooks.json;https://directory.doabooks.org/rest/search,"CA_STATCAN_ALGONQUIAN_2021: Table 2 and Charts 1–2: knowledge, mother tongue and age by named language | CA_STATCAN_SILENT_2021: Annex Table A.1 by exact language | CA_MB_LANGUAGE_SURVEY_2021: pp. 1–5, 8, 10, 12 and 19: offerings, modes, barriers and dialect-teacher example | CA_MB_OPEN_PORTAL: Cree and Anishinaabemowin resource listings | OER_UNESCO_2019: Definition I.1 and scope | CATALOG_OTL_20260901: links.total_count after language-code query; counts reproduced in each row | CATALOG_DOAB_20260901: x-total-count after exact dc.language label query; counts reproduced in each row","Generic Ojibwe/Anishinaabemowin courses or double-vowel resources cannot be assumed Saulteau-compatible. Ojibway n.o.s. has 20,715 conversational-knowledge and 12,500 mother-tongue respondents and is quarantined, not distributed. Census random rounding and incomplete enumeration apply.",,NEW_EDITION_EVIDENCE,false,340efa5e212accacbccc5d34bdcc58dc335a467c68661e434920436a8e91f940
regional:AMERICAS_EUROPE_EMPIRICAL_NEED_INPUTS:otw-script-unresolved-CA:194,AMERICAS_EUROPE_EMPIRICAL_NEED_INPUTS,otw-script-unresolved-CA,edition-target:lang:otw-CA,REGIONAL_EMPIRICAL_STRATUM,census_conversational_knowledge_published_rounded_count,private-household census respondents able to conduct a conversation,,220,,Statistics Canada 2021 published rounded count able to converse; mean age 46.,2021,Canada,spoken; script not recorded by Census and not inferred,CA_STATCAN_ALGONQUIAN_2021;CA_STATCAN_SILENT_2021;OER_UNESCO_2019;CATALOG_OTL_20260901;CATALOG_DOAB_20260901,https://www150.statcan.gc.ca/n1/pub/41-20-0002/412000022025002-eng.htm;https://www150.statcan.gc.ca/n1/pub/41-20-0002/412000022026001-eng.htm;https://www.unesco.org/en/legal-affairs/recommendation-open-educational-resources-oer?hub=422;https://open.umn.edu/opentextbooks/textbooks.json;https://directory.doabooks.org/rest/search,"CA_STATCAN_ALGONQUIAN_2021: Table 2 and Charts 1–2: knowledge, mother tongue and age by named language | CA_STATCAN_SILENT_2021: Annex Table A.1 by exact language | OER_UNESCO_2019: Definition I.1 and scope | CATALOG_OTL_20260901: links.total_count after language-code query; counts reproduced in each row | CATALOG_DOAB_20260901: x-total-count after exact dc.language label query; counts reproduced in each row","Ojibway-family and generic Anishinaabemowin data are not allocated to Daawaamwin. Ojibway n.o.s. has 20,715 conversational-knowledge and 12,500 mother-tongue respondents and is quarantined, not distributed. Census random rounding and incomplete enumeration apply.",,NEW_EDITION_EVIDENCE,false,9e6781662712ee027e393dcba3aae3116ced2464562d798246d7158ef0a5f6f1
regional:AMERICAS_EUROPE_EMPIRICAL_NEED_INPUTS:pap-Latn-AW:195,AMERICAS_EUROPE_EMPIRICAL_NEED_INPUTS,pap-Latn-AW,edition-target:lang:pap-AW,REGIONAL_EMPIRICAL_STRATUM,census_language_spoken_at_home,persons,69354,69354,69354,Aruba 2010 census direct count of people reporting Papiamento as the language most often spoken at home.,2010,Aruba,written and spoken; Latin etymological Aruba orthography,AW_CENSUS_LANGUAGE_2010;AW_EDUCATION_2000_2003;KREYOL_MT_2024;COMMON_VOICE_26_2026;OER_UNESCO_2019;CATALOG_OTL_20260901;CATALOG_DOAB_20260901,https://cbs.aw/wp/wp-content/uploads/2012/07/Fifth-Population-and-Housing-Census-Aruba.pdf;https://cbs.aw/wp/wp-content/uploads/2013/02/05-02-Ad_Onderwijs_op_Aruba_context_en_output.pdf;https://www.cs.jhu.edu/~kevinduh/t/naacl24/final_pdf/paper289.pdf;https://raw.githubusercontent.com/common-voice/cv-dataset/main/datasets/scripted-speech/cv-corpus-26.0-2026-06-12.json;https://www.unesco.org/en/legal-affairs/recommendation-open-educational-resources-oer?hub=422;https://open.umn.edu/opentextbooks/textbooks.json;https://directory.doabooks.org/rest/search,"AW_CENSUS_LANGUAGE_2010: Table P-D1, all ages, Papiamento total 69,354 | AW_EDUCATION_2000_2003: pp. 36-38 | KREYOL_MT_2024: Table 3 | COMMON_VOICE_26_2026: locale inventory | OER_UNESCO_2019: Definition I.1 | catalog snapshots as separately described","Most-spoken home language is not total ability, literacy or academic comfort. Aruba's official etymological spelling is not interchangeable with Curaçao/Bonaire phonemic spelling.",,NEW_EDITION_EVIDENCE,false,7a45c3a527969d83cd353096fc6fff82acda45bf3cfb47b7b750e9f7ec79e1de
regional:AMERICAS_EUROPE_EMPIRICAL_NEED_INPUTS:pap-Latn-BQ-BO:196,AMERICAS_EUROPE_EMPIRICAL_NEED_INPUTS,pap-Latn-BQ-BO,,REGIONAL_EMPIRICAL_STRATUM,official_share_no_person_count,most-widely-spoken-language share without source-stated person count,,,,"CBS reports 62.4% Papiamentu as most widely spoken in 2021; no source-stated person count in the summary, so numeric fields are blank.",2021,"Bonaire, Caribbean Netherlands",written and spoken; Latin Bonaire/Curaçao spelling,BQ_CBS_LANGUAGE_2021;BQ_CHILDCARE_2021_22;KREYOL_MT_2024;COMMON_VOICE_26_2026;OER_UNESCO_2019;CATALOG_OTL_20260901;CATALOG_DOAB_20260901,https://www.cbs.nl/en-gb/background/2025/47/population-of-the-dutch-caribbean-has-grown-over-fifteen-years;https://www.onderwijsinspectie.nl/binaries/onderwijsinspectie/documenten/rapporten/2023/03/03/eindrapport-bestandsopname-kwaliteit-kinderopvang-caribisch-nederland/Final%2Breport%2Bof%2Bthe%2Bsurvey%2Bof%2Bthe%2Bquality%2Bof%2Bchildcare%2Bin%2Bthe%2BCaribbean%2BNetherlands.pdf;https://www.cs.jhu.edu/~kevinduh/t/naacl24/final_pdf/paper289.pdf;https://raw.githubusercontent.com/common-voice/cv-dataset/main/datasets/scripted-speech/cv-corpus-26.0-2026-06-12.json;https://www.unesco.org/en/legal-affairs/recommendation-open-educational-resources-oer?hub=422;https://open.umn.edu/opentextbooks/textbooks.json;https://directory.doabooks.org/rest/search,"BQ_CBS_LANGUAGE_2021: Most widely spoken language table: Bonaire Papiamentu 62.4% | BQ_CHILDCARE_2021_22: pp. 8 and 27: multilingual practice and Bonaire Papiamentu predominance | KREYOL_MT_2024: pp. 2, 5–6 and Table 3: exact/pooled language public/all sentence counts and genre transfer | COMMON_VOICE_26_2026: locale entry counts/hours and absence audit | OER_UNESCO_2019: Definition I.1 and scope | CATALOG_OTL_20260901: links.total_count after language-code query; counts reproduced in each row | CATALOG_DOAB_20260901: x-total-count after exact dc.language label query; counts reproduced in each row",Share lacks person count; three-island inspection totals are not Bonaire totals; pooled pap corpus is nonallocable.,,EVIDENCE_ONLY_CONTEXT,false,3e55216386703a7f19d9bfe934672b70c12604528aed8f1f50cabec223e28c12
regional:AMERICAS_EUROPE_EMPIRICAL_NEED_INPUTS:pap-Latn-CW:197,AMERICAS_EUROPE_EMPIRICAL_NEED_INPUTS,pap-Latn-CW,edition-target:lang:pap-CW,REGIONAL_EMPIRICAL_STRATUM,derived_census_first_home_language,persons responding to the individual home-language census question,114975,115048,115122,"Published 78.0% reporting Papiamentu as the most-spoken home language among 147,498 person responses; interval preserves one-decimal share rounding.",2023,Curaçao,written and spoken; Latin phonemic Curaçao orthography,CW_CENSUS_LANGUAGE_2023;KREYOL_MT_2024;COMMON_VOICE_26_2026;OER_UNESCO_2019;CATALOG_OTL_20260901;CATALOG_DOAB_20260901,https://senso.cbs.cw/talen-gesproken-in-curacao-resultaten-census-2023;https://www.cs.jhu.edu/~kevinduh/t/naacl24/final_pdf/paper289.pdf;https://raw.githubusercontent.com/common-voice/cv-dataset/main/datasets/scripted-speech/cv-corpus-26.0-2026-06-12.json;https://www.unesco.org/en/legal-affairs/recommendation-open-educational-resources-oer?hub=422;https://open.umn.edu/opentextbooks/textbooks.json;https://directory.doabooks.org/rest/search,"CW_CENSUS_LANGUAGE_2023: 147,498 person responses; 78% most-spoken, 10% second, 2% third home language | KREYOL_MT_2024: pp. 2, 5-6 and Table 3 | COMMON_VOICE_26_2026: locale inventory | OER_UNESCO_2019: Definition I.1 | catalog snapshots as separately described","Derived rounded-share interval is for first/most home language, not all speakers, literacy or academic comfort. Do not add second/third-position shares. Curaçao/Bonaire phonemic spelling is not Aruba's etymological spelling.",,NEW_EDITION_EVIDENCE,false,6e2c903deb1c37a8b6e766e50989fa68f21b5ee8f65c129f53ab5987dd2ad4af
regional:AMERICAS_EUROPE_EMPIRICAL_NEED_INPUTS:pdt-Latn-CA:198,AMERICAS_EUROPE_EMPIRICAL_NEED_INPUTS,pdt-Latn-CA,edition-target:regional:pdt-Latn-CA,REGIONAL_EMPIRICAL_STRATUM,census_mother_tongue,census mother-tongue respondents,,33200,,2021 census source-stated Plautdietsch mother-tongue count: first language learned at home in childhood and still understood.,2021,Canada,written and spoken; Latin script; orthographic variation,CA_CENSUS_LANGUAGE_PROFILE_2021;CA_MB_EAL_MENNONITE;OER_UNESCO_2019;CATALOG_OTL_20260901;CATALOG_DOAB_20260901,https://www12.statcan.gc.ca/census-recensement/2021/dp-pd/prof/details/page.cfm?DGUIDlist=2021A000011124&GENDERlist=1&HEADERlist=18&LANG=E&STATISTIClist=1;https://www.edu.gov.mb.ca/k12/cur/languages/german/found_4-6/chapter7.pdf;https://www.unesco.org/en/legal-affairs/recommendation-open-educational-resources-oer?hub=422;https://open.umn.edu/opentextbooks/textbooks.json;https://directory.doabooks.org/rest/search,"CA_CENSUS_LANGUAGE_PROFILE_2021: Mother tongue, knowledge and language spoken most often at home rows for Plautdietsch, Low German n.o.s. and Yiddish | CA_MB_EAL_MENNONITE: Canadian-born Mennonite EAL learner discussion | OER_UNESCO_2019: Definition I.1 and scope | CATALOG_OTL_20260901: links.total_count after language-code query; counts reproduced in each row | CATALOG_DOAB_20260901: x-total-count after exact dc.language label query; counts reproduced in each row","Mother tongue, knowledge and home-use constructs differ. Manitoba subgroup guidance cannot be generalized nationally. Orthographies, ages, disability/access and learning outcomes are unresolved.",,NEW_EDITION_EVIDENCE,false,d95cd0bc42f72a77a3a13096a6b344737de35ef5ba7bf366b7e45b7b52f8d8ca
regional:AMERICAS_EUROPE_EMPIRICAL_NEED_INPUTS:poh-Latn-GT:199,AMERICAS_EUROPE_EMPIRICAL_NEED_INPUTS,poh-Latn-GT,edition-target:lang:poh-GT,REGIONAL_EMPIRICAL_STRATUM,census_exact_childhood_acquired_language,persons age 4+ reporting the named language as the language in which they learned to speak,,133074,,"2018 census exact language-learned-to-speak count; not current use, proficiency or ethnic belonging.",2018,Guatemala,written and spoken; Latin-script official educational orthography,GT_CENSUS_LANGUAGE_2018;GT_EIB_G1_READING_2008;GT_EIB_DELIVERY_2022;GT_DIGEBI_TARGET;OER_UNESCO_2019,https://censo2018.ine.gob.gt/archivos/Principales_resultados_Censo2018.pdf;https://edu.mineduc.gob.gt/digeduca/documents/informes/Informe_Primaria_Bilingue_2008.pdf;https://edu.mineduc.gob.gt/documents/memoriaLabores/Memoria_de_Labores_2022.pdf;https://digebi.mineduc.gob.gt/digebi/nuestra-meta/;https://www.unesco.org/en/legal-affairs/recommendation-open-educational-resources-oer?hub=422,"GT_CENSUS_LANGUAGE_2018: language in which persons age 4+ learned to speak by exact named language | GT_EIB_G1_READING_2008: p. 32, Figure 14: Spanish-reading performance by K’iche’, Kaqchikel, Mam and Q’eqchi’ labels | GT_EIB_DELIVERY_2022: p. 40 Table 11 EIB enrolment by stage and language-material production | GT_DIGEBI_TARGET: named-language stage targets through Grade 6 versus preprimary–Grade 3 | OER_UNESCO_2019: Definition I.1 and scope","Childhood language, EIB programme totals, Grade 1 assessment and material outputs have different denominators. Exact language does not imply one dialect/orthography; no dominant-language or device coverage inferred.",,NEW_EDITION_EVIDENCE,false,ab4d415944ab350edd823862e848190683403c693d9c6419e52f97f855a8a7ad
regional:AMERICAS_EUROPE_EMPIRICAL_NEED_INPUTS:pt-BR:200,AMERICAS_EUROPE_EMPIRICAL_NEED_INPUTS,pt-BR,,REGIONAL_EMPIRICAL_STRATUM,census_territorial_population_ceiling,"resident territorial population ceiling, not standard speakers",,,203080756,Census 2022 resident population retained only as a ceiling; constitutional official status does not enumerate Brazilian Portuguese speakers.,2022,Brazil,written and spoken; Latin script,BR_CENSUS_POP_2022;BR_INDIG_LANGUAGE_LITERACY_2022;BR_MEC_INDIG_SCHOOLS_2018;UNESCO_ERCE_READING_2019;BR_IBGE_INTERNET_2023;OER_UNESCO_2019;CATALOG_OTL_20260901;CATALOG_DOAB_20260901,https://ftp.ibge.gov.br/Censos/Censo_Demografico_2022/Populacao_e_domicilios_Primeiros_resultados/Resultados_da_2a_apuracao_20231027/POP2022_Municipios_Primeiros_Resultados_20231222.pdf;https://agenciadenoticias.ibge.gov.br/en/agencia-press-room/2184-news-agency/news/44866-2022-census-brazil-has-391-indigenous-ethnicities-and-295-indigenous-languages.html;https://portal.mec.gov.br/busca-geral/206noticias/1084311476/75261-mec-trabalha-por-avancos-na-educacao-escolar-indigena;https://unesdoc.unesco.org/in/rest/annotationSVC/DownloadWatermarkedAttachment/attach_import_467d448e-d64b-4f4d-b86f-f65db90b6b9b?_=380257spa.pdf;https://educa.ibge.gov.br/jovens/materias-especiais/21581-informacoes-atualizadas-sobre-tecnologias-da-informacao-e-comunicacao.html;https://www.unesco.org/en/legal-affairs/recommendation-open-educational-resources-oer?hub=422;https://open.umn.edu/opentextbooks/textbooks.json;https://directory.doabooks.org/rest/search,"BR_CENSUS_POP_2022: resident population 203,080,756 | BR_INDIG_LANGUAGE_LITERACY_2022: Indigenous-language speakers, Portuguese home use and literacy by language-use subgroup | BR_MEC_INDIG_SCHOOLS_2018: enrolment/school totals and library, broadband, computer-lab and specific-material gaps | UNESCO_ERCE_READING_2019: Annex p. 43: country percentage reaching minimum reading level, Grade 3 Level II+ and Grade 6 Level III+ | BR_IBGE_INTERNET_2023: connected/unconnected households and stated reasons | OER_UNESCO_2019: Definition I.1 and scope | CATALOG_OTL_20260901: links.total_count after language-code query; counts reproduced in each row | CATALOG_DOAB_20260901: x-total-count after exact dc.language label query; counts reproduced in each row","Territory ceiling, Indigenous subgroup, school infrastructure, ERCE and household access differ. No exact Brazilian Portuguese speaker count or territory-specific open inventory.",,EVIDENCE_ONLY_CONTEXT,false,f87d7d0be2f6b58d81f250522850cb1874878d626c4e2768dcc8dd5ce1c294b9
regional:AMERICAS_EUROPE_EMPIRICAL_NEED_INPUTS:pt-PT:201,AMERICAS_EUROPE_EMPIRICAL_NEED_INPUTS,pt-PT,,REGIONAL_EMPIRICAL_STRATUM,census_territorial_population_ceiling,"resident territorial population ceiling, not standard speakers",,,10343066,Census 2021 resident total retained only as a ceiling; no exact European-Portuguese speaker count inferred.,2021,Portugal,written and spoken; Latin script,PT_CENSUS_POP_2021;PT_PISA_2022;PT_DGE_DIGITAL_MANUALS_2025_26;PT_DGE_OPEN_RESOURCES;EUROSTAT_INTERNET_2025;OER_UNESCO_2019;CATALOG_OTL_20260901;CATALOG_DOAB_20260901,https://www.ine.pt/scripts/esc2023/5.SUPERMAT.pdf;https://www.oecd.org/en/publications/pisa-2022-results-volume-i-and-ii-country-notes_ed6fbcc5-en/portugal_777942d5-en.html;https://digital.dge.mec.pt/projeto-piloto-manuais-digitais;https://apoioescolas.dge.mec.pt/recursos/recursos-educativos-digitais-e-abertos-reda;https://ec.europa.eu/eurostat/statistics-explained/SEPDF/cache/108644.pdf;https://www.unesco.org/en/legal-affairs/recommendation-open-educational-resources-oer?hub=422;https://open.umn.edu/opentextbooks/textbooks.json;https://directory.doabooks.org/rest/search,"PT_CENSUS_POP_2021: resident population 10,343,066 | PT_PISA_2022: reading Level 2+ and Level 5+ shares | PT_DGE_DIGITAL_MANUALS_2025_26: 49 schools, 324 classes and 6,462 learners using digital manuals | PT_DGE_OPEN_RESOURCES: stage categories and open digital resource portal description | EUROSTAT_INTERNET_2025: household internet-access section and country chart | OER_UNESCO_2019: Definition I.1 and scope | CATALOG_OTL_20260901: links.total_count after language-code query; counts reproduced in each row | CATALOG_DOAB_20260901: x-total-count after exact dc.language label query; counts reproduced in each row","Territory ceiling not speakers. PISA, program reach and internet have different denominators; global Portuguese catalog counts are not national standard supply.",,EVIDENCE_ONLY_CONTEXT,false,fb21edea35472fe69135ff57adee19b02e36d86b67255df8646280559aa1426a
regional:AMERICAS_EUROPE_EMPIRICAL_NEED_INPUTS:qu-collao-Latn-PE:202,AMERICAS_EUROPE_EMPIRICAL_NEED_INPUTS,qu-collao-Latn-PE,,REGIONAL_EMPIRICAL_STRATUM,exact_variety_count_unavailable_shared_combined_statement_only,exact-variety speakers,,,,No source-stated exact-variety person count was verified; numeric fields are blank.,2017 combined evidence,"Cusco, Puno, eastern Apurímac, Moquegua and Arequipa, Peru",written and spoken; Latin-script official educational orthography,PE_MINEDU_SOUTHERN_QUECHUA;PE_ECE_EIB_READING_2018;OER_UNESCO_2019;CATALOG_OTL_20260901;CATALOG_DOAB_20260901,https://repositorio.minedu.gob.pe/bitstream/handle/20.500.12799/7490/Yachachinapaq%20simikuna%20-%20Urin%20Qichwa%20vocabulario%20pedag%C3%B3gico%20quechua%20sure%C3%B1o.pdf?isAllowed=y&sequence=1;https://repositorio.minedu.gob.pe/bitstream/handle/20.500.12799/6562/Resultados%202018%20Evaluaci%C3%B3n%20Censal%20de%20Estudiantes%20y%20Evaluaci%C3%B3n%20Muestral%20de%20Estudiantes%20evaluaciones%20de%20logros%20de%20aprendizaje.pdf?isAllowed=y&sequence=1;https://www.unesco.org/en/legal-affairs/recommendation-open-educational-resources-oer?hub=422;https://open.umn.edu/opentextbooks/textbooks.json;https://directory.doabooks.org/rest/search,"PE_MINEDU_SOUTHERN_QUECHUA: introductory Southern Quechua variety definition and combined >2.3 million statement | PE_ECE_EIB_READING_2018: p. 32: Grade 4 EIB first-language reading by Chanka, Collao and Aymara labels | OER_UNESCO_2019: Definition I.1 and scope | CATALOG_OTL_20260901: links.total_count after language-code query; counts reproduced in each row | CATALOG_DOAB_20260901: x-total-count after exact dc.language label query; counts reproduced in each row","The >2.3 million statement is combined Chanka+Collao and not an exact-variety population. School assessment, speakers and material inventories have different denominators; Spanish/English and access cross-tabs are absent.",,EVIDENCE_ONLY_CONTEXT,false,7acdef06c1aea6d6f10aa2edbb293613d1324b9ae8794e5122d71cae7d22a90f
regional:AMERICAS_EUROPE_EMPIRICAL_NEED_INPUTS:quc-Latn-GT:203,AMERICAS_EUROPE_EMPIRICAL_NEED_INPUTS,quc-Latn-GT,edition-target:lang:quc-GT,REGIONAL_EMPIRICAL_STRATUM,census_exact_childhood_acquired_language,persons age 4+ reporting the named language as the language in which they learned to speak,,1054818,,"2018 census exact language-learned-to-speak count; not current use, proficiency or ethnic belonging.",2018,Guatemala,written and spoken; Latin-script official educational orthography,GT_CENSUS_LANGUAGE_2018;GT_EIB_G1_READING_2008;GT_EIB_DELIVERY_2022;GT_DIGEBI_TARGET;OER_UNESCO_2019,https://censo2018.ine.gob.gt/archivos/Principales_resultados_Censo2018.pdf;https://edu.mineduc.gob.gt/digeduca/documents/informes/Informe_Primaria_Bilingue_2008.pdf;https://edu.mineduc.gob.gt/documents/memoriaLabores/Memoria_de_Labores_2022.pdf;https://digebi.mineduc.gob.gt/digebi/nuestra-meta/;https://www.unesco.org/en/legal-affairs/recommendation-open-educational-resources-oer?hub=422,"GT_CENSUS_LANGUAGE_2018: language in which persons age 4+ learned to speak by exact named language | GT_EIB_G1_READING_2008: p. 32, Figure 14: Spanish-reading performance by K’iche’, Kaqchikel, Mam and Q’eqchi’ labels | GT_EIB_DELIVERY_2022: p. 40 Table 11 EIB enrolment by stage and language-material production | GT_DIGEBI_TARGET: named-language stage targets through Grade 6 versus preprimary–Grade 3 | OER_UNESCO_2019: Definition I.1 and scope","Childhood language, EIB programme totals, Grade 1 assessment and material outputs have different denominators. Exact language does not imply one dialect/orthography; no dominant-language or device coverage inferred.",,ATTACHED_TO_EXISTING_EDITION,false,e10acab567ee37a1dc88158e1e409a5863d2eacc3e2bae619fa9613ce9ab3080
regional:AMERICAS_EUROPE_EMPIRICAL_NEED_INPUTS:quy-Latn-PE:204,AMERICAS_EUROPE_EMPIRICAL_NEED_INPUTS,quy-Latn-PE,,REGIONAL_EMPIRICAL_STRATUM,exact_variety_count_unavailable_shared_combined_statement_only,exact-variety speakers,,,,No source-stated exact-variety person count was verified; numeric fields are blank.,2017 combined evidence,"Huancavelica, Ayacucho and western Apurímac, Peru",written and spoken; Latin-script official educational orthography,PE_MINEDU_SOUTHERN_QUECHUA;PE_ECE_EIB_READING_2018;OER_UNESCO_2019;CATALOG_OTL_20260901;CATALOG_DOAB_20260901,https://repositorio.minedu.gob.pe/bitstream/handle/20.500.12799/7490/Yachachinapaq%20simikuna%20-%20Urin%20Qichwa%20vocabulario%20pedag%C3%B3gico%20quechua%20sure%C3%B1o.pdf?isAllowed=y&sequence=1;https://repositorio.minedu.gob.pe/bitstream/handle/20.500.12799/6562/Resultados%202018%20Evaluaci%C3%B3n%20Censal%20de%20Estudiantes%20y%20Evaluaci%C3%B3n%20Muestral%20de%20Estudiantes%20evaluaciones%20de%20logros%20de%20aprendizaje.pdf?isAllowed=y&sequence=1;https://www.unesco.org/en/legal-affairs/recommendation-open-educational-resources-oer?hub=422;https://open.umn.edu/opentextbooks/textbooks.json;https://directory.doabooks.org/rest/search,"PE_MINEDU_SOUTHERN_QUECHUA: introductory Southern Quechua variety definition and combined >2.3 million statement | PE_ECE_EIB_READING_2018: p. 32: Grade 4 EIB first-language reading by Chanka, Collao and Aymara labels | OER_UNESCO_2019: Definition I.1 and scope | CATALOG_OTL_20260901: links.total_count after language-code query; counts reproduced in each row | CATALOG_DOAB_20260901: x-total-count after exact dc.language label query; counts reproduced in each row","The >2.3 million statement is combined Chanka+Collao and not an exact-variety population. School assessment, speakers and material inventories have different denominators; Spanish/English and access cross-tabs are absent.",,EVIDENCE_ONLY_CONTEXT,false,652e38867f4b4e9f285272bb493bf5e9de567e916f29aeeadd319bdb7df32620
regional:AMERICAS_EUROPE_EMPIRICAL_NEED_INPUTS:rmf-Latn-FI:205,AMERICAS_EUROPE_EMPIRICAL_NEED_INPUTS,rmf-Latn-FI,edition-target:regional:rmf-Latn-FI,REGIONAL_EMPIRICAL_STRATUM,source_stated_2009_fluent_speaker_estimate_range,persons estimated fluent in Finnish Kalo,3000,,4000,"Finnish state report cites a 2009 estimate of 3,000–4,000 fluent speakers; no midpoint is manufactured.",2009 estimate cited 2018,Finland,written and spoken; Latin teaching orthography,FI_KALO_STATE_REPORT_2018;FI_KALO_COE_2024;COE_ROMANI_HETEROGENEITY_2017;ECML_QUALIROM_2013;GOOGLE_ROMANI_2024;COMMON_VOICE_26_2026;OER_UNESCO_2019;CATALOG_OTL_20260901;CATALOG_DOAB_20260901,https://rm.coe.int/5th-sr-finland-annexe-2-report-of-the-government-on-the-application-of/1680924c34;https://rm.coe.int/finlandecrml6-en/1680aff869;https://rm.coe.int/thematic-report-on-languages-spoken-by-roma-boyash-sinti-kaale-and-yen/1680a7b338;https://www.ecml.at/en/Resources/ECMLresources/ID/147;https://blog.google/intl/en-in/google-translate-new-languages-2024/;https://raw.githubusercontent.com/common-voice/cv-dataset/main/datasets/scripted-speech/cv-corpus-26.0-2026-06-12.json;https://www.unesco.org/en/legal-affairs/recommendation-open-educational-resources-oer?hub=422;https://open.umn.edu/opentextbooks/textbooks.json;https://directory.doabooks.org/rest/search,"FI_KALO_STATE_REPORT_2018: pp. 13 and 37–38: Finnish Roma ethnicity, fluent Kalo estimate, registry undercount and decline | FI_KALO_COE_2024: p. 13: language nests/clubs, school instruction, materials and teacher-training gaps | COE_ROMANI_HETEROGENEITY_2017: pp. 7–10: heterogeneity, oral transmission and homogeneous-standard education obstacles | ECML_QUALIROM_2013: exact variety packages, A1–B2 levels and adaptable units | GOOGLE_ROMANI_2024: Romani output described as closest to Southern Vlax with Northern Vlax and Balkan elements | COMMON_VOICE_26_2026: locale entry counts/hours and absence audit | OER_UNESCO_2019: Definition I.1 and scope | CATALOG_OTL_20260901: links.total_count after language-code query; counts reproduced in each row | CATALOG_DOAB_20260901: x-total-count after exact dc.language label query; counts reproduced in each row","Ethnicity, fluency estimate, registry and pupil enrolment differ in year/construct. Aggregate QualiRom volume and macro systems cannot be assigned to Finnish Kalo.",,NEW_EDITION_EVIDENCE,false,2cc19c1bfef7540ff3c3806e5c851919c674614c05cd07a9822c2cdd0d00303d
regional:AMERICAS_EUROPE_EMPIRICAL_NEED_INPUTS:rom-arlije-Latn-AT-RS:206,AMERICAS_EUROPE_EMPIRICAL_NEED_INPUTS,rom-arlije-Latn-AT-RS,edition-target:regional:rom-arlije-Latn-AT-RS,REGIONAL_EMPIRICAL_STRATUM,unrankable_no_compatible_exact_variety_person_measure,exact-variety persons,,,,No compatible exact-variety person count was verified; numeric fields are blank.,2013 resource / 2017 monitoring,Vienna/Austria migrant communities and Serbia primary settings,written and spoken; Latin teaching orthography,COE_ROMANI_HETEROGENEITY_2017;ECML_QUALIROM_2013;GOOGLE_ROMANI_2024;COMMON_VOICE_26_2026;OER_UNESCO_2019;CATALOG_OTL_20260901;CATALOG_DOAB_20260901,https://rm.coe.int/thematic-report-on-languages-spoken-by-roma-boyash-sinti-kaale-and-yen/1680a7b338;https://www.ecml.at/en/Resources/ECMLresources/ID/147;https://blog.google/intl/en-in/google-translate-new-languages-2024/;https://raw.githubusercontent.com/common-voice/cv-dataset/main/datasets/scripted-speech/cv-corpus-26.0-2026-06-12.json;https://www.unesco.org/en/legal-affairs/recommendation-open-educational-resources-oer?hub=422;https://open.umn.edu/opentextbooks/textbooks.json;https://directory.doabooks.org/rest/search,"COE_ROMANI_HETEROGENEITY_2017: pp. 7–10: heterogeneity, oral transmission and homogeneous-standard education obstacles | ECML_QUALIROM_2013: exact variety packages, A1–B2 levels and adaptable units | GOOGLE_ROMANI_2024: Romani output described as closest to Southern Vlax with Northern Vlax and Balkan elements | COMMON_VOICE_26_2026: locale entry counts/hours and absence audit | OER_UNESCO_2019: Definition I.1 and scope | CATALOG_OTL_20260901: links.total_count after language-code query; counts reproduced in each row | CATALOG_DOAB_20260901: x-total-count after exact dc.language label query; counts reproduced in each row","No exact person denominator/outcome. Macro Romani population, Google mixed output and aggregate QualiRom page counts are excluded; exact teaching variety is retained.",,NEW_EDITION_EVIDENCE,false,24572d5f2a3de4938987fc5d98d647d3065b8ed358778281343e1010db3a5de2
regional:AMERICAS_EUROPE_EMPIRICAL_NEED_INPUTS:rom-east-slovak-Latn-SK-CZ-AT:207,AMERICAS_EUROPE_EMPIRICAL_NEED_INPUTS,rom-east-slovak-Latn-SK-CZ-AT,edition-target:regional:rom-east-slovak-Latn-SK-CZ-AT,REGIONAL_EMPIRICAL_STRATUM,unrankable_no_compatible_exact_variety_person_measure,exact-variety persons,,,,No compatible exact-variety person count was verified; numeric fields are blank.,2013 resource / 2017 monitoring,"Slovakia, Czechia and migrant communities in Austria",written and spoken; Latin teaching orthography,COE_ROMANI_HETEROGENEITY_2017;ECML_QUALIROM_2013;GOOGLE_ROMANI_2024;COMMON_VOICE_26_2026;OER_UNESCO_2019;CATALOG_OTL_20260901;CATALOG_DOAB_20260901,https://rm.coe.int/thematic-report-on-languages-spoken-by-roma-boyash-sinti-kaale-and-yen/1680a7b338;https://www.ecml.at/en/Resources/ECMLresources/ID/147;https://blog.google/intl/en-in/google-translate-new-languages-2024/;https://raw.githubusercontent.com/common-voice/cv-dataset/main/datasets/scripted-speech/cv-corpus-26.0-2026-06-12.json;https://www.unesco.org/en/legal-affairs/recommendation-open-educational-resources-oer?hub=422;https://open.umn.edu/opentextbooks/textbooks.json;https://directory.doabooks.org/rest/search,"COE_ROMANI_HETEROGENEITY_2017: pp. 7–10: heterogeneity, oral transmission and homogeneous-standard education obstacles | ECML_QUALIROM_2013: exact variety packages, A1–B2 levels and adaptable units | GOOGLE_ROMANI_2024: Romani output described as closest to Southern Vlax with Northern Vlax and Balkan elements | COMMON_VOICE_26_2026: locale entry counts/hours and absence audit | OER_UNESCO_2019: Definition I.1 and scope | CATALOG_OTL_20260901: links.total_count after language-code query; counts reproduced in each row | CATALOG_DOAB_20260901: x-total-count after exact dc.language label query; counts reproduced in each row","No exact person denominator/outcome. Macro Romani population, Google mixed output and aggregate QualiRom page counts are excluded; exact teaching variety is retained.",,NEW_EDITION_EVIDENCE,false,4ad192d5f0509e60c98e8ddba791c1b43f3bf0a0ef267ea8970b83c062ab0c45
regional:AMERICAS_EUROPE_EMPIRICAL_NEED_INPUTS:rom-gurbet-cs-Latn-RS:208,AMERICAS_EUROPE_EMPIRICAL_NEED_INPUTS,rom-gurbet-cs-Latn-RS,edition-target:regional:rom-gurbet-cs-Latn-RS,REGIONAL_EMPIRICAL_STRATUM,unrankable_no_compatible_exact_variety_person_measure,exact-variety persons,,,,No compatible exact-variety person count was verified; numeric fields are blank.,2013 resource / 2017 monitoring,Central Serbia,written and spoken; Latin teaching orthography,COE_ROMANI_HETEROGENEITY_2017;ECML_QUALIROM_2013;GOOGLE_ROMANI_2024;COMMON_VOICE_26_2026;OER_UNESCO_2019;CATALOG_OTL_20260901;CATALOG_DOAB_20260901,https://rm.coe.int/thematic-report-on-languages-spoken-by-roma-boyash-sinti-kaale-and-yen/1680a7b338;https://www.ecml.at/en/Resources/ECMLresources/ID/147;https://blog.google/intl/en-in/google-translate-new-languages-2024/;https://raw.githubusercontent.com/common-voice/cv-dataset/main/datasets/scripted-speech/cv-corpus-26.0-2026-06-12.json;https://www.unesco.org/en/legal-affairs/recommendation-open-educational-resources-oer?hub=422;https://open.umn.edu/opentextbooks/textbooks.json;https://directory.doabooks.org/rest/search,"COE_ROMANI_HETEROGENEITY_2017: pp. 7–10: heterogeneity, oral transmission and homogeneous-standard education obstacles | ECML_QUALIROM_2013: exact variety packages, A1–B2 levels and adaptable units | GOOGLE_ROMANI_2024: Romani output described as closest to Southern Vlax with Northern Vlax and Balkan elements | COMMON_VOICE_26_2026: locale entry counts/hours and absence audit | OER_UNESCO_2019: Definition I.1 and scope | CATALOG_OTL_20260901: links.total_count after language-code query; counts reproduced in each row | CATALOG_DOAB_20260901: x-total-count after exact dc.language label query; counts reproduced in each row","No exact person denominator/outcome. Macro Romani population, Google mixed output and aggregate QualiRom page counts are excluded; exact teaching variety is retained.",,NEW_EDITION_EVIDENCE,false,f6f1e0c7ec0c175dd1a9a9ee75f66ab2a4b57ab39bd164f03ace7a4983998b48
regional:AMERICAS_EUROPE_EMPIRICAL_NEED_INPUTS:rom-gurbet-vo-Latn-RS:209,AMERICAS_EUROPE_EMPIRICAL_NEED_INPUTS,rom-gurbet-vo-Latn-RS,edition-target:regional:rom-gurbet-vo-Latn-RS,REGIONAL_EMPIRICAL_STRATUM,unrankable_no_compatible_exact_variety_person_measure,exact-variety persons,,,,No compatible exact-variety person count was verified; numeric fields are blank.,2013 resource / 2017 monitoring,"Vojvodina, Serbia",written and spoken; Latin teaching orthography,COE_ROMANI_HETEROGENEITY_2017;ECML_QUALIROM_2013;GOOGLE_ROMANI_2024;COMMON_VOICE_26_2026;OER_UNESCO_2019;CATALOG_OTL_20260901;CATALOG_DOAB_20260901,https://rm.coe.int/thematic-report-on-languages-spoken-by-roma-boyash-sinti-kaale-and-yen/1680a7b338;https://www.ecml.at/en/Resources/ECMLresources/ID/147;https://blog.google/intl/en-in/google-translate-new-languages-2024/;https://raw.githubusercontent.com/common-voice/cv-dataset/main/datasets/scripted-speech/cv-corpus-26.0-2026-06-12.json;https://www.unesco.org/en/legal-affairs/recommendation-open-educational-resources-oer?hub=422;https://open.umn.edu/opentextbooks/textbooks.json;https://directory.doabooks.org/rest/search,"COE_ROMANI_HETEROGENEITY_2017: pp. 7–10: heterogeneity, oral transmission and homogeneous-standard education obstacles | ECML_QUALIROM_2013: exact variety packages, A1–B2 levels and adaptable units | GOOGLE_ROMANI_2024: Romani output described as closest to Southern Vlax with Northern Vlax and Balkan elements | COMMON_VOICE_26_2026: locale entry counts/hours and absence audit | OER_UNESCO_2019: Definition I.1 and scope | CATALOG_OTL_20260901: links.total_count after language-code query; counts reproduced in each row | CATALOG_DOAB_20260901: x-total-count after exact dc.language label query; counts reproduced in each row","No exact person denominator/outcome. Macro Romani population, Google mixed output and aggregate QualiRom page counts are excluded; exact teaching variety is retained.",,NEW_EDITION_EVIDENCE,false,fa9518c3918c9b4850c224e62980e39f4daab1e87e2d7550f2c8ea9ea043e038
regional:AMERICAS_EUROPE_EMPIRICAL_NEED_INPUTS:rom-kalderas-Latn-AT:210,AMERICAS_EUROPE_EMPIRICAL_NEED_INPUTS,rom-kalderas-Latn-AT,edition-target:regional:rom-kalderas-Latn-AT,REGIONAL_EMPIRICAL_STRATUM,unrankable_no_compatible_exact_variety_person_measure,exact-variety persons,,,,No compatible exact-variety person count was verified; numeric fields are blank.,2013 resource / 2017 monitoring,Austria,written and spoken; Latin teaching orthography,COE_ROMANI_HETEROGENEITY_2017;ECML_QUALIROM_2013;GOOGLE_ROMANI_2024;COMMON_VOICE_26_2026;OER_UNESCO_2019;CATALOG_OTL_20260901;CATALOG_DOAB_20260901,https://rm.coe.int/thematic-report-on-languages-spoken-by-roma-boyash-sinti-kaale-and-yen/1680a7b338;https://www.ecml.at/en/Resources/ECMLresources/ID/147;https://blog.google/intl/en-in/google-translate-new-languages-2024/;https://raw.githubusercontent.com/common-voice/cv-dataset/main/datasets/scripted-speech/cv-corpus-26.0-2026-06-12.json;https://www.unesco.org/en/legal-affairs/recommendation-open-educational-resources-oer?hub=422;https://open.umn.edu/opentextbooks/textbooks.json;https://directory.doabooks.org/rest/search,"COE_ROMANI_HETEROGENEITY_2017: pp. 7–10: heterogeneity, oral transmission and homogeneous-standard education obstacles | ECML_QUALIROM_2013: exact variety packages, A1–B2 levels and adaptable units | GOOGLE_ROMANI_2024: Romani output described as closest to Southern Vlax with Northern Vlax and Balkan elements | COMMON_VOICE_26_2026: locale entry counts/hours and absence audit | OER_UNESCO_2019: Definition I.1 and scope | CATALOG_OTL_20260901: links.total_count after language-code query; counts reproduced in each row | CATALOG_DOAB_20260901: x-total-count after exact dc.language label query; counts reproduced in each row","No exact person denominator/outcome. Macro Romani population, Google mixed output and aggregate QualiRom page counts are excluded; exact teaching variety is retained.",,NEW_EDITION_EVIDENCE,false,a8fac4a4219e83ec8aa7597474dc1754635128cdd4ba44232c4b4000b035023f
regional:AMERICAS_EUROPE_EMPIRICAL_NEED_INPUTS:rom-lovara-Latn-AT-CZ:211,AMERICAS_EUROPE_EMPIRICAL_NEED_INPUTS,rom-lovara-Latn-AT-CZ,edition-target:regional:rom-lovara-Latn-AT-CZ,REGIONAL_EMPIRICAL_STRATUM,unrankable_no_compatible_exact_variety_person_measure,exact-variety persons,,,,No compatible exact-variety person count was verified; numeric fields are blank.,2013 resource / 2017 monitoring,Austria and Czechia,written and spoken; Latin teaching orthography,COE_ROMANI_HETEROGENEITY_2017;ECML_QUALIROM_2013;GOOGLE_ROMANI_2024;COMMON_VOICE_26_2026;OER_UNESCO_2019;CATALOG_OTL_20260901;CATALOG_DOAB_20260901,https://rm.coe.int/thematic-report-on-languages-spoken-by-roma-boyash-sinti-kaale-and-yen/1680a7b338;https://www.ecml.at/en/Resources/ECMLresources/ID/147;https://blog.google/intl/en-in/google-translate-new-languages-2024/;https://raw.githubusercontent.com/common-voice/cv-dataset/main/datasets/scripted-speech/cv-corpus-26.0-2026-06-12.json;https://www.unesco.org/en/legal-affairs/recommendation-open-educational-resources-oer?hub=422;https://open.umn.edu/opentextbooks/textbooks.json;https://directory.doabooks.org/rest/search,"COE_ROMANI_HETEROGENEITY_2017: pp. 7–10: heterogeneity, oral transmission and homogeneous-standard education obstacles | ECML_QUALIROM_2013: exact variety packages, A1–B2 levels and adaptable units | GOOGLE_ROMANI_2024: Romani output described as closest to Southern Vlax with Northern Vlax and Balkan elements | COMMON_VOICE_26_2026: locale entry counts/hours and absence audit | OER_UNESCO_2019: Definition I.1 and scope | CATALOG_OTL_20260901: links.total_count after language-code query; counts reproduced in each row | CATALOG_DOAB_20260901: x-total-count after exact dc.language label query; counts reproduced in each row","No exact person denominator/outcome. Macro Romani population, Google mixed output and aggregate QualiRom page counts are excluded; exact teaching variety is retained.",,NEW_EDITION_EVIDENCE,false,d44e1874990fcbb8288ed3a75393ef9d9cc97fe5f9e7ca596fab516aa7cd3d81
regional:AMERICAS_EUROPE_EMPIRICAL_NEED_INPUTS:ru-Cyrl-EE:212,AMERICAS_EUROPE_EMPIRICAL_NEED_INPUTS,ru-Cyrl-EE,edition-target:regional:ru-Cyrl-EE,REGIONAL_EMPIRICAL_STRATUM,census_mother_tongue_exact_table_cell,census residents reporting Russian mother tongue,,379210,,"Statistics Estonia PxWeb table RL21434 exact whole-country cell: age groups total, both sexes, Russian mother tongue.",2021,Estonia,written and spoken; Cyrillic script,EE_CENSUS_MOTHER_TONGUE_2021;EE_EDUCATION_TRANSITION;EUROSTAT_INTERNET_2025;OER_UNESCO_2019;CATALOG_OTL_20260901;CATALOG_DOAB_20260901,https://andmed.stat.ee/en/stat/rahvaloendus__rel2021__rahvastiku-demograafilised-ja-etno-kultuurilised-naitajad__rahvus-emakeel/RL21434;https://www.hm.ee/en/node/234;https://ec.europa.eu/eurostat/statistics-explained/SEPDF/cache/108644.pdf;https://www.unesco.org/en/legal-affairs/recommendation-open-educational-resources-oer?hub=422;https://open.umn.edu/opentextbooks/textbooks.json;https://directory.doabooks.org/rest/search,"EE_CENSUS_MOTHER_TONGUE_2021: Whole country; age groups total; males and females; mother tongue=Russian: 379,210 | EE_EDUCATION_TRANSITION: transition timetable, prior Russian-medium exposure and Estonian-support requirements | EUROSTAT_INTERNET_2025: household internet-access section and country chart | OER_UNESCO_2019: Definition I.1 and scope | CATALOG_OTL_20260901: links.total_count after language-code query; counts reproduced in each row | CATALOG_DOAB_20260901: x-total-count after exact dc.language label query; counts reproduced in each row","Mother tongue, prior medium of instruction and Estonian proficiency are different constructs. Global Russian resources are not Estonia-transition coverage. No learning/device/disability cross-tabs.",,NEW_EDITION_EVIDENCE,false,fa9fecda28a696ad29070232fb866360870ce0c26b84d5c6611854dd4bfaf4b9
regional:AMERICAS_EUROPE_EMPIRICAL_NEED_INPUTS:sco-Latn-GB-SCT:213,AMERICAS_EUROPE_EMPIRICAL_NEED_INPUTS,sco-Latn-GB-SCT,,REGIONAL_EMPIRICAL_STRATUM,census_self_reported_speaking_ability_umbrella_category,usual residents age 3+ reporting ability to speak Scots,,1508540,,2022 census source-stated count reporting ability to speak Scots; dialects are not split by the source.,2022,"Scotland, United Kingdom",written and spoken; Latin script; orthographic variation,SCOTLAND_SCOTS_POLICY_2022;OER_UNESCO_2019;CATALOG_OTL_20260901;CATALOG_DOAB_20260901,https://www.gov.scot/policies/languages/scots/;https://www.unesco.org/en/legal-affairs/recommendation-open-educational-resources-oer?hub=422;https://open.umn.edu/opentextbooks/textbooks.json;https://directory.doabooks.org/rest/search,SCOTLAND_SCOTS_POLICY_2022: Scots census ability totals and education-support section | OER_UNESCO_2019: Definition I.1 and scope | CATALOG_OTL_20260901: links.total_count after language-code query; counts reproduced in each row | CATALOG_DOAB_20260901: x-total-count after exact dc.language label query; counts reproduced in each row,"The census macro-category does not identify Doric, Insular, Central, Southern or Ulster varieties. Any-skill and speaking constructs are incompatible. No outcome/access cross-tabs exist in the cited evidence.",,EVIDENCE_ONLY_CONTEXT,false,9efe7c95bfc9149b00ad538e460d6ffa8965be6db67c151c0523f84903140e0e
regional:AMERICAS_EUROPE_EMPIRICAL_NEED_INPUTS:srm-Latn-SR:214,AMERICAS_EUROPE_EMPIRICAL_NEED_INPUTS,srm-Latn-SR,edition-target:lang:srm-SR,REGIONAL_EMPIRICAL_STRATUM,unrankable_no_compatible_person_measure,exact-variety persons,,,,No compatible exact person measure was verified; numeric fields are blank.,2024 resource evidence,Suriname and French Guiana,written and spoken; Latin script; exact orthographic coverage unverified,KREYOL_MT_2024;COMMON_VOICE_26_2026;OER_UNESCO_2019,https://www.cs.jhu.edu/~kevinduh/t/naacl24/final_pdf/paper289.pdf;https://raw.githubusercontent.com/common-voice/cv-dataset/main/datasets/scripted-speech/cv-corpus-26.0-2026-06-12.json;https://www.unesco.org/en/legal-affairs/recommendation-open-educational-resources-oer?hub=422,"KREYOL_MT_2024: pp. 2, 5–6 and Table 3: exact/pooled language public/all sentence counts and genre transfer | COMMON_VOICE_26_2026: locale entry counts/hours and absence audit | OER_UNESCO_2019: Definition I.1 and scope","Sentence pairs are not people, learning or curriculum. No exact population/outcome/access evidence; neighboring Creole standards are nonallocable.",,NEW_EDITION_EVIDENCE,false,664ff1d93ba89c2d6a4658a57bd2ed971b254212ca37c0e1fc700e803eab3bd9
regional:AMERICAS_EUROPE_EMPIRICAL_NEED_INPUTS:srn-Latn-SR:215,AMERICAS_EUROPE_EMPIRICAL_NEED_INPUTS,srn-Latn-SR,edition-target:lang:srn-SR,REGIONAL_EMPIRICAL_STRATUM,household_counts_no_person_estimate,households by most-used language (not persons),,,,"No person count is used. Census 2012 enumerated 140,367 households; 11,802 listed Sranan most-used and 50,143 as second household language.",2012,Suriname,written and spoken; Latin script,SR_CENSUS_LANGUAGE_2012;SR_WORLD_BANK_EDU_2023;KREYOL_MT_2024;COMMON_VOICE_26_2026;OER_UNESCO_2019,https://statistics-suriname.org/wp-content/uploads/2019/05/Publicatie-Census-8-Volume-3-Huishoudens-Gezinnen-en-Woonverblijven-Milieu-Criminaliteit.pdf;https://documents1.worldbank.org/curated/en/099062923162588381/pdf/BOSIB1913074e817f3914e6f18d7313e018d2993a1.pdf;https://www.cs.jhu.edu/~kevinduh/t/naacl24/final_pdf/paper289.pdf;https://raw.githubusercontent.com/common-voice/cv-dataset/main/datasets/scripted-speech/cv-corpus-26.0-2026-06-12.json;https://www.unesco.org/en/legal-affairs/recommendation-open-educational-resources-oer?hub=422,"SR_CENSUS_LANGUAGE_2012: Table HWG-06a/b, p. 36: most-used and second household language | SR_WORLD_BANK_EDU_2023: p. 48: Dutch curriculum/multilingual mismatch, Grade 6 endpoints and dropout | KREYOL_MT_2024: pp. 2, 5–6 and Table 3: exact/pooled language public/all sentence counts and genre transfer | COMMON_VOICE_26_2026: locale entry counts/hours and absence audit | OER_UNESCO_2019: Definition I.1 and scope",Households are not persons/speakers. Education outcomes are national multilingual context; public/all corpus counts and households differ.,,NEW_EDITION_EVIDENCE,false,34db2aa200616363dc435679cd23561ce88ea35ab8f30bcb77bf6f5982ab370a
regional:AMERICAS_EUROPE_EMPIRICAL_NEED_INPUTS:stq-Latn-DE-NI:216,AMERICAS_EUROPE_EMPIRICAL_NEED_INPUTS,stq-Latn-DE-NI,edition-target:regional:stq-Latn-DE-NI,REGIONAL_EMPIRICAL_STRATUM,old_official_approximate_speaker_estimate,persons described as speakers,,1000,,"German Bundestag documentation stated approximately 1,000 speakers; it is retained as an old source-stated estimate, not a current count.",2009,"Saterland, Lower Saxony, Germany",written and spoken; Latin script,DE_BUNDESTAG_SATER_2009;DE_COE_SATER_FRISIAN_2024;EUROSTAT_INTERNET_2025;OER_UNESCO_2019;CATALOG_OTL_20260901;CATALOG_DOAB_20260901,https://www.bundestag.de/resource/blob/494390/a797ab9b3124735878175a94acc65e56/Bedrohte-Sprachen.pdf;https://rm.coe.int/germany-eval-iria-7-en/1680b09963;https://ec.europa.eu/eurostat/statistics-explained/SEPDF/cache/108644.pdf;https://www.unesco.org/en/legal-affairs/recommendation-open-educational-resources-oer?hub=422;https://open.umn.edu/opentextbooks/textbooks.json;https://directory.doabooks.org/rest/search,"DE_BUNDESTAG_SATER_2009: Sater Frisian section: approximately 1,000 speakers | DE_COE_SATER_FRISIAN_2024: Sater Frisian education and media findings | EUROSTAT_INTERNET_2025: household internet-access section and country chart | OER_UNESCO_2019: Definition I.1 and scope | CATALOG_OTL_20260901: links.total_count after language-code query; counts reproduced in each row | CATALOG_DOAB_20260901: x-total-count after exact dc.language label query; counts reproduced in each row","Population estimate is old and approximate. Current speakers, dialect substructure, learning outcomes, devices and open licences are unmeasured.",,NEW_EDITION_EVIDENCE,false,d9d00bf30671fa82aeb367f85815214ad3cd84b9f34f15b06f16305838c10685
regional:AMERICAS_EUROPE_EMPIRICAL_NEED_INPUTS:svc-Latn-VC:217,AMERICAS_EUROPE_EMPIRICAL_NEED_INPUTS,svc-Latn-VC,edition-target:regional:svc-Latn-VC,REGIONAL_EMPIRICAL_STRATUM,unrankable_no_compatible_person_measure,exact-variety persons,,,,No compatible exact person measure was verified; numeric fields are blank.,2024 resource evidence,Saint Vincent and the Grenadines,written and spoken; Latin script; exact orthographic coverage unverified,KREYOL_MT_2024;COMMON_VOICE_26_2026;OER_UNESCO_2019,https://www.cs.jhu.edu/~kevinduh/t/naacl24/final_pdf/paper289.pdf;https://raw.githubusercontent.com/common-voice/cv-dataset/main/datasets/scripted-speech/cv-corpus-26.0-2026-06-12.json;https://www.unesco.org/en/legal-affairs/recommendation-open-educational-resources-oer?hub=422,"KREYOL_MT_2024: pp. 2, 5–6 and Table 3: exact/pooled language public/all sentence counts and genre transfer | COMMON_VOICE_26_2026: locale entry counts/hours and absence audit | OER_UNESCO_2019: Definition I.1 and scope","Sentence pairs are not people, learning or curriculum. No exact population/outcome/access evidence; neighboring Creole standards are nonallocable.",,NEW_EDITION_EVIDENCE,false,1b71fc28e0eefb488ddd1cdd48c6ba998730d23c3a49efc1067f8d27a35aa17d
regional:AMERICAS_EUROPE_EMPIRICAL_NEED_INPUTS:trf-Latn-TT:218,AMERICAS_EUROPE_EMPIRICAL_NEED_INPUTS,trf-Latn-TT,edition-target:lang:trf-TT,REGIONAL_EMPIRICAL_STRATUM,unrankable_no_compatible_person_measure,exact-variety persons,,,,No compatible exact person measure was verified; numeric fields are blank.,2024 resource evidence,Trinidad and Tobago,written and spoken; Latin script; exact orthographic coverage unverified,KREYOL_MT_2024;COMMON_VOICE_26_2026;OER_UNESCO_2019,https://www.cs.jhu.edu/~kevinduh/t/naacl24/final_pdf/paper289.pdf;https://raw.githubusercontent.com/common-voice/cv-dataset/main/datasets/scripted-speech/cv-corpus-26.0-2026-06-12.json;https://www.unesco.org/en/legal-affairs/recommendation-open-educational-resources-oer?hub=422,"KREYOL_MT_2024: pp. 2, 5–6 and Table 3: exact/pooled language public/all sentence counts and genre transfer | COMMON_VOICE_26_2026: locale entry counts/hours and absence audit | OER_UNESCO_2019: Definition I.1 and scope","Sentence pairs are not people, learning or curriculum. No exact population/outcome/access evidence; neighboring Creole standards are nonallocable.",,NEW_EDITION_EVIDENCE,false,ebe850d02c847bbcc45d248424c48a91fb1f8864ab8385430a977c9e7363a863
regional:AMERICAS_EUROPE_EMPIRICAL_NEED_INPUTS:tseltal-east-Latn-MX:219,AMERICAS_EUROPE_EMPIRICAL_NEED_INPUTS,tseltal-east-Latn-MX,edition-target:regional:tseltal-east-Latn-MX,REGIONAL_EMPIRICAL_STRATUM,official_2000_exact_variant_estimate,persons age 5+ allocated to exact variant,,70313,,INALI source-stated exact-variant estimate using Census 2000/locality allocation.,2000,Mexico; exact INALI localities,written and spoken; Latin script,MX_INALI_LANGUAGE_RISK;MX_INEE_LANGUAGE_MATCH;OER_UNESCO_2019,https://site.inali.gob.mx/pdf/libro_lenguas_indigenas_nacionales_en_riesgo_de_desaparicion.pdf;https://www.inee.edu.mx/wp-content/uploads/2019/06/P2A348.pdf;https://www.unesco.org/en/legal-affairs/recommendation-open-educational-resources-oer?hub=422,"MX_INALI_LANGUAGE_RISK: exact variant population, share age 5–14 and risk level tables | MX_INEE_LANGUAGE_MATCH: teacher command of pupils’ language and system mismatch indicator | OER_UNESCO_2019: Definition I.1 and scope",Dated exact estimate cannot be updated with a macro count. National education context is not allocated.,,NEW_EDITION_EVIDENCE,false,d990318eebfa421f24420b6c958c6302a988ed4288162d754e7cf16a0b743ad3
regional:AMERICAS_EUROPE_EMPIRICAL_NEED_INPUTS:tseltal-north-Latn-MX:220,AMERICAS_EUROPE_EMPIRICAL_NEED_INPUTS,tseltal-north-Latn-MX,edition-target:regional:tseltal-north-Latn-MX,REGIONAL_EMPIRICAL_STRATUM,official_2000_exact_variant_estimate,persons age 5+ allocated to exact variant,,84198,,INALI source-stated exact-variant estimate using Census 2000/locality allocation.,2000,Mexico; exact INALI localities,written and spoken; Latin script,MX_INALI_LANGUAGE_RISK;MX_INEE_LANGUAGE_MATCH;OER_UNESCO_2019,https://site.inali.gob.mx/pdf/libro_lenguas_indigenas_nacionales_en_riesgo_de_desaparicion.pdf;https://www.inee.edu.mx/wp-content/uploads/2019/06/P2A348.pdf;https://www.unesco.org/en/legal-affairs/recommendation-open-educational-resources-oer?hub=422,"MX_INALI_LANGUAGE_RISK: exact variant population, share age 5–14 and risk level tables | MX_INEE_LANGUAGE_MATCH: teacher command of pupils’ language and system mismatch indicator | OER_UNESCO_2019: Definition I.1 and scope",Dated exact estimate cannot be updated with a macro count. National education context is not allocated.,,NEW_EDITION_EVIDENCE,false,c70b72cae94fbd18ff1c2d93db4b530d3e4d59a8574d91a55e4f33d29e5e375e
regional:AMERICAS_EUROPE_EMPIRICAL_NEED_INPUTS:tsotsil-centre-Latn-MX:221,AMERICAS_EUROPE_EMPIRICAL_NEED_INPUTS,tsotsil-centre-Latn-MX,edition-target:regional:tsotsil-centre-Latn-MX,REGIONAL_EMPIRICAL_STRATUM,official_2000_exact_variant_estimate,persons age 5+ allocated to exact variant,,57107,,INALI source-stated exact-variant estimate using Census 2000/locality allocation.,2000,Mexico; exact INALI localities,written and spoken; Latin script,MX_INALI_LANGUAGE_RISK;MX_INEE_LANGUAGE_MATCH;OER_UNESCO_2019,https://site.inali.gob.mx/pdf/libro_lenguas_indigenas_nacionales_en_riesgo_de_desaparicion.pdf;https://www.inee.edu.mx/wp-content/uploads/2019/06/P2A348.pdf;https://www.unesco.org/en/legal-affairs/recommendation-open-educational-resources-oer?hub=422,"MX_INALI_LANGUAGE_RISK: exact variant population, share age 5–14 and risk level tables | MX_INEE_LANGUAGE_MATCH: teacher command of pupils’ language and system mismatch indicator | OER_UNESCO_2019: Definition I.1 and scope",Dated exact estimate cannot be updated with a macro count. National education context is not allocated.,,NEW_EDITION_EVIDENCE,false,69ae175ba754dfdb8f4d775b32485b697184c9f8feed0fa17fcf4d5373e732e2
regional:AMERICAS_EUROPE_EMPIRICAL_NEED_INPUTS:tsotsil-north-high-Latn-MX:222,AMERICAS_EUROPE_EMPIRICAL_NEED_INPUTS,tsotsil-north-high-Latn-MX,edition-target:regional:tsotsil-north-high-Latn-MX,REGIONAL_EMPIRICAL_STRATUM,official_2000_exact_variant_estimate,persons age 5+ allocated to exact variant,,77699,,INALI source-stated exact-variant estimate using Census 2000/locality allocation.,2000,Mexico; exact INALI localities,written and spoken; Latin script,MX_INALI_LANGUAGE_RISK;MX_INEE_LANGUAGE_MATCH;OER_UNESCO_2019,https://site.inali.gob.mx/pdf/libro_lenguas_indigenas_nacionales_en_riesgo_de_desaparicion.pdf;https://www.inee.edu.mx/wp-content/uploads/2019/06/P2A348.pdf;https://www.unesco.org/en/legal-affairs/recommendation-open-educational-resources-oer?hub=422,"MX_INALI_LANGUAGE_RISK: exact variant population, share age 5–14 and risk level tables | MX_INEE_LANGUAGE_MATCH: teacher command of pupils’ language and system mismatch indicator | OER_UNESCO_2019: Definition I.1 and scope",Dated exact estimate cannot be updated with a macro count. National education context is not allocated.,,NEW_EDITION_EVIDENCE,false,2e2027649ed08f4fcf2f37dd670cceb3f743851df1088b0293ffc7ea202491ec
regional:AMERICAS_EUROPE_EMPIRICAL_NEED_INPUTS:tsotsil-northwest-Latn-MX:223,AMERICAS_EUROPE_EMPIRICAL_NEED_INPUTS,tsotsil-northwest-Latn-MX,edition-target:regional:tsotsil-northwest-Latn-MX,REGIONAL_EMPIRICAL_STRATUM,official_2000_exact_variant_estimate,persons age 5+ allocated to exact variant,,41289,,INALI source-stated exact-variant estimate using Census 2000/locality allocation.,2000,Mexico; exact INALI localities,written and spoken; Latin script,MX_INALI_LANGUAGE_RISK;MX_INEE_LANGUAGE_MATCH;OER_UNESCO_2019,https://site.inali.gob.mx/pdf/libro_lenguas_indigenas_nacionales_en_riesgo_de_desaparicion.pdf;https://www.inee.edu.mx/wp-content/uploads/2019/06/P2A348.pdf;https://www.unesco.org/en/legal-affairs/recommendation-open-educational-resources-oer?hub=422,"MX_INALI_LANGUAGE_RISK: exact variant population, share age 5–14 and risk level tables | MX_INEE_LANGUAGE_MATCH: teacher command of pupils’ language and system mismatch indicator | OER_UNESCO_2019: Definition I.1 and scope",Dated exact estimate cannot be updated with a macro count. National education context is not allocated.,,NEW_EDITION_EVIDENCE,false,7a0dcdb23ffc643e587bb594dda7578205ae28bc01064a1936cb655d28d8bcf5
regional:AMERICAS_EUROPE_EMPIRICAL_NEED_INPUTS:uk-Cyrl-EU-TEMP:224,AMERICAS_EUROPE_EMPIRICAL_NEED_INPUTS,uk-Cyrl-EU-TEMP,edition-target:regional:uk-Cyrl-EU-TEMP,REGIONAL_EMPIRICAL_STRATUM,official_estimated_enrolled_displaced_learner_cohort_not_language_count,estimated displaced children enrolled in EU schools,,700000,,European Commission/UNHCR source-stated estimate of displaced children from Ukraine enrolled in host-country schools; it is not a Ukrainian-speaker count.,2023/24,European Union host systems,"Ukrainian Cyrillic; online, dual-enrolment and host-school modes",EU_UKRAINE_EDUCATION_2024;UNHCR_UKRAINE_EDUCATION_2024;UNHCR_UKRAINE_SEIS_2025;OER_UNESCO_2019;CATALOG_OTL_20260901;CATALOG_DOAB_20260901,https://education.ec.europa.eu/news/how-countries-are-addressing-the-integration-of-children-from-ukraine-in-eu-education-systems;https://www.unhcr.org/sites/default/files/2024-09/refugee-education-report-2024.pdf;https://www.unhcr.org/europe/news/announcements/new-data-insights-reveal-both-progress-and-challenges-ukrainian-refugee-students;https://www.unesco.org/en/legal-affairs/recommendation-open-educational-resources-oer?hub=422;https://open.umn.edu/opentextbooks/textbooks.json;https://directory.doabooks.org/rest/search,"EU_UKRAINE_EDUCATION_2024: enrolment estimate, integration-class and Ukrainian-program continuity findings | UNHCR_UKRAINE_EDUCATION_2024: Ukraine refugee learner enrolment and out-of-school estimates | UNHCR_UKRAINE_SEIS_2025: enrolment, modality, dual-study burden and host-language results | OER_UNESCO_2019: Definition I.1 and scope | CATALOG_OTL_20260901: links.total_count after language-code query; counts reproduced in each row | CATALOG_DOAB_20260901: x-total-count after exact dc.language label query; counts reproduced in each row","Displaced/enrolled children are not a language census. Enrolled, out-of-school and total-child constructs differ; ten-country survey results are not EU totals. Country, age, disability and language distributions vary.",,NEW_EDITION_EVIDENCE,false,c30e9eb9b9d36b5f48c699b0848341dc31ee04f365af33288a475eca5c0694fb
regional:AMERICAS_EUROPE_EMPIRICAL_NEED_INPUTS:ydd-Hebr-global:225,AMERICAS_EUROPE_EMPIRICAL_NEED_INPUTS,ydd-Hebr-global,,REGIONAL_EMPIRICAL_STRATUM,unrankable_no_compatible_person_measure,exact Eastern Yiddish persons,,,,No exact population count is used; numeric fields blank.,current benchmark snapshot,global benchmark; no person territory assigned,written; Hebrew script,FLORES_YIDDISH;UD_YIDDISH_YITB;OER_UNESCO_2019,https://github.com/facebookresearch/flores/blob/main/flores200/README.md;https://github.com/UniversalDependencies/UD_Yiddish-YiTB;https://www.unesco.org/en/legal-affairs/recommendation-open-educational-resources-oer?hub=422,"FLORES_YIDDISH: ydd_Hebr 3,001-sentence benchmark inventory | UD_YIDDISH_YITB: README and data provenance | OER_UNESCO_2019: Definition I.1 and scope",Benchmark sentences and articles are not people or education. Contemporary Hasidic and generic mixed Yiddish are nonallocable.,,EVIDENCE_ONLY_CONTEXT,false,ae6ff89b9610265d105e477524470b38c0365f03ea00130ac7d1ce895d61a667
regional:AMERICAS_EUROPE_EMPIRICAL_NEED_INPUTS:yi-Hebr-CA:226,AMERICAS_EUROPE_EMPIRICAL_NEED_INPUTS,yi-Hebr-CA,,REGIONAL_EMPIRICAL_STRATUM,census_mother_tongue_umbrella_category,census mother-tongue respondents,,12060,,2021 census source-stated Yiddish mother-tongue count: first learned at home in childhood and still understood.,2021,Canada,written and spoken; Hebrew alphabet; variety/register unresolved,CA_CENSUS_LANGUAGE_PROFILE_2021;FLORES_YIDDISH;UD_YIDDISH_YITB;OER_UNESCO_2019;CATALOG_OTL_20260901;CATALOG_DOAB_20260901,https://www12.statcan.gc.ca/census-recensement/2021/dp-pd/prof/details/page.cfm?DGUIDlist=2021A000011124&GENDERlist=1&HEADERlist=18&LANG=E&STATISTIClist=1;https://github.com/facebookresearch/flores/blob/main/flores200/README.md;https://github.com/UniversalDependencies/UD_Yiddish-YiTB;https://www.unesco.org/en/legal-affairs/recommendation-open-educational-resources-oer?hub=422;https://open.umn.edu/opentextbooks/textbooks.json;https://directory.doabooks.org/rest/search,"CA_CENSUS_LANGUAGE_PROFILE_2021: Mother tongue, knowledge and language spoken most often at home rows for Plautdietsch, Low German n.o.s. and Yiddish | FLORES_YIDDISH: ydd_Hebr 3,001-sentence benchmark inventory | UD_YIDDISH_YITB: README and data provenance | OER_UNESCO_2019: Definition I.1 and scope | CATALOG_OTL_20260901: links.total_count after language-code query; counts reproduced in each row | CATALOG_DOAB_20260901: x-total-count after exact dc.language label query; counts reproduced in each row","Mother tongue, knowledge and home use differ. Census umbrella category cannot be allocated among Eastern/Western/Hasidic varieties; generic resources are nonallocable.",,EVIDENCE_ONLY_CONTEXT,false,3f5879174234eb1f426416d987cc663472b105197e6fc4970086dd50e5ec77d4
regional:AMERICAS_EUROPE_EMPIRICAL_NEED_INPUTS:yid-contemporary-hasidic-Hebr-global:227,AMERICAS_EUROPE_EMPIRICAL_NEED_INPUTS,yid-contemporary-hasidic-Hebr-global,,REGIONAL_EMPIRICAL_STRATUM,university_research_project_approximate_global_everyday_user_estimate,persons described as everyday users,,700000,,"UCL project directly states around 700,000 Hasidic Jews use the variety as an everyday language; approximate global figure without territory split.",current project estimate accessed 2026-09-01,"New York, London, Antwerp, Jerusalem and Bnei Brak (global urban diaspora)",written and spoken; Hebrew alphabet; vernacular/sacred-register interaction,UCL_CONTEMP_HASIDIC_YIDDISH;UCL_YIDDISH_REGISTER;OFSTED_BEIS_RUCHEL_2016;OFSTED_BEIS_RUCHEL_2026;FLORES_YIDDISH;UD_YIDDISH_YITB;COMMON_VOICE_26_2026;OER_UNESCO_2019;CATALOG_OTL_20260901;CATALOG_DOAB_20260901,https://www.ucl.ac.uk/arts-humanities/hebrew-jewish/research/research-projects/contemporary-hasidic-yiddish;https://discovery.ucl.ac.uk/id/eprint/10172417/2/Kahn_Non-vernacular%20language%20in%20action%20LAST%20PROOFS.pdf;https://files.ofsted.gov.uk/v1/file/2583554;https://files.ofsted.gov.uk/v1/file/50301471;https://github.com/facebookresearch/flores/blob/main/flores200/README.md;https://github.com/UniversalDependencies/UD_Yiddish-YiTB;https://raw.githubusercontent.com/common-voice/cv-dataset/main/datasets/scripted-speech/cv-corpus-26.0-2026-06-12.json;https://www.unesco.org/en/legal-affairs/recommendation-open-educational-resources-oer?hub=422;https://open.umn.edu/opentextbooks/textbooks.json;https://directory.doabooks.org/rest/search,"UCL_CONTEMP_HASIDIC_YIDDISH: approximately 700,000 everyday users and distinction from prewar/Standard Yiddish | UCL_YIDDISH_REGISTER: p. 13: Hebrew alphabet, sacred Hebrew and vernacular Yiddish learning sequence | OFSTED_BEIS_RUCHEL_2016: pp. 5–7: enrolment/bilingual profile and Year 1 phonics endpoint | OFSTED_BEIS_RUCHEL_2026: pp. 2–4 and 9: enrolment, Yiddish nursery context and English sequence/gaps | FLORES_YIDDISH: ydd_Hebr 3,001-sentence benchmark inventory | UD_YIDDISH_YITB: README and data provenance | COMMON_VOICE_26_2026: locale entry counts/hours and absence audit | OER_UNESCO_2019: Definition I.1 and scope | CATALOG_OTL_20260901: links.total_count after language-code query; counts reproduced in each row | CATALOG_DOAB_20260901: x-total-count after exact dc.language label query; counts reproduced in each row",Global estimate lacks territorial split. School reports are one institution/different cohorts and frameworks; no causal claim. Eastern/generic Yiddish resources are not CHY coverage.,,EVIDENCE_ONLY_CONTEXT,false,fe77ffc18750b6f150deb77572b24ed5e28b2774422acd60457ca3d8ef2b7820
regional:AMERICAS_EUROPE_EMPIRICAL_NEED_INPUTS:yua-Latn-MX:228,AMERICAS_EUROPE_EMPIRICAL_NEED_INPUTS,yua-Latn-MX,edition-target:lang:yua-MX,REGIONAL_EMPIRICAL_STRATUM,official_source_stated_lower_bound_speakers,persons described as speakers of the exact single variant,500000,,,"INALI states more than 500,000 speakers; no midpoint or upper bound is manufactured.",profile current; risk basis 2000,"Yucatán Peninsula, Mexico",written and spoken; Latin script,MX_INALI_YUCATEC_2020;MX_INEGI_CENSUS_2020;MX_INEE_LANGUAGE_MATCH;NLP_MAYA_2024;OER_UNESCO_2019,https://www.inali.gob.mx/detalle/lengua-del-mes-maayataan-maya;https://www.inegi.org.mx/contenidos/programas/ccpv/2020/doc/Censo2020_Principales_resultados_EUM.pdf;https://www.inee.edu.mx/wp-content/uploads/2019/06/P2A348.pdf;https://aclanthology.org/2024.americasnlp-1.16.pdf;https://www.unesco.org/en/legal-affairs/recommendation-open-educational-resources-oer?hub=422,"MX_INALI_YUCATEC_2020: source-stated >500,000 speakers, 4,083 localities and child-share/risk statement | MX_INEGI_CENSUS_2020: age-3+ macro language counts including Nahuatl and Maya | MX_INEE_LANGUAGE_MATCH: teacher command of pupils’ language and system mismatch indicator | NLP_MAYA_2024: Table 1: original, cleaned, train and development/test sentence-pair counts | OER_UNESCO_2019: Definition I.1 and scope","Lower bound has no upper bound; 2020 macro Maya count is not substituted. Corpus pairs, localities, child share and speakers differ.",,NEW_EDITION_EVIDENCE,false,6e8ed52e5e111136a0fa7c5ebca31993f2a886980062a3ad6b330ea931104840
regional:ASIA_EMPIRICAL_NEED_INPUTS:acm-Arab-IQ:066,ASIA_EMPIRICAL_NEED_INPUTS,acm-Arab-IQ,edition-target:lang:acm-Arab-IQ,REGIONAL_EMPIRICAL_STRATUM,no_compatible_direct_variety_person_denominator,persons,,,,No direct national Iraqi-Arabic L1 denominator is established; Iraqi residents cannot be assigned wholesale to Arabic.,current evidence review,Iraq,spoken Iraqi/Mesopotamian Arabic; Arabic-script literacy separate,ASIA_FB5A2B3A6E71,https://documents1.worldbank.org/curated/en/517851626203470278/pdf/Effective-Language-of-Instruction-Policies-for-Learning.pdf,World Bank LOI report Box 4 p31 and surrounding discussion distinguish MSA from colloquial Arabic types.,"Kurdish, Turkmen, Neo-Aramaic and other residents remain separate; no MSA inheritance.",,ATTACHED_TO_EXISTING_EDITION,false,660ba798edbed223f224fb66cc2664b88296a441d2416dd196d43eaa408849c5
regional:ASIA_EMPIRICAL_NEED_INPUTS:afb-Arab-XGULF:067,ASIA_EMPIRICAL_NEED_INPUTS,afb-Arab-XGULF,,REGIONAL_EMPIRICAL_STRATUM,no_compatible_direct_variety_person_denominator,persons,,,,No shared Gulf-Arabic denominator is established; country populations and citizen/resident constructs are not pooled.,current evidence review,"Saudi Arabia, Kuwait, Bahrain, Qatar, UAE and Oman",spoken Gulf varieties; citizen/migrant and national overlays separate,ASIA_FB5A2B3A6E71,https://documents1.worldbank.org/curated/en/517851626203470278/pdf/Effective-Language-of-Instruction-Policies-for-Learning.pdf,World Bank LOI report Box 4 p31 and surrounding discussion distinguish MSA from colloquial Arabic types.,Large migrant populations make territorial inheritance especially invalid.,,EVIDENCE_ONLY_CONTEXT,false,0771741241f5ae1cb77eb946be389f496172b6ab95fe26fb1c183146f8f9563b
regional:ASIA_EMPIRICAL_NEED_INPUTS:apd-Arab-SD:068,ASIA_EMPIRICAL_NEED_INPUTS,apd-Arab-SD,edition-target:lang:apd-Arab-SD,REGIONAL_EMPIRICAL_STRATUM,no_compatible_direct_variety_person_denominator,persons,,,,No direct national Sudanese-Arabic L1 denominator is established; displacement makes date/geography essential.,current evidence review,Sudan,spoken Sudanese Arabic; MSA and script literacy separate,ASIA_FB5A2B3A6E71,https://documents1.worldbank.org/curated/en/517851626203470278/pdf/Effective-Language-of-Instruction-Policies-for-Learning.pdf,World Bank LOI report Box 4 p31 and surrounding discussion distinguish MSA from colloquial Arabic types.,Other Sudanese languages and displaced populations remain separate; no macro inheritance.,,ATTACHED_TO_EXISTING_EDITION,false,ab23ca0ed136af75750efe810516d943c3512b2cd59091c233d23cb20f3cb666
regional:ASIA_EMPIRICAL_NEED_INPUTS:ar-001-context:069,ASIA_EMPIRICAL_NEED_INPUTS,ar-001-context,,REGIONAL_EMPIRICAL_STRATUM,rounded_macrolanguage_context_no_numeric_person_field,persons,,,,No numeric person field is entered. UNESCO describes approximately 450m Arabic speakers as a rounded umbrella context that cannot be assigned to MSA or any spoken child variety.,2024 context,Worldwide context,macrolanguage umbrella; Arabic and other scripts; no exact variety construct,ASIA_EDAC00F12E1B;ASIA_DD1B1BF459DE,https://www.unesco.org/en/arabic-language?hub=752;https://data.worldbank.org/indicator/SP.POP.TOTL?locations=1A,UNESCO approximate umbrella context; World Bank Arab World aggregate kept as a separate territorial construct.,"Macrolanguage, register, spoken variety, script and territorial residence are incompatible. No child inherits the approximately 450m context.",,EVIDENCE_ONLY_CONTEXT,false,b4d288b1000f2cd5100388e9d3cc33bff50497a5a540c1026e90767c04fae55b
regional:ASIA_EMPIRICAL_NEED_INPUTS:ar-Arab-XLEV:070,ASIA_EMPIRICAL_NEED_INPUTS,ar-Arab-XLEV,,REGIONAL_EMPIRICAL_STRATUM,no_compatible_direct_variety_person_denominator,persons,,,,"No comparable direct aggregate person denominator is entered; each territory, displacement status and national variety requires a separate row.",current evidence review,"Lebanon, Syria, Jordan and Palestinian territories",spoken Levantine varieties; national overlays and Arabic-script literacy separate,ASIA_FB5A2B3A6E71,https://documents1.worldbank.org/curated/en/517851626203470278/pdf/Effective-Language-of-Instruction-Policies-for-Learning.pdf,World Bank LOI report Box 4 p31 and surrounding discussion distinguish MSA from colloquial Arabic types.,Do not add displaced people across residence/origin or inherit MSA/umbrella totals.,,EVIDENCE_ONLY_CONTEXT,false,966d27926c0cb105880cbf0ea5cb1e78a3434589b68acec7a76ae3491f61446c
regional:ASIA_EMPIRICAL_NEED_INPUTS:ar-Arab-XMAGH:071,ASIA_EMPIRICAL_NEED_INPUTS,ar-Arab-XMAGH,,REGIONAL_EMPIRICAL_STRATUM,no_compatible_direct_variety_person_denominator,persons,,,,"No shared Maghrebi person denominator is established; Moroccan, Algerian, Tunisian and Libyan varieties require separate national rows.",current evidence review,"Morocco, Algeria, Tunisia and Libya",spoken Maghrebi varieties; national standards and scripts separate,ASIA_FB5A2B3A6E71,https://documents1.worldbank.org/curated/en/517851626203470278/pdf/Effective-Language-of-Instruction-Policies-for-Learning.pdf,World Bank LOI report Box 4 p31 and surrounding discussion distinguish MSA from colloquial Arabic types.,Amazigh/Berber populations and French educational use are separate overlays.,,EVIDENCE_ONLY_CONTEXT,false,8cd5fdc8c26b09581ab84c2264161a5d705874c28c3481f4c470f90e1f0cdd9b
regional:ASIA_EMPIRICAL_NEED_INPUTS:ar-Arab-YE-varieties:072,ASIA_EMPIRICAL_NEED_INPUTS,ar-Arab-YE-varieties,,REGIONAL_EMPIRICAL_STRATUM,no_compatible_direct_variety_person_denominator,persons,,,,No direct national Yemeni-Arabic L1 denominator is established; Yemen residents would only be a territorial context.,current evidence review,Yemen,spoken Yemeni Arabic varieties; Arabic-script literacy separate,ASIA_FB5A2B3A6E71,https://documents1.worldbank.org/curated/en/517851626203470278/pdf/Effective-Language-of-Instruction-Policies-for-Learning.pdf,World Bank LOI report Box 4 p31 and surrounding discussion distinguish MSA from colloquial Arabic types.,"Mehri, Soqotri and other language communities remain separate; no dialect uniformity is assumed.",,EVIDENCE_ONLY_CONTEXT,false,a90818e4c813f25615a2ffd19d7d7cdde73703564928a29b497ad7a40a7274a5
regional:ASIA_EMPIRICAL_NEED_INPUTS:arb-Arab-001:073,ASIA_EMPIRICAL_NEED_INPUTS,arb-Arab-001,edition-target:lang:arb-Arab-001,REGIONAL_EMPIRICAL_STRATUM,Arab_World_territorial_education_register_exposure_ceiling,persons,,,503356133,"World Bank 2025 modeled Arab World resident aggregate retained only as a maximum territorial exposure context for the common formal register; not MSA readers, L1 users or literacy.",2025,Arab World aggregate context,formal written/educational Arabic register; Arabic script; not an L1,ASIA_DD1B1BF459DE;ASIA_FB5A2B3A6E71;ASIA_EDAC00F12E1B,https://data.worldbank.org/indicator/SP.POP.TOTL?locations=1A;https://documents1.worldbank.org/curated/en/517851626203470278/pdf/Effective-Language-of-Instruction-Policies-for-Learning.pdf;https://www.unesco.org/en/arabic-language?hub=752,"World Bank Arab World population total; World Bank LOI Box 4 p31 on MSA as written educational register, not L1; UNESCO umbrella context.",Arab World residents include non-Arabic L1 users and migrants. The ceiling does not measure MSA literacy and is never added to umbrella or vernacular rows.,,ATTACHED_TO_EXISTING_EDITION,false,a007ffdc0027a62f70ce45c3df265a56be6634d034bb7d5ea1d4051068f70af7
regional:ASIA_EMPIRICAL_NEED_INPUTS:arz-Arab-EG:074,ASIA_EMPIRICAL_NEED_INPUTS,arz-Arab-EG,edition-target:lang:arz-Arab-EG,REGIONAL_EMPIRICAL_STRATUM,territorial_variety_exposure_ceiling_not_language_count,persons,,,116538258,World Bank 2024 Egypt population estimate retained only as a territorial ceiling; no direct Egyptian-Arabic speaker or script-reader count is established.,2024,Egypt,spoken Egyptian Arabic; Arabic-script and Latin-transliteration resources are separate targets,ASIA_3726B96EFD5A;ASIA_FB5A2B3A6E71,https://data.worldbank.org/indicator/SP.POP.TOTL?locations=EG;https://documents1.worldbank.org/curated/en/517851626203470278/pdf/Effective-Language-of-Instruction-Policies-for-Learning.pdf,World Bank Egypt population estimate; World Bank LOI p31 variety/register distinction.,"Egypt residents include non-Egyptian-Arabic users; territory, spoken variety, MSA, literacy and transliteration are separate.",,ATTACHED_TO_EXISTING_EDITION,false,fdfac615f96df3c3e594edaec76a3fd379a60884e1fdc9bc112cdfa487c7bf1d
regional:ASIA_EMPIRICAL_NEED_INPUTS:bn-Beng-BD:075,ASIA_EMPIRICAL_NEED_INPUTS,bn-Beng-BD,edition-target:lang:bn-Beng-BD,REGIONAL_EMPIRICAL_STRATUM,context_only_mixed_year_derived_scale_proxy,persons,,168419331,,"Arithmetic scale proxy from the BBS 2022 adjusted population and the SEDS 2023 weighted sample share 99.17% for Bangla as childhood language of greatest speaking proficiency. It is retained only as approximately 168.42m context, not an exact count or uncertainty interval.",2022 adjusted population × 2023 survey share,Bangladesh,Bengali script,ASIA_0907C88BFE6D;ASIA_5B3AAC5FD43C;ASIA_16D1E3FA20B5;ASIA_18994B5DE59F;ASIA_E11E3B7F7A83;ASIA_5AB6108D5CD1;ASIA_8F34F008C0EB,https://phc.icms.gov.bd/Data/PHC2022/NationalReport/Report/NationalVolumeReport1.pdf;https://objectstorage.ap-dcc-gazipur-1.oraclecloud15.com/n/axvjbnqprylg/b/V2Ministry/o/office-bbs/2026/7/f9fbdf1e-d19c-4935-97f5-ac86fab53dec.pdf;https://www.unicef.org/bangladesh/en/reports/bangladesh-multiple-indicator-cluster-survey-2025-0;https://www.unicef.org/bangladesh/media/13106/file/Bangladesh%202025%20MICS%20Survey%20Findings%20Report.pdf.pdf;https://objectstorage.ap-dcc-gazipur-1.oraclecloud15.com/n/axvjbnqprylg/b/V2Ministry/o/office-dshe/2024/12/6ba1433dbed947748088433245b2806e.pdf;https://nctb.gov.bd/pages/static-pages/695b97ffc4774958d7b70329;https://nctb.gov.bd/pages/static-pages/695b98afc4774958d7b7044c,BBS PHC 2022 National Report Vol. I Table 3.2.1 p49; SEDS 2023 pp65-66/Table 3.6; final MICS 2025 findings; LASI Table 28 p47; bounded NCTB stage pages.,The point is a mixed-year derived proxy from a census adjustment and a weighted household sample share. It is unrankable against direct counts; national learning and English-stage measures lack a Bangla-only cross-tab.,,ATTACHED_TO_EXISTING_EDITION,false,0af862ad5c0a7bbec09c76b21626065ab163ef96d1db004c0faf32494c0cb13b
regional:ASIA_EMPIRICAL_NEED_INPUTS:bn-Beng-IN:076,ASIA_EMPIRICAL_NEED_INPUTS,bn-Beng-IN,edition-target:lang:bn-Beng-IN,REGIONAL_EMPIRICAL_STRATUM,raw_census_mother_tongue_return_not_script_readership,persons,96177835,96177835,96177835,"Raw Bengali mother-tongue return, kept separate from the broader scheduled-language total 97237669.",2011,India,"spoken/written Bengali target; Bengali script; population source measures mother tongue, not script literacy",ASIA_AE7629DAC814;ASIA_C8095E9B813E;ASIA_5AD512572DA1;ASIA_F358D43B8DE2,https://censusindia.gov.in/nada/index.php/catalog/10191;https://www.censusindia.gov.in/nada/index.php/catalog/10262;https://censusindia.gov.in/nada/index.php/catalog/10262/download/13374/DDW-C17-0000.XLSX;https://asercentre.org/wp-content/uploads/2022/12/ASER_2024_Final-Report_13_2_24-1.pdf,C-16 raw return and Statement 1; C-17 Bengali row; ASER 2024 state table for West Bengal and digital-access chapter.,Population is old but exact for its census construct. C-17 taxonomy is broader. State learning and national device indicators cannot be assigned as Bengali-speaker rates. The person count is exact only for the reported mother-tongue construct and does not enumerate script literacy or tested proficiency.,,ATTACHED_TO_EXISTING_EDITION,false,bb0c42f6201ccfe083874ccaa1bde6a9c139c64c68588486dd750178e9f0cb77
regional:ASIA_EMPIRICAL_NEED_INPUTS:cmn-CN:077,ASIA_EMPIRICAL_NEED_INPUTS,cmn-CN,,REGIONAL_EMPIRICAL_STRATUM,reported_spoken_communication_rate_no_compatible_person_denominator,persons,,,,"MOE reports 80.72% Putonghua communicative reach; the cited release supplies neither a compatible person denominator nor design or confidence-interval uncertainty, so no person count is entered.",2019 fieldwork; rate reported 2020/2021,China mainland,spoken/oral Putonghua communication; no script construct,ASIA_A17AFDB0E200;ASIA_F53A1903E0EA;ASIA_CADD5B070F1F;ASIA_35FF758EF5BA;ASIA_0697DE5C8F30,https://www.moe.gov.cn/fbh/live/2021/53486/mtbd/202106/t20210602_535127.html;https://jyt.fujian.gov.cn/xxgk/zywj/201906/P020190605572658873431.pdf;https://www.stats.gov.cn/fw/bmdcxmsp/bmzd/202410/t20241018_1957070.html;https://www.moe.gov.cn/jyb_xwfb/xw_zt/moe_357/jyzt_2020n/2020_zt23/zhuanjiawenzhang/202011/t20201113_499865.html;https://www.cnnic.net.cn/n4/2026/0304/c88-11549.html,MOE 80.72% reported rate; 2019 national survey manual age and exclusion rules; NBS survey-system description; MOE oral-level commentary; CNNIC country access context.,"The rejected 1139517197-1139658375 band was rounded-rate arithmetic using an incompatible all-age denominator, not a confidence interval. No Hans script tag or person estimate remains.",,EVIDENCE_ONLY_CONTEXT,false,c9375a1e1667b72c10c96e44074f74a15fed5e2551127b7805ed4ece7b59c427
regional:ASIA_EMPIRICAL_NEED_INPUTS:cmn-Hant-TW:078,ASIA_EMPIRICAL_NEED_INPUTS,cmn-Hant-TW,edition-target:lang:cmn-Hant-TW,REGIONAL_EMPIRICAL_STRATUM,census_current_language_use_primary_or_secondary,persons reporting the language as current primary or secondary communication language,21090192,21090192,21090192,"DGBAS 2020 estimate: 14,463,896 current primary-use plus 6,626,296 current secondary-use Mandarin among resident nationals aged 6+.",2020-11-08,Taiwan; resident nationals aged 6+ census universe,spoken Mandarin communication; written Traditional Chinese is a separate access construct,ASIA_TWN_DGBAS_CENSUS_2020_LANG,https://ws.dgbas.gov.tw/001/Upload/463/relfile/11065/230300/t006.xlsx,DGBAS Table 6 Grand Total row; primary-use and secondary-use columns; primary-or-secondary values are transparent sums within each named language.,"Primary and secondary language categories overlap across languages and must not be summed. The estimates are current communication use, not mother tongue, proficiency, literacy, ethnicity, or educational need.",,ATTACHED_TO_EXISTING_EDITION,false,e1f1b72a8ca524cf47cb952ba7bb83a57a4758ff575a9b22a0d3f107dade2476
regional:ASIA_EMPIRICAL_NEED_INPUTS:fil-Latn-PH:079,ASIA_EMPIRICAL_NEED_INPUTS,fil-Latn-PH,edition-target:lang:fil-Latn-PH,REGIONAL_EMPIRICAL_STRATUM,official_census_scope_co_medium_exposure_ceiling,persons,,,112729484,"2024 POPCEN official count for persons in the 18 regions plus Filipinos in Philippine embassies, consulates and missions abroad, retained only as a maximum Filipino/English co-medium exposure context; not a Filipino ability or Tagalog L1 count.",2024,Philippines,spoken/written Filipino; Latin orthography; competence unmeasured,ASIA_1CC96F3A6580;ASIA_73573DE485F2;ASIA_37132808FAD2;ASIA_9C3BD860365D;ASIA_2F16F9E9D3E1;ASIA_CB1C64CC1FA7;ASIA_DDCC0263D0EF;ASIA_CC4C9E2068B3,https://psa.gov.ph/statistics/population-and-housing/node/1684077791;https://lawphil.net/statutes/repacts/ra2024/pdf/ra_12027_2024.pdf;https://documents1.worldbank.org/curated/en/099090524085540633/pdf/P179209-b0057b3a-fd8c-476a-a1c6-271b276117ff.pdf;https://www.oecd.org/en/publications/pisa-2022-results-volume-i-and-ii-country-notes_ed6fbcc5-en/philippines_a0882a2d-en.html;https://www.unicef.org/philippines/media/7386/file/Education%20Factsheet.pdf;https://psa.gov.ph/content/percentage-households-internet-connection-increased-488-percent-2024-two-every-three;https://psa.gov.ph/content/tagalog-most-widely-spoken-language-home-2020-census-population-and-housing;https://congress.gov.ph/legislative-documents/republic-acts,PSA 2024 POPCEN official scope; PSA household-language unit; RA 12027 official legislative index and text mirror; World Bank/OECD/UNICEF/PSA national stage and ICT context.,"The census scope is not strictly territorial residents. Filipino is a Tagalog-based national standard but is not identical to Tagalog L1/home use; household, co-medium, PISA and person measures are not converted or added.",,ATTACHED_TO_EXISTING_EDITION,false,584900c4285b27d75a2f8d17018f0af4ca7e7bb9ff21b0f4777773df2b896363
regional:ASIA_EMPIRICAL_NEED_INPUTS:hak-Hant-TW:080,ASIA_EMPIRICAL_NEED_INPUTS,hak-Hant-TW,edition-target:lang:hak-Hant-TW,REGIONAL_EMPIRICAL_STRATUM,census_current_language_use_primary_or_secondary,persons reporting the language as current primary or secondary communication language,1193332,1193332,1193332,"DGBAS 2020 estimate: 329,462 current primary-use plus 863,870 current secondary-use Hakka among resident nationals aged 6+.",2020-11-08,Taiwan; resident nationals aged 6+ census universe,spoken Hakka; Traditional Han and Hakka romanization delivery arms; internal varieties remain explicit,ASIA_TWN_DGBAS_CENSUS_2020_LANG,https://ws.dgbas.gov.tw/001/Upload/463/relfile/11065/230300/t006.xlsx,DGBAS Table 6 Grand Total row; primary-use and secondary-use columns; primary-or-secondary values are transparent sums within each named language.,"Primary and secondary language categories overlap across languages and must not be summed. The estimates are current communication use, not mother tongue, proficiency, literacy, ethnicity, or educational need.",,ATTACHED_TO_EXISTING_EDITION,false,21ec720dfbd2c03453d2d6f3028b2b30200193a5f692136c8bc0736bda63bb73
regional:ASIA_EMPIRICAL_NEED_INPUTS:hi-Deva-IN:081,ASIA_EMPIRICAL_NEED_INPUTS,hi-Deva-IN,edition-target:lang:hi-Deva-IN,REGIONAL_EMPIRICAL_STRATUM,raw_census_mother_tongue_return_not_script_readership,persons,322230097,322230097,322230097,"Raw Hindi mother-tongue return, excluding separately returned varieties grouped into the 528347193 Hindi umbrella.",2011,India,"spoken/written Hindi target; Devanagari; population source measures raw mother tongue, not script literacy",ASIA_AE7629DAC814;ASIA_C8095E9B813E;ASIA_5AD512572DA1;ASIA_F358D43B8DE2;ASIA_2D7DB5B586AA,https://censusindia.gov.in/nada/index.php/catalog/10191;https://www.censusindia.gov.in/nada/index.php/catalog/10262;https://censusindia.gov.in/nada/index.php/catalog/10262/download/13374/DDW-C17-0000.XLSX;https://asercentre.org/wp-content/uploads/2022/12/ASER_2024_Final-Report_13_2_24-1.pdf;https://epathshala.nic.in/wp-content/doc/book/btextbook/textbook.htm,C-16 raw Hindi return; C-17 Hindi umbrella; ASER national tables; ePathshala Classes I-XII and copyright notice.,"Hindi raw and umbrella categories differ by 206m. English declaration, learning and device measures use incompatible denominators. The person count is exact only for the reported mother-tongue construct and does not enumerate script literacy or tested proficiency.",,ATTACHED_TO_EXISTING_EDITION,false,fa0cfbd87505037d949fe4b49751c9167f3de021cff6a7369cd74b44087b06ba
regional:ASIA_EMPIRICAL_NEED_INPUTS:id-ID:082,ASIA_EMPIRICAL_NEED_INPUTS,id-ID,,REGIONAL_EMPIRICAL_STRATUM,weighted_sample_point_estimate_oral_ability_age5plus,persons,,248501794,,BPS Long Form SP2020 weighted 2022 point estimate for people age 5+ who understand Indonesian speech and can utter Indonesian words understood by others; not a census-exact count or writing measure.,2022,Indonesia,spoken/oral communicative ability; writing and Latin-script literacy not measured,ASIA_EB59D2619EC1;ASIA_552796946DC9;ASIA_260DFA0745B4;ASIA_6196EEEC6EA2;ASIA_500B7047CCE7;ASIA_B97764805E8B;ASIA_38ECF6E092FA;ASIA_2CD8EB1C75C6;ASIA_AF270A0A00AD;ASIA_A7E49913E90A,https://sensus.bps.go.id/topik/tabular/sp2022/196/1/0;https://www.bps.go.id/en/publication/2012/05/23/55eca38b7fe0830834605b35/nationality--ethnicity--religion--and-dailylanguage-of-indonesian-population.html;https://documents1.worldbank.org/curated/en/099082924151529593/pdf/P17920918b1c2f0f61abb41e1a5d85e5dd2.pdf;https://www.oecd.org/en/publications/pisa-2022-results-volume-i-and-ii-country-notes_ed6fbcc5-en/indonesia_c2e1ae0e-en.html;https://www.bps.go.id/en/publication/2025/08/29/beaa2be400eda6ce6c636ef8/telecommunication-statistics-in-indonesia-2024.html;https://open.umn.edu/opentextbooks/textbooks.json?language=ind;https://directory.doabooks.org/rest/search?query=dc.language:%22Indonesian%22&limit=100&expand=metadata;https://www.bps.go.id/en/publication/2023/01/27/ffb5939b4393e5b1146a9b91/hasil-long-form-sensus-penduduk-2020;https://buku.kemendikdasmen.go.id/;https://www.unesco.org/en/legal-affairs/recommendation-open-educational-resources-oer?hub=422,BPS SP2022 table 196 and oral definition; BPS Long Form sample-design publication; BPS 2010 home-use table; World Bank/OECD stage context; BPS ICT; official SIBI portal; UNESCO OER definition; bounded catalog APIs.,"Weighted oral ability, older home use, writing/script literacy, learning and connectivity are different constructs. The published point has no cited CI and is not called exact.",,EVIDENCE_ONLY_CONTEXT,false,a80328a13bf5fe6e441e5fdb563f7d88a467b1f1a9089a5d3f5238459560ed5d
regional:ASIA_EMPIRICAL_NEED_INPUTS:ja-Jpan-JP:083,ASIA_EMPIRICAL_NEED_INPUTS,ja-Jpan-JP,edition-target:lang:ja-Jpan-JP,REGIONAL_EMPIRICAL_STRATUM,territorial_education_language_exposure_ceiling_published_in_thousands,persons,,,123802000,"Statistics Bureau 2024 total resident population, published in thousands, retained only as a national Japanese-curriculum exposure ceiling; not a Japanese ability, reader or script-competence count.",2024,Japan,spoken/written Japanese; Jpan kanji and kana; competence unmeasured by population source,ASIA_610806419013;ASIA_2ACB64916A98;ASIA_11D94F15CB7A;ASIA_CFB41AA2BCF8;ASIA_66890A43D9E6;ASIA_F8F356BD1B2F;ASIA_3391AFAEC010;ASIA_DB0DDF9B87D9;ASIA_8CD867D47230;ASIA_767270E01001;ASIA_39FBA6D61934;ASIA_4B352E5C6D63;ASIA_922A9A623183,https://www.stat.go.jp/english/data/jinsui/2024np/index.html;https://www.mext.go.jp/component/a_menu/education/micro_detail/__icsFiles/afieldfile/2011/04/11/1298356_2.pdf;https://www.mext.go.jp/b_menu/houdou/31/09/1421569_00007.htm;https://www.mext.go.jp/b_menu/toukei/chousa01/kihon/kekka/k_detail/2025.htm;https://www.oecd.org/en/publications/pisa-2022-results-volume-i-and-ii-country-notes_ed6fbcc5-en/japan_f7d7daad-en.html;https://www.oecd.org/en/publications/2024/12/survey-of-adults-skills-2023-country-notes_df7b4a60/japan_c63b2ef1.html;https://www.jstage.jst.go.jp/browse/-char/en;https://www.ndl.go.jp/en/aboutus/outline/numerically.html;https://www.soumu.go.jp/johotsusintokei/statistics/statistics05.html;https://open.umn.edu/opentextbooks/textbooks.json?language=jpn;https://directory.doabooks.org/rest/search?query=dc.language:%22Japanese%22&limit=100&expand=metadata;https://www.mext.go.jp/content/20260618-mxt-kyouiku01-000050518_1.pdf;https://www.mext.go.jp/content/20260525-mxt_kyokoku-000049811_2.pdf,"Statistics Bureau 2024 resident/nationality tables and thousand-person units; MEXT curriculum, pupil-support result and enrolment; OECD PISA/PIAAC; MEXT English thresholds; bounded J-STAGE/NDL/ICT/catalog endpoints.","Nationality and residence are separate definitions, not uncertainty bounds. Published population units are thousands. School support, tertiary enrolment, PIAAC and resource inventories are nonadditive endpoints.",,ATTACHED_TO_EXISTING_EDITION,false,0788eb10839c14a0595086b25a3e2e2f861416edd788499d393fa31af3ca928c
regional:ASIA_EMPIRICAL_NEED_INPUTS:jv-ID:084,ASIA_EMPIRICAL_NEED_INPUTS,jv-ID,,REGIONAL_EMPIRICAL_STRATUM,census_home_daily_language_age5plus_point_count,persons,,68044660,,BPS 2010 census point count of people age 5+ in the BPS Javanese category using it as the daily language at home; irrespective of Latin or Javanese script.,2010,Indonesia,spoken/home daily language; script not measured,ASIA_552796946DC9;ASIA_EB59D2619EC1;ASIA_260DFA0745B4;ASIA_500B7047CCE7,https://www.bps.go.id/en/publication/2012/05/23/55eca38b7fe0830834605b35/nationality--ethnicity--religion--and-dailylanguage-of-indonesian-population.html;https://sensus.bps.go.id/topik/tabular/sp2022/196/1/0;https://documents1.worldbank.org/curated/en/099082924151529593/pdf/P17920918b1c2f0f61abb41e1a5d85e5dd2.pdf;https://www.bps.go.id/en/publication/2025/08/29/beaa2be400eda6ce6c636ef8/telecommunication-statistics-in-indonesia-2024.html,"BPS 2010 Table L4.1 p47, Javanese 68044660; SP2022 Indonesian ability TOTAL; national World Bank brief and BPS ICT tables only as contexts.","The point is exact for the old census home/daily-language construct only; it is not all speakers, L1, current ability or script literacy. Equal low/base/high fields and the Latn tag are removed.",,EVIDENCE_ONLY_CONTEXT,false,56173963e0161e8ee9d351e4d2c31d3cf0745367ca513215bd316f3da84bd27d
regional:ASIA_EMPIRICAL_NEED_INPUTS:ko-Kore-KP:085,ASIA_EMPIRICAL_NEED_INPUTS,ko-Kore-KP,edition-target:regional:ko-Kore-KP,REGIONAL_EMPIRICAL_STRATUM,model_based_territorial_population_projection_point_context,persons,,26571036,,"UNICEF-displayed 2025 population projection based on UN WPP 2022; not an observed population, Korean-language count or upper bound.",2025 projection,Democratic People's Republic of Korea,spoken/written North Korean standard; Chosŏn'gŭl; competence unmeasured,ASIA_7321CAC7E2EE;ASIA_7C7372155B26;ASIA_55D84CF49B30;ASIA_EAFCC14AE490,https://data.unicef.org/sdgs/country/prk/;https://data.worldbank.org/indicator/EG.ELC.ACCS.ZS?locations=KP;https://datahub.itu.int/data/?e=PRK;https://www.ames.ox.ac.uk/korean,UNICEF page population overview and 2017 learning indicators; World Bank 2023 electricity record; ITU 2024 dashboard; Oxford global context.,"The projection is not observed and carries no row-specific interval here. Old learning indicators, telecom values and global Korean context do not yield a language/resource denominator.",,NEW_EDITION_EVIDENCE,false,ae5eb4a7d7ebcb7708f2ab70e7338e3960a98948704c448d09bf0fd6c5abdab7
regional:ASIA_EMPIRICAL_NEED_INPUTS:ko-Kore-KR:086,ASIA_EMPIRICAL_NEED_INPUTS,ko-Kore-KR,,REGIONAL_EMPIRICAL_STRATUM,territorial_education_language_exposure_ceiling_published_in_thousands,persons,,,51817000,"Official 2025 register-census total resident estimate, published in thousands, retained only as a South Korean education-language exposure ceiling; not a Korean-language or script-competence count.",2025-11-01,Republic of Korea,spoken/written South Korean standard; Hangul/Hanja (Kore); script competence unmeasured,ASIA_A1263098CA28;ASIA_9B8793BE9527;ASIA_413400DFDCA6;ASIA_EB167E9C882D;ASIA_62CB247ADE56;ASIA_EAFCC14AE490;ASIA_75A9382D53D6;ASIA_B0B9D3E2D9F2,https://www.oecd.org/en/publications/pisa-2022-results-volume-i-and-ii-country-notes_ed6fbcc5-en/korea_4e0cc43a-en.html;https://www.moe.go.kr/boardCnts/viewRenew.do?boardID=294&boardSeq=99138&lev=0&m=020402&opType=N&page=1&s=moe&searchType=null&statusYN=W;https://www.nkis.re.kr/subject_view1.do?eoSeq=0&otpId=OTP_0000000000015021&otpSeq=0;https://datahub.itu.int/data/?e=KOR;https://www.kocw.net/;https://www.ames.ox.ac.uk/korean;https://mods.go.kr/board.es?act=view&bid=203&list_no=446219&mid=a10301010000&nPage=1&ref_bid=&tag=;https://mods.go.kr/boardDownload.es?bid=203&list_no=446219&seq=11,MODS 2025 register-census resident/national/foreigner figures and thousand-person publication units; OECD PISA; MOE/KICE Grade 11 NAEA; ITU; KOCW; Oxford global context.,"Nationality and total residence are separate constructs, not an interval. Published counts are in thousands. ROK, DPRK and global Korean contexts overlap and are never added.",,EVIDENCE_ONLY_CONTEXT,false,60f9b7333f30eed24ab26225d5f9d9394bc80603b073a26ad54ab12aeee18121
regional:ASIA_EMPIRICAL_NEED_INPUTS:mey-Arab-MR:087,ASIA_EMPIRICAL_NEED_INPUTS,mey-Arab-MR,edition-target:lang:mey-Arab-MR,REGIONAL_EMPIRICAL_STRATUM,no_compatible_direct_variety_person_denominator,persons,,,,No comparable exact Hassaniya person denominator is established in this bundle.,current evidence review,Mauritania and Western Sahara contexts,spoken Hassaniya; script practices unmeasured,ASIA_FB5A2B3A6E71,https://documents1.worldbank.org/curated/en/517851626203470278/pdf/Effective-Language-of-Instruction-Policies-for-Learning.pdf,World Bank LOI report Box 4 p31 and surrounding discussion distinguish MSA from colloquial Arabic types.,Mauritania/Western Sahara geography and displacement/status require separate evidence; no umbrella inheritance.,,ATTACHED_TO_EXISTING_EDITION,false,da0f2f6f43c31fe633b12a4c543aa3f09af5ad288594bb145a3b9a7f6dd566da
regional:ASIA_EMPIRICAL_NEED_INPUTS:mr-Deva-IN:088,ASIA_EMPIRICAL_NEED_INPUTS,mr-Deva-IN,edition-target:lang:mr-Deva-IN,REGIONAL_EMPIRICAL_STRATUM,raw_census_mother_tongue_return_not_script_readership,persons,82801140,82801140,82801140,Raw Marathi mother-tongue return; scheduled-language total is 83026680.,2011,India,spoken/written Marathi target; Devanagari; population source does not measure script literacy,ASIA_AE7629DAC814;ASIA_C8095E9B813E;ASIA_5AD512572DA1;ASIA_F358D43B8DE2;ASIA_84E85FF94377;ASIA_25B978A75B75,https://censusindia.gov.in/nada/index.php/catalog/10191;https://www.censusindia.gov.in/nada/index.php/catalog/10262;https://censusindia.gov.in/nada/index.php/catalog/10262/download/13374/DDW-C17-0000.XLSX;https://asercentre.org/wp-content/uploads/2022/12/ASER_2024_Final-Report_13_2_24-1.pdf;https://india.khanacademy.org/;https://support.khanacademy.org/hc/en-us/articles/226457308-What-languages-is-Khan-Academy-available-in,C-16 raw Marathi; C-17 Marathi; ASER Maharashtra table and digital-access chapter.,Raw/scheduled mismatch; outcomes and devices not language-disaggregated; resource completeness unknown. The person count is exact only for the reported mother-tongue construct and does not enumerate script literacy or tested proficiency.,,ATTACHED_TO_EXISTING_EDITION,false,94908f8f9b9305a427bd1cabd58767c3967b96505da35e3a7a69de76c6a339db
regional:ASIA_EMPIRICAL_NEED_INPUTS:my-Mymr-MM:089,ASIA_EMPIRICAL_NEED_INPUTS,my-Mymr-MM,edition-target:lang:my-Mymr-MM,REGIONAL_EMPIRICAL_STRATUM,model_based_de_facto_midyear_population_point_context,persons,,54500091,,"WDI 2024 de facto midyear population model estimate; territorial context only, not Burmese users/readers or an upper bound.",2024,Myanmar,spoken/written Burmese/Myanmar; Myanmar script; competence unmeasured,ASIA_759351FA76E9;ASIA_B959004395E8;ASIA_99EF1189B839;ASIA_4D817AB19C6E;ASIA_E28E23F01DBE;ASIA_5BB789ABEF06;ASIA_49B48F2B0F14,https://api.worldbank.org/v2/country/MMR/indicator/SP.POP.TOTL?date=2024&format=json;https://documents1.worldbank.org/curated/en/099070124012035856/pdf/P50066314cb91a0d4199041567b48f877da.pdf;https://documents1.worldbank.org/curated/en/099111224114516735/pdf/P180073-0beb4782-f0f8-4483-ae8a-5417542ace40.pdf;https://www.unicef.org/myanmar/learning;https://www.unicef.org/myanmar/sites/unicef.org.myanmar/files/2019-05/Myanmar%20Country%20Report_Language%2C%20Education%20and%20Social%20Cohesion%20%28LESE%29%20Initiative.pdf;https://datahub.itu.int/data/?e=MMR;https://databank.worldbank.org/metadataglossary/millennium-development-goals/series/SP.POP.TOTL,WDI API 2024 point and WDI de facto/model metadata; World Bank MSPS phone-survey Table 4 pp5-6 linguistic sample composition; education/UNICEF/ITU national context.,"WDI model point, phone-survey composition, education crisis, connectivity and Myanmar-script literacy are incompatible constructs. No macro or territorial figure is inherited as a Burmese population.",,ATTACHED_TO_EXISTING_EDITION,false,195e321301fffb04e08076f158f2567cde72a7feae4fc40a99d9e0a8757557d5
regional:ASIA_EMPIRICAL_NEED_INPUTS:nan-Hant-TW:090,ASIA_EMPIRICAL_NEED_INPUTS,nan-Hant-TW,edition-target:lang:nan-Hant-TW,REGIONAL_EMPIRICAL_STRATUM,census_current_language_use_primary_or_secondary,persons reporting the language as current primary or secondary communication language,18728839,18728839,18728839,"DGBAS 2020 estimate: 6,897,535 current primary-use plus 11,831,304 current secondary-use Taiwanese among resident nationals aged 6+.",2020-11-08,Taiwan; resident nationals aged 6+ census universe,spoken Taigi; Traditional Han and standardized romanization delivery arms must be separately audited,ASIA_TWN_DGBAS_CENSUS_2020_LANG,https://ws.dgbas.gov.tw/001/Upload/463/relfile/11065/230300/t006.xlsx,DGBAS Table 6 Grand Total row; primary-use and secondary-use columns; primary-or-secondary values are transparent sums within each named language.,"Primary and secondary language categories overlap across languages and must not be summed. The estimates are current communication use, not mother tongue, proficiency, literacy, ethnicity, or educational need.",,ATTACHED_TO_EXISTING_EDITION,false,8e948994b79a4bb880abfd18b2e6adf06c79a07bb820f6eb439b41ffc315a3ca
regional:ASIA_EMPIRICAL_NEED_INPUTS:pa-Arab-PK:091,ASIA_EMPIRICAL_NEED_INPUTS,pa-Arab-PK,,REGIONAL_EMPIRICAL_STRATUM,Punjabi_L1_ceiling_for_unmeasured_Shahmukhi_literacy_detailed_demographic_universe,persons,,,88915544,"2023 Census Punjabi mother-tongue count in the detailed-demographic table universe, retained only as a maximum language-community context for an unmeasured Shahmukhi target.",2023,Pakistan,Punjabi Shahmukhi resource target; census count is mother tongue only and does not measure script literacy,ASIA_AFF2CFE5FD3E;ASIA_C108F664359D;ASIA_C088EAEF37B1;ASIA_FCFD0EBD2874;ASIA_0F8C359A9A6A;ASIA_EF1BA0A15BE2,https://www.pbs.gov.pk/sites/default/files/population/2023/tables/table_11_national.pdf;https://www.pbs.gov.pk/sites/default/files/population/2023/reports/National%20Census%20Report-2023.pdf;https://documents1.worldbank.org/curated/en/099101209232420036/pdf/IDU1ca74c9b413720148e11bf511415daadb8202.pdf;https://pie.gov.pk/SiteImage/Publication/PES-Final%20Report%2016Mb.pdf;https://aserpakistan.org/document/2024/aser_national_2023.pdf;https://www.pbs.gov.pk/wp-content/uploads/2020/07/HIES_Report_2024-25-Social-indicators-Reportupdated.pdf,PBS Table 11 and National Census Report scope; World Bank language-of-instruction report; PIE PES; ASER; HIES. None supplies a Shahmukhi literacy cross-tab.,"Language count is only a ceiling for Shahmukhi. No script literacy, learning, academic-overlap or resource inventory denominator.",,EVIDENCE_ONLY_CONTEXT,false,db935f987098bef5e568606af8735f28046c156c2904494b5548b83b1a5c7e4b
regional:ASIA_EMPIRICAL_NEED_INPUTS:pa-Guru-IN:092,ASIA_EMPIRICAL_NEED_INPUTS,pa-Guru-IN,edition-target:lang:pa-Guru-IN,REGIONAL_EMPIRICAL_STRATUM,Punjabi_L1_ceiling_for_unmeasured_Gurmukhi_literacy_not_script_readership,persons,,,31144095,The 2011 raw Punjabi/Panjabi mother-tongue return is retained only as a maximum language-community context because the census does not enumerate Gurmukhi literacy.,2011,India,Punjabi Gurmukhi resource target; census count is language-only and does not measure script literacy,ASIA_AE7629DAC814;ASIA_C8095E9B813E;ASIA_5AD512572DA1;ASIA_F358D43B8DE2;ASIA_84E85FF94377;ASIA_25B978A75B75,https://censusindia.gov.in/nada/index.php/catalog/10191;https://www.censusindia.gov.in/nada/index.php/catalog/10262;https://censusindia.gov.in/nada/index.php/catalog/10262/download/13374/DDW-C17-0000.XLSX;https://asercentre.org/wp-content/uploads/2022/12/ASER_2024_Final-Report_13_2_24-1.pdf;https://india.khanacademy.org/;https://support.khanacademy.org/hc/en-us/articles/226457308-What-languages-is-Khan-Academy-available-in,C-16 raw Punjabi return and Statement 1; C-17 Punjabi umbrella; ASER digital context; Khan language selector inspected in bounded resource audit.,"The ceiling is a language count, not Gurmukhi readership. C-17 has a broader taxonomy and no script. Resource completeness is unknown. The person count is exact only for the reported mother-tongue construct and does not enumerate script literacy or tested proficiency.",,ATTACHED_TO_EXISTING_EDITION,false,77dcbacdad376183c08b943e994a542c06ce9e62ebb68d931648034adde7a3e3
regional:ASIA_EMPIRICAL_NEED_INPUTS:pes-Arab-IR:093,ASIA_EMPIRICAL_NEED_INPUTS,pes-Arab-IR,edition-target:lang:pes-Arab-IR,REGIONAL_EMPIRICAL_STRATUM,territorial_national_schooling_exposure_ceiling,persons,,,91567738,World Bank 2024 all-resident population estimate retained only as a maximum national-schooling exposure context; not a direct Persian speaker or Perso-Arabic reader count.,2024,Iran,Perso-Arabic,ASIA_81FCA16F83B7;ASIA_59DC2F64AEFB;ASIA_EC7D5FCE5DA6;ASIA_49BA0A23C8B3;ASIA_BDA0C85F4DB7;ASIA_F09DB3CF1763,https://data.worldbank.org/indicator/SP.POP.TOTL?locations=IR;https://doi.org/10.3390/computers13080212;https://download.uis.unesco.org/SDG4/SDG4-Profile-Iran%20(Islamic%20Republic%20of).pdf;https://datahub.itu.int/data/?e=IRN&i=11624;https://data.worldbank.org/indicator/EG.ELC.ACCS.ZS?locations=IR;https://samanketab.roshdmag.ir/fa/article/26678/%D9%BE%D8%A7%DB%8C%DA%AF%D8%A7%D9%87-%DA%A9%D8%AA%D8%A7%D8%A8-%D9%87%D8%A7%DB%8C-%D8%AF%D8%B1%D8%B3%DB%8C,WDI 2024 population estimate; 2024 NLP review abstract rounded context; current UIS SDG4 trend/profile values with years/model status; ITU indicator 11624; WDI electricity; official Roshd article and redistribution warning.,"The WDI figure is an all-resident context, not a Persian population. The 110m NLP-review context spans standards/scripts without allocation. UIS indicators mix dated/modelled endpoints and are stated with their years.",,ATTACHED_TO_EXISTING_EDITION,false,25f27005a0f9b0f25263b352399f07cdc7b21244e20845b157204fcb7ab6d8e2
regional:ASIA_EMPIRICAL_NEED_INPUTS:pga-SS:094,ASIA_EMPIRICAL_NEED_INPUTS,pga-SS,,REGIONAL_EMPIRICAL_STRATUM,no_compatible_direct_variety_person_denominator,persons,,,,No comparable exact Juba-Arabic person denominator is established in this bundle.,current evidence review,South Sudan,spoken Juba Arabic; Arabic/Latin writing practices not fixed by population evidence,ASIA_FB5A2B3A6E71,https://documents1.worldbank.org/curated/en/517851626203470278/pdf/Effective-Language-of-Instruction-Policies-for-Learning.pdf,World Bank LOI report Box 4 p31 and surrounding discussion distinguish MSA from colloquial Arabic types.,"Juba Arabic is a separate contact-language target, not silently MSA or an ordinary national dialect.",,EVIDENCE_ONLY_CONTEXT,false,696f337920160315b259149ce892201001cf9789be6cf9127594aeff2d2511d1
regional:ASIA_EMPIRICAL_NEED_INPUTS:prs-Arab-AF:095,ASIA_EMPIRICAL_NEED_INPUTS,prs-Arab-AF,edition-target:lang:prs-Arab-AF,REGIONAL_EMPIRICAL_STRATUM,no_denominator_compatible_population_estimate,persons,,,,No national person count compatible with the exact Dari native-language share and reference year was verified.,2019 survey context,Afghanistan,Perso-Arabic,ASIA_2EB6AB7BBCE9;ASIA_AB580216B702;ASIA_898D7AA447D0;ASIA_4807CAF4ACCE;ASIA_7BB3D8E9A472;ASIA_5F22574862B2,https://asiafoundation.org/wp-content/uploads/2020/05/Afghanistan_2019-Model-Disability-Survey.pdf;https://www.unicef.org/afghanistan/reports/afghanistan-multiple-indicator-cluster-survey-mics-2022-2023;https://www.unicef.org/afghanistan/media/9186/file/Afghanistan%20MICS%202022-2203.pdf;https://www.unicef.org/afghanistan/documents/afghanistan-education-situation-report-2025;https://www.unicef.org/afghanistan/media/12691/file/Report_AFG_Education_PRINT_final-.pdf.pdf;https://datahub.itu.int/data/?e=AFG&i=11624,MDS Figure 10 p49 and Table 6 pp54-55; MICS Table LN.4.1 pp195-197; UNICEF Education Situation Report 2025 exact cohorts; ITU indicator 11624.,"Population remains null: adult survey shares lack a compatible person total, share uncertainty and age crosswalk. Figure/Table discrepancy is not silently rounded away; education/connectivity are national conflict-sensitive endpoints.",,ATTACHED_TO_EXISTING_EDITION,false,a869a05a03d6337099e342d04e138de509cf0efef08176e67bcb21fd6849e116
regional:ASIA_EMPIRICAL_NEED_INPUTS:ru-Cyrl-RU-ability:096,ASIA_EMPIRICAL_NEED_INPUTS,ru-Cyrl-RU-ability,edition-target:lang:ru-Cyrl-RU,REGIONAL_EMPIRICAL_STRATUM,exact_census_reported_language_ability_count,persons,,134319233,,"Rosstat count of people reporting ability in Russian; separate from daily use and not a literacy, L1 or academic-proficiency count.",2020 Census; reference date 2021-10-01,Russian Federation,reported language endpoint; Cyrillic literacy and academic competence not separately measured,ASIA_8494F662F55E;ASIA_498C388D8FFE,https://rosstat.gov.ru/vpn/2020/Tom5_Nacionalnyj_sostav_i_vladenie_yazykami;https://www.unesco.org/sites/default/files/medias/fichiers/2024/06/0606_russian%20language.pdf,"Rosstat 2020 Census Volume 5 Table 4, Russian Federation total row; UNESCO global >250m context only.",Ability and daily use overlap and are not additive. The response count is exact for its census construct only and does not allocate global speakers or script literacy.,,NEW_EDITION_EVIDENCE,false,f34be1951d736b9c8b5fbed633360f0b8eac5baaabba8857d1922ae6772bb24e
regional:ASIA_EMPIRICAL_NEED_INPUTS:ru-Cyrl-RU-daily:097,ASIA_EMPIRICAL_NEED_INPUTS,ru-Cyrl-RU-daily,edition-target:lang:ru-Cyrl-RU,REGIONAL_EMPIRICAL_STRATUM,exact_census_reported_daily_language_use_count,persons,,132317159,,"Rosstat count of people reporting daily use of Russian; separate from reported ability and not a literacy, L1 or academic-proficiency count.",2020 Census; reference date 2021-10-01,Russian Federation,reported language endpoint; Cyrillic literacy and academic competence not separately measured,ASIA_8494F662F55E;ASIA_498C388D8FFE,https://rosstat.gov.ru/vpn/2020/Tom5_Nacionalnyj_sostav_i_vladenie_yazykami;https://www.unesco.org/sites/default/files/medias/fichiers/2024/06/0606_russian%20language.pdf,"Rosstat 2020 Census Volume 5 Table 4, Russian Federation total row; UNESCO global >250m context only.","Daily use is nested/overlapping with reported ability and cannot be added. Modality, script literacy, home use and academic proficiency are not separated.",,NEW_EDITION_EVIDENCE,false,d759558294707b6c115a76ef84570e4f74995cda0ca86809bc0d34f7f92d1f91
regional:ASIA_EMPIRICAL_NEED_INPUTS:shu-Arab-TD:098,ASIA_EMPIRICAL_NEED_INPUTS,shu-Arab-TD,edition-target:lang:shu-Arab-TD,REGIONAL_EMPIRICAL_STRATUM,no_compatible_direct_variety_person_denominator,persons,,,,No comparable exact Chadian-Arabic person denominator is established in this bundle.,current evidence review,Chad,spoken Chadian Arabic; script practices unmeasured,ASIA_FB5A2B3A6E71,https://documents1.worldbank.org/curated/en/517851626203470278/pdf/Effective-Language-of-Instruction-Policies-for-Learning.pdf,World Bank LOI report Box 4 p31 and surrounding discussion distinguish MSA from colloquial Arabic types.,Chadian multilingual context remains separate; no MSA/umbrella inheritance.,,ATTACHED_TO_EXISTING_EDITION,false,3fdd5d40ffe0783811634c4bf3898b752f70a3232008efe0e2c73d6152e5b278
regional:ASIA_EMPIRICAL_NEED_INPUTS:su-ID:099,ASIA_EMPIRICAL_NEED_INPUTS,su-ID,,REGIONAL_EMPIRICAL_STRATUM,census_home_daily_language_age5plus_point_count,persons,,32412752,,BPS 2010 census point count of people age 5+ in the BPS Sundanese category using it as the daily language at home; irrespective of Latin or Sundanese script.,2010,Indonesia,spoken/home daily language; script not measured,ASIA_552796946DC9;ASIA_EB59D2619EC1;ASIA_260DFA0745B4;ASIA_500B7047CCE7,https://www.bps.go.id/en/publication/2012/05/23/55eca38b7fe0830834605b35/nationality--ethnicity--religion--and-dailylanguage-of-indonesian-population.html;https://sensus.bps.go.id/topik/tabular/sp2022/196/1/0;https://documents1.worldbank.org/curated/en/099082924151529593/pdf/P17920918b1c2f0f61abb41e1a5d85e5dd2.pdf;https://www.bps.go.id/en/publication/2025/08/29/beaa2be400eda6ce6c636ef8/telecommunication-statistics-in-indonesia-2024.html,"BPS 2010 Table L4.1 p47, Sundanese 32412752; later Indonesian ability/learning/ICT only as contexts.","The point is exact for the old census home/daily-language construct only; it is not all speakers, L1, current ability or script literacy. Equal low/base/high fields and the Latn tag are removed.",,EVIDENCE_ONLY_CONTEXT,false,9a53d7e0dad44988841560160feef562da056f428d299067f921c4a4b803fc44
regional:ASIA_EMPIRICAL_NEED_INPUTS:ta-Taml-IN:100,ASIA_EMPIRICAL_NEED_INPUTS,ta-Taml-IN,edition-target:lang:ta-Taml-IN,REGIONAL_EMPIRICAL_STRATUM,raw_census_mother_tongue_return_not_script_readership,persons,68888839,68888839,68888839,Raw Tamil mother-tongue return; scheduled-language total is 69026881.,2011,India,spoken/written Tamil target; Tamil script; population source does not measure script literacy,ASIA_AE7629DAC814;ASIA_C8095E9B813E;ASIA_5AD512572DA1;ASIA_F358D43B8DE2;ASIA_25B978A75B75,https://censusindia.gov.in/nada/index.php/catalog/10191;https://www.censusindia.gov.in/nada/index.php/catalog/10262;https://censusindia.gov.in/nada/index.php/catalog/10262/download/13374/DDW-C17-0000.XLSX;https://asercentre.org/wp-content/uploads/2022/12/ASER_2024_Final-Report_13_2_24-1.pdf;https://support.khanacademy.org/hc/en-us/articles/226457308-What-languages-is-Khan-Academy-available-in,C-16 raw Tamil return; C-17 Tamil row; ASER Tamil Nadu state table.,Census old; raw and scheduled denominators differ; learning/device figures lack language cross-tabs; OER completeness unknown. The person count is exact only for the reported mother-tongue construct and does not enumerate script literacy or tested proficiency.,,ATTACHED_TO_EXISTING_EDITION,false,c68c1552e4b1ccfc6313fa951dc2f438b4720288268ae1231ac3001fdfac576f
regional:ASIA_EMPIRICAL_NEED_INPUTS:ta-Taml-LK:101,ASIA_EMPIRICAL_NEED_INPUTS,ta-Taml-LK,edition-target:lang:ta-Taml-LK,REGIONAL_EMPIRICAL_STRATUM,Tamil_named_ethnicity_core_context_not_language_denominator,persons,,,,No direct Tamil-user or Tamil-script reader population is entered. The 2024 census count 3281987 for Sri Lanka Tamil plus Indian/Malaiyaga Tamil is an ethnicity core only and is not a ceiling because Tamil literacy extends to other ethnic groups.,2024,Sri Lanka,"spoken/written Tamil target; Tamil script; cited population context is ethnicity, not language or script literacy",ASIA_95499A5B4526;ASIA_03CC696CA42B;ASIA_2C7E3E94D496;ASIA_87EDA21F0512,https://www.statistics.gov.lk/Resource/en/Population/CPH_2024/CPH2024_Final_Eng.pdf;https://moe.gov.lk/wp-content/uploads/2025/12/School_Census-2024_Summary-Report-V2.pdf;https://www.statistics.gov.lk/Resource/en/ComputerLiteracy/Bulletins/AnnualBuletinComputerLiteracy-2024.pdf;https://e-thaksalawa.moe.gov.lk/lcms/?lang=ta_lk,CPH 2024 Tables 6.1.8 and 7.11; School Census 2024 Tamil-medium and bilingual pupils; Computer Literacy Bulletin Tamil-literate respondent context; bounded E-thaksalawa Tamil route.,"Ethnicity, language literacy, school medium, platform inventory and ICT survey respondents are distinct. The former 3281987 high field was not a valid upper bound and is removed.",,ATTACHED_TO_EXISTING_EDITION,false,188829724966d9fa4702e80a0304cb70576f7c2b1e53c10c46b83970c2924112
regional:ASIA_EMPIRICAL_NEED_INPUTS:te-Telu-IN:102,ASIA_EMPIRICAL_NEED_INPUTS,te-Telu-IN,edition-target:lang:te-Telu-IN,REGIONAL_EMPIRICAL_STRATUM,raw_census_mother_tongue_return_not_script_readership,persons,80912459,80912459,80912459,Raw Telugu mother-tongue return. The broader scheduled-language total is 81127740 and is kept separate.,2011,India,spoken/written Telugu target; Telugu script; population source does not measure script literacy,ASIA_AE7629DAC814;ASIA_C8095E9B813E;ASIA_5AD512572DA1;ASIA_F358D43B8DE2;ASIA_25B978A75B75,https://censusindia.gov.in/nada/index.php/catalog/10191;https://www.censusindia.gov.in/nada/index.php/catalog/10262;https://censusindia.gov.in/nada/index.php/catalog/10262/download/13374/DDW-C17-0000.XLSX;https://asercentre.org/wp-content/uploads/2022/12/ASER_2024_Final-Report_13_2_24-1.pdf;https://support.khanacademy.org/hc/en-us/articles/226457308-What-languages-is-Khan-Academy-available-in,C-16 raw Telugu return and scheduled total; C-17 Telugu row; ASER state tables Andhra Pradesh and Telangana.,Raw and scheduled counts are different constructs. State learning and national device measures lack language cross-tabs. Resource audit incomplete. The person count is exact only for the reported mother-tongue construct and does not enumerate script literacy or tested proficiency.,,ATTACHED_TO_EXISTING_EDITION,false,38c766970ada79f18902ab4729eae9c703f8f6086a46635677825e74d4684421
regional:ASIA_EMPIRICAL_NEED_INPUTS:tg-Cyrl-TJ:103,ASIA_EMPIRICAL_NEED_INPUTS,tg-Cyrl-TJ,edition-target:lang:tg-Cyrl-TJ,REGIONAL_EMPIRICAL_STRATUM,territorial_official_language_exposure_ceiling,persons,,,9657005,Official 2020 resident census total retained only as maximum territorial exposure; not a direct Tajik-language or Cyrillic-literacy count.,2020,Tajikistan,Cyrillic,ASIA_BA31B00190AB;ASIA_35529349528F;ASIA_9C5DB114AD18;ASIA_60ED01594AAD;ASIA_3158EA1C9CC5;ASIA_0F8F5E4A8FE2;ASIA_42E1E291D783;ASIA_7DFBD29BE1C9;ASIA_4FDF1E08A398;ASIA_14BDD54EEEDC;ASIA_AC00F32BA8B1,https://www.stat.tj/en/population-and-housing-census/?lang=tj;https://docstore.ohchr.org/SelfServices/FilesHandler.ashx?enc=ci8WUzhCwwCZnuZKXtC9oVa1Jd%2FF6qLRjM0BbDjNYJc40UWEiZGkXT8w5Xu9easgQwqccWbs7oU2r4GpqH6Obw%3D%3D;https://www.unicef.org/tajikistan/media/9231/file/Tajikistan_SitAn_2025_ENG.pdf.pdf;https://www.unicef.org/tajikistan/reports/achieving-universal-connectivity-education-sector-republic-tajikistan;https://www.unicef.org/tajikistan/press-releases/24-cent-tajikistans-school-age-children-have-no-internet-access-home-new-unicef-itu;https://www.unicef.org/documents/expanding-digital-learning-opportunities-and-connectivity-all-learners-tajikistan;https://www.unicef.org/tajikistan/stories/learning-future;https://www.stat.tj/wp-content/uploads/2024/05/tablicza-1.-chislennost-postoyannogo-naseleniya-po-oblastyam-rajonam-gorodskim-poseleniyam-rajonnym-czentram-i-selskim-naselennym-punktam-s-chis.pdf;https://www.stat.tj/wp-content/uploads/2024/05/metodologicheskie-poyasneniya-2.pdf;https://pdf.usaid.gov/pdf_docs/PA00Z5ST.pdf;https://www.unicef.org/tajikistan/media/7371/file/Achieving%20Universal%20Connectivity%202024_en%20final-compressed.pdf.pdf,Census Volume I Table 1 and usual-residence methodology; CERD/C/SR.2971 para 5 delegation statement; USAID EGRA Table E6 p111; UNICEF connectivity report and bounded digital/material programme evidence.,"The 9657005 value is a permanent-resident census ceiling, not a language count. Rounded ethnicity share, delegation school counts, Tajik-language EGRA sample, connectivity and project outputs remain separate.",,ATTACHED_TO_EXISTING_EDITION,false,f3d9ec9c046dfb8d814148797464c39d63f72bd6377378cc6b571e843602106b
regional:ASIA_EMPIRICAL_NEED_INPUTS:th-Thai-TH:104,ASIA_EMPIRICAL_NEED_INPUTS,th-Thai-TH,edition-target:lang:th-Thai-TH,REGIONAL_EMPIRICAL_STRATUM,census_language_used_at_home,persons classified by usual languages spoken at home,64080191,64080191,64080191,"2010 census population classified as using only Thai at home (59,866,190) or Thai and another language at home (4,214,001); the two published categories sum to 64,080,191.",2010-09-01,Thailand,spoken/written Standard Thai; Thai script; literacy unmeasured,ASIA_FD2E31624975;ASIA_60398CDE3EB5;ASIA_8D763B87EDD7;ASIA_E3C9435B44D2;ASIA_AF3F2061095E;ASIA_99790366BF51;ASIA_DC40538A57DA;ASIA_A943DE148B29;ASIA_AE4FF98E9CFE;ASIA_THA_NSO_CENSUS_2010_LANG,https://www.nso.go.th/public/e-book/Bulletin-of-Statistics/bulletin-4-68/32/;https://www.unicef.org/thailand/press-releases/mother-tongue-based-education-provides-ethnic-children-fair-chance-learn;https://www.unicef.org/thailand/media/1282/file/Bridge%20to%20a%20Brighter%20Tomorrow%20%28Full%20Report%29.pdf;https://datahub.itu.int/data/?e=THA;https://dltv.ac.th/;https://www.dltv.ac.th/downloads;https://dltv.ac.th/content/content-detail/11090/1001;https://www.nso.go.th/public/e-book/Statistical-Yearbook/SYB-2025/77/;https://academic.obec.go.th/download/obec_book_teacher/basic_education_core_curriculum/051-01-1_Laksut%20Kaen%20Klang%20Kansueksa%20Khanphuenthan%20_2551_eng.pdf;https://catalogapi.nso.go.th/api/doc/department/D10/SD10_04/SD10_04_165_2.pdf,"THA_NSO_2010 Table 7, PDF page 97: only Thai 59,866,190; Thai and other languages 4,214,001; only other languages 1,901,468. NSO Statistical Yearbook 2025 Table 1.5 registration record; OBEC core curriculum; UNICEF minority-language context; ITU national ICT; bounded DLTV endpoints.","The census construct classifies population by usual languages spoken at home. It is not individual mother tongue, Thai literacy, tested proficiency, academic comfort, or a count needing every educational resource. Registration, de facto residence, language ability and Thai-script literacy are distinct. UNICEF language context, connectivity and DLTV availability are not population crosswalks.",,ATTACHED_TO_EXISTING_EDITION,false,563aa4700a96e255696cbb0433b683b59adc0667991b4ae98bcc45ec882f2161
regional:ASIA_EMPIRICAL_NEED_INPUTS:tr-Latn-TR:105,ASIA_EMPIRICAL_NEED_INPUTS,tr-Latn-TR,edition-target:lang:tr-Latn-TR,REGIONAL_EMPIRICAL_STRATUM,registered_ABPRS_population_point_proxy,persons,,85664944,,"TurkStat ABPRS count at 31 December 2024 for the covered registered population; it excludes Syrians under temporary protection and foreigners with visa/residence stays under 90 days, so it is not a strict territorial ceiling or Turkish-speaker count.",2024,Turkiye,Latin,ASIA_030D559FCB98;ASIA_38236BAD07D7;ASIA_3BBEACC14483;ASIA_75C5B79598A8;ASIA_CC337D85314B;ASIA_A92F25B3B88F;ASIA_640ADBAAB7BD;ASIA_B6F525EF2BFB,https://veriportali.tuik.gov.tr/en/press/53783;https://veriportali.tuik.gov.tr/en/press/53783/metadata;https://doi.org/10.1007/s10579-022-09605-4;https://www.oecd.org/en/publications/pisa-2022-results-volume-i-and-ii-country-notes_ed6fbcc5-en/turkiye_d67e6c05-en.html;https://veriportali.tuik.gov.tr/Bulten/Index?dil=2&p=Hanehalk%C4%B1-Bili%C5%9Fim-Teknolojileri-%28BT%29-Kullan%C4%B1m-Ara%C5%9Ft%C4%B1rmas%C4%B1-2024-53492;https://eba.gov.tr/;https://eba.gov.tr/ozel-egitim-materyal;https://mebi.eba.gov.tr/,TurkStat ABPRS 2024 count and exclusion metadata; NLP-resource review context; OECD PISA represented cohort; TurkStat ICT age 16-74; bounded EBA/MEBI access/download conditions.,"ABPRS coverage and the rounded global speaker review are incompatible, so no interval is constructed. PISA/ICT lack language cross-tabs; platform presence does not establish reach, completeness or open rights.",,ATTACHED_TO_EXISTING_EDITION,false,d2de90da8371993fd793b522ed04bca552597dbdfa314affb18191ba04cd3b01
regional:ASIA_EMPIRICAL_NEED_INPUTS:ur-Arab-IN:106,ASIA_EMPIRICAL_NEED_INPUTS,ur-Arab-IN,edition-target:lang:ur-Arab-IN,REGIONAL_EMPIRICAL_STRATUM,raw_census_mother_tongue_return_not_script_readership,persons,50725762,50725762,50725762,Raw Urdu mother-tongue return; broader C-16 scheduled-language total is 50772631.,2011,India,spoken/written Urdu target; Perso-Arabic Nastaliq; population source does not measure script literacy,ASIA_AE7629DAC814;ASIA_C8095E9B813E;ASIA_5AD512572DA1;ASIA_F358D43B8DE2;ASIA_2D7DB5B586AA,https://censusindia.gov.in/nada/index.php/catalog/10191;https://www.censusindia.gov.in/nada/index.php/catalog/10262;https://censusindia.gov.in/nada/index.php/catalog/10262/download/13374/DDW-C17-0000.XLSX;https://asercentre.org/wp-content/uploads/2022/12/ASER_2024_Final-Report_13_2_24-1.pdf;https://epathshala.nic.in/wp-content/doc/book/btextbook/textbook.htm,C-16 raw and scheduled Urdu; C-17 Urdu row; ASER national tables; ePathshala Urdu class selector and copyright notice.,Census is old; raw and umbrella denominators differ. No exact language learning or device cross-tab. The person count is exact only for the reported mother-tongue construct and does not enumerate script literacy or tested proficiency.,,ATTACHED_TO_EXISTING_EDITION,false,1dda64e5eb70f97aa6eb11b022add85b5073a50c4596e959b19566e58c642129
regional:ASIA_EMPIRICAL_NEED_INPUTS:ur-Arab-PK:107,ASIA_EMPIRICAL_NEED_INPUTS,ur-Arab-PK,edition-target:lang:ur-Arab-PK,REGIONAL_EMPIRICAL_STRATUM,census_mother_tongue_count_detailed_demographic_universe_not_script_readership,persons,22249307,22249307,22249307,2023 Census Urdu mother-tongue count among the 240458089-person detailed-demographic table universe (four provinces plus ICT and excluding restricted-area records); not a Nastaliq literacy or national Urdu-ability count.,2023,Pakistan,spoken/written Urdu target; Perso-Arabic Nastaliq; population source does not measure script literacy,ASIA_AFF2CFE5FD3E;ASIA_C108F664359D;ASIA_3EBBF28BD445;ASIA_FCFD0EBD2874;ASIA_0F8C359A9A6A;ASIA_C088EAEF37B1;ASIA_EF1BA0A15BE2,https://www.pbs.gov.pk/sites/default/files/population/2023/tables/table_11_national.pdf;https://www.pbs.gov.pk/sites/default/files/population/2023/reports/National%20Census%20Report-2023.pdf;https://www.na.gov.pk/uploads/documents/1515056252_668.pdf;https://pie.gov.pk/SiteImage/Publication/PES-Final%20Report%2016Mb.pdf;https://aserpakistan.org/document/2024/aser_national_2023.pdf;https://documents1.worldbank.org/curated/en/099101209232420036/pdf/IDU1ca74c9b413720148e11bf511415daadb8202.pdf;https://www.pbs.gov.pk/wp-content/uploads/2020/07/HIES_Report_2024-25-Social-indicators-Reportupdated.pdf,PBS Table 11 and National Census Report scope; Constitution Article 251; PIE PES pp39/71; ASER 2023 p58; World Bank 2023 language-of-instruction report; HIES 2024-25 methodology and ICT/electricity tables.,"The mother-tongue table and full census total have different geographic/record coverage. OOS, ASER, HIES and language counts use different cohorts; none measures Nastaliq literacy or Urdu academic proficiency.",,ATTACHED_TO_EXISTING_EDITION,false,385b2a674041596926fd71f634d9d46bda1da4ca3765578eebe8ce055ef34691
regional:ASIA_EMPIRICAL_NEED_INPUTS:vi-Latn-VN:108,ASIA_EMPIRICAL_NEED_INPUTS,vi-Latn-VN,edition-target:lang:vi-Latn-VN,REGIONAL_EMPIRICAL_STRATUM,sample_based_territorial_population_point_for_official_language_context,persons,,101112656,,"Published 2024-04-01 population point estimate from the intercensal sample survey covering about 20% of enumeration areas; territorial/policy context only, not Vietnamese users/readers and not an upper confidence bound.",2024,Viet Nam,spoken/written Vietnamese; quốc-ngữ Latin orthography; competence unmeasured,ASIA_EFA14D01CC25;ASIA_1B7F7BEE3F52;ASIA_5BCEEF45CA97;ASIA_DA631D4C90DC;ASIA_E207EFEC5972;ASIA_00F0E2B2A708;ASIA_2DDC88647457;ASIA_6B97CC766A6D,https://www.gso.gov.vn/du-lieu-va-so-lieu-thong-ke/2025/01/thong-cao-bao-chi-ket-qua-dieu-tra-dan-so-va-nha-o-giua-ky-nam-2024/;https://documents1.worldbank.org/curated/en/099090524093570192/pdf/P179209-ba987cbb-9cc6-4838-a0f0-6e19ed88ad18.pdf;https://datahub.itu.int/data/?e=VNM;https://moet.gov.vn/content/vanban/Lists/VBDH/Attachments/3697/huong-dan-nv-cntt-tk-nam-hoc-2024-2025-final.pdf;https://igiaoduc.vn;https://hanhtrangso.nxbgd.vn/sach-dien-tu;https://vanban.chinhphu.vn/?docid=197310&pageid=27160;https://congbao.chinhphu.vn/detail/tai-ve?id=29267&slug=43-2019-qh14,GSO 2024 intercensal survey design and point estimate; official government Education Law 43/2019/QH14 Article 11; national learning/ICT context; bounded repository/e-textbook endpoints.,"The official point is sample-based and has no row-specific uncertainty here. It is not a Vietnamese language or quốc-ngữ literacy count; statutory role, Kinh ethnicity, learning and connectivity are separate.",,ATTACHED_TO_EXISTING_EDITION,false,e465de8b5cf14a06a66895384352f34261c7945cc0e1183b2fd7d58d6266ddac
regional:ASIA_EMPIRICAL_NEED_INPUTS:zh-Hans-CN:109,ASIA_EMPIRICAL_NEED_INPUTS,zh-Hans-CN,edition-target:lang:zh-Hans-CN,REGIONAL_EMPIRICAL_STRATUM,territorial_written_standard_exposure_ceiling,persons,,,1411778724,"2020 census national-population total for the 31 mainland provinces plus active servicemen; excludes Hong Kong, Macao and Taiwan residents and foreigners living in those provinces. It is only a maximum written-standard exposure context, not a reader or literacy count.",2020,PRC census national-population scope: 31 mainland provinces plus active servicemen,written Standard Chinese; simplified/normative Han; reader competence unmeasured,ASIA_5429F0BA6A2A;ASIA_F71781BEC351;ASIA_2E4E571033AB;ASIA_382F0CD96CBB;ASIA_0697DE5C8F30;ASIA_08CF33842BCA;ASIA_A7E49913E90A;ASIA_09DDEB343BE4;ASIA_1DF6C347E91F;ASIA_EAF11158E496;ASIA_B5B4DFBE511B,https://www.stats.gov.cn/english/PressRelease/202105/t20210510_1817190.html;https://www.moe.gov.cn/jyb_sjzl/wenzi/202108/t20210827_554992.html;https://hudong.moe.gov.cn/jyb_sjzl/sjzl_fztjgb/202607/t20260706_1442870.html;https://documents1.worldbank.org/curated/en/099062624150016136/pdf/P179209-5ef327b7-7dc8-4720-a457-a9a22a3e03c7.pdf;https://www.cnnic.net.cn/n4/2026/0304/c88-11549.html;https://basic.smartedu.cn/;https://www.unesco.org/en/legal-affairs/recommendation-open-educational-resources-oer?hub=422;https://open.umn.edu/opentextbooks/textbooks.json?language=zho;https://directory.doabooks.org/rest/search?query=dc.language:%22Chinese%22&limit=100&expand=metadata;https://www.stats.gov.cn/english/PressRelease/202105/t20210510_1817187.html;https://www.stats.gov.cn/english/PressRelease/202105/t20210510_1817193.html,NBS Communique No. 2 total and scope footnote; NBS No. 8 separately enumerated excluded resident groups; MOE normative-character rate without a compatible literate denominator; MOE enrolment; World Bank learning context; CNNIC access; Smart Education endpoint; OER definition and catalog snapshots.,"The census total has a restricted NBS national-population scope and is not a zh-Hans readership count. Putonghua ability, normative-character use, enrolment and resource availability overlap and are never added.",,ATTACHED_TO_EXISTING_EDITION,false,cc9432cb48d4234818d5979a779abe78da7bc570e4fa647f13753c483542604d
regional:ASIA_EMPIRICAL_NEED_INPUTS:zh-Hant-HK:110,ASIA_EMPIRICAL_NEED_INPUTS,zh-Hant-HK,,REGIONAL_EMPIRICAL_STRATUM,territorial_written_standard_exposure_ceiling,persons,,,7413070,2021 census population retained only as a Hong Kong territorial zh-Hant exposure ceiling; includes non-Chinese residents and is not a traditional-character reader count.,2021,Hong Kong SAR,written Standard Chinese; traditional Han (zh-Hant); reader competence unmeasured,ASIA_3194972DF84D;ASIA_46BEF8A47068,https://www.censtatd.gov.hk/en/scode600.html;https://www.censtatd.gov.hk/en/data/stat_report/product/B1120109/att/B11201092021XXXXB0100.pdf,Hong Kong Census and Statistics Department 2021 Population Census headline and Main Results.,"Territorial ceiling only; not traditional-character literacy or any spoken-language count. Taiwan, Hong Kong and Macao are kept disjoint and are not added to Mainland or Putonghua rows.",,EVIDENCE_ONLY_CONTEXT,false,6ad37bf23fd84343e49ad5459657897e0621bb74673e5f5f6ae549504a160814
regional:ASIA_EMPIRICAL_NEED_INPUTS:zh-Hant-MO:111,ASIA_EMPIRICAL_NEED_INPUTS,zh-Hant-MO,,REGIONAL_EMPIRICAL_STRATUM,territorial_written_standard_exposure_ceiling,persons,,,682070,August 2021 census total retained only as a Macao territorial zh-Hant exposure ceiling; includes non-Chinese residents and is not a traditional-character reader count.,2021,Macao SAR,written Standard Chinese; traditional Han (zh-Hant); reader competence unmeasured,ASIA_DD4A7A8EF36A,https://censos.dsec.gov.mo/LatestNews.aspx?NewsGUID=bff4521d-16ec-41b9-934c-5f5d40ef9024&lang=en-US,"Macao DSEC detailed 2021 Population Census results, total and local-population definitions.","Territorial ceiling only; not traditional-character literacy or any spoken-language count. Taiwan, Hong Kong and Macao are kept disjoint and are not added to Mainland or Putonghua rows.",,EVIDENCE_ONLY_CONTEXT,false,ac653840d3cd8adcbd6d318251b3dda9377c7d546eba954aa2d9330f575d108d
regional:ASIA_EMPIRICAL_NEED_INPUTS:zh-Hant-TW:112,ASIA_EMPIRICAL_NEED_INPUTS,zh-Hant-TW,edition-target:lang:zh-Hant-TW:written,REGIONAL_EMPIRICAL_STRATUM,territorial_written_standard_exposure_ceiling,persons,,,23561236,End-2020 registered population retained only as a Taiwan territorial zh-Hant exposure ceiling; not a traditional-character reader count.,2020,Taiwan,written Standard Chinese; traditional Han (zh-Hant); reader competence unmeasured,ASIA_BCF5CF2D5871,https://eng.stat.gov.tw/public/data/dgbas03/bs2/yearbook_eng/Yearbook2020.pdf,"Statistical Yearbook 2020, end-of-year population 23561236; Ministry of the Interior source.","Territorial ceiling only; not traditional-character literacy or any spoken-language count. Taiwan, Hong Kong and Macao are kept disjoint and are not added to Mainland or Putonghua rows.",,NEW_EDITION_EVIDENCE,false,61364ae8a5174b1e63af338fffd5643c01fd1f0bffb6b36d8bb92b5e1f60d579
regional:OCEANIA_CENTRAL_ASIA_EMPIRICAL_INPUTS:aii-Syrc-AM:229,OCEANIA_CENTRAL_ASIA_EMPIRICAL_INPUTS,aii-Syrc-AM,,REGIONAL_EMPIRICAL_STRATUM,census_mother_tongue,persons,2213,2213,2213,"2022 census mother-tongue count for the Assyrian category, as reproduced by the Council of Europe.",2022,Armenia,Syriac script; local Cyrillic/Latin transcription separately tagged,ARM_COE_2025;OER_UNESCO_2019;WCAG_22,https://rm.coe.int/armeniapr6-en/1680af6e84;https://www.unesco.org/en/legal-affairs/recommendation-open-educational-resources-oer?hub=422;https://www.w3.org/TR/WCAG22/,ARM_COE_2025: Tables 1–3 and education chapters; OER_UNESCO_2019: Definition I.1 and areas of action; WCAG_22: Conformance requirements and Success Criteria,"Exact census mother-tongue category, not script readers. Syriac, Cyrillic and Latin literacy arms are nonadditive and unmeasured.",,EVIDENCE_ONLY_CONTEXT,false,0742e41810c188516d455ecd3c3b1c64c3783934283c20558b606ce137f5adc8
regional:OCEANIA_CENTRAL_ASIA_EMPIRICAL_INPUTS:av-Cyrl-RU-DA:230,OCEANIA_CENTRAL_ASIA_EMPIRICAL_INPUTS,av-Cyrl-RU-DA,,REGIONAL_EMPIRICAL_STRATUM,unrankable_no_compatible_language_count,persons,,,,No compatible current Avar-language/script person count was verified in the authoritative source set.,,"Russian Federation, chiefly Dagestan",Avar in Dagestan Cyrillic orthography,RUS_CENSUS_2021;DAG_LANGUAGE_ED;OER_UNESCO_2019;WCAG_22,https://www.rosstat.gov.ru/vpn/2020/Tom5_Nacionalnyj_sostav_i_vladenie_yazykami?print=1;https://journals.sagepub.com/doi/10.1177/1367006920959717;https://www.unesco.org/en/legal-affairs/recommendation-open-educational-resources-oer?hub=422;https://www.w3.org/TR/WCAG22/,RUS_CENSUS_2021: nationality tables; DAG_LANGUAGE_ED: education and mobility findings; OER_UNESCO_2019: Definition I.1 and areas of action; WCAG_22: Conformance requirements and Success Criteria,"Explicit unrankable population gap; do not substitute Avar ethnicity estimates, Dagestan totals or macro Northeast Caucasian labels.",,EVIDENCE_ONLY_CONTEXT,false,5c1fa30125013331a61b6754bc64f8a9da2fa7a0582bc45bc1c5f550b11f931d
regional:OCEANIA_CENTRAL_ASIA_EMPIRICAL_INPUTS:az-Latn-AZ:231,OCEANIA_CENTRAL_ASIA_EMPIRICAL_INPUTS,az-Latn-AZ,edition-target:lang:az-Latn-AZ,REGIONAL_EMPIRICAL_STRATUM,census_ethnicity_proxy,persons,9436123,9436123,9436123,"2019 census Azerbaijani ethnic-category count, retained explicitly as a proxy rather than a language or script-literacy count.",2019,Azerbaijan,Azerbaijani Latin alphabet,AZE_YEARBOOK_2024;AZE_WB_LP_2024;OER_UNESCO_2019;WCAG_22,https://www.stat.gov.az/menu/6/statistical_yearbooks/source/stat-yearbook_2024.pdf;https://documents1.worldbank.org/curated/en/099090524095540091/pdf/P17920914d547808f19c6911e867c418233.pdf;https://www.unesco.org/en/legal-affairs/recommendation-open-educational-resources-oer?hub=422;https://www.w3.org/TR/WCAG22/,AZE_YEARBOOK_2024: Table 2.7; AZE_WB_LP_2024: p. 1; OER_UNESCO_2019: Definition I.1 and areas of action; WCAG_22: Conformance requirements and Success Criteria,"Ethnicity proxy, not speaker, reader or academic-proficiency count. Iranian Azerbaijani and Cyrillic/Arabic script arms are outside this row.",,ATTACHED_TO_EXISTING_EDITION,false,cf919d8ecdeb90467758633764c13f1b3a4290fae7fc11074419ceec0feb0303
regional:OCEANIA_CENTRAL_ASIA_EMPIRICAL_INPUTS:az-Latn-GE:232,OCEANIA_CENTRAL_ASIA_EMPIRICAL_INPUTS,az-Latn-GE,,REGIONAL_EMPIRICAL_STRATUM,census_mother_tongue,persons,265534,265534,265534,2024 census count reporting Azerbaijani as mother tongue.,2024,Georgia excluding occupied territories per census scope,Azerbaijani Latin alphabet,GEO_CENSUS_2024;GEO_OECD_ED;GEO_UNICEF_SITAN_2025;OER_UNESCO_2019;WCAG_22,https://www.geostat.ge/media/80541/Main-Results-of-the-2024-Population-and-Agricultural-Census.pdf;https://www.oecd.org/en/publications/oecd-reviews-of-evaluation-and-assessment-in-education-georgia_94dc370e-en/full-report/the-education-system-in-georgia_d22c5e97.html;https://www.unicef.org/georgia/media/9886/file/UNICEF_CHILDREN%20AND%20ADOLESCENT%20RIGHTS%20IN%20GEORGIA_2025-ENG.pdf.pdf;https://www.unesco.org/en/legal-affairs/recommendation-open-educational-resources-oer?hub=422;https://www.w3.org/TR/WCAG22/,"GEO_CENSUS_2024: p. 15, mother tongue; GEO_OECD_ED: minority-language and tertiary-access sections; GEO_UNICEF_SITAN_2025: education and minority sections; OER_UNESCO_2019: Definition I.1 and areas of action; WCAG_22: Conformance requirements and Success Criteria",Exact mother-tongue count. OECD ethnicity/proficiency findings use different years and denominators and cannot be converted into a count or assumed for every speaker.,,EVIDENCE_ONLY_CONTEXT,false,3b70de177e7428374f3a0fa97061e813822def05c88adfe40f6db75c193bfde2
regional:OCEANIA_CENTRAL_ASIA_EMPIRICAL_INPUTS:bcc-Arab-001:233,OCEANIA_CENTRAL_ASIA_EMPIRICAL_INPUTS,bcc-Arab-001,,REGIONAL_EMPIRICAL_STRATUM,peer_reviewed_rounded_speaker_estimate,persons,3400000,3400000,3400000,"Peer-reviewed branch-specific estimate reported as 3,400,000 people.",2021,"Pakistan, Iran and Gulf communities",Perso-Arabic Balochi orthographies; Latin transliteration separately tagged,BALOCHI_BRANCHES;BALOCHI_UPPSALA;OER_UNESCO_2019;WCAG_22,https://sujo.usindh.edu.pk/plugins/generic/pdfJsViewer/pdf.js/web/viewer.html?file=https%3A%2F%2Fsujo.usindh.edu.pk%2Findex.php%2FUSJICT%2Farticle%2Fdownload%2F4452%2F3064%2F8358;https://www.uu.se/en/department/linguistics-and-philology/research/proj/the-balochi-language;https://www.unesco.org/en/legal-affairs/recommendation-open-educational-resources-oer?hub=422;https://www.w3.org/TR/WCAG22/,"BALOCHI_BRANCHES: population estimates by Eastern, Western and Southern branch; BALOCHI_UPPSALA: variety, territory and standardization sections; OER_UNESCO_2019: Definition I.1 and areas of action; WCAG_22: Conformance requirements and Success Criteria","Rounded estimate, not census or script readers. Territory components are not allocable. Balochi branches and orthographies are not collapsed.",,EVIDENCE_ONLY_CONTEXT,false,a0b3bef8b39b74374db731773c1ae27bf923b64c094eab6eaf9b76ee43eb118f
regional:OCEANIA_CENTRAL_ASIA_EMPIRICAL_INPUTS:bfn-Latn-TL:234,OCEANIA_CENTRAL_ASIA_EMPIRICAL_INPUTS,bfn-Latn-TL,edition-target:lang:bfn-Latn-TL,REGIONAL_EMPIRICAL_STRATUM,census_mother_tongue,persons,64686,64686,64686,2015 census first/mother-tongue count for Bunak.,2015,Timor-Leste,Latin orthography,TLS_CENSUS_2015;TLS_CENSUS_REPRO;TLS_UNESCO_UNICEF_MLE;TLS_UNICEF_SDG;OER_UNESCO_2019;WCAG_22,https://www.unicef.org/timorleste/reports/timor-leste-population-and-housing-census-2015;https://pmc.ncbi.nlm.nih.gov/articles/PMC9411783/;https://www.unesco.org/en/articles/unesco-and-unicef-strengthening-multilingual-education-sustainable-future-timor-leste;https://data.unicef.org/sdgs/country/tls/;https://www.unesco.org/en/legal-affairs/recommendation-open-educational-resources-oer?hub=422;https://www.w3.org/TR/WCAG22/,"TLS_CENSUS_2015: Table 12, mother tongue; TLS_CENSUS_REPRO: Table 1; TLS_UNESCO_UNICEF_MLE: language-at-school-entry and EMULI sections; TLS_UNICEF_SDG: education completion indicators; OER_UNESCO_2019: Definition I.1 and areas of action; WCAG_22: Conformance requirements and Success Criteria","Exact census mother-tongue count. Do not add L2/L3 users, infer literacy, transfer Tetun literacy to Bunak, or assume resources from another Timorese variety.",,ATTACHED_TO_EXISTING_EDITION,false,044337a7f372036851bf88e0af97cd8dde7c943b9ad0e53e11dd04d0a7cf8275
regional:OCEANIA_CENTRAL_ASIA_EMPIRICAL_INPUTS:bgn-Arab-001:235,OCEANIA_CENTRAL_ASIA_EMPIRICAL_INPUTS,bgn-Arab-001,,REGIONAL_EMPIRICAL_STRATUM,peer_reviewed_rounded_speaker_estimate,persons,1800000,1800000,1800000,"Peer-reviewed branch-specific estimate reported as 1,800,000 people.",2021,"Pakistan, Afghanistan, Iran and Turkmenistan",Perso-Arabic Balochi orthographies; Latin transliteration separately tagged,BALOCHI_BRANCHES;BALOCHI_UPPSALA;OER_UNESCO_2019;WCAG_22,https://sujo.usindh.edu.pk/plugins/generic/pdfJsViewer/pdf.js/web/viewer.html?file=https%3A%2F%2Fsujo.usindh.edu.pk%2Findex.php%2FUSJICT%2Farticle%2Fdownload%2F4452%2F3064%2F8358;https://www.uu.se/en/department/linguistics-and-philology/research/proj/the-balochi-language;https://www.unesco.org/en/legal-affairs/recommendation-open-educational-resources-oer?hub=422;https://www.w3.org/TR/WCAG22/,"BALOCHI_BRANCHES: population estimates by Eastern, Western and Southern branch; BALOCHI_UPPSALA: variety, territory and standardization sections; OER_UNESCO_2019: Definition I.1 and areas of action; WCAG_22: Conformance requirements and Success Criteria","Rounded estimate, not census or script readers. Territory components are not allocable. Balochi branches and orthographies are not collapsed.",,EVIDENCE_ONLY_CONTEXT,false,a626ae5de381f6396aeb99cc1a5a45d03087eb281225d58cea83e636d9ba59dc
regional:OCEANIA_CENTRAL_ASIA_EMPIRICAL_INPUTS:bgp-Arab-PK-IN:236,OCEANIA_CENTRAL_ASIA_EMPIRICAL_INPUTS,bgp-Arab-PK-IN,,REGIONAL_EMPIRICAL_STRATUM,peer_reviewed_rounded_l1_l2_estimate,persons,5000000,5000000,5000000,"Peer-reviewed branch-specific estimate reported as 5,000,000 people.",2021,Pakistan and India,Perso-Arabic Balochi orthographies; Latin transliteration separately tagged,BALOCHI_BRANCHES;BALOCHI_UPPSALA;OER_UNESCO_2019;WCAG_22,https://sujo.usindh.edu.pk/plugins/generic/pdfJsViewer/pdf.js/web/viewer.html?file=https%3A%2F%2Fsujo.usindh.edu.pk%2Findex.php%2FUSJICT%2Farticle%2Fdownload%2F4452%2F3064%2F8358;https://www.uu.se/en/department/linguistics-and-philology/research/proj/the-balochi-language;https://www.unesco.org/en/legal-affairs/recommendation-open-educational-resources-oer?hub=422;https://www.w3.org/TR/WCAG22/,"BALOCHI_BRANCHES: population estimates by Eastern, Western and Southern branch; BALOCHI_UPPSALA: variety, territory and standardization sections; OER_UNESCO_2019: Definition I.1 and areas of action; WCAG_22: Conformance requirements and Success Criteria","Rounded estimate, not census or script readers. The published figure mixes L1 and L2 and is explicitly not comparable to L1-only estimates. Balochi branches and orthographies are not collapsed.",,EVIDENCE_ONLY_CONTEXT,false,0eb354445d99fbb311e8e0206e45d8b22fc7a759a846168b10e3e98fe12ab177
regional:OCEANIA_CENTRAL_ASIA_EMPIRICAL_INPUTS:bi-Latn-VU:237,OCEANIA_CENTRAL_ASIA_EMPIRICAL_INPUTS,bi-Latn-VU,edition-target:lang:bi-Latn-VU,REGIONAL_EMPIRICAL_STRATUM,territorial_exposure_ceiling,persons,,,300019,2020 resident population retained only as a maximum exposure ceiling because the cited census report does not provide a compatible all-ages Bislama-speaker count.,2020,Vanuatu,Latin orthography; spoken and written,VUT_CENSUS_2020;VUT_CENSUS_ANALYTICAL;VUT_LANGUAGE_POLICY;OER_UNESCO_2019;WCAG_22,https://vnso.gov.vu/sites/default/files/2020NPHC_Volume_1.pdf;https://vnso.gov.vu/sites/default/files/2020_Vanuatu_National_Population_and_Housing_Census_-_Analytical_report_Volume_2.pdf;https://education.gov.vu/docs/policies/Vanuatu%20National%20Language%20Policy%20%28English%29_2012.pdf;https://www.unesco.org/en/legal-affairs/recommendation-open-educational-resources-oer?hub=422;https://www.w3.org/TR/WCAG22/,VUT_CENSUS_2020: population totals; VUT_CENSUS_ANALYTICAL: adult literacy by language; VUT_LANGUAGE_POLICY: language progression and materials/teacher requirements; OER_UNESCO_2019: Definition I.1 and areas of action; WCAG_22: Conformance requirements and Success Criteria,"Territorial ceiling; Bislama ability, L1, literacy and school-medium cohorts are not interchangeable. English- and French-route learners overlap with Bislama users.",,ATTACHED_TO_EXISTING_EDITION,false,ce46ccd76ddf518b6a69da1b578b03f4483f657a613aa841ad833669855f6b93
regional:OCEANIA_CENTRAL_ASIA_EMPIRICAL_INPUTS:bkx-Latn-TL:238,OCEANIA_CENTRAL_ASIA_EMPIRICAL_INPUTS,bkx-Latn-TL,,REGIONAL_EMPIRICAL_STRATUM,census_mother_tongue,persons,69190,69190,69190,2015 census first/mother-tongue count for Baikeno.,2015,Timor-Leste,Latin orthography; Atoni/Uab Meto cross-border materials separately tagged,TLS_CENSUS_2015;TLS_CENSUS_REPRO;TLS_UNESCO_UNICEF_MLE;TLS_UNICEF_SDG;OER_UNESCO_2019;WCAG_22,https://www.unicef.org/timorleste/reports/timor-leste-population-and-housing-census-2015;https://pmc.ncbi.nlm.nih.gov/articles/PMC9411783/;https://www.unesco.org/en/articles/unesco-and-unicef-strengthening-multilingual-education-sustainable-future-timor-leste;https://data.unicef.org/sdgs/country/tls/;https://www.unesco.org/en/legal-affairs/recommendation-open-educational-resources-oer?hub=422;https://www.w3.org/TR/WCAG22/,"TLS_CENSUS_2015: Table 12, mother tongue; TLS_CENSUS_REPRO: Table 1; TLS_UNESCO_UNICEF_MLE: language-at-school-entry and EMULI sections; TLS_UNICEF_SDG: education completion indicators; OER_UNESCO_2019: Definition I.1 and areas of action; WCAG_22: Conformance requirements and Success Criteria","Exact census mother-tongue count. Do not add L2/L3 users, infer literacy, transfer Tetun literacy to Baikeno, or assume resources from another Timorese variety.",,EVIDENCE_ONLY_CONTEXT,false,01f6fe0458cb078abb457086883e23c540db5196684afa0355927ee270326acc
regional:OCEANIA_CENTRAL_ASIA_EMPIRICAL_INPUTS:bqi-Arab-IR:239,OCEANIA_CENTRAL_ASIA_EMPIRICAL_INPUTS,bqi-Arab-IR,,REGIONAL_EMPIRICAL_STRATUM,peer_reviewed_secondary_estimate_range,persons,4000000,,5000000,"PARME Table A.1 population estimate for Luri Bakhtiari; endpoints are published rounded estimates, not a confidence interval.",2025,Iran,Perso-Arabic Pâpêrik arm; other ad hoc practices separately tagged,PARME_ACL_2025;IRN_CONSTITUTION;IRN_ITU_2021;OER_UNESCO_2019;WCAG_22,https://aclanthology.org/2025.acl-long.1451.pdf;https://nezamat.ir/%D9%82%D8%A7%D9%86%D9%88%D9%86-%D8%A7%D8%B3%D8%A7%D8%B3%DB%8C-%D8%AC%D9%85%D9%87%D9%88%D8%B1%DB%8C-%D8%A7%D8%B3%D9%84%D8%A7%D9%85%DB%8C-%D8%A7%DB%8C%D8%B1%D8%A7%D9%86/;https://datahub.itu.int/data/?Affordability=Functional+separation&Connectivity=Access&Governance=Regulatory+mandates&Markets=Emerging+technologies+regulation&Sustainability=e-Applications&Trust=ICT+Accessibility+for+people+with+disabilities&e=IRN;https://www.unesco.org/en/legal-affairs/recommendation-open-educational-resources-oer?hub=422;https://www.w3.org/TR/WCAG22/,PARME_ACL_2025: Table A.1 and Appendix A; IRN_CONSTITUTION: Article 15; IRN_ITU_2021: household internet and internet-use indicators by urban/rural residence; OER_UNESCO_2019: Definition I.1 and areas of action; WCAG_22: Conformance requirements and Success Criteria,"Rounded secondary estimate range, not census or script readers. Internal varieties/orthographies and multilingual populations overlap; no midpoint is manufactured.",,EVIDENCE_ONLY_CONTEXT,false,854de3a02813e6273d43cfea5e576495e5493973b359076d1b703ea5b97aa61b
regional:OCEANIA_CENTRAL_ASIA_EMPIRICAL_INPUTS:buc-Latn-YT:240,OCEANIA_CENTRAL_ASIA_EMPIRICAL_INPUTS,buc-Latn-YT,edition-target:lang:buc-Latn-YT,REGIONAL_EMPIRICAL_STRATUM,territorial_exposure_ceiling,persons,,,329208,2025 Mayotte population estimate retained only as a maximum exposure ceiling for Kibushi.,2025,Mayotte,Latin orthography; oral/local practice varies,MYT_POP_2025;MYT_LANG_LITERACY;NCL_ED_REVIEW;OER_UNESCO_2019;WCAG_22,https://www.insee.fr/fr/statistiques/serie/001760180;https://www.insee.fr/fr/statistiques/6467148;https://journals.openedition.org/ced/6322?lang=fr;https://www.unesco.org/en/legal-affairs/recommendation-open-educational-resources-oer?hub=422;https://www.w3.org/TR/WCAG22/,"MYT_POP_2025: 2025 population estimate; MYT_LANG_LITERACY: language mastery and literacy findings; NCL_ED_REVIEW: New Caledonia, Mayotte and Réunion sections; OER_UNESCO_2019: Definition I.1 and areas of action; WCAG_22: Conformance requirements and Success Criteria",Territorial ceiling only. Kibushi must not be collapsed with the other Mayotte language; multilingual mastery and birthplace categories are nonadditive.,,ATTACHED_TO_EXISTING_EDITION,false,d7ea2503f9b178cd3395c6b47765ed1e99a94e9d6fad653986d7eff63a10618e
regional:OCEANIA_CENTRAL_ASIA_EMPIRICAL_INPUTS:ce-Cyrl-RU:241,OCEANIA_CENTRAL_ASIA_EMPIRICAL_INPUTS,ce-Cyrl-RU,,REGIONAL_EMPIRICAL_STRATUM,census_ethnicity_proxy,persons,1674854,1674854,1674854,"2021 census Chechen ethnic-category count, retained explicitly as a proxy.",2021,"Russian Federation, chiefly Chechnya and North Caucasus",Chechen Cyrillic orthography,RUS_CENSUS_2021;DAG_LANGUAGE_ED;OER_UNESCO_2019;WCAG_22,https://www.rosstat.gov.ru/vpn/2020/Tom5_Nacionalnyj_sostav_i_vladenie_yazykami?print=1;https://journals.sagepub.com/doi/10.1177/1367006920959717;https://www.unesco.org/en/legal-affairs/recommendation-open-educational-resources-oer?hub=422;https://www.w3.org/TR/WCAG22/,RUS_CENSUS_2021: nationality tables; DAG_LANGUAGE_ED: education and mobility findings; OER_UNESCO_2019: Definition I.1 and areas of action; WCAG_22: Conformance requirements and Success Criteria,"Ethnicity proxy, not speaker/reader count. Do not infer ability from ethnicity or resource reach from Russian-medium exposure.",,EVIDENCE_ONLY_CONTEXT,false,c358defddf5d7d59a87ce2435798293aa9fc28ae1672d16c9f1d291748955c26
regional:OCEANIA_CENTRAL_ASIA_EMPIRICAL_INPUTS:chk-Latn-FM:242,OCEANIA_CENTRAL_ASIA_EMPIRICAL_INPUTS,chk-Latn-FM,edition-target:lang:chk-Latn-FM,REGIONAL_EMPIRICAL_STRATUM,census_language_spoken_at_home_age5plus,persons,27677,27677,27677,2023 census count age 5+ reporting Chuukese at home in the official municipality workbook.,2023,"Federated States of Micronesia, chiefly Chuuk State",Latin orthography,FSM_CENSUS_2023;FSM_LANGUAGE_POLICY;OER_UNESCO_2019;WCAG_22,https://www.pacificweb.org/library/preview.php?file=fsm/states/2023FSMMunicipality.xlsx;https://national.doe.fm/PublicDocuments/Education%20Publications/FSM%20language%20Policy.pdf;https://www.unesco.org/en/legal-affairs/recommendation-open-educational-resources-oer?hub=422;https://www.w3.org/TR/WCAG22/,"FSM_CENSUS_2023: Chuuk language-at-home table, age 5+; FSM_LANGUAGE_POLICY: language-of-instruction progression; OER_UNESCO_2019: Definition I.1 and areas of action; WCAG_22: Conformance requirements and Success Criteria","Age-5+ home use, not ability or literacy. Do not extrapolate to the FSM total or other state languages.",,ATTACHED_TO_EXISTING_EDITION,false,2662b1fbcb0cb693ef2af88b482865e5bb1cd9491b2192c1fb049b266ab6b266
regional:OCEANIA_CENTRAL_ASIA_EMPIRICAL_INPUTS:ckb-Arab-001:243,OCEANIA_CENTRAL_ASIA_EMPIRICAL_INPUTS,ckb-Arab-001,edition-target:lang:ckb-Arab-001,REGIONAL_EMPIRICAL_STRATUM,peer_reviewed_transnational_estimate_range,persons,6000000,,8000000,Peer-reviewed NLP literature reports approximately 6–8 million Central Kurdish/Sorani speakers; no midpoint is manufactured.,2016,Iraq and Iran,Central Kurdish Arabic-based alphabet,KURD_NLP_2016;KURD_TEXTBOOK_CORPUS;IRN_CONSTITUTION;OER_UNESCO_2019;WCAG_22,https://aclanthology.org/W16-4812.pdf;https://arxiv.org/abs/1909.11467;https://nezamat.ir/%D9%82%D8%A7%D9%86%D9%88%D9%86-%D8%A7%D8%B3%D8%A7%D8%B3%DB%8C-%D8%AC%D9%85%D9%87%D9%88%D8%B1%DB%8C-%D8%A7%D8%B3%D9%84%D8%A7%D9%85%DB%8C-%D8%A7%DB%8C%D8%B1%D8%A7%D9%86/;https://www.unesco.org/en/legal-affairs/recommendation-open-educational-resources-oer?hub=422;https://www.w3.org/TR/WCAG22/,KURD_NLP_2016: introduction and variety/population discussion; KURD_TEXTBOOK_CORPUS: corpus composition; IRN_CONSTITUTION: Article 15; OER_UNESCO_2019: Definition I.1 and areas of action; WCAG_22: Conformance requirements and Success Criteria,Rounded transnational estimate with no base point; not script readers. Iraq and Iran school systems cannot be pooled into one outcome or connectivity rate.,,ATTACHED_TO_EXISTING_EDITION,false,4b8fca49fb0267a5f4f240dea12c33f3f9c481daeacf84a3c770f4a32a570030
regional:OCEANIA_CENTRAL_ASIA_EMPIRICAL_INPUTS:crs-Latn-SC:244,OCEANIA_CENTRAL_ASIA_EMPIRICAL_INPUTS,crs-Latn-SC,edition-target:lang:crs-Latn-SC,REGIONAL_EMPIRICAL_STRATUM,derived_census_first_home_language,persons,87272,87323,87374,"Kreol Seselwa as the most widely spoken language in homes: published 85.1% applied to the enumerated 2022 census population 102,612. Endpoints preserve one-decimal share rounding.",2022,Seychelles,standard Seselwa Latin orthography,SYC_CENSUS_2022;SYC_HOME_LANG_STUDY;SYC_TRANSITION_OA;OER_UNESCO_2019;WCAG_22,https://www.nbs.gov.sc/downloads/1555-seychelles-population-and-housing-census-2022;https://seychellesresearchjournal.com/wp-content/uploads/2025/07/a_birds-eye_view_of_the_sociolinguistic_landscape_of_seychelles-mats_deutschmann-seychelles_research_journal-7-2.pdf;https://www.taylorfrancis.com/chapters/oa-edit/10.4324/9781003028383-4/researching-kreol-seselwa-role-education-pursuit-educational-equity-seychelles-mats-deutschmann-justin-zelime;https://www.unesco.org/en/legal-affairs/recommendation-open-educational-resources-oer?hub=422;https://www.w3.org/TR/WCAG22/,"SYC_CENSUS_2022: enumerated census population 102,612 | SYC_HOME_LANG_STUDY: Deutschmann (2025), pp. 21-22, 85.1% home-language statement and written/spoken domain split | SYC_TRANSITION_OA: education transition discussion | OER_UNESCO_2019: Definition I.1 and areas of action | WCAG_22: Conformance requirements and Success Criteria","Derived rounded-rate interval for most-spoken home language, not all speakers or literacy. The adjusted 119,878 population estimate belongs to a different series and is not used.",,ATTACHED_TO_EXISTING_EDITION,false,599a10a5f92cad2f7ff80e2c8dace6f2bdb34166175bb10b817125cc540c0012
regional:OCEANIA_CENTRAL_ASIA_EMPIRICAL_INPUTS:ddg-Latn-TL:245,OCEANIA_CENTRAL_ASIA_EMPIRICAL_INPUTS,ddg-Latn-TL,,REGIONAL_EMPIRICAL_STRATUM,census_mother_tongue,persons,41500,41500,41500,2015 census first/mother-tongue count for Fataluku.,2015,Timor-Leste,Latin orthography,TLS_CENSUS_2015;TLS_CENSUS_REPRO;TLS_UNESCO_UNICEF_MLE;TLS_UNICEF_SDG;OER_UNESCO_2019;WCAG_22,https://www.unicef.org/timorleste/reports/timor-leste-population-and-housing-census-2015;https://pmc.ncbi.nlm.nih.gov/articles/PMC9411783/;https://www.unesco.org/en/articles/unesco-and-unicef-strengthening-multilingual-education-sustainable-future-timor-leste;https://data.unicef.org/sdgs/country/tls/;https://www.unesco.org/en/legal-affairs/recommendation-open-educational-resources-oer?hub=422;https://www.w3.org/TR/WCAG22/,"TLS_CENSUS_2015: Table 12, mother tongue; TLS_CENSUS_REPRO: Table 1; TLS_UNESCO_UNICEF_MLE: language-at-school-entry and EMULI sections; TLS_UNICEF_SDG: education completion indicators; OER_UNESCO_2019: Definition I.1 and areas of action; WCAG_22: Conformance requirements and Success Criteria","Exact census mother-tongue count. Do not add L2/L3 users, infer literacy, transfer Tetun literacy to Fataluku, or assume resources from another Timorese variety.",,EVIDENCE_ONLY_CONTEXT,false,cafba1953b6f9ce9718b84fa4136f062de18186fdbd25112018ec507b8ea134e
regional:OCEANIA_CENTRAL_ASIA_EMPIRICAL_INPUTS:dhv-Latn-NC:246,OCEANIA_CENTRAL_ASIA_EMPIRICAL_INPUTS,dhv-Latn-NC,edition-target:lang:dhv-Latn-NC,REGIONAL_EMPIRICAL_STRATUM,census_reported_speakers_age15plus_rounded,persons,15850,15900,15949,2019 census speaker total reported by ISEE rounded to the nearest hundred; bounds preserve that rounding convention.,2019,"New Caledonia, chiefly Lifou and Greater Nouméa",standardized Latin orthography,NCL_ISEE_LANG_2019;NCL_ED_REVIEW;OER_UNESCO_2019;WCAG_22,https://www.isee.nc/phocadownload/non_theme/publications/nouvelle_caledonie_cartes/atlas_nc/atlas-2019/atlas-2019.pdf;https://journals.openedition.org/ced/6322?lang=fr;https://www.unesco.org/en/legal-affairs/recommendation-open-educational-resources-oer?hub=422;https://www.w3.org/TR/WCAG22/,"NCL_ISEE_LANG_2019: language map and speaker totals age 15+; NCL_ED_REVIEW: New Caledonia, Mayotte and Réunion sections; OER_UNESCO_2019: Definition I.1 and areas of action; WCAG_22: Conformance requirements and Success Criteria",Age 15+ and rounded. Does not include child speakers and cannot be combined with the all-Kanak-language total; multilingual respondents may appear in more than one language count.,,ATTACHED_TO_EXISTING_EDITION,false,67c2c2c93a93636f671de7f072d350ceb116c0340ad2be21b555daf4bacd6463
regional:OCEANIA_CENTRAL_ASIA_EMPIRICAL_INPUTS:dng-Cyrl-KG:247,OCEANIA_CENTRAL_ASIA_EMPIRICAL_INPUTS,dng-Cyrl-KG,,REGIONAL_EMPIRICAL_STRATUM,official_ethnicity_proxy,persons,76573,76573,76573,"2022 official Dungan ethnic-category count in Kyrgyzstan, retained explicitly as a proxy.",2022,Kyrgyzstan,Dungan Cyrillic orthography,KGZ_DUNGAN_2022;KGZ_CENSUS_2022;KGZ_ASSESSMENT_2025;OER_UNESCO_2019;WCAG_22,https://stat.gov.kg/ru/opendata/category/312/;https://stat.gov.kg/media/publicationarchive/0f717d2d-5078-4e18-8b56-fb2a530462a2.pdf;https://www.unicef.org/kyrgyzstan/press-releases/first-time-kyrgyzstan-introduces-electronic-assessment-school-children;https://www.unesco.org/en/legal-affairs/recommendation-open-educational-resources-oer?hub=422;https://www.w3.org/TR/WCAG22/,KGZ_DUNGAN_2022: 2022 Dungan ethnic-category count; KGZ_CENSUS_2022: native-language tables; KGZ_ASSESSMENT_2025: Grade 4 assessment design; OER_UNESCO_2019: Definition I.1 and areas of action; WCAG_22: Conformance requirements and Success Criteria,"Ethnicity proxy, not language/script literacy. Assessment-language list cannot quantify Dungan learner need or participation.",,EVIDENCE_ONLY_CONTEXT,false,fb4789a8c76d88631857a9730137f4b15984e24cdca80ffa1958982b41616dcb
regional:OCEANIA_CENTRAL_ASIA_EMPIRICAL_INPUTS:dv-Thaa-MV:248,OCEANIA_CENTRAL_ASIA_EMPIRICAL_INPUTS,dv-Thaa-MV,edition-target:lang:dv-Thaa-MV,REGIONAL_EMPIRICAL_STRATUM,nationality_population_ceiling,persons,,,382751,2022 Maldivian-nationality population retained only as a maximum possible Dhivehi exposure population.,2022,Maldives,Thaana script,MDV_CENSUS_POP_2022;MDV_CENSUS_ED_2022;MDV_POLICY_STUDY;OER_UNESCO_2019;WCAG_22,https://statisticsmaldives.gov.mv/mbs/wp-content/uploads/2023/03/Table-P1.pdf;https://census.gov.mv/2022/wp-content/uploads/2024/02/Education_Census-2022_Report.pdf;https://benjamins.com/catalog/jemi.22001.bos;https://www.unesco.org/en/legal-affairs/recommendation-open-educational-resources-oer?hub=422;https://www.w3.org/TR/WCAG22/,MDV_CENSUS_POP_2022: population by nationality; MDV_CENSUS_ED_2022: literacy by language and education; MDV_POLICY_STUDY: policy and tertiary-transition findings; OER_UNESCO_2019: Definition I.1 and areas of action; WCAG_22: Conformance requirements and Success Criteria,"Nationality ceiling, not speaker/reader count. Dhivehi literacy and English-medium exposure use different denominators and cannot be combined.",,ATTACHED_TO_EXISTING_EDITION,false,ddb84ada9eadcf4f039b10346045b7664ca8a6540d741dd69491e7ccc8b7ff62
regional:OCEANIA_CENTRAL_ASIA_EMPIRICAL_INPUTS:fj-Latn-FJ:249,OCEANIA_CENTRAL_ASIA_EMPIRICAL_INPUTS,fj-Latn-FJ,edition-target:lang:fj-Latn-FJ,REGIONAL_EMPIRICAL_STRATUM,territorial_exposure_ceiling,persons,,,884887,2017 resident population retained only as the maximum possible exposure to iTaukei Fijian; no compatible current speaker count was verified.,2017,Fiji,Latin orthography; spoken and written,FJI_CENSUS_2017;FJI_POLICY_STUDY_2026;OER_UNESCO_2019;WCAG_22,https://www.statsfiji.gov.fj/census-surveys/census-of-population-and-housing/;https://doi.org/10.1080/14790718.2026.2646700;https://www.unesco.org/en/legal-affairs/recommendation-open-educational-resources-oer?hub=422;https://www.w3.org/TR/WCAG22/,FJI_CENSUS_2017: 2017 total population; FJI_POLICY_STUDY_2026: findings on policy–practice gaps; OER_UNESCO_2019: Definition I.1 and areas of action; WCAG_22: Conformance requirements and Success Criteria,"Territorial ceiling only. iTaukei Fijian must not be collapsed into the other Fiji language row, English, Standard Hindi, or an ethnicity proxy.",,ATTACHED_TO_EXISTING_EDITION,false,111811192c63371b670144b097b26bc33eac8a8ea541b38a4419ee2d8f317894
regional:OCEANIA_CENTRAL_ASIA_EMPIRICAL_INPUTS:glk-Arab-IR:250,OCEANIA_CENTRAL_ASIA_EMPIRICAL_INPUTS,glk-Arab-IR,,REGIONAL_EMPIRICAL_STRATUM,peer_reviewed_secondary_estimate_range,persons,3000000,,4000000,"PARME Table A.1 population estimate for Gilaki; endpoints are published rounded estimates, not a confidence interval.",2025,"Iran, chiefly Gilan",Perso-Arabic Gilaki writing; regional orthographies separately tagged,PARME_ACL_2025;IRN_CONSTITUTION;IRN_ITU_2021;OER_UNESCO_2019;WCAG_22,https://aclanthology.org/2025.acl-long.1451.pdf;https://nezamat.ir/%D9%82%D8%A7%D9%86%D9%88%D9%86-%D8%A7%D8%B3%D8%A7%D8%B3%DB%8C-%D8%AC%D9%85%D9%87%D9%88%D8%B1%DB%8C-%D8%A7%D8%B3%D9%84%D8%A7%D9%85%DB%8C-%D8%A7%DB%8C%D8%B1%D8%A7%D9%86/;https://datahub.itu.int/data/?Affordability=Functional+separation&Connectivity=Access&Governance=Regulatory+mandates&Markets=Emerging+technologies+regulation&Sustainability=e-Applications&Trust=ICT+Accessibility+for+people+with+disabilities&e=IRN;https://www.unesco.org/en/legal-affairs/recommendation-open-educational-resources-oer?hub=422;https://www.w3.org/TR/WCAG22/,PARME_ACL_2025: Table A.1 and Appendix A; IRN_CONSTITUTION: Article 15; IRN_ITU_2021: household internet and internet-use indicators by urban/rural residence; OER_UNESCO_2019: Definition I.1 and areas of action; WCAG_22: Conformance requirements and Success Criteria,"Rounded secondary estimate range, not census or script readers. Internal varieties/orthographies and multilingual populations overlap; no midpoint is manufactured.",,EVIDENCE_ONLY_CONTEXT,false,d7f549df3ffa6d74632140c9a13c2254aa30f3d8d5b142554827ef3937099795
regional:OCEANIA_CENTRAL_ASIA_EMPIRICAL_INPUTS:hac-Arab-IR:251,OCEANIA_CENTRAL_ASIA_EMPIRICAL_INPUTS,hac-Arab-IR,,REGIONAL_EMPIRICAL_STRATUM,unrankable_no_territory_allocable_count,persons,,,,No compatible Iran-only person range for Hawrami in Iran was verified.,2025,Iranian component of the Iran–Iraq Hawraman area,Perso-Arabic Hawrami orthographies,PARME_ACL_2025;IRN_CONSTITUTION;IRN_ITU_2021;OER_UNESCO_2019;WCAG_22,https://aclanthology.org/2025.acl-long.1451.pdf;https://nezamat.ir/%D9%82%D8%A7%D9%86%D9%88%D9%86-%D8%A7%D8%B3%D8%A7%D8%B3%DB%8C-%D8%AC%D9%85%D9%87%D9%88%D8%B1%DB%8C-%D8%A7%D8%B3%D9%84%D8%A7%D9%85%DB%8C-%D8%A7%DB%8C%D8%B1%D8%A7%D9%86/;https://datahub.itu.int/data/?Affordability=Functional+separation&Connectivity=Access&Governance=Regulatory+mandates&Markets=Emerging+technologies+regulation&Sustainability=e-Applications&Trust=ICT+Accessibility+for+people+with+disabilities&e=IRN;https://www.unesco.org/en/legal-affairs/recommendation-open-educational-resources-oer?hub=422;https://www.w3.org/TR/WCAG22/,PARME_ACL_2025: Table A.1 and Appendix A; IRN_CONSTITUTION: Article 15; IRN_ITU_2021: household internet and internet-use indicators by urban/rural residence; OER_UNESCO_2019: Definition I.1 and areas of action; WCAG_22: Conformance requirements and Success Criteria,"Explicit unrankable Iran-only population. Transboundary range is secondary context only and cannot be allocated by territory, subvariety or script.",,EVIDENCE_ONLY_CONTEXT,false,689ce8dbb1fd6f0b88e7fc1a1320aa4d910b34cf691b85abb653a53cf6e03653
regional:OCEANIA_CENTRAL_ASIA_EMPIRICAL_INPUTS:haw-Latn-US-HI:252,OCEANIA_CENTRAL_ASIA_EMPIRICAL_INPUTS,haw-Latn-US-HI,edition-target:lang:haw-Latn-US,REGIONAL_EMPIRICAL_STRATUM,survey_estimate_language_spoken_at_home_age5plus,persons,25490,25490,25490,"2018 ACS-derived estimate of people age 5+ speaking Hawaiian at home, as published in the State Data Book.",2018,"United States, Hawaiʻi",Hawaiian Latin orthography including ʻokina and kahakō,HWI_DATABOOK_2018;HWI_KAIAPUNI_2025;HWI_WORKFORCE_2025;OER_UNESCO_2019;WCAG_22,https://files.hawaii.gov/dbedt/economic/databook/db2018/section01.pdf;https://hawaiipublicschools.org/academics/hawaiian-education/mo%CA%BBaukala-o-ka-papahana-kaiapuni/;https://www.hawaii.edu/govrel/docs/reports/2025/act141-slh2022_2025_expanded-teaching-cohort_report_508.pdf;https://www.unesco.org/en/legal-affairs/recommendation-open-educational-resources-oer?hub=422;https://www.w3.org/TR/WCAG22/,HWI_DATABOOK_2018: ACS language table; HWI_KAIAPUNI_2025: 2024–25 enrolment; HWI_WORKFORCE_2025: teacher pipeline and workforce findings; OER_UNESCO_2019: Definition I.1 and areas of action; WCAG_22: Conformance requirements and Success Criteria,Survey estimate without reproduced margin of error; age 5+ home use. Immersion enrolment is nested/non-equivalent and nonadditive.,,NEW_EDITION_EVIDENCE,false,1ae4128a2db1d506f6c052fe3c95a4ea2d1e62993692d14c25bdf40c38235f76
regional:OCEANIA_CENTRAL_ASIA_EMPIRICAL_INPUTS:hif-Latn-FJ:253,OCEANIA_CENTRAL_ASIA_EMPIRICAL_INPUTS,hif-Latn-FJ,edition-target:lang:hif-Latn-FJ,REGIONAL_EMPIRICAL_STRATUM,territorial_exposure_ceiling,persons,,,884887,2017 resident population retained only as the maximum possible exposure to Fiji Hindi; no compatible current speaker count was verified.,2017,Fiji,Latin orthography; spoken and written,FJI_CENSUS_2017;FJI_HINDI_STUDY;OER_UNESCO_2019;WCAG_22,https://www.statsfiji.gov.fj/census-surveys/census-of-population-and-housing/;https://eric.ed.gov/?id=EJ1328357;https://www.unesco.org/en/legal-affairs/recommendation-open-educational-resources-oer?hub=422;https://www.w3.org/TR/WCAG22/,FJI_CENSUS_2017: 2017 total population; FJI_HINDI_STUDY: abstract and findings; OER_UNESCO_2019: Definition I.1 and areas of action; WCAG_22: Conformance requirements and Success Criteria,"Territorial ceiling only. Fiji Hindi must not be collapsed into the other Fiji language row, English, Standard Hindi, or an ethnicity proxy.",,ATTACHED_TO_EXISTING_EDITION,false,5e0711c8383e1fba5ce7f81bcee201777af79a62998e27540718e81d1eccbb0f
regional:OCEANIA_CENTRAL_ASIA_EMPIRICAL_INPUTS:hy-Armn-AM:254,OCEANIA_CENTRAL_ASIA_EMPIRICAL_INPUTS,hy-Armn-AM,edition-target:lang:hy-Armn-AM,REGIONAL_EMPIRICAL_STRATUM,census_mother_tongue,persons,2840631,2840631,2840631,"2022 census count reporting Armenian as mother tongue, as reproduced by the Council of Europe.",2022,Armenia,Armenian script; reformed orthography dominant in Armenia,ARM_COE_2025;OER_UNESCO_2019;WCAG_22,https://rm.coe.int/armeniapr6-en/1680af6e84;https://www.unesco.org/en/legal-affairs/recommendation-open-educational-resources-oer?hub=422;https://www.w3.org/TR/WCAG22/,ARM_COE_2025: Tables 1–3 and education chapters; OER_UNESCO_2019: Definition I.1 and areas of action; WCAG_22: Conformance requirements and Success Criteria,Mother-tongue count maps imperfectly to Eastern Armenian and reformed orthography; Western Armenian and diaspora standards must remain separate.,,ATTACHED_TO_EXISTING_EDITION,false,8c3681c900be4db5ed2d9c5a4648b748bb2569533f1a3af41f1604031ef57db1
regional:OCEANIA_CENTRAL_ASIA_EMPIRICAL_INPUTS:hy-Armn-GE:255,OCEANIA_CENTRAL_ASIA_EMPIRICAL_INPUTS,hy-Armn-GE,,REGIONAL_EMPIRICAL_STRATUM,census_mother_tongue,persons,139438,139438,139438,2024 census count reporting Armenian as mother tongue.,2024,Georgia excluding occupied territories per census scope,Armenian script,GEO_CENSUS_2024;GEO_OECD_ED;GEO_UNICEF_SITAN_2025;OER_UNESCO_2019;WCAG_22,https://www.geostat.ge/media/80541/Main-Results-of-the-2024-Population-and-Agricultural-Census.pdf;https://www.oecd.org/en/publications/oecd-reviews-of-evaluation-and-assessment-in-education-georgia_94dc370e-en/full-report/the-education-system-in-georgia_d22c5e97.html;https://www.unicef.org/georgia/media/9886/file/UNICEF_CHILDREN%20AND%20ADOLESCENT%20RIGHTS%20IN%20GEORGIA_2025-ENG.pdf.pdf;https://www.unesco.org/en/legal-affairs/recommendation-open-educational-resources-oer?hub=422;https://www.w3.org/TR/WCAG22/,"GEO_CENSUS_2024: p. 15, mother tongue; GEO_OECD_ED: minority-language and tertiary-access sections; GEO_UNICEF_SITAN_2025: education and minority sections; OER_UNESCO_2019: Definition I.1 and areas of action; WCAG_22: Conformance requirements and Success Criteria",Exact mother-tongue count. OECD ethnicity/proficiency findings use different years and denominators and cannot be converted into a count or assumed for every speaker.,,EVIDENCE_ONLY_CONTEXT,false,4317b0f3ef397588cdd59865fb3799ae26149287b3892e1ecdef0bec3a08d18b
regional:OCEANIA_CENTRAL_ASIA_EMPIRICAL_INPUTS:jra-Latn-VN:256,OCEANIA_CENTRAL_ASIA_EMPIRICAL_INPUTS,jra-Latn-VN,edition-target:lang:jra-Latn-VN,REGIONAL_EMPIRICAL_STRATUM,census_ethnic_category_proxy,persons,513930,513930,513930,"2019 census count for the Gia Rai ethnic category, retained explicitly as a proxy for the named language community.",2019,Viet Nam,official/educational Latin orthography for the named variety,VNM_CENSUS_2019;VNM_UNICEF_MTBBE;VNM_WB_MINORITY_ED;VNM_UNICEF_MINORITY_2025;OER_UNESCO_2019;WCAG_22,https://www.nso.gov.vn/wp-content/uploads/2019/12/Ket-qua-toan-bo-Tong-dieu-tra-dan-so-va-nha-o-2019.pdf;https://www.unicef.org/vietnam/bringing-mother-tongues-classroom;https://documents1.worldbank.org/curated/en/331741468124474580/pdf/499760ESW0Whit1C10VietnamSummary1LR.pdf;https://www.unicef.org/vietnam/documents/disparities-and-multidimensional-child-poverty-among-ethnic-minority-populations-viet-nam;https://www.unesco.org/en/legal-affairs/recommendation-open-educational-resources-oer?hub=422;https://www.w3.org/TR/WCAG22/,"VNM_CENSUS_2019: population by ethnic group table; VNM_UNICEF_MTBBE: Mông, J’rai and Khmer pilot and scale-up sections; VNM_WB_MINORITY_ED: pp. 24–27; VNM_UNICEF_MINORITY_2025: highlights and full report; OER_UNESCO_2019: Definition I.1 and areas of action; WCAG_22: Conformance requirements and Success Criteria","Ethnicity proxy, not a speaker/reader count. Do not collapse J’rai with the census macro category beyond the named mapping, Vietnamese, or neighboring varieties; pilot participation is a nested nonadditive cohort.",,ATTACHED_TO_EXISTING_EDITION,false,847f3bd67c3e58222e2ffe8731f63dfaca28fe88ff708541ad0b31ab475596e7
regional:OCEANIA_CENTRAL_ASIA_EMPIRICAL_INPUTS:ka-Geor-GE:257,OCEANIA_CENTRAL_ASIA_EMPIRICAL_INPUTS,ka-Geor-GE,edition-target:lang:ka-Geor-GE,REGIONAL_EMPIRICAL_STRATUM,census_mother_tongue,persons,3343987,3343987,3343987,2024 census main-results count reporting Georgian as mother tongue.,2024,Georgia excluding occupied territories per census scope,Mkhedruli Georgian script,GEO_CENSUS_2024;GEO_UNICEF_SITAN_2025;OER_UNESCO_2019;WCAG_22,https://www.geostat.ge/media/80541/Main-Results-of-the-2024-Population-and-Agricultural-Census.pdf;https://www.unicef.org/georgia/media/9886/file/UNICEF_CHILDREN%20AND%20ADOLESCENT%20RIGHTS%20IN%20GEORGIA_2025-ENG.pdf.pdf;https://www.unesco.org/en/legal-affairs/recommendation-open-educational-resources-oer?hub=422;https://www.w3.org/TR/WCAG22/,"GEO_CENSUS_2024: p. 15, mother tongue; GEO_UNICEF_SITAN_2025: education and minority sections; OER_UNESCO_2019: Definition I.1 and areas of action; WCAG_22: Conformance requirements and Success Criteria",Exact mother-tongue census count under stated geographic scope; not literacy. National learning context cannot create a Georgian-specific need count.,,ATTACHED_TO_EXISTING_EDITION,false,b1af9ab4656470b67be01ab1dc024d4fba651b09224cab04d8e5370a8402423e
regional:OCEANIA_CENTRAL_ASIA_EMPIRICAL_INPUTS:kaa-Latn-UZ:258,OCEANIA_CENTRAL_ASIA_EMPIRICAL_INPUTS,kaa-Latn-UZ,,REGIONAL_EMPIRICAL_STRATUM,derived_preliminary_census_ethnicity_proxy,persons,839518,859041,878564,"Karakalpak ethnic category: 2.2% of preliminary 2026 census total 39,047,321; endpoints preserve one-decimal percentage rounding.",2026,"Uzbekistan, chiefly Karakalpakstan",Karakalpak Latin alphabet; Cyrillic legacy arm separately tagged,UZB_CENSUS_PRELIM_2026;UZB_UNICEF_SITAN;OER_UNESCO_2019;WCAG_22,https://stat.uz/en/press-center/news-of-committee/68979-a-oli-va-ishlo-kh-zhaligini-r-jkhatga-olish-tadbirining-dastlabki-natizhalariga-ba-ishlangan-konferentsiya-tkazildi-4;https://www.unicef.org/uzbekistan/en/media/6731/file/SitAnen.pdf.pdf;https://www.unesco.org/en/legal-affairs/recommendation-open-educational-resources-oer?hub=422;https://www.w3.org/TR/WCAG22/,UZB_CENSUS_PRELIM_2026: native-language and ethnicity preliminary results; UZB_UNICEF_SITAN: education-language and attendance sections; OER_UNESCO_2019: Definition I.1 and areas of action; WCAG_22: Conformance requirements and Success Criteria,Derived preliminary ethnicity-proxy interval. Do not equate ethnicity with language/script literacy or add Latin/Cyrillic access arms.,,EVIDENCE_ONLY_CONTEXT,false,03f616d87a3c4282072207162de3b5911c3c156f1ff1226a0724ac3eb37d89d8
regional:OCEANIA_CENTRAL_ASIA_EMPIRICAL_INPUTS:khm-Khmr-VN:259,OCEANIA_CENTRAL_ASIA_EMPIRICAL_INPUTS,khm-Khmr-VN,,REGIONAL_EMPIRICAL_STRATUM,census_ethnic_category_proxy,persons,1319652,1319652,1319652,"2019 census count for the Khmer ethnic category, retained explicitly as a proxy for the named language community.",2019,Viet Nam,Khmer script; Vietnamese Latin transcription separately tagged,VNM_CENSUS_2019;VNM_UNICEF_MTBBE;VNM_WB_MINORITY_ED;VNM_UNICEF_MINORITY_2025;OER_UNESCO_2019;WCAG_22,https://www.nso.gov.vn/wp-content/uploads/2019/12/Ket-qua-toan-bo-Tong-dieu-tra-dan-so-va-nha-o-2019.pdf;https://www.unicef.org/vietnam/bringing-mother-tongues-classroom;https://documents1.worldbank.org/curated/en/331741468124474580/pdf/499760ESW0Whit1C10VietnamSummary1LR.pdf;https://www.unicef.org/vietnam/documents/disparities-and-multidimensional-child-poverty-among-ethnic-minority-populations-viet-nam;https://www.unesco.org/en/legal-affairs/recommendation-open-educational-resources-oer?hub=422;https://www.w3.org/TR/WCAG22/,"VNM_CENSUS_2019: population by ethnic group table; VNM_UNICEF_MTBBE: Mông, J’rai and Khmer pilot and scale-up sections; VNM_WB_MINORITY_ED: pp. 24–27; VNM_UNICEF_MINORITY_2025: highlights and full report; OER_UNESCO_2019: Definition I.1 and areas of action; WCAG_22: Conformance requirements and Success Criteria","Ethnicity proxy, not a speaker/reader count. Do not collapse Khmer Krom with the census macro category beyond the named mapping, Vietnamese, or neighboring varieties; pilot participation is a nested nonadditive cohort.",,EVIDENCE_ONLY_CONTEXT,false,867a8e8934cc847f4b18589cfe4a49b3e03a1d7d6c1166147e693b8d3d373d2d
regional:OCEANIA_CENTRAL_ASIA_EMPIRICAL_INPUTS:kjg-Latn-LA:260,OCEANIA_CENTRAL_ASIA_EMPIRICAL_INPUTS,kjg-Latn-LA,edition-target:lang:kjg-Latn-LA,REGIONAL_EMPIRICAL_STRATUM,census_ethnic_category_proxy,persons,708412,708412,708412,"2015 census Khmu ethnic-category count; retained explicitly as an ethnicity proxy, not a language speaker count.",2015,Lao PDR,Latin orthography where used; Lao-script practices separately tagged,LAO_CENSUS_2015;OER_UNESCO_2019;WCAG_22,https://data.opendevelopmentmekong.net/dataset/4a2c03e0-2402-4691-b2fd-56277fc95c31/resource/0be5dd3f-8f9e-4bfe-9f75-bbddc5284146/download/phc-eng-fnal-web.pdf;https://www.unesco.org/en/legal-affairs/recommendation-open-educational-resources-oer?hub=422;https://www.w3.org/TR/WCAG22/,LAO_CENSUS_2015: ethnic-group tables and summary; OER_UNESCO_2019: Definition I.1 and areas of action; WCAG_22: Conformance requirements and Success Criteria,"Ethnicity proxy. Do not equate it with Khmu L1, literacy or a single orthography; intragroup variety and multilingualism remain unmeasured.",,ATTACHED_TO_EXISTING_EDITION,false,ea509ba55ce693f33eadbefeb6e60830e5fd6b59aeb86dc0efa615d9af42209c
regional:OCEANIA_CENTRAL_ASIA_EMPIRICAL_INPUTS:kk-Cyrl-KZ:261,OCEANIA_CENTRAL_ASIA_EMPIRICAL_INPUTS,kk-Cyrl-KZ,edition-target:lang:kk-Cyrl-KZ,REGIONAL_EMPIRICAL_STRATUM,census_self_report_fluent_speaking_age5plus,persons,12670407,12670407,12670407,2021 census count age 5+ reporting fluent spoken Kazakh.,2021,Kazakhstan,Kazakh Cyrillic; Latin transition materials separately tagged,KAZ_CENSUS_2021;KAZ_UNICEF_SITAN;KAZ_UNICEF_AT;KAZ_UNICEF_CONNECT;OER_UNESCO_2019;WCAG_22,https://stat.gov.kz/upload/medialibrary/cee/3rsfg8ps3xo19orb284esg4rx27ihqf7/%D0%9D%D0%B0%D1%86%D0%B8%D0%BE%D0%BD%D0%B0%D0%BB%D1%8C%D0%BD%D1%8B%D0%B9%20%D1%81%D0%BE%D1%81%D1%82%D0%B0%D0%B2.pdf;https://www.unicef.org/kazakhstan/media/4611/file/Situation%20Analysis-2019.pdf;https://www.unicef.org/kazakhstan/en/media/15801/file/Analytical_Mission_Report_Kazakhstan_2025.pdf.pdf;https://www.unicef.org/kazakhstan/en/reports/market-assessment-satellite-based-solutions-connect-remote-rural-primary-secondary-schools;https://www.unesco.org/en/legal-affairs/recommendation-open-educational-resources-oer?hub=422;https://www.w3.org/TR/WCAG22/,KAZ_CENSUS_2021: Table 8; KAZ_UNICEF_SITAN: education equity and language sections; KAZ_UNICEF_AT: Kazakh/Russian language technology gap; KAZ_UNICEF_CONNECT: connectivity baseline; OER_UNESCO_2019: Definition I.1 and areas of action; WCAG_22: Conformance requirements and Success Criteria,"Exact self-reported fluent-speaking count, not L1 or literacy. Although Cyrillic dominates the 2021 context, the census did not cross-tab skill by script; read/write counts cannot serve as bounds.",,ATTACHED_TO_EXISTING_EDITION,false,26df64cb2d846d6fbeef62791747018c50b2b53fe5ca52b0b5fe68ae3ec27916
regional:OCEANIA_CENTRAL_ASIA_EMPIRICAL_INPUTS:kk-Cyrl-MN:262,OCEANIA_CENTRAL_ASIA_EMPIRICAL_INPUTS,kk-Cyrl-MN,,REGIONAL_EMPIRICAL_STRATUM,census_ethnicity_proxy,persons,119045,119045,119045,"2020 census-derived count of ethnic Kazakhs in Mongolia, retained as an ethnicity proxy.",2020,"Mongolia, chiefly Bayan-Ölgii",Kazakh Cyrillic used in Mongolia,MNG_KAZAKH_COUNT;MNG_UNICEF_MICS_ED;MNG_UNICEF_ED;OER_UNESCO_2019;WCAG_22,https://files.worldwildlife.org/wwfcmsprod/files/Publication/file/5ec0ja0d71_ESMF_PF_Combined_19_Oct_2020_Final_Clean.pdf;https://data.unicef.org/wp-content/uploads/2021/11/MICS-EAGLE_Education_Fact-sheets_2020_Mongolia.pdf;https://www.unicef.org/mongolia/education;https://www.unesco.org/en/legal-affairs/recommendation-open-educational-resources-oer?hub=422;https://www.w3.org/TR/WCAG22/,"MNG_KAZAKH_COUNT: Table 1; MNG_UNICEF_MICS_ED: language and equity findings; MNG_UNICEF_ED: access, completion and digital-equipment sections; OER_UNESCO_2019: Definition I.1 and areas of action; WCAG_22: Conformance requirements and Success Criteria","Ethnicity proxy, not speaker/reader count. Do not transfer Kazakhstan counts/resources or assume identical standards/coverage.",,EVIDENCE_ONLY_CONTEXT,false,3b1a3c50332f685468c4312af270321452cc9f140909ba58fd1604764cf1dade
regional:OCEANIA_CENTRAL_ASIA_EMPIRICAL_INPUTS:kmr-Latn-001:263,OCEANIA_CENTRAL_ASIA_EMPIRICAL_INPUTS,kmr-Latn-001,edition-target:lang:kmr-Latn-001,REGIONAL_EMPIRICAL_STRATUM,peer_reviewed_transnational_estimate_range,persons,15000000,,20000000,Peer-reviewed Journal of Peace Research estimate of 15–20 million Kurmanji speakers; no midpoint is manufactured.,2025,"Türkiye, Syria, Iraq, Iran and diaspora; Latin Hawar access arm",Latin Hawar orthography; Cyrillic and Perso-Arabic arms separately tagged,KMR_POP_JPR;KURD_TURKEY_ED;KURD_TEXTBOOK_CORPUS;KURD_NLP_2016;OER_UNESCO_2019;WCAG_22,https://academic.oup.com/jpr/article/62/4/1128/8324575;https://dergipark.org.tr/en/pub/mulkiye/article/1068017;https://arxiv.org/abs/1909.11467;https://aclanthology.org/W16-4812.pdf;https://www.unesco.org/en/legal-affairs/recommendation-open-educational-resources-oer?hub=422;https://www.w3.org/TR/WCAG22/,"KMR_POP_JPR: Research design, speaker-population comparison; KURD_TURKEY_ED: sample, findings and limitations; KURD_TEXTBOOK_CORPUS: corpus composition; KURD_NLP_2016: introduction and variety/population discussion; OER_UNESCO_2019: Definition I.1 and areas of action; WCAG_22: Conformance requirements and Success Criteria",Rounded transnational speaker range with no base point and no script-reader count. Türkiye education evidence cannot be generalized to all territories; other Kurdish varieties are separate.,,ATTACHED_TO_EXISTING_EDITION,false,c4d8c018a29ce036d1cbe53b57b9731de233d565e7901058d7a04bcf41dd86ce
regional:OCEANIA_CENTRAL_ASIA_EMPIRICAL_INPUTS:ksw-Mymr-MM:264,OCEANIA_CENTRAL_ASIA_EMPIRICAL_INPUTS,ksw-Mymr-MM,edition-target:lang:ksw-Mymr-MM,REGIONAL_EMPIRICAL_STRATUM,unrankable_no_compatible_variety_count,persons,,,,No authoritative compatible person count for the exact S’gaw Karen variety/script stratum was verified.,,Myanmar,S’gaw Karen script (Myanmar-derived),MMR_UNICEF_LESC;MMR_WB_SOCIAL_2020;OER_UNESCO_2019;WCAG_22,"https://www.unicef.org/myanmar/sites/unicef.org.myanmar/files/2019-05/Myanmar%20Country%20Report_Language,%20Education%20and%20Social%20Cohesion%20(LESE)%20Initiative.pdf;https://www.moe.gov.mm/sites/default/files/WB_Social_Assessment_Report_2020.pdf;https://www.unesco.org/en/legal-affairs/recommendation-open-educational-resources-oer?hub=422;https://www.w3.org/TR/WCAG22/","MMR_UNICEF_LESC: pp. 17–18 and 92–113; MMR_WB_SOCIAL_2020: ethnicity, language, conflict and access sections; OER_UNESCO_2019: Definition I.1 and areas of action; WCAG_22: Conformance requirements and Success Criteria","Explicit unrankable population gap. Do not assign the Karen/Kayin macro cluster total, infer mutual intelligibility, or transfer Myanmar-language resources to S’gaw Karen.",,ATTACHED_TO_EXISTING_EDITION,false,2875d881bd5adab1b1ec57df7e88ab0ea00fc29168bbc080b61471e2563e0ed8
regional:OCEANIA_CENTRAL_ASIA_EMPIRICAL_INPUTS:ku-Latn-AM-YEZ:265,OCEANIA_CENTRAL_ASIA_EMPIRICAL_INPUTS,ku-Latn-AM-YEZ,,REGIONAL_EMPIRICAL_STRATUM,census_mother_tongue,persons,25430,25430,25430,"2022 census mother-tongue count for the Yezidi category, as reproduced by the Council of Europe.",2022,Armenia,Yezidi Latin/Cyrillic educational practices as locally specified; no external Kurmanji standard substitution,ARM_COE_2025;OER_UNESCO_2019;WCAG_22,https://rm.coe.int/armeniapr6-en/1680af6e84;https://www.unesco.org/en/legal-affairs/recommendation-open-educational-resources-oer?hub=422;https://www.w3.org/TR/WCAG22/,ARM_COE_2025: Tables 1–3 and education chapters; OER_UNESCO_2019: Definition I.1 and areas of action; WCAG_22: Conformance requirements and Success Criteria,"Exact census mother-tongue category, not script readers. The operational label acknowledges a Kurmanji continuum but does not collapse it into transnational Kurmanji or assume mutual resource reach.",,EVIDENCE_ONLY_CONTEXT,false,18f63b43af34e3c4ba01b06df774daa6481d7c4a82ee097facd64e6b22a7d42b
regional:OCEANIA_CENTRAL_ASIA_EMPIRICAL_INPUTS:ky-Cyrl-KG:266,OCEANIA_CENTRAL_ASIA_EMPIRICAL_INPUTS,ky-Cyrl-KG,edition-target:lang:ky-Cyrl-KG,REGIONAL_EMPIRICAL_STRATUM,census_native_language,persons,5360056,5360056,5360056,2022 census count reporting Kyrgyz as native language.,2022,Kyrgyzstan,Kyrgyz Cyrillic,KGZ_CENSUS_2022;KGZ_ASSESSMENT_2025;OER_UNESCO_2019;WCAG_22,https://stat.gov.kg/media/publicationarchive/0f717d2d-5078-4e18-8b56-fb2a530462a2.pdf;https://www.unicef.org/kyrgyzstan/press-releases/first-time-kyrgyzstan-introduces-electronic-assessment-school-children;https://www.unesco.org/en/legal-affairs/recommendation-open-educational-resources-oer?hub=422;https://www.w3.org/TR/WCAG22/,KGZ_CENSUS_2022: native-language tables; KGZ_ASSESSMENT_2025: Grade 4 assessment design; OER_UNESCO_2019: Definition I.1 and areas of action; WCAG_22: Conformance requirements and Success Criteria,Exact native-language self-report; not literacy or Cyrillic-reading count. Ethnicity and native-language totals are non-equivalent.,,ATTACHED_TO_EXISTING_EDITION,false,5ba95ebf82dcbb631cd43ce651fcbc85a3fb781e69904de233c0a027ddaf4165
regional:OCEANIA_CENTRAL_ASIA_EMPIRICAL_INPUTS:lez-Cyrl-AZ:267,OCEANIA_CENTRAL_ASIA_EMPIRICAL_INPUTS,lez-Cyrl-AZ,,REGIONAL_EMPIRICAL_STRATUM,census_ethnicity_proxy,persons,167570,167570,167570,"2019 census Lezgin ethnic-category count, retained explicitly as a proxy.",2019,Azerbaijan,Lezgin Cyrillic,AZE_YEARBOOK_2024;AZE_COE_2024;AZE_WB_LP_2024;OER_UNESCO_2019;WCAG_22,https://www.stat.gov.az/menu/6/statistical_yearbooks/source/stat-yearbook_2024.pdf;https://rm.coe.int/5th-op-azerbaijan-en/1680b267a1;https://documents1.worldbank.org/curated/en/099090524095540091/pdf/P17920914d547808f19c6911e867c418233.pdf;https://www.unesco.org/en/legal-affairs/recommendation-open-educational-resources-oer?hub=422;https://www.w3.org/TR/WCAG22/,AZE_YEARBOOK_2024: Table 2.7; AZE_COE_2024: minority-language education findings; AZE_WB_LP_2024: p. 1; OER_UNESCO_2019: Definition I.1 and areas of action; WCAG_22: Conformance requirements and Success Criteria,"Ethnicity proxy, not language/script literacy. Do not infer Lezgin resource reach from Azerbaijani or Russian exposure.",,EVIDENCE_ONLY_CONTEXT,false,4bc612ea16339888b5bdc0a0ae46649ef872d514601c63e7d84dc753ff0dfad7
regional:OCEANIA_CENTRAL_ASIA_EMPIRICAL_INPUTS:lki-Arab-IR:268,OCEANIA_CENTRAL_ASIA_EMPIRICAL_INPUTS,lki-Arab-IR,,REGIONAL_EMPIRICAL_STRATUM,unrankable_no_territory_allocable_count,persons,,,,No compatible Iran-only person range for Laki in Iran was verified.,2025,Iranian component of the Iran–Iraq speech area,Perso-Arabic Laki orthographies,PARME_ACL_2025;IRN_CONSTITUTION;IRN_ITU_2021;OER_UNESCO_2019;WCAG_22,https://aclanthology.org/2025.acl-long.1451.pdf;https://nezamat.ir/%D9%82%D8%A7%D9%86%D9%88%D9%86-%D8%A7%D8%B3%D8%A7%D8%B3%DB%8C-%D8%AC%D9%85%D9%87%D9%88%D8%B1%DB%8C-%D8%A7%D8%B3%D9%84%D8%A7%D9%85%DB%8C-%D8%A7%DB%8C%D8%B1%D8%A7%D9%86/;https://datahub.itu.int/data/?Affordability=Functional+separation&Connectivity=Access&Governance=Regulatory+mandates&Markets=Emerging+technologies+regulation&Sustainability=e-Applications&Trust=ICT+Accessibility+for+people+with+disabilities&e=IRN;https://www.unesco.org/en/legal-affairs/recommendation-open-educational-resources-oer?hub=422;https://www.w3.org/TR/WCAG22/,PARME_ACL_2025: Table A.1 and Appendix A; IRN_CONSTITUTION: Article 15; IRN_ITU_2021: household internet and internet-use indicators by urban/rural residence; OER_UNESCO_2019: Definition I.1 and areas of action; WCAG_22: Conformance requirements and Success Criteria,"Explicit unrankable Iran-only population. Transboundary range is secondary context only and cannot be allocated by territory, subvariety or script.",,EVIDENCE_ONLY_CONTEXT,false,f31e7770ea1f0b3e28696b406736eaeafa3d63ea33ca7c83650c9db5af7f644f
regional:OCEANIA_CENTRAL_ASIA_EMPIRICAL_INPUTS:mah-Latn-MH:269,OCEANIA_CENTRAL_ASIA_EMPIRICAL_INPUTS,mah-Latn-MH,edition-target:lang:mh-Latn-MH,REGIONAL_EMPIRICAL_STRATUM,derived_census_reported_speaking_age5plus,persons,35318,35336,35354,"People age 5+ reported as speaking Marshallese: 96.0% of the census denominator 36,808; endpoints reflect one-decimal percentage rounding only.",2021,Marshall Islands,Marshallese Latin orthography,MHL_CENSUS_2021;MHL_LANGUAGE_POLICY;OER_UNESCO_2019;WCAG_22,https://prdrse4all.spc.int/sites/default/files/marshall_islands_census_report_2021.pdf;https://pacificdata.org/data/dataset/730a29ad-4063-445b-85d7-7587c77bf2f9/resource/9ee47dbb-54ea-45ea-b844-e683b37a3576/download/language-education-policy-2015.pdf;https://www.unesco.org/en/legal-affairs/recommendation-open-educational-resources-oer?hub=422;https://www.w3.org/TR/WCAG22/,MHL_CENSUS_2021: language table age 5+; MHL_LANGUAGE_POLICY: language progression and materials; OER_UNESCO_2019: Definition I.1 and areas of action; WCAG_22: Conformance requirements and Success Criteria,Derived rounded-rate interval; age 5+ reported speaking can include L1/L2 and cannot be added to English-speaking counts.,,NEW_EDITION_EVIDENCE,false,a68e9f9146f607efc0e8a3aea63076248e2bbd96a82e3bd43be14a941967e80e
regional:OCEANIA_CENTRAL_ASIA_EMPIRICAL_INPUTS:mfa-Thai-TH:270,OCEANIA_CENTRAL_ASIA_EMPIRICAL_INPUTS,mfa-Thai-TH,,REGIONAL_EMPIRICAL_STRATUM,peer_reviewed_rounded_minimum_speakers,persons,1000000,1000000,,Peer-reviewed article states Patani Malay is spoken by more than one million people in the four southern border areas; only the documented lower threshold is retained.,2022,"Thailand, Pattani, Yala, Narathiwat and four districts of Songkhla",Thai-derived Patani Malay pilot orthography; Jawi and Rumi Standard Malay are separate arms,THA_PATANI_MANUSYA;THA_PATANI_SCRIPTS;THA_PATANI_COMPLEXITY;OER_UNESCO_2019;WCAG_22,https://doi.org/10.1163/26659077-24030006;https://op.mahidol.ac.th/ra/2017/10/25/lc-04/;https://repository.li.mahidol.ac.th/handle/123456789/63216;https://www.unesco.org/en/legal-affairs/recommendation-open-educational-resources-oer?hub=422;https://www.w3.org/TR/WCAG22/,"THA_PATANI_MANUSYA: abstract, program and results sections; THA_PATANI_SCRIPTS: orthography and grade progression; THA_PATANI_COMPLEXITY: findings; OER_UNESCO_2019: Definition I.1 and areas of action; WCAG_22: Conformance requirements and Success Criteria","Open-ended lower bound only; no point/high manufactured. Thai-derived pilot writing, oral Patani Malay, Classical/Standard Jawi and Standard Rumi are distinct modes and populations are not separable.",,EVIDENCE_ONLY_CONTEXT,false,fc56e2d76cd022d25e730c8dd452658a56bc5e9043b5fd8b64957a671f636193
regional:OCEANIA_CENTRAL_ASIA_EMPIRICAL_INPUTS:mfe-Latn-MU:271,OCEANIA_CENTRAL_ASIA_EMPIRICAL_INPUTS,mfe-Latn-MU,edition-target:lang:mfe-Latn-MU,REGIONAL_EMPIRICAL_STRATUM,census_home_language_including_combinations,persons,1002135,1002135,1002135,"Official Table D9 aggregate for residents of the Island of Mauritius reporting Creole usually spoken at home, including combinations; Rodrigues is excluded and modeled separately.",2022,Mauritius excluding Rodrigues where separately tagged,standard Kreol Morisien Latin orthography,MUS_CENSUS_2022;MUS_PRESCHOOL_LANG;OER_UNESCO_2019;WCAG_22,https://statsmauritius.govmu.org/Documents/Census_and_Surveys/Census2022/HPC_TR_Vol2_Demography_Yr22.pdf;https://doi.org/10.1080/07908310903414358;https://www.unesco.org/en/legal-affairs/recommendation-open-educational-resources-oer?hub=422;https://www.w3.org/TR/WCAG22/,"MUS_CENSUS_2022: Tables D8-D9, PDF pp. 158-170; Island of Mauritius D9 aggregate = 1,002,135 and Rodrigues D9 aggregate = 43,423 | MUS_PRESCHOOL_LANG: classroom findings | OER_UNESCO_2019: Definition I.1 and areas of action | WCAG_22: Conformance requirements and Success Criteria","D9 includes combination responses and is not L1, literacy or academic ability. The D8 single-language count and D9 any-combination aggregate are non-equivalent and nonadditive.",,ATTACHED_TO_EXISTING_EDITION,false,386713ca1603116feda7cd371abe2b720aa90ea012abce438f7e34a2940ef21d
regional:OCEANIA_CENTRAL_ASIA_EMPIRICAL_INPUTS:mg-Latn-MG:272,OCEANIA_CENTRAL_ASIA_EMPIRICAL_INPUTS,mg-Latn-MG,edition-target:lang:mg-Latn-MG,REGIONAL_EMPIRICAL_STRATUM,territorial_written_standard_exposure_ceiling,persons,,,25674196,2018 resident population retained only as the maximum possible exposure to the official written standard; no variety-compatible reader count was verified.,2018,Madagascar,official Latin orthography,MDG_CENSUS_2018;MDG_UNICEF_ED;MDG_MICS_2018;MDG_WB_CONNECT_2025;OER_UNESCO_2019;WCAG_22,https://www.instat.mg/p/resultats-definitifs-du-rgph-3-2018-troisieme-recensement-general-de-la-population-et-de-lhabitation;https://www.unicef.org/madagascar/en/programme/education;https://www.unicef.org/madagascar/documents/mics-6-2018-apprentissage-pr%C3%A9coce-et-implication-parentale;https://documents1.worldbank.org/curated/en/099030725040518348/pdf/P506569-5c4d72b0-e69b-405e-95d7-cdb739a454df.pdf;https://www.unesco.org/en/legal-affairs/recommendation-open-educational-resources-oer?hub=422;https://www.w3.org/TR/WCAG22/,"MDG_CENSUS_2018: national population total; MDG_UNICEF_ED: completion and foundational-learning statements; MDG_MICS_2018: foundational learning indicators; MDG_WB_CONNECT_2025: school electricity, devices and internet baseline; OER_UNESCO_2019: Definition I.1 and areas of action; WCAG_22: Conformance requirements and Success Criteria",Territorial ceiling only; national learning and infrastructure indicators use different years and denominators and cannot create a language-specific need count.,,ATTACHED_TO_EXISTING_EDITION,false,28ca9f04bd8c2e7414bf4f7cbc5859c3d5082ecbf77e0516d9d22ff8808c4d4a
regional:OCEANIA_CENTRAL_ASIA_EMPIRICAL_INPUTS:mgm-Latn-TL:273,OCEANIA_CENTRAL_ASIA_EMPIRICAL_INPUTS,mgm-Latn-TL,edition-target:lang:mgm-Latn-TL,REGIONAL_EMPIRICAL_STRATUM,census_mother_tongue,persons,195778,195778,195778,2015 census first/mother-tongue count for Mambai.,2015,Timor-Leste,Latin orthography; local practices vary,TLS_CENSUS_2015;TLS_CENSUS_REPRO;TLS_UNESCO_UNICEF_MLE;TLS_UNICEF_SDG;OER_UNESCO_2019;WCAG_22,https://www.unicef.org/timorleste/reports/timor-leste-population-and-housing-census-2015;https://pmc.ncbi.nlm.nih.gov/articles/PMC9411783/;https://www.unesco.org/en/articles/unesco-and-unicef-strengthening-multilingual-education-sustainable-future-timor-leste;https://data.unicef.org/sdgs/country/tls/;https://www.unesco.org/en/legal-affairs/recommendation-open-educational-resources-oer?hub=422;https://www.w3.org/TR/WCAG22/,"TLS_CENSUS_2015: Table 12, mother tongue; TLS_CENSUS_REPRO: Table 1; TLS_UNESCO_UNICEF_MLE: language-at-school-entry and EMULI sections; TLS_UNICEF_SDG: education completion indicators; OER_UNESCO_2019: Definition I.1 and areas of action; WCAG_22: Conformance requirements and Success Criteria","Exact census mother-tongue count. Do not add L2/L3 users, infer literacy, transfer Tetun literacy to Mambai, or assume resources from another Timorese variety.",,ATTACHED_TO_EXISTING_EDITION,false,4e64272a13ecd95843d933946df6bf56f2a96258f1046bc9760657746dcc38cc
regional:OCEANIA_CENTRAL_ASIA_EMPIRICAL_INPUTS:mi-Latn-NZ:274,OCEANIA_CENTRAL_ASIA_EMPIRICAL_INPUTS,mi-Latn-NZ,edition-target:lang:mi-Latn-NZ,REGIONAL_EMPIRICAL_STRATUM,census_everyday_conversation_ability,persons,213849,213849,213849,2023 census count able to have an everyday conversation in te reo Māori.,2023,Aotearoa New Zealand,standard Māori Latin orthography,NZ_MAORI_2023;NZ_MAORI_SCHOOLING_2025;NZ_MAORI_MATH;OER_UNESCO_2019;WCAG_22,https://tools.summaries.stats.govt.nz/ethnic-group/maori;https://www.educationcounts.govt.nz/statistics/maori-language-in-schooling;https://pmc.ncbi.nlm.nih.gov/articles/PMC8390839/;https://www.unesco.org/en/legal-affairs/recommendation-open-educational-resources-oer?hub=422;https://www.w3.org/TR/WCAG22/,NZ_MAORI_2023: te reo Māori conversational ability; NZ_MAORI_SCHOOLING_2025: Māori-medium enrolment; NZ_MAORI_MATH: resource and teacher sections; OER_UNESCO_2019: Definition I.1 and areas of action; WCAG_22: Conformance requirements and Success Criteria,"Everyday-conversation count is not L1, literacy or academic proficiency. Māori-medium enrolment is a separate, nested opportunity cohort.",,ATTACHED_TO_EXISTING_EDITION,false,3150a4c1c6774e4bdab75026b5ac23d283cbb7d3bcd943566f685b441178e275
regional:OCEANIA_CENTRAL_ASIA_EMPIRICAL_INPUTS:mkz-Latn-TL:275,OCEANIA_CENTRAL_ASIA_EMPIRICAL_INPUTS,mkz-Latn-TL,edition-target:lang:mkz-Latn-TL,REGIONAL_EMPIRICAL_STRATUM,census_mother_tongue,persons,123840,123840,123840,2015 census first/mother-tongue count for Makasae.,2015,Timor-Leste,Latin orthography; Makalero is separate,TLS_CENSUS_2015;TLS_CENSUS_REPRO;TLS_UNESCO_UNICEF_MLE;TLS_UNICEF_SDG;OER_UNESCO_2019;WCAG_22,https://www.unicef.org/timorleste/reports/timor-leste-population-and-housing-census-2015;https://pmc.ncbi.nlm.nih.gov/articles/PMC9411783/;https://www.unesco.org/en/articles/unesco-and-unicef-strengthening-multilingual-education-sustainable-future-timor-leste;https://data.unicef.org/sdgs/country/tls/;https://www.unesco.org/en/legal-affairs/recommendation-open-educational-resources-oer?hub=422;https://www.w3.org/TR/WCAG22/,"TLS_CENSUS_2015: Table 12, mother tongue; TLS_CENSUS_REPRO: Table 1; TLS_UNESCO_UNICEF_MLE: language-at-school-entry and EMULI sections; TLS_UNICEF_SDG: education completion indicators; OER_UNESCO_2019: Definition I.1 and areas of action; WCAG_22: Conformance requirements and Success Criteria","Exact census mother-tongue count. Do not add L2/L3 users, infer literacy, transfer Tetun literacy to Makasae, or assume resources from another Timorese variety.",,ATTACHED_TO_EXISTING_EDITION,false,da4fc9c54a93f40f11b22bde78ce311182b6cb8c37f7c9b3ce8bf4a042488a1c
regional:OCEANIA_CENTRAL_ASIA_EMPIRICAL_INPUTS:mn-Cyrl-MN:276,OCEANIA_CENTRAL_ASIA_EMPIRICAL_INPUTS,mn-Cyrl-MN,edition-target:lang:mn-Cyrl-MN,REGIONAL_EMPIRICAL_STRATUM,citizen_population_written_standard_ceiling,persons,,,3296866,2020 citizen population retained only as a maximum exposure ceiling for the national Cyrillic written standard.,2020,Mongolia,Mongolian Cyrillic,MNG_CENSUS_2020;MNG_UNICEF_ED;MNG_LANGUAGE_LAW;OER_UNESCO_2019;WCAG_22,https://nada.nso.mn/mn/index.php/catalog/60;https://www.unicef.org/mongolia/education;https://legalinfo.mn/mn/edtl/16760272253581;https://www.unesco.org/en/legal-affairs/recommendation-open-educational-resources-oer?hub=422;https://www.w3.org/TR/WCAG22/,"MNG_CENSUS_2020: citizen population and ethnicity tables; MNG_UNICEF_ED: access, completion and digital-equipment sections; MNG_LANGUAGE_LAW: Article 7; OER_UNESCO_2019: Definition I.1 and areas of action; WCAG_22: Conformance requirements and Success Criteria","Citizen territorial ceiling, not reader count. Khalkha ethnicity and Cyrillic/traditional script literacy are non-equivalent; script arms overlap and are nonadditive.",,ATTACHED_TO_EXISTING_EDITION,false,0b9d1a581fa6177646010df2fe35f31be43fa631180c3e49d9723404a160a968
regional:OCEANIA_CENTRAL_ASIA_EMPIRICAL_INPUTS:mn-Mong-MN:277,OCEANIA_CENTRAL_ASIA_EMPIRICAL_INPUTS,mn-Mong-MN,,REGIONAL_EMPIRICAL_STRATUM,unrankable_script_literacy_overlap,persons,,,,No compatible current person count of traditional-script readers was verified.,,Mongolia,traditional vertical Mongolian script,MNG_CENSUS_2020;MNG_UNICEF_ED;MNG_LANGUAGE_LAW;OER_UNESCO_2019;WCAG_22,https://nada.nso.mn/mn/index.php/catalog/60;https://www.unicef.org/mongolia/education;https://legalinfo.mn/mn/edtl/16760272253581;https://www.unesco.org/en/legal-affairs/recommendation-open-educational-resources-oer?hub=422;https://www.w3.org/TR/WCAG22/,"MNG_CENSUS_2020: citizen population and ethnicity tables; MNG_UNICEF_ED: access, completion and digital-equipment sections; MNG_LANGUAGE_LAW: Article 7; OER_UNESCO_2019: Definition I.1 and areas of action; WCAG_22: Conformance requirements and Success Criteria",Explicit unrankable script-reader population. Fully overlaps the national Mongolian population; never add to the Cyrillic row or infer proficiency from Grade 6 exposure.,,EVIDENCE_ONLY_CONTEXT,false,cc510e3c013da39963cb73d9290497bcf74172469f3bcd8891f43e61662f6b3f
regional:OCEANIA_CENTRAL_ASIA_EMPIRICAL_INPUTS:mww-Latn-LA:278,OCEANIA_CENTRAL_ASIA_EMPIRICAL_INPUTS,mww-Latn-LA,,REGIONAL_EMPIRICAL_STRATUM,unrankable_no_compatible_variety_script_count,persons,,,,No compatible Hmong Daw RPA reader/speaker count was verified.,,Lao PDR,Hmong RPA Latin orthography,LAO_CENSUS_2015;OER_UNESCO_2019;WCAG_22,https://data.opendevelopmentmekong.net/dataset/4a2c03e0-2402-4691-b2fd-56277fc95c31/resource/0be5dd3f-8f9e-4bfe-9f75-bbddc5284146/download/phc-eng-fnal-web.pdf;https://www.unesco.org/en/legal-affairs/recommendation-open-educational-resources-oer?hub=422;https://www.w3.org/TR/WCAG22/,LAO_CENSUS_2015: ethnic-group tables and summary; OER_UNESCO_2019: Definition I.1 and areas of action; WCAG_22: Conformance requirements and Success Criteria,Explicit unrankable exact-variety/script population. The official Hmong ethnicity count is secondary context only; no macro label or bridge reach is inferred.,,EVIDENCE_ONLY_CONTEXT,false,592c67df4982e652ae87d653a22b9205def84a8d55d91d48e931f21156273e61
regional:OCEANIA_CENTRAL_ASIA_EMPIRICAL_INPUTS:mzn-Arab-IR:279,OCEANIA_CENTRAL_ASIA_EMPIRICAL_INPUTS,mzn-Arab-IR,,REGIONAL_EMPIRICAL_STRATUM,peer_reviewed_secondary_estimate_range,persons,4000000,,5000000,"PARME Table A.1 population estimate for Mazanderani; endpoints are published rounded estimates, not a confidence interval.",2025,"Iran, chiefly Mazandaran",Perso-Arabic Mazanderani orthographies,PARME_ACL_2025;IRN_CONSTITUTION;IRN_ITU_2021;OER_UNESCO_2019;WCAG_22,https://aclanthology.org/2025.acl-long.1451.pdf;https://nezamat.ir/%D9%82%D8%A7%D9%86%D9%88%D9%86-%D8%A7%D8%B3%D8%A7%D8%B3%DB%8C-%D8%AC%D9%85%D9%87%D9%88%D8%B1%DB%8C-%D8%A7%D8%B3%D9%84%D8%A7%D9%85%DB%8C-%D8%A7%DB%8C%D8%B1%D8%A7%D9%86/;https://datahub.itu.int/data/?Affordability=Functional+separation&Connectivity=Access&Governance=Regulatory+mandates&Markets=Emerging+technologies+regulation&Sustainability=e-Applications&Trust=ICT+Accessibility+for+people+with+disabilities&e=IRN;https://www.unesco.org/en/legal-affairs/recommendation-open-educational-resources-oer?hub=422;https://www.w3.org/TR/WCAG22/,PARME_ACL_2025: Table A.1 and Appendix A; IRN_CONSTITUTION: Article 15; IRN_ITU_2021: household internet and internet-use indicators by urban/rural residence; OER_UNESCO_2019: Definition I.1 and areas of action; WCAG_22: Conformance requirements and Success Criteria,"Rounded secondary estimate range, not census or script readers. Internal varieties/orthographies and multilingual populations overlap; no midpoint is manufactured.",,EVIDENCE_ONLY_CONTEXT,false,a03adf4ae6a3dea8782c8c06120e1097cca7493d5a28e7b6bd9685493effb34a
regional:OCEANIA_CENTRAL_ASIA_EMPIRICAL_INPUTS:na-Latn-NR:280,OCEANIA_CENTRAL_ASIA_EMPIRICAL_INPUTS,na-Latn-NR,edition-target:lang:na-Latn-NR,REGIONAL_EMPIRICAL_STRATUM,derived_census_home_language_any_response,persons,11009,11014,11019,"People reporting Nauruan only or with another home language: 94.3% (69.0% + 25.3%) of population 11,680; endpoints preserve one-decimal rate rounding.",2021,Nauru,Latin orthography,NRU_CENSUS_ANALYTICAL_2021;NRU_CENSUS_TABLES_2021;NRU_ED_PLAN;OER_UNESCO_2019;WCAG_22,https://stats.gov.nr/download/49/2021/359/nauru-2021-population-and-housing-census-analytical-report.pdf;https://stats.gov.nr/download/49/2021/358/person-tables-1-36.pdf;https://media.unesco.org/sites/default/files/webform/r2e002/07712bcf3c71c7853a4d4628be2356b6843d5357.pdf;https://www.unesco.org/en/legal-affairs/recommendation-open-educational-resources-oer?hub=422;https://www.w3.org/TR/WCAG22/,"NRU_CENSUS_ANALYTICAL_2021: population total and language percentages; NRU_CENSUS_TABLES_2021: language and education tables; NRU_ED_PLAN: language, learning and ICT constraints; OER_UNESCO_2019: Definition I.1 and areas of action; WCAG_22: Conformance requirements and Success Criteria","Derived rounded-rate interval for any home use. The sole-language and multilingual components are non-equivalent to literacy, L1 or academic proficiency.",,ATTACHED_TO_EXISTING_EDITION,false,dba6c9cd1192f8f7e064bbf45c7a5ec9be9a212041c28897d6d99cb48a41a04f
regional:OCEANIA_CENTRAL_ASIA_EMPIRICAL_INPUTS:pau-Latn-PW:281,OCEANIA_CENTRAL_ASIA_EMPIRICAL_INPUTS,pau-Latn-PW,edition-target:lang:pau-Latn-PW,REGIONAL_EMPIRICAL_STRATUM,census_language_spoken_at_home_any_response,persons,12399,12399,12399,"2020 census sum of mutually exclusive Palauan-only (7,205) and Palauan-plus-another-language (5,194) home-language categories.",2020,Palau,Latin orthography,PLW_CENSUS_2020;OER_UNESCO_2019;WCAG_22,https://www.palaugov.pw/wp-content/uploads/2022/09/2020-Census-of-Population-and-Housing.pdf;https://www.unesco.org/en/legal-affairs/recommendation-open-educational-resources-oer?hub=422;https://www.w3.org/TR/WCAG22/,PLW_CENSUS_2020: language spoken at home tables; OER_UNESCO_2019: Definition I.1 and areas of action; WCAG_22: Conformance requirements and Success Criteria,"Any-home-use count. Palauan-only and bilingual categories are mutually exclusive in the cited table, but ability outside home and literacy are not measured.",,ATTACHED_TO_EXISTING_EDITION,false,76275d1daead25672f61f26b064a8cd3076bb1c61819b24224ba1046ca79192c
regional:OCEANIA_CENTRAL_ASIA_EMPIRICAL_INPUTS:pis-Latn-SB:282,OCEANIA_CENTRAL_ASIA_EMPIRICAL_INPUTS,pis-Latn-SB,edition-target:lang:pis-Latn-SB,REGIONAL_EMPIRICAL_STRATUM,census_first_language_learned_age5plus,persons,101588,101588,101588,People age 5+ reporting Pijin as the first language learned in the 2019 census.,2019,Solomon Islands,Latin orthography; spoken and written,SLB_CENSUS_LANG_2019;SLB_CENSUS_TABLES_2019;SLB_EGRA;OER_UNESCO_2019;WCAG_22,https://statistics.gov.sb/english-is-solomon-islands-most-predominant-language-in-communication/;https://solomons.gov.sb/wp-content/uploads/2023/09/Solomon-Islands-2019-Census-Report-Vol-2_Basic-Tables_Operations.pdf;https://documents1.worldbank.org/curated/en/178621563252790030/pdf/Solomon-Islands-Early-Grade-Reading-Assessment-Results-Report.pdf;https://www.unesco.org/en/legal-affairs/recommendation-open-educational-resources-oer?hub=422;https://www.w3.org/TR/WCAG22/,SLB_CENSUS_LANG_2019: 2019 census language results; SLB_CENSUS_TABLES_2019: Table P9.7; SLB_EGRA: teacher-language observations and reading results; OER_UNESCO_2019: Definition I.1 and areas of action; WCAG_22: Conformance requirements and Success Criteria,"Exact census first-learned-language count. Do not substitute the much larger simple-sentence literacy count, territorial population or classroom-use observation.",,ATTACHED_TO_EXISTING_EDITION,false,6857bd9b509efc1f67d408ddffdae0f3005eaf59429612d4e9b0a70ac1370bb7
regional:OCEANIA_CENTRAL_ASIA_EMPIRICAL_INPUTS:pri-Latn-NC:283,OCEANIA_CENTRAL_ASIA_EMPIRICAL_INPUTS,pri-Latn-NC,edition-target:lang:pri-Latn-NC,REGIONAL_EMPIRICAL_STRATUM,census_reported_speakers_age15plus,persons,6530,6530,6530,"2019 census count of Paicî speakers age 15+, as reported in the peer-reviewed Language Snapshot.",2019,"New Caledonia, central Grande Terre",standardized Latin orthography,NCL_PAICI_LDD;NCL_ISEE_LANG_2019;NCL_ED_REVIEW;OER_UNESCO_2019;WCAG_22,https://www.lddjournal.org/article/id/1017/;https://www.isee.nc/phocadownload/non_theme/publications/nouvelle_caledonie_cartes/atlas_nc/atlas-2019/atlas-2019.pdf;https://journals.openedition.org/ced/6322?lang=fr;https://www.unesco.org/en/legal-affairs/recommendation-open-educational-resources-oer?hub=422;https://www.w3.org/TR/WCAG22/,"NCL_PAICI_LDD: speaker-demography section; NCL_ISEE_LANG_2019: language map and speaker totals age 15+; NCL_ED_REVIEW: New Caledonia, Mayotte and Réunion sections; OER_UNESCO_2019: Definition I.1 and areas of action; WCAG_22: Conformance requirements and Success Criteria",Exact age-15+ self-reported speaker count; excludes children. Do not substitute the rounded atlas figure or the all-Kanak-language total.,,ATTACHED_TO_EXISTING_EDITION,false,e0e0f0b8b5cb84cf2f752c254fffbf02d29fdde89f5dea0e79c2e1e0f542c85b
regional:OCEANIA_CENTRAL_ASIA_EMPIRICAL_INPUTS:rad-Latn-VN:284,OCEANIA_CENTRAL_ASIA_EMPIRICAL_INPUTS,rad-Latn-VN,edition-target:lang:rad-Latn-VN,REGIONAL_EMPIRICAL_STRATUM,census_ethnic_category_proxy,persons,398671,398671,398671,"2019 census count for the Ê Đê ethnic category, retained explicitly as a proxy for the named language community.",2019,Viet Nam,official/educational Latin orthography for the named variety,VNM_CENSUS_2019;VNM_UNICEF_MTBBE;VNM_WB_MINORITY_ED;VNM_UNICEF_MINORITY_2025;OER_UNESCO_2019;WCAG_22,https://www.nso.gov.vn/wp-content/uploads/2019/12/Ket-qua-toan-bo-Tong-dieu-tra-dan-so-va-nha-o-2019.pdf;https://www.unicef.org/vietnam/bringing-mother-tongues-classroom;https://documents1.worldbank.org/curated/en/331741468124474580/pdf/499760ESW0Whit1C10VietnamSummary1LR.pdf;https://www.unicef.org/vietnam/documents/disparities-and-multidimensional-child-poverty-among-ethnic-minority-populations-viet-nam;https://www.unesco.org/en/legal-affairs/recommendation-open-educational-resources-oer?hub=422;https://www.w3.org/TR/WCAG22/,"VNM_CENSUS_2019: population by ethnic group table; VNM_UNICEF_MTBBE: Mông, J’rai and Khmer pilot and scale-up sections; VNM_WB_MINORITY_ED: pp. 24–27; VNM_UNICEF_MINORITY_2025: highlights and full report; OER_UNESCO_2019: Definition I.1 and areas of action; WCAG_22: Conformance requirements and Success Criteria","Ethnicity proxy, not a speaker/reader count. Do not collapse Ê Đê with the census macro category beyond the named mapping, Vietnamese, or neighboring varieties; pilot participation is a nested nonadditive cohort.",,ATTACHED_TO_EXISTING_EDITION,false,cc8fa19ed3137825dce88e16676fb88e03e9b9225785626084a682e8974013f2
regional:OCEANIA_CENTRAL_ASIA_EMPIRICAL_INPUTS:rap-Latn-CL-IP:285,OCEANIA_CENTRAL_ASIA_EMPIRICAL_INPUTS,rap-Latn-CL-IP,edition-target:lang:rap-Latn-CL,REGIONAL_EMPIRICAL_STRATUM,census_speak_or_understand_age5plus,persons,7006,7006,7006,2024 census count age 5+ who report speaking or understanding Rapa Nui.,2024,"Chile, Isla de Pascua / Rapa Nui",Latin orthography,CHL_CENSUS_RAPA_2024;UNESCO_RAPA_NUI;OER_UNESCO_2019;WCAG_22,https://censo2024.ine.gob.cl/wp-content/uploads/2025/12/sintesis_resultados_censo2024.pdf;https://www.unesco.org/en/articles/rapa-nui-back-brink-0;https://www.unesco.org/en/legal-affairs/recommendation-open-educational-resources-oer?hub=422;https://www.w3.org/TR/WCAG22/,CHL_CENSUS_RAPA_2024: Rapa Nui language table; UNESCO_RAPA_NUI: school and revitalization sections; OER_UNESCO_2019: Definition I.1 and areas of action; WCAG_22: Conformance requirements and Success Criteria,"Exact combined speak-or-understand count, not a speaker-only or literacy measure; do not infer either component.",,NEW_EDITION_EVIDENCE,false,e07009b8487064cdf0edd0c2a172e9861fc0232e14b841cb2d06bb35346247b5
regional:OCEANIA_CENTRAL_ASIA_EMPIRICAL_INPUTS:rcf-Latn-MU-ROD:286,OCEANIA_CENTRAL_ASIA_EMPIRICAL_INPUTS,rcf-Latn-MU-ROD,edition-target:lang:mfe-Latn-MU-x-rodrigues,REGIONAL_EMPIRICAL_STRATUM,census_creole_home_language_including_combinations_territorial_proxy,persons,43423,43423,43423,2022 census count on Rodrigues reporting Creole at home including combinations; treated as a territorial linguistic proxy for Kreol Rodriguais.,2022,"Mauritius, Rodrigues",Rodriguan Creole Latin orthography; local standardization context,MUS_CENSUS_2022;OER_UNESCO_2019;WCAG_22,https://statsmauritius.govmu.org/Documents/Census_and_Surveys/Census2022/HPC_TR_Vol2_Demography_Yr22.pdf;https://www.unesco.org/en/legal-affairs/recommendation-open-educational-resources-oer?hub=422;https://www.w3.org/TR/WCAG22/,MUS_CENSUS_2022: Tables D8–D9; OER_UNESCO_2019: Definition I.1 and areas of action; WCAG_22: Conformance requirements and Success Criteria,The count is exact for the census “Creole” response on Rodrigues but only a territorial proxy for the exact Rodriguais variety; combination responses are included.,,ATTACHED_TO_EXISTING_EDITION,false,5c060871fe3b7e511c8f1bd1c52198f8029d599b9fc0b07c43577603b5f390c6
regional:OCEANIA_CENTRAL_ASIA_EMPIRICAL_INPUTS:rcf-Latn-RE:287,OCEANIA_CENTRAL_ASIA_EMPIRICAL_INPUTS,rcf-Latn-RE,edition-target:lang:rcf-Latn-RE,REGIONAL_EMPIRICAL_STRATUM,territorial_exposure_ceiling,persons,,,889679,2025 resident population retained only as a maximum exposure ceiling; no compatible current Kréol Réyoné speaker count was verified.,2025,Réunion,Latin orthographies; no single universally imposed spelling arm,REU_POP_2025;REU_LITERACY_2022;NCL_ED_REVIEW;OER_UNESCO_2019;WCAG_22,https://www.insee.fr/fr/statistiques/8683056;https://www.insee.fr/fr/statistiques/8279889;https://journals.openedition.org/ced/6322?lang=fr;https://www.unesco.org/en/legal-affairs/recommendation-open-educational-resources-oer?hub=422;https://www.w3.org/TR/WCAG22/,"REU_POP_2025: resident population; REU_LITERACY_2022: adult literacy and childhood-language results; NCL_ED_REVIEW: New Caledonia, Mayotte and Réunion sections; OER_UNESCO_2019: Definition I.1 and areas of action; WCAG_22: Conformance requirements and Success Criteria","Territorial ceiling only. Childhood language, current home use, speaking, literacy and orthography cohorts are incompatible.",,ATTACHED_TO_EXISTING_EDITION,false,96405f7c2e90c45ff06f9777795c00d2aad1440230427677d94fdfb20f90d8a8
regional:OCEANIA_CENTRAL_ASIA_EMPIRICAL_INPUTS:rhg-Rohg-001:288,OCEANIA_CENTRAL_ASIA_EMPIRICAL_INPUTS,rhg-Rohg-001,,REGIONAL_EMPIRICAL_STRATUM,operational_refugee_plus_internal_stateless_population_range,persons,1329000,1848647,1848647,"Lower endpoint is UNHCR’s rounded refugees/asylum-seekers abroad; upper/base adds 519,647 internally stateless Rohingya in Myanmar as separately reported operational categories.",2025,Myanmar and refugee/asylum populations chiefly in Bangladesh and the region,Hanifi Rohingya script; Latin and Perso-Arabic arms must be separately tagged,UNHCR_GLOBAL_2025;UNHCR_BGD_2025;OER_UNESCO_2019;WCAG_22,https://www.unhcr.org/global-trends;https://www.unhcr.org/sites/default/files/2026-06/unhcr-annual-results-report-2025-bangladesh.pdf;https://www.unesco.org/en/legal-affairs/recommendation-open-educational-resources-oer?hub=422;https://www.w3.org/TR/WCAG22/,"UNHCR_GLOBAL_2025: population tables: refugees, asylum-seekers and stateless people; UNHCR_BGD_2025: education results; OER_UNESCO_2019: Definition I.1 and areas of action; WCAG_22: Conformance requirements and Success Criteria","Operational legal/status categories, not speakers. Upper aggregation assumes the cited abroad and inside-Myanmar operational stocks are geographically disjoint; script literacy is wholly unmeasured and Latin/Arabic materials cannot be credited automatically.",,EVIDENCE_ONLY_CONTEXT,false,bcfeec78905eef13669bf06406e2a2fcdbd133fc5ec28ba526af7ac41918178a
regional:OCEANIA_CENTRAL_ASIA_EMPIRICAL_INPUTS:rop-Latn-AU:289,OCEANIA_CENTRAL_ASIA_EMPIRICAL_INPUTS,rop-Latn-AU,edition-target:lang:rop-Latn-AU,REGIONAL_EMPIRICAL_STRATUM,census_language_used_at_home,persons,7403,7403,7403,2021 Australia-wide census count reporting Australian Kriol as a language used at home.,2021,Australia,Latin orthography; spoken and written,AUS_ABS_LANG_2021;AUS_TSI_QUICKSTATS;QLD_LANG_STATEMENT;OER_UNESCO_2019;WCAG_22,https://www.abs.gov.au/statistics/people/aboriginal-and-torres-strait-islander-peoples/language-statistics-aboriginal-and-torres-strait-islander-peoples/latest-release;https://www.abs.gov.au/census/find-census-data/quickstats/2021/315011402;https://education.qld.gov.au/student/Documents/aboriginal-torres-strait-islander-languages-statement.pdf;https://www.unesco.org/en/legal-affairs/recommendation-open-educational-resources-oer?hub=422;https://www.w3.org/TR/WCAG22/,AUS_ABS_LANG_2021: 2021 language-used-at-home counts; AUS_TSI_QUICKSTATS: language used at home; QLD_LANG_STATEMENT: whole document; OER_UNESCO_2019: Definition I.1 and areas of action; WCAG_22: Conformance requirements and Success Criteria,"Home-use count, not total speakers, readers or ethnicity. Local and national counts are nested and nonadditive.",,ATTACHED_TO_EXISTING_EDITION,false,712a7e49733c4a65a803a2b28783fb2c0c97763803cfccfb9c9ea2d25c392d0c
regional:OCEANIA_CENTRAL_ASIA_EMPIRICAL_INPUTS:sdh-Arab-IR:290,OCEANIA_CENTRAL_ASIA_EMPIRICAL_INPUTS,sdh-Arab-IR,,REGIONAL_EMPIRICAL_STRATUM,unrankable_no_territory_allocable_count,persons,,,,No compatible Iran-only person range for Southern Kurdish in Iran was verified.,2025,Iranian component of the Iran–Iraq speech area,Perso-Arabic Southern Kurdish orthographies,PARME_ACL_2025;IRN_CONSTITUTION;IRN_ITU_2021;OER_UNESCO_2019;WCAG_22,https://aclanthology.org/2025.acl-long.1451.pdf;https://nezamat.ir/%D9%82%D8%A7%D9%86%D9%88%D9%86-%D8%A7%D8%B3%D8%A7%D8%B3%DB%8C-%D8%AC%D9%85%D9%87%D9%88%D8%B1%DB%8C-%D8%A7%D8%B3%D9%84%D8%A7%D9%85%DB%8C-%D8%A7%DB%8C%D8%B1%D8%A7%D9%86/;https://datahub.itu.int/data/?Affordability=Functional+separation&Connectivity=Access&Governance=Regulatory+mandates&Markets=Emerging+technologies+regulation&Sustainability=e-Applications&Trust=ICT+Accessibility+for+people+with+disabilities&e=IRN;https://www.unesco.org/en/legal-affairs/recommendation-open-educational-resources-oer?hub=422;https://www.w3.org/TR/WCAG22/,PARME_ACL_2025: Table A.1 and Appendix A; IRN_CONSTITUTION: Article 15; IRN_ITU_2021: household internet and internet-use indicators by urban/rural residence; OER_UNESCO_2019: Definition I.1 and areas of action; WCAG_22: Conformance requirements and Success Criteria,"Explicit unrankable Iran-only population. Transboundary range is secondary context only and cannot be allocated by territory, subvariety or script.",,EVIDENCE_ONLY_CONTEXT,false,8d03435584ed3b5f9b5549bd3fa637e3f301cd698995c9fcc80f9cf410c31e4c
regional:OCEANIA_CENTRAL_ASIA_EMPIRICAL_INPUTS:sgh-Latn-001:291,OCEANIA_CENTRAL_ASIA_EMPIRICAL_INPUTS,sgh-Latn-001,,REGIONAL_EMPIRICAL_STRATUM,research_estimate_transboundary_speakers,persons,95000,95000,95000,"University research estimate: about 75,000 speakers in Tajikistan plus about 20,000 in Afghanistan.",2024,"Tajikistan and Afghanistan, chiefly the Pamirs/Badakhshan",Latin research/learning orthography; Tajik Cyrillic and Perso-Arabic practices separately tagged,SHUGHNI_UKY;TJK_UNICEF_CONNECT;TJK_UNICEF_SITAN_2025;OER_UNESCO_2019;WCAG_22,https://www.rch.uky.edu/Shughni/;https://www.unicef.org/tajikistan/reports/achieving-universal-connectivity-education-sector-republic-tajikistan;https://www.unicef.org/tajikistan/media/9231/file/Tajikistan_SitAn_2025_ENG.pdf.pdf;https://www.unesco.org/en/legal-affairs/recommendation-open-educational-resources-oer?hub=422;https://www.w3.org/TR/WCAG22/,SHUGHNI_UKY: speaker estimates and writing-system overview; TJK_UNICEF_CONNECT: school inventory and connectivity baseline; TJK_UNICEF_SITAN_2025: learning and minority/rural education sections; OER_UNESCO_2019: Definition I.1 and areas of action; WCAG_22: Conformance requirements and Success Criteria,Rounded transboundary estimate and operational Latin arm; populations and scripts differ across borders. Do not infer cross-script literacy or Pamiri-macro reach.,,EVIDENCE_ONLY_CONTEXT,false,7823714c350f351c8e0ab0399b2d00d94b91b02686f5c95e6c117641a793e884
regional:OCEANIA_CENTRAL_ASIA_EMPIRICAL_INPUTS:shn-Mymr-MM:292,OCEANIA_CENTRAL_ASIA_EMPIRICAL_INPUTS,shn-Mymr-MM,edition-target:lang:shn-Mymr-MM,REGIONAL_EMPIRICAL_STRATUM,unrankable_no_compatible_variety_count,persons,,,,No authoritative compatible person count for the exact Shan variety/script stratum was verified.,,Myanmar,modern Shan script (Myanmar-derived),MMR_UNICEF_LESC;MMR_WB_SOCIAL_2020;OER_UNESCO_2019;WCAG_22,"https://www.unicef.org/myanmar/sites/unicef.org.myanmar/files/2019-05/Myanmar%20Country%20Report_Language,%20Education%20and%20Social%20Cohesion%20(LESE)%20Initiative.pdf;https://www.moe.gov.mm/sites/default/files/WB_Social_Assessment_Report_2020.pdf;https://www.unesco.org/en/legal-affairs/recommendation-open-educational-resources-oer?hub=422;https://www.w3.org/TR/WCAG22/","MMR_UNICEF_LESC: pp. 17–18 and 92–113; MMR_WB_SOCIAL_2020: ethnicity, language, conflict and access sections; OER_UNESCO_2019: Definition I.1 and areas of action; WCAG_22: Conformance requirements and Success Criteria","Explicit unrankable population gap. Do not assign the Shan ethnic cluster total, infer mutual intelligibility, or transfer Myanmar-language resources to Shan.",,ATTACHED_TO_EXISTING_EDITION,false,c0b750ddb28889035cd63f6a0cd2c5658b9b1c167d2718b5a75c5dfd83856836
regional:OCEANIA_CENTRAL_ASIA_EMPIRICAL_INPUTS:swb-Latn-YT:293,OCEANIA_CENTRAL_ASIA_EMPIRICAL_INPUTS,swb-Latn-YT,edition-target:lang:swb-Latn-YT,REGIONAL_EMPIRICAL_STRATUM,territorial_exposure_ceiling,persons,,,329208,2025 Mayotte population estimate retained only as a maximum exposure ceiling for Shimaore.,2025,Mayotte,Latin orthography; oral/local practice varies,MYT_POP_2025;MYT_LANG_LITERACY;NCL_ED_REVIEW;OER_UNESCO_2019;WCAG_22,https://www.insee.fr/fr/statistiques/serie/001760180;https://www.insee.fr/fr/statistiques/6467148;https://journals.openedition.org/ced/6322?lang=fr;https://www.unesco.org/en/legal-affairs/recommendation-open-educational-resources-oer?hub=422;https://www.w3.org/TR/WCAG22/,"MYT_POP_2025: 2025 population estimate; MYT_LANG_LITERACY: language mastery and literacy findings; NCL_ED_REVIEW: New Caledonia, Mayotte and Réunion sections; OER_UNESCO_2019: Definition I.1 and areas of action; WCAG_22: Conformance requirements and Success Criteria",Territorial ceiling only. Shimaore must not be collapsed with the other Mayotte language; multilingual mastery and birthplace categories are nonadditive.,,ATTACHED_TO_EXISTING_EDITION,false,4ceadbcaa0facb43bbf8b31078e99f3a908bcbe05b867c3e07a6b349953688b9
regional:OCEANIA_CENTRAL_ASIA_EMPIRICAL_INPUTS:tcs-Latn-AU:294,OCEANIA_CENTRAL_ASIA_EMPIRICAL_INPUTS,tcs-Latn-AU,edition-target:lang:tcs-Latn-AU,REGIONAL_EMPIRICAL_STRATUM,census_language_used_at_home,persons,7596,7596,7596,2021 Australia-wide census count reporting Yumplatok as a language used at home.,2021,Australia,Latin orthography; spoken and written,AUS_ABS_LANG_2021;AUS_TSI_QUICKSTATS;QLD_LANG_STATEMENT;OER_UNESCO_2019;WCAG_22,https://www.abs.gov.au/statistics/people/aboriginal-and-torres-strait-islander-peoples/language-statistics-aboriginal-and-torres-strait-islander-peoples/latest-release;https://www.abs.gov.au/census/find-census-data/quickstats/2021/315011402;https://education.qld.gov.au/student/Documents/aboriginal-torres-strait-islander-languages-statement.pdf;https://www.unesco.org/en/legal-affairs/recommendation-open-educational-resources-oer?hub=422;https://www.w3.org/TR/WCAG22/,AUS_ABS_LANG_2021: 2021 language-used-at-home counts; AUS_TSI_QUICKSTATS: language used at home; QLD_LANG_STATEMENT: whole document; OER_UNESCO_2019: Definition I.1 and areas of action; WCAG_22: Conformance requirements and Success Criteria,"Home-use count, not total speakers, readers or ethnicity. Local and national counts are nested and nonadditive.",,ATTACHED_TO_EXISTING_EDITION,false,fdf3350019de4dc26ef5f813449fc6f050825dd3674ed5f54d3beda0a2300b94
regional:OCEANIA_CENTRAL_ASIA_EMPIRICAL_INPUTS:tet-Latn-TL-PRASA:295,OCEANIA_CENTRAL_ASIA_EMPIRICAL_INPUTS,tet-Latn-TL-PRASA,,REGIONAL_EMPIRICAL_STRATUM,census_mother_tongue,persons,361027,361027,361027,2015 census first/mother-tongue count for Tetun Prasa.,2015,Timor-Leste,standard Tetun Latin orthography,TLS_CENSUS_2015;TLS_CENSUS_REPRO;TLS_UNESCO_UNICEF_MLE;TLS_UNICEF_SDG;OER_UNESCO_2019;WCAG_22,https://www.unicef.org/timorleste/reports/timor-leste-population-and-housing-census-2015;https://pmc.ncbi.nlm.nih.gov/articles/PMC9411783/;https://www.unesco.org/en/articles/unesco-and-unicef-strengthening-multilingual-education-sustainable-future-timor-leste;https://data.unicef.org/sdgs/country/tls/;https://www.unesco.org/en/legal-affairs/recommendation-open-educational-resources-oer?hub=422;https://www.w3.org/TR/WCAG22/,"TLS_CENSUS_2015: Table 12, mother tongue; TLS_CENSUS_REPRO: Table 1; TLS_UNESCO_UNICEF_MLE: language-at-school-entry and EMULI sections; TLS_UNICEF_SDG: education completion indicators; OER_UNESCO_2019: Definition I.1 and areas of action; WCAG_22: Conformance requirements and Success Criteria","Exact census mother-tongue count. Do not add L2/L3 users, infer literacy, transfer Tetun literacy to Tetun Prasa, or assume resources from another Timorese variety.",,EVIDENCE_ONLY_CONTEXT,false,7635dd610ff6d25d9da01c5e1979e0c779c14d782445f659267a84afa3cb6b23
regional:OCEANIA_CENTRAL_ASIA_EMPIRICAL_INPUTS:tet-Latn-TL-TERIK:296,OCEANIA_CENTRAL_ASIA_EMPIRICAL_INPUTS,tet-Latn-TL-TERIK,,REGIONAL_EMPIRICAL_STRATUM,census_mother_tongue,persons,71418,71418,71418,2015 census first/mother-tongue count for Tetun Terik.,2015,Timor-Leste,Tetun Terik Latin orthography; Prasa standard not assumed equivalent,TLS_CENSUS_2015;TLS_CENSUS_REPRO;TLS_UNESCO_UNICEF_MLE;TLS_UNICEF_SDG;OER_UNESCO_2019;WCAG_22,https://www.unicef.org/timorleste/reports/timor-leste-population-and-housing-census-2015;https://pmc.ncbi.nlm.nih.gov/articles/PMC9411783/;https://www.unesco.org/en/articles/unesco-and-unicef-strengthening-multilingual-education-sustainable-future-timor-leste;https://data.unicef.org/sdgs/country/tls/;https://www.unesco.org/en/legal-affairs/recommendation-open-educational-resources-oer?hub=422;https://www.w3.org/TR/WCAG22/,"TLS_CENSUS_2015: Table 12, mother tongue; TLS_CENSUS_REPRO: Table 1; TLS_UNESCO_UNICEF_MLE: language-at-school-entry and EMULI sections; TLS_UNICEF_SDG: education completion indicators; OER_UNESCO_2019: Definition I.1 and areas of action; WCAG_22: Conformance requirements and Success Criteria","Exact census mother-tongue count. Do not add L2/L3 users, infer literacy, transfer Tetun literacy to Tetun Terik, or assume resources from another Timorese variety.",,EVIDENCE_ONLY_CONTEXT,false,5b394c9e576982837d1db62a54b481968537f642f32f8e835fe443c581a1b3ef
regional:OCEANIA_CENTRAL_ASIA_EMPIRICAL_INPUTS:tk-Latn-TM:297,OCEANIA_CENTRAL_ASIA_EMPIRICAL_INPUTS,tk-Latn-TM,edition-target:lang:tk-Latn-TM,REGIONAL_EMPIRICAL_STRATUM,census_mother_tongue,persons,6297965,6297965,6297965,2022 census count of all nationalities reporting Turkmen as mother tongue.,2022,Turkmenistan,Turkmen Latin alphabet; legacy Cyrillic separately tagged,TKM_CENSUS_2022;OER_UNESCO_2019;WCAG_22,https://stat.gov.tm/population-census-pdfs/results/en/4.pdf;https://www.unesco.org/en/legal-affairs/recommendation-open-educational-resources-oer?hub=422;https://www.w3.org/TR/WCAG22/,TKM_CENSUS_2022: Table 4.9; OER_UNESCO_2019: Definition I.1 and areas of action; WCAG_22: Conformance requirements and Success Criteria,"Exact mother-tongue count, not literacy or state-Latin readership. Legacy-script users overlap and are not separately counted.",,ATTACHED_TO_EXISTING_EDITION,false,36558339ef2b11a00026d4b44d5771850a1d7be3c776236174c82a97d1908a7c
regional:OCEANIA_CENTRAL_ASIA_EMPIRICAL_INPUTS:tkl-Latn-TK:298,OCEANIA_CENTRAL_ASIA_EMPIRICAL_INPUTS,tkl-Latn-TK,edition-target:lang:tkl-Latn-TK,REGIONAL_EMPIRICAL_STRATUM,territorial_presence_ceiling,persons,,,1480,People physically present in Tokelau during the 2019 population count; retained only as a maximum local exposure ceiling.,2019,Tokelau,Latin orthography,TKL_COUNT_2019;TKL_CURRICULUM;OER_UNESCO_2019;WCAG_22,https://www.tokelau.org.nz/site/tokelau/2019%20Tokelau%20Population%20Count.pdf;https://www.tokelau.org.nz/site/tokelau/files/TOKELAU%20NCPF%20DRAFT%209%20UPDATED%2019%20SEPT%202006%20%20English%20FINALVERSION%20%20MASTER.pdf;https://www.unesco.org/en/legal-affairs/recommendation-open-educational-resources-oer?hub=422;https://www.w3.org/TR/WCAG22/,TKL_COUNT_2019: physically present and usually resident totals; TKL_CURRICULUM: language and curriculum sections; OER_UNESCO_2019: Definition I.1 and areas of action; WCAG_22: Conformance requirements and Success Criteria,"Territorial ceiling, not a speaker count. Physical-presence and broader registration totals have different universes and must not form a range or be added.",,ATTACHED_TO_EXISTING_EDITION,false,d90661bb463452f9571dcede02ecd7dd30c7202c4b119e9bb512f8348547e419
regional:OCEANIA_CENTRAL_ASIA_EMPIRICAL_INPUTS:tly-Arab-IR:299,OCEANIA_CENTRAL_ASIA_EMPIRICAL_INPUTS,tly-Arab-IR,,REGIONAL_EMPIRICAL_STRATUM,unrankable_no_territory_allocable_count,persons,,,,No compatible Iran-only person range for Talysh in Iran was verified.,2025,Iranian component of the Iran–Azerbaijan Talysh area,Perso-Arabic Talysh practices; Azerbaijani Latin/Cyrillic arms separately tagged,PARME_ACL_2025;IRN_CONSTITUTION;IRN_ITU_2021;OER_UNESCO_2019;WCAG_22,https://aclanthology.org/2025.acl-long.1451.pdf;https://nezamat.ir/%D9%82%D8%A7%D9%86%D9%88%D9%86-%D8%A7%D8%B3%D8%A7%D8%B3%DB%8C-%D8%AC%D9%85%D9%87%D9%88%D8%B1%DB%8C-%D8%A7%D8%B3%D9%84%D8%A7%D9%85%DB%8C-%D8%A7%DB%8C%D8%B1%D8%A7%D9%86/;https://datahub.itu.int/data/?Affordability=Functional+separation&Connectivity=Access&Governance=Regulatory+mandates&Markets=Emerging+technologies+regulation&Sustainability=e-Applications&Trust=ICT+Accessibility+for+people+with+disabilities&e=IRN;https://www.unesco.org/en/legal-affairs/recommendation-open-educational-resources-oer?hub=422;https://www.w3.org/TR/WCAG22/,PARME_ACL_2025: Table A.1 and Appendix A; IRN_CONSTITUTION: Article 15; IRN_ITU_2021: household internet and internet-use indicators by urban/rural residence; OER_UNESCO_2019: Definition I.1 and areas of action; WCAG_22: Conformance requirements and Success Criteria,"Explicit unrankable Iran-only population. Transboundary range is secondary context only and cannot be allocated by territory, subvariety or script.",,EVIDENCE_ONLY_CONTEXT,false,b3bd172ba10fcef5dda1b636d0abd818b5e096137e139e3a48922ce45f4ea839
regional:OCEANIA_CENTRAL_ASIA_EMPIRICAL_INPUTS:tpi-Latn-PG:300,OCEANIA_CENTRAL_ASIA_EMPIRICAL_INPUTS,tpi-Latn-PG,edition-target:lang:tpi-Latn-PG,REGIONAL_EMPIRICAL_STRATUM,territorial_exposure_ceiling,persons,,,7275324,"2011 resident population retained only as the maximum possible Tok Pisin exposure population; not a speaker, reader or L1 count.",2011,Papua New Guinea,Latin orthography; spoken and written,PNG_CENSUS_2011;PNG_NEP_2020;PNG_PNAS_2021;OER_UNESCO_2019;WCAG_22,https://www.nso.gov.pg/wpfd_file/png-national-report-2011-census-2/;https://planipolis.iiep.unesco.org/sites/default/files/ressources/papua_new_guinea_nep_2020-2029.pdf;https://pmc.ncbi.nlm.nih.gov/articles/PMC8179190/;https://www.unesco.org/en/legal-affairs/recommendation-open-educational-resources-oer?hub=422;https://www.w3.org/TR/WCAG22/,"PNG_CENSUS_2011: national population total; PNG_NEP_2020: pp. 18–20, 35–38; language and literacy context; PNG_PNAS_2021: Results; 6,190 pupils and 392 languages; OER_UNESCO_2019: Definition I.1 and areas of action; WCAG_22: Conformance requirements and Success Criteria","Territorial ceiling only. Tok Pisin L1, L2, literacy and school-medium cohorts overlap with English and hundreds of tok ples; none may be inferred from the ceiling or added together.",,ATTACHED_TO_EXISTING_EDITION,false,e2536391be71c488a160b51b469ee9bc1134eca826e5da58681585a985400887
regional:OCEANIA_CENTRAL_ASIA_EMPIRICAL_INPUTS:tts-Thai-TH-NE:301,OCEANIA_CENTRAL_ASIA_EMPIRICAL_INPUTS,tts-Thai-TH-NE,,REGIONAL_EMPIRICAL_STRATUM,unrankable_no_compatible_current_count,persons,,,,No authoritative current person count with a defined Isan ability threshold was verified; older estimates and regional populations are not converted into a range.,,"Thailand, Northeast and migrant communities elsewhere in Thailand",Thai script as commonly used; historical Tai Noi is a separate script arm,THA_ISAN_ED;OER_UNESCO_2019;WCAG_22,https://so03.tci-thaijo.org/index.php/gshskku/article/view/73657;https://www.unesco.org/en/legal-affairs/recommendation-open-educational-resources-oer?hub=422;https://www.w3.org/TR/WCAG22/,THA_ISAN_ED: abstract and education sections; OER_UNESCO_2019: Definition I.1 and areas of action; WCAG_22: Conformance requirements and Success Criteria,"Explicit unrankable population gap. Do not use Northeast territorial population, historical estimates, Thai literacy or assumed mutual intelligibility as Isan reach.",,EVIDENCE_ONLY_CONTEXT,false,1bcc23092b9103f8640b0020787531246be971a479d56dd7fc38e15ca3152fad
regional:OCEANIA_CENTRAL_ASIA_EMPIRICAL_INPUTS:tyz-Latn-VN:302,OCEANIA_CENTRAL_ASIA_EMPIRICAL_INPUTS,tyz-Latn-VN,edition-target:lang:tyz-Latn-VN,REGIONAL_EMPIRICAL_STRATUM,census_ethnic_category_proxy,persons,1845492,1845492,1845492,"2019 census count for the Tày ethnic category, retained explicitly as a proxy for the named language community.",2019,Viet Nam,official/educational Latin orthography for the named variety,VNM_CENSUS_2019;VNM_UNICEF_MTBBE;VNM_WB_MINORITY_ED;VNM_UNICEF_MINORITY_2025;OER_UNESCO_2019;WCAG_22,https://www.nso.gov.vn/wp-content/uploads/2019/12/Ket-qua-toan-bo-Tong-dieu-tra-dan-so-va-nha-o-2019.pdf;https://www.unicef.org/vietnam/bringing-mother-tongues-classroom;https://documents1.worldbank.org/curated/en/331741468124474580/pdf/499760ESW0Whit1C10VietnamSummary1LR.pdf;https://www.unicef.org/vietnam/documents/disparities-and-multidimensional-child-poverty-among-ethnic-minority-populations-viet-nam;https://www.unesco.org/en/legal-affairs/recommendation-open-educational-resources-oer?hub=422;https://www.w3.org/TR/WCAG22/,"VNM_CENSUS_2019: population by ethnic group table; VNM_UNICEF_MTBBE: Mông, J’rai and Khmer pilot and scale-up sections; VNM_WB_MINORITY_ED: pp. 24–27; VNM_UNICEF_MINORITY_2025: highlights and full report; OER_UNESCO_2019: Definition I.1 and areas of action; WCAG_22: Conformance requirements and Success Criteria","Ethnicity proxy, not a speaker/reader count. Do not collapse Tày with the census macro category beyond the named mapping, Vietnamese, or neighboring varieties; pilot participation is a nested nonadditive cohort.",,ATTACHED_TO_EXISTING_EDITION,false,5ab3690953446f8648044fb8f1daadf3562474f7481a90d0beabd60ea5e3cc38
regional:OCEANIA_CENTRAL_ASIA_EMPIRICAL_INPUTS:uz-Cyrl-UZ:303,OCEANIA_CENTRAL_ASIA_EMPIRICAL_INPUTS,uz-Cyrl-UZ,,REGIONAL_EMPIRICAL_STRATUM,unrankable_script_literacy_overlap,persons,,,,No compatible census count of Uzbek Cyrillic readers was verified.,,Uzbekistan,Uzbek Cyrillic orthography,UZB_CENSUS_PRELIM_2026;UZB_UNICEF_PISA;UZB_UNICEF_SITAN;OER_UNESCO_2019;WCAG_22,https://stat.uz/en/press-center/news-of-committee/68979-a-oli-va-ishlo-kh-zhaligini-r-jkhatga-olish-tadbirining-dastlabki-natizhalariga-ba-ishlangan-konferentsiya-tkazildi-4;https://www.unicef.org/uzbekistan/en/media/5926/file;https://www.unicef.org/uzbekistan/en/media/6731/file/SitAnen.pdf.pdf;https://www.unesco.org/en/legal-affairs/recommendation-open-educational-resources-oer?hub=422;https://www.w3.org/TR/WCAG22/,UZB_CENSUS_PRELIM_2026: native-language and ethnicity preliminary results; UZB_UNICEF_PISA: PISA 2022 baseline section; UZB_UNICEF_SITAN: education-language and attendance sections; OER_UNESCO_2019: Definition I.1 and areas of action; WCAG_22: Conformance requirements and Success Criteria,"Explicit unrankable script-reader population. This is an overlapping access arm, not an additional language population; do not copy or add the 35.7 million language count.",,EVIDENCE_ONLY_CONTEXT,false,1ff00e5a7186991106216b00484c0f84739656b6d859953bf72019471e0694f1
regional:OCEANIA_CENTRAL_ASIA_EMPIRICAL_INPUTS:uz-Latn-UZ:304,OCEANIA_CENTRAL_ASIA_EMPIRICAL_INPUTS,uz-Latn-UZ,edition-target:lang:uz-Latn-UZ,REGIONAL_EMPIRICAL_STRATUM,preliminary_census_native_language_rounded,persons,35650000,35700000,35749999,Preliminary 2026 census reports 35.7 million people naming Uzbek as native; interval preserves rounding to the nearest 0.1 million.,2026,Uzbekistan,Uzbek Latin alphabet,UZB_CENSUS_PRELIM_2026;UZB_UNICEF_PISA;UZB_UNICEF_SITAN;OER_UNESCO_2019;WCAG_22,https://stat.uz/en/press-center/news-of-committee/68979-a-oli-va-ishlo-kh-zhaligini-r-jkhatga-olish-tadbirining-dastlabki-natizhalariga-ba-ishlangan-konferentsiya-tkazildi-4;https://www.unicef.org/uzbekistan/en/media/5926/file;https://www.unicef.org/uzbekistan/en/media/6731/file/SitAnen.pdf.pdf;https://www.unesco.org/en/legal-affairs/recommendation-open-educational-resources-oer?hub=422;https://www.w3.org/TR/WCAG22/,UZB_CENSUS_PRELIM_2026: native-language and ethnicity preliminary results; UZB_UNICEF_PISA: PISA 2022 baseline section; UZB_UNICEF_SITAN: education-language and attendance sections; OER_UNESCO_2019: Definition I.1 and areas of action; WCAG_22: Conformance requirements and Success Criteria,"Preliminary rounded native-language interval, not literacy. Latin and Cyrillic rows are the same people in overlapping script-access strata and must never be added.",,ATTACHED_TO_EXISTING_EDITION,false,c966fe910744a9a3ea8ef106071238517ed353cf712df8ed1c17c8119d9ba657
regional:OCEANIA_CENTRAL_ASIA_EMPIRICAL_INPUTS:wbl-Latn-001:305,OCEANIA_CENTRAL_ASIA_EMPIRICAL_INPUTS,wbl-Latn-001,,REGIONAL_EMPIRICAL_STRATUM,published_transboundary_estimate_range,persons,37570,,72000,Published lower and upper Wakhi speaker estimates pooled across transboundary studies; no midpoint is manufactured.,2022,"Tajikistan, Afghanistan, Pakistan and China",Latin research orthography; Cyrillic and Perso-Arabic practices separately tagged,WAKHI_STUDY;TJK_UNICEF_CONNECT;TJK_UNICEF_SITAN_2025;OER_UNESCO_2019;WCAG_22,https://bahasawan.com/wp-content/uploads/2022/01/Wakhi-in-New-York_edited.pdf;https://www.unicef.org/tajikistan/reports/achieving-universal-connectivity-education-sector-republic-tajikistan;https://www.unicef.org/tajikistan/media/9231/file/Tajikistan_SitAn_2025_ENG.pdf.pdf;https://www.unesco.org/en/legal-affairs/recommendation-open-educational-resources-oer?hub=422;https://www.w3.org/TR/WCAG22/,WAKHI_STUDY: demography and orthography sections; TJK_UNICEF_CONNECT: school inventory and connectivity baseline; TJK_UNICEF_SITAN_2025: learning and minority/rural education sections; OER_UNESCO_2019: Definition I.1 and areas of action; WCAG_22: Conformance requirements and Success Criteria,"Heterogeneous transboundary estimate range with no base point; not additive across sources. Latin, Cyrillic and Perso-Arabic literacy arms must remain separate.",,EVIDENCE_ONLY_CONTEXT,false,751557e46d013202dfc2cefec081abc6a14994198fc34893233dcce4b654cfbe
regional:OCEANIA_CENTRAL_ASIA_EMPIRICAL_INPUTS:wlc-Latn-KM-MWA:306,OCEANIA_CENTRAL_ASIA_EMPIRICAL_INPUTS,wlc-Latn-KM-MWA,,REGIONAL_EMPIRICAL_STRATUM,island_territorial_exposure_ceiling,persons,,,51567,2017 resident population of the named island retained only as a maximum exposure ceiling for Shimwali.,2017,"Comoros, Mwali (Mohéli)",Latin orthography; Arabic-script religious/domain materials separately tagged,COM_CENSUS_2017;COM_ED_LANG;COM_WB_2025;OER_UNESCO_2019;WCAG_22,https://www.inseed-comores.org/wp-content/uploads/2024/02/RAPPORT-RESULTATS-GLOBAUX_COMORES-DU-RGPH-2017.pdf;https://publications-prairial.fr/rif/index.php?id=1495;https://documents1.worldbank.org/curated/en/099011725115522033/pdf/BOSIB-1b28ddee-3cc9-4cee-b588-d6971d933cfd.pdf;https://www.unesco.org/en/legal-affairs/recommendation-open-educational-resources-oer?hub=422;https://www.w3.org/TR/WCAG22/,COM_CENSUS_2017: island population tables; COM_ED_LANG: education-language sections; COM_WB_2025: education and digital-access sections; OER_UNESCO_2019: Definition I.1 and areas of action; WCAG_22: Conformance requirements and Success Criteria,Island territorial ceiling only. The three island ceilings are different geographies but not speaker counts; Comorian varieties and scripts must not be collapsed or treated as fully mutually substitutable.,,EVIDENCE_ONLY_CONTEXT,false,28447148b395cf1907c4a83888b9ecb61c0b6194ed98b541a06964a06b0d2086
regional:OCEANIA_CENTRAL_ASIA_EMPIRICAL_INPUTS:wni-Latn-KM-NDZ:307,OCEANIA_CENTRAL_ASIA_EMPIRICAL_INPUTS,wni-Latn-KM-NDZ,,REGIONAL_EMPIRICAL_STRATUM,island_territorial_exposure_ceiling,persons,,,327382,2017 resident population of the named island retained only as a maximum exposure ceiling for Shindzuani.,2017,"Comoros, Ndzuani (Anjouan)",Latin orthography; Arabic-script religious/domain materials separately tagged,COM_CENSUS_2017;COM_ED_LANG;COM_WB_2025;OER_UNESCO_2019;WCAG_22,https://www.inseed-comores.org/wp-content/uploads/2024/02/RAPPORT-RESULTATS-GLOBAUX_COMORES-DU-RGPH-2017.pdf;https://publications-prairial.fr/rif/index.php?id=1495;https://documents1.worldbank.org/curated/en/099011725115522033/pdf/BOSIB-1b28ddee-3cc9-4cee-b588-d6971d933cfd.pdf;https://www.unesco.org/en/legal-affairs/recommendation-open-educational-resources-oer?hub=422;https://www.w3.org/TR/WCAG22/,COM_CENSUS_2017: island population tables; COM_ED_LANG: education-language sections; COM_WB_2025: education and digital-access sections; OER_UNESCO_2019: Definition I.1 and areas of action; WCAG_22: Conformance requirements and Success Criteria,Island territorial ceiling only. The three island ceilings are different geographies but not speaker counts; Comorian varieties and scripts must not be collapsed or treated as fully mutually substitutable.,,EVIDENCE_ONLY_CONTEXT,false,1c46edea4fb141ab9a62b2fbcdb33ea7bf558e6c8b4a766237a92677f56e445c
regional:OCEANIA_CENTRAL_ASIA_EMPIRICAL_INPUTS:zdj-Latn-KM-NGZ:308,OCEANIA_CENTRAL_ASIA_EMPIRICAL_INPUTS,zdj-Latn-KM-NGZ,,REGIONAL_EMPIRICAL_STRATUM,island_territorial_exposure_ceiling,persons,,,379367,2017 resident population of the named island retained only as a maximum exposure ceiling for Shingazidja.,2017,"Comoros, Ngazidja (Grande Comore)",Latin orthography; Arabic-script religious/domain materials separately tagged,COM_CENSUS_2017;COM_ED_LANG;COM_WB_2025;OER_UNESCO_2019;WCAG_22,https://www.inseed-comores.org/wp-content/uploads/2024/02/RAPPORT-RESULTATS-GLOBAUX_COMORES-DU-RGPH-2017.pdf;https://publications-prairial.fr/rif/index.php?id=1495;https://documents1.worldbank.org/curated/en/099011725115522033/pdf/BOSIB-1b28ddee-3cc9-4cee-b588-d6971d933cfd.pdf;https://www.unesco.org/en/legal-affairs/recommendation-open-educational-resources-oer?hub=422;https://www.w3.org/TR/WCAG22/,COM_CENSUS_2017: island population tables; COM_ED_LANG: education-language sections; COM_WB_2025: education and digital-access sections; OER_UNESCO_2019: Definition I.1 and areas of action; WCAG_22: Conformance requirements and Success Criteria,Island territorial ceiling only. The three island ceilings are different geographies but not speaker counts; Comorian varieties and scripts must not be collapsed or treated as fully mutually substitutable.,,EVIDENCE_ONLY_CONTEXT,false,370c72e7ab4734191023c6e0dbe57776ea2f013f7d1aa6858babc71dbc16f08c
regional:OCEANIA_CENTRAL_ASIA_EMPIRICAL_INPUTS:zza-Latn-TR:309,OCEANIA_CENTRAL_ASIA_EMPIRICAL_INPUTS,zza-Latn-TR,,REGIONAL_EMPIRICAL_STRATUM,peer_reviewed_secondary_estimate_range,persons,1000000,,2000000,PARME Table A.1 and VarDial literature report approximately 1–2 million speakers; no midpoint is manufactured.,2025,Türkiye,Latin Zazaki orthographies; dialect/standard variants separately tagged,PARME_ACL_2025;ZAZAKI_VARDIAL;OER_UNESCO_2019;WCAG_22,https://aclanthology.org/2025.acl-long.1451.pdf;https://aclanthology.org/2020.vardial-1.7.pdf;https://www.unesco.org/en/legal-affairs/recommendation-open-educational-resources-oer?hub=422;https://www.w3.org/TR/WCAG22/,"PARME_ACL_2025: Table A.1 and Appendix A; ZAZAKI_VARDIAL: introduction, population/endangerment and corpus sections; OER_UNESCO_2019: Definition I.1 and areas of action; WCAG_22: Conformance requirements and Success Criteria","Rounded estimate range, not census or script readers; no midpoint. Zazaki must not be collapsed into Kurmanji or generic Kurdish.",,EVIDENCE_ONLY_CONTEXT,false,09afc04682c351c3a3fca534a76e2d03fa79ffba046e8fe4a977622f6ea59580
regional:cmn-cn-putonghua-rate-2020,v2_population,REG-CMN-CN-SPOKEN-RATE-2020,edition-target:lang:cmn-CN:spoken,POPULATION_OR_CONTEXT,reported_ability_rate,percent,,80.72,,Reported Putonghua communicative-ability rate; no compatible person denominator in the cited press locator,2020,,,SRC_AUDIT_GLOBAL_LARGE_LANGUAGE_CONTROLS,,,nonadditive_rate_context,CN_PUTONGHUA_2020,V2_CANONICAL_EVIDENCE,false,d503153d0ca5d42fa5942d10c00e18a683dcf506f5999af20ecca21a4bde1471
regional:ja-jp-nationality-exposure-2024,v2_population,REG-JA-JP-NATIONALS-2024,edition-target:lang:ja-Jpan-JP,POPULATION_OR_CONTEXT,nationality_exposure_ceiling,persons,,,120296000,Japanese nationals in Japan; administrative exposure definition and not language ability,2024,,,SRC_AUDIT_GLOBAL_LARGE_LANGUAGE_CONTROLS,,,alternative_exposure_definition,JA_JP_EXPOSURE_2024,V2_CANONICAL_EVIDENCE,false,1f0944f3e348c363f0fcc84fae08990421581542f24b20d28f3279a7c24de5ae
regional:ja-jp-resident-exposure-2024,v2_population,REG-JA-JP-RESIDENTS-2024,edition-target:lang:ja-Jpan-JP,POPULATION_OR_CONTEXT,resident_exposure_ceiling,persons,,,123802000,Total residents of Japan; administrative exposure definition and not language ability,2024,,,SRC_AUDIT_GLOBAL_LARGE_LANGUAGE_CONTROLS,,,alternative_exposure_definition,JA_JP_EXPOSURE_2024,V2_CANONICAL_EVIDENCE,false,3336dbca4d7c70cc849a15774509afc50ab0589e1485606190b65d43426c6644
regional:ru-ru-ability-item-respondents-2021,v2_population,REG-RU-RU-RESPONSE-DENOM-2021,edition-target:lang:ru-Cyrl-RU,POPULATION_OR_CONTEXT,survey_response_denominator,persons,135125671,135125671,135125671,Persons answering the Russian Federation census language-ability item,2021,,,SRC_AUDIT_GLOBAL_LARGE_LANGUAGE_CONTROLS,,,denominator_context_only,RU_CENSUS_LANGUAGE_2021,V2_CANONICAL_EVIDENCE,false,76e0cbc03b051271203f68a0f4feb6c1a4b098775ef6b1aedc5c037692728f84
regional:ru-ru-daily-use-2021,v2_population,REG-RU-RU-DAILY-2021,edition-target:lang:ru-Cyrl-RU,POPULATION_OR_CONTEXT,daily_use,persons,132317159,132317159,132317159,Persons reporting daily use of Russian in the 2020 Census referenced to 1 October 2021,2021,,,SRC_AUDIT_GLOBAL_LARGE_LANGUAGE_CONTROLS,,,alternative_overlapping_endpoint,RU_CENSUS_LANGUAGE_2021,V2_CANONICAL_EVIDENCE,false,92558c96ecc010ff4a9477c2d6ab8da98882d4c5cf072b993337860b398ec073
regional:ru-ru-reported-ability-2021,v2_population,REG-RU-RU-ABILITY-2021,edition-target:lang:ru-Cyrl-RU,POPULATION_OR_CONTEXT,reported_ability,persons,134319233,134319233,134319233,Persons reporting Russian ability in the 2020 Census referenced to 1 October 2021,2021,,,SRC_AUDIT_GLOBAL_LARGE_LANGUAGE_CONTROLS,,,alternative_overlapping_endpoint,RU_CENSUS_LANGUAGE_2021,V2_CANONICAL_EVIDENCE,false,e482a431494c0fef6dc785207e435cf0c86990a0b7b14325945936f8db7267e1
regional:tr-tr-resident-ceiling-2024,v2_population,REG-TR-TR-RESIDENT-2024,edition-target:lang:tr-Latn-TR,POPULATION_OR_CONTEXT,territorial_exposure_ceiling,persons,,,85664944,Registered population of Turkiye; a territorial ceiling and not a Turkish-user count,2024,,,SRC_AUDIT_GLOBAL_LARGE_LANGUAGE_CONTROLS,,,alternative_construct,TR_TR_CONTEXT,V2_CANONICAL_EVIDENCE,false,5e3017f71fbcd10288fe99c8dfdc661f1ab85e6f951d1b71c6452cca135ec5af
regional:tr-tr-speaker-lower-bound,v2_population,REG-TR-TR-SPEAKER-CONTEXT,edition-target:lang:tr-Latn-TR,POPULATION_OR_CONTEXT,rounded_speaker_lower_bound,persons,80000000,,,Peer-reviewed rounded statement that Turkish is spoken by more than 80 million people mainly in Turkiye,n.d.,,,SRC_AUDIT_GLOBAL_LARGE_LANGUAGE_CONTROLS,,,alternative_construct,TR_TR_CONTEXT,V2_CANONICAL_EVIDENCE,false,1d4d0f1636dde3ff7e4549413c3ab4ecac00a4d203be1d89994a36d7999d9f7a
regional:zh-hant-hk-ceiling-2021,v2_population,REG-ZH-HANT-HK-CEILING-2021,edition-target:lang:zh-Hant-HK:written,POPULATION_OR_CONTEXT,territorial_written_standard_exposure_ceiling,persons,,,7413070,Hong Kong census population; ceiling only and not a reader count,2021,,,SRC_AUDIT_GLOBAL_LARGE_LANGUAGE_CONTROLS,,,territory_disjoint_context,ZH_HANT_TERRITORIES,V2_CANONICAL_EVIDENCE,false,6335b27125c342cb0a036e2817370c0ccbfbce75aaf0103b80b6ef2f40be06b0
regional:zh-hant-mo-ceiling-2021,v2_population,REG-ZH-HANT-MO-CEILING-2021,edition-target:lang:zh-Hant-MO:written,POPULATION_OR_CONTEXT,territorial_written_standard_exposure_ceiling,persons,,,682070,Macao census population; ceiling only and not a reader count,2021,,,SRC_AUDIT_GLOBAL_LARGE_LANGUAGE_CONTROLS,,,territory_disjoint_context,ZH_HANT_TERRITORIES,V2_CANONICAL_EVIDENCE,false,878062d2288855ca8025f3cbd4eb1eaa3f52d99bd6ebe28035f7829860325966
regional:zh-hant-tw-ceiling-2020,v2_population,REG-ZH-HANT-TW-CEILING-2020,edition-target:lang:zh-Hant-TW:written,POPULATION_OR_CONTEXT,territorial_written_standard_exposure_ceiling,persons,,,23561236,Taiwan registered population; ceiling only and not a reader count,2020,,,SRC_AUDIT_GLOBAL_LARGE_LANGUAGE_CONTROLS,,,territory_disjoint_context,ZH_HANT_TERRITORIES,V2_CANONICAL_EVIDENCE,false,f0d146fe58a9b14344a61ac37cea7e07c3387b42649189164052f55c46b34045
signed:AC-AT-GLOBAL-2022-DENIED,v2_signed_accessibility,AC-AT-GLOBAL-2022-DENIED,,access_gap,nearly,persons,,1000000000,,People needing one or more assistive products who lack access.,2022,Global,,source:signed:ac-at-global-2022-denied,https://www.who.int/news/item/16-05-2022-almost-one-billion-children-and-adults-with-disabilities-and-older-persons-in-need-of-assistive-technology-denied-access--according-to-new-report,,nested_subset_not_additive,GLOBAL_ASSISTIVE_TECHNOLOGY,ACCESSIBILITY_OVERLAY_NONADDITIVE,false,dcf6918e2307bdbab2bae25a3c127d9509e525142210fb156fa04a668a38b488
signed:AC-AT-GLOBAL-2022-NEED,v2_signed_accessibility,AC-AT-GLOBAL-2022-NEED,,broad_population_context,more_than,persons,,2500000000,,"Need for one or more assistive products across mobility, hearing, self-care, vision, cognition, and communication.",2022,Global,,source:signed:ac-at-global-2022-need,https://www.who.int/news/item/16-05-2022-almost-one-billion-children-and-adults-with-disabilities-and-older-persons-in-need-of-assistive-technology-denied-access--according-to-new-report,,person_overlay_not_additive,GLOBAL_ASSISTIVE_TECHNOLOGY,ACCESSIBILITY_OVERLAY_NONADDITIVE,false,c2796ec32b81e3491953122e9ec7e73276e8b49ecb739e82a7f81e2384d7225a
signed:AC-AUDIO-US-NLS-FY2024,v2_signed_accessibility,AC-AUDIO-US-NLS-FY2024,,observed_service_use,reported,readers,,,,Readers served using audio; NLS digital talking-book players support DAISY/ANSI-NISO formats.,FY2024,United States NLS service,,source:signed:ac-audio-us-nls-fy2024,https://www.loc.gov/static/portals/about/reports-and-budgets/documents/annual-reports/fy2024.pdf,,service_categories_overlap,US_NLS_FY2024_READERSHIP,SUPPLY_POLICY_UTILIZATION_NONADDITIVE,false,024d1a1fa388517c1cdba8d9cf8696d906c1ab76d15dc0fa1db20acdff285f97
signed:AC-DEMENTIA-GLOBAL-2021,v2_signed_accessibility,AC-DEMENTIA-GLOBAL-2021,,population_need_proxy,estimated,persons,,57000000,,People living with dementia.,2021,Global,,source:signed:ac-dementia-global-2021,https://www.who.int/news-room/fact-sheets/detail/dementia%E2%80%AF,,person_overlay_not_additive,GLOBAL_PLAIN_COGNITIVE_ACCESS,ACCESSIBILITY_OVERLAY_NONADDITIVE,false,ad6cd61cdbfe829f52e3eea0a4aec6296522096a5fff2346240d0c8fa91c6f79
signed:AC-EPUB-GLOBAL-WIPO-ACCESS,v2_signed_accessibility,AC-EPUB-GLOBAL-WIPO-ACCESS,,supply_access_gap,less_than,percent_of_published_materials,,,,Share estimated readable by blind or low-vision people.,current portal; estimate date not stated,Global,,source:signed:ac-epub-global-wipo-access,https://www.wipo.int/en/web/abc/portal/index,,supply_unit_not_person_count,GLOBAL_ACCESSIBLE_PUBLISHING,SUPPLY_POLICY_UTILIZATION_NONADDITIVE,false,8c39fbc0ac589ba6149ea479ac1494b26461273a5de5b2e65866eefa7d8efc83
signed:AC-HOMEINTERNET-YOUTH-GLOBAL-2020,v2_signed_accessibility,AC-HOMEINTERNET-YOUTH-GLOBAL-2020,,population_access_gap,estimated,persons,,2200000000,,No internet connection at home.,2020,Global,,source:signed:ac-homeinternet-youth-global-2020,https://www.unicef.org/media/88381/file/How-many-children-and-young-people-have-internet-access-at-home-2020.pdf,,person_overlay_not_additive,GLOBAL_CONNECTIVITY_ACCESS,ACCESSIBILITY_OVERLAY_NONADDITIVE,false,cccca7e54c69db8f3a3c82c6feb183e7b385af8ca96777bf18a2535b3e6e36fd
signed:AC-HTML-UK-2022-24-INFOREL,v2_signed_accessibility,AC-HTML-UK-2022-24-INFOREL,,supply_access_gap,reported,percent_of_websites,,,,Percentage of tested websites with WCAG 1.3.1 Info and Relationships issues.,2022-2024,United Kingdom public sector,,source:signed:ac-html-uk-2022-24-inforel,https://www.gov.uk/government/publications/accessibility-monitoring-of-public-sector-websites-and-mobile-apps-from-2022-to-2024/accessibility-monitoring-of-public-sector-websites-and-mobile-apps-from-2022-to-2024,,supply_unit_not_person_count,UK_GDS_2022_24_WEB_MONITORING,SUPPLY_POLICY_UTILIZATION_NONADDITIVE,false,690469ae408968c8569cb6b887592556644ef9b1724d70045864d23893b954d9
signed:AC-LITERACY-GLOBAL-2025,v2_signed_accessibility,AC-LITERACY-GLOBAL-2025,,population_need_proxy,estimated,persons,,739000000,,Adults lacking basic literacy skills under UIS reporting.,2025,Global,,source:signed:ac-literacy-global-2025,https://www.unesco.org/en/literacy?hub=68243,,person_overlay_not_additive,GLOBAL_PLAIN_COGNITIVE_ACCESS,ACCESSIBILITY_OVERLAY_NONADDITIVE,false,69d2200798c4f04b4231f0be48cbafccc7b47f6c4ce48198c2b83b7218dff479
signed:AC-LITERACY-OECD-PIAAC2023,v2_signed_accessibility,AC-LITERACY-OECD-PIAAC2023,,population_rate_proxy,average,percent_of_adults,,,,Average share scoring at Level 1 or below on the PIAAC literacy scale.,2023,PIAAC Cycle 2 participating OECD countries,,source:signed:ac-literacy-oecd-piaac2023,https://www.oecd.org/en/topics/literacy-skills.html,,rate_not_person_count,GLOBAL_PLAIN_COGNITIVE_ACCESS,ACCESSIBILITY_OVERLAY_NONADDITIVE,false,674b5e45f781b635a71835b241e4589139c0bcba4cf711bd5874130543abd525
signed:AC-OFFLINE-GLOBAL-ITU2025,v2_signed_accessibility,AC-OFFLINE-GLOBAL-ITU2025,,population_access_gap,estimated,persons,,2200000000,,People not using the Internet under ITU usage concepts.,2025,Global,,source:signed:ac-offline-global-itu2025,https://www.itu.int/en/mediacentre/Pages/PR-2025-11-17-Facts-and-Figures.aspx,,person_overlay_not_additive,GLOBAL_CONNECTIVITY_ACCESS,ACCESSIBILITY_OVERLAY_NONADDITIVE,false,09574ab5ab146b07ce6ba72c1efc76d60cb6159cb1e792ba00875b855d1025c1
signed:AC-PDF-IE-2023,v2_signed_accessibility,AC-PDF-IE-2023,,supply_access_gap,reported,sites,,,,PDF errors accounted for the highest total number of errors on the site.,2023,Ireland public sector,,source:signed:ac-pdf-ie-2023,https://nda.ie/uploads/publications/Monitoring-Report-EU-WAD-Ireland-2023.pdf,,supply_unit_not_person_count,IE_NDA_2023_WEB_MONITORING,SUPPLY_POLICY_UTILIZATION_NONADDITIVE,false,9a2a09d95ae63181409960ebdac9ef230e59a2fd1fc7c79c36feef231b040926
signed:AC-PRINT-UK-2026-POLICY,v2_signed_accessibility,AC-PRINT-UK-2026-POLICY,,delivery_standard,non_quantitative_policy,policy_statement,,,,"Public services should provide supported offline routes including phone lines, paper forms, and face-to-face support where appropriate.",2026,United Kingdom public services,,source:signed:ac-print-uk-2026-policy,https://assets.publishing.service.gov.uk/media/69c563414a06660f085442f4/260326_One_Year_On_Progress_Report_-_Large_Print.pdf,,non_quantitative_standard,OFFLINE_ROUTE_STANDARD,SUPPLY_POLICY_UTILIZATION_NONADDITIVE,false,1dfe7e0e279f48fc757e8196aea7acb428707b641847a523e9d1d428d28355d1
signed:AC-REMOTELEARN-GLOBAL-2020,v2_signed_accessibility,AC-REMOTELEARN-GLOBAL-2020,,population_access_gap,at_least,students,,463000000,,Potentially unreachable due to absent remote-learning policy or equipment at home.,2020,Global,,source:signed:ac-remotelearn-global-2020,https://data.unicef.org/resources/remote-learning-reachability-factsheet/,,person_overlay_not_additive,GLOBAL_CONNECTIVITY_ACCESS,ACCESSIBILITY_OVERLAY_NONADDITIVE,false,5252cb184f92e23ed8e112f6eac8915fb2742c69d4df4d99558cd9ee19852bcd
signed:AC-SCHOOLNET-GLOBAL-LOWSEC-2023,v2_signed_accessibility,AC-SCHOOLNET-GLOBAL-LOWSEC-2023,,institutional_access_rate,reported,percent_of_schools,,,,Share of lower-secondary schools connected to the internet.,2023,Global,,source:signed:ac-schoolnet-global-lowsec-2023,https://gem-report-2023.unesco.org/,,institution_rate_not_person_count,GLOBAL_SCHOOL_CONNECTIVITY_2023,SUPPLY_POLICY_UTILIZATION_NONADDITIVE,false,e781f5ff08b68d0f25993baf7f7894d916a991f90ed355e1ebb639cf22c937b4
signed:AC-SCHOOLNET-GLOBAL-PRIMARY-2023,v2_signed_accessibility,AC-SCHOOLNET-GLOBAL-PRIMARY-2023,,institutional_access_rate,reported,percent_of_schools,,,,Share of primary schools connected to the internet.,2023,Global,,source:signed:ac-schoolnet-global-primary-2023,https://gem-report-2023.unesco.org/,,institution_rate_not_person_count,GLOBAL_SCHOOL_CONNECTIVITY_2023,SUPPLY_POLICY_UTILIZATION_NONADDITIVE,false,53ae3f23f0d79f1da475d96fcd355be034395f24db12095fa0788977ecea1286
signed:AC-SCHOOLNET-GLOBAL-UPSEC-2023,v2_signed_accessibility,AC-SCHOOLNET-GLOBAL-UPSEC-2023,,institutional_access_rate,reported,percent_of_schools,,,,Share of upper-secondary schools connected to the internet.,2023,Global,,source:signed:ac-schoolnet-global-upsec-2023,https://gem-report-2023.unesco.org/,,institution_rate_not_person_count,GLOBAL_SCHOOL_CONNECTIVITY_2023,SUPPLY_POLICY_UTILIZATION_NONADDITIVE,false,1af4f12f8651f1413ab22b0aa4f333a50e2e8810d0346341129f156ba71b5d79
signed:AC-VISION-GLOBAL-2020-BLIND,v2_signed_accessibility,AC-VISION-GLOBAL-2020-BLIND,,population_need_proxy,estimated,persons,,43300000,,Blindness under vision-impairment definitions cited by the GBD study.,2020,Global,,source:signed:ac-vision-global-2020-blind,https://www.emro.who.int/emhj-volume-29-2023/volume-29-issue-6/systematic-review-and-meta-analysis-of-childhood-visual-impairment-in-the-eastern-mediterranean-region.html,,person_overlay_not_additive,GLOBAL_VISUAL_ACCESS,ACCESSIBILITY_OVERLAY_NONADDITIVE,false,e985e60e9c237edbaec9696dc08660dac1639ef270a28552ed298d2ac25b3f8a
signed:AC-VISION-GLOBAL-2026-BROAD,v2_signed_accessibility,AC-VISION-GLOBAL-2026-BROAD,,broad_population_context,at_least,persons,,2200000000,,People with near or distance vision impairment.,2026,Global,,source:signed:ac-vision-global-2026-broad,https://www.who.int/news-room/fact-sheets/detail/blindness-and-visual-impairment,,person_overlay_not_additive,GLOBAL_VISUAL_ACCESS,ACCESSIBILITY_OVERLAY_NONADDITIVE,false,06377ecc16f4a6bd68aec2d672750cc3b0488ad87a7d2500943fd710b52a5da9
signed:SL-ASL-CA-2021-KNOW,v2_signed_accessibility,SL-ASL-CA-2021-KNOW,edition-target:lang:ase-CA,language_user_measure,census_sample_estimate,persons,,37620,,Reported ASL among languages the person could use well enough to conduct a conversation.,2021,Canada,,source:signed:sl-asl-ca-2021-know,https://www12.statcan.gc.ca/census-recensement/2021/dp-pd/prof/details/page.cfm?DGUIDlist=2021A000011124&GENDERlist=1&HEADERlist=0&Lang=E&STATISTIClist=1%2C4,,multiple_response_overlay,CA_2021_KNOWLEDGE_LANGUAGES,DIRECT_TARGET_ONLY,false,9fbba8e250439794e6c8fd5d6799432a894225ec512b507d96e04dd978ed2893
signed:SL-ASL-US-GAP,v2_signed_accessibility,SL-ASL-US-GAP,edition-target:lang:ase-US,official_data_gap,not_available,persons,,,,ACS language questions are not designed to identify ASL users and cannot provide separate ASL-use data.,current ACS design,United States,,source:signed:sl-asl-us-gap,https://www.census.gov/topics/population/language-use/about/faqs.html,,not_additive_gap,ASL_US_DATA_GAP,PROXY_OR_GAP_NO_INHERITANCE,false,3292e66121ed8d944d9ed5c6c473d11ff950262803b055509eb482971749932c
signed:SL-AUSLAN-AU-2021-HOME,v2_signed_accessibility,SL-AUSLAN-AU-2021-HOME,edition-target:lang:asf-AU,language_user_measure,census_count_with_perturbation,persons,,16242,,Main non-English language used at home; 2021 form explicitly included sign languages and accepted one response.,2021,Australia,,source:signed:sl-auslan-au-2021-home,https://www.abs.gov.au/census/find-census-data/quickstats/2021/AUS,,single_response_home_language,AU_2021_MAIN_NONENGLISH_HOME_LANGUAGE,DIRECT_TARGET_ONLY,false,3d17ac5287b1f5548323d0a45725235d822c64f6d5468078a890b00cf025c950
signed:SL-BSL-ENG-2021-MAIN,v2_signed_accessibility,SL-BSL-ENG-2021-MAIN,edition-target:lang:bfi-GB,language_user_measure,census_count_with_perturbation,persons,,20739,,British Sign Language reported as main language.,2021,England,,source:signed:sl-bsl-eng-2021-main,"https://api.beta.ons.gov.uk/v1/datasets/TS024/editions/2021/versions/3/json?area-type=ctry,E92000001",,mutually_exclusive_within_same_main_language_table,GB_2021_MAIN_LANGUAGE,DIRECT_TARGET_ONLY,false,6325ae710e10e799ce40fe94313bc31b84e5fcc408c373d08c3f6757518fc95b
signed:SL-BSL-NIR-2021-MAIN,v2_signed_accessibility,SL-BSL-NIR-2021-MAIN,edition-target:lang:bfi-GB,language_user_measure,commissioned_census_table_sum,persons,,539,,British Sign Language reported as main language; total summed across religion columns.,2021,Northern Ireland,,source:signed:sl-bsl-nir-2021-main,https://www.nisra.gov.uk/publications/ct0041-main-language-sign-language-religion,,mutually_exclusive_within_same_main_language_table,GB_2021_MAIN_LANGUAGE,DIRECT_TARGET_ONLY,false,b37ab63b33d0d64d8f353b1a8e950dc4dda35dfa77d650b2549641274879115f
signed:SL-BSL-SCT-2022-CANUSE,v2_signed_accessibility,SL-BSL-SCT-2022-CANUSE,edition-target:lang:bfi-GB,language_user_measure,published_rounded,persons,,117300,,Affirmative response to whether the person can use BSL.,2022,Scotland,,source:signed:sl-bsl-sct-2022-canuse,https://www.scotlandscensus.gov.uk/2022-reports/scotland-s-census-2022-ethnic-group-national-identity-language-and-religion/,,multiple_response_ability_overlay,SCT_2022_BSL_CANUSE,DIRECT_TARGET_ONLY,false,bbd069cd53ffcd0f1a4151089d12ceac83f2b834f63e57d6c3623e6dc74ce56a
signed:SL-BSL-WLS-2021-MAIN,v2_signed_accessibility,SL-BSL-WLS-2021-MAIN,edition-target:lang:bfi-GB,language_user_measure,census_count_with_perturbation,persons,,893,,British Sign Language reported as main language.,2021,Wales,,source:signed:sl-bsl-wls-2021-main,"https://api.beta.ons.gov.uk/v1/datasets/TS024/editions/2021/versions/3/json?area-type=ctry,W92000004",,mutually_exclusive_within_same_main_language_table,GB_2021_MAIN_LANGUAGE,DIRECT_TARGET_ONLY,false,6f2102fbbd3951f84def37c2dbb54d6cdba244a2b61becefc06dc38eaac064f9
signed:SL-CSL-CN-2025-HEARING-PROXY,v2_signed_accessibility,SL-CSL-CN-2025-HEARING-PROXY,edition-target:lang:csl-CN,need_proxy,case_claim,persons,,27800000,,Target population stated for an AI sign-translation deployment case.,2025,China,,source:signed:sl-csl-cn-2025-hearing-proxy,https://www.nda.gov.cn/sjj/zhuanti/sjbz/0520/20250520203734249576249_pc.html,,proxy_not_additive,CN_HEARING_IMPAIRMENT_PROXY,PROXY_OR_GAP_NO_INHERITANCE,false,28405626e6112226580e8bc771f44a48c44528d38514198660867860baaab2c9
signed:SL-DGS-DE-2007-INTERP-PROXY,v2_signed_accessibility,SL-DGS-DE-2007-INTERP-PROXY,edition-target:lang:gsg-DE,need_proxy,approximately_association_estimate,persons,,100000,,German Deaf Association estimate relayed by a Bundestag report: people dependent on sign-language interpreters.,2007,Germany,,source:signed:sl-dgs-de-2007-interp-proxy,https://dserver.bundestag.de/btd/16/138/1613860.pdf,,proxy_not_additive,DE_SIGN_INTERPRETER_NEED_PROXY,PROXY_OR_GAP_NO_INHERITANCE,false,d24ec249d8206d5b2b1172457786ed2ac63befe021047966e51dbe66c7c8408d
signed:SL-IRSL-IE-2011-HOME,v2_signed_accessibility,SL-IRSL-IE-2011-HOME,edition-target:lang:isg-IE,language_user_measure,census_count,persons,,2590,,Irish Sign Language reported in the Census language-at-home response.,2011,Ireland,,source:signed:sl-irsl-ie-2011-home,https://www.cso.ie/en/media/csoie/census/documents/census2011profile8/Profile_8_Full_document.pdf,,home_language_restricted,IE_CEN2011_SIGN_LANGUAGE_HOME,DIRECT_TARGET_ONLY,false,87180482bfd50cccb6893c73c81d22925d0dc0f8ae4e8160596451f66c8491b3
signed:SL-ISLINDIA-IN-2011-HEARING-PROXY,v2_signed_accessibility,SL-ISLINDIA-IN-2011-HEARING-PROXY,edition-target:lang:ins-IN,need_proxy,reported,percent,,,,Share of persons with disabilities reported as having hearing disabilities.,2011,India,,source:signed:sl-islindia-in-2011-hearing-proxy,https://www.pib.gov.in/PressReleasePage.aspx?PRID=2110150&lang=2&reg=48,,proxy_not_additive,IN_CEN2011_DISABILITY,PROXY_OR_GAP_NO_INHERITANCE,false,b55f653a33f7ea67b25161204dc90031b39f75e9834184c87ac2f041402c78da
signed:SL-JSL-JP-2006-SIGNMEDIATED,v2_signed_accessibility,SL-JSL-JP-2006-SIGNMEDIATED,edition-target:lang:jsl-JP,need_proxy,approximately,persons,,65000,,Uses sign language or sign-language interpretation as a communication means.,2006,Japan,,source:signed:sl-jsl-jp-2006-signmediated,https://www.mhlw.go.jp/bunya/shougaihoken/cyousajigyou/jiritsushien_project/seika/research_09/dl/result/11-07c.pdf,,restricted_need_proxy_not_language_count,JP_2006_HEARING_DISABLED_COMMUNICATION,PROXY_OR_GAP_NO_INHERITANCE,false,56121c9cb252a5994a149136c8d9bbde4f8b83bacf8f7cde47bd3251362e4617
signed:SL-LIBRAS-BR-2019-KNOW,v2_signed_accessibility,SL-LIBRAS-BR-2019-KNOW,edition-target:lang:bzs-BR,language_user_measure,approximately,persons,,153000,,Self/proxy report of knowing how to use Libras.,2019,Brazil,,source:signed:sl-libras-br-2019-know,https://www.ibge.gov.br/biblioteca/visualizacao/livros/liv101846.pdf,,restricted_population_overlay,BR_PNS2019_HEARING_DIFFICULTY_AGE5_40,DIRECT_TARGET_ONLY,false,f9c0960e8c50211c6556c1e44760ed45ead17eb62ef3d2e99d39e4109211c5f0
signed:SL-LSF-FR-1998-99-USE,v2_signed_accessibility,SL-LSF-FR-1998-99-USE,edition-target:lang:fsl-FR,language_user_measure,approximately,persons,,119000,,"Reported using sign language; report section discusses LSF and includes 44,000 people with hearing impairment plus 75,000 without declared hearing impairment.",1998-1999,Metropolitan France,,source:signed:sl-lsf-fr-1998-99-use,https://drees.solidarites-sante.gouv.fr/sites/default/files/2020-10/dtee71.pdf,,already_union_total,FR_HID1998_99_SIGN_USE,QUALIFIED_CONTEXT_NO_INHERITANCE,false,6e276df685762b539c06161dd0dceb229e4068d3926a47a361aa0019b1ff3da8
signed:SL-LSQ-CA-2021-KNOW,v2_signed_accessibility,SL-LSQ-CA-2021-KNOW,edition-target:lang:fcs-CA,language_user_measure,census_sample_estimate,persons,,6195,,Reported LSQ among languages the person could use well enough to conduct a conversation.,2021,Canada,,source:signed:sl-lsq-ca-2021-know,https://www12.statcan.gc.ca/census-recensement/2021/dp-pd/prof/details/page.cfm?DGUIDlist=2021A000011124&GENDERlist=1&HEADERlist=0&Lang=E&STATISTIClist=1%2C4,,multiple_response_overlay,CA_2021_KNOWLEDGE_LANGUAGES,DIRECT_TARGET_ONLY,false,76cc1a9f65e2186b106d7570f1ce9a808463b11469f895e44a74c00cfe87044c
signed:SL-NZSL-NZ-2023-CANUSE,v2_signed_accessibility,SL-NZSL-NZ-2023-CANUSE,edition-target:lang:nzs-NZ,language_user_measure,randomly_rounded_census_count,persons,,24678,,NZSL among languages a person can speak or use; up to six responses allowed.,2023,New Zealand,,source:signed:sl-nzsl-nz-2023-canuse,https://tools.summaries.stats.govt.nz/ethnic-group/pacific-peoples-not-further-defined,,multiple_response_overlay,NZ_2023_LANGUAGES_SPOKEN,DIRECT_TARGET_ONLY,false,14c3c4c95daef3f84c091b225126fb6099d370fd3061dc34f6e2e3e564849816
signed:SL-SPAIN-SIGN-2020-USE,v2_signed_accessibility,SL-SPAIN-SIGN-2020-USE,,language_user_measure,survey_estimate_from_thousands,persons,,27300,,"Reported use of lengua de signos; survey table does not separate Spanish, Catalan, or other sign languages.",2020,Spain,,source:signed:sl-spain-sign-2020-use,https://www.ine.es/jaxi/Tabla.htm?L=0&tpx=51816,,restricted_population_overlay,ES_EDAD2020_HEARING_DISABILITY_AGE6PLUS,QUALIFIED_CONTEXT_NO_INHERITANCE,false,793d7b3d92144e5d74340a2150a18da6a2903e5b2f04857663fd3357adc19299
supplement:bn-Beng-IN-reported-L123-2011,large_population_supplement_v1,bn-Beng-IN-reported-L123-2011,edition-target:lang:bn-Beng-IN,LARGE_POPULATION_SUPPLEMENT,exact_census_reported_first_second_third_language_total,persons,,107472243,,"National sum of Bengali in the first-language/mother-tongue group (97237669), first subsidiary-language/L2 (9095810), and second subsidiary-language/L3 (1138764) positions.",2011,"India, national Census 2011 state code 00",Bengali; Bengali script literacy not measured by C-17,LPOS_IN_C17_2011,https://censusindia.gov.in/nada/index.php/catalog/10262/download/13374/DDW-C17-0000.XLSX,"Sheet1, state code 00; Bengali first-language total 97237669, L2 sum 9095810, L3 sum 1138764.","Do not add to the raw Bengali L1 row, Bangladesh proxy, or cross-country package total; it is an overlapping alternative endpoint.",,ALTERNATIVE_MEASURE_ATTACHED,false,8b55b244930926c4a5862f52e7dc39611b830879c85e9ca7f427679d79bcde16
supplement:en-Latn-ET-secondary-higher-exposure-2025,large_population_supplement_v1,en-Latn-ET-secondary-higher-exposure-2025,edition-target:supplement:en-Latn-ET-secondary-higher-exposure-2025,LARGE_POPULATION_SUPPLEMENT,modelled_territorial_stage_limited_education_language_exposure_ceiling,persons,,,135472051,World Development Indicators 2025 population retained only as a maximum territorial context for the policy assigning English to secondary and higher education; actual stage participants are a smaller unmeasured subset.,2025 population; education policy 1994,Ethiopia,English; Latin script; secondary and higher-education medium under national policy,LPOS_WDI_ETH_POP_2025;LPOS_ET_EDUCATION_POLICY,https://api.worldbank.org/v2/country/ETH/indicator/SP.POP.TOTL?date=2025&format=json;https://www.moe.gov.et/storage/Books/Ethiopia%20Education%20and%20Training%20Policy.pdf,"WDI 2025 Ethiopia population 135472051; Education and Training Policy clauses 3.5.4-3.5.7, including English as medium for secondary and higher education.",Stage-limited ceiling only. Never assign all residents to English or add Amharic/Oromo/Tigrinya/other language cohorts.,,NEW_SUPPLEMENT_EDITION_EVIDENCE,false,076a1229ff0030a7f50140b30bb82f780124d97c152a59cb8eae49f7240a9300
supplement:en-Latn-IN-reported-L123-2011,large_population_supplement_v1,en-Latn-IN-reported-L123-2011,edition-target:supplement:en-Latn-IN-reported-L123-2011,LARGE_POPULATION_SUPPLEMENT,exact_census_reported_first_second_third_language_total,persons,,128539090,,"National sum of English recorded as mother tongue/first language (259678), first subsidiary language/L2 (82717239), or second subsidiary language/L3 (45562173) in Census C-17.",2011,"India, national Census 2011 state code 00","English; Latin script; reported language knowledge position, not tested proficiency",LPOS_IN_C17_2011,https://censusindia.gov.in/nada/index.php/catalog/10262/download/13374/DDW-C17-0000.XLSX,"Sheet1, state code 00, rows 7-24766; English L1 row 13485 columns D/E; sum column J where I=ENGLISH; sum column O where N=ENGLISH.",Exact for the 2011 census table construct only; stale for current population and not a tested or academic-proficiency count.,,NEW_SUPPLEMENT_EDITION_EVIDENCE,false,1887703b43780ac4f39f859aa6a5a4868ddb57a9e9011c7353f4bb08f82534e2
supplement:en-Latn-NG-education-exposure-2025,large_population_supplement_v1,en-Latn-NG-education-exposure-2025,edition-target:supplement:en-Latn-NG-education-exposure-2025,LARGE_POPULATION_SUPPLEMENT,modelled_territorial_education_language_exposure_ceiling,persons,,,237527782,World Development Indicators 2025 population retained only as an upper national English-instruction exposure context after the federal reaffirmation of English as medium across levels; not an English-user count.,2025,Nigeria,English; Latin script; official medium of instruction across levels under 2025 policy,LPOS_WDI_NGA_POP_2025;LPOS_NG_ENGLISH_POLICY_2025,https://api.worldbank.org/v2/country/NGA/indicator/SP.POP.TOTL?date=2025&format=json;https://fmino.gov.ng/fg-reaffirms-english-as-medium-of-instruction-launches-inclusive-language-policy-to-promote-national-unity/,WDI 2025 Nigeria population 237527782; 69th National Council on Education decision reaffirming English as medium from primary through tertiary.,"The population is a modeled territorial ceiling. Do not add Hausa, Yoruba, Igbo, Fulfulde, Pidgin or other language cohorts and do not infer English proficiency.",,NEW_SUPPLEMENT_EDITION_EVIDENCE,false,feb9c75f49398408119c99833a5bb251882cd7d69a9ee87f770bb6591d643bc0
supplement:en-Latn-PH-education-exposure-2024,large_population_supplement_v1,en-Latn-PH-education-exposure-2024,edition-target:supplement:en-Latn-PH-education-exposure-2024,LARGE_POPULATION_SUPPLEMENT,official_census_scope_co_medium_exposure_ceiling,persons,,,112729484,2024 national census population retained only as an upper exposure ceiling for English under the Filipino/English medium-of-instruction framework; not an English-user count.,2024,Philippines,English; Latin script; formal education medium,LPOS_PH_PSA_POPCEN_2024;LPOS_PH_RA12027_2024,https://psa.gov.ph/statistics/population-and-housing/node/1684077791;https://lawphil.net/statutes/repacts/ra2024/ra_12027_2024.html,"PSA total population 112729484 as of 2024-07-01; RA 12027 medium of instruction reverts to Filipino and English, with bounded mother-tongue/auxiliary-language provisions.",Non-additive with Filipino and regional-language exposure rows; never treat all residents as English users.,,NEW_SUPPLEMENT_EDITION_EVIDENCE,false,b38f5fba57b2b457b0d0a855e6fbc22aa0c8273346ea1b0a463d5b2a539de489
supplement:en-Latn-PK-education-exposure-2023,large_population_supplement_v1,en-Latn-PK-education-exposure-2023,edition-target:supplement:en-Latn-PK-education-exposure-2023,LARGE_POPULATION_SUPPLEMENT,official_census_scope_education_language_exposure_ceiling,persons,,,240458089,2023 detailed-demographic census population retained only as a maximum national English education-language exposure context; not an English-user or learner count.,2023,Pakistan detailed-demographic census scope: four provinces plus Islamabad Capital Territory,English; Latin script; subject and cross-curricular medium varies by province and school,LPOS_PK_PBS_CENSUS_2023;LPOS_PK_NCC_ENGLISH_2021,https://www.pbs.gov.pk/sites/default/files/population/2023/tables/table_11_national.pdf;https://ncc.gov.pk/Detail/MDk3YWE3ZjgtMmM5NS00YzlhLWI2NTAtYWE2NTRmOGFiMmNk,PBS Table 11 national detailed-demographic universe 240458089; National Curriculum Council English curriculum: English is a subject and medium for other disciplines.,"Non-additive with Urdu, Punjabi, Sindhi, Pashto, Balochi and other language rows; never treat the ceiling as English knowledge.",,NEW_SUPPLEMENT_EDITION_EVIDENCE,false,9df3d97a9fa86b6941c12ba36f6c4d0cf3b4c357e2325e8cf3a1915cfd40df6f
supplement:en-Latn-US-home-2023,large_population_supplement_v1,en-Latn-US-home-2023,edition-target:supplement:en-Latn-US-home-2023,LARGE_POPULATION_SUPPLEMENT,official_sample_survey_estimate_home_language_age5plus_90pct_moe,persons,245250680,245472067,245693454,ACS 2023 one-year estimate of people age 5+ who speak only English at home; low/high are the published estimate plus or minus the 90% margin of error.,2023,"United States, 50 states and District of Columbia",spoken/written US English; Latin script; ACS home-language endpoint,LPOS_US_ACS_B16001_2023,https://data.census.gov/table/ACSDT1Y2023.B16001,"ACS 2023 one-year table B16001: speak only English at home age 5+, estimate 245472067, margin of error 221387.",The interval is a published survey-MOE interval for one construct. Do not add multilingual English users or the global 1.5bn mixed-proficiency estimate.,,NEW_SUPPLEMENT_EDITION_EVIDENCE,false,33e75de4355ef42c9a4e0d7dba0fe55a3db154b1e28ebd9edf0dd2afb222b186
supplement:fr-Latn-CD-education-exposure-2025,large_population_supplement_v1,fr-Latn-CD-education-exposure-2025,edition-target:supplement:fr-Latn-CD-education-exposure-2025,LARGE_POPULATION_SUPPLEMENT,modelled_territorial_education_language_exposure_ceiling,persons,,,112832473,World Development Indicators 2025 population retained only as a maximum French education-language exposure context under the national education law; not a French-speaker or learner count.,2025 population; education law 2014,Democratic Republic of the Congo,French; Latin script; language of instruction with national/local-language elementary provisions,LPOS_WDI_COD_POP_2025;LPOS_CD_EDUCATION_LAW_2014,https://api.worldbank.org/v2/country/COD/indicator/SP.POP.TOTL?date=2025&format=json;https://www.leganet.cd/Legislation/Droit%20Public/enseignement/Loi14.004.11.02.2004.htm,WDI 2025 DRC population 112832473; Loi-cadre 14/004: French language of instruction and national/local-language provisions at primary stages.,"Territorial ceiling only. Never assign every resident to French or add Lingala, Congo Swahili, Kikongo ya leta, Tshiluba and other cohorts.",,NEW_SUPPLEMENT_EDITION_EVIDENCE,false,229ad028bd64d6843582892d216d9cf29c4cc8e1c63dd968e2879c1137b1dd1a
supplement:mr-Deva-IN-reported-L123-2011,large_population_supplement_v1,mr-Deva-IN-reported-L123-2011,edition-target:lang:mr-Deva-IN,LARGE_POPULATION_SUPPLEMENT,exact_census_reported_first_second_third_language_total,persons,,99058786,,"National sum of Marathi in the first-language/mother-tongue group (83026680), first subsidiary-language/L2 (13001079), and second subsidiary-language/L3 (3031027) positions.",2011,"India, national Census 2011 state code 00",Marathi; Devanagari; script literacy not measured by C-17,LPOS_IN_C17_2011,https://censusindia.gov.in/nada/index.php/catalog/10262/download/13374/DDW-C17-0000.XLSX,"Sheet1, state code 00; Marathi first-language total 83026680, L2 sum 13001079, L3 sum 3031027.",Do not extrapolate to 2026 or convert the 2011 total into an above-100m current count; keep threshold status unresolved.,,ALTERNATIVE_MEASURE_ATTACHED,false,17934d0ddffd17c6b1abb0835a4efe0b0da3fe6311dd0e189c70f804a669f0d6
supplement:te-Telu-IN-reported-L123-2011,large_population_supplement_v1,te-Telu-IN-reported-L123-2011,edition-target:lang:te-Telu-IN,LARGE_POPULATION_SUPPLEMENT,exact_census_reported_first_second_third_language_total,persons,,94501603,,"National sum of Telugu in the first-language/mother-tongue position (81127740), first subsidiary-language/L2 (12167609), and second subsidiary-language/L3 (1206254) positions.",2011,"India, national Census 2011 state code 00",Telugu; Telugu script; script literacy not measured by C-17,LPOS_IN_C17_2011,https://censusindia.gov.in/nada/index.php/catalog/10262/download/13374/DDW-C17-0000.XLSX,"Sheet1, state code 00; Telugu L1 81127740, L2 sum 12167609, L3 sum 1206254.",Do not extrapolate to 2026 or convert the 2011 total into an above-100m current count; keep threshold status unresolved.,,ALTERNATIVE_MEASURE_ATTACHED,false,f1e82127482f99592a524d46273d7d7becabb8ad33da4e4640f97e7c4b9a8a84
