indicator_id,stage,indicator_label_en,country_id,country_name_en,year,value,magnitude,qualifier,footnotes,api_query_url
FHLANGILP.G2T3,early_grades,"Percentage of students in early grades who have their first or home language as language of instruction, both sexes (%)",ALB,Albania,2021,91.8476104736328,,UIS_EST,"[{""subtype"": ""Data sources"", ""type"": ""Source"", ""value"": ""UIS based on PIRLS 2021""}]",https://data.unesco.org/api/explore/v2.1/catalog/datasets/uis001/records?where=indicator_id%3D%27FHLANGILP.G2T3%27&order_by=country_id%2Cyear&limit=100&offset=0
FHLANGILP.G2T3,early_grades,"Percentage of students in early grades who have their first or home language as language of instruction, both sexes (%)",ARE,United Arab Emirates,2021,45.76387023925781,,UIS_EST,"[{""subtype"": ""Data sources"", ""type"": ""Source"", ""value"": ""UIS based on PIRLS 2021""}]",https://data.unesco.org/api/explore/v2.1/catalog/datasets/uis001/records?where=indicator_id%3D%27FHLANGILP.G2T3%27&order_by=country_id%2Cyear&limit=100&offset=0
FHLANGILP.G2T3,early_grades,"Percentage of students in early grades who have their first or home language as language of instruction, both sexes (%)",ARM,Armenia,2019,100.0,,UIS_EST,"[{""subtype"": ""Data sources"", ""type"": ""Source"", ""value"": ""UIS based on TIMSS 2019 G4""}]",https://data.unesco.org/api/explore/v2.1/catalog/datasets/uis001/records?where=indicator_id%3D%27FHLANGILP.G2T3%27&order_by=country_id%2Cyear&limit=100&offset=0
FHLANGILP.G2T3,early_grades,"Percentage of students in early grades who have their first or home language as language of instruction, both sexes (%)",AUS,Australia,2021,81.34188079833984,,UIS_EST,"[{""subtype"": ""Data sources"", ""type"": ""Source"", ""value"": ""UIS based on PIRLS 2021""}]",https://data.unesco.org/api/explore/v2.1/catalog/datasets/uis001/records?where=indicator_id%3D%27FHLANGILP.G2T3%27&order_by=country_id%2Cyear&limit=100&offset=0
FHLANGILP.G2T3,early_grades,"Percentage of students in early grades who have their first or home language as language of instruction, both sexes (%)",AUT,Austria,2021,75.24845886230469,,UIS_EST,"[{""subtype"": ""Data sources"", ""type"": ""Source"", ""value"": ""UIS based on PIRLS 2021""}]",https://data.unesco.org/api/explore/v2.1/catalog/datasets/uis001/records?where=indicator_id%3D%27FHLANGILP.G2T3%27&order_by=country_id%2Cyear&limit=100&offset=0
FHLANGILP.G2T3,early_grades,"Percentage of students in early grades who have their first or home language as language of instruction, both sexes (%)",AZE,Azerbaijan,2021,85.26851654052734,,UIS_EST,"[{""subtype"": ""Data sources"", ""type"": ""Source"", ""value"": ""UIS based on PIRLS 2021""}]",https://data.unesco.org/api/explore/v2.1/catalog/datasets/uis001/records?where=indicator_id%3D%27FHLANGILP.G2T3%27&order_by=country_id%2Cyear&limit=100&offset=0
FHLANGILP.G2T3,early_grades,"Percentage of students in early grades who have their first or home language as language of instruction, both sexes (%)",BDI,Burundi,2014,93.6684112548828,,UIS_EST,"[{""subtype"": ""Data sources"", ""type"": ""Source"", ""value"": ""UIS based on PASEC 2014 G2""}]",https://data.unesco.org/api/explore/v2.1/catalog/datasets/uis001/records?where=indicator_id%3D%27FHLANGILP.G2T3%27&order_by=country_id%2Cyear&limit=100&offset=0
FHLANGILP.G2T3,early_grades,"Percentage of students in early grades who have their first or home language as language of instruction, both sexes (%)",BEL,Belgium,2019,74.66983795166016,,UIS_EST,"[{""subtype"": ""Data sources"", ""type"": ""Source"", ""value"": ""UIS based on TIMSS 2019 G4""}]",https://data.unesco.org/api/explore/v2.1/catalog/datasets/uis001/records?where=indicator_id%3D%27FHLANGILP.G2T3%27&order_by=country_id%2Cyear&limit=100&offset=0
FHLANGILP.G2T3,early_grades,"Percentage of students in early grades who have their first or home language as language of instruction, both sexes (%)",BEN,Benin,2014,1.358934998512268,,UIS_EST,"[{""subtype"": ""Data sources"", ""type"": ""Source"", ""value"": ""UIS based on PASEC 2014 G2""}]",https://data.unesco.org/api/explore/v2.1/catalog/datasets/uis001/records?where=indicator_id%3D%27FHLANGILP.G2T3%27&order_by=country_id%2Cyear&limit=100&offset=0
FHLANGILP.G2T3,early_grades,"Percentage of students in early grades who have their first or home language as language of instruction, both sexes (%)",BFA,Burkina Faso,2014,0.4115602970123291,,UIS_EST,"[{""subtype"": ""Data sources"", ""type"": ""Source"", ""value"": ""UIS based on PASEC 2014 G2""}]",https://data.unesco.org/api/explore/v2.1/catalog/datasets/uis001/records?where=indicator_id%3D%27FHLANGILP.G2T3%27&order_by=country_id%2Cyear&limit=100&offset=0
FHLANGILP.G2T3,early_grades,"Percentage of students in early grades who have their first or home language as language of instruction, both sexes (%)",BGR,Bulgaria,2021,81.9005126953125,,UIS_EST,"[{""subtype"": ""Data sources"", ""type"": ""Source"", ""value"": ""UIS based on PIRLS 2021""}]",https://data.unesco.org/api/explore/v2.1/catalog/datasets/uis001/records?where=indicator_id%3D%27FHLANGILP.G2T3%27&order_by=country_id%2Cyear&limit=100&offset=0
FHLANGILP.G2T3,early_grades,"Percentage of students in early grades who have their first or home language as language of instruction, both sexes (%)",BHR,Bahrain,2021,68.68585205078125,,UIS_EST,"[{""subtype"": ""Data sources"", ""type"": ""Source"", ""value"": ""UIS based on PIRLS 2021""}]",https://data.unesco.org/api/explore/v2.1/catalog/datasets/uis001/records?where=indicator_id%3D%27FHLANGILP.G2T3%27&order_by=country_id%2Cyear&limit=100&offset=0
FHLANGILP.G2T3,early_grades,"Percentage of students in early grades who have their first or home language as language of instruction, both sexes (%)",BIH,Bosnia and Herzegovina,2019,92.71585083007812,,UIS_EST,"[{""subtype"": ""Data sources"", ""type"": ""Source"", ""value"": ""UIS based on TIMSS 2019 G4""}]",https://data.unesco.org/api/explore/v2.1/catalog/datasets/uis001/records?where=indicator_id%3D%27FHLANGILP.G2T3%27&order_by=country_id%2Cyear&limit=100&offset=0
FHLANGILP.G2T3,early_grades,"Percentage of students in early grades who have their first or home language as language of instruction, both sexes (%)",BRA,Brazil,2021,90.81999206542967,,UIS_EST,"[{""subtype"": ""Data sources"", ""type"": ""Source"", ""value"": ""UIS based on PIRLS 2021""}]",https://data.unesco.org/api/explore/v2.1/catalog/datasets/uis001/records?where=indicator_id%3D%27FHLANGILP.G2T3%27&order_by=country_id%2Cyear&limit=100&offset=0
FHLANGILP.G2T3,early_grades,"Percentage of students in early grades who have their first or home language as language of instruction, both sexes (%)",CAN,Canada,2019,75.88186645507812,,UIS_EST,"[{""subtype"": ""Data sources"", ""type"": ""Source"", ""value"": ""UIS based on TIMSS 2019 G4""}]",https://data.unesco.org/api/explore/v2.1/catalog/datasets/uis001/records?where=indicator_id%3D%27FHLANGILP.G2T3%27&order_by=country_id%2Cyear&limit=100&offset=0
FHLANGILP.G2T3,early_grades,"Percentage of students in early grades who have their first or home language as language of instruction, both sexes (%)",CHL,Chile,2019,91.47899627685548,,UIS_EST,"[{""subtype"": ""Data sources"", ""type"": ""Source"", ""value"": ""UIS based on TIMSS 2019 G4""}]",https://data.unesco.org/api/explore/v2.1/catalog/datasets/uis001/records?where=indicator_id%3D%27FHLANGILP.G2T3%27&order_by=country_id%2Cyear&limit=100&offset=0
FHLANGILP.G2T3,early_grades,"Percentage of students in early grades who have their first or home language as language of instruction, both sexes (%)",CIV,Côte d'Ivoire,2014,7.024710178375244,,UIS_EST,"[{""subtype"": ""Data sources"", ""type"": ""Source"", ""value"": ""UIS based on PASEC 2014 G2""}]",https://data.unesco.org/api/explore/v2.1/catalog/datasets/uis001/records?where=indicator_id%3D%27FHLANGILP.G2T3%27&order_by=country_id%2Cyear&limit=100&offset=0
FHLANGILP.G2T3,early_grades,"Percentage of students in early grades who have their first or home language as language of instruction, both sexes (%)",CMR,Cameroon,2014,15.54811000823975,,UIS_EST,"[{""subtype"": ""Data sources"", ""type"": ""Source"", ""value"": ""UIS based on PASEC 2014 G2""}]",https://data.unesco.org/api/explore/v2.1/catalog/datasets/uis001/records?where=indicator_id%3D%27FHLANGILP.G2T3%27&order_by=country_id%2Cyear&limit=100&offset=0
FHLANGILP.G2T3,early_grades,"Percentage of students in early grades who have their first or home language as language of instruction, both sexes (%)",COG,Congo,2014,12.21658039093018,,UIS_EST,"[{""subtype"": ""Data sources"", ""type"": ""Source"", ""value"": ""UIS based on PASEC 2014 G2""}]",https://data.unesco.org/api/explore/v2.1/catalog/datasets/uis001/records?where=indicator_id%3D%27FHLANGILP.G2T3%27&order_by=country_id%2Cyear&limit=100&offset=0
FHLANGILP.G2T3,early_grades,"Percentage of students in early grades who have their first or home language as language of instruction, both sexes (%)",CYP,Cyprus,2021,73.40361785888672,,UIS_EST,"[{""subtype"": ""Data sources"", ""type"": ""Source"", ""value"": ""UIS based on PIRLS 2021""}]",https://data.unesco.org/api/explore/v2.1/catalog/datasets/uis001/records?where=indicator_id%3D%27FHLANGILP.G2T3%27&order_by=country_id%2Cyear&limit=100&offset=0
FHLANGILP.G2T3,early_grades,"Percentage of students in early grades who have their first or home language as language of instruction, both sexes (%)",CZE,Czechia,2021,88.67774200439453,,UIS_EST,"[{""subtype"": ""Data sources"", ""type"": ""Source"", ""value"": ""UIS based on PIRLS 2021""}]",https://data.unesco.org/api/explore/v2.1/catalog/datasets/uis001/records?where=indicator_id%3D%27FHLANGILP.G2T3%27&order_by=country_id%2Cyear&limit=100&offset=0
FHLANGILP.G2T3,early_grades,"Percentage of students in early grades who have their first or home language as language of instruction, both sexes (%)",DEU,Germany,2021,79.00084686279297,,UIS_EST,"[{""subtype"": ""Data sources"", ""type"": ""Source"", ""value"": ""UIS based on PIRLS 2021""}]",https://data.unesco.org/api/explore/v2.1/catalog/datasets/uis001/records?where=indicator_id%3D%27FHLANGILP.G2T3%27&order_by=country_id%2Cyear&limit=100&offset=0
FHLANGILP.G2T3,early_grades,"Percentage of students in early grades who have their first or home language as language of instruction, both sexes (%)",DNK,Denmark,2021,83.44245910644531,,UIS_EST,"[{""subtype"": ""Data sources"", ""type"": ""Source"", ""value"": ""UIS based on PIRLS 2021""}]",https://data.unesco.org/api/explore/v2.1/catalog/datasets/uis001/records?where=indicator_id%3D%27FHLANGILP.G2T3%27&order_by=country_id%2Cyear&limit=100&offset=0
FHLANGILP.G2T3,early_grades,"Percentage of students in early grades who have their first or home language as language of instruction, both sexes (%)",EGY,Egypt,2021,77.59927368164062,,UIS_EST,"[{""subtype"": ""Data sources"", ""type"": ""Source"", ""value"": ""UIS based on PIRLS 2021""}]",https://data.unesco.org/api/explore/v2.1/catalog/datasets/uis001/records?where=indicator_id%3D%27FHLANGILP.G2T3%27&order_by=country_id%2Cyear&limit=100&offset=0
FHLANGILP.G2T3,early_grades,"Percentage of students in early grades who have their first or home language as language of instruction, both sexes (%)",ESP,Spain,2021,70.11923217773438,,UIS_EST,"[{""subtype"": ""Data sources"", ""type"": ""Source"", ""value"": ""UIS based on PIRLS 2021""}]",https://data.unesco.org/api/explore/v2.1/catalog/datasets/uis001/records?where=indicator_id%3D%27FHLANGILP.G2T3%27&order_by=country_id%2Cyear&limit=100&offset=0
FHLANGILP.G2T3,early_grades,"Percentage of students in early grades who have their first or home language as language of instruction, both sexes (%)",FIN,Finland,2021,87.9591293334961,,UIS_EST,"[{""subtype"": ""Data sources"", ""type"": ""Source"", ""value"": ""UIS based on PIRLS 2021""}]",https://data.unesco.org/api/explore/v2.1/catalog/datasets/uis001/records?where=indicator_id%3D%27FHLANGILP.G2T3%27&order_by=country_id%2Cyear&limit=100&offset=0
FHLANGILP.G2T3,early_grades,"Percentage of students in early grades who have their first or home language as language of instruction, both sexes (%)",FRA,France,2021,82.74256896972656,,UIS_EST,"[{""subtype"": ""Data sources"", ""type"": ""Source"", ""value"": ""UIS based on PIRLS 2021""}]",https://data.unesco.org/api/explore/v2.1/catalog/datasets/uis001/records?where=indicator_id%3D%27FHLANGILP.G2T3%27&order_by=country_id%2Cyear&limit=100&offset=0
FHLANGILP.G2T3,early_grades,"Percentage of students in early grades who have their first or home language as language of instruction, both sexes (%)",GEO,Georgia,2021,82.41832733154297,,UIS_EST,"[{""subtype"": ""Data sources"", ""type"": ""Source"", ""value"": ""UIS based on PIRLS 2021""}]",https://data.unesco.org/api/explore/v2.1/catalog/datasets/uis001/records?where=indicator_id%3D%27FHLANGILP.G2T3%27&order_by=country_id%2Cyear&limit=100&offset=0
FHLANGILP.G2T3,early_grades,"Percentage of students in early grades who have their first or home language as language of instruction, both sexes (%)",HKG,"China, Hong Kong Special Administrative Region",2021,59.99074172973633,,UIS_EST,"[{""subtype"": ""Data sources"", ""type"": ""Source"", ""value"": ""UIS based on PIRLS 2021""}]",https://data.unesco.org/api/explore/v2.1/catalog/datasets/uis001/records?where=indicator_id%3D%27FHLANGILP.G2T3%27&order_by=country_id%2Cyear&limit=100&offset=0
FHLANGILP.G2T3,early_grades,"Percentage of students in early grades who have their first or home language as language of instruction, both sexes (%)",HRV,Croatia,2021,90.64700317382812,,UIS_EST,"[{""subtype"": ""Data sources"", ""type"": ""Source"", ""value"": ""UIS based on PIRLS 2021""}]",https://data.unesco.org/api/explore/v2.1/catalog/datasets/uis001/records?where=indicator_id%3D%27FHLANGILP.G2T3%27&order_by=country_id%2Cyear&limit=100&offset=0
FHLANGILP.G2T3,early_grades,"Percentage of students in early grades who have their first or home language as language of instruction, both sexes (%)",HUN,Hungary,2021,95.8813705444336,,UIS_EST,"[{""subtype"": ""Data sources"", ""type"": ""Source"", ""value"": ""UIS based on PIRLS 2021""}]",https://data.unesco.org/api/explore/v2.1/catalog/datasets/uis001/records?where=indicator_id%3D%27FHLANGILP.G2T3%27&order_by=country_id%2Cyear&limit=100&offset=0
FHLANGILP.G2T3,early_grades,"Percentage of students in early grades who have their first or home language as language of instruction, both sexes (%)",IDN,Indonesia,2015,43.7548713684082,,UIS_EST,"[{""subtype"": ""Data sources"", ""type"": ""Source"", ""value"": ""UIS based on TIMSS 2015 G4""}]",https://data.unesco.org/api/explore/v2.1/catalog/datasets/uis001/records?where=indicator_id%3D%27FHLANGILP.G2T3%27&order_by=country_id%2Cyear&limit=100&offset=0
FHLANGILP.G2T3,early_grades,"Percentage of students in early grades who have their first or home language as language of instruction, both sexes (%)",IRL,Ireland,2021,84.9913330078125,,UIS_EST,"[{""subtype"": ""Data sources"", ""type"": ""Source"", ""value"": ""UIS based on PIRLS 2021""}]",https://data.unesco.org/api/explore/v2.1/catalog/datasets/uis001/records?where=indicator_id%3D%27FHLANGILP.G2T3%27&order_by=country_id%2Cyear&limit=100&offset=0
FHLANGILP.G2T3,early_grades,"Percentage of students in early grades who have their first or home language as language of instruction, both sexes (%)",IRN,Iran (Islamic Republic of),2022,67.47885131835938,,UIS_EST,"[{""subtype"": ""Data sources"", ""type"": ""Source"", ""value"": ""UIS based on PIRLS 2021""}]",https://data.unesco.org/api/explore/v2.1/catalog/datasets/uis001/records?where=indicator_id%3D%27FHLANGILP.G2T3%27&order_by=country_id%2Cyear&limit=100&offset=0
FHLANGILP.G2T3,early_grades,"Percentage of students in early grades who have their first or home language as language of instruction, both sexes (%)",ISR,Israel,2022,80.14417266845703,,UIS_EST,"[{""subtype"": ""Data sources"", ""type"": ""Source"", ""value"": ""UIS based on PIRLS 2021""}]",https://data.unesco.org/api/explore/v2.1/catalog/datasets/uis001/records?where=indicator_id%3D%27FHLANGILP.G2T3%27&order_by=country_id%2Cyear&limit=100&offset=0
FHLANGILP.G2T3,early_grades,"Percentage of students in early grades who have their first or home language as language of instruction, both sexes (%)",ITA,Italy,2021,83.98979187011719,,UIS_EST,"[{""subtype"": ""Data sources"", ""type"": ""Source"", ""value"": ""UIS based on PIRLS 2021""}]",https://data.unesco.org/api/explore/v2.1/catalog/datasets/uis001/records?where=indicator_id%3D%27FHLANGILP.G2T3%27&order_by=country_id%2Cyear&limit=100&offset=0
FHLANGILP.G2T3,early_grades,"Percentage of students in early grades who have their first or home language as language of instruction, both sexes (%)",JOR,Jordan,2021,86.82599639892578,,UIS_EST,"[{""subtype"": ""Data sources"", ""type"": ""Source"", ""value"": ""UIS based on PIRLS 2021""}]",https://data.unesco.org/api/explore/v2.1/catalog/datasets/uis001/records?where=indicator_id%3D%27FHLANGILP.G2T3%27&order_by=country_id%2Cyear&limit=100&offset=100
FHLANGILP.G2T3,early_grades,"Percentage of students in early grades who have their first or home language as language of instruction, both sexes (%)",JPN,Japan,2019,98.54778289794922,,UIS_EST,"[{""subtype"": ""Data sources"", ""type"": ""Source"", ""value"": ""UIS based on TIMSS 2019 G4""}]",https://data.unesco.org/api/explore/v2.1/catalog/datasets/uis001/records?where=indicator_id%3D%27FHLANGILP.G2T3%27&order_by=country_id%2Cyear&limit=100&offset=100
FHLANGILP.G2T3,early_grades,"Percentage of students in early grades who have their first or home language as language of instruction, both sexes (%)",KAZ,Kazakhstan,2021,82.73626708984375,,UIS_EST,"[{""subtype"": ""Data sources"", ""type"": ""Source"", ""value"": ""UIS based on PIRLS 2021""}]",https://data.unesco.org/api/explore/v2.1/catalog/datasets/uis001/records?where=indicator_id%3D%27FHLANGILP.G2T3%27&order_by=country_id%2Cyear&limit=100&offset=100
FHLANGILP.G2T3,early_grades,"Percentage of students in early grades who have their first or home language as language of instruction, both sexes (%)",KOR,Republic of Korea,2019,85.54007720947266,,UIS_EST,"[{""subtype"": ""Data sources"", ""type"": ""Source"", ""value"": ""UIS based on TIMSS 2019 G4""}]",https://data.unesco.org/api/explore/v2.1/catalog/datasets/uis001/records?where=indicator_id%3D%27FHLANGILP.G2T3%27&order_by=country_id%2Cyear&limit=100&offset=100
FHLANGILP.G2T3,early_grades,"Percentage of students in early grades who have their first or home language as language of instruction, both sexes (%)",KWT,Kuwait,2019,60.32979965209961,,UIS_EST,"[{""subtype"": ""Data sources"", ""type"": ""Source"", ""value"": ""UIS based on TIMSS 2019 G4""}]",https://data.unesco.org/api/explore/v2.1/catalog/datasets/uis001/records?where=indicator_id%3D%27FHLANGILP.G2T3%27&order_by=country_id%2Cyear&limit=100&offset=100
FHLANGILP.G2T3,early_grades,"Percentage of students in early grades who have their first or home language as language of instruction, both sexes (%)",LTU,Lithuania,2021,83.5522689819336,,UIS_EST,"[{""subtype"": ""Data sources"", ""type"": ""Source"", ""value"": ""UIS based on PIRLS 2021""}]",https://data.unesco.org/api/explore/v2.1/catalog/datasets/uis001/records?where=indicator_id%3D%27FHLANGILP.G2T3%27&order_by=country_id%2Cyear&limit=100&offset=100
FHLANGILP.G2T3,early_grades,"Percentage of students in early grades who have their first or home language as language of instruction, both sexes (%)",LVA,Latvia,2021,84.50418090820312,,UIS_EST,"[{""subtype"": ""Data sources"", ""type"": ""Source"", ""value"": ""UIS based on PIRLS 2021""}]",https://data.unesco.org/api/explore/v2.1/catalog/datasets/uis001/records?where=indicator_id%3D%27FHLANGILP.G2T3%27&order_by=country_id%2Cyear&limit=100&offset=100
FHLANGILP.G2T3,early_grades,"Percentage of students in early grades who have their first or home language as language of instruction, both sexes (%)",MAC,"China, Macao Special Administrative Region",2021,71.29918670654297,,UIS_EST,"[{""subtype"": ""Data sources"", ""type"": ""Source"", ""value"": ""UIS based on PIRLS 2021""}]",https://data.unesco.org/api/explore/v2.1/catalog/datasets/uis001/records?where=indicator_id%3D%27FHLANGILP.G2T3%27&order_by=country_id%2Cyear&limit=100&offset=100
FHLANGILP.G2T3,early_grades,"Percentage of students in early grades who have their first or home language as language of instruction, both sexes (%)",MAR,Morocco,2021,40.77680969238281,,UIS_EST,"[{""subtype"": ""Data sources"", ""type"": ""Source"", ""value"": ""UIS based on PIRLS 2021""}]",https://data.unesco.org/api/explore/v2.1/catalog/datasets/uis001/records?where=indicator_id%3D%27FHLANGILP.G2T3%27&order_by=country_id%2Cyear&limit=100&offset=100
FHLANGILP.G2T3,early_grades,"Percentage of students in early grades who have their first or home language as language of instruction, both sexes (%)",MKD,North Macedonia,2021,86.67928314208984,,UIS_EST,"[{""subtype"": ""Data sources"", ""type"": ""Source"", ""value"": ""UIS based on PIRLS 2021""}]",https://data.unesco.org/api/explore/v2.1/catalog/datasets/uis001/records?where=indicator_id%3D%27FHLANGILP.G2T3%27&order_by=country_id%2Cyear&limit=100&offset=100
FHLANGILP.G2T3,early_grades,"Percentage of students in early grades who have their first or home language as language of instruction, both sexes (%)",MLT,Malta,2021,45.48421096801758,,UIS_EST,"[{""subtype"": ""Data sources"", ""type"": ""Source"", ""value"": ""UIS based on PIRLS 2021""}]",https://data.unesco.org/api/explore/v2.1/catalog/datasets/uis001/records?where=indicator_id%3D%27FHLANGILP.G2T3%27&order_by=country_id%2Cyear&limit=100&offset=100
FHLANGILP.G2T3,early_grades,"Percentage of students in early grades who have their first or home language as language of instruction, both sexes (%)",MNE,Montenegro,2021,85.95218658447266,,UIS_EST,"[{""subtype"": ""Data sources"", ""type"": ""Source"", ""value"": ""UIS based on PIRLS 2021""}]",https://data.unesco.org/api/explore/v2.1/catalog/datasets/uis001/records?where=indicator_id%3D%27FHLANGILP.G2T3%27&order_by=country_id%2Cyear&limit=100&offset=100
FHLANGILP.G2T3,early_grades,"Percentage of students in early grades who have their first or home language as language of instruction, both sexes (%)",NER,Niger,2014,0.5114055871963501,,UIS_EST,"[{""subtype"": ""Data sources"", ""type"": ""Source"", ""value"": ""UIS based on PASEC 2014 G2""}]",https://data.unesco.org/api/explore/v2.1/catalog/datasets/uis001/records?where=indicator_id%3D%27FHLANGILP.G2T3%27&order_by=country_id%2Cyear&limit=100&offset=100
FHLANGILP.G2T3,early_grades,"Percentage of students in early grades who have their first or home language as language of instruction, both sexes (%)",NLD,Netherlands,2021,81.84693145751953,,UIS_EST,"[{""subtype"": ""Data sources"", ""type"": ""Source"", ""value"": ""UIS based on PIRLS 2021""}]",https://data.unesco.org/api/explore/v2.1/catalog/datasets/uis001/records?where=indicator_id%3D%27FHLANGILP.G2T3%27&order_by=country_id%2Cyear&limit=100&offset=100
FHLANGILP.G2T3,early_grades,"Percentage of students in early grades who have their first or home language as language of instruction, both sexes (%)",NOR,Norway,2021,81.11418151855469,,UIS_EST,"[{""subtype"": ""Data sources"", ""type"": ""Source"", ""value"": ""UIS based on PIRLS 2021""}]",https://data.unesco.org/api/explore/v2.1/catalog/datasets/uis001/records?where=indicator_id%3D%27FHLANGILP.G2T3%27&order_by=country_id%2Cyear&limit=100&offset=100
FHLANGILP.G2T3,early_grades,"Percentage of students in early grades who have their first or home language as language of instruction, both sexes (%)",NZL,New Zealand,2019,81.77802276611328,,UIS_EST,"[{""subtype"": ""Data sources"", ""type"": ""Source"", ""value"": ""UIS based on TIMSS 2019 G4""}]",https://data.unesco.org/api/explore/v2.1/catalog/datasets/uis001/records?where=indicator_id%3D%27FHLANGILP.G2T3%27&order_by=country_id%2Cyear&limit=100&offset=100
FHLANGILP.G2T3,early_grades,"Percentage of students in early grades who have their first or home language as language of instruction, both sexes (%)",OMN,Oman,2021,72.79638671875,,UIS_EST,"[{""subtype"": ""Data sources"", ""type"": ""Source"", ""value"": ""UIS based on PIRLS 2021""}]",https://data.unesco.org/api/explore/v2.1/catalog/datasets/uis001/records?where=indicator_id%3D%27FHLANGILP.G2T3%27&order_by=country_id%2Cyear&limit=100&offset=100
FHLANGILP.G2T3,early_grades,"Percentage of students in early grades who have their first or home language as language of instruction, both sexes (%)",PAK,Pakistan,2019,32.44918060302734,,UIS_EST,"[{""subtype"": ""Data sources"", ""type"": ""Source"", ""value"": ""UIS based on TIMSS 2019 G4""}]",https://data.unesco.org/api/explore/v2.1/catalog/datasets/uis001/records?where=indicator_id%3D%27FHLANGILP.G2T3%27&order_by=country_id%2Cyear&limit=100&offset=100
FHLANGILP.G2T3,early_grades,"Percentage of students in early grades who have their first or home language as language of instruction, both sexes (%)",PHL,Philippines,2019,25.21867942810059,,UIS_EST,"[{""subtype"": ""Data sources"", ""type"": ""Source"", ""value"": ""UIS based on TIMSS 2019 G4""}]",https://data.unesco.org/api/explore/v2.1/catalog/datasets/uis001/records?where=indicator_id%3D%27FHLANGILP.G2T3%27&order_by=country_id%2Cyear&limit=100&offset=100
FHLANGILP.G2T3,early_grades,"Percentage of students in early grades who have their first or home language as language of instruction, both sexes (%)",POL,Poland,2021,93.2271728515625,,UIS_EST,"[{""subtype"": ""Data sources"", ""type"": ""Source"", ""value"": ""UIS based on PIRLS 2021""}]",https://data.unesco.org/api/explore/v2.1/catalog/datasets/uis001/records?where=indicator_id%3D%27FHLANGILP.G2T3%27&order_by=country_id%2Cyear&limit=100&offset=100
FHLANGILP.G2T3,early_grades,"Percentage of students in early grades who have their first or home language as language of instruction, both sexes (%)",PRT,Portugal,2021,88.74809265136719,,UIS_EST,"[{""subtype"": ""Data sources"", ""type"": ""Source"", ""value"": ""UIS based on PIRLS 2021""}]",https://data.unesco.org/api/explore/v2.1/catalog/datasets/uis001/records?where=indicator_id%3D%27FHLANGILP.G2T3%27&order_by=country_id%2Cyear&limit=100&offset=100
FHLANGILP.G2T3,early_grades,"Percentage of students in early grades who have their first or home language as language of instruction, both sexes (%)",QAT,Qatar,2021,49.61890029907227,,UIS_EST,"[{""subtype"": ""Data sources"", ""type"": ""Source"", ""value"": ""UIS based on PIRLS 2021""}]",https://data.unesco.org/api/explore/v2.1/catalog/datasets/uis001/records?where=indicator_id%3D%27FHLANGILP.G2T3%27&order_by=country_id%2Cyear&limit=100&offset=100
FHLANGILP.G2T3,early_grades,"Percentage of students in early grades who have their first or home language as language of instruction, both sexes (%)",RUS,Russian Federation,2021,89.2306137084961,,UIS_EST,"[{""subtype"": ""Data sources"", ""type"": ""Source"", ""value"": ""UIS based on PIRLS 2021""}]",https://data.unesco.org/api/explore/v2.1/catalog/datasets/uis001/records?where=indicator_id%3D%27FHLANGILP.G2T3%27&order_by=country_id%2Cyear&limit=100&offset=100
FHLANGILP.G2T3,early_grades,"Percentage of students in early grades who have their first or home language as language of instruction, both sexes (%)",SAU,Saudi Arabia,2021,75.0218276977539,,UIS_EST,"[{""subtype"": ""Data sources"", ""type"": ""Source"", ""value"": ""UIS based on PIRLS 2021""}]",https://data.unesco.org/api/explore/v2.1/catalog/datasets/uis001/records?where=indicator_id%3D%27FHLANGILP.G2T3%27&order_by=country_id%2Cyear&limit=100&offset=100
FHLANGILP.G2T3,early_grades,"Percentage of students in early grades who have their first or home language as language of instruction, both sexes (%)",SEN,Senegal,2014,1.153053045272827,,UIS_EST,"[{""subtype"": ""Data sources"", ""type"": ""Source"", ""value"": ""UIS based on PASEC 2014 G2""}]",https://data.unesco.org/api/explore/v2.1/catalog/datasets/uis001/records?where=indicator_id%3D%27FHLANGILP.G2T3%27&order_by=country_id%2Cyear&limit=100&offset=100
FHLANGILP.G2T3,early_grades,"Percentage of students in early grades who have their first or home language as language of instruction, both sexes (%)",SGP,Singapore,2021,53.12570190429688,,UIS_EST,"[{""subtype"": ""Data sources"", ""type"": ""Source"", ""value"": ""UIS based on PIRLS 2021""}]",https://data.unesco.org/api/explore/v2.1/catalog/datasets/uis001/records?where=indicator_id%3D%27FHLANGILP.G2T3%27&order_by=country_id%2Cyear&limit=100&offset=100
FHLANGILP.G2T3,early_grades,"Percentage of students in early grades who have their first or home language as language of instruction, both sexes (%)",SRB,Serbia,2021,93.1735610961914,,UIS_EST,"[{""subtype"": ""Data sources"", ""type"": ""Source"", ""value"": ""UIS based on PIRLS 2021""}]",https://data.unesco.org/api/explore/v2.1/catalog/datasets/uis001/records?where=indicator_id%3D%27FHLANGILP.G2T3%27&order_by=country_id%2Cyear&limit=100&offset=100
FHLANGILP.G2T3,early_grades,"Percentage of students in early grades who have their first or home language as language of instruction, both sexes (%)",SVK,Slovakia,2021,83.57327270507812,,UIS_EST,"[{""subtype"": ""Data sources"", ""type"": ""Source"", ""value"": ""UIS based on PIRLS 2021""}]",https://data.unesco.org/api/explore/v2.1/catalog/datasets/uis001/records?where=indicator_id%3D%27FHLANGILP.G2T3%27&order_by=country_id%2Cyear&limit=100&offset=100
FHLANGILP.G2T3,early_grades,"Percentage of students in early grades who have their first or home language as language of instruction, both sexes (%)",SVN,Slovenia,2021,84.32244110107422,,UIS_EST,"[{""subtype"": ""Data sources"", ""type"": ""Source"", ""value"": ""UIS based on PIRLS 2021""}]",https://data.unesco.org/api/explore/v2.1/catalog/datasets/uis001/records?where=indicator_id%3D%27FHLANGILP.G2T3%27&order_by=country_id%2Cyear&limit=100&offset=100
FHLANGILP.G2T3,early_grades,"Percentage of students in early grades who have their first or home language as language of instruction, both sexes (%)",SWE,Sweden,2021,72.92301940917969,,UIS_EST,"[{""subtype"": ""Data sources"", ""type"": ""Source"", ""value"": ""UIS based on PIRLS 2021""}]",https://data.unesco.org/api/explore/v2.1/catalog/datasets/uis001/records?where=indicator_id%3D%27FHLANGILP.G2T3%27&order_by=country_id%2Cyear&limit=100&offset=100
FHLANGILP.G2T3,early_grades,"Percentage of students in early grades who have their first or home language as language of instruction, both sexes (%)",TCD,Chad,2014,0.899070680141449,,UIS_EST,"[{""subtype"": ""Data sources"", ""type"": ""Source"", ""value"": ""UIS based on PASEC 2014 G2""}]",https://data.unesco.org/api/explore/v2.1/catalog/datasets/uis001/records?where=indicator_id%3D%27FHLANGILP.G2T3%27&order_by=country_id%2Cyear&limit=100&offset=100
FHLANGILP.G2T3,early_grades,"Percentage of students in early grades who have their first or home language as language of instruction, both sexes (%)",TGO,Togo,2014,1.226979970932007,,UIS_EST,"[{""subtype"": ""Data sources"", ""type"": ""Source"", ""value"": ""UIS based on PASEC 2014 G2""}]",https://data.unesco.org/api/explore/v2.1/catalog/datasets/uis001/records?where=indicator_id%3D%27FHLANGILP.G2T3%27&order_by=country_id%2Cyear&limit=100&offset=100
FHLANGILP.G2T3,early_grades,"Percentage of students in early grades who have their first or home language as language of instruction, both sexes (%)",TTO,Trinidad and Tobago,2016,88.93121337890625,,UIS_EST,"[{""subtype"": ""Data sources"", ""type"": ""Source"", ""value"": ""UIS based on PIRLS 2016""}]",https://data.unesco.org/api/explore/v2.1/catalog/datasets/uis001/records?where=indicator_id%3D%27FHLANGILP.G2T3%27&order_by=country_id%2Cyear&limit=100&offset=100
FHLANGILP.G2T3,early_grades,"Percentage of students in early grades who have their first or home language as language of instruction, both sexes (%)",TUR,Türkiye,2021,82.18138122558594,,UIS_EST,"[{""subtype"": ""Data sources"", ""type"": ""Source"", ""value"": ""UIS based on PIRLS 2021""}]",https://data.unesco.org/api/explore/v2.1/catalog/datasets/uis001/records?where=indicator_id%3D%27FHLANGILP.G2T3%27&order_by=country_id%2Cyear&limit=100&offset=100
FHLANGILP.G2T3,early_grades,"Percentage of students in early grades who have their first or home language as language of instruction, both sexes (%)",USA,United States of America,2021,81.86908721923828,,UIS_EST,"[{""subtype"": ""Data sources"", ""type"": ""Source"", ""value"": ""UIS based on PIRLS 2021""}]",https://data.unesco.org/api/explore/v2.1/catalog/datasets/uis001/records?where=indicator_id%3D%27FHLANGILP.G2T3%27&order_by=country_id%2Cyear&limit=100&offset=100
FHLANGILP.G2T3,early_grades,"Percentage of students in early grades who have their first or home language as language of instruction, both sexes (%)",UZB,Uzbekistan,2021,88.35682678222656,,UIS_EST,"[{""subtype"": ""Data sources"", ""type"": ""Source"", ""value"": ""UIS based on PIRLS 2021""}]",https://data.unesco.org/api/explore/v2.1/catalog/datasets/uis001/records?where=indicator_id%3D%27FHLANGILP.G2T3%27&order_by=country_id%2Cyear&limit=100&offset=100
FHLANGILP.G2T3,early_grades,"Percentage of students in early grades who have their first or home language as language of instruction, both sexes (%)",ZAF,South Africa,2021,78.439697265625,,UIS_EST,"[{""subtype"": ""Data sources"", ""type"": ""Source"", ""value"": ""UIS based on PIRLS 2021""}]",https://data.unesco.org/api/explore/v2.1/catalog/datasets/uis001/records?where=indicator_id%3D%27FHLANGILP.G2T3%27&order_by=country_id%2Cyear&limit=100&offset=100
FHLANGILP.LOWERSEC,lower_secondary,"Percentage of students in lower secondary education who have their first or home language as language of instruction, both sexes (%)",ALB,Albania,2022,95.2586669921875,,UIS_EST,"[{""subtype"": ""Data sources"", ""type"": ""Source"", ""value"": ""Source: PISA 2022""}]",https://data.unesco.org/api/explore/v2.1/catalog/datasets/uis001/records?where=indicator_id%3D%27FHLANGILP.LOWERSEC%27&order_by=country_id%2Cyear&limit=100&offset=0
FHLANGILP.LOWERSEC,lower_secondary,"Percentage of students in lower secondary education who have their first or home language as language of instruction, both sexes (%)",ARE,United Arab Emirates,2023,58.68521881103516,,UIS_EST,"[{""subtype"": ""Data sources"", ""type"": ""Source"", ""value"": ""Source: TIMSS 2023 G8""}]",https://data.unesco.org/api/explore/v2.1/catalog/datasets/uis001/records?where=indicator_id%3D%27FHLANGILP.LOWERSEC%27&order_by=country_id%2Cyear&limit=100&offset=0
FHLANGILP.LOWERSEC,lower_secondary,"Percentage of students in lower secondary education who have their first or home language as language of instruction, both sexes (%)",ARG,Argentina,2022,94.47501373291016,,UIS_EST,"[{""subtype"": ""Data sources"", ""type"": ""Source"", ""value"": ""Source: PISA 2022""}]",https://data.unesco.org/api/explore/v2.1/catalog/datasets/uis001/records?where=indicator_id%3D%27FHLANGILP.LOWERSEC%27&order_by=country_id%2Cyear&limit=100&offset=0
FHLANGILP.LOWERSEC,lower_secondary,"Percentage of students in lower secondary education who have their first or home language as language of instruction, both sexes (%)",ARM,Armenia,2016,96.47422790527344,,UIS_EST,"[{""subtype"": ""Data sources"", ""type"": ""Source"", ""value"": ""UIS based on TIMSS 2015 G8""}]",https://data.unesco.org/api/explore/v2.1/catalog/datasets/uis001/records?where=indicator_id%3D%27FHLANGILP.LOWERSEC%27&order_by=country_id%2Cyear&limit=100&offset=0
FHLANGILP.LOWERSEC,lower_secondary,"Percentage of students in lower secondary education who have their first or home language as language of instruction, both sexes (%)",AUS,Australia,2023,89.5132827758789,,UIS_EST,"[{""subtype"": ""Data sources"", ""type"": ""Source"", ""value"": ""Source: TIMSS 2023 G8""}]",https://data.unesco.org/api/explore/v2.1/catalog/datasets/uis001/records?where=indicator_id%3D%27FHLANGILP.LOWERSEC%27&order_by=country_id%2Cyear&limit=100&offset=0
FHLANGILP.LOWERSEC,lower_secondary,"Percentage of students in lower secondary education who have their first or home language as language of instruction, both sexes (%)",AUT,Austria,2023,81.87193298339844,,UIS_EST,"[{""subtype"": ""Data sources"", ""type"": ""Source"", ""value"": ""Source: TIMSS 2023 G8""}]",https://data.unesco.org/api/explore/v2.1/catalog/datasets/uis001/records?where=indicator_id%3D%27FHLANGILP.LOWERSEC%27&order_by=country_id%2Cyear&limit=100&offset=0
FHLANGILP.LOWERSEC,lower_secondary,"Percentage of students in lower secondary education who have their first or home language as language of instruction, both sexes (%)",AZE,Azerbaijan,2023,90.00411224365234,,UIS_EST,"[{""subtype"": ""Data sources"", ""type"": ""Source"", ""value"": ""Source: TIMSS 2023 G8""}]",https://data.unesco.org/api/explore/v2.1/catalog/datasets/uis001/records?where=indicator_id%3D%27FHLANGILP.LOWERSEC%27&order_by=country_id%2Cyear&limit=100&offset=0
FHLANGILP.LOWERSEC,lower_secondary,"Percentage of students in lower secondary education who have their first or home language as language of instruction, both sexes (%)",BEL,Belgium,2022,79.9104995727539,,UIS_EST,"[{""subtype"": ""Data sources"", ""type"": ""Source"", ""value"": ""Source: PISA 2022""}]",https://data.unesco.org/api/explore/v2.1/catalog/datasets/uis001/records?where=indicator_id%3D%27FHLANGILP.LOWERSEC%27&order_by=country_id%2Cyear&limit=100&offset=0
FHLANGILP.LOWERSEC,lower_secondary,"Percentage of students in lower secondary education who have their first or home language as language of instruction, both sexes (%)",BGR,Bulgaria,2022,85.96031188964844,,UIS_EST,"[{""subtype"": ""Data sources"", ""type"": ""Source"", ""value"": ""Source: PISA 2022""}]",https://data.unesco.org/api/explore/v2.1/catalog/datasets/uis001/records?where=indicator_id%3D%27FHLANGILP.LOWERSEC%27&order_by=country_id%2Cyear&limit=100&offset=0
FHLANGILP.LOWERSEC,lower_secondary,"Percentage of students in lower secondary education who have their first or home language as language of instruction, both sexes (%)",BHR,Bahrain,2023,75.80925750732422,,UIS_EST,"[{""subtype"": ""Data sources"", ""type"": ""Source"", ""value"": ""Source: TIMSS 2023 G8""}]",https://data.unesco.org/api/explore/v2.1/catalog/datasets/uis001/records?where=indicator_id%3D%27FHLANGILP.LOWERSEC%27&order_by=country_id%2Cyear&limit=100&offset=0
FHLANGILP.LOWERSEC,lower_secondary,"Percentage of students in lower secondary education who have their first or home language as language of instruction, both sexes (%)",BIH,Bosnia and Herzegovina,2018,93.54206085205078,,UIS_EST,"[{""subtype"": ""Data sources"", ""type"": ""Source"", ""value"": ""UIS based on PISA 2018""}]",https://data.unesco.org/api/explore/v2.1/catalog/datasets/uis001/records?where=indicator_id%3D%27FHLANGILP.LOWERSEC%27&order_by=country_id%2Cyear&limit=100&offset=0
FHLANGILP.LOWERSEC,lower_secondary,"Percentage of students in lower secondary education who have their first or home language as language of instruction, both sexes (%)",BLR,Belarus,2018,95.72350311279295,,UIS_EST,"[{""subtype"": ""Data sources"", ""type"": ""Source"", ""value"": ""UIS based on PISA 2018""}]",https://data.unesco.org/api/explore/v2.1/catalog/datasets/uis001/records?where=indicator_id%3D%27FHLANGILP.LOWERSEC%27&order_by=country_id%2Cyear&limit=100&offset=0
FHLANGILP.LOWERSEC,lower_secondary,"Percentage of students in lower secondary education who have their first or home language as language of instruction, both sexes (%)",BRA,Brazil,2023,94.98737335205078,,UIS_EST,"[{""subtype"": ""Data sources"", ""type"": ""Source"", ""value"": ""Source: TIMSS 2023 G8""}]",https://data.unesco.org/api/explore/v2.1/catalog/datasets/uis001/records?where=indicator_id%3D%27FHLANGILP.LOWERSEC%27&order_by=country_id%2Cyear&limit=100&offset=0
FHLANGILP.LOWERSEC,lower_secondary,"Percentage of students in lower secondary education who have their first or home language as language of instruction, both sexes (%)",BRN,Brunei Darussalam,2022,13.90147972106934,,UIS_EST,"[{""subtype"": ""Data sources"", ""type"": ""Source"", ""value"": ""Source: PISA 2022""}]",https://data.unesco.org/api/explore/v2.1/catalog/datasets/uis001/records?where=indicator_id%3D%27FHLANGILP.LOWERSEC%27&order_by=country_id%2Cyear&limit=100&offset=0
FHLANGILP.LOWERSEC,lower_secondary,"Percentage of students in lower secondary education who have their first or home language as language of instruction, both sexes (%)",BWA,Botswana,2015,12.6157398223877,,UIS_EST,"[{""subtype"": ""Data sources"", ""type"": ""Source"", ""value"": ""UIS based on TIMSS 2015 G8""}]",https://data.unesco.org/api/explore/v2.1/catalog/datasets/uis001/records?where=indicator_id%3D%27FHLANGILP.LOWERSEC%27&order_by=country_id%2Cyear&limit=100&offset=0
FHLANGILP.LOWERSEC,lower_secondary,"Percentage of students in lower secondary education who have their first or home language as language of instruction, both sexes (%)",CAN,Canada,2022,77.10488891601562,,UIS_EST,"[{""subtype"": ""Data sources"", ""type"": ""Source"", ""value"": ""Source: PISA 2022""}]",https://data.unesco.org/api/explore/v2.1/catalog/datasets/uis001/records?where=indicator_id%3D%27FHLANGILP.LOWERSEC%27&order_by=country_id%2Cyear&limit=100&offset=0
FHLANGILP.LOWERSEC,lower_secondary,"Percentage of students in lower secondary education who have their first or home language as language of instruction, both sexes (%)",CHE,Switzerland,2022,70.5624771118164,,UIS_EST,"[{""subtype"": ""Data sources"", ""type"": ""Source"", ""value"": ""Source: PISA 2022""}]",https://data.unesco.org/api/explore/v2.1/catalog/datasets/uis001/records?where=indicator_id%3D%27FHLANGILP.LOWERSEC%27&order_by=country_id%2Cyear&limit=100&offset=0
FHLANGILP.LOWERSEC,lower_secondary,"Percentage of students in lower secondary education who have their first or home language as language of instruction, both sexes (%)",CHL,Chile,2023,97.44154357910156,,UIS_EST,"[{""subtype"": ""Data sources"", ""type"": ""Source"", ""value"": ""Source: TIMSS 2023 G8""}]",https://data.unesco.org/api/explore/v2.1/catalog/datasets/uis001/records?where=indicator_id%3D%27FHLANGILP.LOWERSEC%27&order_by=country_id%2Cyear&limit=100&offset=0
FHLANGILP.LOWERSEC,lower_secondary,"Percentage of students in lower secondary education who have their first or home language as language of instruction, both sexes (%)",CIV,Côte d'Ivoire,2023,71.17310333251953,,UIS_EST,"[{""subtype"": ""Data sources"", ""type"": ""Source"", ""value"": ""Source: TIMSS 2023 G8""}]",https://data.unesco.org/api/explore/v2.1/catalog/datasets/uis001/records?where=indicator_id%3D%27FHLANGILP.LOWERSEC%27&order_by=country_id%2Cyear&limit=100&offset=0
FHLANGILP.LOWERSEC,lower_secondary,"Percentage of students in lower secondary education who have their first or home language as language of instruction, both sexes (%)",COL,Colombia,2022,98.41716766357422,,UIS_EST,"[{""subtype"": ""Data sources"", ""type"": ""Source"", ""value"": ""Source: PISA 2022""}]",https://data.unesco.org/api/explore/v2.1/catalog/datasets/uis001/records?where=indicator_id%3D%27FHLANGILP.LOWERSEC%27&order_by=country_id%2Cyear&limit=100&offset=0
FHLANGILP.LOWERSEC,lower_secondary,"Percentage of students in lower secondary education who have their first or home language as language of instruction, both sexes (%)",CRI,Costa Rica,2022,97.71687316894533,,UIS_EST,"[{""subtype"": ""Data sources"", ""type"": ""Source"", ""value"": ""Source: PISA 2022""}]",https://data.unesco.org/api/explore/v2.1/catalog/datasets/uis001/records?where=indicator_id%3D%27FHLANGILP.LOWERSEC%27&order_by=country_id%2Cyear&limit=100&offset=0
FHLANGILP.LOWERSEC,lower_secondary,"Percentage of students in lower secondary education who have their first or home language as language of instruction, both sexes (%)",CYP,Cyprus,2023,75.87509155273438,,UIS_EST,"[{""subtype"": ""Data sources"", ""type"": ""Source"", ""value"": ""Source: TIMSS 2023 G8""}]",https://data.unesco.org/api/explore/v2.1/catalog/datasets/uis001/records?where=indicator_id%3D%27FHLANGILP.LOWERSEC%27&order_by=country_id%2Cyear&limit=100&offset=0
FHLANGILP.LOWERSEC,lower_secondary,"Percentage of students in lower secondary education who have their first or home language as language of instruction, both sexes (%)",CZE,Czechia,2023,94.32247161865234,,UIS_EST,"[{""subtype"": ""Data sources"", ""type"": ""Source"", ""value"": ""Source: TIMSS 2023 G8""}]",https://data.unesco.org/api/explore/v2.1/catalog/datasets/uis001/records?where=indicator_id%3D%27FHLANGILP.LOWERSEC%27&order_by=country_id%2Cyear&limit=100&offset=0
FHLANGILP.LOWERSEC,lower_secondary,"Percentage of students in lower secondary education who have their first or home language as language of instruction, both sexes (%)",DEU,Germany,2022,79.80029296875,,UIS_EST,"[{""subtype"": ""Data sources"", ""type"": ""Source"", ""value"": ""Source: PISA 2022""}]",https://data.unesco.org/api/explore/v2.1/catalog/datasets/uis001/records?where=indicator_id%3D%27FHLANGILP.LOWERSEC%27&order_by=country_id%2Cyear&limit=100&offset=0
FHLANGILP.LOWERSEC,lower_secondary,"Percentage of students in lower secondary education who have their first or home language as language of instruction, both sexes (%)",DNK,Denmark,2022,91.10237884521484,,UIS_EST,"[{""subtype"": ""Data sources"", ""type"": ""Source"", ""value"": ""Source: PISA 2022""}]",https://data.unesco.org/api/explore/v2.1/catalog/datasets/uis001/records?where=indicator_id%3D%27FHLANGILP.LOWERSEC%27&order_by=country_id%2Cyear&limit=100&offset=0
FHLANGILP.LOWERSEC,lower_secondary,"Percentage of students in lower secondary education who have their first or home language as language of instruction, both sexes (%)",DOM,Dominican Republic,2022,95.80177307128906,,UIS_EST,"[{""subtype"": ""Data sources"", ""type"": ""Source"", ""value"": ""Source: PISA 2022""}]",https://data.unesco.org/api/explore/v2.1/catalog/datasets/uis001/records?where=indicator_id%3D%27FHLANGILP.LOWERSEC%27&order_by=country_id%2Cyear&limit=100&offset=0
FHLANGILP.LOWERSEC,lower_secondary,"Percentage of students in lower secondary education who have their first or home language as language of instruction, both sexes (%)",DZA,Algeria,2015,88.37100982666016,,UIS_EST,"[{""subtype"": ""Data sources"", ""type"": ""Source"", ""value"": ""UIS based on PISA 2015""}]",https://data.unesco.org/api/explore/v2.1/catalog/datasets/uis001/records?where=indicator_id%3D%27FHLANGILP.LOWERSEC%27&order_by=country_id%2Cyear&limit=100&offset=0
FHLANGILP.LOWERSEC,lower_secondary,"Percentage of students in lower secondary education who have their first or home language as language of instruction, both sexes (%)",EGY,Egypt,2019,79.0082778930664,,UIS_EST,"[{""subtype"": ""Data sources"", ""type"": ""Source"", ""value"": ""UIS based on TIMSS 2019 G8""}]",https://data.unesco.org/api/explore/v2.1/catalog/datasets/uis001/records?where=indicator_id%3D%27FHLANGILP.LOWERSEC%27&order_by=country_id%2Cyear&limit=100&offset=0
FHLANGILP.LOWERSEC,lower_secondary,"Percentage of students in lower secondary education who have their first or home language as language of instruction, both sexes (%)",ESP,Spain,2022,80.60347747802734,,UIS_EST,"[{""subtype"": ""Data sources"", ""type"": ""Source"", ""value"": ""Source: PISA 2022""}]",https://data.unesco.org/api/explore/v2.1/catalog/datasets/uis001/records?where=indicator_id%3D%27FHLANGILP.LOWERSEC%27&order_by=country_id%2Cyear&limit=100&offset=0
FHLANGILP.LOWERSEC,lower_secondary,"Percentage of students in lower secondary education who have their first or home language as language of instruction, both sexes (%)",EST,Estonia,2022,94.12143707275392,,UIS_EST,"[{""subtype"": ""Data sources"", ""type"": ""Source"", ""value"": ""Source: PISA 2022""}]",https://data.unesco.org/api/explore/v2.1/catalog/datasets/uis001/records?where=indicator_id%3D%27FHLANGILP.LOWERSEC%27&order_by=country_id%2Cyear&limit=100&offset=0
FHLANGILP.LOWERSEC,lower_secondary,"Percentage of students in lower secondary education who have their first or home language as language of instruction, both sexes (%)",FIN,Finland,2023,93.15886688232422,,UIS_EST,"[{""subtype"": ""Data sources"", ""type"": ""Source"", ""value"": ""Source: TIMSS 2023 G8""}]",https://data.unesco.org/api/explore/v2.1/catalog/datasets/uis001/records?where=indicator_id%3D%27FHLANGILP.LOWERSEC%27&order_by=country_id%2Cyear&limit=100&offset=100
FHLANGILP.LOWERSEC,lower_secondary,"Percentage of students in lower secondary education who have their first or home language as language of instruction, both sexes (%)",FRA,France,2023,90.20417022705078,,UIS_EST,"[{""subtype"": ""Data sources"", ""type"": ""Source"", ""value"": ""Source: TIMSS 2023 G8""}]",https://data.unesco.org/api/explore/v2.1/catalog/datasets/uis001/records?where=indicator_id%3D%27FHLANGILP.LOWERSEC%27&order_by=country_id%2Cyear&limit=100&offset=100
FHLANGILP.LOWERSEC,lower_secondary,"Percentage of students in lower secondary education who have their first or home language as language of instruction, both sexes (%)",GBR,United Kingdom of Great Britain and Northern Ireland,2022,86.26242065429688,,UIS_EST,"[{""subtype"": ""Data sources"", ""type"": ""Source"", ""value"": ""Source: PISA 2022""}]",https://data.unesco.org/api/explore/v2.1/catalog/datasets/uis001/records?where=indicator_id%3D%27FHLANGILP.LOWERSEC%27&order_by=country_id%2Cyear&limit=100&offset=100
FHLANGILP.LOWERSEC,lower_secondary,"Percentage of students in lower secondary education who have their first or home language as language of instruction, both sexes (%)",GEO,Georgia,2023,93.57264709472656,,UIS_EST,"[{""subtype"": ""Data sources"", ""type"": ""Source"", ""value"": ""Source: TIMSS 2023 G8""}]",https://data.unesco.org/api/explore/v2.1/catalog/datasets/uis001/records?where=indicator_id%3D%27FHLANGILP.LOWERSEC%27&order_by=country_id%2Cyear&limit=100&offset=100
FHLANGILP.LOWERSEC,lower_secondary,"Percentage of students in lower secondary education who have their first or home language as language of instruction, both sexes (%)",GRC,Greece,2022,92.02174377441406,,UIS_EST,"[{""subtype"": ""Data sources"", ""type"": ""Source"", ""value"": ""Source: PISA 2022""}]",https://data.unesco.org/api/explore/v2.1/catalog/datasets/uis001/records?where=indicator_id%3D%27FHLANGILP.LOWERSEC%27&order_by=country_id%2Cyear&limit=100&offset=100
FHLANGILP.LOWERSEC,lower_secondary,"Percentage of students in lower secondary education who have their first or home language as language of instruction, both sexes (%)",GTM,Guatemala,2022,92.44200897216795,,UIS_EST,"[{""subtype"": ""Data sources"", ""type"": ""Source"", ""value"": ""Source: PISA 2022""}]",https://data.unesco.org/api/explore/v2.1/catalog/datasets/uis001/records?where=indicator_id%3D%27FHLANGILP.LOWERSEC%27&order_by=country_id%2Cyear&limit=100&offset=100
FHLANGILP.LOWERSEC,lower_secondary,"Percentage of students in lower secondary education who have their first or home language as language of instruction, both sexes (%)",HKG,"China, Hong Kong Special Administrative Region",2023,61.91584014892578,,UIS_EST,"[{""subtype"": ""Data sources"", ""type"": ""Source"", ""value"": ""Source: TIMSS 2023 G8""}]",https://data.unesco.org/api/explore/v2.1/catalog/datasets/uis001/records?where=indicator_id%3D%27FHLANGILP.LOWERSEC%27&order_by=country_id%2Cyear&limit=100&offset=100
FHLANGILP.LOWERSEC,lower_secondary,"Percentage of students in lower secondary education who have their first or home language as language of instruction, both sexes (%)",HRV,Croatia,2022,97.1658935546875,,UIS_EST,"[{""subtype"": ""Data sources"", ""type"": ""Source"", ""value"": ""Source: PISA 2022""}]",https://data.unesco.org/api/explore/v2.1/catalog/datasets/uis001/records?where=indicator_id%3D%27FHLANGILP.LOWERSEC%27&order_by=country_id%2Cyear&limit=100&offset=100
FHLANGILP.LOWERSEC,lower_secondary,"Percentage of students in lower secondary education who have their first or home language as language of instruction, both sexes (%)",HUN,Hungary,2023,97.76365661621094,,UIS_EST,"[{""subtype"": ""Data sources"", ""type"": ""Source"", ""value"": ""Source: TIMSS 2023 G8""}]",https://data.unesco.org/api/explore/v2.1/catalog/datasets/uis001/records?where=indicator_id%3D%27FHLANGILP.LOWERSEC%27&order_by=country_id%2Cyear&limit=100&offset=100
FHLANGILP.LOWERSEC,lower_secondary,"Percentage of students in lower secondary education who have their first or home language as language of instruction, both sexes (%)",IDN,Indonesia,2022,47.04166030883789,,UIS_EST,"[{""subtype"": ""Data sources"", ""type"": ""Source"", ""value"": ""Source: PISA 2022""}]",https://data.unesco.org/api/explore/v2.1/catalog/datasets/uis001/records?where=indicator_id%3D%27FHLANGILP.LOWERSEC%27&order_by=country_id%2Cyear&limit=100&offset=100
FHLANGILP.LOWERSEC,lower_secondary,"Percentage of students in lower secondary education who have their first or home language as language of instruction, both sexes (%)",IRL,Ireland,2023,87.25121307373047,,UIS_EST,"[{""subtype"": ""Data sources"", ""type"": ""Source"", ""value"": ""Source: TIMSS 2023 G8""}]",https://data.unesco.org/api/explore/v2.1/catalog/datasets/uis001/records?where=indicator_id%3D%27FHLANGILP.LOWERSEC%27&order_by=country_id%2Cyear&limit=100&offset=100
FHLANGILP.LOWERSEC,lower_secondary,"Percentage of students in lower secondary education who have their first or home language as language of instruction, both sexes (%)",IRN,Iran (Islamic Republic of),2023,70.42826843261719,,UIS_EST,"[{""subtype"": ""Data sources"", ""type"": ""Source"", ""value"": ""Source: TIMSS 2023 G8""}]",https://data.unesco.org/api/explore/v2.1/catalog/datasets/uis001/records?where=indicator_id%3D%27FHLANGILP.LOWERSEC%27&order_by=country_id%2Cyear&limit=100&offset=100
FHLANGILP.LOWERSEC,lower_secondary,"Percentage of students in lower secondary education who have their first or home language as language of instruction, both sexes (%)",ISL,Iceland,2022,90.9362564086914,,UIS_EST,"[{""subtype"": ""Data sources"", ""type"": ""Source"", ""value"": ""Source: PISA 2022""}]",https://data.unesco.org/api/explore/v2.1/catalog/datasets/uis001/records?where=indicator_id%3D%27FHLANGILP.LOWERSEC%27&order_by=country_id%2Cyear&limit=100&offset=100
FHLANGILP.LOWERSEC,lower_secondary,"Percentage of students in lower secondary education who have their first or home language as language of instruction, both sexes (%)",ISR,Israel,2023,91.38921356201172,,UIS_EST,"[{""subtype"": ""Data sources"", ""type"": ""Source"", ""value"": ""Source: TIMSS 2023 G8""}]",https://data.unesco.org/api/explore/v2.1/catalog/datasets/uis001/records?where=indicator_id%3D%27FHLANGILP.LOWERSEC%27&order_by=country_id%2Cyear&limit=100&offset=100
FHLANGILP.LOWERSEC,lower_secondary,"Percentage of students in lower secondary education who have their first or home language as language of instruction, both sexes (%)",ITA,Italy,2023,90.33966064453124,,UIS_EST,"[{""subtype"": ""Data sources"", ""type"": ""Source"", ""value"": ""Source: TIMSS 2023 G8""}]",https://data.unesco.org/api/explore/v2.1/catalog/datasets/uis001/records?where=indicator_id%3D%27FHLANGILP.LOWERSEC%27&order_by=country_id%2Cyear&limit=100&offset=100
FHLANGILP.LOWERSEC,lower_secondary,"Percentage of students in lower secondary education who have their first or home language as language of instruction, both sexes (%)",JAM,Jamaica,2022,92.79255676269533,,UIS_EST,"[{""subtype"": ""Data sources"", ""type"": ""Source"", ""value"": ""Source: PISA 2022""}]",https://data.unesco.org/api/explore/v2.1/catalog/datasets/uis001/records?where=indicator_id%3D%27FHLANGILP.LOWERSEC%27&order_by=country_id%2Cyear&limit=100&offset=100
FHLANGILP.LOWERSEC,lower_secondary,"Percentage of students in lower secondary education who have their first or home language as language of instruction, both sexes (%)",JOR,Jordan,2023,89.81139373779297,,UIS_EST,"[{""subtype"": ""Data sources"", ""type"": ""Source"", ""value"": ""Source: TIMSS 2023 G8""}]",https://data.unesco.org/api/explore/v2.1/catalog/datasets/uis001/records?where=indicator_id%3D%27FHLANGILP.LOWERSEC%27&order_by=country_id%2Cyear&limit=100&offset=100
FHLANGILP.LOWERSEC,lower_secondary,"Percentage of students in lower secondary education who have their first or home language as language of instruction, both sexes (%)",JPN,Japan,2023,98.73908996582033,,UIS_EST,"[{""subtype"": ""Data sources"", ""type"": ""Source"", ""value"": ""Source: TIMSS 2023 G8""}]",https://data.unesco.org/api/explore/v2.1/catalog/datasets/uis001/records?where=indicator_id%3D%27FHLANGILP.LOWERSEC%27&order_by=country_id%2Cyear&limit=100&offset=100
FHLANGILP.LOWERSEC,lower_secondary,"Percentage of students in lower secondary education who have their first or home language as language of instruction, both sexes (%)",KAZ,Kazakhstan,2023,90.73029327392578,,UIS_EST,"[{""subtype"": ""Data sources"", ""type"": ""Source"", ""value"": ""Source: TIMSS 2023 G8""}]",https://data.unesco.org/api/explore/v2.1/catalog/datasets/uis001/records?where=indicator_id%3D%27FHLANGILP.LOWERSEC%27&order_by=country_id%2Cyear&limit=100&offset=100
FHLANGILP.LOWERSEC,lower_secondary,"Percentage of students in lower secondary education who have their first or home language as language of instruction, both sexes (%)",KHM,Cambodia,2022,96.58511352539064,,UIS_EST,"[{""subtype"": ""Data sources"", ""type"": ""Source"", ""value"": ""Source: PISA 2022""}]",https://data.unesco.org/api/explore/v2.1/catalog/datasets/uis001/records?where=indicator_id%3D%27FHLANGILP.LOWERSEC%27&order_by=country_id%2Cyear&limit=100&offset=100
FHLANGILP.LOWERSEC,lower_secondary,"Percentage of students in lower secondary education who have their first or home language as language of instruction, both sexes (%)",KOR,Republic of Korea,2023,99.17005157470705,,UIS_EST,"[{""subtype"": ""Data sources"", ""type"": ""Source"", ""value"": ""Source: TIMSS 2023 G8""}]",https://data.unesco.org/api/explore/v2.1/catalog/datasets/uis001/records?where=indicator_id%3D%27FHLANGILP.LOWERSEC%27&order_by=country_id%2Cyear&limit=100&offset=100
FHLANGILP.LOWERSEC,lower_secondary,"Percentage of students in lower secondary education who have their first or home language as language of instruction, both sexes (%)",KWT,Kuwait,2023,80.23224639892578,,UIS_EST,"[{""subtype"": ""Data sources"", ""type"": ""Source"", ""value"": ""Source: TIMSS 2023 G8""}]",https://data.unesco.org/api/explore/v2.1/catalog/datasets/uis001/records?where=indicator_id%3D%27FHLANGILP.LOWERSEC%27&order_by=country_id%2Cyear&limit=100&offset=100
FHLANGILP.LOWERSEC,lower_secondary,"Percentage of students in lower secondary education who have their first or home language as language of instruction, both sexes (%)",LBN,Lebanon,2019,19.44901084899902,,UIS_EST,"[{""subtype"": ""Data sources"", ""type"": ""Source"", ""value"": ""UIS based on TIMSS 2019 G8""}]",https://data.unesco.org/api/explore/v2.1/catalog/datasets/uis001/records?where=indicator_id%3D%27FHLANGILP.LOWERSEC%27&order_by=country_id%2Cyear&limit=100&offset=200
FHLANGILP.LOWERSEC,lower_secondary,"Percentage of students in lower secondary education who have their first or home language as language of instruction, both sexes (%)",LIE,Liechtenstein,2012,88.25420379638672,,UIS_EST,"[{""subtype"": ""Data sources"", ""type"": ""Source"", ""value"": ""Source: PISA 2012""}]",https://data.unesco.org/api/explore/v2.1/catalog/datasets/uis001/records?where=indicator_id%3D%27FHLANGILP.LOWERSEC%27&order_by=country_id%2Cyear&limit=100&offset=200
FHLANGILP.LOWERSEC,lower_secondary,"Percentage of students in lower secondary education who have their first or home language as language of instruction, both sexes (%)",LTU,Lithuania,2023,94.2297134399414,,UIS_EST,"[{""subtype"": ""Data sources"", ""type"": ""Source"", ""value"": ""Source: TIMSS 2023 G8""}]",https://data.unesco.org/api/explore/v2.1/catalog/datasets/uis001/records?where=indicator_id%3D%27FHLANGILP.LOWERSEC%27&order_by=country_id%2Cyear&limit=100&offset=200
FHLANGILP.LOWERSEC,lower_secondary,"Percentage of students in lower secondary education who have their first or home language as language of instruction, both sexes (%)",LUX,Luxembourg,2018,17.11661911010742,,UIS_EST,"[{""subtype"": ""Data sources"", ""type"": ""Source"", ""value"": ""UIS based on PISA 2018""}]",https://data.unesco.org/api/explore/v2.1/catalog/datasets/uis001/records?where=indicator_id%3D%27FHLANGILP.LOWERSEC%27&order_by=country_id%2Cyear&limit=100&offset=200
FHLANGILP.LOWERSEC,lower_secondary,"Percentage of students in lower secondary education who have their first or home language as language of instruction, both sexes (%)",LVA,Latvia,2022,89.12602996826172,,UIS_EST,"[{""subtype"": ""Data sources"", ""type"": ""Source"", ""value"": ""Source: PISA 2022""}]",https://data.unesco.org/api/explore/v2.1/catalog/datasets/uis001/records?where=indicator_id%3D%27FHLANGILP.LOWERSEC%27&order_by=country_id%2Cyear&limit=100&offset=200
FHLANGILP.LOWERSEC,lower_secondary,"Percentage of students in lower secondary education who have their first or home language as language of instruction, both sexes (%)",MAC,"China, Macao Special Administrative Region",2022,81.33719635009766,,UIS_EST,"[{""subtype"": ""Data sources"", ""type"": ""Source"", ""value"": ""Source: PISA 2022""}]",https://data.unesco.org/api/explore/v2.1/catalog/datasets/uis001/records?where=indicator_id%3D%27FHLANGILP.LOWERSEC%27&order_by=country_id%2Cyear&limit=100&offset=200
FHLANGILP.LOWERSEC,lower_secondary,"Percentage of students in lower secondary education who have their first or home language as language of instruction, both sexes (%)",MAR,Morocco,2023,34.09379959106445,,UIS_EST,"[{""subtype"": ""Data sources"", ""type"": ""Source"", ""value"": ""Source: TIMSS 2023 G8""}]",https://data.unesco.org/api/explore/v2.1/catalog/datasets/uis001/records?where=indicator_id%3D%27FHLANGILP.LOWERSEC%27&order_by=country_id%2Cyear&limit=100&offset=200
FHLANGILP.LOWERSEC,lower_secondary,"Percentage of students in lower secondary education who have their first or home language as language of instruction, both sexes (%)",MDA,Republic of Moldova,2022,90.88160705566406,,UIS_EST,"[{""subtype"": ""Data sources"", ""type"": ""Source"", ""value"": ""Source: PISA 2022""}]",https://data.unesco.org/api/explore/v2.1/catalog/datasets/uis001/records?where=indicator_id%3D%27FHLANGILP.LOWERSEC%27&order_by=country_id%2Cyear&limit=100&offset=200
FHLANGILP.LOWERSEC,lower_secondary,"Percentage of students in lower secondary education who have their first or home language as language of instruction, both sexes (%)",MEX,Mexico,2022,97.28524017333984,,UIS_EST,"[{""subtype"": ""Data sources"", ""type"": ""Source"", ""value"": ""Source: PISA 2022""}]",https://data.unesco.org/api/explore/v2.1/catalog/datasets/uis001/records?where=indicator_id%3D%27FHLANGILP.LOWERSEC%27&order_by=country_id%2Cyear&limit=100&offset=200
FHLANGILP.LOWERSEC,lower_secondary,"Percentage of students in lower secondary education who have their first or home language as language of instruction, both sexes (%)",MKD,North Macedonia,2022,93.47747802734376,,UIS_EST,"[{""subtype"": ""Data sources"", ""type"": ""Source"", ""value"": ""Source: PISA 2022""}]",https://data.unesco.org/api/explore/v2.1/catalog/datasets/uis001/records?where=indicator_id%3D%27FHLANGILP.LOWERSEC%27&order_by=country_id%2Cyear&limit=100&offset=200
FHLANGILP.LOWERSEC,lower_secondary,"Percentage of students in lower secondary education who have their first or home language as language of instruction, both sexes (%)",MLT,Malta,2023,35.46479034423828,,UIS_EST,"[{""subtype"": ""Data sources"", ""type"": ""Source"", ""value"": ""Source: TIMSS 2023 G8""}]",https://data.unesco.org/api/explore/v2.1/catalog/datasets/uis001/records?where=indicator_id%3D%27FHLANGILP.LOWERSEC%27&order_by=country_id%2Cyear&limit=100&offset=200
FHLANGILP.LOWERSEC,lower_secondary,"Percentage of students in lower secondary education who have their first or home language as language of instruction, both sexes (%)",MNE,Montenegro,2022,96.3391571044922,,UIS_EST,"[{""subtype"": ""Data sources"", ""type"": ""Source"", ""value"": ""Source: PISA 2022""}]",https://data.unesco.org/api/explore/v2.1/catalog/datasets/uis001/records?where=indicator_id%3D%27FHLANGILP.LOWERSEC%27&order_by=country_id%2Cyear&limit=100&offset=200
FHLANGILP.LOWERSEC,lower_secondary,"Percentage of students in lower secondary education who have their first or home language as language of instruction, both sexes (%)",MNG,Mongolia,2022,94.06754302978516,,UIS_EST,"[{""subtype"": ""Data sources"", ""type"": ""Source"", ""value"": ""Source: PISA 2022""}]",https://data.unesco.org/api/explore/v2.1/catalog/datasets/uis001/records?where=indicator_id%3D%27FHLANGILP.LOWERSEC%27&order_by=country_id%2Cyear&limit=100&offset=200
FHLANGILP.LOWERSEC,lower_secondary,"Percentage of students in lower secondary education who have their first or home language as language of instruction, both sexes (%)",MYS,Malaysia,2023,75.77581024169922,,UIS_EST,"[{""subtype"": ""Data sources"", ""type"": ""Source"", ""value"": ""Source: TIMSS 2023 G8""}]",https://data.unesco.org/api/explore/v2.1/catalog/datasets/uis001/records?where=indicator_id%3D%27FHLANGILP.LOWERSEC%27&order_by=country_id%2Cyear&limit=100&offset=200
FHLANGILP.LOWERSEC,lower_secondary,"Percentage of students in lower secondary education who have their first or home language as language of instruction, both sexes (%)",NLD,Netherlands,2022,86.79102325439453,,UIS_EST,"[{""subtype"": ""Data sources"", ""type"": ""Source"", ""value"": ""Source: PISA 2022""}]",https://data.unesco.org/api/explore/v2.1/catalog/datasets/uis001/records?where=indicator_id%3D%27FHLANGILP.LOWERSEC%27&order_by=country_id%2Cyear&limit=100&offset=200
FHLANGILP.LOWERSEC,lower_secondary,"Percentage of students in lower secondary education who have their first or home language as language of instruction, both sexes (%)",NOR,Norway,2023,87.8666763305664,,UIS_EST,"[{""subtype"": ""Data sources"", ""type"": ""Source"", ""value"": ""Source: TIMSS 2023 G8""}]",https://data.unesco.org/api/explore/v2.1/catalog/datasets/uis001/records?where=indicator_id%3D%27FHLANGILP.LOWERSEC%27&order_by=country_id%2Cyear&limit=100&offset=200
FHLANGILP.LOWERSEC,lower_secondary,"Percentage of students in lower secondary education who have their first or home language as language of instruction, both sexes (%)",NZL,New Zealand,2023,88.04915618896484,,UIS_EST,"[{""subtype"": ""Data sources"", ""type"": ""Source"", ""value"": ""Source: TIMSS 2023 G8""}]",https://data.unesco.org/api/explore/v2.1/catalog/datasets/uis001/records?where=indicator_id%3D%27FHLANGILP.LOWERSEC%27&order_by=country_id%2Cyear&limit=100&offset=200
FHLANGILP.LOWERSEC,lower_secondary,"Percentage of students in lower secondary education who have their first or home language as language of instruction, both sexes (%)",OMN,Oman,2023,75.5728530883789,,UIS_EST,"[{""subtype"": ""Data sources"", ""type"": ""Source"", ""value"": ""Source: TIMSS 2023 G8""}]",https://data.unesco.org/api/explore/v2.1/catalog/datasets/uis001/records?where=indicator_id%3D%27FHLANGILP.LOWERSEC%27&order_by=country_id%2Cyear&limit=100&offset=200
FHLANGILP.LOWERSEC,lower_secondary,"Percentage of students in lower secondary education who have their first or home language as language of instruction, both sexes (%)",PAN,Panama,2022,89.06036376953125,,UIS_EST,"[{""subtype"": ""Data sources"", ""type"": ""Source"", ""value"": ""Source: PISA 2022""}]",https://data.unesco.org/api/explore/v2.1/catalog/datasets/uis001/records?where=indicator_id%3D%27FHLANGILP.LOWERSEC%27&order_by=country_id%2Cyear&limit=100&offset=200
FHLANGILP.LOWERSEC,lower_secondary,"Percentage of students in lower secondary education who have their first or home language as language of instruction, both sexes (%)",PER,Peru,2022,94.24221801757812,,UIS_EST,"[{""subtype"": ""Data sources"", ""type"": ""Source"", ""value"": ""Source: PISA 2022""}]",https://data.unesco.org/api/explore/v2.1/catalog/datasets/uis001/records?where=indicator_id%3D%27FHLANGILP.LOWERSEC%27&order_by=country_id%2Cyear&limit=100&offset=200
FHLANGILP.LOWERSEC,lower_secondary,"Percentage of students in lower secondary education who have their first or home language as language of instruction, both sexes (%)",PHL,Philippines,2022,6.978402137756348,,UIS_EST,"[{""subtype"": ""Data sources"", ""type"": ""Source"", ""value"": ""Source: PISA 2022""}]",https://data.unesco.org/api/explore/v2.1/catalog/datasets/uis001/records?where=indicator_id%3D%27FHLANGILP.LOWERSEC%27&order_by=country_id%2Cyear&limit=100&offset=200
FHLANGILP.LOWERSEC,lower_secondary,"Percentage of students in lower secondary education who have their first or home language as language of instruction, both sexes (%)",POL,Poland,2022,97.98500823974608,,UIS_EST,"[{""subtype"": ""Data sources"", ""type"": ""Source"", ""value"": ""Source: PISA 2022""}]",https://data.unesco.org/api/explore/v2.1/catalog/datasets/uis001/records?where=indicator_id%3D%27FHLANGILP.LOWERSEC%27&order_by=country_id%2Cyear&limit=100&offset=200
FHLANGILP.LOWERSEC,lower_secondary,"Percentage of students in lower secondary education who have their first or home language as language of instruction, both sexes (%)",PRT,Portugal,2023,95.86945343017578,,UIS_EST,"[{""subtype"": ""Data sources"", ""type"": ""Source"", ""value"": ""Source: TIMSS 2023 G8""}]",https://data.unesco.org/api/explore/v2.1/catalog/datasets/uis001/records?where=indicator_id%3D%27FHLANGILP.LOWERSEC%27&order_by=country_id%2Cyear&limit=100&offset=200
FHLANGILP.LOWERSEC,lower_secondary,"Percentage of students in lower secondary education who have their first or home language as language of instruction, both sexes (%)",PRY,Paraguay,2022,58.53794860839844,,UIS_EST,"[{""subtype"": ""Data sources"", ""type"": ""Source"", ""value"": ""Source: PISA 2022""}]",https://data.unesco.org/api/explore/v2.1/catalog/datasets/uis001/records?where=indicator_id%3D%27FHLANGILP.LOWERSEC%27&order_by=country_id%2Cyear&limit=100&offset=200
FHLANGILP.LOWERSEC,lower_secondary,"Percentage of students in lower secondary education who have their first or home language as language of instruction, both sexes (%)",PSE,Palestine,2023,90.2422103881836,,UIS_EST,"[{""subtype"": ""Data sources"", ""type"": ""Source"", ""value"": ""Source: TIMSS 2023 G8""}]",https://data.unesco.org/api/explore/v2.1/catalog/datasets/uis001/records?where=indicator_id%3D%27FHLANGILP.LOWERSEC%27&order_by=country_id%2Cyear&limit=100&offset=200
FHLANGILP.LOWERSEC,lower_secondary,"Percentage of students in lower secondary education who have their first or home language as language of instruction, both sexes (%)",QAT,Qatar,2023,69.70525360107422,,UIS_EST,"[{""subtype"": ""Data sources"", ""type"": ""Source"", ""value"": ""Source: TIMSS 2023 G8""}]",https://data.unesco.org/api/explore/v2.1/catalog/datasets/uis001/records?where=indicator_id%3D%27FHLANGILP.LOWERSEC%27&order_by=country_id%2Cyear&limit=100&offset=200
FHLANGILP.LOWERSEC,lower_secondary,"Percentage of students in lower secondary education who have their first or home language as language of instruction, both sexes (%)",ROU,Romania,2023,95.92047119140624,,UIS_EST,"[{""subtype"": ""Data sources"", ""type"": ""Source"", ""value"": ""Source: TIMSS 2023 G8""}]",https://data.unesco.org/api/explore/v2.1/catalog/datasets/uis001/records?where=indicator_id%3D%27FHLANGILP.LOWERSEC%27&order_by=country_id%2Cyear&limit=100&offset=300
FHLANGILP.LOWERSEC,lower_secondary,"Percentage of students in lower secondary education who have their first or home language as language of instruction, both sexes (%)",RUS,Russian Federation,2019,93.12169647216795,,UIS_EST,"[{""subtype"": ""Data sources"", ""type"": ""Source"", ""value"": ""UIS based on TIMSS 2019 G8""}]",https://data.unesco.org/api/explore/v2.1/catalog/datasets/uis001/records?where=indicator_id%3D%27FHLANGILP.LOWERSEC%27&order_by=country_id%2Cyear&limit=100&offset=300
FHLANGILP.LOWERSEC,lower_secondary,"Percentage of students in lower secondary education who have their first or home language as language of instruction, both sexes (%)",SAU,Saudi Arabia,2023,90.01438903808594,,UIS_EST,"[{""subtype"": ""Data sources"", ""type"": ""Source"", ""value"": ""Source: TIMSS 2023 G8""}]",https://data.unesco.org/api/explore/v2.1/catalog/datasets/uis001/records?where=indicator_id%3D%27FHLANGILP.LOWERSEC%27&order_by=country_id%2Cyear&limit=100&offset=300
FHLANGILP.LOWERSEC,lower_secondary,"Percentage of students in lower secondary education who have their first or home language as language of instruction, both sexes (%)",SGP,Singapore,2023,82.21711730957031,,UIS_EST,"[{""subtype"": ""Data sources"", ""type"": ""Source"", ""value"": ""Source: TIMSS 2023 G8""}]",https://data.unesco.org/api/explore/v2.1/catalog/datasets/uis001/records?where=indicator_id%3D%27FHLANGILP.LOWERSEC%27&order_by=country_id%2Cyear&limit=100&offset=300
FHLANGILP.LOWERSEC,lower_secondary,"Percentage of students in lower secondary education who have their first or home language as language of instruction, both sexes (%)",SLV,El Salvador,2022,98.4719696044922,,UIS_EST,"[{""subtype"": ""Data sources"", ""type"": ""Source"", ""value"": ""Source: PISA 2022""}]",https://data.unesco.org/api/explore/v2.1/catalog/datasets/uis001/records?where=indicator_id%3D%27FHLANGILP.LOWERSEC%27&order_by=country_id%2Cyear&limit=100&offset=300
FHLANGILP.LOWERSEC,lower_secondary,"Percentage of students in lower secondary education who have their first or home language as language of instruction, both sexes (%)",SRB,Serbia,2022,96.6543426513672,,UIS_EST,"[{""subtype"": ""Data sources"", ""type"": ""Source"", ""value"": ""Source: PISA 2022""}]",https://data.unesco.org/api/explore/v2.1/catalog/datasets/uis001/records?where=indicator_id%3D%27FHLANGILP.LOWERSEC%27&order_by=country_id%2Cyear&limit=100&offset=300
FHLANGILP.LOWERSEC,lower_secondary,"Percentage of students in lower secondary education who have their first or home language as language of instruction, both sexes (%)",SVK,Slovakia,2022,88.81813049316406,,UIS_EST,"[{""subtype"": ""Data sources"", ""type"": ""Source"", ""value"": ""Source: PISA 2022""}]",https://data.unesco.org/api/explore/v2.1/catalog/datasets/uis001/records?where=indicator_id%3D%27FHLANGILP.LOWERSEC%27&order_by=country_id%2Cyear&limit=100&offset=300
FHLANGILP.LOWERSEC,lower_secondary,"Percentage of students in lower secondary education who have their first or home language as language of instruction, both sexes (%)",SVN,Slovenia,2022,88.53093719482422,,UIS_EST,"[{""subtype"": ""Data sources"", ""type"": ""Source"", ""value"": ""Source: PISA 2022""}]",https://data.unesco.org/api/explore/v2.1/catalog/datasets/uis001/records?where=indicator_id%3D%27FHLANGILP.LOWERSEC%27&order_by=country_id%2Cyear&limit=100&offset=300
FHLANGILP.LOWERSEC,lower_secondary,"Percentage of students in lower secondary education who have their first or home language as language of instruction, both sexes (%)",SWE,Sweden,2023,86.11177825927734,,UIS_EST,"[{""subtype"": ""Data sources"", ""type"": ""Source"", ""value"": ""Source: TIMSS 2023 G8""}]",https://data.unesco.org/api/explore/v2.1/catalog/datasets/uis001/records?where=indicator_id%3D%27FHLANGILP.LOWERSEC%27&order_by=country_id%2Cyear&limit=100&offset=300
FHLANGILP.LOWERSEC,lower_secondary,"Percentage of students in lower secondary education who have their first or home language as language of instruction, both sexes (%)",THA,Thailand,2022,96.74957275390624,,UIS_EST,"[{""subtype"": ""Data sources"", ""type"": ""Source"", ""value"": ""Source: PISA 2022""}]",https://data.unesco.org/api/explore/v2.1/catalog/datasets/uis001/records?where=indicator_id%3D%27FHLANGILP.LOWERSEC%27&order_by=country_id%2Cyear&limit=100&offset=300
FHLANGILP.LOWERSEC,lower_secondary,"Percentage of students in lower secondary education who have their first or home language as language of instruction, both sexes (%)",TTO,Trinidad and Tobago,2015,96.61311340332033,,UIS_EST,"[{""subtype"": ""Data sources"", ""type"": ""Source"", ""value"": ""UIS based on PISA 2015""}]",https://data.unesco.org/api/explore/v2.1/catalog/datasets/uis001/records?where=indicator_id%3D%27FHLANGILP.LOWERSEC%27&order_by=country_id%2Cyear&limit=100&offset=300
FHLANGILP.LOWERSEC,lower_secondary,"Percentage of students in lower secondary education who have their first or home language as language of instruction, both sexes (%)",TUN,Tunisia,2015,93.2449188232422,,UIS_EST,"[{""subtype"": ""Data sources"", ""type"": ""Source"", ""value"": ""UIS based on PISA 2015""}]",https://data.unesco.org/api/explore/v2.1/catalog/datasets/uis001/records?where=indicator_id%3D%27FHLANGILP.LOWERSEC%27&order_by=country_id%2Cyear&limit=100&offset=300
FHLANGILP.LOWERSEC,lower_secondary,"Percentage of students in lower secondary education who have their first or home language as language of instruction, both sexes (%)",TUR,Türkiye,2023,93.9523468017578,,UIS_EST,"[{""subtype"": ""Data sources"", ""type"": ""Source"", ""value"": ""Source: TIMSS 2023 G8""}]",https://data.unesco.org/api/explore/v2.1/catalog/datasets/uis001/records?where=indicator_id%3D%27FHLANGILP.LOWERSEC%27&order_by=country_id%2Cyear&limit=100&offset=300
FHLANGILP.LOWERSEC,lower_secondary,"Percentage of students in lower secondary education who have their first or home language as language of instruction, both sexes (%)",UKR,Ukraine,2018,63.7884407043457,,UIS_EST,"[{""subtype"": ""Data sources"", ""type"": ""Source"", ""value"": ""UIS based on PISA 2018""}]",https://data.unesco.org/api/explore/v2.1/catalog/datasets/uis001/records?where=indicator_id%3D%27FHLANGILP.LOWERSEC%27&order_by=country_id%2Cyear&limit=100&offset=300
FHLANGILP.LOWERSEC,lower_secondary,"Percentage of students in lower secondary education who have their first or home language as language of instruction, both sexes (%)",URY,Uruguay,2022,96.24188995361328,,UIS_EST,"[{""subtype"": ""Data sources"", ""type"": ""Source"", ""value"": ""Source: PISA 2022""}]",https://data.unesco.org/api/explore/v2.1/catalog/datasets/uis001/records?where=indicator_id%3D%27FHLANGILP.LOWERSEC%27&order_by=country_id%2Cyear&limit=100&offset=300
FHLANGILP.LOWERSEC,lower_secondary,"Percentage of students in lower secondary education who have their first or home language as language of instruction, both sexes (%)",USA,United States of America,2023,86.09323120117188,,UIS_EST,"[{""subtype"": ""Data sources"", ""type"": ""Source"", ""value"": ""Source: TIMSS 2023 G8""}]",https://data.unesco.org/api/explore/v2.1/catalog/datasets/uis001/records?where=indicator_id%3D%27FHLANGILP.LOWERSEC%27&order_by=country_id%2Cyear&limit=100&offset=300
FHLANGILP.LOWERSEC,lower_secondary,"Percentage of students in lower secondary education who have their first or home language as language of instruction, both sexes (%)",UZB,Uzbekistan,2023,93.19302368164064,,UIS_EST,"[{""subtype"": ""Data sources"", ""type"": ""Source"", ""value"": ""Source: TIMSS 2023 G8""}]",https://data.unesco.org/api/explore/v2.1/catalog/datasets/uis001/records?where=indicator_id%3D%27FHLANGILP.LOWERSEC%27&order_by=country_id%2Cyear&limit=100&offset=300
FHLANGILP.LOWERSEC,lower_secondary,"Percentage of students in lower secondary education who have their first or home language as language of instruction, both sexes (%)",VNM,Viet Nam,2022,94.3469467163086,,UIS_EST,"[{""subtype"": ""Data sources"", ""type"": ""Source"", ""value"": ""Source: PISA 2022""}]",https://data.unesco.org/api/explore/v2.1/catalog/datasets/uis001/records?where=indicator_id%3D%27FHLANGILP.LOWERSEC%27&order_by=country_id%2Cyear&limit=100&offset=300
FHLANGILP.LOWERSEC,lower_secondary,"Percentage of students in lower secondary education who have their first or home language as language of instruction, both sexes (%)",ZAF,South Africa,2023,29.57798004150391,,UIS_EST,"[{""subtype"": ""Data sources"", ""type"": ""Source"", ""value"": ""Source: TIMSS 2023 G8""}]",https://data.unesco.org/api/explore/v2.1/catalog/datasets/uis001/records?where=indicator_id%3D%27FHLANGILP.LOWERSEC%27&order_by=country_id%2Cyear&limit=100&offset=300
FHLANGILP.PRIMARY,end_primary,"Percentage of students at the end of primary education who have their first or home language as language of instruction, both sexes (%)",ALB,Albania,2023,90.38775634765624,,UIS_EST,"[{""subtype"": ""Data sources"", ""type"": ""Source"", ""value"": ""Source: TIMSS 2023 G4""}]",https://data.unesco.org/api/explore/v2.1/catalog/datasets/uis001/records?where=indicator_id%3D%27FHLANGILP.PRIMARY%27&order_by=country_id%2Cyear&limit=100&offset=0
FHLANGILP.PRIMARY,end_primary,"Percentage of students at the end of primary education who have their first or home language as language of instruction, both sexes (%)",ARE,United Arab Emirates,2023,45.08079147338867,,UIS_EST,"[{""subtype"": ""Data sources"", ""type"": ""Source"", ""value"": ""Source: TIMSS 2023 G4""}]",https://data.unesco.org/api/explore/v2.1/catalog/datasets/uis001/records?where=indicator_id%3D%27FHLANGILP.PRIMARY%27&order_by=country_id%2Cyear&limit=100&offset=0
FHLANGILP.PRIMARY,end_primary,"Percentage of students at the end of primary education who have their first or home language as language of instruction, both sexes (%)",ARG,Argentina,2019,93.5112762451172,,UIS_EST,"[{""subtype"": ""Data sources"", ""type"": ""Source"", ""value"": ""Source: LLECE 2019 G6""}]",https://data.unesco.org/api/explore/v2.1/catalog/datasets/uis001/records?where=indicator_id%3D%27FHLANGILP.PRIMARY%27&order_by=country_id%2Cyear&limit=100&offset=0
FHLANGILP.PRIMARY,end_primary,"Percentage of students at the end of primary education who have their first or home language as language of instruction, both sexes (%)",ARM,Armenia,2023,88.10360717773438,,UIS_EST,"[{""subtype"": ""Data sources"", ""type"": ""Source"", ""value"": ""Source: TIMSS 2023 G4""}]",https://data.unesco.org/api/explore/v2.1/catalog/datasets/uis001/records?where=indicator_id%3D%27FHLANGILP.PRIMARY%27&order_by=country_id%2Cyear&limit=100&offset=0
FHLANGILP.PRIMARY,end_primary,"Percentage of students at the end of primary education who have their first or home language as language of instruction, both sexes (%)",AUS,Australia,2023,79.1720962524414,,UIS_EST,"[{""subtype"": ""Data sources"", ""type"": ""Source"", ""value"": ""Source: TIMSS 2023 G4""}]",https://data.unesco.org/api/explore/v2.1/catalog/datasets/uis001/records?where=indicator_id%3D%27FHLANGILP.PRIMARY%27&order_by=country_id%2Cyear&limit=100&offset=0
FHLANGILP.PRIMARY,end_primary,"Percentage of students at the end of primary education who have their first or home language as language of instruction, both sexes (%)",AZE,Azerbaijan,2023,82.4139175415039,,UIS_EST,"[{""subtype"": ""Data sources"", ""type"": ""Source"", ""value"": ""Source: TIMSS 2023 G4""}]",https://data.unesco.org/api/explore/v2.1/catalog/datasets/uis001/records?where=indicator_id%3D%27FHLANGILP.PRIMARY%27&order_by=country_id%2Cyear&limit=100&offset=0
FHLANGILP.PRIMARY,end_primary,"Percentage of students at the end of primary education who have their first or home language as language of instruction, both sexes (%)",BDI,Burundi,2019,3.987472057342529,,UIS_EST,"[{""subtype"": ""Data sources"", ""type"": ""Source"", ""value"": ""UIS based on PASEC 2019 G6""}]",https://data.unesco.org/api/explore/v2.1/catalog/datasets/uis001/records?where=indicator_id%3D%27FHLANGILP.PRIMARY%27&order_by=country_id%2Cyear&limit=100&offset=0
FHLANGILP.PRIMARY,end_primary,"Percentage of students at the end of primary education who have their first or home language as language of instruction, both sexes (%)",BEN,Benin,2019,15.22772979736328,,UIS_EST,"[{""subtype"": ""Data sources"", ""type"": ""Source"", ""value"": ""UIS based on PASEC 2019 G6""}]",https://data.unesco.org/api/explore/v2.1/catalog/datasets/uis001/records?where=indicator_id%3D%27FHLANGILP.PRIMARY%27&order_by=country_id%2Cyear&limit=100&offset=0
FHLANGILP.PRIMARY,end_primary,"Percentage of students at the end of primary education who have their first or home language as language of instruction, both sexes (%)",BFA,Burkina Faso,2019,9.420843124389648,,UIS_EST,"[{""subtype"": ""Data sources"", ""type"": ""Source"", ""value"": ""UIS based on PASEC 2019 G6""}]",https://data.unesco.org/api/explore/v2.1/catalog/datasets/uis001/records?where=indicator_id%3D%27FHLANGILP.PRIMARY%27&order_by=country_id%2Cyear&limit=100&offset=0
FHLANGILP.PRIMARY,end_primary,"Percentage of students at the end of primary education who have their first or home language as language of instruction, both sexes (%)",BGD,Bangladesh,2019,98.99015045166016,,UIS_EST,"[{""subtype"": ""Data sources"", ""type"": ""Source"", ""value"": ""UIS based on MICS 6""}]",https://data.unesco.org/api/explore/v2.1/catalog/datasets/uis001/records?where=indicator_id%3D%27FHLANGILP.PRIMARY%27&order_by=country_id%2Cyear&limit=100&offset=0
FHLANGILP.PRIMARY,end_primary,"Percentage of students at the end of primary education who have their first or home language as language of instruction, both sexes (%)",BGR,Bulgaria,2023,80.34935760498047,,UIS_EST,"[{""subtype"": ""Data sources"", ""type"": ""Source"", ""value"": ""Source: TIMSS 2023 G4""}]",https://data.unesco.org/api/explore/v2.1/catalog/datasets/uis001/records?where=indicator_id%3D%27FHLANGILP.PRIMARY%27&order_by=country_id%2Cyear&limit=100&offset=0
FHLANGILP.PRIMARY,end_primary,"Percentage of students at the end of primary education who have their first or home language as language of instruction, both sexes (%)",BHR,Bahrain,2023,62.41606903076172,,UIS_EST,"[{""subtype"": ""Data sources"", ""type"": ""Source"", ""value"": ""Source: TIMSS 2023 G4""}]",https://data.unesco.org/api/explore/v2.1/catalog/datasets/uis001/records?where=indicator_id%3D%27FHLANGILP.PRIMARY%27&order_by=country_id%2Cyear&limit=100&offset=0
FHLANGILP.PRIMARY,end_primary,"Percentage of students at the end of primary education who have their first or home language as language of instruction, both sexes (%)",BIH,Bosnia and Herzegovina,2023,90.37351989746094,,UIS_EST,"[{""subtype"": ""Data sources"", ""type"": ""Source"", ""value"": ""Source: TIMSS 2023 G4""}]",https://data.unesco.org/api/explore/v2.1/catalog/datasets/uis001/records?where=indicator_id%3D%27FHLANGILP.PRIMARY%27&order_by=country_id%2Cyear&limit=100&offset=0
FHLANGILP.PRIMARY,end_primary,"Percentage of students at the end of primary education who have their first or home language as language of instruction, both sexes (%)",BRA,Brazil,2023,89.33985137939453,,UIS_EST,"[{""subtype"": ""Data sources"", ""type"": ""Source"", ""value"": ""Source: TIMSS 2023 G4""}]",https://data.unesco.org/api/explore/v2.1/catalog/datasets/uis001/records?where=indicator_id%3D%27FHLANGILP.PRIMARY%27&order_by=country_id%2Cyear&limit=100&offset=0
FHLANGILP.PRIMARY,end_primary,"Percentage of students at the end of primary education who have their first or home language as language of instruction, both sexes (%)",CAF,Central African Republic,2019,3.865786075592041,,UIS_EST,"[{""subtype"": ""Data sources"", ""type"": ""Source"", ""value"": ""UIS based on MICS 6""}]",https://data.unesco.org/api/explore/v2.1/catalog/datasets/uis001/records?where=indicator_id%3D%27FHLANGILP.PRIMARY%27&order_by=country_id%2Cyear&limit=100&offset=0
FHLANGILP.PRIMARY,end_primary,"Percentage of students at the end of primary education who have their first or home language as language of instruction, both sexes (%)",CAN,Canada,2023,71.0042724609375,,UIS_EST,"[{""subtype"": ""Data sources"", ""type"": ""Source"", ""value"": ""Source: TIMSS 2023 G4""}]",https://data.unesco.org/api/explore/v2.1/catalog/datasets/uis001/records?where=indicator_id%3D%27FHLANGILP.PRIMARY%27&order_by=country_id%2Cyear&limit=100&offset=0
FHLANGILP.PRIMARY,end_primary,"Percentage of students at the end of primary education who have their first or home language as language of instruction, both sexes (%)",CHL,Chile,2023,92.64676666259766,,UIS_EST,"[{""subtype"": ""Data sources"", ""type"": ""Source"", ""value"": ""Source: TIMSS 2023 G4""}]",https://data.unesco.org/api/explore/v2.1/catalog/datasets/uis001/records?where=indicator_id%3D%27FHLANGILP.PRIMARY%27&order_by=country_id%2Cyear&limit=100&offset=0
FHLANGILP.PRIMARY,end_primary,"Percentage of students at the end of primary education who have their first or home language as language of instruction, both sexes (%)",CIV,Côte d'Ivoire,2019,23.79733085632324,,UIS_EST,"[{""subtype"": ""Data sources"", ""type"": ""Source"", ""value"": ""UIS based on PASEC 2019 G6""}]",https://data.unesco.org/api/explore/v2.1/catalog/datasets/uis001/records?where=indicator_id%3D%27FHLANGILP.PRIMARY%27&order_by=country_id%2Cyear&limit=100&offset=0
FHLANGILP.PRIMARY,end_primary,"Percentage of students at the end of primary education who have their first or home language as language of instruction, both sexes (%)",CMR,Cameroon,2019,32.84004974365234,,UIS_EST,"[{""subtype"": ""Data sources"", ""type"": ""Source"", ""value"": ""UIS based on PASEC 2019 G6""}]",https://data.unesco.org/api/explore/v2.1/catalog/datasets/uis001/records?where=indicator_id%3D%27FHLANGILP.PRIMARY%27&order_by=country_id%2Cyear&limit=100&offset=0
FHLANGILP.PRIMARY,end_primary,"Percentage of students at the end of primary education who have their first or home language as language of instruction, both sexes (%)",COD,Democratic Republic of the Congo,2019,14.02291011810303,,UIS_EST,"[{""subtype"": ""Data sources"", ""type"": ""Source"", ""value"": ""UIS based on PASEC 2019 G6""}]",https://data.unesco.org/api/explore/v2.1/catalog/datasets/uis001/records?where=indicator_id%3D%27FHLANGILP.PRIMARY%27&order_by=country_id%2Cyear&limit=100&offset=0
FHLANGILP.PRIMARY,end_primary,"Percentage of students at the end of primary education who have their first or home language as language of instruction, both sexes (%)",COG,Congo,2019,36.41246032714844,,UIS_EST,"[{""subtype"": ""Data sources"", ""type"": ""Source"", ""value"": ""UIS based on PASEC 2019 G6""}]",https://data.unesco.org/api/explore/v2.1/catalog/datasets/uis001/records?where=indicator_id%3D%27FHLANGILP.PRIMARY%27&order_by=country_id%2Cyear&limit=100&offset=0
FHLANGILP.PRIMARY,end_primary,"Percentage of students at the end of primary education who have their first or home language as language of instruction, both sexes (%)",COL,Colombia,2019,97.13899230957033,,UIS_EST,"[{""subtype"": ""Data sources"", ""type"": ""Source"", ""value"": ""Source: LLECE 2019 G6""}]",https://data.unesco.org/api/explore/v2.1/catalog/datasets/uis001/records?where=indicator_id%3D%27FHLANGILP.PRIMARY%27&order_by=country_id%2Cyear&limit=100&offset=0
FHLANGILP.PRIMARY,end_primary,"Percentage of students at the end of primary education who have their first or home language as language of instruction, both sexes (%)",CRI,Costa Rica,2019,94.80877685546876,,UIS_EST,"[{""subtype"": ""Data sources"", ""type"": ""Source"", ""value"": ""Source: LLECE 2019 G6""}]",https://data.unesco.org/api/explore/v2.1/catalog/datasets/uis001/records?where=indicator_id%3D%27FHLANGILP.PRIMARY%27&order_by=country_id%2Cyear&limit=100&offset=0
FHLANGILP.PRIMARY,end_primary,"Percentage of students at the end of primary education who have their first or home language as language of instruction, both sexes (%)",CUB,Cuba,2019,98.29892730712892,,UIS_EST,"[{""subtype"": ""Data sources"", ""type"": ""Source"", ""value"": ""Source: LLECE 2019 G6""}]",https://data.unesco.org/api/explore/v2.1/catalog/datasets/uis001/records?where=indicator_id%3D%27FHLANGILP.PRIMARY%27&order_by=country_id%2Cyear&limit=100&offset=0
FHLANGILP.PRIMARY,end_primary,"Percentage of students at the end of primary education who have their first or home language as language of instruction, both sexes (%)",CYP,Cyprus,2023,71.35604858398438,,UIS_EST,"[{""subtype"": ""Data sources"", ""type"": ""Source"", ""value"": ""Source: TIMSS 2023 G4""}]",https://data.unesco.org/api/explore/v2.1/catalog/datasets/uis001/records?where=indicator_id%3D%27FHLANGILP.PRIMARY%27&order_by=country_id%2Cyear&limit=100&offset=0
FHLANGILP.PRIMARY,end_primary,"Percentage of students at the end of primary education who have their first or home language as language of instruction, both sexes (%)",CZE,Czechia,2023,85.66694641113281,,UIS_EST,"[{""subtype"": ""Data sources"", ""type"": ""Source"", ""value"": ""Source: TIMSS 2023 G4""}]",https://data.unesco.org/api/explore/v2.1/catalog/datasets/uis001/records?where=indicator_id%3D%27FHLANGILP.PRIMARY%27&order_by=country_id%2Cyear&limit=100&offset=0
FHLANGILP.PRIMARY,end_primary,"Percentage of students at the end of primary education who have their first or home language as language of instruction, both sexes (%)",DEU,Germany,2023,74.49767303466797,,UIS_EST,"[{""subtype"": ""Data sources"", ""type"": ""Source"", ""value"": ""Source: TIMSS 2023 G4""}]",https://data.unesco.org/api/explore/v2.1/catalog/datasets/uis001/records?where=indicator_id%3D%27FHLANGILP.PRIMARY%27&order_by=country_id%2Cyear&limit=100&offset=0
FHLANGILP.PRIMARY,end_primary,"Percentage of students at the end of primary education who have their first or home language as language of instruction, both sexes (%)",DNK,Denmark,2023,81.00276184082031,,UIS_EST,"[{""subtype"": ""Data sources"", ""type"": ""Source"", ""value"": ""Source: TIMSS 2023 G4""}]",https://data.unesco.org/api/explore/v2.1/catalog/datasets/uis001/records?where=indicator_id%3D%27FHLANGILP.PRIMARY%27&order_by=country_id%2Cyear&limit=100&offset=0
FHLANGILP.PRIMARY,end_primary,"Percentage of students at the end of primary education who have their first or home language as language of instruction, both sexes (%)",DOM,Dominican Republic,2019,94.4600830078125,,UIS_EST,"[{""subtype"": ""Data sources"", ""type"": ""Source"", ""value"": ""Source: LLECE 2019 G6""}]",https://data.unesco.org/api/explore/v2.1/catalog/datasets/uis001/records?where=indicator_id%3D%27FHLANGILP.PRIMARY%27&order_by=country_id%2Cyear&limit=100&offset=0
FHLANGILP.PRIMARY,end_primary,"Percentage of students at the end of primary education who have their first or home language as language of instruction, both sexes (%)",ECU,Ecuador,2019,94.8586883544922,,UIS_EST,"[{""subtype"": ""Data sources"", ""type"": ""Source"", ""value"": ""Source: LLECE 2019 G6""}]",https://data.unesco.org/api/explore/v2.1/catalog/datasets/uis001/records?where=indicator_id%3D%27FHLANGILP.PRIMARY%27&order_by=country_id%2Cyear&limit=100&offset=0
FHLANGILP.PRIMARY,end_primary,"Percentage of students at the end of primary education who have their first or home language as language of instruction, both sexes (%)",ESP,Spain,2023,67.9234619140625,,UIS_EST,"[{""subtype"": ""Data sources"", ""type"": ""Source"", ""value"": ""Source: TIMSS 2023 G4""}]",https://data.unesco.org/api/explore/v2.1/catalog/datasets/uis001/records?where=indicator_id%3D%27FHLANGILP.PRIMARY%27&order_by=country_id%2Cyear&limit=100&offset=0
FHLANGILP.PRIMARY,end_primary,"Percentage of students at the end of primary education who have their first or home language as language of instruction, both sexes (%)",FIN,Finland,2023,84.38468933105469,,UIS_EST,"[{""subtype"": ""Data sources"", ""type"": ""Source"", ""value"": ""Source: TIMSS 2023 G4""}]",https://data.unesco.org/api/explore/v2.1/catalog/datasets/uis001/records?where=indicator_id%3D%27FHLANGILP.PRIMARY%27&order_by=country_id%2Cyear&limit=100&offset=0
FHLANGILP.PRIMARY,end_primary,"Percentage of students at the end of primary education who have their first or home language as language of instruction, both sexes (%)",FJI,Fiji,2018,17.26752090454102,,UIS_EST,"[{""subtype"": ""Data sources"", ""type"": ""Source"", ""value"": ""UIS based on MICS 6""}]",https://data.unesco.org/api/explore/v2.1/catalog/datasets/uis001/records?where=indicator_id%3D%27FHLANGILP.PRIMARY%27&order_by=country_id%2Cyear&limit=100&offset=0
FHLANGILP.PRIMARY,end_primary,"Percentage of students at the end of primary education who have their first or home language as language of instruction, both sexes (%)",FRA,France,2023,78.99799346923828,,UIS_EST,"[{""subtype"": ""Data sources"", ""type"": ""Source"", ""value"": ""Source: TIMSS 2023 G4""}]",https://data.unesco.org/api/explore/v2.1/catalog/datasets/uis001/records?where=indicator_id%3D%27FHLANGILP.PRIMARY%27&order_by=country_id%2Cyear&limit=100&offset=0
FHLANGILP.PRIMARY,end_primary,"Percentage of students at the end of primary education who have their first or home language as language of instruction, both sexes (%)",GAB,Gabon,2019,73.40328979492188,,UIS_EST,"[{""subtype"": ""Data sources"", ""type"": ""Source"", ""value"": ""UIS based on PASEC 2019 G6""}]",https://data.unesco.org/api/explore/v2.1/catalog/datasets/uis001/records?where=indicator_id%3D%27FHLANGILP.PRIMARY%27&order_by=country_id%2Cyear&limit=100&offset=0
FHLANGILP.PRIMARY,end_primary,"Percentage of students at the end of primary education who have their first or home language as language of instruction, both sexes (%)",GEO,Georgia,2023,84.6952133178711,,UIS_EST,"[{""subtype"": ""Data sources"", ""type"": ""Source"", ""value"": ""Source: TIMSS 2023 G4""}]",https://data.unesco.org/api/explore/v2.1/catalog/datasets/uis001/records?where=indicator_id%3D%27FHLANGILP.PRIMARY%27&order_by=country_id%2Cyear&limit=100&offset=0
FHLANGILP.PRIMARY,end_primary,"Percentage of students at the end of primary education who have their first or home language as language of instruction, both sexes (%)",GHA,Ghana,2019,12.52902030944824,,UIS_EST,"[{""subtype"": ""Data sources"", ""type"": ""Source"", ""value"": ""UIS based on MICS 6""}]",https://data.unesco.org/api/explore/v2.1/catalog/datasets/uis001/records?where=indicator_id%3D%27FHLANGILP.PRIMARY%27&order_by=country_id%2Cyear&limit=100&offset=0
FHLANGILP.PRIMARY,end_primary,"Percentage of students at the end of primary education who have their first or home language as language of instruction, both sexes (%)",GIN,Guinea,2019,16.49758911132813,,UIS_EST,"[{""subtype"": ""Data sources"", ""type"": ""Source"", ""value"": ""UIS based on PASEC 2019 G6""}]",https://data.unesco.org/api/explore/v2.1/catalog/datasets/uis001/records?where=indicator_id%3D%27FHLANGILP.PRIMARY%27&order_by=country_id%2Cyear&limit=100&offset=0
FHLANGILP.PRIMARY,end_primary,"Percentage of students at the end of primary education who have their first or home language as language of instruction, both sexes (%)",GMB,Gambia,2018,3.200000047683716,,UIS_EST,"[{""subtype"": ""Data sources"", ""type"": ""Source"", ""value"": ""UIS based on MICS 6""}]",https://data.unesco.org/api/explore/v2.1/catalog/datasets/uis001/records?where=indicator_id%3D%27FHLANGILP.PRIMARY%27&order_by=country_id%2Cyear&limit=100&offset=0
FHLANGILP.PRIMARY,end_primary,"Percentage of students at the end of primary education who have their first or home language as language of instruction, both sexes (%)",GNB,Guinea-Bissau,2019,14.00893974304199,,UIS_EST,"[{""subtype"": ""Data sources"", ""type"": ""Source"", ""value"": ""UIS based on MICS 6""}]",https://data.unesco.org/api/explore/v2.1/catalog/datasets/uis001/records?where=indicator_id%3D%27FHLANGILP.PRIMARY%27&order_by=country_id%2Cyear&limit=100&offset=0
FHLANGILP.PRIMARY,end_primary,"Percentage of students at the end of primary education who have their first or home language as language of instruction, both sexes (%)",GTM,Guatemala,2019,82.45423126220703,,UIS_EST,"[{""subtype"": ""Data sources"", ""type"": ""Source"", ""value"": ""Source: LLECE 2019 G6""}]",https://data.unesco.org/api/explore/v2.1/catalog/datasets/uis001/records?where=indicator_id%3D%27FHLANGILP.PRIMARY%27&order_by=country_id%2Cyear&limit=100&offset=0
FHLANGILP.PRIMARY,end_primary,"Percentage of students at the end of primary education who have their first or home language as language of instruction, both sexes (%)",GUY,Guyana,2020,98.93541717529295,,UIS_EST,"[{""subtype"": ""Data sources"", ""type"": ""Source"", ""value"": ""UIS based on MICS 6""}]",https://data.unesco.org/api/explore/v2.1/catalog/datasets/uis001/records?where=indicator_id%3D%27FHLANGILP.PRIMARY%27&order_by=country_id%2Cyear&limit=100&offset=0
FHLANGILP.PRIMARY,end_primary,"Percentage of students at the end of primary education who have their first or home language as language of instruction, both sexes (%)",HKG,"China, Hong Kong Special Administrative Region",2023,58.12129974365234,,UIS_EST,"[{""subtype"": ""Data sources"", ""type"": ""Source"", ""value"": ""Source: TIMSS 2023 G4""}]",https://data.unesco.org/api/explore/v2.1/catalog/datasets/uis001/records?where=indicator_id%3D%27FHLANGILP.PRIMARY%27&order_by=country_id%2Cyear&limit=100&offset=0
FHLANGILP.PRIMARY,end_primary,"Percentage of students at the end of primary education who have their first or home language as language of instruction, both sexes (%)",HND,Honduras,2019,94.52423095703124,,UIS_EST,"[{""subtype"": ""Data sources"", ""type"": ""Source"", ""value"": ""Source: LLECE 2019 G6""}]",https://data.unesco.org/api/explore/v2.1/catalog/datasets/uis001/records?where=indicator_id%3D%27FHLANGILP.PRIMARY%27&order_by=country_id%2Cyear&limit=100&offset=0
FHLANGILP.PRIMARY,end_primary,"Percentage of students at the end of primary education who have their first or home language as language of instruction, both sexes (%)",HUN,Hungary,2023,87.94065856933594,,UIS_EST,"[{""subtype"": ""Data sources"", ""type"": ""Source"", ""value"": ""Source: TIMSS 2023 G4""}]",https://data.unesco.org/api/explore/v2.1/catalog/datasets/uis001/records?where=indicator_id%3D%27FHLANGILP.PRIMARY%27&order_by=country_id%2Cyear&limit=100&offset=0
FHLANGILP.PRIMARY,end_primary,"Percentage of students at the end of primary education who have their first or home language as language of instruction, both sexes (%)",IRL,Ireland,2023,76.9050064086914,,UIS_EST,"[{""subtype"": ""Data sources"", ""type"": ""Source"", ""value"": ""Source: TIMSS 2023 G4""}]",https://data.unesco.org/api/explore/v2.1/catalog/datasets/uis001/records?where=indicator_id%3D%27FHLANGILP.PRIMARY%27&order_by=country_id%2Cyear&limit=100&offset=0
FHLANGILP.PRIMARY,end_primary,"Percentage of students at the end of primary education who have their first or home language as language of instruction, both sexes (%)",IRN,Iran (Islamic Republic of),2023,69.99358367919922,,UIS_EST,"[{""subtype"": ""Data sources"", ""type"": ""Source"", ""value"": ""Source: TIMSS 2023 G4""}]",https://data.unesco.org/api/explore/v2.1/catalog/datasets/uis001/records?where=indicator_id%3D%27FHLANGILP.PRIMARY%27&order_by=country_id%2Cyear&limit=100&offset=0
FHLANGILP.PRIMARY,end_primary,"Percentage of students at the end of primary education who have their first or home language as language of instruction, both sexes (%)",ITA,Italy,2023,82.10903930664062,,UIS_EST,"[{""subtype"": ""Data sources"", ""type"": ""Source"", ""value"": ""Source: TIMSS 2023 G4""}]",https://data.unesco.org/api/explore/v2.1/catalog/datasets/uis001/records?where=indicator_id%3D%27FHLANGILP.PRIMARY%27&order_by=country_id%2Cyear&limit=100&offset=0
FHLANGILP.PRIMARY,end_primary,"Percentage of students at the end of primary education who have their first or home language as language of instruction, both sexes (%)",JOR,Jordan,2023,89.09105682373047,,UIS_EST,"[{""subtype"": ""Data sources"", ""type"": ""Source"", ""value"": ""Source: TIMSS 2023 G4""}]",https://data.unesco.org/api/explore/v2.1/catalog/datasets/uis001/records?where=indicator_id%3D%27FHLANGILP.PRIMARY%27&order_by=country_id%2Cyear&limit=100&offset=0
FHLANGILP.PRIMARY,end_primary,"Percentage of students at the end of primary education who have their first or home language as language of instruction, both sexes (%)",JPN,Japan,2023,98.12478637695312,,UIS_EST,"[{""subtype"": ""Data sources"", ""type"": ""Source"", ""value"": ""Source: TIMSS 2023 G4""}]",https://data.unesco.org/api/explore/v2.1/catalog/datasets/uis001/records?where=indicator_id%3D%27FHLANGILP.PRIMARY%27&order_by=country_id%2Cyear&limit=100&offset=0
FHLANGILP.PRIMARY,end_primary,"Percentage of students at the end of primary education who have their first or home language as language of instruction, both sexes (%)",KAZ,Kazakhstan,2023,79.8972396850586,,UIS_EST,"[{""subtype"": ""Data sources"", ""type"": ""Source"", ""value"": ""Source: TIMSS 2023 G4""}]",https://data.unesco.org/api/explore/v2.1/catalog/datasets/uis001/records?where=indicator_id%3D%27FHLANGILP.PRIMARY%27&order_by=country_id%2Cyear&limit=100&offset=0
FHLANGILP.PRIMARY,end_primary,"Percentage of students at the end of primary education who have their first or home language as language of instruction, both sexes (%)",KGZ,Kyrgyzstan,2018,74.867919921875,,UIS_EST,"[{""subtype"": ""Data sources"", ""type"": ""Source"", ""value"": ""UIS based on MICS 6""}]",https://data.unesco.org/api/explore/v2.1/catalog/datasets/uis001/records?where=indicator_id%3D%27FHLANGILP.PRIMARY%27&order_by=country_id%2Cyear&limit=100&offset=0
FHLANGILP.PRIMARY,end_primary,"Percentage of students at the end of primary education who have their first or home language as language of instruction, both sexes (%)",KHM,Cambodia,2019,94.0199966430664,,UIS_EST,"[{""subtype"": ""Data sources"", ""type"": ""Source"", ""value"": ""UIS based on SEAPLM 2019""}]",https://data.unesco.org/api/explore/v2.1/catalog/datasets/uis001/records?where=indicator_id%3D%27FHLANGILP.PRIMARY%27&order_by=country_id%2Cyear&limit=100&offset=0
FHLANGILP.PRIMARY,end_primary,"Percentage of students at the end of primary education who have their first or home language as language of instruction, both sexes (%)",KIR,Kiribati,2018,71.20101165771484,,UIS_EST,"[{""subtype"": ""Data sources"", ""type"": ""Source"", ""value"": ""UIS based on MICS 6""}]",https://data.unesco.org/api/explore/v2.1/catalog/datasets/uis001/records?where=indicator_id%3D%27FHLANGILP.PRIMARY%27&order_by=country_id%2Cyear&limit=100&offset=0
FHLANGILP.PRIMARY,end_primary,"Percentage of students at the end of primary education who have their first or home language as language of instruction, both sexes (%)",KOR,Republic of Korea,2023,82.81864166259766,,UIS_EST,"[{""subtype"": ""Data sources"", ""type"": ""Source"", ""value"": ""Source: TIMSS 2023 G4""}]",https://data.unesco.org/api/explore/v2.1/catalog/datasets/uis001/records?where=indicator_id%3D%27FHLANGILP.PRIMARY%27&order_by=country_id%2Cyear&limit=100&offset=0
FHLANGILP.PRIMARY,end_primary,"Percentage of students at the end of primary education who have their first or home language as language of instruction, both sexes (%)",KWT,Kuwait,2023,63.60871887207031,,UIS_EST,"[{""subtype"": ""Data sources"", ""type"": ""Source"", ""value"": ""Source: TIMSS 2023 G4""}]",https://data.unesco.org/api/explore/v2.1/catalog/datasets/uis001/records?where=indicator_id%3D%27FHLANGILP.PRIMARY%27&order_by=country_id%2Cyear&limit=100&offset=0
FHLANGILP.PRIMARY,end_primary,"Percentage of students at the end of primary education who have their first or home language as language of instruction, both sexes (%)",LAO,Lao People's Democratic Republic,2019,59.53828811645508,,UIS_EST,"[{""subtype"": ""Data sources"", ""type"": ""Source"", ""value"": ""UIS based on SEAPLM 2019""}]",https://data.unesco.org/api/explore/v2.1/catalog/datasets/uis001/records?where=indicator_id%3D%27FHLANGILP.PRIMARY%27&order_by=country_id%2Cyear&limit=100&offset=0
FHLANGILP.PRIMARY,end_primary,"Percentage of students at the end of primary education who have their first or home language as language of instruction, both sexes (%)",LSO,Lesotho,2019,36.82241821289063,,UIS_EST,"[{""subtype"": ""Data sources"", ""type"": ""Source"", ""value"": ""UIS based on MICS 6""}]",https://data.unesco.org/api/explore/v2.1/catalog/datasets/uis001/records?where=indicator_id%3D%27FHLANGILP.PRIMARY%27&order_by=country_id%2Cyear&limit=100&offset=0
FHLANGILP.PRIMARY,end_primary,"Percentage of students at the end of primary education who have their first or home language as language of instruction, both sexes (%)",LTU,Lithuania,2023,84.5357666015625,,UIS_EST,"[{""subtype"": ""Data sources"", ""type"": ""Source"", ""value"": ""Source: TIMSS 2023 G4""}]",https://data.unesco.org/api/explore/v2.1/catalog/datasets/uis001/records?where=indicator_id%3D%27FHLANGILP.PRIMARY%27&order_by=country_id%2Cyear&limit=100&offset=0
FHLANGILP.PRIMARY,end_primary,"Percentage of students at the end of primary education who have their first or home language as language of instruction, both sexes (%)",LVA,Latvia,2023,82.0257568359375,,UIS_EST,"[{""subtype"": ""Data sources"", ""type"": ""Source"", ""value"": ""Source: TIMSS 2023 G4""}]",https://data.unesco.org/api/explore/v2.1/catalog/datasets/uis001/records?where=indicator_id%3D%27FHLANGILP.PRIMARY%27&order_by=country_id%2Cyear&limit=100&offset=0
FHLANGILP.PRIMARY,end_primary,"Percentage of students at the end of primary education who have their first or home language as language of instruction, both sexes (%)",MAC,"China, Macao Special Administrative Region",2023,69.13401794433594,,UIS_EST,"[{""subtype"": ""Data sources"", ""type"": ""Source"", ""value"": ""Source: TIMSS 2023 G4""}]",https://data.unesco.org/api/explore/v2.1/catalog/datasets/uis001/records?where=indicator_id%3D%27FHLANGILP.PRIMARY%27&order_by=country_id%2Cyear&limit=100&offset=0
FHLANGILP.PRIMARY,end_primary,"Percentage of students at the end of primary education who have their first or home language as language of instruction, both sexes (%)",MAR,Morocco,2023,55.4564094543457,,UIS_EST,"[{""subtype"": ""Data sources"", ""type"": ""Source"", ""value"": ""Source: TIMSS 2023 G4""}]",https://data.unesco.org/api/explore/v2.1/catalog/datasets/uis001/records?where=indicator_id%3D%27FHLANGILP.PRIMARY%27&order_by=country_id%2Cyear&limit=100&offset=0
FHLANGILP.PRIMARY,end_primary,"Percentage of students at the end of primary education who have their first or home language as language of instruction, both sexes (%)",MDG,Madagascar,2019,1.510455012321472,,UIS_EST,"[{""subtype"": ""Data sources"", ""type"": ""Source"", ""value"": ""UIS based on PASEC 2019 G6""}]",https://data.unesco.org/api/explore/v2.1/catalog/datasets/uis001/records?where=indicator_id%3D%27FHLANGILP.PRIMARY%27&order_by=country_id%2Cyear&limit=100&offset=0
FHLANGILP.PRIMARY,end_primary,"Percentage of students at the end of primary education who have their first or home language as language of instruction, both sexes (%)",MEX,Mexico,2019,95.46746826171876,,UIS_EST,"[{""subtype"": ""Data sources"", ""type"": ""Source"", ""value"": ""Source: LLECE 2019 G6""}]",https://data.unesco.org/api/explore/v2.1/catalog/datasets/uis001/records?where=indicator_id%3D%27FHLANGILP.PRIMARY%27&order_by=country_id%2Cyear&limit=100&offset=0
FHLANGILP.PRIMARY,end_primary,"Percentage of students at the end of primary education who have their first or home language as language of instruction, both sexes (%)",MKD,North Macedonia,2023,83.02604675292969,,UIS_EST,"[{""subtype"": ""Data sources"", ""type"": ""Source"", ""value"": ""Source: TIMSS 2023 G4""}]",https://data.unesco.org/api/explore/v2.1/catalog/datasets/uis001/records?where=indicator_id%3D%27FHLANGILP.PRIMARY%27&order_by=country_id%2Cyear&limit=100&offset=0
FHLANGILP.PRIMARY,end_primary,"Percentage of students at the end of primary education who have their first or home language as language of instruction, both sexes (%)",MMR,Myanmar,2019,76.1900405883789,,UIS_EST,"[{""subtype"": ""Data sources"", ""type"": ""Source"", ""value"": ""UIS based on SEAPLM 2019""}]",https://data.unesco.org/api/explore/v2.1/catalog/datasets/uis001/records?where=indicator_id%3D%27FHLANGILP.PRIMARY%27&order_by=country_id%2Cyear&limit=100&offset=0
FHLANGILP.PRIMARY,end_primary,"Percentage of students at the end of primary education who have their first or home language as language of instruction, both sexes (%)",MNE,Montenegro,2023,85.09481048583984,,UIS_EST,"[{""subtype"": ""Data sources"", ""type"": ""Source"", ""value"": ""Source: TIMSS 2023 G4""}]",https://data.unesco.org/api/explore/v2.1/catalog/datasets/uis001/records?where=indicator_id%3D%27FHLANGILP.PRIMARY%27&order_by=country_id%2Cyear&limit=100&offset=0
FHLANGILP.PRIMARY,end_primary,"Percentage of students at the end of primary education who have their first or home language as language of instruction, both sexes (%)",MNG,Mongolia,2019,97.99976348876952,,UIS_EST,"[{""subtype"": ""Data sources"", ""type"": ""Source"", ""value"": ""UIS based on MICS 6""}]",https://data.unesco.org/api/explore/v2.1/catalog/datasets/uis001/records?where=indicator_id%3D%27FHLANGILP.PRIMARY%27&order_by=country_id%2Cyear&limit=100&offset=0
FHLANGILP.PRIMARY,end_primary,"Percentage of students at the end of primary education who have their first or home language as language of instruction, both sexes (%)",MWI,Malawi,2019,66.80280303955078,,UIS_EST,"[{""subtype"": ""Data sources"", ""type"": ""Source"", ""value"": ""UIS based on MICS 6""}]",https://data.unesco.org/api/explore/v2.1/catalog/datasets/uis001/records?where=indicator_id%3D%27FHLANGILP.PRIMARY%27&order_by=country_id%2Cyear&limit=100&offset=0
FHLANGILP.PRIMARY,end_primary,"Percentage of students at the end of primary education who have their first or home language as language of instruction, both sexes (%)",NER,Niger,2019,4.629055976867676,,UIS_EST,"[{""subtype"": ""Data sources"", ""type"": ""Source"", ""value"": ""UIS based on PASEC 2019 G6""}]",https://data.unesco.org/api/explore/v2.1/catalog/datasets/uis001/records?where=indicator_id%3D%27FHLANGILP.PRIMARY%27&order_by=country_id%2Cyear&limit=100&offset=0
FHLANGILP.PRIMARY,end_primary,"Percentage of students at the end of primary education who have their first or home language as language of instruction, both sexes (%)",NGA,Nigeria,2018,39.25204086303711,,UIS_EST,"[{""subtype"": ""Data sources"", ""type"": ""Source"", ""value"": ""UIS based on MICS 6""}]",https://data.unesco.org/api/explore/v2.1/catalog/datasets/uis001/records?where=indicator_id%3D%27FHLANGILP.PRIMARY%27&order_by=country_id%2Cyear&limit=100&offset=0
FHLANGILP.PRIMARY,end_primary,"Percentage of students at the end of primary education who have their first or home language as language of instruction, both sexes (%)",NIC,Nicaragua,2019,93.82878875732422,,UIS_EST,"[{""subtype"": ""Data sources"", ""type"": ""Source"", ""value"": ""Source: LLECE 2019 G6""}]",https://data.unesco.org/api/explore/v2.1/catalog/datasets/uis001/records?where=indicator_id%3D%27FHLANGILP.PRIMARY%27&order_by=country_id%2Cyear&limit=100&offset=0
FHLANGILP.PRIMARY,end_primary,"Percentage of students at the end of primary education who have their first or home language as language of instruction, both sexes (%)",NLD,Netherlands,2023,78.7851791381836,,UIS_EST,"[{""subtype"": ""Data sources"", ""type"": ""Source"", ""value"": ""Source: TIMSS 2023 G4""}]",https://data.unesco.org/api/explore/v2.1/catalog/datasets/uis001/records?where=indicator_id%3D%27FHLANGILP.PRIMARY%27&order_by=country_id%2Cyear&limit=100&offset=0
FHLANGILP.PRIMARY,end_primary,"Percentage of students at the end of primary education who have their first or home language as language of instruction, both sexes (%)",NOR,Norway,2023,86.62837982177734,,UIS_EST,"[{""subtype"": ""Data sources"", ""type"": ""Source"", ""value"": ""Source: TIMSS 2023 G4""}]",https://data.unesco.org/api/explore/v2.1/catalog/datasets/uis001/records?where=indicator_id%3D%27FHLANGILP.PRIMARY%27&order_by=country_id%2Cyear&limit=100&offset=0
FHLANGILP.PRIMARY,end_primary,"Percentage of students at the end of primary education who have their first or home language as language of instruction, both sexes (%)",NPL,Nepal,2017,55.39583969116211,,UIS_EST,"[{""subtype"": ""Data sources"", ""type"": ""Source"", ""value"": ""UIS based on MICS 6""}]",https://data.unesco.org/api/explore/v2.1/catalog/datasets/uis001/records?where=indicator_id%3D%27FHLANGILP.PRIMARY%27&order_by=country_id%2Cyear&limit=100&offset=0
FHLANGILP.PRIMARY,end_primary,"Percentage of students at the end of primary education who have their first or home language as language of instruction, both sexes (%)",NZL,New Zealand,2023,75.92723083496094,,UIS_EST,"[{""subtype"": ""Data sources"", ""type"": ""Source"", ""value"": ""Source: TIMSS 2023 G4""}]",https://data.unesco.org/api/explore/v2.1/catalog/datasets/uis001/records?where=indicator_id%3D%27FHLANGILP.PRIMARY%27&order_by=country_id%2Cyear&limit=100&offset=0
FHLANGILP.PRIMARY,end_primary,"Percentage of students at the end of primary education who have their first or home language as language of instruction, both sexes (%)",OMN,Oman,2023,72.53182220458984,,UIS_EST,"[{""subtype"": ""Data sources"", ""type"": ""Source"", ""value"": ""Source: TIMSS 2023 G4""}]",https://data.unesco.org/api/explore/v2.1/catalog/datasets/uis001/records?where=indicator_id%3D%27FHLANGILP.PRIMARY%27&order_by=country_id%2Cyear&limit=100&offset=0
FHLANGILP.PRIMARY,end_primary,"Percentage of students at the end of primary education who have their first or home language as language of instruction, both sexes (%)",PAN,Panama,2019,84.28424835205078,,UIS_EST,"[{""subtype"": ""Data sources"", ""type"": ""Source"", ""value"": ""Source: LLECE 2019 G6""}]",https://data.unesco.org/api/explore/v2.1/catalog/datasets/uis001/records?where=indicator_id%3D%27FHLANGILP.PRIMARY%27&order_by=country_id%2Cyear&limit=100&offset=0
FHLANGILP.PRIMARY,end_primary,"Percentage of students at the end of primary education who have their first or home language as language of instruction, both sexes (%)",PER,Peru,2019,93.12954711914064,,UIS_EST,"[{""subtype"": ""Data sources"", ""type"": ""Source"", ""value"": ""Source: LLECE 2019 G6""}]",https://data.unesco.org/api/explore/v2.1/catalog/datasets/uis001/records?where=indicator_id%3D%27FHLANGILP.PRIMARY%27&order_by=country_id%2Cyear&limit=100&offset=100
FHLANGILP.PRIMARY,end_primary,"Percentage of students at the end of primary education who have their first or home language as language of instruction, both sexes (%)",PHL,Philippines,2019,7.059961795806885,,UIS_EST,"[{""subtype"": ""Data sources"", ""type"": ""Source"", ""value"": ""UIS based on SEAPLM 2019""}]",https://data.unesco.org/api/explore/v2.1/catalog/datasets/uis001/records?where=indicator_id%3D%27FHLANGILP.PRIMARY%27&order_by=country_id%2Cyear&limit=100&offset=100
FHLANGILP.PRIMARY,end_primary,"Percentage of students at the end of primary education who have their first or home language as language of instruction, both sexes (%)",POL,Poland,2023,93.8070831298828,,UIS_EST,"[{""subtype"": ""Data sources"", ""type"": ""Source"", ""value"": ""Source: TIMSS 2023 G4""}]",https://data.unesco.org/api/explore/v2.1/catalog/datasets/uis001/records?where=indicator_id%3D%27FHLANGILP.PRIMARY%27&order_by=country_id%2Cyear&limit=100&offset=100
FHLANGILP.PRIMARY,end_primary,"Percentage of students at the end of primary education who have their first or home language as language of instruction, both sexes (%)",PRT,Portugal,2023,85.49732208251953,,UIS_EST,"[{""subtype"": ""Data sources"", ""type"": ""Source"", ""value"": ""Source: TIMSS 2023 G4""}]",https://data.unesco.org/api/explore/v2.1/catalog/datasets/uis001/records?where=indicator_id%3D%27FHLANGILP.PRIMARY%27&order_by=country_id%2Cyear&limit=100&offset=100
FHLANGILP.PRIMARY,end_primary,"Percentage of students at the end of primary education who have their first or home language as language of instruction, both sexes (%)",PRY,Paraguay,2019,48.93498992919922,,UIS_EST,"[{""subtype"": ""Data sources"", ""type"": ""Source"", ""value"": ""Source: LLECE 2019 G6""}]",https://data.unesco.org/api/explore/v2.1/catalog/datasets/uis001/records?where=indicator_id%3D%27FHLANGILP.PRIMARY%27&order_by=country_id%2Cyear&limit=100&offset=100
FHLANGILP.PRIMARY,end_primary,"Percentage of students at the end of primary education who have their first or home language as language of instruction, both sexes (%)",QAT,Qatar,2023,51.01353073120117,,UIS_EST,"[{""subtype"": ""Data sources"", ""type"": ""Source"", ""value"": ""Source: TIMSS 2023 G4""}]",https://data.unesco.org/api/explore/v2.1/catalog/datasets/uis001/records?where=indicator_id%3D%27FHLANGILP.PRIMARY%27&order_by=country_id%2Cyear&limit=100&offset=100
FHLANGILP.PRIMARY,end_primary,"Percentage of students at the end of primary education who have their first or home language as language of instruction, both sexes (%)",ROU,Romania,2023,92.31723785400392,,UIS_EST,"[{""subtype"": ""Data sources"", ""type"": ""Source"", ""value"": ""Source: TIMSS 2023 G4""}]",https://data.unesco.org/api/explore/v2.1/catalog/datasets/uis001/records?where=indicator_id%3D%27FHLANGILP.PRIMARY%27&order_by=country_id%2Cyear&limit=100&offset=100
FHLANGILP.PRIMARY,end_primary,"Percentage of students at the end of primary education who have their first or home language as language of instruction, both sexes (%)",SAU,Saudi Arabia,2023,78.31282806396484,,UIS_EST,"[{""subtype"": ""Data sources"", ""type"": ""Source"", ""value"": ""Source: TIMSS 2023 G4""}]",https://data.unesco.org/api/explore/v2.1/catalog/datasets/uis001/records?where=indicator_id%3D%27FHLANGILP.PRIMARY%27&order_by=country_id%2Cyear&limit=100&offset=100
FHLANGILP.PRIMARY,end_primary,"Percentage of students at the end of primary education who have their first or home language as language of instruction, both sexes (%)",SEN,Senegal,2019,6.565987110137939,,UIS_EST,"[{""subtype"": ""Data sources"", ""type"": ""Source"", ""value"": ""UIS based on PASEC 2019 G6""}]",https://data.unesco.org/api/explore/v2.1/catalog/datasets/uis001/records?where=indicator_id%3D%27FHLANGILP.PRIMARY%27&order_by=country_id%2Cyear&limit=100&offset=100
FHLANGILP.PRIMARY,end_primary,"Percentage of students at the end of primary education who have their first or home language as language of instruction, both sexes (%)",SGP,Singapore,2023,56.60567092895508,,UIS_EST,"[{""subtype"": ""Data sources"", ""type"": ""Source"", ""value"": ""Source: TIMSS 2023 G4""}]",https://data.unesco.org/api/explore/v2.1/catalog/datasets/uis001/records?where=indicator_id%3D%27FHLANGILP.PRIMARY%27&order_by=country_id%2Cyear&limit=100&offset=100
FHLANGILP.PRIMARY,end_primary,"Percentage of students at the end of primary education who have their first or home language as language of instruction, both sexes (%)",SLE,Sierra Leone,2019,2.25018310546875,,UIS_EST,"[{""subtype"": ""Data sources"", ""type"": ""Source"", ""value"": ""UIS based on MICS 6""}]",https://data.unesco.org/api/explore/v2.1/catalog/datasets/uis001/records?where=indicator_id%3D%27FHLANGILP.PRIMARY%27&order_by=country_id%2Cyear&limit=100&offset=100
FHLANGILP.PRIMARY,end_primary,"Percentage of students at the end of primary education who have their first or home language as language of instruction, both sexes (%)",SLV,El Salvador,2019,83.45503234863281,,UIS_EST,"[{""subtype"": ""Data sources"", ""type"": ""Source"", ""value"": ""Source: LLECE 2019 G6""}]",https://data.unesco.org/api/explore/v2.1/catalog/datasets/uis001/records?where=indicator_id%3D%27FHLANGILP.PRIMARY%27&order_by=country_id%2Cyear&limit=100&offset=100
FHLANGILP.PRIMARY,end_primary,"Percentage of students at the end of primary education who have their first or home language as language of instruction, both sexes (%)",SRB,Serbia,2023,92.37268829345705,,UIS_EST,"[{""subtype"": ""Data sources"", ""type"": ""Source"", ""value"": ""Source: TIMSS 2023 G4""}]",https://data.unesco.org/api/explore/v2.1/catalog/datasets/uis001/records?where=indicator_id%3D%27FHLANGILP.PRIMARY%27&order_by=country_id%2Cyear&limit=100&offset=100
FHLANGILP.PRIMARY,end_primary,"Percentage of students at the end of primary education who have their first or home language as language of instruction, both sexes (%)",STP,Sao Tome and Principe,2019,97.27613830566406,,UIS_EST,"[{""subtype"": ""Data sources"", ""type"": ""Source"", ""value"": ""UIS based on MICS 6""}]",https://data.unesco.org/api/explore/v2.1/catalog/datasets/uis001/records?where=indicator_id%3D%27FHLANGILP.PRIMARY%27&order_by=country_id%2Cyear&limit=100&offset=100
FHLANGILP.PRIMARY,end_primary,"Percentage of students at the end of primary education who have their first or home language as language of instruction, both sexes (%)",SUR,Suriname,2019,60.15998840332031,,UIS_EST,"[{""subtype"": ""Data sources"", ""type"": ""Source"", ""value"": ""UIS based on MICS 6""}]",https://data.unesco.org/api/explore/v2.1/catalog/datasets/uis001/records?where=indicator_id%3D%27FHLANGILP.PRIMARY%27&order_by=country_id%2Cyear&limit=100&offset=100
FHLANGILP.PRIMARY,end_primary,"Percentage of students at the end of primary education who have their first or home language as language of instruction, both sexes (%)",SVK,Slovakia,2023,80.6512680053711,,UIS_EST,"[{""subtype"": ""Data sources"", ""type"": ""Source"", ""value"": ""Source: TIMSS 2023 G4""}]",https://data.unesco.org/api/explore/v2.1/catalog/datasets/uis001/records?where=indicator_id%3D%27FHLANGILP.PRIMARY%27&order_by=country_id%2Cyear&limit=100&offset=100
FHLANGILP.PRIMARY,end_primary,"Percentage of students at the end of primary education who have their first or home language as language of instruction, both sexes (%)",SVN,Slovenia,2023,83.13217163085938,,UIS_EST,"[{""subtype"": ""Data sources"", ""type"": ""Source"", ""value"": ""Source: TIMSS 2023 G4""}]",https://data.unesco.org/api/explore/v2.1/catalog/datasets/uis001/records?where=indicator_id%3D%27FHLANGILP.PRIMARY%27&order_by=country_id%2Cyear&limit=100&offset=100
FHLANGILP.PRIMARY,end_primary,"Percentage of students at the end of primary education who have their first or home language as language of instruction, both sexes (%)",SWE,Sweden,2023,77.33380126953125,,UIS_EST,"[{""subtype"": ""Data sources"", ""type"": ""Source"", ""value"": ""Source: TIMSS 2023 G4""}]",https://data.unesco.org/api/explore/v2.1/catalog/datasets/uis001/records?where=indicator_id%3D%27FHLANGILP.PRIMARY%27&order_by=country_id%2Cyear&limit=100&offset=100
FHLANGILP.PRIMARY,end_primary,"Percentage of students at the end of primary education who have their first or home language as language of instruction, both sexes (%)",TCA,Turks and Caicos Islands,2019,83.12261962890625,,UIS_EST,"[{""subtype"": ""Data sources"", ""type"": ""Source"", ""value"": ""UIS based on MICS 6""}]",https://data.unesco.org/api/explore/v2.1/catalog/datasets/uis001/records?where=indicator_id%3D%27FHLANGILP.PRIMARY%27&order_by=country_id%2Cyear&limit=100&offset=100
FHLANGILP.PRIMARY,end_primary,"Percentage of students at the end of primary education who have their first or home language as language of instruction, both sexes (%)",TCD,Chad,2019,22.11064910888672,,UIS_EST,"[{""subtype"": ""Data sources"", ""type"": ""Source"", ""value"": ""UIS based on PASEC 2019 G6""}]",https://data.unesco.org/api/explore/v2.1/catalog/datasets/uis001/records?where=indicator_id%3D%27FHLANGILP.PRIMARY%27&order_by=country_id%2Cyear&limit=100&offset=100
FHLANGILP.PRIMARY,end_primary,"Percentage of students at the end of primary education who have their first or home language as language of instruction, both sexes (%)",TGO,Togo,2019,9.744478225708008,,UIS_EST,"[{""subtype"": ""Data sources"", ""type"": ""Source"", ""value"": ""UIS based on PASEC 2019 G6""}]",https://data.unesco.org/api/explore/v2.1/catalog/datasets/uis001/records?where=indicator_id%3D%27FHLANGILP.PRIMARY%27&order_by=country_id%2Cyear&limit=100&offset=100
FHLANGILP.PRIMARY,end_primary,"Percentage of students at the end of primary education who have their first or home language as language of instruction, both sexes (%)",THA,Thailand,2019,95.64253997802734,,UIS_EST,"[{""subtype"": ""Data sources"", ""type"": ""Source"", ""value"": ""UIS based on MICS 6""}]",https://data.unesco.org/api/explore/v2.1/catalog/datasets/uis001/records?where=indicator_id%3D%27FHLANGILP.PRIMARY%27&order_by=country_id%2Cyear&limit=100&offset=100
FHLANGILP.PRIMARY,end_primary,"Percentage of students at the end of primary education who have their first or home language as language of instruction, both sexes (%)",TON,Tonga,2019,86.7235336303711,,UIS_EST,"[{""subtype"": ""Data sources"", ""type"": ""Source"", ""value"": ""UIS based on MICS 6""}]",https://data.unesco.org/api/explore/v2.1/catalog/datasets/uis001/records?where=indicator_id%3D%27FHLANGILP.PRIMARY%27&order_by=country_id%2Cyear&limit=100&offset=100
FHLANGILP.PRIMARY,end_primary,"Percentage of students at the end of primary education who have their first or home language as language of instruction, both sexes (%)",TUR,Türkiye,2023,86.43843078613281,,UIS_EST,"[{""subtype"": ""Data sources"", ""type"": ""Source"", ""value"": ""Source: TIMSS 2023 G4""}]",https://data.unesco.org/api/explore/v2.1/catalog/datasets/uis001/records?where=indicator_id%3D%27FHLANGILP.PRIMARY%27&order_by=country_id%2Cyear&limit=100&offset=100
FHLANGILP.PRIMARY,end_primary,"Percentage of students at the end of primary education who have their first or home language as language of instruction, both sexes (%)",TUV,Tuvalu,2019,71.60281372070312,,UIS_EST,"[{""subtype"": ""Data sources"", ""type"": ""Source"", ""value"": ""UIS based on MICS 6""}]",https://data.unesco.org/api/explore/v2.1/catalog/datasets/uis001/records?where=indicator_id%3D%27FHLANGILP.PRIMARY%27&order_by=country_id%2Cyear&limit=100&offset=100
FHLANGILP.PRIMARY,end_primary,"Percentage of students at the end of primary education who have their first or home language as language of instruction, both sexes (%)",URY,Uruguay,2019,93.65187072753906,,UIS_EST,"[{""subtype"": ""Data sources"", ""type"": ""Source"", ""value"": ""Source: LLECE 2019 G6""}]",https://data.unesco.org/api/explore/v2.1/catalog/datasets/uis001/records?where=indicator_id%3D%27FHLANGILP.PRIMARY%27&order_by=country_id%2Cyear&limit=100&offset=100
FHLANGILP.PRIMARY,end_primary,"Percentage of students at the end of primary education who have their first or home language as language of instruction, both sexes (%)",USA,United States of America,2023,76.83419036865234,,UIS_EST,"[{""subtype"": ""Data sources"", ""type"": ""Source"", ""value"": ""Source: TIMSS 2023 G4""}]",https://data.unesco.org/api/explore/v2.1/catalog/datasets/uis001/records?where=indicator_id%3D%27FHLANGILP.PRIMARY%27&order_by=country_id%2Cyear&limit=100&offset=100
FHLANGILP.PRIMARY,end_primary,"Percentage of students at the end of primary education who have their first or home language as language of instruction, both sexes (%)",UZB,Uzbekistan,2023,89.40540313720703,,UIS_EST,"[{""subtype"": ""Data sources"", ""type"": ""Source"", ""value"": ""Source: TIMSS 2023 G4""}]",https://data.unesco.org/api/explore/v2.1/catalog/datasets/uis001/records?where=indicator_id%3D%27FHLANGILP.PRIMARY%27&order_by=country_id%2Cyear&limit=100&offset=100
FHLANGILP.PRIMARY,end_primary,"Percentage of students at the end of primary education who have their first or home language as language of instruction, both sexes (%)",VNM,Viet Nam,2019,89.9514389038086,,UIS_EST,"[{""subtype"": ""Data sources"", ""type"": ""Source"", ""value"": ""UIS based on SEAPLM 2019""}]",https://data.unesco.org/api/explore/v2.1/catalog/datasets/uis001/records?where=indicator_id%3D%27FHLANGILP.PRIMARY%27&order_by=country_id%2Cyear&limit=100&offset=100
FHLANGILP.PRIMARY,end_primary,"Percentage of students at the end of primary education who have their first or home language as language of instruction, both sexes (%)",WSM,Samoa,2017,84.38243103027344,,UIS_EST,"[{""subtype"": ""Data sources"", ""type"": ""Source"", ""value"": ""UIS based on MICS 6""}]",https://data.unesco.org/api/explore/v2.1/catalog/datasets/uis001/records?where=indicator_id%3D%27FHLANGILP.PRIMARY%27&order_by=country_id%2Cyear&limit=100&offset=100
FHLANGILP.PRIMARY,end_primary,"Percentage of students at the end of primary education who have their first or home language as language of instruction, both sexes (%)",ZAF,South Africa,2023,35.43833923339844,,UIS_EST,"[{""subtype"": ""Data sources"", ""type"": ""Source"", ""value"": ""Source: TIMSS 2023 G4""}]",https://data.unesco.org/api/explore/v2.1/catalog/datasets/uis001/records?where=indicator_id%3D%27FHLANGILP.PRIMARY%27&order_by=country_id%2Cyear&limit=100&offset=100
