universe_profile_id,display_name,profile_tag,source_profile_tag,disposition,candidate_id,candidate_target_name,observation_id,join_status,suggestion_status,semantic_join_status,candidate_ready_for_ranking,source_target_mapping_status,denominator_class,source_measure_type,learner_stratum,population_low,population_base,population_high,count_unit,reference_date_or_year,source_id,source_locator,source_url,source_value_status,derivation_method,typed_view_eligibility,source_transcribed_exactly,gross_population_only,source_rank_ready_claim,rank_ready_marginal_access,source_series_id,overlap_group_id,nonadditivity_group_id,nonadditivity_rule,supersedes_observation_ids,population_use,existing_supply_state,next_nonduplicative_action,caveats
GLB-001,Global learned English access baseline,en-Latn; locale outputs required,en-Latn-US,supply_rich_negative_control,,"English-only or very-well English, United States",SUP-002,supplemental_profile_link_context_only,not_applicable,profile_id_explicit_but_not_rank_approved,false,supplement_context_only,functional_language_ability_or_estimate,acs_english_only_or_speaks_english_very_well_age5plus,United States residents age 5+,,292827195,,persons,2024,SUPSRC-US-ACS-S1601-2024,S1601; English only plus non-English home-language population speaking English very well,https://data.census.gov/table/ACSST1Y2024.S1601?g=010XX00US,published_or_exactly_summed_source_cells,sum of mutually exclusive published S1601 strata,context_only,false,true,false,false,EN-US-ACS-2024,EN-US-ACS-2024-ALTERNATIVES,EN-US-ACS-2024-ALTERNATIVES,never_sum_rows_sharing_overlap_group_id,,gross_or_context_typed_view_only_not_direct_residual_rank,"Very high but licensing, login, accessibility and stage gaps remain.",Audit exact stage/subject/format residuals and keep English overlap out of unique-language reach.,"Global L2/use estimates are not academic-reading comfort and overlap nearly every other profile. Self-rated speaking ability; not reading, academic comfort, or unique educational access. Alternative to SUP-001; never add them."
GLB-001,Global learned English access baseline,en-Latn; locale outputs required,en-Latn-GB-ENG,supply_rich_negative_control,,"English main language or proficient, England",SUP-003,supplemental_profile_link_context_only,not_applicable,profile_id_explicit_but_not_rank_approved,false,supplement_context_only,functional_language_ability_or_estimate,census_main_language_or_speaks_english_well_very_well_age3plus,England residents age 3+,,53667911,,persons,2021,SUPSRC-GB-ONS-TS029-2021,England; English main language plus speaks English well and very well,"https://www.nomisweb.co.uk/api/v01/dataset/NM_2048_1.data.csv?geography=E92000001&c2021_engprf_6=0,1,2,3,4,5&measures=20100",exact_census_cells_summed,"49,652,172 + 2,212,300 + 1,803,439",context_only,false,true,false,false,EN-GB-CENSUS-2021,EN-GB-CENSUS-2021,,no_internal_alternative_row_registered,,gross_or_context_typed_view_only_not_direct_residual_rank,"Very high but licensing, login, accessibility and stage gaps remain.",Audit exact stage/subject/format residuals and keep English overlap out of unique-language reach.,Global L2/use estimates are not academic-reading comfort and overlap nearly every other profile. Speaking proficiency and main language; not an academic-reading measure. Country observation; do not add to a modeled global English total without overlap control.
GLB-001,Global learned English access baseline,en-Latn; locale outputs required,en-Latn-US,supply_rich_negative_control,,"English at home, United States",SUP-001,supplemental_profile_link_context_only,not_applicable,profile_id_explicit_but_not_rank_approved,false,supplement_context_only,home_or_usual_language_use,acs_speak_only_english_at_home_age5plus,United States residents age 5+,,247695110,,persons,2024,SUPSRC-US-ACS-S1601-2024,"S1601, United States, population age 5+, Speak only English",https://data.census.gov/table/ACSST1Y2024.S1601?g=010XX00US,published_estimate,none,context_only,true,true,false,false,EN-US-ACS-2024,EN-US-ACS-2024-ALTERNATIVES,EN-US-ACS-2024-ALTERNATIVES,never_sum_rows_sharing_overlap_group_id,,gross_or_context_typed_view_only_not_direct_residual_rank,"Very high but licensing, login, accessibility and stage gaps remain.",Audit exact stage/subject/format residuals and keep English overlap out of unique-language reach.,"Global L2/use estimates are not academic-reading comfort and overlap nearly every other profile. Sampling estimate; not L1, literacy, academic comfort, or unique access. Negative-control context for existing English supply."
GLB-002,"Standard Written Chinese, Mainland Simplified",zh-Hans-CN,Hans,forward_residual_audit,NAT-122,Mainland Simplified Chinese,POP-CN-001,machine_strong_join_suggestion_pending_semantic_audit,strong_join_suggestion,not_audited_machine_suggestion,false,territory_ceiling_with_independent_zh_Hans_CN_written_standard_mapping,territory_all_residents_ceiling,official_census_mainland_population_gross_territory_ceiling,national written-standard potential population,1411778724,1411778724,1411778724,persons,2020-11-01,PM-S022,"Section I Total Population; mainland row 1,411,778,724; note 6",,source_observation_transcribed_exactly,,context_only_pending_semantic_join_audit,true,true,false,false,CN-MAINLAND-2020-TOTAL,CN-MAINLAND-2020-TOTAL,CN-MAINLAND-2020-TOTAL,never_sum_rows_sharing_overlap_group_id,,gross_or_context_typed_view_only_not_direct_residual_rank,Large national supply; exact OLP and algebra corpus complete; accessibility/frontier residuals remain.,"Finish registered partial works and commission only exact open, accessible, professional or frontier gaps.","Territory, Putonghua communication and simplified-character use are different universes; not spoken-Sinitic mutual intelligibility. Total mainland population is not an exact zh-Hans-CN comfort count. MOE reports Putonghua prevalence 80.72% and standardized-character use above 95% among literate people, with substantial regional disparity. Downstream practical-access and academic-nonoverlap sensitivities remain mandatory."
GLB-003,"Standard Written Chinese, Taiwan Traditional",zh-Hant-TW,zh-Hant-TW,forward_residual_audit,,"Guoyu first learned, Taiwan",SUP-005,supplemental_profile_link_context_only,not_applicable,profile_id_explicit_but_not_rank_approved,false,supplement_context_only,first_learned_language_derived_from_percentage,census_first_learned_guoyu_share,Taiwan resident nationals age 6+,8790849,8801742,8812635,persons,2020,SUPSRC-TW-DGBAS-CENSUS-2020,"40.4% first learned Guoyu; age 6+ census universe 21,786,490",https://ws.dgbas.gov.tw/001/Upload/463/relfile/11064/230649/0b703c3e-23af-471f-a1f6-555315ca0ce2.pdf,derived_from_published_rounded_percentage,"21,786,490 × 40.4%; bounds use 40.35%–40.45%",typed_first_learned_view,false,true,false,false,ZH-HANT-TW-2020,ZH-HANT-TW-2020-ALTERNATIVES,ZH-HANT-TW-2020-ALTERNATIVES,never_sum_rows_sharing_overlap_group_id,,gross_or_context_typed_view_only_not_direct_residual_rank,Strong local supply; exact open/accessibility/frontier inventory pending.,Audit exact residual and reuse semantic source with a Taiwan locale layer.,Taiwan Guoyu and traditional-character literacy are not mainland Hans reach. Bounds reflect only rounding of 40.4% to the nearest 0.1 percentage point; source nonresponse/model uncertainty is not quantified. First-learned Guoyu is not total Guoyu use or literacy in traditional characters.
GLB-003,"Standard Written Chinese, Taiwan Traditional",zh-Hant-TW,zh-Hant-TW,forward_residual_audit,,"Guoyu primary-or-secondary use, Taiwan",SUP-006,supplemental_profile_link_context_only,not_applicable,profile_id_explicit_but_not_rank_approved,false,supplement_context_only,functional_language_ability_or_estimate,census_primary_or_secondary_guoyu_use_share,Taiwan resident nationals age 6+,21078430,21089322,21100215,persons,2020,SUPSRC-TW-DGBAS-CENSUS-2020,"96.8% primary-or-secondary Guoyu use; age 6+ census universe 21,786,490",https://ws.dgbas.gov.tw/001/Upload/463/relfile/11064/230649/0b703c3e-23af-471f-a1f6-555315ca0ce2.pdf,derived_from_published_rounded_percentage,"21,786,490 × 96.8%; bounds use 96.75%–96.85%",typed_functional_use_view,false,true,false,false,ZH-HANT-TW-2020,ZH-HANT-TW-2020-ALTERNATIVES,ZH-HANT-TW-2020-ALTERNATIVES,never_sum_rows_sharing_overlap_group_id,,gross_or_context_typed_view_only_not_direct_residual_rank,Strong local supply; exact open/accessibility/frontier inventory pending.,Audit exact residual and reuse semantic source with a Taiwan locale layer.,Taiwan Guoyu and traditional-character literacy are not mainland Hans reach. Bounds reflect percentage rounding only; use does not establish reading comfort or unique access. Alternative to SUP-004 and SUP-005; never add them.
GLB-003,"Standard Written Chinese, Taiwan Traditional",zh-Hant-TW,zh-Hant-TW,forward_residual_audit,,Taiwan resident nationals age 6+,SUP-004,supplemental_profile_link_context_only,not_applicable,profile_id_explicit_but_not_rank_approved,false,supplement_context_only,territory_age_restricted_ceiling,census_resident_nationals_age6plus,Taiwan resident nationals age 6+,,21786490,,persons,2020,SUPSRC-TW-DGBAS-CENSUS-2020,"language-use tables, resident nationals age 6+ universe",https://ws.dgbas.gov.tw/001/Upload/463/relfile/11064/230649/0b703c3e-23af-471f-a1f6-555315ca0ce2.pdf,published_census_universe,none,context_only,true,true,false,false,ZH-HANT-TW-2020,ZH-HANT-TW-2020-ALTERNATIVES,ZH-HANT-TW-2020-ALTERNATIVES,never_sum_rows_sharing_overlap_group_id,,gross_or_context_typed_view_only_not_direct_residual_rank,Strong local supply; exact open/accessibility/frontier inventory pending.,Audit exact residual and reuse semantic source with a Taiwan locale layer.,"Taiwan Guoyu and traditional-character literacy are not mainland Hans reach. Territory/age universe, not a Guoyu or traditional-character comfort count. Hard ceiling for the two derived percentage observations below."
GLB-004,Wu varieties and written-access profiles,wuu-Hans-CN; exact variety outputs unresolved,,unresolved_no_comparable_count,,,,no_current_candidate_profile,not_applicable,not_applicable,false,not_applicable,,,,,,,not_applicable,,,,,,,,,,not_applicable,false,,,,not_applicable,,unresolved_no_current_population_join,Mainstream schooling uses Standard Written Chinese; vernacular supply unresolved.,"Resolve exact varieties, modality and product need before any rank.",Standard Written Chinese schooling does not make spoken Wu identical to Mandarin or prove vernacular written demand.
GLB-005,Yue/Cantonese written and spoken profiles,yue-Hant-HK; yue-Hans-CN; locale outputs,yue-Hant-HK spoken profile,unresolved_no_comparable_count,,"Cantonese spoken ability, Hong Kong",SUP-036,supplemental_profile_link_context_only,not_applicable,profile_id_explicit_but_not_rank_approved,false,supplement_context_only,functional_language_ability_or_estimate,census_cantonese_usual_or_other_spoken_language_age5plus,Hong Kong residents age 5+,6726872,6730463,6734054,persons,2021,SUPSRC-HK-CENSUS-2021,"Table 3.12: 93.7%; Table 8.4: 7,182,991 residents age 5+",https://www.censtatd.gov.hk/en/data/stat_report/product/B1120109/att/B11201092021XXXXB0100.pdf,derived_from_published_rounded_percentage,"7,182,991 × 93.7%; bounds use 93.65%–93.75%",typed_functional_use_view,false,true,false,false,YUE-HK-2021,YUE-HK-2021-ALTERNATIVES,YUE-HK-2021-ALTERNATIVES,never_sum_rows_sharing_overlap_group_id,,gross_or_context_typed_view_only_not_direct_residual_rank,Strong Hong Kong and Guangdong supply but reuse/licensing/access gaps unquantified.,Build separate HK/Guangdong profile inventory before commissioning.,Formal written Chinese and written vernacular Cantonese are not the same target. Bounds reflect percentage rounding only; spoken ability is not written vernacular Cantonese or academic-register comfort. Alternative to SUP-035; never add them. Guangdong/Hans and Hong Kong/Hant profiles remain separate.
GLB-005,Yue/Cantonese written and spoken profiles,yue-Hant-HK; yue-Hans-CN; locale outputs,yue-Hant-HK spoken profile,unresolved_no_comparable_count,,"Cantonese usual spoken language, Hong Kong",SUP-035,supplemental_profile_link_context_only,not_applicable,profile_id_explicit_but_not_rank_approved,false,supplement_context_only,home_or_usual_language_use,census_cantonese_usual_spoken_language_age5plus,Hong Kong residents age 5+,6331807,6335398,6338989,persons,2021,SUPSRC-HK-CENSUS-2021,"Table 3.12: 88.2%; Table 8.4: 7,182,991 residents age 5+",https://www.censtatd.gov.hk/en/data/stat_report/product/B1120109/att/B11201092021XXXXB0100.pdf,derived_from_published_rounded_percentage,"7,182,991 × 88.2%; bounds use 88.15%–88.25%",typed_home_language_view,false,true,false,false,YUE-HK-2021,YUE-HK-2021-ALTERNATIVES,YUE-HK-2021-ALTERNATIVES,never_sum_rows_sharing_overlap_group_id,,gross_or_context_typed_view_only_not_direct_residual_rank,Strong Hong Kong and Guangdong supply but reuse/licensing/access gaps unquantified.,Build separate HK/Guangdong profile inventory before commissioning.,"Formal written Chinese and written vernacular Cantonese are not the same target. Bounds reflect only rounding of 88.2% to the nearest 0.1 percentage point; this is spoken use, not written vernacular Cantonese readership. Do not treat ability to read standard written Chinese as evidence of ability or demand for written vernacular Cantonese."
GLB-006,Xiang varieties,hsn-Hans-CN; exact standard unresolved,,unresolved_no_comparable_count,,,,no_current_candidate_profile,not_applicable,not_applicable,false,not_applicable,,,,,,,not_applicable,,,,,,,,,,not_applicable,false,,,,not_applicable,,unresolved_no_current_population_join,Standard Written Chinese school supply exists; vernacular residual unknown.,"Resolve exact community, written modality and incremental use.",Do not substitute the Sinitic family or mainland population.
GLB-007,"Standard Hindi, India",hi-Deva-IN,Devanagari,forward_residual_audit,NAT-124,Standard Hindi,POP-IN-COMP-006,machine_strong_join_suggestion_pending_semantic_audit,strong_join_suggestion,not_audited_machine_suggestion,false,same_name_mother_tongue_component_preferred_for_standard_edition,same_name_mother_tongue_component,census_same_name_mother_tongue_component_persons,same_name_mother_tongue_component_population,322230097,322230097,322230097,persons,2011,PM-S001,"Statement 1, printed pp. 5-6; same-name mother-tongue component Hindi = 322,230,097",,source_observation_transcribed_exactly,,context_only_pending_semantic_join_audit,true,true,false,false,ALT-POP-IN-006-CATEGORY-COMPONENT,ALT-POP-IN-006-CATEGORY-COMPONENT,ALT-POP-IN-006-CATEGORY-COMPONENT,never_sum_rows_sharing_overlap_group_id,,gross_or_context_typed_view_only_not_direct_residual_rank,Strong school supply and exact formal-reasoning edition; higher/professional gaps remain.,"Commission exact bilingual tertiary, research-method, professional and accessibility residuals.","Bhojpuri and other named returns are nested in the census Hindi umbrella. The same-name component is 60.988324% of the printed 528,347,193 Hindi census-language umbrella. The umbrella contains Bhojpuri, Chhattisgarhi, Magahi, Rajasthani, and other returns and is not Standard Hindi reach. C-17's 691,347,193 reported first/second/third-language total inherits that umbrella and measures reported language knowledge, not comfortable academic reading. The 322,230,097 component is a gross ex-ante ceiling, not a measured underserved population."
GLB-008,"Urdu, Pakistan",ur-Aran-PK,Perso-Arabic,ranked_in_typed_view,NAT-012,Pakistani Urdu,POP-PK-001,machine_strong_join_suggestion_pending_semantic_audit,strong_join_suggestion,not_audited_machine_suggestion,false,source_named_language_observation,mother_tongue_or_first_language,census_mother_tongue_persons,national_language_population,22249307,22249307,22249307,persons,2023,PM-S003,"Table 11, national all-localities all-sexes row",,source_observation_transcribed_exactly,,context_only_pending_semantic_join_audit,true,true,false,false,,,,no_cross_row_nonadditivity_group_recorded,,gross_or_context_typed_view_only_not_direct_residual_rank,School and media supply exists; advanced open sequence unresolved.,Audit secondary-to-tertiary and professional gaps with offline Nastaliq rendering.,National status is not universal comfortable Nastaliq readership. Mother tongue is not total Urdu knowledge.
GLB-009,"Urdu, India",ur-Aran-IN,Perso-Arabic,ranked_in_typed_view,NAT-013,Indian Urdu,POP-IN-022,machine_strong_join_suggestion_pending_semantic_audit,strong_join_suggestion,not_audited_machine_suggestion,false,c16_census_language_aggregate,mother_tongue_or_first_language,census_mother_tongue_persons,national_language_population,50772631,50772631,50772631,persons,2011,PM-S001,"Statement 1, printed p. 7",,source_observation_transcribed_exactly,,context_only_pending_semantic_join_audit,true,true,false,false,ALT-POP-IN-022-CATEGORY-COMPONENT,ALT-POP-IN-022-CATEGORY-COMPONENT,ALT-POP-IN-022-CATEGORY-COMPONENT,never_sum_rows_sharing_overlap_group_id,,gross_or_context_typed_view_only_not_direct_residual_rank,Supply varies by state and stage.,Audit exact state/stage open supply and terminology transitions.,Do not merge with Pakistan Urdu or Standard Hindi readership. India territory cell is separate from Pakistan Urdu. India C-16 census-language category can include multiple named mother-tongue components.
GLB-009,"Urdu, India",ur-Aran-IN,Perso-Arabic,ranked_in_typed_view,NAT-013,Indian Urdu,POP-IN-COMP-022,machine_strong_join_suggestion_pending_semantic_audit,strong_join_suggestion,not_audited_machine_suggestion,false,same_name_mother_tongue_component_preferred_for_standard_edition,same_name_mother_tongue_component,census_same_name_mother_tongue_component_persons,same_name_mother_tongue_component_population,50725762,50725762,50725762,persons,2011,PM-S001,"Statement 1, printed p. 7; Statement 1 same-name mother-tongue component",,source_observation_transcribed_exactly,,context_only_pending_semantic_join_audit,true,true,false,false,ALT-POP-IN-022-CATEGORY-COMPONENT,ALT-POP-IN-022-CATEGORY-COMPONENT,ALT-POP-IN-022-CATEGORY-COMPONENT,never_sum_rows_sharing_overlap_group_id,,gross_or_context_typed_view_only_not_direct_residual_rank,Supply varies by state and stage.,Audit exact state/stage open supply and terminology transitions.,Do not merge with Pakistan Urdu or Standard Hindi readership. Component of the broader Urdu census-language category; India and Pakistan populations remain territory-distinct. Component is 99.907688% of the printed parent category. Never sum parent and component.
GLB-010,"Bangla, Bangladesh",bn-Beng-BD,bn-Beng-BD; source variety not stated,ranked_in_typed_view,,"Bangla mother-tongue population, Bangladesh",SUP-039,supplemental_profile_link_context_only,not_applicable,profile_id_explicit_but_not_rank_approved,false,supplement_context_only,mother_tongue_or_first_language,derived_official_survey_share_times_official_adjusted_population,Bangladesh residents represented by the official 2023 SEDS mother-tongue estimate,168410840,168419331,168427822,persons,2022 population / 2023 survey,SUPSRC-BD-BBS-PHC2022-SEDS2023,"SEDS 2023 Table 3.6, printed p. 66: Bangla mother tongue 99.17%; PHC 2022 National Report Volume I Table 3.1.3, printed p. 43: adjusted population 169,828,911",https://bbs.portal.gov.bd/pages/static-pages/6922e073933eb65569e27220,derived_cross_source_from_official_percentage_and_population,"round(169,828,911 × 99.17%); bounds use 99.165%–99.175% with integer endpoints",typed_derived_l1_view,false,true,false,false,BD-BBS-PHC2022-SEDS2023,BD-BBS-PHC2022-SEDS2023,,no_internal_alternative_row_registered,ASSEC-BD-BN-001,gross_or_context_typed_view_only_not_direct_residual_rank,Current NCTB supply; foundational mastery and continuity gaps documented.,"Prioritize ECE/grades 2-5 recovery, emergency continuity, then TVET/applied pathways.","Derived L1 is not an exact census language count; Bangladesh and India need separate overlays. Rounding interval reflects only the published 99.17% to two decimal places; the survey does not print a weighted-person denominator and names all non-Bangla mother tongues only as Other. Official replacement for the provisional CLDR functional-language estimate; it remains a gross L1 context, not written academic comfort or unique marginal access."
GLB-010,"Bangla, Bangladesh",bn-Beng-BD,,ranked_in_typed_view,NAT-001,Bangladesh Bangla,,candidate_without_machine_strong_population_suggestion,none,unresolved,false,unresolved,,,,,,,not_applicable,,,,,,,,,,not_applicable,false,,,,not_applicable,,unresolved_population_join,Current NCTB supply; foundational mastery and continuity gaps documented.,"Prioritize ECE/grades 2-5 recovery, emergency continuity, then TVET/applied pathways.",Derived L1 is not an exact census language count; Bangladesh and India need separate overlays.
GLB-011,"Bengali, India",bn-Beng-IN,Bengali,ranked_in_typed_view,NAT-002,Indian Bengali,POP-IN-002,machine_strong_join_suggestion_pending_semantic_audit,strong_join_suggestion,not_audited_machine_suggestion,false,c16_census_language_aggregate,mother_tongue_or_first_language,census_mother_tongue_persons,national_language_population,97237669,97237669,97237669,persons,2011,PM-S001,"Statement 1, printed p. 5",,source_observation_transcribed_exactly,,context_only_pending_semantic_join_audit,true,true,false,false,ALT-POP-IN-002-CATEGORY-COMPONENT,ALT-POP-IN-002-CATEGORY-COMPONENT,ALT-POP-IN-002-CATEGORY-COMPONENT,never_sum_rows_sharing_overlap_group_id,,gross_or_context_typed_view_only_not_direct_residual_rank,School supply substantial; vocational/tertiary discontinuities remain.,Prioritize secondary/TVET and Bengali-English first-year bridges.,Do not use one locale-neutral Bangla edition. Census category includes Bengali plus grouped mother tongues. India C-16 census-language category can include multiple named mother-tongue components.
GLB-011,"Bengali, India",bn-Beng-IN,Bengali,ranked_in_typed_view,NAT-002,Indian Bengali,POP-IN-COMP-002,machine_strong_join_suggestion_pending_semantic_audit,strong_join_suggestion,not_audited_machine_suggestion,false,same_name_mother_tongue_component_preferred_for_standard_edition,same_name_mother_tongue_component,census_same_name_mother_tongue_component_persons,same_name_mother_tongue_component_population,96177835,96177835,96177835,persons,2011,PM-S001,"Statement 1, printed p. 5; Statement 1 same-name mother-tongue component",,source_observation_transcribed_exactly,,context_only_pending_semantic_join_audit,true,true,false,false,ALT-POP-IN-002-CATEGORY-COMPONENT,ALT-POP-IN-002-CATEGORY-COMPONENT,ALT-POP-IN-002-CATEGORY-COMPONENT,never_sum_rows_sharing_overlap_group_id,,gross_or_context_typed_view_only_not_direct_residual_rank,School supply substantial; vocational/tertiary discontinuities remain.,Prioritize secondary/TVET and Bengali-English first-year bridges.,Do not use one locale-neutral Bangla edition. Component of the broader Bengali census-language category; C-17 overlap remains a category-level proxy. Component is 98.910058% of the printed parent category. Never sum parent and component.
GLB-012,Telugu,te-Telu-IN,Telugu,ranked_in_typed_view,NAT-003,Telugu,POP-IN-021,machine_strong_join_suggestion_pending_semantic_audit,strong_join_suggestion,not_audited_machine_suggestion,false,c16_census_language_aggregate,mother_tongue_or_first_language,census_mother_tongue_persons,national_language_population,81127740,81127740,81127740,persons,2011,PM-S001,"Statement 1, printed p. 7",,source_observation_transcribed_exactly,,context_only_pending_semantic_join_audit,true,true,false,false,ALT-POP-IN-021-CATEGORY-COMPONENT,ALT-POP-IN-021-CATEGORY-COMPONENT,ALT-POP-IN-021-CATEGORY-COMPONENT,never_sum_rows_sharing_overlap_group_id,,gross_or_context_typed_view_only_not_direct_residual_rank,School supply substantial; TVET/tertiary transition thin.,"Applied secondary/TVET/first-year STEM, coding, finance and entrepreneurship.",Andhra Pradesh and Telangana require separate curriculum crosswalks. Count is the ORGI category total. India C-16 census-language category can include multiple named mother-tongue components.
GLB-012,Telugu,te-Telu-IN,Telugu,ranked_in_typed_view,NAT-003,Telugu,POP-IN-COMP-021,machine_strong_join_suggestion_pending_semantic_audit,strong_join_suggestion,not_audited_machine_suggestion,false,same_name_mother_tongue_component_preferred_for_standard_edition,same_name_mother_tongue_component,census_same_name_mother_tongue_component_persons,same_name_mother_tongue_component_population,80912459,80912459,80912459,persons,2011,PM-S001,"Statement 1, printed p. 7; Statement 1 same-name mother-tongue component",,source_observation_transcribed_exactly,,context_only_pending_semantic_join_audit,true,true,false,false,ALT-POP-IN-021-CATEGORY-COMPONENT,ALT-POP-IN-021-CATEGORY-COMPONENT,ALT-POP-IN-021-CATEGORY-COMPONENT,never_sum_rows_sharing_overlap_group_id,,gross_or_context_typed_view_only_not_direct_residual_rank,School supply substantial; TVET/tertiary transition thin.,"Applied secondary/TVET/first-year STEM, coding, finance and entrepreneurship.",Andhra Pradesh and Telangana require separate curriculum crosswalks. Component of the broader Telugu census-language category; C-17 overlap remains a category-level proxy. Component is 99.734639% of the printed parent category. Never sum parent and component.
GLB-013,Marathi,mr-Deva-IN,Devanagari,ranked_in_typed_view,NAT-006,Marathi,POP-IN-013,machine_strong_join_suggestion_pending_semantic_audit,strong_join_suggestion,not_audited_machine_suggestion,false,c16_census_language_aggregate,mother_tongue_or_first_language,census_mother_tongue_persons,national_language_population,83026680,83026680,83026680,persons,2011,PM-S001,"Statement 1, printed p. 7",,source_observation_transcribed_exactly,,context_only_pending_semantic_join_audit,true,true,false,false,ALT-POP-IN-013-CATEGORY-COMPONENT,ALT-POP-IN-013-CATEGORY-COMPONENT,ALT-POP-IN-013-CATEGORY-COMPONENT,never_sum_rows_sharing_overlap_group_id,,gross_or_context_typed_view_only_not_direct_residual_rank,Strong grade 1-12 provision; vocational/tertiary residual.,"Secondary/TVET and first-year applied science, computing, finance and agriculture.",Functional total is not additive to L1. Category total includes minor grouped labels. India C-16 census-language category can include multiple named mother-tongue components.
GLB-013,Marathi,mr-Deva-IN,Devanagari,ranked_in_typed_view,NAT-006,Marathi,POP-IN-COMP-013,machine_strong_join_suggestion_pending_semantic_audit,strong_join_suggestion,not_audited_machine_suggestion,false,same_name_mother_tongue_component_preferred_for_standard_edition,same_name_mother_tongue_component,census_same_name_mother_tongue_component_persons,same_name_mother_tongue_component_population,82801140,82801140,82801140,persons,2011,PM-S001,"Statement 1, printed p. 7; Statement 1 same-name mother-tongue component",,source_observation_transcribed_exactly,,context_only_pending_semantic_join_audit,true,true,false,false,ALT-POP-IN-013-CATEGORY-COMPONENT,ALT-POP-IN-013-CATEGORY-COMPONENT,ALT-POP-IN-013-CATEGORY-COMPONENT,never_sum_rows_sharing_overlap_group_id,,gross_or_context_typed_view_only_not_direct_residual_rank,Strong grade 1-12 provision; vocational/tertiary residual.,"Secondary/TVET and first-year applied science, computing, finance and agriculture.",Functional total is not additive to L1. Component of the broader Marathi census-language category; C-17 overlap remains a category-level proxy. Component is 99.728352% of the printed parent category. Never sum parent and component.
GLB-014,"Tamil, India",ta-Taml-IN,Tamil,ranked_in_typed_view,NAT-004,Indian Tamil,POP-IN-020,machine_strong_join_suggestion_pending_semantic_audit,strong_join_suggestion,not_audited_machine_suggestion,false,c16_census_language_aggregate,mother_tongue_or_first_language,census_mother_tongue_persons,national_language_population,69026881,69026881,69026881,persons,2011,PM-S001,"Statement 1, printed p. 7",,source_observation_transcribed_exactly,,context_only_pending_semantic_join_audit,true,true,false,false,ALT-POP-IN-020-CATEGORY-COMPONENT,ALT-POP-IN-020-CATEGORY-COMPONENT,ALT-POP-IN-020-CATEGORY-COMPONENT,never_sum_rows_sharing_overlap_group_id,,gross_or_context_typed_view_only_not_direct_residual_rank,Comparatively strong school/vocational supply; tertiary/research continuity residual.,"Tamil-English first-year STEM, management and research methods.",Sri Lankan Tamil is a distinct locale and population cell. Count is the ORGI category total. India C-16 census-language category can include multiple named mother-tongue components.
GLB-014,"Tamil, India",ta-Taml-IN,Tamil,ranked_in_typed_view,NAT-004,Indian Tamil,POP-IN-COMP-020,machine_strong_join_suggestion_pending_semantic_audit,strong_join_suggestion,not_audited_machine_suggestion,false,same_name_mother_tongue_component_preferred_for_standard_edition,same_name_mother_tongue_component,census_same_name_mother_tongue_component_persons,same_name_mother_tongue_component_population,68888839,68888839,68888839,persons,2011,PM-S001,"Statement 1, printed p. 7; Statement 1 same-name mother-tongue component",,source_observation_transcribed_exactly,,context_only_pending_semantic_join_audit,true,true,false,false,ALT-POP-IN-020-CATEGORY-COMPONENT,ALT-POP-IN-020-CATEGORY-COMPONENT,ALT-POP-IN-020-CATEGORY-COMPONENT,never_sum_rows_sharing_overlap_group_id,,gross_or_context_typed_view_only_not_direct_residual_rank,Comparatively strong school/vocational supply; tertiary/research continuity residual.,"Tamil-English first-year STEM, management and research methods.",Sri Lankan Tamil is a distinct locale and population cell. Component of the broader Tamil census-language category; territory-specific terminology remains separate from Sri Lankan Tamil. Component is 99.800017% of the printed parent category. Never sum parent and component.
GLB-015,Gujarati,gu-Gujr-IN,Gujarati,ranked_in_typed_view,NAT-007,Gujarati,POP-IN-005,machine_strong_join_suggestion_pending_semantic_audit,strong_join_suggestion,not_audited_machine_suggestion,false,c16_census_language_aggregate,mother_tongue_or_first_language,census_mother_tongue_persons,national_language_population,55492554,55492554,55492554,persons,2011,PM-S001,"Statement 1, printed p. 5",,source_observation_transcribed_exactly,,context_only_pending_semantic_join_audit,true,true,false,false,ALT-POP-IN-005-CATEGORY-COMPONENT,ALT-POP-IN-005-CATEGORY-COMPONENT,ALT-POP-IN-005-CATEGORY-COMPONENT,never_sum_rows_sharing_overlap_group_id,,gross_or_context_typed_view_only_not_direct_residual_rank,Supply audit incomplete beyond school baseline.,"Audit microenterprise, applied science, finance and first-year transition.",Functional total is not additive to L1. Category includes grouped minor mother-tongue labels. India C-16 census-language category can include multiple named mother-tongue components.
GLB-015,Gujarati,gu-Gujr-IN,Gujarati,ranked_in_typed_view,NAT-007,Gujarati,POP-IN-COMP-005,machine_strong_join_suggestion_pending_semantic_audit,strong_join_suggestion,not_audited_machine_suggestion,false,same_name_mother_tongue_component_preferred_for_standard_edition,same_name_mother_tongue_component,census_same_name_mother_tongue_component_persons,same_name_mother_tongue_component_population,55036204,55036204,55036204,persons,2011,PM-S001,"Statement 1, printed p. 5; Statement 1 same-name mother-tongue component",,source_observation_transcribed_exactly,,context_only_pending_semantic_join_audit,true,true,false,false,ALT-POP-IN-005-CATEGORY-COMPONENT,ALT-POP-IN-005-CATEGORY-COMPONENT,ALT-POP-IN-005-CATEGORY-COMPONENT,never_sum_rows_sharing_overlap_group_id,,gross_or_context_typed_view_only_not_direct_residual_rank,Supply audit incomplete beyond school baseline.,"Audit microenterprise, applied science, finance and first-year transition.",Functional total is not additive to L1. Component of the broader Gujarati census-language category; C-17 overlap remains a category-level proxy. Component is 99.177637% of the printed parent category. Never sum parent and component.
GLB-016,Kannada,kn-Knda-IN,Kannada,ranked_in_typed_view,NAT-008,Kannada,POP-IN-007,machine_strong_join_suggestion_pending_semantic_audit,strong_join_suggestion,not_audited_machine_suggestion,false,c16_census_language_aggregate,mother_tongue_or_first_language,census_mother_tongue_persons,national_language_population,43706512,43706512,43706512,persons,2011,PM-S001,"Statement 1, printed p. 6",,source_observation_transcribed_exactly,,context_only_pending_semantic_join_audit,true,true,false,false,ALT-POP-IN-007-CATEGORY-COMPONENT,ALT-POP-IN-007-CATEGORY-COMPONENT,ALT-POP-IN-007-CATEGORY-COMPONENT,never_sum_rows_sharing_overlap_group_id,,gross_or_context_typed_view_only_not_direct_residual_rank,School supply exists; advanced open continuity unresolved.,Audit TVET/tertiary and professional residual before selecting package.,C-17 L2/L3 total cannot be compared as L1. ORGI category total includes grouped mother tongues. India C-16 census-language category can include multiple named mother-tongue components.
GLB-016,Kannada,kn-Knda-IN,Kannada,ranked_in_typed_view,NAT-008,Kannada,POP-IN-COMP-007,machine_strong_join_suggestion_pending_semantic_audit,strong_join_suggestion,not_audited_machine_suggestion,false,same_name_mother_tongue_component_preferred_for_standard_edition,same_name_mother_tongue_component,census_same_name_mother_tongue_component_persons,same_name_mother_tongue_component_population,43506272,43506272,43506272,persons,2011,PM-S001,"Statement 1, printed p. 6; Statement 1 same-name mother-tongue component",,source_observation_transcribed_exactly,,context_only_pending_semantic_join_audit,true,true,false,false,ALT-POP-IN-007-CATEGORY-COMPONENT,ALT-POP-IN-007-CATEGORY-COMPONENT,ALT-POP-IN-007-CATEGORY-COMPONENT,never_sum_rows_sharing_overlap_group_id,,gross_or_context_typed_view_only_not_direct_residual_rank,School supply exists; advanced open continuity unresolved.,Audit TVET/tertiary and professional residual before selecting package.,C-17 L2/L3 total cannot be compared as L1. Component of the broader Kannada census-language category; C-17 overlap remains a category-level proxy. Component is 99.541853% of the printed parent category. Never sum parent and component.
GLB-017,Malayalam,ml-Mlym-IN,Malayalam,ranked_in_typed_view,NAT-009,Malayalam,POP-IN-011,machine_strong_join_suggestion_pending_semantic_audit,strong_join_suggestion,not_audited_machine_suggestion,false,c16_census_language_aggregate,mother_tongue_or_first_language,census_mother_tongue_persons,national_language_population,34838819,34838819,34838819,persons,2011,PM-S001,"Statement 1, printed p. 7",,source_observation_transcribed_exactly,,context_only_pending_semantic_join_audit,true,true,false,false,ALT-POP-IN-011-CATEGORY-COMPONENT,ALT-POP-IN-011-CATEGORY-COMPONENT,ALT-POP-IN-011-CATEGORY-COMPONENT,never_sum_rows_sharing_overlap_group_id,,gross_or_context_typed_view_only_not_direct_residual_rank,Local supply exists; residual not yet inventoried.,Audit exact advanced/open/accessibility gaps.,"Do not inflate using Kerala territory without language evidence. Count is a 2011 census category, not a current speaker estimate. India C-16 census-language category can include multiple named mother-tongue components."
GLB-017,Malayalam,ml-Mlym-IN,Malayalam,ranked_in_typed_view,NAT-009,Malayalam,POP-IN-COMP-011,machine_strong_join_suggestion_pending_semantic_audit,strong_join_suggestion,not_audited_machine_suggestion,false,same_name_mother_tongue_component_preferred_for_standard_edition,same_name_mother_tongue_component,census_same_name_mother_tongue_component_persons,same_name_mother_tongue_component_population,34776533,34776533,34776533,persons,2011,PM-S001,"Statement 1, printed p. 7; Statement 1 same-name mother-tongue component",,source_observation_transcribed_exactly,,context_only_pending_semantic_join_audit,true,true,false,false,ALT-POP-IN-011-CATEGORY-COMPONENT,ALT-POP-IN-011-CATEGORY-COMPONENT,ALT-POP-IN-011-CATEGORY-COMPONENT,never_sum_rows_sharing_overlap_group_id,,gross_or_context_typed_view_only_not_direct_residual_rank,Local supply exists; residual not yet inventoried.,Audit exact advanced/open/accessibility gaps.,Do not inflate using Kerala territory without language evidence. Component of the broader Malayalam census-language category; C-17 overlap remains a category-level proxy. Component is 99.821217% of the printed parent category. Never sum parent and component.
GLB-018,Odia,ory-Orya-IN,Odia,ranked_in_typed_view,NAT-010,Odia,POP-IN-015,machine_strong_join_suggestion_pending_semantic_audit,strong_join_suggestion,not_audited_machine_suggestion,false,c16_census_language_aggregate,mother_tongue_or_first_language,census_mother_tongue_persons,national_language_population,37521324,37521324,37521324,persons,2011,PM-S001,"Statement 1, printed p. 7",,source_observation_transcribed_exactly,,context_only_pending_semantic_join_audit,true,true,false,false,ALT-POP-IN-015-CATEGORY-COMPONENT,ALT-POP-IN-015-CATEGORY-COMPONENT,ALT-POP-IN-015-CATEGORY-COMPONENT,never_sum_rows_sharing_overlap_group_id,,gross_or_context_typed_view_only_not_direct_residual_rank,Supply inventory incomplete.,Audit secondary/TVET/tertiary discontinuity.,Below 50M on verified measures. ORGI category groups several named mother tongues; ISO 639-3 edition identifier corrected to ory. India C-16 census-language category can include multiple named mother-tongue components.
GLB-018,Odia,ory-Orya-IN,Odia,ranked_in_typed_view,NAT-010,Odia,POP-IN-COMP-015,machine_strong_join_suggestion_pending_semantic_audit,strong_join_suggestion,not_audited_machine_suggestion,false,same_name_mother_tongue_component_preferred_for_standard_edition,same_name_mother_tongue_component,census_same_name_mother_tongue_component_persons,same_name_mother_tongue_component_population,34059266,34059266,34059266,persons,2011,PM-S001,"Statement 1, printed p. 7; Statement 1 same-name mother-tongue component",,source_observation_transcribed_exactly,,context_only_pending_semantic_join_audit,true,true,false,false,ALT-POP-IN-015-CATEGORY-COMPONENT,ALT-POP-IN-015-CATEGORY-COMPONENT,ALT-POP-IN-015-CATEGORY-COMPONENT,never_sum_rows_sharing_overlap_group_id,,gross_or_context_typed_view_only_not_direct_residual_rank,Supply inventory incomplete.,Audit secondary/TVET/tertiary discontinuity.,Below 50M on verified measures. Component of the broader Odia census-language category; C-17 overlap remains a category-level proxy. Component is 90.773092% of the printed parent category. Never sum parent and component.
GLB-019,"Punjabi, Pakistan",pa-Arab-PK; Aran when Nastaliq asserted,,unresolved_no_comparable_count,NAT-015,Western Punjabi,,candidate_without_machine_strong_population_suggestion,none,unresolved,false,unresolved,,,,,,,not_applicable,,,,,,,,,,not_applicable,false,,,,not_applicable,,unresolved_population_join,Written/scientific supply and readership unresolved.,"Resolve variety and orthography, then commission a separate Pakistan output.",Do not equate every Punjabi return with one Western Punjabi variety or standardized readership.
GLB-020,"Punjabi, India",pa-Guru-IN,Gurmukhi,ranked_in_typed_view,NAT-014,Eastern Punjabi,POP-IN-016,machine_strong_join_suggestion_pending_semantic_audit,strong_join_suggestion,not_audited_machine_suggestion,false,c16_census_language_aggregate,mother_tongue_or_first_language,census_mother_tongue_persons,national_language_population,33124726,33124726,33124726,persons,2011,PM-S001,"Statement 1, printed p. 7",,source_observation_transcribed_exactly,,context_only_pending_semantic_join_audit,true,true,false,false,ALT-POP-IN-016-CATEGORY-COMPONENT,ALT-POP-IN-016-CATEGORY-COMPONENT,ALT-POP-IN-016-CATEGORY-COMPONENT,never_sum_rows_sharing_overlap_group_id,,gross_or_context_typed_view_only_not_direct_residual_rank,Supply inventory incomplete.,Audit exact secondary/tertiary residual and synchronized dual-script production.,No cross-script population credit. India cell should not be merged with Pakistan's Shahmukhi Punjabi without script-aware treatment. India C-16 census-language category can include multiple named mother-tongue components.
GLB-020,"Punjabi, India",pa-Guru-IN,Gurmukhi,ranked_in_typed_view,NAT-014,Eastern Punjabi,POP-IN-COMP-016,machine_strong_join_suggestion_pending_semantic_audit,strong_join_suggestion,not_audited_machine_suggestion,false,same_name_mother_tongue_component_preferred_for_standard_edition,same_name_mother_tongue_component,census_same_name_mother_tongue_component_persons,same_name_mother_tongue_component_population,31144095,31144095,31144095,persons,2011,PM-S001,"Statement 1, printed p. 7; Statement 1 same-name mother-tongue component",,source_observation_transcribed_exactly,,context_only_pending_semantic_join_audit,true,true,false,false,ALT-POP-IN-016-CATEGORY-COMPONENT,ALT-POP-IN-016-CATEGORY-COMPONENT,ALT-POP-IN-016-CATEGORY-COMPONENT,never_sum_rows_sharing_overlap_group_id,,gross_or_context_typed_view_only_not_direct_residual_rank,Supply inventory incomplete.,Audit exact secondary/tertiary residual and synchronized dual-script production.,No cross-script population credit. India-specific component; Gurmukhi edition fit requires separate orthography evidence. Component is 94.020687% of the printed parent category. Never sum parent and component.
GLB-021,Lahnda-labelled recall universe,und-Arab-PK-Lahnda; resolve Saraiki/Hindko/Punjabi labels,Perso-Arabic,unresolved_no_comparable_count,NAT-019,Saraiki,POP-PK-007,machine_strong_join_suggestion_pending_semantic_audit,strong_join_suggestion,not_audited_machine_suggestion,false,source_named_language_observation,mother_tongue_or_first_language,census_mother_tongue_persons,regional_language_population,28849579,28849579,28849579,persons,2023,PM-S003,"Table 11, national row",,source_observation_transcribed_exactly,,context_only_pending_semantic_join_audit,true,true,false,false,,,,no_cross_row_nonadditivity_group_recorded,,gross_or_context_typed_view_only_not_direct_residual_rank,No coherent single supply inventory.,Resolve named outputs and never rank the macro-label.,"Overlaps Punjabi, Saraiki, Hindko and classification conventions. Use the source category as observed; do not infer mutual intelligibility."
GLB-022,"Pashto, Pakistan and Afghanistan profiles",ps-Arab-PK; ps-Arab-AF,ps-Arab-AF,unresolved_no_comparable_count,NAT-016,Afghan Pashto,ASSEC-AF-PS-001,machine_strong_join_suggestion_pending_semantic_audit,strong_join_suggestion,not_audited_machine_suggestion,false,exact_Pashto_national_core_match_to_NAT-016; displaced cohorts excluded; source does not establish orthography,published_or_derived_speaker_estimate,derived_2020_total_speakers_from_official_secondary_share_and_world_bank_denominator,total_language_speakers_L1_plus_L2_nonexclusive,,18753110,,persons,2020 estimate; republished in official report 2023,ASSEC-S018,afghanistan_language_derivation.md; CIA page captured 2023-01-02 language field; Netherlands COI report printed p.72 section 3.1.1.2 and footnotes 502-504; World Bank JSON indicator SP.POP.TOTL AFG 2020,,source_observation_not_exactly_transcribed,,context_only_pending_semantic_join_audit,false,true,false,false,ASSEC-AF-MULTILINGUAL-SPEAKERS-2020,ASSEC-AF-MULTILINGUAL-SPEAKERS-2020,ASSEC-AF-MULTILINGUAL-SPEAKERS-2020,never_sum_rows_sharing_overlap_group_id,,gross_or_context_typed_view_only_not_direct_residual_rank,Supply and displaced-cohort access unresolved.,Resolve each profile; reuse a shared semantic source without blanket reach.,"Mixed denominator and dialect/orthography profiles cannot form one rank. 39068979 times 48 percent = 18753109.92, rounded half up. The source defines speakers rather than native speakers and says multilingual totals exceed 100 percent. Integer-share rounding and confidence intervals are unstated, so low/high are blank. National Afghanistan only; displaced cohorts excluded."
GLB-022,"Pashto, Pakistan and Afghanistan profiles",ps-Arab-PK; ps-Arab-AF,Perso-Arabic,unresolved_no_comparable_count,NAT-017,Pakistani Pashto,POP-PK-004,machine_strong_join_suggestion_pending_semantic_audit,strong_join_suggestion,not_audited_machine_suggestion,false,source_observation_not_candidate_ready,mother_tongue_or_first_language,census_mother_tongue_persons,regional_language_umbrella,43633946,43633946,43633946,persons,2023,PM-S003,"Table 11, national row",,source_observation_transcribed_exactly,,context_only_pending_semantic_join_audit,true,true,false,false,,,,no_cross_row_nonadditivity_group_recorded,,gross_or_context_typed_view_only_not_direct_residual_rank,Supply and displaced-cohort access unresolved.,Resolve each profile; reuse a shared semantic source without blanket reach.,Mixed denominator and dialect/orthography profiles cannot form one rank. PBS Pushto is a broad category; exact variety is unresolved.
GLB-023,"Sindhi, Pakistan",sd-Arab-PK,Perso-Arabic,ranked_in_typed_view,NAT-018,Sindhi,POP-PK-003,machine_strong_join_suggestion_pending_semantic_audit,strong_join_suggestion,not_audited_machine_suggestion,false,source_named_language_observation,mother_tongue_or_first_language,census_mother_tongue_persons,regional_language_population,34401564,34401564,34401564,persons,2023,PM-S003,"Table 11, national row",,source_observation_transcribed_exactly,,context_only_pending_semantic_join_audit,true,true,false,false,,,,no_cross_row_nonadditivity_group_recorded,,gross_or_context_typed_view_only_not_direct_residual_rank,Supply inventory incomplete.,Audit school-to-tertiary and professional residual.,Shared RTL tooling is not intelligibility. Census category does not encode script proficiency.
GLB-024,Latin American Spanish localized core,es-419 with country overlays,es-US,supply_rich_negative_control,,"Spanish spoken at home, United States",SUP-009,supplemental_profile_link_context_only,not_applicable,profile_id_explicit_but_not_rank_approved,false,supplement_context_only,home_or_usual_language_use,acs_spanish_spoken_at_home_age5plus,United States residents age 5+,44724507,44867699,45010891,persons,2024,SUPSRC-US-ACS-B16001-2024,"B16001 Spanish spoken at home; published 90% margin of error 143,192",https://data.census.gov/table/ACSDT1Y2024.B16001?g=010XX00US,published_estimate_with_margin,none,typed_home_language_view,true,true,false,false,ES-US-ACS-2024,ES-GLOBAL-US-NONADDITIVE,ES-GLOBAL-US-NONADDITIVE,never_sum_rows_sharing_overlap_group_id,,gross_or_context_typed_view_only_not_direct_residual_rank,Very high supply; substantial mastery and licensing/access residuals.,Country-specific grades 3-9 recovery and exact professional/frontier gaps.,"Headline global totals are models and do not equal unique underserved readers. Home use is not L1, literacy, academic comfort, or an es-419 curriculum profile. Country observation; no addition to SUP-008 without a global overlap model."
GLB-024,Latin American Spanish localized core,es-419 with country overlays,es; locale outputs required,supply_rich_negative_control,,"Spanish native-domain group, global model",SUP-008,supplemental_profile_link_context_only,not_applicable,profile_id_explicit_but_not_rank_approved,false,supplement_context_only,published_or_derived_speaker_estimate,instituto_cervantes_grupo_dominio_nativo,Modeled global native-domain group,,519115258,,persons,2025,SUPSRC-ES-CERVANTES-2025,"Table 4, p. 67; Grupo de Dominio Nativo (GDN)",https://cvc.cervantes.es/lengua/anuario/anuario_25/el_espanol_en_el_mundo_anuario_instituto_cervantes_2025.pdf,published_institutional_model,none,context_only,true,true,false,false,ES-CERVANTES-2025,ES-GLOBAL-US-NONADDITIVE,ES-GLOBAL-US-NONADDITIVE,never_sum_rows_sharing_overlap_group_id,,gross_or_context_typed_view_only_not_direct_residual_rank,Very high supply; substantial mastery and licensing/access residuals.,Country-specific grades 3-9 recovery and exact professional/frontier gaps.,Headline global totals are models and do not equal unique underserved readers. Not a synchronized global census; not locale-specific and not an underserved-reader count. Negative-control gross context. Do not add GCL or learners to this row unless reproducing the report's total model.
GLB-025,Brazilian Portuguese,pt-BR,pt; locale outputs required,supply_rich_negative_control,,"Portuguese speakers, global institutional estimate",SUP-010,supplemental_profile_link_context_only,not_applicable,profile_id_explicit_but_not_rank_approved,false,supplement_context_only,published_or_derived_speaker_estimate,un_global_portuguese_speaker_estimate,Unspecified global speaker universe,265000000,,,persons,2026,SUPSRC-UN-PORTUGUESE-2026,Statement: Portuguese unites more than 265 million speakers,https://www.un.org/sg/en/content/sg/statements/2026-05-05/secretary-generals-message-world-portuguese-language-day,published_rounded_lower_bound,none,context_only,true,true,false,false,PT-UN-2026,PT-GLOBAL-BR-NONADDITIVE,PT-GLOBAL-BR-NONADDITIVE,never_sum_rows_sharing_overlap_group_id,,gross_or_context_typed_view_only_not_direct_residual_rank,"Extensive school/health supply, often authenticated or DRM constrained.",Build lawful offline teacher-independent bundles and exact research residuals.,"Brazil population is not a Portuguese-reader count; global Portuguese totals lack disclosed proficiency method. No disclosed L1/L2, age, proficiency, literacy, or census method. Gross threshold evidence only; never substitute for pt-BR, pt-PT, or PALOP locale populations."
GLB-025,Brazilian Portuguese,pt-BR,pt-BR,supply_rich_negative_control,,Brazil territory population,SUP-011,supplemental_profile_link_context_only,not_applicable,profile_id_explicit_but_not_rank_approved,false,supplement_context_only,territory_all_residents_ceiling,official_census_territory_population,Brazil residents,,203080756,,persons,2022,SUPSRC-BR-IBGE-CENSUS-2022,"Brazil total population, second apportionment",https://ftp.ibge.gov.br/Censos/Censo_Demografico_2022/Populacao_e_domicilios_Primeiros_resultados/Resultados_da_2a_apuracao_20231027/POP2022_Municipios_Primeiros_Resultados_20231222.pdf,published_exact_census_total,none,context_only,true,true,false,false,PT-BR-2022,PT-GLOBAL-BR-NONADDITIVE,PT-GLOBAL-BR-NONADDITIVE,never_sum_rows_sharing_overlap_group_id,,gross_or_context_typed_view_only_not_direct_residual_rank,"Extensive school/health supply, often authenticated or DRM constrained.",Build lawful offline teacher-independent bundles and exact research residuals.,Brazil population is not a Portuguese-reader count; global Portuguese totals lack disclosed proficiency method. Territory population is not a Portuguese-language or literacy count. Country ceiling and non-additive alternative to global SUP-010.
GLB-026,Global/French regional localized standards,fr-Latn with country overlays,fr; locale outputs required,supply_rich_negative_control,,"Francophones, continuing OIF method",SUP-012,supplemental_profile_link_context_only,not_applicable,profile_id_explicit_but_not_rank_approved,false,supplement_context_only,functional_language_ability_or_estimate,oif_method_1_french_competence_estimate,Modeled global French-competence population,,348000000,,persons,2025,SUPSRC-OIF-FRENCH-2025,2025 estimate under continuing method 1,https://www.francophonie.org/sites/default/files/2026-03/La_langue_francaise_dans_le_monde_Edition_2026.pdf,published_rounded_institutional_model,none,context_only,true,true,false,false,FR-OIF-2025,FR-OIF-2025-ALTERNATIVES,FR-OIF-2025-ALTERNATIVES,never_sum_rows_sharing_overlap_group_id,,gross_or_context_typed_view_only_not_direct_residual_rank,High global supply with regional licensing/access/comfort gaps.,Audit country/stage-specific residuals and local-language bridges.,"Modeled Francophone totals include heterogeneous competence and schooling. Heterogeneous source model; not L1, uniform literacy, locale fit, or unique access. Preferred continuity series; do not add to SUP-013."
GLB-026,Global/French regional localized standards,fr-Latn with country overlays,fr; locale outputs required,supply_rich_negative_control,,"Francophones, broadened OIF method",SUP-013,supplemental_profile_link_context_only,not_applicable,profile_id_explicit_but_not_rank_approved,false,supplement_context_only,functional_language_ability_or_estimate,oif_method_2_including_schooled_literate_children_6_9,Modeled global French-competence and schooling population,,396000000,,persons,2025,SUPSRC-OIF-FRENCH-2025,2025 estimate under method 2,https://www.francophonie.org/sites/default/files/2026-03/La_langue_francaise_dans_le_monde_Edition_2026.pdf,published_rounded_institutional_model,none,context_only,true,true,false,false,FR-OIF-2025,FR-OIF-2025-ALTERNATIVES,FR-OIF-2025-ALTERNATIVES,never_sum_rows_sharing_overlap_group_id,,gross_or_context_typed_view_only_not_direct_residual_rank,High global supply with regional licensing/access/comfort gaps.,Audit country/stage-specific residuals and local-language bridges.,Modeled Francophone totals include heterogeneous competence and schooling. Method 2 adds pupils age 6–9 in 30 Global-South countries; not comparable to the older time series. Sensitivity alternative to SUP-012; never add them.
GLB-027,Russian learned standard,ru-Cyrl-RU; localized successor-state overlays,ru-Cyrl-RU,supply_rich_negative_control,,"Russian knowledge, Russian Federation",SUP-014,supplemental_profile_link_context_only,not_applicable,profile_id_explicit_but_not_rank_approved,false,supplement_context_only,functional_language_ability_or_estimate,census_reports_knowledge_of_russian,Respondents answering language-knowledge question,,134319233,,persons,2021-10-01,SUPSRC-RU-ROSSTAT-CENSUS-2021,Russian knowledge row; census reference date 1 October 2021,https://rosstat.gov.ru/storage/mediabank/Tom5_tab4_VPN-2020.xlsx,published_exact_census_cell,none,typed_functional_knowledge_view,true,true,false,false,RU-ROSSTAT-2021,RU-ROSSTAT-2021-ALTERNATIVES,RU-ROSSTAT-2021-ALTERNATIVES,never_sum_rows_sharing_overlap_group_id,,gross_or_context_typed_view_only_not_direct_residual_rank,Strong university/research infrastructure; reuse and accessibility vary.,Open no-login professional/research-methods stack and exact frontier gaps.,Knowledge may mean speaking only; no automatic written competence or ex-Soviet community coverage. Knowledge means speak/read/write or only speak; written competence cannot be isolated. Alternative to daily-use SUP-015; never add them.
GLB-027,Russian learned standard,ru-Cyrl-RU; localized successor-state overlays,ru-Cyrl-RU,supply_rich_negative_control,,"Russian daily use, Russian Federation",SUP-015,supplemental_profile_link_context_only,not_applicable,profile_id_explicit_but_not_rank_approved,false,supplement_context_only,home_or_usual_language_use,census_reports_daily_use_of_russian,Respondents answering language-use question,,132317159,,persons,2021-10-01,SUPSRC-RU-ROSSTAT-CENSUS-2021,Russian daily-use row; census reference date 1 October 2021,https://rosstat.gov.ru/storage/mediabank/Tom5_tab4_VPN-2020.xlsx,published_exact_census_cell,none,typed_daily_use_view,true,true,false,false,RU-ROSSTAT-2021,RU-ROSSTAT-2021-ALTERNATIVES,RU-ROSSTAT-2021-ALTERNATIVES,never_sum_rows_sharing_overlap_group_id,,gross_or_context_typed_view_only_not_direct_residual_rank,Strong university/research infrastructure; reuse and accessibility vary.,Open no-login professional/research-methods stack and exact frontier gaps.,"Knowledge may mean speaking only; no automatic written competence or ex-Soviet community coverage. Daily use does not isolate literacy, academic comfort, or exclusive Russian reliance. Alternative to knowledge SUP-014; never add them."
GLB-028,"German, Germany",de-Latn-DE,de-Latn-DE,supply_rich_negative_control,,"Only German at home, Germany",SUP-016,supplemental_profile_link_context_only,not_applicable,profile_id_explicit_but_not_rank_approved,false,supplement_context_only,home_or_usual_language_use,microcensus_only_german_used_at_home,Germany private-household population,,63433000,,persons,2024,SUPSRC-DE-DESTATIS-MICROCENSUS-2024,"Table 12211-47, only German at home",https://www.destatis.de/DE/Themen/Gesellschaft-Umwelt/Bevoelkerung/Migration-Integration/Publikationen/Downloads-Migration/statistischer-bericht-migrationshintergrund-end-2010220247005.xlsx?__blob=publicationFile&v=3,published_rounded_survey_estimate,none,typed_home_language_view,true,true,false,false,DE-MICROCENSUS-2024,DE-MICROCENSUS-2024-ALTERNATIVES,DE-MICROCENSUS-2024-ALTERNATIVES,never_sum_rows_sharing_overlap_group_id,,gross_or_context_typed_view_only_not_direct_residual_rank,Very high educational and scientific supply.,Only exact open/accessibility/frontier residuals; do not use for Germanic minority coverage.,Home use is not a literacy test and does not cover all Germanic minorities. Annual 1% survey; communal accommodation excluded; home use is not literacy or academic need. Negative-control same-country measure.
GLB-028,"German, Germany",de-Latn-DE,de-Latn-DE,supply_rich_negative_control,,"Any German at home, Germany",SUP-017,supplemental_profile_link_context_only,not_applicable,profile_id_explicit_but_not_rank_approved,false,supplement_context_only,home_or_usual_language_use,derived_any_german_used_at_home,Germany private-household population,,77847000,,persons,2024,SUPSRC-DE-DESTATIS-MICROCENSUS-2024,Only German + predominantly German + German with another language,https://www.destatis.de/DE/Themen/Gesellschaft-Umwelt/Bevoelkerung/Migration-Integration/Publikationen/Downloads-Migration/statistischer-bericht-migrationshintergrund-end-2010220247005.xlsx?__blob=publicationFile&v=3,derived_sum_of_published_rounded_cells,"63,433,000 + 3,810,000 + 10,604,000",context_only,false,true,false,false,DE-MICROCENSUS-2024,DE-MICROCENSUS-2024-ALTERNATIVES,DE-MICROCENSUS-2024-ALTERNATIVES,never_sum_rows_sharing_overlap_group_id,,gross_or_context_typed_view_only_not_direct_residual_rank,Very high educational and scientific supply.,Only exact open/accessibility/frontier residuals; do not use for Germanic minority coverage.,Home use is not a literacy test and does not cover all Germanic minorities. Derived from cells published in thousands; not a proficiency or literacy test. Alternative to SUP-016; never add them.
GLB-029,"Italian, Italy",it-Latn-IT,it-Latn-IT,supply_rich_negative_control,,Italian used in at least one social context,SUP-018,supplemental_profile_link_context_only,not_applicable,profile_id_explicit_but_not_rank_approved,false,supplement_context_only,home_or_usual_language_use,survey_speaks_italian_in_at_least_one_context,Italy resident population age 6+,,47611000,,persons,2024,SUPSRC-IT-ISTAT-LANGUAGE-2024,"Italian used in at least one of family, friends, or strangers contexts",https://www.istat.it/comunicato-stampa/luso-della-lingua-italiana-dei-dialetti-e-delle-lingue-straniere-anno-2024/,published_survey_estimate,none,typed_habitual_use_view,true,true,false,false,IT-ISTAT-2024,IT-ISTAT-2024,,no_internal_alternative_row_registered,,gross_or_context_typed_view_only_not_direct_residual_rank,High mainstream supply.,Audit only exact open/accessibility/professional/frontier residuals.,No direct Italian literacy census in located source. Below 50 million on this measure; not literacy or academic comfort. Retains Italian as a supply-rich watch profile rather than manufacturing a threshold crossing.
GLB-030,Polish,pl-Latn-PL,pl-Latn-PL,supply_rich_negative_control,,Poland territory population,SUP-019,supplemental_profile_link_context_only,not_applicable,profile_id_explicit_but_not_rank_approved,false,supplement_context_only,territory_all_residents_ceiling,official_population_balance_territory_population,Poland residents,,37489000,,persons,2024-12-31,SUPSRC-PL-STAT-POPULATION-2024,Population at end of 2024,https://stat.gov.pl/files/gfx/portalinformacyjny/pl/defaultaktualnosci/5468/40/5/1/sytuacja_demograficzna_polski_do_2024.pdf,published_rounded_official_total,none,context_only,true,true,false,false,PL-STAT-2024,PL-STAT-2024,,no_internal_alternative_row_registered,,gross_or_context_typed_view_only_not_direct_residual_rank,High mainstream supply.,Exact residual audit only.,Rounded survey shares are not exact population cells. Territory only and below 50 million; not a Polish-language count. Negative-control watch profile.
GLB-031,Modern Standard Arabic plus locale scaffolds,arb-Arab; country spoken-language layers,arb-Arab plus spoken-language scaffolds,forward_residual_audit,,"Arabic forms, UNESCO gross global estimate",SUP-020,supplemental_profile_link_context_only,not_applicable,profile_id_explicit_but_not_rank_approved,false,supplement_context_only,published_or_derived_speaker_estimate,unesco_arabic_used_daily_gross_estimate,Unspecified global users across Arabic forms,400000000,,,persons,current UNESCO page,SUPSRC-UNESCO-ARABIC,Arabic used daily by more than 400 million people,https://www.unesco.org/en/world-arabic-language-day,published_rounded_lower_bound,none,context_only,true,true,false,false,AR-UNESCO-GROSS,AR-UNESCO-GROSS,,no_internal_alternative_row_registered,,gross_or_context_typed_view_only_not_direct_residual_rank,Substantial but fragmented formal/professional supply.,"Country-specific MSA-literacy plus local-spoken scaffolds, emergency and research pathways.","Nobody's ordinary home language can be presumed to be MSA; Arabic umbrella varieties are not one comfort population. Arabic is internally diverse; the figure does not measure MSA literacy, one spoken variety, or academic comfort. Gross recall evidence only. It must not be credited as direct reach for one MSA-only edition."
GLB-031,Modern Standard Arabic plus locale scaffolds,arb-Arab; country spoken-language layers,,forward_residual_audit,IL-AR,Modern Standard Arabic plus dialect scaffolds,,candidate_without_machine_strong_population_suggestion,none,unresolved,false,unresolved,,,,,,,not_applicable,,,,,,,,,,not_applicable,false,,,,not_applicable,,unresolved_population_join,Substantial but fragmented formal/professional supply.,"Country-specific MSA-literacy plus local-spoken scaffolds, emergency and research pathways.",Nobody's ordinary home language can be presumed to be MSA; Arabic umbrella varieties are not one comfort population.
GLB-032,Egyptian Arabic scaffold,arz-Arab-EG; Saidi and other profiles separate,arz-Arab-EG scaffold ceiling,shared_core_only,,Egypt territory population,SUP-037,supplemental_profile_link_context_only,not_applicable,profile_id_explicit_but_not_rank_approved,false,supplement_context_only,territory_all_residents_ceiling,official_census_territory_population,Egypt residents,,94798827,,persons,2017,SUPSRC-EG-CENSUS-2017,"Final census results, national total",https://www.capmas.gov.eg/Admin/Pages%20Files/201710914947book.pdf,published_exact_census_total,none,context_only,true,true,false,false,ARZ-EG-TERRITORY-2017,ARZ-EG-TERRITORY-2017,,no_internal_alternative_row_registered,,gross_or_context_typed_view_only_not_direct_residual_rank,Large media supply; educational written convention unresolved.,Specify oral/audio/plain-language functions and exact orthography before reach credit.,"Egypt territory is not Egyptian-Arabic reader population; regional varieties remain. Territory population is not an Egyptian Arabic oral-use, MSA literacy, or comfortable-reader count. A locale scaffold ceiling only; no direct reach is assigned to an Egyptian-Arabic written edition."
GLB-033,Levantine Arabic profiles,apc-Arab with SY/LB/JO/PS locale layers,,shared_core_only,,,,no_current_candidate_profile,not_applicable,not_applicable,false,not_applicable,,,,,,,not_applicable,,,,,,,,,,not_applicable,false,,,,not_applicable,,unresolved_no_current_population_join,Formal MSA supply exists; emergency/local oral access varies.,Build country-specific emergency and spoken-to-MSA bridges.,Conflict/displacement and country varieties prevent one additive comfort count.
GLB-034,Iranian Persian,fa-Arab-IR,fa-Arab-IR,ranked_in_typed_view,,Iran territory population,SUP-038,supplemental_profile_link_context_only,not_applicable,profile_id_explicit_but_not_rank_approved,false,supplement_context_only,territory_all_residents_ceiling,official_census_territory_population,Iran residents,,79926270,,persons,2016,SUPSRC-IR-CENSUS-2016,"Selected results: total population 79,926,270; mirror identifies Statistical Centre of Iran",https://irandataportal.syr.edu/wp-content/uploads/Iran_Census_2016_Selected_Results.pdf,mirrored_primary_source_document,none,context_only,true,true,false,false,FA-IR-TERRITORY-2016,FA-IR-TERRITORY-2016,,no_internal_alternative_row_registered,,gross_or_context_typed_view_only_not_direct_residual_rank,National supply substantial; open/advanced accessibility unknown.,Resolve denominator and exact tertiary/professional/frontier residual.,Do not merge Dari and Tajik populations or scripts. Territory includes non-Persian language populations and does not measure Persian literacy or academic comfort; cited URL is a mirror of the official selected-results document. Country ceiling only while an exact Persian-use census measure remains unresolved.
GLB-035,"Turkish, Turkey",tr-Latn-TR,tr-Latn-TR,ranked_in_typed_view,,Türkiye territory population,SUP-021,supplemental_profile_link_context_only,not_applicable,profile_id_explicit_but_not_rank_approved,false,supplement_context_only,territory_all_residents_ceiling,administrative_register_territory_population,Residents of Türkiye,,85664944,,persons,2024-12-31,SUPSRC-TR-TUIK-ABPRS-2024,National resident population as of 31 December 2024,https://veriportali.tuik.gov.tr/en/press/53783,published_exact_administrative_total,none,context_only,true,true,false,false,TR-TUIK-2024,TR-TUIK-2024,,no_internal_alternative_row_registered,,gross_or_context_typed_view_only_not_direct_residual_rank,Strong mainstream supply.,Rank only in territory/proxy view; audit exact open/accessibility/frontier residual.,Territory and language-neutral literacy are not Turkish reader counts. Territory population is not a Turkish reader or academic-comfort count. Strong official-language/territory proxy only.
GLB-036,Standard Kiswahili with country layers,swh-Latn-TZ; swh-Latn-KE; swh-Latn-UG; swc-Latn-CD,swh/swc; locale outputs required,ranked_in_typed_view,,Kiswahili gross global users,SUP-025,supplemental_profile_link_context_only,not_applicable,profile_id_explicit_but_not_rank_approved,false,supplement_context_only,published_or_derived_speaker_estimate,unesco_kiswahili_global_user_estimate,Unspecified L1/L2 global user universe,200000000,,,persons,2025,SUPSRC-UNESCO-SWAHILI-2025,More than 200 million speakers/users,https://www.unesco.org/en/articles/kiswahili-bridge-cultural-diversity-dialogue-and-digital-innovation,published_rounded_lower_bound,none,context_only,true,true,false,false,SWAHILI-GLOBAL-GROSS,SWAHILI-GLOBAL-COUNTRY-NONADDITIVE,SWAHILI-GLOBAL-COUNTRY-NONADDITIVE,never_sum_rows_sharing_overlap_group_id,,gross_or_context_typed_view_only_not_direct_residual_rank,Tanzania primary supply; DRC/Uganda gaps stronger.,DRC early-grade/local variety and Uganda L2 first; later bilingual STEM/TVET/research.,"Global headline is not a deduplicated written-reader count; DRC Congo Swahili is distinct. No synchronized proficiency, literacy, age, or locale definition; includes very different L1/L2 situations. Gross shared-core sensitivity only; do not allocate it to any one country edition."
GLB-036,Standard Kiswahili with country layers,swh-Latn-TZ; swh-Latn-KE; swh-Latn-UG; swc-Latn-CD,swh-Latn-TZ,ranked_in_typed_view,,Tanzania territory population,SUP-022,supplemental_profile_link_context_only,not_applicable,profile_id_explicit_but_not_rank_approved,false,supplement_context_only,territory_all_residents_ceiling,official_census_territory_population,Tanzania residents,,61741120,,persons,2022,SUPSRC-TZ-CENSUS-2022,2022 national census population,https://sensa.nbs.go.tz/dissemination/results,published_exact_census_total,none,context_only,true,true,false,false,SWAHILI-COUNTRY-TERRITORY,SWAHILI-GLOBAL-COUNTRY-NONADDITIVE,SWAHILI-GLOBAL-COUNTRY-NONADDITIVE,never_sum_rows_sharing_overlap_group_id,,gross_or_context_typed_view_only_not_direct_residual_rank,Tanzania primary supply; DRC/Uganda gaps stronger.,DRC early-grade/local variety and Uganda L2 first; later bilingual STEM/TVET/research.,"Global headline is not a deduplicated written-reader count; DRC Congo Swahili is distinct. Territory does not equal comfortable Standard Kiswahili readership. Country ceiling; keep separate from Kenya, Uganda, DRC, and global users."
GLB-036,Standard Kiswahili with country layers,swh-Latn-TZ; swh-Latn-KE; swh-Latn-UG; swc-Latn-CD,swh-Latn-KE,ranked_in_typed_view,,Kenya territory population,SUP-023,supplemental_profile_link_context_only,not_applicable,profile_id_explicit_but_not_rank_approved,false,supplement_context_only,territory_all_residents_ceiling,official_census_territory_population,Kenya residents,,47564296,,persons,2019,SUPSRC-KE-CENSUS-2019,2019 national census population,https://www.knbs.or.ke/2019-kenya-population-and-housing-census-results/,published_exact_census_total,none,context_only,true,true,false,false,SWAHILI-COUNTRY-TERRITORY,SWAHILI-GLOBAL-COUNTRY-NONADDITIVE,SWAHILI-GLOBAL-COUNTRY-NONADDITIVE,never_sum_rows_sharing_overlap_group_id,,gross_or_context_typed_view_only_not_direct_residual_rank,Tanzania primary supply; DRC/Uganda gaps stronger.,DRC early-grade/local variety and Uganda L2 first; later bilingual STEM/TVET/research.,Global headline is not a deduplicated written-reader count; DRC Congo Swahili is distinct. Territory does not equal comfortable Standard Kiswahili readership. Country ceiling; not additive to the UNESCO global gross count.
GLB-036,Standard Kiswahili with country layers,swh-Latn-TZ; swh-Latn-KE; swh-Latn-UG; swc-Latn-CD,swh-Latn-UG,ranked_in_typed_view,,Uganda territory population,SUP-024,supplemental_profile_link_context_only,not_applicable,profile_id_explicit_but_not_rank_approved,false,supplement_context_only,territory_all_residents_ceiling,official_census_territory_population,Uganda residents,,45905417,,persons,2024,SUPSRC-UG-CENSUS-2024,2024 national census population,https://statistics.ubos.org/nphc/index,published_exact_census_total,none,context_only,true,true,false,false,SWAHILI-COUNTRY-TERRITORY,SWAHILI-GLOBAL-COUNTRY-NONADDITIVE,SWAHILI-GLOBAL-COUNTRY-NONADDITIVE,never_sum_rows_sharing_overlap_group_id,,gross_or_context_typed_view_only_not_direct_residual_rank,Tanzania primary supply; DRC/Uganda gaps stronger.,DRC early-grade/local variety and Uganda L2 first; later bilingual STEM/TVET/research.,Global headline is not a deduplicated written-reader count; DRC Congo Swahili is distinct. Kiswahili is being expanded largely as an L2; territory is not current functional reach. Country ceiling; not additive to the UNESCO global gross count.
GLB-036,Standard Kiswahili with country layers,swh-Latn-TZ; swh-Latn-KE; swh-Latn-UG; swc-Latn-CD,,ranked_in_typed_view,NAT-063,Tanzanian Swahili,,candidate_without_machine_strong_population_suggestion,none,unresolved,false,unresolved,,,,,,,not_applicable,,,,,,,,,,not_applicable,false,,,,not_applicable,,unresolved_population_join,Tanzania primary supply; DRC/Uganda gaps stronger.,DRC early-grade/local variety and Uganda L2 first; later bilingual STEM/TVET/research.,Global headline is not a deduplicated written-reader count; DRC Congo Swahili is distinct.
GLB-036,Standard Kiswahili with country layers,swh-Latn-TZ; swh-Latn-KE; swh-Latn-UG; swc-Latn-CD,,ranked_in_typed_view,NAT-064,Kenyan Swahili,,candidate_without_machine_strong_population_suggestion,none,unresolved,false,unresolved,,,,,,,not_applicable,,,,,,,,,,not_applicable,false,,,,not_applicable,,unresolved_population_join,Tanzania primary supply; DRC/Uganda gaps stronger.,DRC early-grade/local variety and Uganda L2 first; later bilingual STEM/TVET/research.,Global headline is not a deduplicated written-reader count; DRC Congo Swahili is distinct.
GLB-037,Hausa Boko country outputs,ha-Latn-NG; ha-Latn-NE,ha-Latn-NG; ha-Latn-NE,unresolved_no_comparable_count,,Hausa L1 estimate,SUP-026,supplemental_profile_link_context_only,not_applicable,profile_id_explicit_but_not_rank_approved,false,supplement_context_only,published_or_derived_speaker_estimate,literature_estimated_first_language_speakers,Unspecified global L1 universe,,58000000,,persons,2022,SUPSRC-NEWMAN-HAUSA-2022,Introductory speaker estimate near 60 million L1,https://assets.cambridge.org/97810091/24300/excerpt/9781009124300_excerpt.pdf,published_rounded_literature_estimate,none,context_only,true,true,false,false,HAUSA-GLOBAL-ESTIMATES,HAUSA-GLOBAL-ESTIMATES-ALTERNATIVES,HAUSA-GLOBAL-ESTIMATES-ALTERNATIVES,never_sum_rows_sharing_overlap_group_id,,gross_or_context_typed_view_only_not_direct_residual_rank,Early readers exist; advanced STEM/TVET/professional supply thinner.,"Resolve denominator; foundational/functional boko, country bridges, optional Ajami/audio.","60M and 94M source universes differ; optional Ajami has separate unknown readership. Rounded literature estimate; does not define literacy, script, or country locale. Alternative to total-user SUP-027; never add them."
GLB-037,Hausa Boko country outputs,ha-Latn-NG; ha-Latn-NE,ha-Latn-NG; ha-Latn-NE,unresolved_no_comparable_count,,Hausa total-user estimate,SUP-027,supplemental_profile_link_context_only,not_applicable,profile_id_explicit_but_not_rank_approved,false,supplement_context_only,published_or_derived_speaker_estimate,literature_estimated_l1_l2_users,Unspecified global L1/L2 universe,,94000000,,persons,2022,SUPSRC-WORLDBANK-HAUSA-2022,Broad Hausa user universe reported in cross-border synthesis,https://documents1.worldbank.org/curated/en/099150306212220991/pdf/P176149083852a0500af9a09c2327c00d37.pdf,published_rounded_literature_estimate,none,context_only,true,true,false,false,HAUSA-GLOBAL-ESTIMATES,HAUSA-GLOBAL-ESTIMATES-ALTERNATIVES,HAUSA-GLOBAL-ESTIMATES-ALTERNATIVES,never_sum_rows_sharing_overlap_group_id,,gross_or_context_typed_view_only_not_direct_residual_rank,Early readers exist; advanced STEM/TVET/professional supply thinner.,"Resolve denominator; foundational/functional boko, country bridges, optional Ajami/audio.",60M and 94M source universes differ; optional Ajami has separate unknown readership. Rounded heterogeneous estimate; written boko/Ajami proficiency and locale not established. Alternative to L1 SUP-026; never add them.
GLB-037,Hausa Boko country outputs,ha-Latn-NG; ha-Latn-NE,,unresolved_no_comparable_count,NAT-069,Hausa,,candidate_without_machine_strong_population_suggestion,none,unresolved,false,unresolved,,,,,,,not_applicable,,,,,,,,,,not_applicable,false,,,,not_applicable,,unresolved_population_join,Early readers exist; advanced STEM/TVET/professional supply thinner.,"Resolve denominator; foundational/functional boko, country bridges, optional Ajami/audio.",60M and 94M source universes differ; optional Ajami has separate unknown readership.
GLB-038,Nigerian Pidgin / Naijá,pcm-Latn-NG,pcm-Latn-NG,unresolved_no_comparable_count,,Nigerian Pidgin oral-use estimate,SUP-028,supplemental_profile_link_context_only,not_applicable,profile_id_explicit_but_not_rank_approved,false,supplement_context_only,published_or_derived_speaker_estimate,literature_estimated_oral_users,Nigeria oral L1/L2 user universe,80000000,,112000000,persons,2024,SUPSRC-YAKPO-PCM-2024,Published range 80–112 million oral users,https://journals.sagepub.com/doi/10.1177/00020397241263364,published_literature_interval,published interval only; no point estimate,context_only,true,true,false,false,PCM-NG-ORAL-2024,PCM-NG-ORAL-2024,,no_internal_alternative_row_registered,,gross_or_context_typed_view_only_not_direct_residual_rank,Strong oral reach; educational written uptake uncertain.,Audio/basic-phone practical modules first; measure orthography uptake before text rank.,Nigeria territory and oral users do not establish standardized written readership. Oral use does not establish written orthography uptake or educational reading. Audio-first sensitivity; written reader reach stays unresolved.
GLB-038,Nigerian Pidgin / Naijá,pcm-Latn-NG,,unresolved_no_comparable_count,NAT-072,Nigerian Pidgin,,candidate_without_machine_strong_population_suggestion,none,unresolved,false,unresolved,,,,,,,not_applicable,,,,,,,,,,not_applicable,false,,,,not_applicable,,unresolved_population_join,Strong oral reach; educational written uptake uncertain.,Audio/basic-phone practical modules first; measure orthography uptake before text rank.,Nigeria territory and oral users do not establish standardized written readership.
GLB-039,Bahasa Indonesia,id-Latn-ID,,forward_residual_audit,CMP-ID-ID,Indonesian Open Logic complete baseline,,candidate_without_machine_strong_population_suggestion,none,unresolved,false,unresolved,,,,,,,not_applicable,,,,,,,,,,not_applicable,false,,,,not_applicable,,unresolved_population_join,Open Logic 722/722 and broad 40-course program; remaining roles/access/professional needs exact.,No duplicate logic/basic math; finish exact program roles then evidence-to-practice/research core.,Oral ability is not written academic comfort; overlaps Javanese and other home languages.
GLB-039,Bahasa Indonesia,id-Latn-ID,Latin,forward_residual_audit,NAT-121,Bahasa Indonesia,POP-ID-018,machine_strong_join_suggestion_pending_semantic_audit,strong_join_suggestion,not_audited_machine_suggestion,false,exact_named_functional_language_population_ceiling_for_id_Latn_ID,functional_language_ability_or_estimate,official_long_form_census_able_to_speak_indonesian_persons_age5plus,population_age_5_plus,,248501794,,persons,2022,PM-S021,"TOTAL row; 248,501,794 able to speak Indonesian of 253,679,348 persons aged 5+",,source_observation_transcribed_exactly,,context_only_pending_semantic_join_audit,true,true,false,false,,,,no_cross_row_nonadditivity_group_recorded,,gross_or_context_typed_view_only_not_direct_residual_rank,Open Logic 722/722 and broad 40-course program; remaining roles/access/professional needs exact.,No duplicate logic/basic math; finish exact program roles then evidence-to-practice/research core.,"Oral ability is not written academic comfort; overlaps Javanese and other home languages. The BPS definition establishes oral functional Indonesian only. It does not establish literacy, academic reading comfort, educational deprivation, or unique readership. Low and high source bounds are unreported, so the model uses the published point as base/high and zero as the evidence-bounded low sensitivity."
GLB-040,Javanese,jv-Latn-ID,Latin,ranked_in_typed_view,NAT-038,Javanese,POP-ID-001,machine_strong_join_suggestion_pending_semantic_audit,strong_join_suggestion,not_audited_machine_suggestion,false,source_named_language_observation,home_or_usual_language_use,daily_language_at_home_age5plus_persons,large_regional_home_language,68044660,68044660,68044660,persons,2010,PM-S005,"Table L4.1, printed p. 47",,source_observation_transcribed_exactly,,context_only_pending_semantic_join_audit,true,true,false,false,,,,no_cross_row_nonadditivity_group_recorded,,gross_or_context_typed_view_only_not_direct_residual_rank,Advanced Indonesian bridge supply exists; Javanese scientific supply limited.,Bilingual/audio terminology transfer before duplicating the full advanced corpus.,Explicit subset/overlap edge with Indonesian is mandatory. Register and dialect choice remain relevant.
GLB-041,Vietnamese,vi-Latn-VN,vi-Latn-VN,ranked_in_typed_view,NAT-028,Vietnamese,ASSEC-VN-VI-001,machine_strong_join_suggestion_pending_semantic_audit,strong_join_suggestion,not_audited_machine_suggestion,false,exact_named_language_and_country_match_to_NAT-028; source does not establish orthography,published_or_derived_speaker_estimate,peer_reviewed_published_lower_bound_speakers,Vietnam_total_Vietnamese_speakers_L1_L2_unspecified,89000000,89000000,,persons,2016 publication; population estimate vintage not stated,ASSEC-S007,PubMed XML PMID 27172848; Abstract/AbstractText[@Label='PURPOSE']; first sentence; DOI 10.3109/17549507.2015.1101162,,source_observation_transcribed_exactly,,context_only_pending_semantic_join_audit,true,true,false,false,ASSEC-VN-VI-SPEAKERS,ASSEC-VN-VI-SPEAKERS,ASSEC-VN-VI-SPEAKERS,never_sum_rows_sharing_overlap_group_id,,gross_or_context_typed_view_only_not_direct_residual_rank,National digital supply exists but is fragmented.,"Coherent TVET-university data, green industry, health, MSME and research-method packages.","Territory and language reach are distinct; minority-language early grades remain separate. The peer-reviewed abstract says over 89 million people in Vietnam. 89000000 is encoded as the reported rounded threshold, not an exact point count; the true high bound and L1/L2 split are unstated."
GLB-042,Thai,th-Thai-TH,Thai,ranked_in_typed_view,NAT-029,Thai,TH-2010-003,machine_strong_join_suggestion_pending_semantic_audit,strong_join_suggestion,not_audited_machine_suggestion,false,derived_exact_thai_usable_union,derived_union_of_census_language_strata,derived_union_of_mutually_exclusive_census_strata_persons,usual_home_language_population,64080191,64080191,64080191,persons,2010-09-01,TH-S001,"Derived from Table 7, PDF p. 98: 59,866,190 only Thai + 4,214,001 Thai and other languages",,source_observation_transcribed_exactly,,context_only_pending_semantic_join_audit,true,true,false,false,THAI-UNION,THAI-UNION,THAI-UNION,never_sum_rows_sharing_overlap_group_id,,gross_or_context_typed_view_only_not_direct_residual_rank,National supply substantial; open/self-study residual unquantified.,Audit exact secondary/TVET/tertiary/open/accessibility gaps.,"Derived union assumptions and minority-language overlap must remain visible. Use this union for a Thai edition; never add TH-2010-001 or TH-2010-002. Exact arithmetic union of two published mutually exclusive categories, not a mother-tongue count or present-day projection."
GLB-043,"Japanese, Japan",ja-Jpan-JP,Jpan,forward_residual_audit,NAT-123,Japanese,POP-JP-001,machine_strong_join_suggestion_pending_semantic_audit,strong_join_suggestion,not_audited_machine_suggestion,false,territory_ceiling_with_ja_Jpan_JP_profile_mapping,territory_all_residents_ceiling,official_census_territory_population_gross_ceiling,national written-standard potential population,126146099,126146099,126146099,persons,2020-10-01,PM-S023,"Basic Complete Tabulation, Table 1, 2020 exact population 126,146,099",,source_observation_transcribed_exactly,,context_only_pending_semantic_join_audit,true,true,false,false,JP-2020-TOTAL,JP-2020-TOTAL,JP-2020-TOTAL,never_sum_rows_sharing_overlap_group_id,,gross_or_context_typed_view_only_not_direct_residual_rank,Strong school and research supply; open/accessibility/nonattendance/frontier gaps remain.,"Accessible grades 5-9 bridge, research methods, then exact advanced algebraic-geometry gaps.","Territory is not Japanese-language or underserved-reader count. Japan's census total includes residents regardless of language and is not a Japanese comfortable-reader or underserved-person count. Strong compulsory-school and advanced supply reduces forward duplication but does not establish open-license, accessibility, postgraduate, or research-frontier completeness."
GLB-044,"Korean, Republic of Korea",ko-Kore-KR,ko-Kore-KR,forward_residual_audit,,Republic of Korea territory population,SUP-029,supplemental_profile_link_context_only,not_applicable,profile_id_explicit_but_not_rank_approved,false,supplement_context_only,territory_all_residents_ceiling,official_census_territory_population,Republic of Korea census population,,51829136,,persons,2020,SUPSRC-KR-CENSUS-2020,National total population,https://sri.kostat.go.kr/boardDownload.es?bid=203&list_no=391020&seq=17,published_exact_census_total,none,context_only,true,true,false,false,KO-KR-2020,KO-KR-2020,,no_internal_alternative_row_registered,,gross_or_context_typed_view_only_not_direct_residual_rank,Strong digital course supply with portability/accessibility gaps.,Offline life-capability and research reproducibility packages; exact advanced residual audit.,Territory is not a Korean reader count and excludes DPRK conditions. Territory includes non-Korean home-language populations and does not measure literacy or academic comfort. ROK only; no inference about DPRK.
GLB-045,"Korean, DPRK",ko-Kore-KP,,unresolved_no_comparable_count,,,,no_current_candidate_profile,not_applicable,not_applicable,false,not_applicable,,,,,,,not_applicable,,,,,,,,,,not_applicable,false,,,,not_applicable,,unresolved_no_current_population_join,Unresolved.,Obtain authoritative current supply/connectivity/access evidence before ranking.,Do not infer DPRK access from ROK platforms or combine populations silently.
GLB-046,"Filipino, Philippines",fil-Latn-PH,fil-Latn-PH,unresolved_no_comparable_count,,Philippines territory population,SUP-030,supplemental_profile_link_context_only,not_applicable,profile_id_explicit_but_not_rank_approved,false,supplement_context_only,territory_all_residents_ceiling,official_census_territory_population,Philippines residents,,109035343,,persons,2020-05-01,SUPSRC-PH-CENSUS-2020,Official national population count,https://psa.gov.ph/content/2020-census-population-and-housing-2020-cph-population-counts-declared-official-president,published_exact_census_total,none,context_only,true,true,false,false,FIL-PH-2020,FIL-PH-2020,,no_internal_alternative_row_registered,,gross_or_context_typed_view_only_not_direct_residual_rank,DepEd/TESDA/UPOU/STARBOOKS exist; home Internet gaps large.,Resolve functional denominator; Filipino-English STEM-Kabuhayan with replaceable home-language tracks.,"Filipino is not every learner's L1 and Tagalog household counts are not national competence. Territory is not Filipino L1, functional literacy, or comfortable-reader reach; Filipino is not every learner's home language. Use only as a ceiling while functional Filipino reach remains unresolved."
GLB-046,"Filipino, Philippines",fil-Latn-PH,,unresolved_no_comparable_count,NAT-033,Filipino,,candidate_without_machine_strong_population_suggestion,none,unresolved,false,unresolved,,,,,,,not_applicable,,,,,,,,,,not_applicable,false,,,,not_applicable,,unresolved_population_join,DepEd/TESDA/UPOU/STARBOOKS exist; home Internet gaps large.,Resolve functional denominator; Filipino-English STEM-Kabuhayan with replaceable home-language tracks.,Filipino is not every learner's L1 and Tagalog household counts are not national competence.
GLB-047,Burmese,my-Mymr-MM,my-Mymr-MM,ranked_in_typed_view,NAT-030,Burmese,ASSEC-MM-MY-001,machine_strong_join_suggestion_pending_semantic_audit,strong_join_suggestion,not_audited_machine_suggestion,false,exact_national_language_and_territory_core_of_NAT-030; displaced cohorts excluded,functional_language_ability_or_estimate,derived_cldr_territory_functional_language_users,functional_literate_language_users_L1_or_later_language,,36817344,,persons,2026-03-17 CLDR release; component estimate year not stated,ASSEC-S006,cldr_target_derivations.md row my-Mymr-MM; supplementalData.xml XPath /supplementalData/territoryInfo/territory[@type='MM'] and languagePopulation[@type='my'],,source_observation_not_exactly_transcribed,,context_only_pending_semantic_join_audit,false,true,false,false,ASSEC-MM-MY-FUNCTIONAL,ASSEC-MM-MY-FUNCTIONAL,ASSEC-MM-MY-FUNCTIONAL,never_sum_rows_sharing_overlap_group_id,,gross_or_context_typed_view_only_not_direct_residual_rank,Supply disrupted and uneven.,Emergency/offline foundational and transition packages with exact minority-language overlays.,"Territory includes non-Burmese L1 communities. Derived from territory population 57527100 times 64 percent. No percentage rounding rule or interval is published. Master ALG-MM-L006 is a sample-case category labelled Myanmar, not a population estimate. This row excludes displaced cohorts in NAT-030."
GLB-048,Amharic,am-Ethi-ET,am-Ethi-ET,ranked_in_typed_view,,Amharic language-of-instruction reach estimate,SUP-032,supplemental_profile_link_context_only,not_applicable,profile_id_explicit_but_not_rank_approved,false,supplement_context_only,education_cohort,published_language_of_instruction_population_estimate,Broad school language-of-instruction population,,56900000,,persons,2018 estimate,SUPSRC-UNICEF-AMHARIC-LOI,Amharic broad language-of-instruction estimate,https://www.unicef.org/flnhub/fr/media/1866/file/Module-4-Language-of-instruction-PPT-%28English%29.pdf.pdf,published_rounded_program_estimate,none,context_only,true,true,false,false,AMH-ET-LOI,AMH-ET-L1-LOI-NONADDITIVE,AMH-ET-L1-LOI-NONADDITIVE,never_sum_rows_sharing_overlap_group_id,,gross_or_context_typed_view_only_not_direct_residual_rank,Primary/official supply exists; tertiary/professional discontinuity.,"Secondary-tertiary STEM, professional/research bridge and offline delivery.","Broad estimate is not an exact written-reader count. Not L1, not a census, and not measured comfortable readership. Alternative educational-reach sensitivity to master observation POP-ET-002; never add them."
GLB-048,Amharic,am-Ethi-ET,Ethiopic,ranked_in_typed_view,NAT-065,Amharic,POP-ET-002,machine_strong_join_suggestion_pending_semantic_audit,strong_join_suggestion,not_audited_machine_suggestion,false,source_named_language_observation,mother_tongue_or_first_language,census_mother_tongue_persons,large_national_mother_tongue,21634396,21634396,21634396,persons,2007,PM-S020,"Table 3.2, printed pp. 91-93",,source_observation_transcribed_exactly,,context_only_pending_semantic_join_audit,true,true,false,false,,AMH-ET-L1-LOI-NONADDITIVE,AMH-ET-L1-LOI-NONADDITIVE,never_sum_rows_sharing_overlap_group_id,,gross_or_context_typed_view_only_not_direct_residual_rank,Primary/official supply exists; tertiary/professional discontinuity.,"Secondary-tertiary STEM, professional/research bridge and offline delivery.",Broad estimate is not an exact written-reader count. Old census observation; not projected to the present.
GLB-049,Oromo exact variety profiles,gaz/hae/gax/orc; locale outputs unresolved,gaz/hae/gax/orc unresolved,unresolved_no_comparable_count,,Oromia territory projection,SUP-034,supplemental_profile_link_context_only,not_applicable,profile_id_explicit_but_not_rank_approved,false,supplement_context_only,territory_all_residents_ceiling,official_regional_population_projection,Residents of Oromia region,,42689000,,persons,2025 projection,SUPSRC-ET-POPULATION-PROJECTION-2025,Oromia regional projection,https://ess.gov.et/wp-content/uploads/2026/04/projected_population-2025-g.c.pdf,published_rounded_official_projection,none,context_only,true,true,false,false,OROMO-ET-REGION,OROMO-ET-L1-REGION-NONADDITIVE,OROMO-ET-L1-REGION-NONADDITIVE,never_sum_rows_sharing_overlap_group_id,,gross_or_context_typed_view_only_not_direct_residual_rank,Supply varies by variety and region.,Resolve exact profiles and secondary/agriculture/health need.,Oromia territory and Oromo macrolanguage are not one edition population. Region is multilingual; projection is not an Oromo-language or reader count. Alternative ceiling to master observation POP-ET-001; never add them.
GLB-049,Oromo exact variety profiles,gaz/hae/gax/orc; locale outputs unresolved,Latin,unresolved_no_comparable_count,NAT-066,Oromo,POP-ET-001,machine_strong_join_suggestion_pending_semantic_audit,strong_join_suggestion,not_audited_machine_suggestion,false,source_observation_not_candidate_ready,mother_tongue_or_first_language,census_mother_tongue_persons,large_national_mother_tongue,24930424,24930424,24930424,persons,2007,PM-S020,"Table 3.2, printed pp. 91-93",,source_observation_transcribed_exactly,,context_only_pending_semantic_join_audit,true,true,false,false,,OROMO-ET-L1-REGION-NONADDITIVE,OROMO-ET-L1-REGION-NONADDITIVE,never_sum_rows_sharing_overlap_group_id,,gross_or_context_typed_view_only_not_direct_residual_rank,Supply varies by variety and region.,Resolve exact profiles and secondary/agriculture/health need.,Oromia territory and Oromo macrolanguage are not one edition population. Old census observation; not projected to the present.
GLB-050,Standard Yoruba,yo-Latn-NG,,unresolved_no_comparable_count,NAT-070,Yoruba,,candidate_without_machine_strong_population_suggestion,none,unresolved,false,unresolved,,,,,,,not_applicable,,,,,,,,,,not_applicable,false,,,,not_applicable,,unresolved_population_join,School/cultural supply exists; advanced practical supply thin.,"Resolve population/literacy join; STEM, health, finance and agriculture sequence.",Nigeria territory and unjoined literacy percentages cannot be multiplied without matching strata.
GLB-051,Standard Igbo,ig-Latn-NG,,unresolved_no_comparable_count,NAT-071,Igbo,,candidate_without_machine_strong_population_suggestion,none,unresolved,false,unresolved,,,,,,,not_applicable,,,,,,,,,,not_applicable,false,,,,not_applicable,,unresolved_population_join,Supply inventory incomplete.,Resolve standard/profile and exact foundational-to-tertiary residual.,Continuum and standardized literacy require evidence.
GLB-052,"Bhojpuri, India",bho-Deva-IN,Devanagari,ranked_in_typed_view,NAT-125,Bhojpuri,POP-IN-023,machine_strong_join_suggestion_pending_semantic_audit,strong_join_suggestion,not_audited_machine_suggestion,false,source_named_language_observation_nested_in_parent,mother_tongue_or_first_language,census_mother_tongue_persons,regional_language_population,50579447,50579447,50579447,persons,2011,PM-S001,"Statement 1, printed p. 6",,source_observation_transcribed_exactly,,context_only_pending_semantic_join_audit,true,true,false,false,HIER-POP-IN-006,HIER-POP-IN-006,HIER-POP-IN-006,never_sum_rows_sharing_overlap_group_id,,gross_or_context_typed_view_only_not_direct_residual_rank,Official evidence shows Hindi-medium schooling and some Bhojpuri subject provision; no continuous open Bhojpuri-medium mathematics/STEM sequence has yet been evidenced.,"Declare a versioned Devanagari editorial register, inventory exact current supply, and commission the missing teacher-independent phone/offline foundational-numeracy-through-algebra sequence with Bhojpuri-to-Hindi bridge terms; keep Nepal and Mauritius outputs separate.","The 50,579,447 count is a 2011 India mother-tongue return nested within the 528,347,193 Census Hindi umbrella; it is not a current, all-variety, literacy, academic-comfort, India-plus-Nepal, or diaspora count. Devanagari is a production default, not proof of one transregional standard. Exact named Bhojpuri child of the printed Hindi umbrella; never sum with POP-IN-006. Exact named C-16 mother-tongue row; parent-child nonadditivity remains mandatory."
GLB-053,"Putonghua, Mainland spoken standard",cmn-Hans-CN for aligned text/audio; cmn-CN for speech-only metadata,cmn-Hans-CN,forward_residual_audit,,"Putonghua functional-communication sensitivity, Mainland China",SUP-040,supplemental_profile_link_context_only,not_applicable,profile_id_explicit_but_not_rank_approved,false,supplement_context_only,functional_language_ability_or_estimate,derived_official_putonghua_prevalence_times_official_census_population,Mainland residents under a cross-source communication-prevalence sensitivity,1139517198,1139587786,1139658374,persons,2020 census and 2020 survey,SUPSRC-CN-MOE-PUTONGHUA-NBS-2020,"MOE: Putonghua prevalence 80.72% from a national sample covering 31 provincial jurisdictions, XPCC and 245 counties; NBS census denominator 1,411,778,724",https://www.moe.gov.cn/fbh/live/2021/53486/twwd/202106/t20210602_535078.html,derived_cross_source_from_official_rounded_percentage_and_census_population,"round(1,411,778,724 × 80.72%); bounds use 80.715%–80.725%",typed_functional_use_view,false,true,false,false,ZH-CN-PUTONGHUA-2020,ZH-CN-WRITTEN-SPOKEN-NONADDITIVE,ZH-CN-WRITTEN-SPOKEN-NONADDITIVE,never_sum_rows_sharing_overlap_group_id,,gross_or_context_typed_view_only_not_direct_residual_rank,"Large broadcast and platform supply exists; no-account open/offline mathematical audio, transcript and speech-access coverage remains an exact format audit.","Register spoken/audio outputs separately, preserve text/audio alignment, and award no direct written-reader or Sinitic-variety reach from this profile.","The 1,139,587,786 sensitivity is 80.72% of the mainland census denominator, not an official speaker count, L1 count, home-language count, literacy measure or academic-comfort count. It is wholly nonadditive with zh-Hans-CN and all Sinitic profiles. Bounds reflect only rounding of 80.72% to two decimal places. Survey and census universes differ; no sampling interval is supplied here. Spoken-standard modality sensitivity only; never add to written Chinese or Sinitic language profiles and never treat as a direct speaker or academic-comfort count."
GLB-053,"Putonghua, Mainland spoken standard",cmn-Hans-CN for aligned text/audio; cmn-CN for speech-only metadata,Hans,forward_residual_audit,NAT-122,Mainland Simplified Chinese,POP-CN-001,machine_strong_join_suggestion_pending_semantic_audit,strong_join_suggestion,not_audited_machine_suggestion,false,territory_ceiling_with_independent_zh_Hans_CN_written_standard_mapping,territory_all_residents_ceiling,official_census_mainland_population_gross_territory_ceiling,national written-standard potential population,1411778724,1411778724,1411778724,persons,2020-11-01,PM-S022,"Section I Total Population; mainland row 1,411,778,724; note 6",,source_observation_transcribed_exactly,,context_only_pending_semantic_join_audit,true,true,false,false,CN-MAINLAND-2020-TOTAL,CN-MAINLAND-2020-TOTAL,CN-MAINLAND-2020-TOTAL,never_sum_rows_sharing_overlap_group_id,,gross_or_context_typed_view_only_not_direct_residual_rank,"Large broadcast and platform supply exists; no-account open/offline mathematical audio, transcript and speech-access coverage remains an exact format audit.","Register spoken/audio outputs separately, preserve text/audio alignment, and award no direct written-reader or Sinitic-variety reach from this profile.","The 1,139,587,786 sensitivity is 80.72% of the mainland census denominator, not an official speaker count, L1 count, home-language count, literacy measure or academic-comfort count. It is wholly nonadditive with zh-Hans-CN and all Sinitic profiles. Total mainland population is not an exact zh-Hans-CN comfort count. MOE reports Putonghua prevalence 80.72% and standardized-character use above 95% among literate people, with substantial regional disparity. Downstream practical-access and academic-nonoverlap sensitivities remain mandatory."
GLB-054,Malaysian Malay,ms-Latn-MY,ms-Latn-MY,forward_residual_audit,,Malaysia territory ceiling for Malaysian Malay output,SUP-041,supplemental_profile_link_context_only,not_applicable,profile_id_explicit_but_not_rank_approved,false,supplement_context_only,territory_all_residents_ceiling,official_census_territory_population_rounded,Malaysia residents,32350000,32400000,32449999,persons,2020,SUPSRC-MY-DOSM-PHC-2020,Key findings release: total population 32.4 million; citizens 29.8 million; Bumiputera 20.6 million,https://www.dosm.gov.my/portal-main/release-content/launching-of-report-on-the-key-findings-population-and-housing-census-of-malaysia-2020-,published_rounded_territory_total,32.4 million rounded to one decimal million; displayed-rounding sensitivity only,typed_territory_context_view,false,true,false,false,MS-MY-TERRITORY-2020,MS-MY-TERRITORY-2020,,no_internal_alternative_row_registered,,gross_or_context_typed_view_only_not_direct_residual_rank,Malay-medium supply exists; the exact open/offline/teacher-independent advanced-mathematics and accessibility residual is not yet inventoried.,"Reuse the completed Indonesian semantic and terminology assets, but produce and audit an explicit ms-Latn-MY locale output; keep Brunei Rumi/Jawi derivatives separate.","The rounded 32.4M Malaysia territory population and 20.6M Bumiputera count are not Malay-reader counts. Indonesian contributes zero direct Malaysian demographic reach without directed evidence. Rounded territory total only. It is not a Malay-language, literacy, academic-comfort, ethnicity or newly served count. Context ceiling for a separately named ms-Latn-MY output; Indonesian receives zero direct Malaysian reach absent directed evidence."
GLB-054,Malaysian Malay,ms-Latn-MY,,forward_residual_audit,NAT-040,Malaysian Malay,,candidate_without_machine_strong_population_suggestion,none,unresolved,false,unresolved,,,,,,,not_applicable,,,,,,,,,,not_applicable,false,,,,not_applicable,,unresolved_population_join,Malay-medium supply exists; the exact open/offline/teacher-independent advanced-mathematics and accessibility residual is not yet inventoried.,"Reuse the completed Indonesian semantic and terminology assets, but produce and audit an explicit ms-Latn-MY locale output; keep Brunei Rumi/Jawi derivatives separate.",The rounded 32.4M Malaysia territory population and 20.6M Bumiputera count are not Malay-reader counts. Indonesian contributes zero direct Malaysian demographic reach without directed evidence.
